{
    "wavfile": "wavfiles/SK3bSK3a_Restrainer_Experiment_Divided_d6_s1_05142025_nontether/Dodotronic Track.wav",
    "name": "SK3bSK3a_Restrainer_Experiment_Divided_d6_s1_05142025_nontether",
    "fs": 384000,
    "duration": 1865.0468333333333,
    "freq_range": [
        20000,
        30000
    ],
    "window_size": 30,
    "chunk_duration": 10,
    "frame_duration": 10,
    "on_std_multiplier": 1,
    "off_std_multiplier": 0.5,
    "amp_std_multiplier": 1.5,
    "onset_params": {
        "on_avg": 0.003003095044661784,
        "on_std": 15.175107707776688,
        "on_thresh": 15.17811080282135
    },
    "offset_params": {
        "off_avg": 40.732706562600306,
        "off_std": 42.522840967988365,
        "off_thresh": 61.994127046594485
    },
    "amp_thresh": 104.51696801458286,
    "has_markers": true,
    "params_source": "25kHz_with_trial_starts",
    "trial_starts_file": "wavfiles/SK3bSK3a_Restrainer_Experiment_Divided_d6_s1_05142025_nontether/SK3bSK3a_Restrainer_Experiment_Divided_d6_s1_05142025_nontether_SK.csv",
    "trial_starts": [
        88.9946,
        452.15139999999997,
        825.2924,
        1193.8193999999999,
        1588.8393999999998
    ],
    "trial_duration": 240,
    "lever_press": [
        135.6784,
        916.7774000000001,
        1593.4894
    ],
    "beep_offset": 4.740600000000001,
    "twentyfive": true,
    "call_duration": [
        0.008,
        0.15
    ],
    "neighbor_distance": 0.2
}