start,stop,label,duration,trial_num,open_latency,before_open,trial_start,lever_press,prox_to_trial_start,prox_to_lever_press,rms,zcr,centroid,bandwidth,flatness,rolloff,f0,contrast1,contrast2,contrast3,contrast4,contrast5,contrast6,contrast7
0.434,0.473,USV_1,0.03899999999999998,,,None,,,,,0.008996523916721344,0.023595473345588234,14698.096990913222,16859.911045687848,0.0005665394405649587,31136.029411764706,17450.91355546323,2.4561113755845376,3.4636745608761297,6.649794856329528,18.39191279870866,10.646240684454982,14.841235066586918,53.562209678289726
1.271,1.36,USV_2,0.08900000000000019,,,None,,,,,0.012132357805967331,0.04970974392361111,16784.2913446137,14460.833415213665,0.00012986411985121035,29252.604166666668,18620.25970125278,3.6867750161086974,5.531163634433843,6.098517009059964,17.797914016843475,11.779764585156894,16.494038527185964,62.492521099555496
1.753,1.851,USV_3,0.09800000000000009,,,None,,,,,0.011941110715270042,0.04007036258012821,15401.342806420502,13641.300141725722,4.553106985287583e-05,28149.03846153846,21477.394519025216,1.816035934709877,6.952566658425788,4.603967498357886,15.761620150490788,11.523458365832761,17.314321172649745,61.99182454310733
2.791,2.887,USV_4,0.09600000000000009,,,None,,,,,0.009749375283718109,0.05470034950657895,16329.959096050288,13710.664659533291,0.0001523737415510732,29328.947368421053,16041.732276601108,2.705329430384003,4.136504853443062,6.147181577831073,15.08279804344301,11.977835465738188,15.97598028243645,61.96490092000833
5.052,5.14,USV_5,0.08800000000000008,,,None,,,,,0.009351181797683239,0.05140206473214286,16212.444192383815,13762.737718711533,8.242173377542835e-05,29282.14285714286,21692.689150065537,2.223369062392185,3.673872069274587,6.31393134352364,17.75986599222793,10.86205397201172,16.659162624221928,63.460764241966494
5.199,5.259,USV_6,0.0600000000000005,,,None,,,,,0.009479571133852005,0.01765625,14236.419667207032,15299.645386288483,0.00013210903615031534,29752.5,21643.227156842226,1.943819845109146,4.877159188899842,5.674157983928844,16.770783412679048,12.400497946728306,16.322236452919086,57.902448475509
7.004,7.0809999999999995,USV_7,0.07699999999999996,,,None,,,,,0.01052283775061369,0.05640435987903226,16614.6592646944,13154.219448700134,3.005712056185067e-05,28478.83064516129,17165.762398127805,2.6489002970357327,4.0723983680606475,5.6560030795319856,16.232822435519466,11.95549490070727,17.274136447774104,62.98194033243424
7.254,7.313000000000001,USV_8,0.05900000000000105,,,None,,,,,0.009707864373922348,0.02265625,14342.107489582173,15448.698789961618,0.00024227150722373227,29812.5,20417.74257253854,2.235265928877055,5.438767042061574,5.469969458381545,15.865304570859234,11.25162998127127,16.379919802788535,56.89041957413894
8.21,8.294,USV_9,0.08399999999999963,,,None,,,,,0.012355055660009384,0.03856703814338235,15549.08284836467,14620.940775599494,0.0003262646974701634,28552.389705882353,19262.506740267065,1.7534017329247586,6.860918028664008,5.920075016450359,16.664627400454975,10.78896750952915,17.77666055558178,60.69392404843731
10.818999999999999,10.888,USV_10,0.06900000000000084,,,None,,,,,0.010416143573820591,0.04936000279017857,16558.641012633154,13312.162062631469,4.2792024155302866e-05,28520.089285714286,20568.803838118147,2.658502890371243,4.080834841718165,4.36820861439928,16.941128171671462,11.681584769078848,17.488178657078166,62.45070541095906
11.391,11.473,USV_11,0.08200000000000074,,,None,,,,,0.010974597185850143,0.04137073863636364,16009.979186931985,13279.457242231152,6.618464281209049e-05,27599.43181818182,20066.169886460848,2.7869253971839782,4.099930911138076,5.645357908730958,17.219647072261974,10.682844186558794,17.33098970503656,63.27938864677395
12.831,12.91,USV_12,0.07900000000000063,,,None,,,,,0.01208055391907692,0.0285797119140625,15152.836173741336,13258.933147212949,1.7710899031034248e-05,28327.1484375,19645.218423292252,2.6493838411298594,4.298120060500581,5.5175562148477635,17.567856107258322,12.879313149630196,16.981514586156706,62.27234698033453
13.791,13.858,USV_13,0.06700000000000017,,,None,,,,,0.012906991876661777,0.036655970982142856,15504.730771121185,14517.769302655845,0.00024546317442283616,28526.785714285714,18700.886723885993,3.035933748835813,6.466590336416815,4.97921590961913,16.64039728947387,10.741560214367516,17.76782879510339,59.864558241306064
16.413,16.503,USV_14,0.08999999999999986,,,None,,,,,0.023342525586485863,0.015753851996527776,8764.755806100553,11235.583633946597,1.1060248024374653e-05,19557.291666666668,17410.716868613596,2.0563030118469197,4.270417448172036,7.5026954107251385,16.988040624760842,10.369605686036051,16.325496925140758,60.893475910421024
17.438,17.518,USV_15,0.08000000000000185,,,None,,,,,0.017761047929525375,0.02019500732421875,9521.034866477501,11268.4736952599,2.0926703896549476e-05,20692.3828125,15236.385215565366,2.9812923767910213,4.420961569655528,6.269282626157434,18.015193668655623,10.559639460502497,15.7286809496832,62.86352823590629
19.958,20.078,USV_16,0.120000000000001,,,None,,,,,0.011066731996834278,0.05595495345744681,16749.665313103767,12738.38714262116,3.216981949540519e-05,27692.15425531915,22478.25686428688,2.666789329584478,3.053838784405808,5.44909993252833,16.465581443728244,11.488379702869787,17.52871123448581,65.00910605170769
23.264,23.316,USV_17,0.0519999999999996,,,None,,,,,0.008948423899710178,0.03272594105113636,14192.199367609526,14632.556818009925,0.00028923395552979994,28022.727272727272,16706.544795476922,2.670224870818042,4.065793015291593,5.731296571012454,15.03066361174162,11.568080601391934,17.059892697166887,58.79187935532346
24.898,25.027,USV_18,0.12900000000000134,,,None,,,,,0.04892300069332123,0.028712852328431373,11271.393130966015,11832.901307631131,0.00014735579189064271,21781.25,17053.916810399143,3.0725497674753464,3.4426805176748023,5.226823075578593,14.815374631946373,20.299231320223463,15.660316112580807,62.97148184528831
25.158,25.21,USV_19,0.0519999999999996,,,None,,,,,0.09126732498407364,0.025790127840909092,11729.864972475805,12910.435968886326,0.00019518978670583594,22845.170454545456,17047.825597181152,2.9890740954004813,4.8727770773968215,5.896810142593949,13.500712589697686,24.069384202296245,18.597110920678244,60.99507014864725
25.412,25.482,USV_20,0.07000000000000028,,,None,,,,,0.07186498492956161,0.026181977370689655,11532.56091352222,12859.177459249728,0.00019087002584710911,23440.73275862069,20716.813469763856,2.3369389220748804,4.106225271092852,6.471698596803134,15.255528362630747,23.09430665479629,17.708974514806393,60.56404268704571
25.666,25.728,USV_21,0.062000000000001165,,,None,,,,,0.08014900982379913,0.022413987379807692,10589.675799032742,11556.796101606526,1.018624333043634e-05,22222.35576923077,19571.7183310747,2.5557991407184137,3.5503905981479082,5.300538085498923,15.407047046084118,23.429905770651587,18.300499841276604,62.14194811119002
25.92,25.971,USV_22,0.05099999999999838,,,None,,,,,0.0970187783241272,0.024739583333333332,11054.116610272533,12432.833586046678,0.00016244666670793643,22441.964285714286,17468.00586414313,1.8432205304610643,4.981569637869001,5.754225400592701,13.47417519857767,23.42350835293408,17.55775378073364,62.093055180866116
29.634999999999998,29.692,USV_23,0.05700000000000216,,,None,,,,,0.015309621579945087,0.022725423177083332,10519.177414643864,13334.05450242993,0.0004807793803419177,20558.59375,14769.230769230771,2.9808059360252663,5.2785401918560195,6.317699937008341,13.156280377652307,12.604188413593512,14.194208552405874,59.04771317501076
33.625,33.649,USV_24,0.02400000000000091,,,None,,,,,0.009596099145710468,0.024214311079545456,13448.639337361144,15315.149283849438,5.708166486859888e-05,29181.81818181818,23858.36686889287,3.0059809015827854,4.5009233683540035,4.692861818439576,12.622682047618548,10.530215955313365,15.302677575100143,51.071226337758326
34.394,34.537,USV_25,0.14300000000000068,,,None,,,,,0.008985509164631367,0.027714320591517856,14085.29167508312,14136.467770118315,6.953930362569323e-05,29542.96875,17280.412863139438,2.623205492357365,4.277372882578954,5.166346633731055,17.650373425160957,11.394965707215817,15.112644073514007,60.815875975780735
38.510999999999996,38.657,USV_26,0.1460000000000008,,,None,,,,,0.01707618311047554,0.0202551055372807,11011.571480340446,13207.404780666477,5.560998789622357e-05,25317.434210526317,18627.987734644576,2.875077900310331,2.276558683641805,5.518163427794115,17.784985780465526,11.174982370236677,15.327922002584222,59.94647720964117
38.763,38.838,USV_27,0.07500000000000284,,,None,,,,,0.01213342510163784,0.03721175655241935,14170.90174977687,12835.15257226985,3.489879472380479e-05,27078.629032258064,19577.754904266832,2.262272344643413,2.407624411685372,4.706994559954207,16.85595719351401,9.918161346711651,14.919112880134522,61.64079556949927
39.724000000000004,39.869,USV_28,0.14499999999999602,,,None,,,,,0.012528486549854279,0.020242256030701754,11628.782493521134,13987.430329941631,9.710495014000252e-05,27115.13157894737,25906.208091524706,2.755777870322584,3.7097791396544144,4.637094060017005,17.79177259373517,10.455602829760831,15.290187204585731,58.97213384168869
40.062,40.181,USV_29,0.11899999999999977,,,None,,,,,0.05972865968942642,0.005610039893617021,5546.0854760203265,10272.482120115192,0.0001436171490092122,11826.462765957447,36836.00183098684,2.599006608154555,2.176771799608069,7.130603117396386,19.801955682486216,10.419964471066338,15.575730124186943,59.026301240075874
40.91,40.922,USV_30,0.012000000000000455,,,None,,,,,0.016455011442303658,0.0,14440.707357465115,22239.79899844606,0.00029565105220396806,29357.14285714286,18461.189648593696,2.3248399178893964,3.912028960826284,4.841587447478178,10.917411816986576,10.301825241247728,12.800495114738723,38.55973720698916
41.141,41.237,USV_31,0.09600000000000364,,,None,,,,,0.05574056878685951,0.007806075246710526,5938.252591943339,9859.548133173885,8.675373645055106e-06,13786.184210526315,21980.77899490431,3.7566495485594014,2.3416800504135975,5.567142003501999,18.661092281313085,13.831643524553057,14.12266943924062,58.736375827021114
41.335,41.411,USV_32,0.07600000000000051,,,None,,,,,0.019147144630551338,0.013333228326612902,8947.99934383342,12695.98348265839,6.821092690120812e-05,20452.620967741936,16577.514850829215,2.44322482256316,3.0627183720554436,5.785050714420093,19.282980325330772,11.052558179484857,15.554586236209389,59.30227975903808
43.832,43.955,USV_33,0.12299999999999756,,,None,,,,,0.011923643760383129,0.041839599609375,16239.4480490099,12873.403435939306,0.0002582455690440046,28203.125,20330.077494779373,2.838767947384668,4.137040552736264,5.823749196651492,15.79842780225348,12.061019230082202,15.243234783012953,64.39849193403496
46.346000000000004,46.43,USV_34,0.08399999999999608,,,None,,,,,0.011296709068119526,0.01608455882352941,12487.07795483146,14479.068393608864,2.510758279294833e-05,28552.389705882353,23165.264941798006,2.8031448516379713,2.930501860828467,5.298605852679616,14.783573126037453,10.260555312851325,14.614188333997394,58.213598034681596
50.592,50.713,USV_35,0.12100000000000222,,,None,,,,,0.015695730224251747,0.025349934895833332,12501.182080477543,12774.220818527574,9.539314648298522e-05,25361.328125,16451.91177068875,2.05926215246177,5.323067614803749,5.561951650060672,15.772746732604803,13.045264457130914,16.310266271685045,61.859666954647025
50.847,50.965,USV_36,0.1180000000000021,,,None,,,,,0.033012088388204575,0.03141102892287234,12506.380341253807,12170.184826041046,0.00010744871916364937,24289.228723404256,17404.09536785179,2.3307422885017997,2.3994220499602887,6.035010523455318,18.01897384606401,10.94831718335799,15.09742186322474,61.78913311869402
51.202,51.212,USV_37,0.010000000000005116,,,None,,,,,0.01726067066192627,0.0179443359375,13617.003214924609,19203.226877514146,0.0005115497320094994,27140.625,17482.456280653623,2.2489262377650863,0.7786688526938398,5.971826101276686,16.255447573239092,11.508287579036903,15.459162489623822,42.61735036253856
51.367,51.425,USV_38,0.05799999999999983,,,None,,,,,0.03044651448726654,0.018381754557291668,10798.541054092517,13346.757054559084,7.512219625126322e-05,22535.15625,19135.11967038787,2.4154251665885664,2.944124934176129,5.758994479621123,16.685685664479493,11.298939802473631,15.743853823451156,58.446882753821654
51.697,51.724,USV_39,0.026999999999993918,,,None,,,,,0.011460072360932827,0.0120849609375,13132.712760700357,14953.558151292998,9.667344746408598e-06,29898.4375,27603.930351736373,3.664241754629072,7.477115015217262,4.472896259174524,16.536062816491253,11.038056392562966,15.028704738740137,53.59809852799805
55.507,55.622,USV_40,0.11500000000000199,,,None,,,,,0.009199639782309532,0.01772673233695652,13972.00222559418,14869.857648401463,0.000496033971215522,30275.135869565216,16961.56944012881,2.9812309860145247,3.8281607171773353,5.118420786788242,16.506114718404163,11.45597169244988,14.98474362290402,59.02579592371635
55.93,55.938,USV_41,0.008000000000002672,,,None,,,,,0.008722662925720215,0.00234375,17562.198625060937,23587.86210554318,0.0004565995020192117,32043.75,27670.90974888716,2.303376152771029,3.9113048768580554,4.771033109518602,10.705067925289722,10.075286198328325,13.959772576128964,32.699575897941884
57.403999999999996,57.434,USV_42,0.030000000000001137,,,None,,,,,0.0076436069793999195,0.0218505859375,13816.440478334132,15377.7654765316,9.433093298139762e-05,30080.35714285714,19709.069651902977,1.7054301276841406,4.689969056782769,4.309388767596638,15.417776071012586,11.487133882468978,14.82733524596536,54.55677540421086
59.588,59.614,USV_43,0.02599999999999625,,,None,,,,,0.020512403920292854,0.013671875,10011.454264809256,14984.801896072488,0.0003214119942675882,21554.6875,21830.886201084202,2.5992726202349554,2.3053082872188675,5.673153542520758,16.102049094902473,9.784906312354535,15.483447881361498,51.812889333198406
59.842,59.931,USV_44,0.08899999999999864,,,None,,,,,0.059012703597545624,0.009840223524305556,6997.36672499333,10808.913425024053,5.953531098608817e-05,15559.895833333334,23813.82831248881,4.674726882195374,3.063825307889003,6.828834955374528,17.872211532600108,11.626717523560488,15.1618893582547,60.584740691874885
62.116,62.192,USV_45,0.07600000000000051,,,None,,,,,0.007736272178590298,0.04795394405241935,17328.372053879146,14055.305499727274,0.0001750986442538799,31131.048387096773,18203.12155031049,3.5201098905308217,4.441178286076517,5.95459121695941,17.661695781105106,11.411275202811517,16.70733061286109,60.6171593537639
64.819,64.929,USV_46,0.10999999999999943,,,None,,,,,0.010623631998896599,0.03230979225852273,14104.785274191008,13052.112381631987,1.9788577839536187e-05,28246.448863636364,15156.06614601005,2.7117885871641363,4.5882985927336675,5.57225602275154,15.701490847834263,12.000161986672106,13.48239167014333,60.77259713429407
66.129,66.138,USV_47,0.009000000000000341,1.0,11.883600000000001,True,66.10119999999999,77.98479999999999,0.02780000000001337,-11.855799999999988,0.008413397707045078,0.022867838541666668,18683.52854209149,21569.864987108696,0.0007600246090103068,32328.125,25991.18753705158,2.2948515911989817,6.187958577015546,4.536357828378102,14.922678265238424,8.611499485230459,13.99417434797094,37.62244563849443
66.187,66.208,USV_48,0.021000000000000796,1.0,11.883600000000001,True,66.10119999999999,77.98479999999999,0.0858000000000061,-11.797799999999995,0.014612460508942604,0.0260986328125,16102.505484838452,16532.479648412493,0.00036704990915479793,29465.625,21885.78403082229,2.1400332515484286,5.6668899352844075,5.0644620621615895,17.233962594466472,11.654957666465073,14.405942332439526,50.023490798919255
67.47,67.582,USV_49,0.11199999999999477,1.0,11.883600000000001,True,66.10119999999999,77.98479999999999,1.3688000000000073,-10.514799999999994,0.009368949569761753,0.027010830965909092,14119.125180382094,13958.840095453384,0.0002072656742277663,28800.426136363636,23572.721895844235,2.7320435765487807,3.400915138548643,5.470418224134663,13.560124703108501,11.029749992207055,15.981275073394658,61.36765231558948
67.662,67.691,USV_50,0.028999999999996362,1.0,11.883600000000001,True,66.10119999999999,77.98479999999999,1.5608000000000146,-10.322799999999987,0.008260698989033699,0.020751953125,15081.069591903888,17700.137677199997,0.0001511434474026308,31384.615384615383,20327.328984205567,1.650093975348214,5.4027361296279945,4.756137282461298,17.313824270503684,11.194474480112042,14.253070081000974,51.32869231649509
67.878,67.902,USV_51,0.02400000000000091,1.0,11.883600000000001,True,66.10119999999999,77.98479999999999,1.7768000000000086,-10.106799999999993,0.008668116293847561,0.024613813920454544,14926.61146032159,15878.840605678219,5.4469792290112006e-05,30102.272727272728,23980.872377742933,1.8784582180616303,4.3602388897900335,4.170792615091062,12.920401246827243,11.752313583180994,15.221236366273182,51.670257089860435
72.246,72.292,USV_52,0.04600000000000648,1.0,11.883600000000001,True,66.10119999999999,77.98479999999999,6.144800000000004,-5.738799999999998,0.011611215770244598,0.0228515625,14604.402886591997,16077.392559131778,0.00016869098635212328,28757.8125,18187.44833275347,1.8753681312771735,4.195232645483927,5.291766384520514,14.735037739199981,9.843830081822997,12.849010728305393,55.90690472030849
72.455,72.5,USV_53,0.045000000000001705,1.0,11.883600000000001,True,66.10119999999999,77.98479999999999,6.353800000000007,-5.5297999999999945,0.01696683280169964,0.016884251644736843,10616.158747513851,14681.036786503202,0.00022690491745272078,24009.86842105263,28822.66139159879,2.163829475339072,3.559102746836055,6.978094271829554,17.354498298985163,11.122448490317431,15.618805324410312,57.406743391287456
72.634,72.69,USV_54,0.055999999999997385,1.0,11.883600000000001,True,66.10119999999999,77.98479999999999,6.532800000000009,-5.3507999999999925,0.011357912793755531,0.04359502377717391,15867.883606849653,14600.703538147214,0.000384985833731497,29148.097826086956,18815.74056852555,2.045123677273139,5.482974750365501,6.73595027500808,17.507483225326112,11.518356798491034,14.87082208595445,59.20513627204455
72.799,72.903,USV_55,0.1039999999999992,1.0,11.883600000000001,True,66.10119999999999,77.98479999999999,6.697800000000015,-5.185799999999986,0.010909929871559143,0.04382026486280488,15877.262994661665,14013.714448745146,6.075097467478639e-05,29014.481707317074,22247.98107299513,2.9126800660673213,5.7715608407826915,5.232189359124553,17.068536600843238,11.53570044034382,16.22527773346977,61.593676220201814
73.22,73.283,USV_56,0.06300000000000239,1.0,11.883600000000001,True,66.10119999999999,77.98479999999999,7.118800000000007,-4.764799999999994,0.010023029521107674,0.019456129807692308,14554.383810555184,15105.655654274891,0.0001388690809147383,29397.83653846154,22856.949506587753,2.0472856300218862,4.716370534678213,4.866669861039702,16.781353505143013,10.570463438479585,14.666908168844877,58.183529112426875
74.91,75.008,USV_57,0.09799999999999898,1.0,11.883600000000001,True,66.10119999999999,77.98479999999999,8.808800000000005,-3.074799999999996,0.01205696165561676,0.018523387419871796,12103.425451311083,14389.626499397593,0.0001241850562873803,28170.673076923078,22091.252745315956,2.5384541974081865,4.227824786161613,5.191297893164667,16.404315481176578,9.997188452799024,14.90622491174293,57.99636317171944
75.098,75.177,USV_58,0.07900000000000773,1.0,11.883600000000001,True,66.10119999999999,77.98479999999999,8.996800000000007,-2.886799999999994,0.017290614545345306,0.02246856689453125,12176.613707152657,13941.767681016045,3.525045196517534e-05,26733.3984375,22468.821703601396,2.626388896626854,4.960537248807972,4.559126254203072,15.278500148457399,8.706735972251142,15.807937251780832,59.85906681416925
75.217,75.23,USV_59,0.01300000000000523,1.0,11.883600000000001,True,66.10119999999999,77.98479999999999,9.115800000000007,-2.767799999999994,0.010926985181868076,0.025530133928571428,18173.53274543508,19428.045101946653,0.0011478749116623876,32825.892857142855,25442.051216983127,3.0655293565184882,2.7413782147496497,5.620980639250813,13.480700112077384,11.163097736697365,14.176021708813781,45.04951138186619
75.277,75.353,USV_60,0.0759999999999934,1.0,11.883600000000001,True,66.10119999999999,77.98479999999999,9.17580000000001,-2.7077999999999918,0.012849095277488232,0.022807459677419355,13128.714396486192,13736.853908882866,4.825089863318965e-05,27774.1935483871,16573.73009496145,2.427749377296416,3.8179505009589088,4.739328821036341,18.382439183401985,10.214931145771212,16.115828628546026,59.2153002995161
75.403,75.515,USV_61,0.11199999999999477,1.0,11.883600000000001,True,66.10119999999999,77.98479999999999,9.301800000000014,-2.581799999999987,0.014157899655401707,0.017006613991477272,11789.964675080333,13613.448687276412,3.4953575499070344e-05,26842.329545454544,26153.07692831531,2.6813539205244035,6.307728515471187,5.560815237066334,15.99304259164583,10.327746431777248,16.1437968066099,58.149556502229956
75.593,75.638,USV_62,0.045000000000001705,1.0,11.883600000000001,True,66.10119999999999,77.98479999999999,9.491800000000012,-2.3917999999999893,0.013345131650567055,0.02387438322368421,14404.940588503583,14773.349466118869,2.7025364767972585e-05,28899.67105263158,26856.748694443766,2.668388210050783,7.712075678022291,4.31712043198742,14.910084221602622,10.56921227678121,14.995640342257795,56.694716392599744
75.722,75.867,USV_63,0.14500000000001023,1.0,11.883600000000001,True,66.10119999999999,77.98479999999999,9.620800000000003,-2.2627999999999986,0.023227017372846603,0.013491981907894737,8511.392119101713,12357.395503919266,0.00013643974865182649,20504.934210526317,26946.200588190026,2.807718767300613,3.7093118077509213,6.9963511350334375,18.14711956377231,12.788490976074119,16.670328659971872,60.44331016576324
75.964,76.047,USV_64,0.08299999999999841,1.0,11.883600000000001,True,66.10119999999999,77.98479999999999,9.862800000000007,-2.020799999999994,0.014158384874463081,0.024769176136363636,10633.364076385642,11848.38592764691,9.303485047708632e-06,22971.590909090908,18330.367659580654,3.850216921974218,4.653641058320979,8.827335407343798,18.887479431586648,13.259520950676233,15.41495950407139,62.54394939736592
77.418,77.438,USV_65,0.01999999999999602,1.0,11.883600000000001,True,66.10119999999999,77.98479999999999,11.316800000000015,-0.5667999999999864,0.008543492294847965,0.030517578125,18714.120523711656,20095.209344713046,0.000803881293806225,32915.625,25249.71453720451,1.5695012537288469,2.9413395787337877,5.2126567764797045,16.700563527265096,9.870549554217705,14.018186596755232,48.15123492314037
77.536,77.609,USV_66,0.07299999999999329,1.0,11.883600000000001,True,66.10119999999999,77.98479999999999,11.43480000000001,-0.44879999999999143,0.00967391673475504,0.0259521484375,15913.096853339031,15612.763171178816,0.00011733774936108136,30640.625,22606.77100942207,2.0503018986218864,3.8059463250277474,4.8768070538597454,17.34376820052203,10.811250694747745,14.036615112765825,58.74706042814378
77.708,77.787,USV_67,0.07900000000000773,1.0,11.883600000000001,True,66.10119999999999,77.98479999999999,11.606800000000007,-0.2767999999999944,0.014091305434703827,0.05535888671875,18697.03611880262,14453.364429205656,9.678967282630597e-05,32200.1953125,22577.53998213423,1.804118956825691,6.208772869172576,5.909759813488229,17.0060533608477,10.496057296183553,15.084859676723424,61.10935219555085
77.862,77.892,USV_68,0.030000000000001137,1.0,11.883600000000001,True,66.10119999999999,77.98479999999999,11.760800000000003,-0.12279999999999802,0.009791790507733822,0.02099609375,14166.590283238296,15604.213606123643,6.21795429776144e-05,30314.73214285714,16763.581704821925,2.168256371273424,3.714986725672393,4.446864946537447,16.325837791941588,12.20121590832063,14.157816588764193,52.868336223297305
78.939,79.011,USV_69,0.07200000000000273,1.0,11.883600000000001,False,66.10119999999999,77.98479999999999,12.837800000000001,0.9542000000000002,0.009183283895254135,0.022124191810344827,14197.590441615983,15583.357163890096,8.205187598654828e-05,30701.508620689656,25828.01500738608,1.969276648671483,5.054308392935851,4.35495190470889,14.535261661588027,11.1412645792051,15.953734233496759,57.040650782153776
79.284,79.353,USV_70,0.0689999999999884,1.0,11.883600000000001,False,66.10119999999999,77.98479999999999,13.182800000000015,1.2992000000000132,0.009336604736745358,0.014657156808035714,15245.985056693553,15733.63453641237,0.00022639014646238997,31379.464285714286,20061.397666871977,3.023540144906863,4.942362985084776,5.212593197438225,17.552401222578315,11.517017579471894,13.689111947173092,57.950036735982664
79.464,79.52,USV_71,0.055999999999997385,1.0,11.883600000000001,False,66.10119999999999,77.98479999999999,13.362800000000007,1.4792000000000058,0.009758135303854942,0.01325789741847826,13853.657639384164,14842.917612217523,1.622899885784733e-05,31051.630434782608,20819.94587312572,2.5290885214993315,2.444477955531553,5.327727639401067,16.844011004642123,12.706118237613861,14.159422670974868,58.39471072026745
79.916,79.939,USV_72,0.022999999999996135,1.0,11.883600000000001,False,66.10119999999999,77.98479999999999,13.814800000000005,1.931200000000004,0.010253852233290672,0.016712535511363636,15848.280307217792,18913.076189693096,0.0005908936867411665,33059.65909090909,21334.003608984982,2.752196047128376,7.407195077633148,4.738096944249912,14.230431758955103,10.6869034715802,12.489040814175011,48.2368453913281
80.297,80.33,USV_73,0.03300000000000125,1.0,11.883600000000001,False,66.10119999999999,77.98479999999999,14.195800000000006,2.3122000000000043,0.006345649715512991,0.022721354166666666,16018.285373991519,16980.401967571746,0.0002422615589406005,31687.5,21529.944468842048,2.548670455561829,2.8722856746468794,4.567515749536929,16.761968551942957,10.277355519807012,14.739528970038448,54.29385394988503
80.902,80.942,USV_74,0.03999999999999204,1.0,11.883600000000001,False,66.10119999999999,77.98479999999999,14.80080000000001,2.9172000000000082,0.017875462770462036,0.012925091911764705,9004.658481021686,12932.839113776447,5.7319739763720846e-05,20420.95588235294,16083.386215271626,2.384379997348332,2.119844749687562,6.1684377604520595,15.589841480701503,11.568595344096511,15.06267660806741,56.338419513730656
81.196,81.26,USV_75,0.06400000000000716,1.0,11.883600000000001,False,66.10119999999999,77.98479999999999,15.094800000000006,3.211200000000005,0.00825396180152893,0.027860201322115384,16047.84728857738,15662.80589968028,0.00013276299672486126,30771.634615384617,23642.793627034738,2.9718818806585476,5.739089328029161,5.434191882370415,15.826139633059428,10.070317158239593,14.746873887717369,59.12872124846471
81.294,81.361,USV_76,0.06700000000000728,1.0,11.883600000000001,False,66.10119999999999,77.98479999999999,15.192800000000005,3.309200000000004,0.01073475368320942,0.023960658482142856,15290.176354514126,14810.89414237738,4.5368534860708956e-05,29152.901785714286,22791.915013200174,2.646977533274057,3.8369811370890514,5.438091001577776,16.73332306545955,12.159819547577635,14.485060575689724,58.61800148107956
81.676,81.703,USV_77,0.027000000000001023,1.0,11.883600000000001,False,66.10119999999999,77.98479999999999,15.57480000000001,3.691200000000009,0.008009031414985657,0.029465895432692308,16564.343005492145,17789.080089893585,0.00023880212838911388,31824.51923076923,18592.80064729166,2.364175301270395,4.232269802917953,5.00522492718669,14.292535372480163,11.127774445283203,13.36240000771277,51.846535240782984
83.341,83.378,USV_78,0.03700000000000614,1.0,11.883600000000001,False,66.10119999999999,77.98479999999999,17.239800000000002,5.356200000000001,0.010537844151258469,0.0236358642578125,15874.898847212033,17046.150653534154,0.0001060802924852496,31218.75,23311.547217379175,2.26147308742713,4.86679834152226,5.647335752897989,15.662789584538277,10.000970557873599,13.545657428598133,52.69304332959511
85.575,85.612,USV_79,0.03699999999999193,1.0,11.883600000000001,False,66.10119999999999,77.98479999999999,19.47380000000001,7.59020000000001,0.008996959775686264,0.0200958251953125,16003.399091491596,17066.190237408977,0.00045147333836283025,30925.78125,24114.27722113623,2.625991762940906,2.588641058390198,5.304415774856347,16.322588615910625,11.762197405740057,14.882294466930208,54.828086594841714
85.908,85.928,USV_80,0.01999999999999602,1.0,11.883600000000001,False,66.10119999999999,77.98479999999999,19.80680000000001,7.9232000000000085,0.006813361309468746,0.0338134765625,19857.373066812066,19634.03058841045,0.0011565680670644748,37059.375,21838.693657627835,2.034098321548611,3.514957325344107,5.786735882786449,15.481196380284114,11.638226557633454,11.865549871233425,49.36224099119106
85.999,86.114,USV_81,0.1150000000000091,1.0,11.883600000000001,False,66.10119999999999,77.98479999999999,19.897800000000004,8.014200000000002,0.008642531000077724,0.022954526154891304,15099.066176155724,15187.564448267023,0.00011261630902807863,31950.407608695652,20154.9658464652,2.4572180985452303,4.220797089009716,6.244375542304513,17.400416164655816,12.191076062485992,13.93585899059057,60.723907802260406
86.189,86.232,USV_82,0.043000000000006366,1.0,11.883600000000001,False,66.10119999999999,77.98479999999999,20.0878,8.2042,0.011266819201409817,0.015368009868421052,14438.435927695164,16277.96473217762,0.0001496676679821652,31771.38157894737,26295.313822623837,2.8858775409578055,6.484914456033003,5.139236481370968,17.131259477270508,10.45485681241178,14.858977397251007,53.87334482035163
86.616,86.636,USV_83,0.01999999999999602,1.0,11.883600000000001,False,66.10119999999999,77.98479999999999,20.514800000000008,8.631200000000007,0.016107987612485886,0.02412109375,18898.120481581507,16294.163534950767,7.879075482389604e-05,31387.5,27286.863133568368,2.4557650831554194,4.35656180966757,4.1005655938461265,16.384852613102176,11.224981521792294,14.474550468600388,51.66716546985517
86.731,86.749,USV_84,0.018000000000000682,1.0,11.883600000000001,False,66.10119999999999,77.98479999999999,20.629800000000003,8.746200000000002,0.00583272660151124,0.04405381944444445,20579.086458360336,18701.503597165793,0.00044632068760796503,34770.833333333336,30035.04929568646,2.7613613376241095,4.962715658081934,3.6923508662294235,14.424608975601071,11.537301489935674,12.968236616518812,49.16935913929271
86.805,86.846,USV_85,0.04099999999999682,1.0,11.883600000000001,False,66.10119999999999,77.98479999999999,20.703800000000015,8.820200000000014,0.007903470657765865,0.036431206597222224,19051.091435082628,16805.26405383557,0.00014651826583977673,35416.666666666664,30422.822992005575,2.6459906683739343,6.111503194363061,6.752149317677695,16.822105099478733,11.489087273675999,14.476611191036081,55.42672771877423
86.961,86.982,USV_86,0.021000000000000796,1.0,11.883600000000001,False,66.10119999999999,77.98479999999999,20.859800000000007,8.976200000000006,0.006698089651763439,0.0276611328125,18521.01884449288,20615.163142903773,0.0009002413099320983,34996.875,25257.815050013192,2.451941171541017,2.505436571000923,5.103081047788004,16.08814626744939,10.021115329327525,14.436345649393754,48.139569470900106
87.078,87.088,USV_87,0.009999999999990905,1.0,11.883600000000001,False,66.10119999999999,77.98479999999999,20.97680000000001,9.09320000000001,0.007421035319566727,0.0369873046875,18258.720570316735,14645.094954173977,4.44311145074142e-05,32390.625,27739.911944591655,1.9261472333539496,3.291342559111443,3.2838937318903967,11.781859129265143,10.725532472597104,12.270310668326411,46.08116658207418
87.132,87.186,USV_88,0.054000000000002046,1.0,11.883600000000001,False,66.10119999999999,77.98479999999999,21.030800000000013,9.147200000000012,0.00976177491247654,0.013926630434782608,15166.841580088108,16467.00383341139,0.00017432423593613525,32062.5,24252.5694492398,2.671972894192895,3.0467557841936572,4.973656662091103,16.31541367330544,12.897621575676979,14.053901417123031,55.97724923477359
87.297,87.306,USV_89,0.009000000000000341,1.0,11.883600000000001,False,66.10119999999999,77.98479999999999,21.195800000000006,9.312200000000004,0.011078011244535446,0.0098876953125,19217.44675301263,24513.270868638734,0.0004694408298760917,34812.5,29716.185976663957,2.1964749152690235,5.348408522071029,4.994026064160536,8.517003007394615,7.671825769481207,12.638295319651776,34.89799381736966
87.404,87.441,USV_90,0.03700000000000614,1.0,11.883600000000001,False,66.10119999999999,77.98479999999999,21.302800000000005,9.419200000000004,0.009386707097291946,0.0124664306640625,17305.896838249537,18015.664985139178,0.0005326862428701074,33855.46875,27525.875445980477,2.917527229359124,4.5214324168405655,5.403123641272584,15.307831093911929,11.239605610888031,14.454411738082435,52.943797763413585
88.078,88.17,USV_91,0.09199999999999875,1.0,11.883600000000001,False,66.10119999999999,77.98479999999999,21.97680000000001,10.09320000000001,0.01017996110022068,0.024123733108108107,15765.955750582545,15360.721434338097,3.563476304284398e-05,32196.79054054054,26397.353550986234,2.367568864003938,5.228938253690867,4.349381581272331,16.685460459404375,11.578699461852644,14.844265883488822,58.71240415916093
88.244,88.297,USV_92,0.05299999999999727,1.0,11.883600000000001,False,66.10119999999999,77.98479999999999,22.14280000000001,10.259200000000007,0.010769953951239586,0.019065163352272728,14955.40315987043,15331.25041149506,0.00015885204429377504,30843.75,23605.2132473346,2.133249510472881,4.899868189054389,6.356095997228138,17.49820674578982,11.482767453023525,15.109511738987335,56.44343699667726
88.401,88.451,USV_93,0.04999999999999716,1.0,11.883600000000001,False,66.10119999999999,77.98479999999999,22.299800000000005,10.416200000000003,0.009172219783067703,0.024483816964285716,15432.817725129107,16183.018983139822,8.381596413693565e-05,32071.428571428572,29408.256950330953,2.716619787033733,3.2558288246592895,4.521135856645165,15.298300989669709,10.328335116940673,13.834360958882863,54.9637324862094
88.508,88.615,USV_94,0.10699999999999932,1.0,11.883600000000001,False,66.10119999999999,77.98479999999999,22.406800000000004,10.523200000000003,0.01064413134008646,0.026913597470238096,14341.365189567541,14506.695048444111,8.78375586378049e-05,29979.910714285714,17026.313297195786,2.2883779831795765,4.726186851672362,5.087876305702054,17.398215637816776,11.715493610934963,14.182994680622201,58.59095551000099
89.059,89.087,USV_95,0.028000000000005798,1.0,11.883600000000001,False,66.10119999999999,77.98479999999999,22.957800000000006,11.074200000000005,0.006474082358181477,0.025334284855769232,16180.623016100904,16651.423764379866,0.00032672569113802554,31766.826923076922,17750.70526603419,1.6869628990808125,4.759590283460268,3.910080129099701,16.1467842585599,10.920398755445493,14.035971263553522,52.5218530529731
89.662,89.691,USV_96,0.028999999999996362,1.0,11.883600000000001,False,66.10119999999999,77.98479999999999,23.560800000000015,11.677200000000013,0.006250604521483183,0.028902493990384616,16626.575916375295,16102.863864661984,0.00017957318486315794,32048.076923076922,23407.083116801685,2.3446836361612218,2.8102057515103924,5.175242333608784,14.607706204633253,12.200361007061925,13.742017762510283,53.88271239604629
89.93299999999999,90.042,USV_97,0.10900000000000887,1.0,11.883600000000001,False,66.10119999999999,77.98479999999999,23.8318,11.9482,0.009952682070434093,0.029569404069767442,13769.903006132256,13585.124106084375,9.95463145369901e-05,28127.18023255814,21629.821083159855,2.489095401273454,4.382542807952729,6.340534318649884,15.29684105503136,11.29800237326753,15.67350103067876,60.55468810459312
90.441,90.535,USV_98,0.09399999999999409,1.0,11.883600000000001,False,66.10119999999999,77.98479999999999,24.33980000000001,12.45620000000001,0.010563650168478489,0.018811677631578948,14703.603239602513,15483.966114124449,0.00012200459388306332,30083.88157894737,20872.9508105106,2.888535598867523,6.772152859445148,5.389428468774715,16.34279266828184,12.037013230089736,13.999195677172352,57.038784557082025
90.686,90.722,USV_99,0.03599999999998715,1.0,11.883600000000001,False,66.10119999999999,77.98479999999999,24.584800000000016,12.701200000000014,0.009263508953154087,0.0286865234375,15579.593111440703,13994.583893512241,2.7141272356730234e-05,30152.34375,20616.68006915809,1.7569883313637793,6.34842862928637,5.732483277402035,15.536017414523208,10.989745117015282,14.355000976831096,56.097830248185474
90.964,90.993,USV_100,0.028999999999996362,1.0,11.883600000000001,False,66.10119999999999,77.98479999999999,24.862800000000007,12.979200000000006,0.007390186190605164,0.022629957932692308,16222.521644515933,18818.391076743697,0.0006296730898887987,32913.46153846154,25066.349519660347,1.763364548336765,4.286796906463701,6.277612130338991,14.799753395109612,10.058131292578537,14.312120679647904,50.713487677501625
91.154,91.206,USV_101,0.05200000000000671,1.0,11.883600000000001,False,66.10119999999999,77.98479999999999,25.052800000000005,13.169200000000004,0.008622423745691776,0.028897372159090908,16748.447648599566,16328.67771655864,0.0001356307699136623,31538.352272727272,26282.221124630876,2.5621423276166797,2.6825267223760005,5.065695148670856,15.498404403427822,11.187312591969551,14.099317478255086,56.71073134495164
91.413,91.437,USV_102,0.02400000000000091,1.0,11.883600000000001,False,66.10119999999999,77.98479999999999,25.311800000000005,13.428200000000004,0.006631805095821619,0.021617542613636364,16911.624231886606,18218.155759899164,0.0006003259556782992,32301.136363636364,21677.965609723098,2.3504349516022423,2.785595729829095,5.31716665428337,17.222002556308915,8.468047392682934,15.939534233084816,51.575563122787685
91.675,91.752,USV_103,0.07699999999999818,1.0,11.883600000000001,False,66.10119999999999,77.98479999999999,25.573800000000006,13.690200000000004,0.010417820885777473,0.02457157258064516,16139.231649063538,14639.485951038212,0.00029241142039106697,30241.935483870966,21920.355839282856,2.9533362288903366,4.936545181103031,4.741519563274529,16.9213531191824,11.756362503844555,15.428241997711925,59.73043499937681
92.966,93.034,USV_104,0.06800000000001205,1.0,11.883600000000001,False,66.10119999999999,77.98479999999999,26.864800000000002,14.981200000000001,0.010508032515645027,0.015886579241071428,12882.86774826026,14882.615168923976,0.00018240323246835954,27987.723214285714,20488.12978140086,2.6024276214514837,4.879488408037766,5.793100712137308,16.853054919888653,11.250815271838288,15.181011282725725,57.60140130042861
93.67,93.729,USV_105,0.0589999999999975,1.0,11.883600000000001,False,66.10119999999999,77.98479999999999,27.56880000000001,15.685200000000009,0.010129816830158234,0.022735595703125,13546.891415105178,14540.507341470882,0.0001360222731892146,29015.625,15936.186510372943,3.028606574984169,5.503000691142297,4.945496845255451,16.799107564194642,9.598143385139734,14.290731663247888,57.76763032072128
94.44800000000001,94.55799999999999,USV_106,0.10999999999998522,1.0,11.883600000000001,False,66.10119999999999,77.98479999999999,28.346800000000016,16.463200000000015,0.01079829316586256,0.01898193359375,12048.210347419441,13866.432751799,0.00010346097148937294,27585.9375,24978.13385647506,2.6730965658939527,6.169211762780896,5.516833176451586,16.595689196415222,11.697938901194378,14.802496302333292,58.66634543336388
94.593,94.695,USV_107,0.10199999999998965,1.0,11.883600000000001,False,66.10119999999999,77.98479999999999,28.491800000000012,16.60820000000001,0.007658383343368769,0.02557521913109756,14680.051266003358,14835.35976115595,0.00013330660951731764,30731.70731707317,21893.686463086713,2.7972300925784634,4.0376459362926305,5.605938522371073,16.11854775085606,11.217890021910994,14.501087958735303,60.6313920184544
95.268,95.392,USV_108,0.12399999999999523,1.0,11.883600000000001,False,66.10119999999999,77.98479999999999,29.16680000000001,17.283200000000008,0.00993929710239172,0.0184749681122449,14181.814220590686,14265.251677338476,4.162281046789603e-05,30022.95918367347,18482.192495821313,2.4774397353993036,4.369183660750709,5.452626308449907,16.38325778941189,12.55213432493697,13.471815865733586,60.684527560147934
95.666,95.684,USV_109,0.018000000000000682,1.0,11.883600000000001,False,66.10119999999999,77.98479999999999,29.564800000000005,17.681200000000004,0.009196954779326916,0.019694010416666668,15192.385825499627,18492.89953664929,0.00028184642172663504,30000.0,25155.62604511771,2.592540279434192,4.728898114724654,4.568596117341838,13.425732701828752,10.60948150872733,15.343185349899592,46.402575068422465
95.737,95.749,USV_110,0.012000000000000455,1.0,11.883600000000001,False,66.10119999999999,77.98479999999999,29.635800000000003,17.752200000000002,0.012922837398946285,0.006975446428571429,16020.290716500022,24064.689003736807,0.0004768645606495218,31526.785714285714,19404.470651343316,1.47277737276077,3.6208063691932844,5.696210594859167,8.869432142115176,8.591782319104334,12.11515034012477,37.85255905401646
96.562,96.645,USV_111,0.08299999999999841,1.0,11.883600000000001,False,66.10119999999999,77.98479999999999,30.460800000000006,18.577200000000005,0.009766933508217335,0.024192116477272728,14109.05869490124,14743.609037484357,0.00018226846403426473,29409.090909090908,19510.702923082106,3.09820811354473,4.988808111427727,4.684661563680515,16.03473809561918,10.663524482845208,16.001928685815855,60.3721116527533
97.752,97.783,USV_112,0.03100000000000591,1.0,11.883600000000001,False,66.10119999999999,77.98479999999999,31.650800000000004,19.767200000000003,0.010686642490327358,0.020403180803571428,13153.7119263423,16789.255460666674,0.0005553712185551805,28613.839285714286,26930.775472671532,1.6779559358585667,5.23756123590359,7.318502553985567,13.896649854914918,11.84876596511073,15.911206389161146,51.690180765030085
97.825,97.88,USV_113,0.05499999999999261,1.0,11.883600000000001,False,66.10119999999999,77.98479999999999,31.72380000000001,19.84020000000001,0.010509006679058075,0.02570906929347826,13407.250143544044,14693.885187676417,0.00033501359609619855,27146.739130434784,15215.590471843161,3.03990273244153,4.7587943546002185,6.340955434494324,15.63574156972785,10.145121123125596,14.664443601151708,57.475171795190185
98.069,98.084,USV_114,0.015000000000000568,1.0,11.883600000000001,False,66.10119999999999,77.98479999999999,31.96780000000001,20.08420000000001,0.013307325541973114,0.011444091796875,13758.712472073279,19160.0987441145,0.00029369698215242463,30140.625,17201.789875562274,2.738522705100232,5.290353871765181,5.262998554834393,13.011380777076763,11.938734592315688,12.235392351151376,43.03665205347083
98.229,98.273,USV_115,0.04399999999999693,1.0,11.883600000000001,False,66.10119999999999,77.98479999999999,32.12780000000001,20.244200000000006,0.008514541201293468,0.02089329769736842,15054.582849147957,16403.396377919755,0.000246932859157445,31958.88157894737,24475.46310601098,2.942015402953424,4.650478857243349,6.2588728360985675,16.012624683518645,11.052369444673623,13.685534898353586,55.575435839099576
98.404,98.445,USV_116,0.04099999999999682,1.0,11.883600000000001,False,66.10119999999999,77.98479999999999,32.302800000000005,20.419200000000004,0.006340636871755123,0.026502821180555556,17420.77259721308,16463.497821773864,0.00016535177958313738,33473.958333333336,27829.94864615147,2.412312363103579,3.9160327938600323,5.575864048372007,15.894209127143894,12.016766724181421,13.421519481477635,55.901398865600086
98.781,98.79,USV_117,0.009000000000000341,1.0,11.883600000000001,False,66.10119999999999,77.98479999999999,32.679800000000014,20.796200000000013,0.00667369132861495,0.029459635416666668,20609.140109363023,23731.641838316562,0.0007869314367482822,35828.125,28426.012861476356,1.1765341447088769,2.54223421932058,3.758124750689196,13.981050289898503,8.765407595228963,13.371032200084391,36.53233648605291
98.93,98.947,USV_118,0.016999999999995907,1.0,11.883600000000001,False,66.10119999999999,77.98479999999999,32.828800000000015,20.945200000000014,0.01098822895437479,0.018229166666666668,15740.113891270206,18377.51295457604,6.146888795541119e-05,31000.0,26139.79144268824,3.0893254287072778,4.580706666375783,4.730634650873344,14.40998370168351,9.938614788992096,14.030682780216772,46.34234092379222
99.062,99.11,USV_119,0.04800000000000182,1.0,11.883600000000001,False,66.10119999999999,77.98479999999999,32.960800000000006,21.077200000000005,0.0072026560083031654,0.024755859375,16259.86849231918,16999.6495038607,0.0003588793707589082,32123.4375,24511.47542358215,2.1094445451268324,3.8203497614965265,4.831110338777514,15.597668601438329,11.00045445669853,14.297721634216874,55.16959245855418
99.973,99.986,USV_120,0.01300000000000523,1.0,11.883600000000001,False,66.10119999999999,77.98479999999999,33.87180000000001,21.988200000000006,0.008047973737120628,0.010602678571428572,18958.943399221134,22544.128457655715,0.0004747681528097801,35370.53571428572,21290.598381145366,2.514414692153225,2.2425323064573224,6.56246638295621,12.879809210496733,8.171115437168986,12.535011056065931,40.34231112832958
100.759,100.832,USV_121,0.07299999999999329,1.0,11.883600000000001,False,66.10119999999999,77.98479999999999,34.65780000000001,22.774200000000008,0.012186502106487751,0.03143717447916667,16519.280635435687,14826.534039726164,8.434512941297339e-05,32475.0,25994.180557184205,2.800154220996681,5.82293584691517,5.471051655416028,15.767894042752006,12.3269851084259,14.834888006048915,59.5105183600104
100.951,100.974,USV_122,0.023000000000010346,1.0,11.883600000000001,False,66.10119999999999,77.98479999999999,34.8498,22.9662,0.010381210595369339,0.005903764204545455,17243.947584476104,19784.1751332311,0.0007083820622081277,33187.5,26453.400788589144,2.6225139657016396,3.8249174129177628,7.374434111391537,13.650046707267773,12.101585572758534,13.775511874847576,47.877120180806315
101.076,101.086,USV_123,0.010000000000005116,1.0,11.883600000000001,False,66.10119999999999,77.98479999999999,34.9748,23.0912,0.00815820787101984,0.023030598958333332,21064.019853288315,22795.615374293604,0.0010314120660484519,34812.5,24361.013996941878,3.06448043614621,4.483204636189853,6.088783287785518,10.097052623852893,8.982368154210047,11.802069956467937,37.39332686972841
101.587,101.645,USV_124,0.057999999999992724,1.0,11.883600000000001,False,66.10119999999999,77.98479999999999,35.48580000000001,23.60220000000001,0.009218168444931507,0.037343343098958336,16461.684444921328,14710.66537163215,0.0002841823670202905,30847.65625,18429.551458880593,2.9670520915664085,4.559415947951682,4.795418308796202,15.87322158372411,11.007098566988027,13.72172865372108,60.04223984536634
101.774,101.802,USV_125,0.028000000000005798,1.0,11.883600000000001,False,66.10119999999999,77.98479999999999,35.67280000000001,23.789200000000008,0.007599532138556242,0.036038912259615384,18155.571956315373,17501.88681676191,0.00020489184285238146,33165.86538461538,28176.404155514552,2.4667636591616504,4.782757400909709,5.544345101438409,16.184136182199683,11.21790927782568,15.610744582178036,52.274928393245546
101.939,101.988,USV_126,0.049000000000006594,1.0,11.883600000000001,False,66.10119999999999,77.98479999999999,35.8378,23.9542,0.008620433509349823,0.029541015625,16340.378056424272,17081.0085691567,0.00030754468290248557,32031.25,24622.143433424317,2.4744938868985393,4.293535766794124,4.837026969892621,17.50810004312404,10.080497571136698,14.857933696864217,55.35970944444104
102.09,102.113,USV_127,0.022999999999996135,1.0,11.883600000000001,False,66.10119999999999,77.98479999999999,35.98880000000001,24.10520000000001,0.010095440782606602,0.042902166193181816,20408.657366974956,17703.022890993612,0.0005116968425957383,33017.045454545456,25562.58615401047,2.3120398916887264,3.4651883768508465,7.013782658507594,16.96360115796816,11.335150860143811,15.610182595422595,52.505724952821986
102.19,102.218,USV_128,0.028000000000005798,1.0,11.883600000000001,False,66.10119999999999,77.98479999999999,36.088800000000006,24.205200000000005,0.011168541386723518,0.010817307692307692,14695.06365687344,18023.287635446348,0.00016289535981864754,31550.48076923077,26815.48916284517,2.109632684640764,3.6974141618244523,4.267794735880911,16.18477233320835,9.42905950876907,14.953592404209823,50.478320857414694
102.42699999999999,102.454,USV_129,0.027000000000001023,1.0,11.883600000000001,False,66.10119999999999,77.98479999999999,36.3258,24.4422,0.01212298683822155,0.037278395432692304,18439.20838727233,16259.045529646322,8.879307976439358e-05,32560.096153846152,27890.18548293178,1.9189908267776943,5.066574462517957,6.869527434844617,16.530769449837855,11.71278732584046,14.661703942631076,52.748235630214786
102.661,102.672,USV_130,0.01099999999999568,1.0,11.883600000000001,False,66.10119999999999,77.98479999999999,36.55980000000001,24.67620000000001,0.008950673043727875,0.029866536458333332,20817.704424283398,21483.82197634352,0.0014228617993015955,36062.5,26580.92412481509,3.9446200559028717,6.377440153858866,4.4336724350085825,13.615798927685207,9.577977913941343,12.909020665231521,43.99241276238903
102.752,102.779,USV_131,0.027000000000001023,1.0,11.883600000000001,False,66.10119999999999,77.98479999999999,36.650800000000004,24.767200000000003,0.009409517981112003,0.022198016826923076,18114.04136247625,17708.31733883934,0.0004245169581242261,33122.596153846156,23413.032745760516,2.5151366981666046,5.950790768474068,5.054669243022739,15.60922979982548,10.79885496146492,14.069730662774875,51.6712476225196
102.894,102.906,USV_132,0.012000000000000455,1.0,11.883600000000001,False,66.10119999999999,77.98479999999999,36.792800000000014,24.909200000000013,0.011743513867259026,0.030796595982142856,19073.30050803755,20154.480540183962,0.0005627887417149821,33093.75,25018.07075322406,3.8798021819212445,7.572068284976415,6.361606235210971,15.854008766646107,9.9489629914176,14.978160582918534,41.78159709719298
103.049,103.085,USV_133,0.03599999999998715,1.0,11.883600000000001,False,66.10119999999999,77.98479999999999,36.947800000000015,25.064200000000014,0.012895848602056503,0.020599365234375,14756.213584441579,18502.47769383118,0.0004688689605599173,31265.625,21647.484700298748,1.5177611247666647,7.2983822262586635,3.933198080960942,14.201230975106224,10.358374366887155,13.327783877018526,51.32365360042142
103.208,103.255,USV_134,0.046999999999997044,1.0,11.883600000000001,False,66.10119999999999,77.98479999999999,37.10680000000001,25.223200000000006,0.008678620681166649,0.02799072265625,16867.72951157732,16521.749461892432,0.00032442632738691044,33023.4375,21941.567256176833,2.3811681053682614,5.456685319128145,5.292345077861572,16.154910111728405,11.129688963662637,13.27040987829027,55.79401386280439
103.548,103.602,USV_135,0.054000000000002046,1.0,11.883600000000001,False,66.10119999999999,77.98479999999999,37.44680000000001,25.56320000000001,0.009896748699247837,0.020667034646739132,15410.205553723314,16564.51512823696,0.00016203032445503193,31952.445652173912,22154.10127053821,3.4233450874040154,6.330228647094572,5.769950877302323,15.434309616932099,10.080523917696208,15.665053145917083,55.48851332839879
103.772,103.816,USV_136,0.04399999999999693,1.0,11.883600000000001,False,66.10119999999999,77.98479999999999,37.670800000000014,25.787200000000013,0.008185995742678642,0.03139134457236842,15983.666229756012,16826.352533938054,7.073667617703306e-05,31968.75,19583.353685096303,2.316201578482424,3.894055168593289,6.50945305080067,15.426317639060278,10.924948437137191,16.463730094800002,53.96359399316239
104.145,104.194,USV_137,0.049000000000006594,1.0,11.883600000000001,False,66.10119999999999,77.98479999999999,38.043800000000005,26.160200000000003,0.012925167568027973,0.030970982142857144,15333.52833342168,14840.674545176202,6.778981356254898e-05,29477.678571428572,17356.105265372276,2.3501317842998555,7.793775381302005,7.052386115344722,15.079012062537087,11.069781337709683,15.583873965437196,56.42869648849686
104.471,104.609,USV_138,0.13799999999999102,1.0,11.883600000000001,False,66.10119999999999,77.98479999999999,38.36980000000001,26.48620000000001,0.008969063870608807,0.02888093171296296,16381.571997698575,14903.523216325682,7.758754955584574e-05,32588.541666666668,24745.145024520927,2.1480373241439192,4.265273669811107,5.484816277058741,17.70452142378442,12.688131034621302,14.191543032919014,60.32340969990303
104.991,105.053,USV_139,0.06199999999999761,1.0,11.883600000000001,False,66.10119999999999,77.98479999999999,38.88980000000001,27.006200000000007,0.01226682960987091,0.01673302283653846,14356.918133167754,16535.186019407814,0.00019229391451714534,30800.48076923077,24208.968642940596,2.6119256238709445,4.72071387000137,4.70225504526575,15.674334684529649,11.322089447303833,13.61342824033291,54.511550068618774
105.09,105.102,USV_140,0.012000000000000455,1.0,11.883600000000001,False,66.10119999999999,77.98479999999999,38.98880000000001,27.10520000000001,0.007317645009607077,0.028215680803571428,19148.96395682788,20603.65256269571,0.0007799325766746729,34580.357142857145,25854.244934047187,1.38651323044531,5.177413758102811,6.61389734088732,15.759616663135253,8.586388025762718,14.094404054695788,42.218705293245606
105.368,105.414,USV_141,0.04600000000000648,1.0,11.883600000000001,False,66.10119999999999,77.98479999999999,39.2668,27.383200000000002,0.010934675112366676,0.023388671875,15122.829887655616,14182.30636324145,1.4130355216898481e-05,30121.875,21207.748330464186,3.7292061038418587,5.61910663784535,5.722561526312616,17.101129790773278,12.126957286710455,14.76273506748765,56.709832911737124
105.71,105.741,USV_142,0.03100000000000591,1.0,11.883600000000001,False,66.10119999999999,77.98479999999999,39.6088,27.7252,0.009144200012087822,0.013741629464285714,16087.447241482249,18760.286040575105,0.0008313259691912588,32424.10714285714,17975.46076322241,2.828134552948131,3.935955222965414,5.398271795583654,15.05689595986234,13.370189774497579,15.227079783127037,50.83029278802017
105.951,105.96,USV_143,0.009000000000000341,1.0,11.883600000000001,False,66.10119999999999,77.98479999999999,39.8498,27.9662,0.005895717069506645,0.018391927083333332,19202.162126682808,25601.154130104307,0.0017248828745787114,34875.0,15556.502206094714,1.9325604753397236,3.4992576197181293,7.490518725130438,12.467539346329751,7.50657346931872,11.095167139708664,35.14516906941842
106.349,106.387,USV_144,0.0379999999999967,1.0,11.883600000000001,False,66.10119999999999,77.98479999999999,40.24780000000001,28.36420000000001,0.007501782849431038,0.025534237132352942,16477.065776258445,16609.732572118526,0.00041876160473493717,32349.264705882353,23238.78330673821,2.2839265696892954,3.7821437057510887,6.123685406104172,16.337784698845514,10.677515930695987,14.336841632372845,55.1346815862105
106.524,106.56,USV_145,0.036000000000001364,1.0,11.883600000000001,False,66.10119999999999,77.98479999999999,40.42280000000001,28.539200000000008,0.01055500004440546,0.019744873046875,15335.102483202292,17884.890237625383,0.00048516282788576594,31148.4375,19918.09823802866,2.937330286698674,7.7753639237435,7.4592184256066725,15.982895567945288,10.263328053912463,14.389854503347756,51.21193873793413
106.729,106.762,USV_146,0.03300000000000125,1.0,11.883600000000001,False,66.10119999999999,77.98479999999999,40.62780000000001,28.744200000000006,0.00880372989922762,0.02451171875,15709.181707481515,17841.311003604456,0.0005502553448795118,31500.0,21773.036741325046,3.0001917754131813,3.909627997364537,6.30497278466723,16.85794947827834,12.751120896231685,13.552399616965706,51.408479148738465
109.254,109.263,USV_147,0.009000000000000341,1.0,11.883600000000001,False,66.10119999999999,77.98479999999999,43.15280000000001,31.269200000000012,0.006590142380446196,0.025065104166666668,19806.730732724824,23027.683702701994,0.001168742697971357,32890.625,21723.583853456465,0.6575120247101435,4.933345228612459,5.240350264875009,11.333423707061327,10.377141317659559,12.427578319582814,36.84256433340007
109.42099999999999,109.51,USV_148,0.08900000000001285,1.0,11.883600000000001,False,66.10119999999999,77.98479999999999,43.3198,31.4362,0.009549877606332302,0.015245225694444444,14008.288000058246,15019.132411705954,6.035361761516612e-05,30322.916666666668,21227.063318813478,2.9057202550825565,3.6889834461110027,5.0789431980378,16.195032249203482,11.804166960467814,13.651244508549885,58.52517746095119
109.541,109.549,USV_149,0.008000000000009777,1.0,11.883600000000001,False,66.10119999999999,77.98479999999999,43.439800000000005,31.556200000000004,0.008359339088201523,0.0154296875,19187.24372956189,21496.137402008833,0.0006556172958782133,31462.5,26289.294907673124,1.91998849209454,2.2805675272289583,5.2951875460092825,11.0683938899459,9.649058562112291,18.468104284201523,35.40818955182952
109.645,109.674,USV_150,0.029000000000010573,1.0,11.883600000000001,False,66.10119999999999,77.98479999999999,43.543800000000005,31.660200000000003,0.011721501126885414,0.009164663461538462,15862.17478372432,18524.752077260273,0.00031143135735008657,32084.134615384617,20891.029062671358,2.509218540989698,3.850196756890106,4.686519735065658,14.388480179441512,11.308717721697171,14.875647456123422,50.888072825304235
109.757,109.841,USV_151,0.08399999999998897,1.0,11.883600000000001,False,66.10119999999999,77.98479999999999,43.65580000000001,31.772200000000012,0.008514266461133957,0.03288717830882353,15401.953527682072,14158.246986378626,4.7005594625085303e-05,30052.389705882353,18938.83094739412,2.4246262667554865,5.1780368841115925,6.35018498479174,16.47570404015012,12.035029098954865,15.25361680594422,60.26737141239243
111.773,111.783,USV_152,0.010000000000005116,1.0,11.883600000000001,False,66.10119999999999,77.98479999999999,45.671800000000005,33.7882,0.0077657196670770645,0.022786458333333332,17542.23268603405,19345.820224033272,0.0005146794821179884,31640.625,18743.161908792164,1.81289684913893,5.852131588934775,4.3399394501849295,10.936513155159181,14.381482927245964,14.556646494115414,39.24369294658853
111.904,111.919,USV_153,0.015000000000000568,1.0,11.883600000000001,False,66.10119999999999,77.98479999999999,45.802800000000005,33.919200000000004,0.00962134264409542,0.0218505859375,15946.619354551887,17666.3174017125,0.00037444586577281666,31007.8125,22559.382755730705,1.694013057509801,5.302474082545622,8.251721637099383,17.763467347080343,11.02641070969479,15.031008988095309,44.90215468350693
112.468,112.517,USV_154,0.04899999999999238,1.0,11.883600000000001,False,66.10119999999999,77.98479999999999,46.36680000000001,34.48320000000001,0.007998045533895493,0.03184291294642857,16315.176560005215,15956.750386336025,0.00010327245914113556,31459.821428571428,21705.595700842558,3.3614903439269535,5.419908562482193,5.9342384773164145,16.37531564172129,12.082336388652786,15.297309498370453,56.269429570815625
112.893,112.993,USV_155,0.09999999999999432,1.0,11.883600000000001,False,66.10119999999999,77.98479999999999,46.79180000000001,34.90820000000001,0.008498897776007652,0.0296630859375,15908.917608693295,14692.643716401373,9.125012232334774e-05,30780.46875,18512.69614389332,2.051430837200895,4.6747738072374805,5.335303097194791,15.035518390873088,11.89064723364815,13.522630298843291,60.19719337794138
113.061,113.127,USV_156,0.06599999999998829,1.0,11.883600000000001,False,66.10119999999999,77.98479999999999,46.959800000000016,35.076200000000014,0.010528630577027798,0.04145869502314815,17210.019838558484,14394.003262182458,9.9125272879381e-05,30625.0,22354.17144848668,2.8769403081016236,3.9570265579029527,6.270169659930763,17.469160046131044,10.177350565316342,13.365966454265106,59.96165770501363
113.205,113.275,USV_157,0.07000000000000739,1.0,11.883600000000001,False,66.10119999999999,77.98479999999999,47.10380000000001,35.220200000000006,0.010762318037450314,0.03872575431034483,16672.648250708484,16540.180910905678,0.0005511098596461378,31803.879310344826,23037.464532707163,2.084890305331233,5.864839821159285,5.267899098809499,14.74683172046488,11.132578286271427,14.623503907189509,58.438118916537
113.385,113.418,USV_158,0.03300000000000125,1.0,11.883600000000001,False,66.10119999999999,77.98479999999999,47.283800000000014,35.40020000000001,0.010587017051875591,0.058333333333333334,18153.28496395616,15884.670486987568,5.4836217147757466e-05,30587.5,24943.022968028068,2.5767877324159842,4.687568277462689,4.194709214836799,16.098079237527664,10.669287302104722,14.477332030851358,55.868553373512334
114.43,114.445,USV_159,0.014999999999986358,1.0,11.883600000000001,False,66.10119999999999,77.98479999999999,48.328800000000015,36.445200000000014,0.006425419822335243,0.0472412109375,19010.2484250825,17095.223249708168,0.00021321505727112794,34136.71875,25939.180428392523,2.975626046307789,4.300000063394037,6.292010149100821,14.988880307860676,10.404632231816247,15.224432029651052,46.52416928519732
114.48,114.5,USV_160,0.01999999999999602,1.0,11.883600000000001,False,66.10119999999999,77.98479999999999,48.37880000000001,36.49520000000001,0.01062862016260624,0.02177734375,15728.46352815745,18888.92538983042,0.0009083105783715937,31265.625,22705.2402723164,1.852238934215834,5.034947197724397,6.544374060895146,16.256753940708354,10.848332322501454,13.262900813464807,46.51404671732469
114.58,114.599,USV_161,0.019000000000005457,1.0,11.883600000000001,False,66.10119999999999,77.98479999999999,48.47880000000001,36.595200000000006,0.007304721977561712,0.0224609375,16281.270371087661,19213.425090892695,0.0006964839764829419,33215.625,21630.785771317587,2.610770831777294,3.215494934902092,6.331636135408649,15.360369963466535,8.799003122931905,11.591159787106685,47.343607663530044
114.797,114.833,USV_162,0.036000000000001364,1.0,11.883600000000001,False,66.10119999999999,77.98479999999999,48.695800000000006,36.812200000000004,0.007316769100725651,0.0264129638671875,15625.113722977903,17350.887527717678,0.00027255665081790377,31623.046875,17324.70458335693,1.9485246399144551,3.9632246992751266,5.098446081192449,15.473163491592228,11.05735588669856,13.775534588429634,53.10873689214877
115.211,115.224,USV_163,0.01300000000000523,1.0,11.883600000000001,False,66.10119999999999,77.98479999999999,49.10980000000001,37.226200000000006,0.007790674455463886,0.024309430803571428,19807.89137742465,19909.70057437113,0.00044991171500450243,35531.25,27938.98381434518,2.3962310927812203,3.4536430571669356,6.015065670727553,17.327124182775048,10.117262982965055,13.92825246028582,43.00932990614226
115.287,115.332,USV_164,0.044999999999987494,1.0,11.883600000000001,False,66.10119999999999,77.98479999999999,49.185800000000015,37.30220000000001,0.010979820974171162,0.013774671052631578,13804.206671956761,14875.75313040627,3.887550616581317e-06,30769.736842105263,25164.79165107646,2.433517772082527,5.202585976125929,5.122291589987506,17.01319238749256,11.918787002374991,13.568576536841794,56.01155247420586
115.375,115.457,USV_165,0.08199999999999363,1.0,11.883600000000001,False,66.10119999999999,77.98479999999999,49.27380000000001,37.39020000000001,0.010137437842786312,0.029200698390151516,16468.88161367758,14557.058926483054,0.0001248864760358089,31397.727272727272,24943.107636288583,2.2447243409038062,6.5230220955077,4.692477162790874,16.837143824249036,11.014541560050358,14.833884997619489,58.889929387875085
116.397,116.434,USV_166,0.03699999999999193,1.0,11.883600000000001,False,66.10119999999999,77.98479999999999,50.295800000000014,38.41220000000001,0.010483238846063614,0.012939453125,14956.070800323865,16286.184539992824,8.45644616387463e-05,30919.921875,23005.574595458173,2.393493063875432,4.3925935461757994,5.646642136169586,15.328944186094215,12.16992725900986,14.957486870992316,53.76879245828514
116.571,116.589,USV_167,0.018000000000000682,1.0,11.883600000000001,False,66.10119999999999,77.98479999999999,50.469800000000006,38.586200000000005,0.005602527875453234,0.033745659722222224,16557.835752556308,16605.64735097854,0.00014887559449262716,32260.416666666668,20862.10726292915,1.9596094515118112,2.523897175195346,8.043246355252084,17.279413223254867,11.305448552069619,13.280791365424351,47.976495206434066
116.665,116.741,USV_168,0.0759999999999934,1.0,11.883600000000001,False,66.10119999999999,77.98479999999999,50.563800000000015,38.68020000000001,0.011354015208780766,0.025532384072580645,14447.575644171066,14796.764304615244,5.042524624042152e-05,30423.387096774193,19929.72747915443,2.1601651023355424,6.259470397472787,5.247279341127364,17.584021689808033,12.128040751879837,13.651839978257161,57.38062156794962
117.315,117.361,USV_169,0.04600000000000648,1.0,11.883600000000001,False,66.10119999999999,77.98479999999999,51.213800000000006,39.330200000000005,0.00847007054835558,0.02452392578125,16518.62853170867,16589.818617792647,0.000690813229622039,32235.9375,21414.497848696734,2.336989231658177,4.558016754785095,5.908804621576956,16.63481928232832,11.515044989077875,14.161105814189842,55.11917041970953
117.543,117.55799999999999,USV_170,0.014999999999986358,1.0,11.883600000000001,False,66.10119999999999,77.98479999999999,51.441800000000015,39.558200000000014,0.008321724832057953,0.0198974609375,19286.656565933947,22385.357578537903,0.0005122772790145025,35332.03125,26376.863568802717,2.0674425360440276,4.084862945203717,4.468283566861469,14.492720514836115,9.122496607681125,12.08956998975927,42.89785843314651
117.772,117.88,USV_171,0.10799999999998988,1.0,11.883600000000001,False,66.10119999999999,77.98479999999999,51.670800000000014,39.78720000000001,0.009776032529771328,0.023238780886627907,15500.662275320366,15671.830965235016,0.00018781540160909838,31868.45930232558,25676.74640199682,2.3015780629337517,4.759674486919516,5.032603763105347,16.163288148952212,13.114922266204493,15.116476878155948,59.067652804342224
118.278,118.353,USV_172,0.07499999999998863,1.0,11.883600000000001,False,66.10119999999999,77.98479999999999,52.176800000000014,40.29320000000001,0.009383706375956535,0.018147786458333332,15437.625528321621,15125.464419327578,7.749674857825244e-05,31084.375,26877.435748329197,2.6349916467110157,3.2502758106183562,5.022606972409688,16.337604357555684,10.968157638750986,15.212129076868782,59.65833816932128
119.182,119.284,USV_173,0.10200000000000387,1.0,11.883600000000001,False,66.10119999999999,77.98479999999999,53.08080000000001,41.19720000000001,0.010154671035706997,0.025146484375,15747.114822969008,14818.872884930906,0.00026908604656568943,31081.55487804878,25754.67111184686,2.6375399478755193,6.25062619854045,5.685432079864473,17.38801153336937,11.249711112304665,14.698544858873344,59.98139433198004
120.405,120.493,USV_174,0.08799999999999386,1.0,11.883600000000001,False,66.10119999999999,77.98479999999999,54.30380000000001,42.42020000000001,0.010100791230797768,0.02484654017857143,14886.345804654438,15561.995117305505,9.962842804720477e-05,31467.85714285714,25982.81257197205,2.4855335347351923,5.301805819513066,4.774901283903134,15.635417529715323,11.582758829882055,15.819762536835535,57.412355637190196
120.611,120.642,USV_175,0.0309999999999917,1.0,11.883600000000001,False,66.10119999999999,77.98479999999999,54.50980000000001,42.62620000000001,0.011332600377500057,0.010951450892857142,15957.82000443705,17405.382188902928,0.00022135820391508567,31707.589285714286,27348.028948577587,3.0792232146009084,4.065316332669061,4.58598048811646,15.55947991316012,11.14886057743645,14.515893247938,52.51226963883857
121.107,121.129,USV_176,0.02200000000000557,1.0,11.883600000000001,False,66.10119999999999,77.98479999999999,55.00580000000001,43.12220000000001,0.012806972488760948,0.01407137784090909,13969.798875389288,18525.49257117195,0.00042084492500578244,31099.43181818182,24100.865330140794,1.9974624051668066,6.097787136964195,5.292716858310345,15.960603461932719,11.94618700751613,13.016133378180928,46.99846841638577
121.164,121.23,USV_177,0.0660000000000025,1.0,11.883600000000001,False,66.10119999999999,77.98479999999999,55.06280000000001,43.17920000000001,0.008514150977134705,0.03273292824074074,17731.315371814453,16812.488052012046,0.00038899816702316975,33166.666666666664,27070.62958823124,2.5554998048744046,3.635326543752193,5.445379914844229,17.06673879749877,11.326501751848694,14.255446667178909,58.03855101043829
121.271,121.406,USV_178,0.13500000000000512,1.0,11.883600000000001,False,66.10119999999999,77.98479999999999,55.16980000000001,43.28620000000001,0.010794540867209435,0.027808999115566037,15717.048043491508,14538.636754176156,1.2340066017651136e-05,30995.872641509435,26083.564006697543,2.458151252336692,6.5043627792872085,5.125863481980953,18.172638716489693,11.380311938130191,15.211237602729874,60.8058980687269
121.788,121.828,USV_179,0.04000000000000625,1.0,11.883600000000001,False,66.10119999999999,77.98479999999999,55.686800000000005,43.803200000000004,0.008340481668710709,0.024514590992647058,15957.37243972269,16754.30463582303,0.00012392341741922447,31825.367647058825,23066.385723728086,2.1771518356253954,4.317110410416538,5.259000936817836,15.778055642711692,11.65033166114941,15.603145104440594,55.19572127814601
121.868,121.94,USV_180,0.07200000000000273,1.0,11.883600000000001,False,66.10119999999999,77.98479999999999,55.7668,43.8832,0.007978272624313831,0.03551825161637931,17008.16394115694,14808.057993934275,9.815791928316184e-05,32524.78448275862,27790.9915274218,2.552494576159582,2.526434143351908,4.7702848073010955,16.969024795075487,12.174909105888586,14.459798556303308,60.032337052204156
122.09,122.181,USV_181,0.09099999999999397,1.0,11.883600000000001,False,66.10119999999999,77.98479999999999,55.98880000000001,44.10520000000001,0.009896009229123592,0.03525119357638889,16476.731528873104,15036.027056865827,0.00011979987849636777,31226.5625,25503.816278056504,2.3900300482916057,4.491801246090431,6.407130853658274,16.744829787251366,11.965592871870285,14.53913138928484,60.56862720657378
122.245,122.295,USV_182,0.04999999999999716,1.0,11.883600000000001,False,66.10119999999999,77.98479999999999,56.14380000000001,44.26020000000001,0.008570677600800991,0.027436755952380952,15706.440424865848,16322.501009345187,0.0002611927454055678,31741.071428571428,24814.42983327812,2.0911301407277882,3.782068272415498,6.226831334664327,16.810991651931552,10.553618929388115,14.14969243794345,55.0627300684395
122.768,122.798,USV_183,0.030000000000001137,1.0,11.883600000000001,False,66.10119999999999,77.98479999999999,56.66680000000001,44.78320000000001,0.012038162909448147,0.020978655133928572,15721.476516672989,17236.77230327949,0.0006643187138804612,31158.48214285714,25787.199254240528,2.43856812723723,6.059558174309193,4.7433219490521354,15.149591340826804,9.713987955096542,14.434774872661182,51.58093864358712
124.05799999999999,124.07,USV_184,0.012000000000000455,1.0,11.883600000000001,False,66.10119999999999,77.98479999999999,57.9568,46.0732,0.00826563872396946,0.027901785714285716,16801.174674274644,15735.406371184752,8.008250900265193e-05,31111.60714285714,25711.026237435075,1.831851584753091,4.728552317820843,7.154119014433147,11.758355574189347,8.536379561237808,13.088696500380262,47.283936461622254
125.149,125.163,USV_185,0.013999999999995794,1.0,11.883600000000001,False,66.10119999999999,77.98479999999999,59.04780000000001,47.16420000000001,0.0074517023749649525,0.0181884765625,16894.74491414155,19455.405407424634,0.00023442752560225006,31652.34375,26381.839643804342,2.3699832022805003,3.280748837505617,2.957923594876708,15.537146444500841,11.211670951664065,14.83163840546236,44.55467678529802
125.452,125.51,USV_186,0.058000000000006935,1.0,11.883600000000001,False,66.10119999999999,77.98479999999999,59.35080000000001,47.467200000000005,0.007667419034987688,0.018910725911458332,15662.037348061216,15019.639167673487,2.5686052751560133e-05,31718.75,24113.16739907846,2.4210304650178456,3.9193289497463426,4.992745316264316,15.25083405095304,12.73731027371376,14.227538522170756,58.58957952107138
125.68,125.694,USV_187,0.013999999999995794,1.0,11.883600000000001,False,66.10119999999999,77.98479999999999,59.578800000000015,47.695200000000014,0.0076735420152544975,0.017120361328125,16988.520720685898,18849.91601547755,0.00021578130440900583,32156.25,27838.77002484371,2.2162411015007435,2.288303711388244,4.217097147289378,12.706458422537438,11.297236920580227,12.7202880160857,45.065386218904585
125.724,125.761,USV_188,0.03699999999999193,1.0,11.883600000000001,False,66.10119999999999,77.98479999999999,59.62280000000001,47.73920000000001,0.008866065181791782,0.0312042236328125,15438.48680087248,14774.276607992666,6.285644694243305e-05,30093.75,25860.45890640374,1.8130827626299404,3.329032757797101,4.672277715283706,17.487560904720837,10.995923753141312,15.391488612398595,55.99271810245588
125.911,125.948,USV_189,0.03699999999999193,1.0,11.883600000000001,False,66.10119999999999,77.98479999999999,59.80980000000001,47.92620000000001,0.009592734277248383,0.021697998046875,15066.49045362154,16090.74156798541,2.9143803229597088e-05,30621.09375,23953.965512768973,2.4046691783512317,5.265133480186763,5.342581877018261,17.14810725496093,10.852035732919454,14.133175044033639,53.27403136022974
126.709,126.773,USV_190,0.06399999999999295,1.0,11.883600000000001,False,66.10119999999999,77.98479999999999,60.60780000000001,48.72420000000001,0.009846428409218788,0.03076171875,14915.246290966972,14446.908925227322,3.5013892937749605e-05,30724.759615384617,19070.11299255582,3.483143674594537,5.3934230825803064,5.331544119589056,18.184571633218887,12.403708023166057,13.407940598738072,59.52370400890603
127.564,127.605,USV_191,0.04100000000001103,1.0,11.883600000000001,False,66.10119999999999,77.98479999999999,61.4628,49.5792,0.011254189535975456,0.012898763020833334,15512.581764465514,17475.376294937127,0.00015244628554003501,32229.166666666668,26502.31248612736,2.6432893372639463,4.33751041490572,5.420329019895307,17.18579553789335,11.275071714411023,14.09487090749667,53.30942587956676
127.681,127.706,USV_192,0.025000000000005684,1.0,11.883600000000001,False,66.10119999999999,77.98479999999999,61.579800000000006,49.696200000000005,0.00883596483618021,0.020100911458333332,16422.37736136691,19535.340984857477,0.00021876649236738047,33093.75,18980.16968934352,2.5142859836393776,3.004039502452793,5.7018486541822115,15.289501642099909,10.440963915058608,14.418756164614388,48.95349902152321
127.753,127.785,USV_193,0.031999999999996476,1.0,11.883600000000001,False,66.10119999999999,77.98479999999999,61.65180000000001,49.76820000000001,0.010307973250746727,0.028913225446428572,16765.651602937265,17342.174266229882,0.000158520698873825,32611.60714285714,24869.443561775,1.3754172397711961,5.869014960362103,5.940394238619359,16.87443255741369,12.446031439398697,14.423043664436483,52.13057906451469
127.909,127.977,USV_194,0.06799999999999784,1.0,11.883600000000001,False,66.10119999999999,77.98479999999999,61.807800000000015,49.92420000000001,0.010425018146634102,0.018607003348214284,14933.98645411014,16854.293248656857,0.00024163889888548421,31386.160714285714,23423.226302347986,2.8797716852596063,5.6850297936523635,5.29797569983861,16.129020278767197,11.016645339946056,13.98315158032453,55.70335530103693
128.075,128.138,USV_195,0.0630000000000166,1.0,11.883600000000001,False,66.10119999999999,77.98479999999999,61.9738,50.090199999999996,0.008478755131363869,0.021305964543269232,15466.16624382605,16081.537570773364,8.178823420249257e-05,31986.778846153848,23841.72249699545,1.8066304393226795,3.1377266696129067,6.032786243881254,16.801930044176633,12.495212900643025,13.875380575430068,57.52609730182629
129.175,129.219,USV_196,0.04399999999998272,1.0,11.883600000000001,False,66.10119999999999,77.98479999999999,63.07380000000002,51.19020000000002,0.009628407657146454,0.019261410361842105,14700.372325850598,14762.738211625328,2.5450729175487764e-05,30503.28947368421,25187.432780266052,2.3433596934527494,5.46589684725631,4.541432110692173,18.290729531258332,12.55796671625886,14.10127878175667,55.632716991101866
129.482,129.527,USV_197,0.044999999999987494,1.0,11.883600000000001,False,66.10119999999999,77.98479999999999,63.38080000000001,51.49720000000001,0.008463251404464245,0.02963096217105263,16309.070869162617,17397.233239086865,0.00030369958214944914,32175.986842105263,16673.589646253655,3.48965614032076,6.602958423198759,5.070012535653856,15.133981744464773,11.094270750345773,13.794560460910436,54.905042342777755
130.53,130.574,USV_198,0.04400000000001114,1.0,11.883600000000001,False,66.10119999999999,77.98479999999999,64.42880000000001,52.54520000000001,0.011044585146009922,0.006527549342105263,15241.610001508141,17073.34157503391,0.00022745310529496157,31455.592105263157,23026.974598373512,2.6016721408339873,3.266182604665733,5.633311567211762,15.605648532761208,10.363339887244424,14.004388360014906,53.804782069870015
130.657,130.697,USV_199,0.03999999999999204,1.0,11.883600000000001,False,66.10119999999999,77.98479999999999,64.55580000000002,52.67220000000002,0.008658400736749172,0.016946231617647058,15475.432773869026,17183.042615221068,0.00017179482641572133,32619.485294117647,23186.275808538947,1.9821130345315585,3.835134083466798,5.308524485119246,16.579318030317097,11.43368718864162,12.740177370217541,53.973389313856785
131.316,131.338,USV_200,0.02199999999999136,1.0,11.883600000000001,False,66.10119999999999,77.98479999999999,65.21480000000001,53.33120000000001,0.007407231722027063,0.029097123579545456,17629.286617205675,18310.455684148135,0.0003554135828660284,33485.795454545456,24736.406626712367,1.9370263629868945,4.403741667793419,4.376870816894051,11.853260981746741,11.660563458397842,13.550729928163417,49.586614825710555
132.771,132.78,USV_201,0.009000000000014552,1.0,11.883600000000001,False,66.10119999999999,77.98479999999999,66.6698,54.786199999999994,0.009295796044170856,0.0220947265625,17792.551738879356,20939.784425803056,0.0004905923726133877,30937.5,23693.143039611063,1.7236449375949798,5.255089866388513,4.342502358272674,13.58017385726434,12.937966144650062,11.494374587630794,38.26293059063044
132.9,132.931,USV_202,0.03100000000000591,1.0,11.883600000000001,False,66.10119999999999,77.98479999999999,66.79880000000001,54.91520000000001,0.009250806644558907,0.023472377232142856,17129.323588456362,17092.7207496941,0.00012236588631808992,31620.535714285714,25669.322741415537,2.372915963355705,4.17386447366349,6.239244932323166,14.813218447071394,11.839235980381224,15.361708601290728,53.12854906430102
133.011,133.02,USV_203,0.009000000000014552,1.0,11.883600000000001,False,66.10119999999999,77.98479999999999,66.9098,55.0262,0.011686955578625202,0.01171875,18057.954783833953,23279.842906538877,0.0002648746133606088,32515.625,25408.040797342983,2.0095788484318087,4.231743709941325,2.943348054556824,10.62930319119067,8.497107401996763,11.38736053201515,35.827055748024215
133.069,133.097,USV_204,0.02800000000002001,1.0,11.883600000000001,False,66.10119999999999,77.98479999999999,66.9678,55.084199999999996,0.00762873375788331,0.031156099759615384,17550.469334508052,16150.791320698134,7.631925040223478e-05,33057.692307692305,25450.505950582585,2.83839852245092,3.8622554471014685,5.434189654121694,20.289425600413477,11.272245720677178,13.737333639519534,53.50597747896619
133.218,133.227,USV_205,0.009000000000014552,1.0,11.883600000000001,False,66.10119999999999,77.98479999999999,67.1168,55.2332,0.00629633292555809,0.024495442708333332,18886.174331746963,21995.490835401335,0.0006258541839345798,33421.875,15202.623534938286,1.4948937426229103,5.4575227077690895,5.465350230952255,12.531913306285631,8.698223397297992,13.229740309942073,37.93206090049391
133.406,133.474,USV_206,0.06799999999998363,1.0,11.883600000000001,False,66.10119999999999,77.98479999999999,67.30480000000001,55.42120000000001,0.009087974205613136,0.022556849888392856,15862.260646128982,17030.98523827531,0.00017667274647864315,32825.892857142855,27894.209434641543,2.6539051781743113,3.6266241698615795,5.6286616612527025,16.56361674267519,10.778711040261493,14.720217287934384,55.93531448357602
133.565,133.575,USV_207,0.009999999999990905,1.0,11.883600000000001,False,66.10119999999999,77.98479999999999,67.4638,55.580200000000005,0.008885581977665424,0.011311848958333334,17556.10294058399,22997.51444171923,0.0006620876162671437,33000.0,14868.117547152664,2.275199501514757,2.180595058799529,4.749123732482215,12.414472822101196,9.281351284961428,14.167655189145265,37.060937054107654
133.97899999999998,133.995,USV_208,0.016000000000019554,1.0,11.883600000000001,False,66.10119999999999,77.98479999999999,67.8778,55.99419999999999,0.008094847202301025,0.02459716796875,14720.429751953445,15722.052619640719,1.943688580946684e-05,31875.0,22954.436247383084,1.7547206321750308,4.20122303255831,4.65864087536653,14.643736351198337,12.393177508344166,14.424870195283749,48.00073226630432
134.483,134.57,USV_209,0.08699999999998909,1.0,11.883600000000001,False,66.10119999999999,77.98479999999999,68.38180000000001,56.49820000000001,0.01032243762165308,0.019873046875,14527.03214274867,16319.911005172606,7.255305637002556e-05,31317.85714285714,24779.194418714127,2.0149716398653377,5.784882738521398,5.823711044765917,16.98867956873966,11.902162359487457,13.942631857551268,56.40853951199409
134.654,134.746,USV_210,0.09200000000001296,1.0,11.883600000000001,False,66.10119999999999,77.98479999999999,68.5528,56.669200000000004,0.01107714045792818,0.023503483952702704,14617.81073541799,14751.711455928007,5.094132229714781e-05,30521.95945945946,25685.272836917993,3.618619118781253,6.859429057744585,4.723289285889044,17.562437837807718,11.879818168945919,14.852843159535908,59.521400757585944
134.822,134.916,USV_211,0.09399999999999409,1.0,11.883600000000001,False,66.10119999999999,77.98479999999999,68.72080000000001,56.83720000000001,0.010244830511510372,0.02580823396381579,15964.043852174318,15076.623734833385,5.799396535139266e-05,31936.677631578947,23909.750797871024,2.2436630109465887,5.6072090688487775,5.138412966948416,16.529898676554293,11.931742369173534,14.555177207419897,58.64048214626795
134.981,135.04,USV_212,0.0589999999999975,1.0,11.883600000000001,False,66.10119999999999,77.98479999999999,68.8798,56.9962,0.009853619150817394,0.0184326171875,14638.397113769783,15544.864016042111,0.00019597513504761405,31031.25,22626.252345813165,2.757222744689869,5.907113442322864,5.499581923203163,17.148626998198985,11.764891804825671,15.30817866753768,57.29215681080013
135.166,135.177,USV_213,0.01099999999999568,1.0,11.883600000000001,False,66.10119999999999,77.98479999999999,69.0648,57.181200000000004,0.0106961689889431,0.013997395833333334,18298.08962310689,22169.768688494238,0.0012402937908910852,32796.875,16458.352709831135,2.0489154842476265,3.678182653280627,6.841221819220288,14.240341223775518,10.320344466483967,12.687701900410516,42.6869383128166
135.305,135.35,USV_214,0.044999999999987494,1.0,11.883600000000001,False,66.10119999999999,77.98479999999999,69.20380000000002,57.320200000000014,0.00676781265065074,0.028770045230263157,16237.944921776554,15482.97666923876,2.462724401664747e-05,32674.342105263157,27359.397937665093,2.645979271495495,4.687413164945521,4.724084849047838,17.860526625260537,11.9579196620984,15.820481451816988,56.09965302096503
135.669,135.679,USV_215,0.009999999999990905,1.0,11.883600000000001,False,66.10119999999999,77.98479999999999,69.56780000000002,57.68420000000002,0.007929294370114803,0.009440104166666666,20049.73195342069,25347.13394894847,0.0008613414799541579,35906.25,17954.554901795866,2.4531222299203943,0.8654454864947745,5.780037223339664,11.863535600314842,9.048290264866127,15.405467453756977,35.903029655838196
135.794,135.819,USV_216,0.024999999999977263,1.0,11.883600000000001,False,66.10119999999999,77.98479999999999,69.69280000000002,57.80920000000002,0.007800706196576357,0.01580810546875,17292.485559750774,19778.74560744552,0.00039586617793788576,33546.875,18723.227752191156,2.2872586938286905,4.531255203163605,4.112220581825987,14.365048634867987,11.802268342243112,14.097004162280953,49.27172865288489
135.891,135.899,USV_217,0.008000000000009777,1.0,11.883600000000001,False,66.10119999999999,77.98479999999999,69.7898,57.9062,0.010311690159142017,0.00712890625,13747.276327300093,16242.577045599368,2.8474322560849256e-05,29043.75,18104.017954872765,2.064592743134773,2.510385203452543,6.806122839573817,16.202820345974303,11.955059128761768,13.693265805696871,38.94788659928778
136.584,136.682,USV_218,0.09799999999998477,1.0,11.883600000000001,False,66.10119999999999,77.98479999999999,70.48280000000001,58.59920000000001,0.007935884408652782,0.02489608373397436,15668.937833732729,14963.095136357468,8.161468286648994e-05,31521.634615384617,24077.456655200196,2.5280108035393507,3.949951376379636,4.897689767585294,16.429527807925204,11.902599218913405,14.05194506154852,58.73937710057214
136.782,136.826,USV_219,0.04399999999998272,1.0,11.883600000000001,False,66.10119999999999,77.98479999999999,70.68080000000002,58.79720000000002,0.008981453254818916,0.016318873355263157,15010.080340116512,15538.513383732907,0.00010805680956373644,30912.82894736842,20921.141694650254,3.5936541994192766,4.53103503570961,5.267614796954198,15.570316106384189,10.253563433729571,15.598013257918689,55.78863238834813
136.945,136.99,USV_220,0.045000000000015916,1.0,11.883600000000001,False,66.10119999999999,77.98479999999999,70.8438,58.9602,0.010802856646478176,0.013890316611842105,14253.876361463326,16504.507286346736,0.00047819906645566585,31189.144736842107,21578.905309074238,2.498306260472205,5.72567712373696,5.467413378935312,17.05427839229475,10.079065922347526,15.554084615387072,54.415096878550564
137.128,137.157,USV_221,0.029000000000024784,1.0,11.883600000000001,False,66.10119999999999,77.98479999999999,71.0268,59.14319999999999,0.009042833000421524,0.02405724158653846,14804.98363323753,15421.149300710471,0.00010846593218988561,28918.26923076923,19091.23210575954,3.8134638329068604,7.310924412589039,5.892693066730834,16.155258231728393,9.943388735308158,15.56949858848059,54.686339910160704
137.321,137.409,USV_222,0.08799999999999386,1.0,11.883600000000001,False,66.10119999999999,77.98479999999999,71.2198,59.336200000000005,0.011325164698064327,0.014934430803571428,12870.275626433682,13220.705454286144,7.637182908740084e-05,26761.60714285714,15365.852408919576,2.3015125359927233,5.156216832877886,5.79437167092479,15.974011117401174,11.43387051106286,16.175378796788795,60.62604538980508
137.764,137.856,USV_223,0.09199999999998454,1.0,11.883600000000001,False,66.10119999999999,77.98479999999999,71.66280000000002,59.77920000000002,0.010240093804895878,0.025832717483108107,12582.426819261229,13371.249327901272,2.008210226772169e-05,27618.243243243243,18171.163923081265,2.0840559829272696,5.303141241211129,4.575059492822319,15.08529857335464,11.362070608310077,16.14791591692655,59.690500119363655
138.032,138.083,USV_224,0.05099999999998772,1.0,11.883600000000001,False,66.10119999999999,77.98479999999999,71.93080000000002,60.04720000000002,0.008528515696525574,0.027192615327380952,14614.562309258119,15233.402271755616,5.126154527018406e-05,31294.64285714286,26609.30569137048,1.7713689682658984,5.038871989270364,5.54736271321223,16.31971989776095,11.731187695397537,15.276088488184381,57.005814237208924
138.295,138.328,USV_225,0.03300000000001546,1.0,11.883600000000001,False,66.10119999999999,77.98479999999999,72.1938,60.310199999999995,0.008402315899729729,0.019791666666666666,16226.650139160834,18261.558237436067,0.00047827016541253706,32643.75,29275.704035763356,3.117530085539197,4.173541539293949,4.950510869774809,14.473431238299769,10.586254211041227,12.509864875981508,51.478827952075775
138.44,138.468,USV_226,0.027999999999991587,1.0,11.883600000000001,False,66.10119999999999,77.98479999999999,72.3388,60.455200000000005,0.010478145442903042,0.01990685096153846,16183.443371988686,20209.03710721034,0.00027913290856478154,33158.653846153844,25316.56741565816,1.4532696671962537,4.184411067308332,5.399373718745687,15.049254470263218,9.749610671884476,13.286087917628834,48.82296771854483
138.532,138.551,USV_227,0.018999999999977035,1.0,11.883600000000001,False,66.10119999999999,77.98479999999999,72.43080000000002,60.54720000000002,0.006871774792671204,0.03634982638888889,18965.14629560946,19841.55859757743,0.0005560515397105138,35260.416666666664,22950.190448935984,3.9196548204112727,3.916407078168849,4.2699687895315686,13.923757904225333,10.556119473219539,15.946143212247563,51.11515043132461
139.057,139.1,USV_228,0.043000000000006366,1.0,11.883600000000001,False,66.10119999999999,77.98479999999999,72.9558,61.072199999999995,0.007439309731125832,0.028975637335526317,16109.718223274027,18350.848933501235,0.000677312513693136,33172.69736842105,28471.911003471952,2.3580479458860695,3.440159070006051,3.8380422092016544,15.224237005382188,12.54366679696507,14.992730740842163,54.4826024968248
139.189,139.198,USV_229,0.009000000000014552,1.0,11.883600000000001,False,66.10119999999999,77.98479999999999,73.0878,61.2042,0.005474412813782692,0.0321044921875,18271.584989343497,20950.023034766036,0.000902229890540886,32562.5,23778.15523601448,3.3171937572812538,2.5829792586905955,6.8352318789356135,12.695984972890235,9.89778598067255,17.214904711716134,38.77642050635421
141.4,141.409,USV_230,0.00899999999998613,1.0,11.883600000000001,False,66.10119999999999,77.98479999999999,75.29880000000001,63.41520000000001,0.009210617281496525,0.009969075520833334,16970.628943991058,21970.410139542073,0.0007863413115093367,31468.75,18921.475468890912,2.1687347709499822,4.763738783146349,4.319276901638473,11.247185352068842,11.170523622726462,13.684755879967872,36.61771768691021
144.687,144.715,USV_231,0.027999999999991587,1.0,11.883600000000001,False,66.10119999999999,77.98479999999999,78.58580000000002,66.70220000000002,0.010227715596556664,0.026348407451923076,16411.682237190103,16715.012422923974,0.00023461548872299762,30764.423076923078,22921.30399868841,2.2605875994793387,3.8870781903592526,3.8900553689566477,14.976520589934589,10.74337060655866,13.627555923348474,53.290079702208075
144.838,144.87,USV_232,0.03200000000001069,1.0,11.883600000000001,False,66.10119999999999,77.98479999999999,78.7368,66.8532,0.007318241987377405,0.048915318080357144,18384.5072312022,14592.418153269266,0.000176888040598791,31453.125,24313.32844671074,4.69097913823476,4.819459470813011,5.026327890935997,16.813044678234714,10.893049354578421,14.35342582953219,58.08093049770115
145.596,145.605,USV_233,0.00899999999998613,1.0,11.883600000000001,False,66.10119999999999,77.98479999999999,79.49480000000001,67.61120000000001,0.01693657599389553,0.016805013020833332,17335.2350341949,18120.39860087074,0.00025417762624675244,31781.25,28929.036992921,1.9765434797341406,4.484584198943486,2.991022242421295,12.964422968693944,8.53458584600644,15.56715176089232,41.7540893246534
145.799,145.834,USV_234,0.03499999999999659,1.0,11.883600000000001,False,66.10119999999999,77.98479999999999,79.69780000000002,67.81420000000001,0.010893477126955986,0.017350260416666666,14196.685980932412,16875.616539934632,3.838508309251654e-05,31150.0,26482.65766798339,2.293348371763976,7.493503972189753,5.587906415026174,15.820442362319431,11.121070056549032,14.218499491441966,53.73633218515605
146.152,146.204,USV_235,0.05200000000002092,1.0,11.883600000000001,False,66.10119999999999,77.98479999999999,80.0508,68.1672,0.01321211364120245,0.011940696022727272,14597.924500411866,16510.48644233966,0.00022180502968093522,31125.0,21737.214157881106,2.202078737162231,5.954610551537291,5.364063238124668,16.405163716156405,11.391185872223165,13.790038634576057,54.931120577048326
146.267,146.343,USV_236,0.0759999999999934,1.0,11.883600000000001,False,66.10119999999999,77.98479999999999,80.1658,68.2822,0.010663444176316261,0.022153792842741934,14772.305167097391,15675.244127689175,5.434352065001808e-05,31248.99193548387,26184.908423996298,3.2346862760047363,6.824821936007304,5.2486682732935215,18.007206011716864,11.03735732798537,13.40088823294039,56.78538229973713
146.48,146.522,USV_237,0.04200000000000159,1.0,11.883600000000001,False,66.10119999999999,77.98479999999999,80.3788,68.4952,0.00937765371054411,0.036539713541666664,17133.26828510733,16673.72146029148,5.899239074881958e-05,32395.833333333332,27701.5896047406,2.2330303320446654,6.5353462339728186,4.436767725970976,15.416653890613023,11.542969581086263,13.890517255398029,54.33114762131519
146.601,146.625,USV_238,0.02400000000000091,1.0,11.883600000000001,False,66.10119999999999,77.98479999999999,80.49980000000001,68.6162,0.012826908379793167,0.004838423295454545,13753.9862441024,18289.36613033988,0.00018870424400039195,30775.56818181818,25241.484717256055,2.1173189521051743,4.1029076173616605,5.2464339785682075,16.67208125789669,11.861457767350448,13.356413535964094,47.70149227369959
146.768,146.786,USV_239,0.018000000000000682,1.0,11.883600000000001,False,66.10119999999999,77.98479999999999,80.66680000000001,68.78320000000001,0.006946664769202471,0.03770616319444445,19412.660271718993,20457.684834721873,0.0009900483865723287,33968.75,19809.628271421032,2.161782129064955,6.4999127161332355,3.585340221712806,14.312693590794964,8.848478755538569,14.003697739151457,46.93933758585271
147.212,147.257,USV_240,0.045000000000015916,1.0,11.883600000000001,False,66.10119999999999,77.98479999999999,81.1108,69.2272,0.00854431465268135,0.024491159539473683,15220.886609528912,16267.90686376399,5.426437156835933e-05,31504.934210526317,18209.849994373286,1.5652918902350899,4.216416986944585,4.817726666073986,16.567764551380442,11.549133486081509,14.668649517678546,53.733835484741846
147.327,147.371,USV_241,0.04400000000001114,1.0,11.883600000000001,False,66.10119999999999,77.98479999999999,81.2258,69.3422,0.009774632751941681,0.011307565789473685,16024.358566724499,16700.43891951976,0.00011527494374149696,31889.802631578947,22058.88841084131,2.590816753547058,3.608031022612888,5.837919437790867,15.052916669704802,10.773422780983779,12.787886746734053,55.32418844074919
147.52,147.558,USV_242,0.03799999999998249,1.0,11.883600000000001,False,66.10119999999999,77.98479999999999,81.41880000000002,69.53520000000002,0.00839886162430048,0.031063304227941176,16325.426872168226,15879.906498254168,0.00030487834621906873,31593.75,22229.87947386387,1.926093267273844,4.1730276546164955,5.895895762287491,15.528226434105012,10.170576133155253,15.77458237877989,54.60826473423759
147.913,147.991,USV_243,0.07800000000000296,1.0,11.883600000000001,False,66.10119999999999,77.98479999999999,81.81180000000002,69.92820000000002,0.01529856026172638,0.04209136962890625,17873.203951812244,13622.779003836029,3.8995618633499464e-05,30082.03125,24085.41230413986,2.5234498983309446,3.951922482143088,5.92969728122235,15.925700880692066,12.010382917006744,14.045482353744017,62.17620402120783
148.131,148.191,USV_244,0.060000000000002274,1.0,11.883600000000001,False,66.10119999999999,77.98479999999999,82.02980000000001,70.14620000000001,0.008968068286776543,0.01591796875,14557.825651236277,15265.031570560699,8.108136909366316e-05,30738.75,18561.05407256221,2.7015326408413496,3.8371340186738623,4.42073492543028,14.851781218988974,11.354245872840476,13.658148569660325,57.61882664317331
148.389,148.399,USV_245,0.009999999999990905,1.0,11.883600000000001,False,66.10119999999999,77.98479999999999,82.28780000000002,70.40420000000002,0.007933728396892548,0.0257568359375,16025.371247453537,17193.748107859836,9.576306297530149e-05,30921.875,16559.69828969122,2.9518105972626345,6.0419300060567735,2.947187455937856,15.41710741301104,11.419643074951757,15.093686165260072,40.44129950343274
148.452,148.564,USV_246,0.11199999999999477,1.0,11.883600000000001,False,66.10119999999999,77.98479999999999,82.3508,70.4672,0.010296003893017769,0.012861772017045454,14201.864908260091,14774.90142804251,4.748233791425761e-05,30078.835227272728,19652.448110102243,2.5852745312850898,5.085040970238745,5.6917673938716025,16.75771932303608,12.533954780266727,15.189792278778638,60.49836806518594
148.611,148.657,USV_247,0.04600000000002069,1.0,11.883600000000001,False,66.10119999999999,77.98479999999999,82.5098,70.6262,0.00815934780985117,0.024609375,14762.6412141121,15253.375587294911,4.156847390861467e-05,31284.375,16927.81087452092,1.81854162610612,6.180571652288078,6.434379309434208,15.44611118017535,12.035935474333957,14.145110464376282,56.28675509344326
148.77,148.801,USV_248,0.03099999999997749,1.0,11.883600000000001,False,66.10119999999999,77.98479999999999,82.66880000000002,70.78520000000002,0.008587496355175972,0.025565011160714284,15479.055701662493,16535.48555964221,0.00029292795103038184,31955.35714285714,19019.576536402514,2.2638390516146663,4.109487932269782,5.687371588106588,15.214476167818917,11.899891989742228,13.80163842167603,52.99361552977565
148.883,148.935,USV_249,0.0519999999999925,1.0,11.883600000000001,False,66.10119999999999,77.98479999999999,82.78180000000002,70.89820000000002,0.011335165239870548,0.023204456676136364,14013.20256805802,16487.295671151423,9.917440976522197e-05,30596.590909090908,24725.43232649523,1.5364554993090374,7.736616941819093,5.861136059783019,16.131551892678587,11.170475504169504,14.531581724902008,55.340633283595565
149.011,149.064,USV_250,0.05299999999999727,1.0,11.883600000000001,False,66.10119999999999,77.98479999999999,82.9098,71.0262,0.008669705130159855,0.025601473721590908,15913.857374540528,15762.658513520117,0.00013579208385274203,30992.897727272728,19202.264563011446,2.7398079215977833,4.017687482194609,4.4274148146956955,17.074514765898066,11.618201021010206,15.654195292578999,57.65405264981271
149.435,149.496,USV_251,0.06100000000000705,1.0,11.883600000000001,False,66.10119999999999,77.98479999999999,83.33380000000001,71.45020000000001,0.008350682444870472,0.02853515625,15608.924321844539,14755.331236810098,3.365874371911571e-05,31091.25,21696.04217094309,2.26703056809924,4.836974254892344,5.190974462790008,16.46662052189272,10.61835101894002,14.175050144042807,57.052830877998396
150.328,150.376,USV_252,0.04800000000000182,1.0,11.883600000000001,False,66.10119999999999,77.98479999999999,84.22680000000001,72.34320000000001,0.010671909898519516,0.0213134765625,15099.97148150875,17209.743930495686,0.00015643190140865291,32526.5625,24357.988113531646,2.4449396086404147,4.618738441236735,4.7190801198830155,17.488258820746584,11.276075268502847,15.815792693710426,54.141299637878454
150.481,150.525,USV_253,0.04400000000001114,1.0,11.883600000000001,False,66.10119999999999,77.98479999999999,84.3798,72.4962,0.009167853742837906,0.022011204769736843,15030.876321324511,15048.67093932015,5.770866163983465e-05,30947.36842105263,21900.48168522994,2.2383785132321536,4.254272562324996,5.016130064364217,17.639448421264063,11.291755234204164,13.886568875941345,56.3873740289878
150.731,150.764,USV_254,0.03300000000001546,1.0,11.883600000000001,False,66.10119999999999,77.98479999999999,84.6298,72.7462,0.00676064845174551,0.034440104166666666,15954.762436233026,16168.387617906676,0.0003641568648424894,30975.0,21756.378040725118,1.991774457441532,4.213651713311777,5.283181981907484,16.213525488452785,11.217653710401793,12.703270663962206,54.381241991878696
151.629,151.673,USV_255,0.04400000000001114,1.0,11.883600000000001,False,66.10119999999999,77.98479999999999,85.5278,73.6442,0.010461670346558094,0.014532791940789474,14865.76700724887,16653.00408934836,0.0001974171426010082,30019.736842105263,16081.358807457682,3.0704867616435236,4.355141942793543,5.320854662873453,16.702833330588067,11.705527211481009,13.084210075407237,55.24144855707417
152.617,152.625,USV_256,0.008000000000009777,1.0,11.883600000000001,False,66.10119999999999,77.98479999999999,86.5158,74.6322,0.014446428045630455,0.0142578125,13121.81053135182,18168.32408078165,0.00016880297248642983,29868.75,27936.486664877582,0.6699100276064176,7.752217280881126,4.7876427290109875,12.144549591964175,10.932274642118845,13.141257474363368,35.72283562550834
154.145,154.195,USV_257,0.04999999999998295,1.0,11.883600000000001,False,66.10119999999999,77.98479999999999,88.04380000000002,76.16020000000002,0.010034475475549698,0.01804315476190476,14709.10620533818,16486.46076210821,6.400923528173182e-05,29964.285714285714,24220.032855439167,2.5781614567540867,5.628891490174143,5.534904567813536,17.60763072018109,10.615046582887617,13.852298384219196,55.31603593218341
154.302,154.334,USV_258,0.03200000000001069,1.0,11.883600000000001,False,66.10119999999999,77.98479999999999,88.2008,76.3172,0.011593702249228954,0.03191266741071429,15530.436744191922,15378.304244271349,0.00016089412906966175,28506.696428571428,24415.936008576955,2.2617899782275726,3.5147671197166663,4.876589047409596,15.745536749597878,12.00333764678376,14.099065607764896,55.76507077161694
154.466,154.517,USV_259,0.05099999999998772,1.0,11.883600000000001,False,66.10119999999999,77.98479999999999,88.36480000000002,76.48120000000002,0.008301080204546452,0.03469122023809524,16051.708491765483,14061.30530255886,0.00016901160283937054,29754.464285714286,15305.795742940185,3.336138472940776,4.912641896685535,5.359896259374075,15.497110907087698,10.613702747065414,13.659467012951879,60.193952437839656
154.836,154.902,USV_260,0.06599999999997408,1.0,11.883600000000001,False,66.10119999999999,77.98479999999999,88.73480000000002,76.85120000000002,0.008727213367819786,0.052426938657407406,16772.61863013179,14946.71109081156,0.000387302158669586,29836.805555555555,22407.591223590527,2.4168814947085653,3.44093623343627,6.139121092975996,17.12592528285349,13.191381228942513,13.625544718941683,60.86824557605009
155.016,155.05,USV_261,0.034000000000020236,1.0,11.883600000000001,False,66.10119999999999,77.98479999999999,88.9148,77.0312,0.00833594985306263,0.032454427083333334,15952.270722213247,16018.82194830086,8.361264728669339e-05,30575.0,23595.57635818982,2.67482950921525,4.533721500475568,5.219882353501319,16.033523120677483,10.743023327596962,12.874938894078221,54.78306959882885
155.193,155.242,USV_262,0.04899999999997817,1.0,11.883600000000001,False,66.10119999999999,77.98479999999999,89.09180000000002,77.20820000000002,0.009090409614145756,0.035074869791666664,15882.373064549196,14719.596144755906,7.830805270395814e-05,29321.428571428572,16938.760967404192,3.000181679110363,4.111753263318887,6.3682473905709,16.395298109509337,12.057413823768446,13.083515723272477,59.05127903443062
155.895,155.905,USV_263,0.009999999999990905,1.0,11.883600000000001,False,66.10119999999999,77.98479999999999,89.79380000000002,77.91020000000002,0.007264002691954374,0.0284423828125,16447.151973948057,16071.744922518143,8.003792798372223e-05,30312.5,19598.09793674153,2.778414442212334,5.288850252348579,5.789903143389172,16.652783828319684,10.327005790402506,13.075648931565189,42.87774691314484
155.993,156.033,USV_264,0.03999999999999204,1.0,11.883600000000001,False,66.10119999999999,77.98479999999999,89.8918,78.0082,0.009077643975615501,0.025060317095588234,15711.878203631219,15685.573234968459,0.00022399711031489934,30998.16176470588,17292.04467302286,3.530954131525653,5.979737590190262,5.114899445997169,15.996958929076788,11.355740655050374,14.05775719525632,55.762375432809975
157.118,157.137,USV_265,0.019000000000005457,1.0,11.883600000000001,False,66.10119999999999,77.98479999999999,91.0168,79.1332,0.007627101149410009,0.0318359375,17492.862275095285,21200.271619766543,0.0005702946291244572,33440.625,15921.905643079528,2.9579432568620754,5.319888909120939,3.4270080067001536,13.95634814886526,8.929105540368576,11.928792038087325,46.646851635909975
157.295,157.359,USV_266,0.06400000000002137,1.0,11.883600000000001,False,66.10119999999999,77.98479999999999,91.1938,79.3102,0.008149652741849422,0.042818509615384616,16278.67938452245,14506.354405398566,0.00031532275706492473,30631.009615384617,15972.755897892564,2.0690458421885936,3.971883570927998,5.509109934623614,15.877858707641,10.259934755578561,14.58479662630471,58.886097463110545
157.872,157.911,USV_267,0.03899999999998727,1.0,11.883600000000001,False,66.10119999999999,77.98479999999999,91.77080000000002,79.88720000000002,0.008670723997056484,0.024428423713235295,15581.952244145838,17541.666700912217,0.00021732063591308718,33187.5,19907.55246010461,2.0299280107680158,6.28697325468802,6.134408411639741,16.719765777802998,10.75486974967337,15.50561442305356,53.15661840827648
158.069,158.101,USV_268,0.03200000000001069,1.0,11.883600000000001,False,66.10119999999999,77.98479999999999,91.9678,80.0842,0.00765781756490469,0.0330810546875,16359.479217808419,15522.220671769674,0.00017154226788967039,31064.73214285714,23910.771184406483,2.4464857033751852,3.9592172089411344,5.164459298870691,15.904908694117424,11.516165379969925,15.226220006229815,55.92615553914464
158.23,158.28,USV_269,0.05000000000001137,1.0,11.883600000000001,False,66.10119999999999,77.98479999999999,92.1288,80.2452,0.01149921678006649,0.06227911086309524,16903.287730332904,15528.542884777029,0.00010024150096533148,28468.75,23725.82134693901,2.6666935647285803,3.3381333836205562,3.9990944026880806,16.431504547099994,10.956686622451432,14.162073916432483,59.985061331090826
158.79,158.825,USV_270,0.03499999999999659,1.0,11.883600000000001,False,66.10119999999999,77.98479999999999,92.6888,80.8052,0.010059607215225697,0.025504557291666667,17127.21379426646,18488.634084861278,0.0009296749705555992,34356.25,27765.500378557077,2.3586936582008806,6.620892570851864,4.7523825341953785,15.720466224522331,10.942337609165943,13.61301887494605,54.73098696101181
159.045,159.102,USV_271,0.05700000000001637,1.0,11.883600000000001,False,66.10119999999999,77.98479999999999,92.9438,81.0602,0.010493159294128418,0.024810791015625,15381.074440131735,15964.132138681161,7.635928665987775e-05,30605.46875,19851.40598052571,2.4859983629339752,4.87841093746608,7.006792581368708,18.13191149765227,10.995380880231968,14.543488836995358,57.188945802649535
161.132,161.163,USV_272,0.03100000000000591,1.0,11.883600000000001,False,66.10119999999999,77.98479999999999,95.03080000000001,83.14720000000001,0.012548530474305153,0.020804268973214284,15132.185163071243,17988.48337029385,0.0002074310208924184,31004.464285714286,22639.84245915044,1.997743842159736,6.32538951605291,5.2985574369275215,15.614078618369058,11.069189387407366,13.670428915613314,49.91551618215368
162.813,162.856,USV_273,0.043000000000006366,1.0,11.883600000000001,False,66.10119999999999,77.98479999999999,96.7118,84.8282,0.01348268985748291,0.01869603207236842,13601.318999950121,16852.680119709334,0.00010834849681103431,29832.236842105263,18686.887792742502,1.6636255874144954,6.9155394514205355,6.473784246719374,14.8631890201413,10.123106063848873,13.60468558156257,52.68617243288318
164.951,164.98,USV_274,0.028999999999996362,1.0,11.883600000000001,False,66.10119999999999,77.98479999999999,98.8498,86.9662,0.011517668142914772,0.015286959134615384,15617.624355044345,18137.631816103534,0.0002643312017234581,32552.884615384617,21397.514311581785,2.6903454873471597,5.277242024229573,5.736527919681616,14.883911190318141,12.156051341835912,15.163616199379167,49.69656239995806
165.704,165.723,USV_275,0.019000000000005457,1.0,11.883600000000001,False,66.10119999999999,77.98479999999999,99.60280000000002,87.71920000000001,0.008917861618101597,0.01708984375,18001.046852700245,21977.89450308191,0.0014687113911062795,34406.25,24409.578387607675,2.971592089288945,5.12309344959476,6.285478770914598,14.498404798854049,10.56981810050762,13.306699423228318,46.03682668419425
167.099,167.129,USV_276,0.030000000000001137,1.0,11.883600000000001,False,66.10119999999999,77.98479999999999,100.9978,89.1142,0.008587481454014778,0.024954659598214284,16761.438469850433,18650.087146530197,0.0005641781187896347,32270.089285714286,26363.15240325979,2.3604160061400767,4.744998185374249,4.016394712952894,15.101300124394768,9.391714283802484,12.69885285945129,51.10822567834698
167.626,167.641,USV_277,0.014999999999986358,1.0,11.883600000000001,False,66.10119999999999,77.98479999999999,101.52480000000001,89.64120000000001,0.010668015107512474,0.014892578125,16195.114241250407,16863.297833569854,9.035726023866156e-05,29824.21875,20224.461795885396,2.5515591720241213,7.140449708120941,4.91052491648797,14.79268252040946,10.498527323162676,13.124142775563625,46.12396701349665
167.698,167.72,USV_278,0.02199999999999136,1.0,11.883600000000001,False,66.10119999999999,77.98479999999999,101.59680000000002,89.71320000000001,0.005586287472397089,0.034379438920454544,17527.31810035518,18245.61483692792,0.0003188125308447309,32164.772727272728,21750.89448357219,2.0446783154190253,2.6987261473675215,3.248435673592422,12.969791166129431,8.570819912425039,13.270043924618289,50.04775871069046
168.223,168.273,USV_279,0.04999999999998295,1.0,11.883600000000001,False,66.10119999999999,77.98479999999999,102.12180000000002,90.23820000000002,0.007757718209177256,0.03984142485119048,16654.313980845935,14880.582782428226,0.00014480769477669898,30995.535714285714,16666.432336670387,2.2445269911368215,4.6710599143237275,5.142817694502914,15.52381603978752,11.784029042709774,13.974508276474921,58.188616385423174
168.32,168.335,USV_280,0.01500000000001478,1.0,11.883600000000001,False,66.10119999999999,77.98479999999999,102.2188,90.3352,0.011201301589608192,0.00604248046875,15192.530882661988,20722.0835286464,0.0007080419907781504,33117.1875,24352.23962466913,2.3233991150720548,2.9073455981811644,5.365460905671829,15.288696812993408,10.32802377665588,13.001460390075238,41.88705785230522
168.385,168.408,USV_281,0.022999999999996135,1.0,11.883600000000001,False,66.10119999999999,77.98479999999999,102.2838,90.4002,0.012255423702299595,0.010675603693181818,14766.31955018466,19880.545274583415,0.0002718739593199696,30017.045454545456,16204.110617236362,2.2176138220487873,4.356387012435008,8.7069075861954,12.868316733773751,8.971995692470188,11.89794613977985,47.61395838880917
168.562,168.619,USV_282,0.05699999999998795,1.0,11.883600000000001,False,66.10119999999999,77.98479999999999,102.46080000000002,90.57720000000002,0.012396540492773056,0.025177001953125,15376.959386049353,14938.177577243254,5.402135145794019e-05,29675.78125,21303.56874704797,2.4281605598181053,4.927711727703845,4.630379761076577,17.374398793645202,10.390292417498523,14.020813786745135,57.66065050800146
168.665,168.718,USV_283,0.05299999999999727,1.0,11.883600000000001,False,66.10119999999999,77.98479999999999,102.5638,90.6802,0.008029714226722717,0.03415749289772727,16294.863915239579,15053.73971900916,5.783119485947496e-05,31082.386363636364,25034.634603752304,2.797337328045543,4.34353550733789,4.554266408961458,16.524638986787675,11.673463926705791,14.652864207709435,58.99445143977388
168.825,168.837,USV_284,0.012000000000000455,1.0,11.883600000000001,False,66.10119999999999,77.98479999999999,102.7238,90.8402,0.007599751930683851,0.024448939732142856,16974.078747534153,19016.116892191294,0.00020907274275096954,32424.10714285714,18049.7156099079,2.124064680675755,4.516714898205906,3.9085111606055283,13.425919646033782,11.073273536575174,13.72443950124089,43.20431013308467
169.046,169.054,USV_285,0.008000000000009777,1.0,11.883600000000001,False,66.10119999999999,77.98479999999999,102.9448,91.0612,0.0072517069056630135,0.046484375,20060.936063610887,20951.92154343825,0.0004382269829973933,31200.0,25211.05017907636,2.011102569905334,3.7240724499530686,6.063103574446648,13.238997964602257,9.538187200536619,13.190152094666143,36.68523196776556
169.186,169.197,USV_286,0.01099999999999568,1.0,11.883600000000001,False,66.10119999999999,77.98479999999999,103.08480000000002,91.20120000000001,0.009678988717496395,0.0745849609375,25764.68000337596,21872.7701540461,0.0012953551270574563,37578.125,31740.80888622552,0.8409424594402771,2.8886930249849825,5.732527581546127,12.56697195778167,9.2351697245595,14.809955104996567,47.018842480869075
169.248,169.256,USV_287,0.008000000000009777,1.0,11.883600000000001,False,66.10119999999999,77.98479999999999,103.1468,91.2632,0.01321848202496767,0.01044921875,13833.560479462874,16576.886780146888,0.0001245668563061442,29531.25,24570.427087970347,1.9128276547153327,4.965832262302577,4.833981094621266,13.526777022190775,11.131549673193708,14.156891156675835,40.43349291835261
169.286,169.323,USV_288,0.03700000000000614,1.0,11.883600000000001,False,66.10119999999999,77.98479999999999,103.18480000000001,91.30120000000001,0.008549387566745281,0.0338287353515625,17594.399411212198,16067.551645143907,0.00020098032298656427,32226.5625,24442.62466685854,3.2835346376123296,2.0918273465970882,4.261567430596818,15.328447101500064,11.189903526363114,14.931735422376965,56.175610617985576
169.389,169.459,USV_289,0.06999999999999318,1.0,11.883600000000001,False,66.10119999999999,77.98479999999999,103.28780000000002,91.40420000000002,0.011063676327466965,0.015549232219827586,14606.496436682666,16782.23643133811,0.0001695872459522084,32240.30172413793,26403.926810177465,2.565834032548035,5.64794944397328,4.887067182824376,16.522100611720518,10.677957929732232,12.96796012865502,56.232442136551846
169.608,169.624,USV_290,0.015999999999991132,1.0,11.883600000000001,False,66.10119999999999,77.98479999999999,103.50680000000001,91.62320000000001,0.007463089190423489,0.032440185546875,20855.753743686164,19415.594998846813,0.0006458876235352581,34593.75,26274.599194648967,2.344849340545461,3.5277504071609638,7.348294065464397,16.617815289061667,12.829261389562117,15.630179354971283,47.60212304623303
169.699,169.716,USV_291,0.016999999999995907,1.0,11.883600000000001,False,66.10119999999999,77.98479999999999,103.59780000000002,91.71420000000002,0.006861715577542782,0.023654513888888888,17546.957243769495,18185.570451825475,0.00034568273310220225,32718.75,25045.487126405416,3.0333582998705158,5.087769598152815,4.222669418780729,15.127490762028007,9.484598272656592,13.619660514325663,46.68073508059872
169.75,169.772,USV_292,0.02199999999999136,1.0,11.883600000000001,False,66.10119999999999,77.98479999999999,103.64880000000001,91.76520000000001,0.008893790654838085,0.02838689630681818,16474.906095169605,18366.991704069547,0.0003262479224603703,33059.65909090909,25174.900404615815,4.279254602401893,5.717613690229518,4.48802718133454,13.920609243529055,9.946054019792019,13.622555650135071,47.18714249452714
169.835,169.853,USV_293,0.018000000000000682,1.0,11.883600000000001,False,66.10119999999999,77.98479999999999,103.73380000000002,91.85020000000002,0.011211206205189228,0.008463541666666666,15028.42298998176,19802.916281068003,0.0002249569202088932,31114.583333333332,25865.713268228083,2.6759054607756756,2.88460127101005,5.100940906740575,14.143262158505486,8.822607001990583,12.302755128396068,44.919196332879565
170.229,170.248,USV_294,0.018999999999977035,1.0,11.883600000000001,False,66.10119999999999,77.98479999999999,104.12780000000002,92.24420000000002,0.00986197404563427,0.026801215277777776,19848.69755048516,20559.903726711294,0.0006655888907838083,35062.5,27760.871857297563,2.026340441652154,5.153459673632527,3.7818813148503807,13.608241482381217,9.731187683773044,12.785290757053128,50.481540283314246
170.647,170.756,USV_295,0.10900000000000887,1.0,11.883600000000001,False,66.10119999999999,77.98479999999999,104.5458,92.6622,0.009883340448141098,0.0320789425872093,14453.107624912267,13549.169388094275,5.071337742519121e-05,29239.0988372093,15596.830299913378,2.4608441331347843,4.124350594574759,4.345729160946669,18.007015095471193,12.26756748294412,13.429665398111936,62.265979346356595
170.956,170.965,USV_296,0.009000000000014552,1.0,11.883600000000001,False,66.10119999999999,77.98479999999999,104.8548,92.9712,0.008872396312654018,0.013224283854166666,19370.701119750698,25876.465414460068,0.001648167474485561,35328.125,20255.714741327098,1.8707888817287188,4.683043847206524,3.953456614753167,12.4131114785461,7.956254886505214,12.242123466097246,34.53708124368782
171.263,171.3,USV_297,0.03700000000000614,1.0,11.883600000000001,False,66.10119999999999,77.98479999999999,105.16180000000001,93.27820000000001,0.012567773461341858,0.0356597900390625,18547.14990349068,15961.111050592717,0.00021816357974695417,31980.46875,27665.97287475099,1.9771454074203345,5.585250015024361,5.583284243604307,16.629578832137845,10.147803748077694,13.963531335009257,55.81661610791588
172.625,172.712,USV_298,0.08699999999998909,1.0,11.883600000000001,False,66.10119999999999,77.98479999999999,106.52380000000001,94.64020000000001,0.010169009678065777,0.016078404017857144,14912.677714572417,15593.74537920917,7.294345305449242e-05,31202.678571428572,23961.682874046972,2.717488915838678,5.652674695402804,5.194635712643737,17.68326484846394,12.262834655646818,13.76458857206177,58.28808276201437
173.316,173.354,USV_299,0.038000000000010914,1.0,11.883600000000001,False,66.10119999999999,77.98479999999999,107.21480000000001,95.33120000000001,0.008172190748155117,0.024399701286764705,16577.531271477543,17969.669499657288,0.0001934752124864918,32619.485294117647,20637.140612494935,1.8207771076188417,4.945630899064296,3.7559556119784707,14.636808153115876,10.866675422473728,11.927805793606192,53.91167526127405
173.952,173.975,USV_300,0.022999999999996135,1.0,11.883600000000001,False,66.10119999999999,77.98479999999999,107.8508,95.9672,0.009452723897993565,0.015558416193181818,15149.39964494783,18984.188930102882,0.0005004413587764764,31806.81818181818,16021.429644915928,2.2453245772134243,2.90466172165989,3.9681188377920127,16.581565927149168,10.299106435102244,14.684026650587752,48.8554019785775
174.006,174.031,USV_301,0.025000000000005684,1.0,11.883600000000001,False,66.10119999999999,77.98479999999999,107.90480000000001,96.02120000000001,0.0075864531099796295,0.020894368489583332,16403.401988102796,19261.124038206064,0.0004028218195507341,32484.375,25914.708370821987,2.709106219442981,3.3580127748088215,5.185376821875564,16.248983822604742,11.61262614330652,13.84793866573797,49.79160295150735
174.073,174.136,USV_302,0.06299999999998818,1.0,11.883600000000001,False,66.10119999999999,77.98479999999999,107.97180000000002,96.08820000000001,0.01126090344041586,0.038217397836538464,16615.403540240797,15902.096128236572,0.00019101616807014142,31197.115384615383,22444.857529987195,2.1561482617334238,5.271620943534126,5.871977021813156,15.943964010382718,11.983489423878023,14.902583267598422,56.67433890532395
174.576,174.61,USV_303,0.034000000000020236,1.0,11.883600000000001,False,66.10119999999999,77.98479999999999,108.4748,96.5912,0.010800451040267944,0.0189453125,17413.93282315224,16385.26174275122,0.0001207334500531697,33093.75,24814.15060603264,2.0635246024089464,4.970132498483068,5.676237227899663,16.8534189003131,11.166186323834776,14.096657652877997,54.73761646660168
174.677,174.72,USV_304,0.043000000000006366,1.0,11.883600000000001,False,66.10119999999999,77.98479999999999,108.5758,96.6922,0.010181513614952564,0.026816920230263157,17664.79983466725,17516.460158524864,0.0001774844110819892,32610.197368421053,27523.69580440975,3.3212913342366672,6.953671905222916,3.9679864346395837,14.07654126295876,10.49580976458153,13.502381781007278,54.859556307965455
174.815,174.904,USV_305,0.08899999999999864,1.0,11.883600000000001,False,66.10119999999999,77.98479999999999,108.7138,96.8302,0.010790879838168621,0.023484971788194444,14848.724499438466,15432.855153909528,7.179317730479354e-05,31531.25,23808.852809986296,2.2385361120325546,5.890038829666981,4.635355852933163,16.67336075772998,12.284615632932866,14.874500990248587,57.18550266159054
175.29,175.303,USV_306,0.01300000000000523,1.0,11.883600000000001,False,66.10119999999999,77.98479999999999,109.1888,97.3052,0.007853491231799126,0.026018415178571428,17842.446942764018,16140.477191688273,0.0003632826660628524,33066.96428571428,20510.569278993375,3.1347741331131878,5.829818438467774,5.74802526333698,18.02147480706333,13.768318234762953,12.460651032083408,46.66372634273501
175.613,175.68,USV_307,0.06700000000000728,1.0,11.883600000000001,False,66.10119999999999,77.98479999999999,109.51180000000001,97.6282,0.008637391962110996,0.024283272879464284,15825.156422032245,17212.40057991424,0.00019670202518926746,32809.15178571428,24126.117640991644,1.8449664684678397,5.296353358862355,4.760018155318884,16.089652812968904,11.327070840033963,15.380592855132182,56.83525871775669
178.542,178.553,USV_308,0.01099999999999568,1.0,11.883600000000001,False,66.10119999999999,77.98479999999999,112.44080000000001,100.55720000000001,0.009284853003919125,0.025146484375,20968.575265345982,25811.683526117617,0.0037152284517351993,39531.25,28880.48099484514,3.138626017827209,5.267862353188645,5.000811564547667,12.137993802807571,9.737626568654482,12.814190607272636,40.06493056915761
178.614,178.634,USV_309,0.01999999999998181,1.0,11.883600000000001,False,66.10119999999999,77.98479999999999,112.51280000000001,100.62920000000001,0.00808626040816307,0.02919921875,17152.743518960106,18454.044811663654,0.000801578730779004,32653.125,21150.629642397802,2.2846946016498273,6.236008436063514,5.611739572485827,13.38406663236469,9.721261954752666,13.905388014474488,47.424965666149944
179.91,179.964,USV_310,0.054000000000002046,1.0,11.883600000000001,False,66.10119999999999,77.98479999999999,113.8088,101.9252,0.011478950269520283,0.02556046195652174,13855.700193178904,14717.618899153302,1.8010023893298932e-05,30105.978260869564,20342.837726986243,1.7817747998302493,7.168356718833772,6.44322283136899,16.31073980129506,11.079980024246428,14.14715921364764,57.44088427957761
180.076,180.128,USV_311,0.0519999999999925,1.0,11.883600000000001,False,66.10119999999999,77.98479999999999,113.9748,102.0912,0.011228399351239204,0.018155184659090908,15407.161201927414,17447.420692150383,0.00031544618066385035,31853.69318181818,18485.52897145925,2.7400380652521323,5.765328825071688,5.067626061863515,15.653210655935505,10.718997201811918,14.037785285983738,54.895120669887525
182.061,182.089,USV_312,0.027999999999991587,1.0,11.883600000000001,False,66.10119999999999,77.98479999999999,115.95980000000002,104.07620000000001,0.008185498416423798,0.026554987980769232,15374.096752190348,16698.199367621382,0.00018956322385956564,31348.55769230769,17650.12570417049,2.4360107524376864,4.748535514747215,5.128549877275186,14.462297830026502,10.608391401370994,14.415700473175008,53.699636777327775
182.21,182.24,USV_313,0.030000000000001137,1.0,11.883600000000001,False,66.10119999999999,77.98479999999999,116.10880000000002,104.22520000000002,0.012501445598900318,0.021990094866071428,14205.513981103355,17980.361285978943,0.00036354401049754276,30247.76785714286,17684.58954833628,2.0350090079427567,5.74226044385564,4.580258606190131,16.233060600699577,8.782280819950035,12.363063270687487,50.97121289229803
182.952,182.984,USV_314,0.03200000000001069,1.0,11.883600000000001,False,66.10119999999999,77.98479999999999,116.8508,104.9672,0.007980185560882092,0.026105608258928572,18178.006858627683,17577.174293281605,0.0011501042258947566,33950.892857142855,28555.940813878864,2.7652239186245686,3.597636194021718,3.8400914781572033,13.972189047788492,9.32396799866259,14.369189680919193,52.69261369429366
183.721,183.813,USV_315,0.09199999999998454,1.0,11.883600000000001,False,66.10119999999999,77.98479999999999,117.61980000000001,105.73620000000001,0.008904296904802322,0.029870935388513514,16856.828247543883,14734.691827026645,1.478068344964395e-05,32645.27027027027,26835.032887958198,2.4238095658638623,5.6110404576654815,4.999855024525846,18.387005505916385,12.340044752654126,14.421835286284523,60.429876309106156
183.844,183.897,USV_316,0.05299999999999727,1.0,11.883600000000001,False,66.10119999999999,77.98479999999999,117.7428,105.8592,0.012462803162634373,0.021451083096590908,14650.509249479237,16180.598195464443,0.0001904569429197787,31180.397727272728,25570.29430652042,2.0530879835098443,4.297889276655225,4.347688536544573,18.45847254615572,11.217055629843657,14.441870201030117,56.146383643136645
185.04,185.053,USV_317,0.01300000000000523,1.0,11.883600000000001,False,66.10119999999999,77.98479999999999,118.9388,107.0552,0.008065341971814632,0.021519252232142856,17285.801539904118,20353.765786141747,0.00022472064080478437,33937.5,24510.878350407882,1.470046486331462,7.01773829469563,3.4627632922826663,13.211179593898207,10.438786947059802,14.380539318580274,41.3475802379913
185.849,185.918,USV_318,0.06900000000001683,1.0,11.883600000000001,False,66.10119999999999,77.98479999999999,119.7478,107.8642,0.011338579468429089,0.011579241071428572,13841.633005106292,15772.111049248608,7.388101951063992e-05,31295.758928571428,23949.376699820667,3.0229944531030086,4.050804544439815,6.371113783666055,18.018692079074885,11.565388253989308,15.301049551603468,57.418289362975564
187.343,187.353,USV_319,0.010000000000019327,1.0,11.883600000000001,False,66.10119999999999,77.98479999999999,121.2418,109.3582,0.0044858078472316265,0.06319173177083333,21143.91581672699,22593.097342857935,0.0011376009190476038,34609.375,27394.233878020557,1.603606427740947,1.3633638897470137,6.588333380390067,14.179560550798556,9.233897935292683,14.56141054162804,39.07085997135462
188.47899999999998,188.487,USV_320,0.008000000000009777,1.0,11.883600000000001,False,66.10119999999999,77.98479999999999,122.3778,110.49419999999999,0.009197546169161797,0.029833984375,18921.529309161488,23690.138012839307,0.00033164750021667935,34612.5,26230.969318005944,1.3145801702266389,7.02784949602093,2.886694718176392,10.757428816559493,6.990118727639329,12.258846745990414,33.25415386822639
190.178,190.202,USV_321,0.02400000000000091,1.0,11.883600000000001,False,66.10119999999999,77.98479999999999,124.0768,112.1932,0.00858286116272211,0.019509055397727272,15105.457866023758,15897.21075156387,0.00020467606613430546,31551.136363636364,22158.76087896209,1.7497475025032676,6.658314780764698,6.1523342550517075,18.250766809210194,10.147490430652914,15.728611796434341,53.81746490410625
190.242,190.265,USV_322,0.022999999999996135,1.0,11.883600000000001,False,66.10119999999999,77.98479999999999,124.1408,112.2572,0.008492597378790379,0.025989879261363636,16457.956667834016,17764.692427948597,0.00023760019991112748,31789.772727272728,18113.815769500754,3.0206227390570892,4.109912650126411,5.756292515359993,16.67052580053004,9.903983614954296,13.15076252905896,49.911465461009726
190.298,190.411,USV_323,0.11299999999999955,1.0,11.883600000000001,False,66.10119999999999,77.98479999999999,124.19680000000001,112.31320000000001,0.007864350453019142,0.02721896701388889,15758.865731375128,15687.306568458203,0.00043699936067369944,32612.5,20573.942025007353,2.613253896214003,3.7886003749228077,5.918916735354219,16.14840128569714,13.258378516342622,15.360236979098502,58.44224508255529
190.444,190.538,USV_324,0.09400000000002251,1.0,11.883600000000001,False,66.10119999999999,77.98479999999999,124.3428,112.4592,0.00764116644859314,0.03148129111842105,17700.938883648443,16256.537579731981,0.0002504724783686741,34213.81578947369,28269.30885587785,2.577406778005453,4.47882772094147,5.15584487133164,16.419011224987546,11.932988073600134,15.513078198660786,60.244888837978756
192.483,192.494,USV_325,0.01099999999999568,1.0,11.883600000000001,False,66.10119999999999,77.98479999999999,126.38180000000001,114.49820000000001,0.009623788297176361,0.0201416015625,18304.117442088696,21491.610274023413,0.0006190084820796457,34500.0,25808.347812598906,4.486221701726827,6.988666208839478,7.030666256372087,12.672787284217245,10.406392877316584,12.01312690170731,42.8089375572593
193.911,193.961,USV_326,0.05000000000001137,1.0,11.883600000000001,False,66.10119999999999,77.98479999999999,127.80980000000001,115.92620000000001,0.011045455932617188,0.04647972470238095,15937.688229338948,14212.467462943274,3.320725376151954e-05,28933.035714285714,18826.053489114885,1.9846634248520774,5.5554018114525245,5.3555557748740545,14.407272377257465,10.381855708919439,15.038240772114023,59.422494893533006
194.063,194.11599999999999,USV_327,0.05299999999999727,1.0,11.883600000000001,False,66.10119999999999,77.98479999999999,127.9618,116.0782,0.010496927425265312,0.05796120383522727,16765.23601290712,12977.819021291094,4.5567385968546314e-05,28393.465909090908,18164.464762081774,3.007095932742322,4.359621059604503,6.186853718414991,17.724566077818384,11.819361718286489,15.554047720983204,62.634842190945
194.202,194.281,USV_328,0.07900000000000773,1.0,11.883600000000001,False,66.10119999999999,77.98479999999999,128.1008,116.2172,0.013188999146223068,0.05561065673828125,16983.643369151727,13254.980607512229,0.00014373126004241774,28561.5234375,19482.234837190277,2.5432669709154796,6.008874968276572,5.475359417053031,16.884364738577702,11.59242480081364,13.991699228673696,63.07184670114573
194.369,194.467,USV_329,0.09800000000001319,1.0,11.883600000000001,False,66.10119999999999,77.98479999999999,128.26780000000002,116.3842,0.013358819298446178,0.06195537860576923,17191.77197957312,12920.682926594283,0.00011119487348475725,28617.78846153846,18934.436808015,2.70955088349975,5.524018934687776,5.6825489216804765,16.794861460179206,10.970903329128577,13.800588910418863,63.398638283522736
194.52,194.614,USV_330,0.09399999999999409,1.0,11.883600000000001,False,66.10119999999999,77.98479999999999,128.41880000000003,116.53520000000002,0.013288055546581745,0.04387464021381579,16230.09077963631,13420.043354436522,6.421079729502369e-05,28514.802631578947,20025.626523016195,2.424054987209953,5.910494123137745,5.773041798662365,15.95113926252951,12.180491862149703,14.732108603434229,63.44950688875247
194.678,194.733,USV_331,0.05500000000000682,1.0,11.883600000000001,False,66.10119999999999,77.98479999999999,128.5768,116.6932,0.01007783692330122,0.03541100543478261,16288.804315798774,14636.152279803557,6.892090204070424e-05,30717.391304347828,19050.520297126466,2.514568965221969,4.795405164451583,5.436261262065806,17.000563984652587,10.404355470813359,14.46190684773164,59.23323173782537
196.4,196.436,USV_332,0.036000000000001364,1.0,11.883600000000001,False,66.10119999999999,77.98479999999999,130.29880000000003,118.41520000000001,0.00506523996591568,0.0444793701171875,18150.006974763535,16962.61024829281,0.0002604771299987987,33972.65625,20021.731264151473,1.9120259371857067,5.014699385200042,6.901558901676385,16.60978589037189,8.740438885486114,15.246815970204079,54.63694019484768
196.797,196.906,USV_333,0.10900000000000887,1.0,11.883600000000001,False,66.10119999999999,77.98479999999999,130.69580000000002,118.8122,0.007924117147922516,0.040697674418604654,18288.331972887237,14369.34507852541,6.221568190503722e-05,33353.1976744186,27460.249901569834,2.925485286546501,4.136629384063608,5.339304156427539,17.459181182286233,11.792848750383124,14.275689593135796,62.478065491668445
197.054,197.072,USV_334,0.018000000000000682,1.0,11.883600000000001,False,66.10119999999999,77.98479999999999,130.95280000000002,119.06920000000001,0.007871638983488083,0.012369791666666666,15678.634627808111,19198.570497330013,0.00015490744196999638,31729.166666666668,23328.70467285136,2.4202118454741757,3.5049238691494695,4.853926258721525,13.385150347603451,10.494901380962457,14.022824041509324,46.25404647340045
197.42,197.462,USV_335,0.04200000000000159,1.0,11.883600000000001,False,66.10119999999999,77.98479999999999,131.3188,119.4352,0.009419415146112442,0.03880479600694445,17838.03503642247,16442.11377238373,0.00019447651979429147,32364.583333333332,21557.325511904713,2.2605643043367416,6.563556499293896,5.301330070279366,16.264135982505067,10.608417232028682,13.702276556468318,56.571005950314174
199.101,199.122,USV_336,0.021000000000015007,1.0,11.883600000000001,False,66.10119999999999,77.98479999999999,132.9998,121.1162,0.008354024030268192,0.0215576171875,16259.195033984102,19386.075703321752,0.0008960824485253176,33150.0,23249.63904242307,1.7361453455531293,5.247912121038554,4.896868088414139,14.791176737600349,10.542025054223725,15.490553616051619,47.13678039639691
199.221,199.319,USV_337,0.09799999999998477,1.0,11.883600000000001,False,66.10119999999999,77.98479999999999,133.1198,121.23620000000001,0.00960530061274767,0.023838141025641024,14359.08141891358,14339.750787290968,5.7827982676519726e-05,30052.884615384617,16559.243695394503,2.602834442627789,3.431702162069024,6.589138995475186,16.3220026460088,11.03703771457795,14.703584642020072,59.63828083561217
199.365,199.374,USV_338,0.00899999999998613,1.0,11.883600000000001,False,66.10119999999999,77.98479999999999,133.2638,121.38020000000002,0.008853302337229252,0.018473307291666668,21619.4399138183,20598.602879026148,0.00032785030366425756,36890.625,28185.794866240733,2.0562117093428594,2.615811465057457,4.635244326972436,14.07441022923056,7.975826007915899,14.113123070082823,40.26562821725902
199.523,199.532,USV_339,0.009000000000014552,1.0,11.883600000000001,False,66.10119999999999,77.98479999999999,133.42180000000002,121.5382,0.011130109429359436,0.010823567708333334,17202.364630143653,22035.854907106306,0.00040002956247344053,35156.25,26364.20902824367,2.4426948556504167,7.232966952311067,5.15262274854859,9.483071679652461,8.090348625746257,12.453168522562075,44.94260370784707
199.637,199.662,USV_340,0.025000000000005684,1.0,11.883600000000001,False,66.10119999999999,77.98479999999999,133.5358,121.65220000000001,0.009271284565329552,0.00970458984375,15779.20112931465,19922.14023236995,0.0003063201136055184,32984.375,22535.832704067187,2.925783287413285,4.529436298147204,3.284610817267966,12.37489869775976,9.699679162497223,12.817217608171731,48.42283424159947
199.867,199.881,USV_341,0.014000000000010004,1.0,11.883600000000001,False,66.10119999999999,77.98479999999999,133.7658,121.8822,0.007495919242501259,0.01971435546875,16609.53672193251,17094.170020163125,0.00013940584430980864,32835.9375,20908.270998218235,2.095955981762842,5.234166176249817,2.8036971022971167,13.67433065416335,12.406822026786772,14.813701084582295,45.46727852482433
200.387,200.427,USV_342,0.03999999999999204,1.0,11.883600000000001,False,66.10119999999999,77.98479999999999,134.2858,122.40220000000001,0.009128635749220848,0.022547104779411766,15316.82151437249,17362.035724358833,0.00025897855402732053,32393.382352941175,16343.099519694391,2.4924813669370955,5.268200869984624,5.674760727730557,15.573500564888665,11.125677226348401,14.80986074633008,54.23014854301519
200.676,200.688,USV_343,0.012000000000000455,1.0,11.883600000000001,False,66.10119999999999,77.98479999999999,134.57479999999998,122.6912,0.00855722464621067,0.03309849330357143,21088.2564460148,21788.851195938438,0.0011915371139282725,35504.46428571428,16546.093570016867,1.8076895401956905,4.566448959392499,7.717625290211332,9.767500056934669,7.4147498536134515,17.11431909283974,43.12899374837418
201.765,201.801,USV_344,0.036000000000001364,1.0,11.883600000000001,False,66.10119999999999,77.98479999999999,135.66379999999998,123.7802,0.007537528406828642,0.0274658203125,16942.144117435746,19035.428446618076,0.00020711321017051644,34007.8125,27111.73113319769,2.1135689307968057,3.287959742662352,5.014586450227886,15.633909726130538,9.46874739221077,13.954162339959229,52.22808060621109
201.832,201.914,USV_345,0.08199999999999363,1.0,11.883600000000001,False,66.10119999999999,77.98479999999999,135.7308,123.8472,0.01050802506506443,0.014973958333333334,14309.315200025312,16134.525586196183,7.703858090780389e-05,31576.704545454544,26925.171612649156,3.1099463560077907,6.46625911944109,5.859744519167495,16.571151859597645,11.774102439078598,14.082215301737744,56.8453336980654
203.293,203.356,USV_346,0.06299999999998818,1.0,11.883600000000001,False,66.10119999999999,77.98479999999999,137.1918,125.30820000000001,0.009644145146012306,0.021784855769230768,14694.792765564316,16770.272066208257,0.0001769023264896119,31745.19230769231,23745.61945463682,1.925567065100209,4.659775654114997,6.815508324434203,17.772681002894412,11.953684062494224,13.67559169073177,55.40556440956816
203.473,203.512,USV_347,0.03899999999998727,1.0,11.883600000000001,False,66.10119999999999,77.98479999999999,137.3718,125.48820000000002,0.013577905483543873,0.01035443474264706,13672.206106659294,16410.876820045334,0.0001770646610598794,29790.441176470587,27162.64647573444,2.4420993708325436,5.852810468126814,4.529021025223011,15.505135171211915,11.345029808816141,14.845248284069424,52.64757453143567
203.543,203.593,USV_348,0.04999999999998295,1.0,11.883600000000001,False,66.10119999999999,77.98479999999999,137.4418,125.55820000000001,0.008456199429929256,0.02662295386904762,15951.376373850153,16158.366608058848,7.194734599591118e-05,31959.821428571428,27257.294629428274,2.001688258347678,3.7683727068116686,6.237163451349158,16.829353047129093,11.489303362364566,15.823354200395126,55.524714967860604
203.64600000000002,203.693,USV_349,0.046999999999997044,1.0,11.883600000000001,False,66.10119999999999,77.98479999999999,137.5448,125.66120000000002,0.011394688859581947,0.008056640625,13909.426673758815,15963.486034407862,0.0001145827361044057,29854.6875,24537.827121424325,2.7412141521925526,4.2031450050245684,4.6068532551637436,15.404746260201406,10.135046972723185,14.195355217898548,55.02745600001806
206.804,206.832,USV_350,0.027999999999991587,1.0,11.883600000000001,False,66.10119999999999,77.98479999999999,140.70280000000002,128.81920000000002,0.007173602934926748,0.02601036658653846,15984.465845886265,15349.749951725253,4.688912894426714e-05,31550.48076923077,23169.918800277967,2.338444285189838,4.150412758092864,6.182147965871868,17.654282485409183,10.74549678848313,14.867216944566147,53.407094080177515
207.574,207.615,USV_351,0.04099999999999682,1.0,11.883600000000001,False,66.10119999999999,77.98479999999999,141.4728,129.5892,0.009829863905906677,0.023817274305555556,15556.365568767153,17791.90106124288,0.0005307163010426125,31588.541666666668,21598.57111193541,2.2541979038108373,4.748600436893898,6.4489726854164156,16.641167403155585,11.363181163489317,12.892447429704758,53.138426674675
207.795,207.824,USV_352,0.029000000000024784,1.0,11.883600000000001,False,66.10119999999999,77.98479999999999,141.6938,129.8102,0.008319650776684284,0.024846003605769232,15286.473676600512,16412.167207196642,0.0001195475035215059,31709.134615384617,24701.981868937615,1.8092330959415277,3.232948058314002,7.3220885276157155,16.26884263468319,12.127999974403549,16.018943315797483,51.38522049831295
208.618,208.654,USV_353,0.036000000000001364,1.0,11.883600000000001,False,66.10119999999999,77.98479999999999,142.5168,130.6332,0.00971914641559124,0.0151824951171875,15774.205561968742,18983.83456718992,0.0004003390140991247,34224.609375,27443.873907993446,2.2462955926925163,4.521781526396271,4.970005182897301,15.702079764369312,13.390674313765315,14.422857861598091,51.933380671093936
209.02,209.03,USV_354,0.009999999999990905,1.0,11.883600000000001,False,66.10119999999999,77.98479999999999,142.91880000000003,131.03520000000003,0.008740633726119995,0.0037434895833333335,15719.190108637107,17882.749261547644,0.00012508753116779005,30171.875,22571.396752857443,2.1896798377678244,3.398612106783361,5.191482082363669,15.562754992992112,10.83440671577363,13.127944922588235,40.67763571981941
209.105,209.131,USV_355,0.02600000000001046,1.0,11.883600000000001,False,66.10119999999999,77.98479999999999,143.0038,131.1202,0.005765339359641075,0.032145182291666664,19046.36309693411,19329.375482492782,0.0007886650912154865,34132.8125,27637.43996183355,3.044441900390091,3.3487734085619487,5.933003741518949,17.121245029489867,9.844736973683125,14.614558859932194,51.28405291391656
210.205,210.323,USV_356,0.117999999999995,1.0,11.883600000000001,False,66.10119999999999,77.98479999999999,144.10380000000004,132.22020000000003,0.009800802916288376,0.028751454454787235,15960.470191265858,14452.278676130316,3.0435139954898144e-05,30931.51595744681,22710.576620231284,2.2962499043468063,4.347340935001679,5.227595474912143,16.163102106487923,11.670475919700896,13.502817018482235,59.95106313474851
210.367,210.386,USV_357,0.019000000000005457,1.0,11.883600000000001,False,66.10119999999999,77.98479999999999,144.2658,132.3822,0.006005466915667057,0.034765625,16681.402770622914,16383.63905269028,9.824104233651446e-05,32371.875,21055.495720402727,2.7777101637209913,3.408629293888886,6.137696929879765,13.51620973772766,10.698290846314428,14.996882645981245,50.64863747911767
210.534,210.583,USV_358,0.049000000000006594,1.0,11.883600000000001,False,66.10119999999999,77.98479999999999,144.4328,132.54919999999998,0.009975410997867584,0.020054408482142856,15749.993541949523,17029.24896237834,0.0004527310094341573,32901.78571428572,25024.93155403245,1.997636646594403,6.333098663977939,4.425526772112755,17.15445522997445,11.997170825247297,14.367651398976523,55.23798180109135
211.165,211.214,USV_359,0.049000000000006594,1.0,11.883600000000001,False,66.10119999999999,77.98479999999999,145.06380000000001,133.1802,0.009854654781520367,0.04139927455357143,18719.957810154854,16599.006255172048,0.00010382129684083057,33258.92857142857,27382.751164281468,2.1789714063592016,5.451031261784707,4.9232453002914625,15.634653535998758,11.3874580234772,13.274384582631424,55.570951939253625
211.563,211.646,USV_360,0.08299999999999841,1.0,11.883600000000001,False,66.10119999999999,77.98479999999999,145.46179999999998,133.57819999999998,0.007878616452217102,0.027669270833333332,17504.86044631761,16067.981758931388,0.0002162259134165605,33508.52272727273,28561.697580606902,2.4323444252912982,4.468157067783768,5.841609114821139,16.133307075079916,11.302581265742775,15.663772450618394,59.93184945735814
212.099,212.108,USV_361,0.009000000000014552,1.0,11.883600000000001,False,66.10119999999999,77.98479999999999,145.99779999999998,134.11419999999998,0.007697043474763632,0.020914713541666668,21855.659283788602,25087.689723823492,0.001017327296165683,37343.75,30622.814235553746,1.980844117896371,3.2489664437410313,4.572099331247398,10.431330910424789,9.017552339411553,12.831911414011897,35.772844758579446
214.461,214.56,USV_362,0.09899999999998954,1.0,11.883600000000001,False,66.10119999999999,77.98479999999999,148.3598,136.4762,0.009713903069496155,0.01519305889423077,13994.014092766265,14842.458686950193,3.2002279647060116e-05,30951.923076923078,19547.15619485884,2.78442351079881,5.6628969142872885,5.930959747669831,17.340622176247088,12.538312642209524,14.510047350341802,60.17066543512909
215.964,215.979,USV_363,0.01500000000001478,1.0,11.883600000000001,False,66.10119999999999,77.98479999999999,149.8628,137.9792,0.007603495381772518,0.02679443359375,17868.421221430945,19625.595079191142,0.0006070586314416819,32800.78125,22252.041198104533,3.0537234066220216,3.8316396326785482,5.350490176414695,15.778937894035394,9.293667975042224,13.724158470244266,44.4740787131996
216.023,216.058,USV_364,0.03499999999999659,1.0,11.883600000000001,False,66.10119999999999,77.98479999999999,149.92180000000002,138.03820000000002,0.00972411222755909,0.016910807291666666,14999.521244186113,16238.435364631503,7.174745711046302e-05,31106.25,26383.40524349897,2.9111346124091666,8.102192369246007,5.353864684509746,16.54452970015337,10.107391948619973,14.569006840703423,55.83032479767793
216.143,216.168,USV_365,0.025000000000005684,1.0,11.883600000000001,False,66.10119999999999,77.98479999999999,150.04180000000002,138.15820000000002,0.02381855994462967,0.04083251953125,21556.627583942314,17258.213362039063,0.0006414376906891429,33250.0,27097.306309065465,3.94817063106186,6.462028415844799,6.275467920599433,15.080210564012269,10.415817385029266,15.309677385687436,52.666941395628946
216.9,216.943,USV_366,0.043000000000006366,1.0,11.883600000000001,False,66.10119999999999,77.98479999999999,150.79880000000003,138.91520000000003,0.008569757454097271,0.016627261513157895,15001.686321205294,17508.189548847553,0.0004900855681644325,32378.28947368421,18830.05836504335,2.551883452262254,3.808550044149083,5.629939840296722,17.449969945200518,10.393114075600229,13.485734033078714,53.52732833509153
217.201,217.258,USV_367,0.05700000000001637,1.0,11.883600000000001,False,66.10119999999999,77.98479999999999,151.09980000000002,139.21620000000001,0.00875439029186964,0.03436279296875,15606.545069880196,14085.043837453113,4.625011440922811e-05,29539.0625,15993.113044601887,2.879743870002097,5.878036996143831,6.083872153651545,17.050361289376813,10.979984504523946,13.83621918769297,59.15379886287618
217.63,217.643,USV_368,0.01300000000000523,1.0,11.883600000000001,False,66.10119999999999,77.98479999999999,151.5288,139.6452,0.0091364411637187,0.011788504464285714,15868.879804915292,18423.38759896311,0.00031761890976820693,31406.25,22908.260833932778,2.3827291325813604,4.832562856911091,4.331233916781095,14.313555509367196,10.748017982229513,14.262788636899833,42.86367999473253
217.933,217.965,USV_369,0.03200000000001069,1.0,11.883600000000001,False,66.10119999999999,77.98479999999999,151.8318,139.94819999999999,0.009751690551638603,0.019670758928571428,15857.940992520511,18251.909580957057,0.0001622115229255913,32584.821428571428,23485.16494132274,1.5043749442701115,2.4572187941504824,5.671778596197151,15.378956194529575,9.667900093337396,13.137716735722995,51.384903062836166
218.067,218.104,USV_370,0.03700000000000614,1.0,11.883600000000001,False,66.10119999999999,77.98479999999999,151.9658,140.0822,0.009136405773460865,0.0335235595703125,17221.51053780332,15518.7123573529,0.0002341721860051733,31154.296875,23052.203755467566,3.5346036745460183,3.742391903769748,5.988422405048222,15.241726691139537,12.119453085697106,13.129437848434032,55.66919606128761
218.415,218.425,USV_371,0.010000000000019327,1.0,11.883600000000001,False,66.10119999999999,77.98479999999999,152.31380000000001,140.4302,0.0066225770860910416,0.02685546875,20599.301310072377,23373.0607848455,0.0012135204309329589,35453.125,25328.200015542385,2.470643350734227,1.9819238265498982,6.544951020972135,13.91935634341879,7.875966876668696,12.504915740394607,37.601053249163684
219.042,219.051,USV_372,0.00899999999998613,1.0,11.883600000000001,False,66.10119999999999,77.98479999999999,152.94080000000002,141.05720000000002,0.012911294586956501,0.017496744791666668,18505.634356240218,22533.41485355582,0.0004028326897616506,34515.625,27283.25979490341,1.292521450699815,5.1413018251124285,4.631851284654057,10.013413994007214,7.553816604251662,12.847648988208766,37.86149935119593
219.498,219.506,USV_373,0.008000000000009777,1.0,11.883600000000001,False,66.10119999999999,77.98479999999999,153.39679999999998,141.51319999999998,0.006520249880850315,0.026904296875,18392.399776944243,21544.4366243208,0.0005207578062293725,31481.25,23557.46700765074,3.1680374913717495,4.164822268710408,3.7512151902243906,13.000226352914927,12.027718776360775,15.891936213532455,34.23904502177273
219.614,219.679,USV_374,0.06499999999999773,1.0,11.883600000000001,False,66.10119999999999,77.98479999999999,153.51280000000003,141.62920000000003,0.01029028370976448,0.012885199652777778,15576.958623267166,16302.257176318451,0.0013716931927253906,32701.38888888889,17669.963738871254,2.0922685619525634,3.3150148429461668,4.618942220085535,15.269820503102832,12.562881593744855,13.675897468122306,56.618414669702176
219.907,219.967,USV_375,0.060000000000002274,1.0,11.883600000000001,False,66.10119999999999,77.98479999999999,153.80580000000003,141.92220000000003,0.008731059730052948,0.01671875,16545.34212297944,16250.309647509643,0.00021207443154703373,32145.0,23180.517602490192,3.2838785314723613,4.525760268156684,4.850306011689124,15.778667248042197,11.46701410796963,14.77699334554027,57.95872490981329
220.244,220.327,USV_376,0.08299999999999841,1.0,11.883600000000001,False,66.10119999999999,77.98479999999999,154.14280000000002,142.25920000000002,0.009219644591212273,0.019790187026515152,14202.258464225497,15486.423456785189,3.9737997034754104e-05,31346.590909090908,27155.766484225747,2.2887907892073147,4.3902631114969095,6.1068943051691145,16.927487055473048,11.124217826204326,15.321848295060171,59.08138628361393
220.627,220.659,USV_377,0.031999999999982265,1.0,11.883600000000001,False,66.10119999999999,77.98479999999999,154.5258,142.6422,0.009332877583801746,0.015729631696428572,16087.73550657151,17681.817934715695,0.00028104240214857926,33388.392857142855,20331.726190242287,2.3218102377299537,2.795193709839064,4.432044944311002,16.895161600539815,12.656048282243589,13.500054547973892,54.07053654623883
221.107,221.126,USV_378,0.019000000000005457,1.0,11.883600000000001,False,66.10119999999999,77.98479999999999,155.00580000000002,143.12220000000002,0.010159368626773357,0.016064453125,16756.550695672857,21229.819468793394,0.0006656748376481714,32428.125,16357.540025445143,2.0237156895699195,5.1858751384668125,4.347216277811285,13.20226127351803,10.431515700768266,13.783213018008988,45.3653644474574
221.591,221.65,USV_379,0.0589999999999975,1.0,11.883600000000001,False,66.10119999999999,77.98479999999999,155.4898,143.6062,0.010714404284954071,0.019002278645833332,14310.272994786706,16158.143426529243,0.00016721542393275738,31101.5625,26403.659638258265,1.8826166065300294,4.424819543392445,4.870183271139296,17.732244279797808,10.792910297662624,13.518018005087006,55.753587841152175
221.679,221.722,USV_380,0.043000000000006366,1.0,11.883600000000001,False,66.10119999999999,77.98479999999999,155.57780000000002,143.69420000000002,0.008067411370575428,0.022332442434210526,16897.4112186479,18556.50857286216,0.00029276569173441775,33444.07894736842,20618.367166930024,3.1382685916602604,3.518525222868474,5.56465748109089,12.546049645385374,11.364433439639619,14.291385231291546,53.37790295798936
221.783,221.801,USV_381,0.018000000000000682,1.0,11.883600000000001,False,66.10119999999999,77.98479999999999,155.6818,143.7982,0.006016997620463371,0.030056423611111112,18021.73584064687,19108.614920509674,0.0004251856987833029,33479.166666666664,23586.61006154169,1.5727201941221556,1.538697772473897,4.852668372308317,14.088564699264175,10.383909093486059,14.087516347067346,46.64466051789006
221.868,221.904,USV_382,0.036000000000001364,1.0,11.883600000000001,False,66.10119999999999,77.98479999999999,155.7668,143.8832,0.014136248268187046,0.0151214599609375,13175.069328782922,18433.370548594517,0.00031272566887135026,30861.328125,27538.83519016586,3.398648658325427,6.8030772046014,5.598265523389166,16.85152108837262,9.332952239356413,13.739883000175215,49.833874654325356
222.17,222.192,USV_383,0.02200000000001978,1.0,11.883600000000001,False,66.10119999999999,77.98479999999999,156.0688,144.1852,0.009902002289891243,0.010675603693181818,15484.275441793323,20807.783332324816,0.0005615678175292387,32173.295454545456,18608.244596837005,2.466578870071447,3.312144735035834,5.290996248819806,11.863366021814944,9.747285047797769,14.683976145250211,46.25777529070769
222.72,222.745,USV_384,0.025000000000005684,1.0,11.883600000000001,False,66.10119999999999,77.98479999999999,156.61880000000002,144.73520000000002,0.009111304767429829,0.016092936197916668,14070.7642226936,15947.171428052132,0.0001368258645288587,30367.1875,25230.11899702229,2.6876324872086523,4.41438586247538,6.329815299577677,17.42928216925073,11.656276939829304,13.858806403859282,51.347197729590185
224.49099999999999,224.551,USV_385,0.060000000000002274,1.0,11.883600000000001,False,66.10119999999999,77.98479999999999,158.38979999999998,146.50619999999998,0.009496813639998436,0.022255859375,14488.669673456854,15152.01782650562,1.962584464080542e-05,30191.25,22748.956580844177,2.0674378466049737,4.772237529492616,5.572915560214987,17.11007996885239,11.294732475852516,14.259877531899502,57.30728286084182
226.071,226.093,USV_386,0.02199999999999136,1.0,11.883600000000001,False,66.10119999999999,77.98479999999999,159.96980000000002,148.08620000000002,0.009541257284581661,0.012251420454545454,16405.273497954273,20594.401424059753,0.0002540521036179556,32974.431818181816,19591.544094628363,1.7645954873088596,4.999583563631718,3.701608346427346,15.68052500268346,11.182794266512245,15.411837748751369,46.71569393851346
226.123,226.205,USV_387,0.08200000000002206,1.0,11.883600000000001,False,66.10119999999999,77.98479999999999,160.02179999999998,148.13819999999998,0.008581326343119144,0.030251242897727272,16153.75126174579,15377.109050079933,9.780205685585979e-05,31161.93181818182,22076.527484865936,2.3297772264305556,5.171398740259513,4.119966608861363,16.24532819526251,10.69659706979714,13.524725191680174,60.09908161173289
226.582,226.603,USV_388,0.021000000000015007,1.0,11.883600000000001,False,66.10119999999999,77.98479999999999,160.4808,148.5972,0.008460224606096745,0.0237548828125,17547.389610777187,19656.53034728963,0.0004028930483435557,33768.75,28073.025307437074,2.0754897729497355,4.252931399797145,5.657981200268736,14.528240297244285,13.503052798097082,13.493270237152416,47.32556542767527
226.685,226.714,USV_389,0.028999999999996362,1.0,11.883600000000001,False,66.10119999999999,77.98479999999999,160.5838,148.7002,0.009938760660588741,0.007249098557692308,14784.382350179678,17614.03570376419,0.0004405228468899494,31435.096153846152,17841.489927451203,2.720900332534978,3.7696005960055015,4.7144311685360645,16.073308811546994,11.670177344910424,15.1089993118935,51.37712403442667
226.744,226.813,USV_390,0.0689999999999884,1.0,11.883600000000001,False,66.10119999999999,77.98479999999999,160.64280000000002,148.75920000000002,0.007274918258190155,0.024937220982142856,15776.831107082593,15409.853606661045,3.9988887209998994e-05,32300.223214285714,24679.310686828732,2.6702142073139337,3.8880508275469756,5.40843360520527,17.677491323866445,12.587403632948067,14.530192671676838,57.75369059566589
226.843,226.865,USV_391,0.02200000000001978,1.0,11.883600000000001,False,66.10119999999999,77.98479999999999,160.7418,148.8582,0.009424987249076366,0.014382102272727272,15117.898784473351,16096.510628236765,0.00018408343009481177,29795.454545454544,18110.184712339924,1.6773190091126444,4.856957721527805,5.814226910692918,14.736290744823378,10.293047843297346,12.568653514914597,52.35953540234336
226.97,227.086,USV_392,0.11600000000001387,1.0,11.883600000000001,False,66.10119999999999,77.98479999999999,160.86880000000002,148.98520000000002,0.011012813076376915,0.019096042798913044,13798.875953251372,14702.336874767001,0.00012205393174337202,29898.097826086956,18324.950376579454,2.2579399387384824,6.45408266816844,5.184188900045858,17.263381490951197,12.36928549853787,14.444534833320688,59.37404599173715
227.207,227.218,USV_393,0.01099999999999568,1.0,11.883600000000001,False,66.10119999999999,77.98479999999999,161.1058,149.2222,0.009292623959481716,0.023234049479166668,19790.151388518287,20082.46816197099,0.0010001072352650985,34515.625,24929.061242703818,2.236629198899269,3.5582130751194323,7.76508615593146,16.32448693783295,9.580802671058985,13.765581728907629,44.6128079308834
227.325,227.404,USV_394,0.07900000000000773,1.0,11.883600000000001,False,66.10119999999999,77.98479999999999,161.22379999999998,149.34019999999998,0.011073173023760319,0.01955413818359375,14037.70700791333,15273.459687756153,8.636858960454573e-05,30922.8515625,22733.763326262248,2.836646508178097,4.735151224643777,4.269353595489491,18.232210724669155,11.902351928531651,14.028168241445584,56.398580898321875
227.446,227.456,USV_395,0.009999999999990905,1.0,11.883600000000001,False,66.10119999999999,77.98479999999999,161.34480000000002,149.46120000000002,0.009830030612647533,0.011881510416666666,16971.972249677387,23012.069194504187,0.0004306583982197959,32296.875,17894.504907800325,2.3182354688086244,3.8110627109216075,5.130714602934549,15.668070744126334,8.643805070785012,13.00007781979663,35.92640351345669
227.533,227.551,USV_396,0.018000000000000682,1.0,11.883600000000001,False,66.10119999999999,77.98479999999999,161.4318,149.5482,0.006876262836158276,0.024224175347222224,17610.76685083365,18693.848596922096,0.000365293658943859,33083.333333333336,22391.90800029521,2.1586280549498422,3.8731314344047902,3.4489633814212204,15.199515197886493,11.11875748888518,15.559548585614445,46.07748135357756
227.922,227.956,USV_397,0.033999999999991815,1.0,11.883600000000001,False,66.10119999999999,77.98479999999999,161.82080000000002,149.93720000000002,0.010238130576908588,0.019466145833333334,14873.553284134006,14607.861776633705,2.4887984996213416e-05,30700.0,27538.226696529313,2.2520876225050057,4.302123188265361,4.233330252827004,16.906885773562344,12.840528610262478,15.525177278473741,55.12295782370213
228.037,228.067,USV_398,0.030000000000001137,1.0,11.883600000000001,False,66.10119999999999,77.98479999999999,161.93580000000003,150.05220000000003,0.0099148228764534,0.020176478794642856,14169.501386586397,15905.035253828566,0.000160079312366524,30850.446428571428,19605.499903972635,1.8948761525200097,6.561050546611587,4.837089943937874,16.953203718316054,12.364743769698498,13.677368007077645,51.50813037763668
228.399,228.454,USV_399,0.05500000000000682,1.0,11.883600000000001,False,66.10119999999999,77.98479999999999,162.2978,150.4142,0.012798478826880455,0.016718325407608696,14032.506660247927,14926.678013327843,0.00011659797818552766,29343.75,22177.72557864711,2.7954248767310443,6.684712046453869,5.166645291610152,17.38894443250315,12.637590993396334,13.880830016268863,55.75661871812988
228.668,228.726,USV_400,0.057999999999992724,1.0,11.883600000000001,False,66.10119999999999,77.98479999999999,162.5668,150.6832,0.007820697501301765,0.026692708333333332,15399.221389109489,15460.248883164995,5.8348912130901636e-05,31351.5625,19254.29075918924,1.988246272271968,4.564885758798884,4.367249298668223,16.38329681977146,11.51279373535772,14.987655076704092,57.2415397296327
228.812,228.838,USV_401,0.025999999999982037,1.0,11.883600000000001,False,66.10119999999999,77.98479999999999,162.7108,150.8272,0.009790652431547642,0.013020833333333334,13988.733991038762,16427.55248357048,6.266694847714918e-05,30398.4375,17832.966948717487,2.6593784966673577,5.886319918679129,4.825998978074465,13.662796280467942,9.614458913379117,14.191590319812581,51.66451945251072
229.013,229.064,USV_402,0.05099999999998772,1.0,11.883600000000001,False,66.10119999999999,77.98479999999999,162.91180000000003,151.02820000000003,0.011352024972438812,0.016520182291666668,13767.204344344038,16222.931049087412,8.389078078030645e-05,30250.0,17723.620554921607,2.1238112895148618,5.048568451498032,5.755143366028451,16.690942283256657,11.054152142773644,14.583911447648331,56.13503829176321
230.153,230.185,USV_403,0.03200000000001069,1.0,11.883600000000001,False,66.10119999999999,77.98479999999999,164.05180000000001,152.1682,0.005776755511760712,0.03245326450892857,16681.249352430812,15447.568886089235,0.00014231729673637537,32243.303571428572,16208.16874522169,2.723612625491568,3.5656511549852814,3.952005396406125,15.654157363034654,11.384072665636106,13.484843951110223,55.004260164127565
233.925,234.017,USV_404,0.09199999999998454,1.0,11.883600000000001,False,66.10119999999999,77.98479999999999,167.8238,155.9402,0.012322207912802696,0.015763566300675675,12548.708874861855,13553.497139652312,1.4201202757903813e-05,27481.41891891892,14940.825741600585,2.3719158326065424,6.634470496321814,5.06287570011759,16.08834645766846,11.6126046557686,14.998065233566837,59.232487556566596
234.265,234.285,USV_405,0.020000000000010232,1.0,11.883600000000001,False,66.10119999999999,77.98479999999999,168.16379999999998,156.28019999999998,0.010090050287544727,0.011962890625,15185.698421039391,16145.89260770872,4.9983323334725394e-05,30590.625,24698.69155658707,2.8620856644851016,4.329300600577859,4.971789072550917,14.585128326782222,10.102315568780735,14.268608825325837,49.0063373442243
234.323,234.383,USV_406,0.060000000000002274,1.0,11.883600000000001,False,66.10119999999999,77.98479999999999,168.22180000000003,156.33820000000003,0.009411359205842018,0.025634765625,14099.396911292702,14935.34006974646,0.00011479335279554545,29606.25,15801.42990105195,2.2758196033646394,5.264298097912132,5.908411892568473,16.359363619982542,11.14035150329222,14.181456633767304,56.34694248695048
234.426,234.528,USV_407,0.10200000000000387,1.0,11.883600000000001,False,66.10119999999999,77.98479999999999,168.32479999999998,156.44119999999998,0.013120071031153202,0.03741306211890244,15571.155750799919,13217.667867880942,6.424356670820941e-05,28378.810975609755,17831.193696639875,2.841105439710215,5.2293427963244135,5.00905232339083,17.231661723396947,11.68868046542302,13.945585709212077,63.036050736136474
234.936,234.975,USV_408,0.03899999999998727,1.0,11.883600000000001,False,66.10119999999999,77.98479999999999,168.83480000000003,156.95120000000003,0.0070739067159593105,0.023380055147058824,16163.744748433473,17078.25604413361,0.00026669964119771934,32200.367647058825,22758.39358311006,1.9403854407513867,1.9913631297216208,4.49441593060936,16.859125615071466,10.10495051398198,15.40348272511355,54.46862523726375
235.053,235.072,USV_409,0.019000000000005457,1.0,11.883600000000001,False,66.10119999999999,77.98479999999999,168.9518,157.0682,0.007857326418161392,0.0441650390625,17189.686267359204,19311.528570467482,0.0003473046469355596,32634.375,23290.56835265975,2.020522532803416,4.497908836479399,4.524158893712119,14.57212903608758,10.662953385286821,13.643703996198136,47.324831501492135
235.209,235.263,USV_410,0.054000000000002046,1.0,11.883600000000001,False,66.10119999999999,77.98479999999999,169.1078,157.2242,0.007702673319727182,0.030729874320652172,16263.191169663405,15939.03621197649,5.762905037238187e-05,32302.989130434784,23115.17056815259,2.7198210806309895,4.475719786598326,5.214660880287875,15.307001486157484,12.242192156738673,14.880964011642876,55.449350263292565
235.571,235.604,USV_411,0.03300000000001546,1.0,11.883600000000001,False,66.10119999999999,77.98479999999999,169.46980000000002,157.58620000000002,0.009354139678180218,0.013639322916666667,14327.254888400534,14541.519296817285,4.2138152553060864e-05,30168.75,15289.637025819442,2.380577683303805,4.216357790724022,5.793279115613294,17.8549100520699,13.588291416880457,15.98857421907695,55.30614575064661
235.765,235.824,USV_412,0.05900000000002592,1.0,11.883600000000001,False,66.10119999999999,77.98479999999999,169.66379999999998,157.78019999999998,0.010770143009722233,0.03302734375,16818.051880292365,15965.71356649946,0.00034121264775395835,30720.0,21197.160022110413,1.5065370088428467,5.546278967515457,5.903219641846216,16.456362725711525,11.374381043053491,13.88523091479775,57.57928281639537
236.0,236.025,USV_413,0.025000000000005684,1.0,11.883600000000001,False,66.10119999999999,77.98479999999999,169.8988,158.0152,0.007080162409693003,0.031046549479166668,17301.099791508164,19244.872903649102,0.00029423655304220694,32921.875,26051.470031367015,2.1378289621583275,3.455930747728855,5.510166344736223,15.865432279045327,11.048289799185149,14.952428791462696,49.63753254424455
236.235,236.284,USV_414,0.04899999999997817,1.0,11.883600000000001,False,66.10119999999999,77.98479999999999,170.1338,158.2502,0.00850390549749136,0.012741815476190476,13590.477846953128,15134.18075996682,1.547032446448003e-05,30767.85714285714,22371.54279396689,2.6919616650424123,5.643866482038461,5.434826714174757,16.348176155617516,12.44354702816629,14.116165073815404,55.41608941682251
238.236,238.297,USV_415,0.06100000000000705,1.0,11.883600000000001,False,66.10119999999999,77.98479999999999,172.13479999999998,160.25119999999998,0.00853839609771967,0.02966796875,16160.918017944145,15784.937394260853,0.00029612288786554417,32092.5,23212.82929156797,2.48245765236314,4.401282815026786,5.674243686397968,17.506782798972612,11.568491229173057,15.018418562353268,56.78652734665821
238.549,238.672,USV_416,0.12299999999999045,1.0,11.883600000000001,False,66.10119999999999,77.98479999999999,172.44780000000003,160.56420000000003,0.009312503971159458,0.026041666666666668,15388.660212656503,14759.556374822272,2.186351042256659e-05,30716.796875,20402.467656042776,2.4681866868020936,4.107736054156791,4.738217571448299,16.24206395783151,11.820719936833887,15.021768837701318,60.48305258040426
238.72899999999998,238.737,USV_417,0.008000000000009777,1.0,11.883600000000001,False,66.10119999999999,77.98479999999999,172.62779999999998,160.74419999999998,0.007396613713353872,0.0205078125,17056.618471270987,19242.487041524237,0.0003023207500266067,30843.75,17039.590631050385,0.9547421133936629,6.128042490884632,4.604858726772622,11.732439139406889,11.129121094353064,11.962513504217702,36.89209312842354
240.108,240.137,USV_418,0.028999999999996362,1.0,11.883600000000001,False,66.10119999999999,77.98479999999999,174.0068,162.1232,0.008981653489172459,0.039945162259615384,17576.961415991882,16264.31637453273,0.0003857742338480892,31218.75,20557.113266416633,2.6629363635948406,3.58439375930534,5.9198142001422545,15.332807701359688,9.257573785174557,14.44893999833907,56.08028331892716
241.229,241.337,USV_419,0.10799999999997567,1.0,11.883600000000001,False,66.10119999999999,77.98479999999999,175.12780000000004,163.24420000000003,0.009671025909483433,0.031272710755813955,15194.767540808378,15116.144008399802,8.364411348367355e-05,31410.61046511628,18704.03984814435,2.8932046567373657,4.551186208710578,5.2616837439421325,16.9324149179622,11.012285279029756,14.745322006468017,59.06619860221175
241.631,241.672,USV_420,0.04099999999999682,1.0,11.883600000000001,False,66.10119999999999,77.98479999999999,175.52980000000002,163.64620000000002,0.00640861177816987,0.043619791666666664,17827.29704023791,15704.750795563179,0.0006730788453315501,33161.458333333336,19002.74346613274,3.2405370843723618,3.989684879449576,5.058081166959003,16.984570363408857,10.866378204779036,13.435829882530852,56.971066268427954
243.077,243.116,USV_421,0.03900000000001569,1.0,11.883600000000001,False,66.10119999999999,77.98479999999999,176.9758,165.0922,0.008177061565220356,0.027085248161764705,16461.692507231855,15975.008097221493,0.00014146306562145522,32288.602941176472,24591.64197412638,1.9254303833362045,5.549310724474126,6.433539459320161,16.630597092283374,10.490078625331154,14.486999050795779,55.96163943518699
243.8,243.809,USV_422,0.00899999999998613,1.0,11.883600000000001,False,66.10119999999999,77.98479999999999,177.6988,165.8152,0.007586484309285879,0.023356119791666668,19447.940437534136,25804.342454315396,0.0010827352680008956,35968.75,22553.99343520511,2.2268177038069297,3.1256162094411515,5.214633576296115,12.404542545859599,7.3665073572727335,10.117727221926955,34.250383681231845
244.11,244.148,USV_423,0.03799999999998249,1.0,11.883600000000001,False,66.10119999999999,77.98479999999999,178.0088,166.1252,0.009946326725184917,0.017075482536764705,15086.963803782755,17733.507793430486,0.0004060980900027749,30810.66176470588,21291.067816227496,1.9829694652001297,5.586303028811419,6.006455018156163,15.113470574556413,10.139583823547401,14.856049331093171,52.464077110358105
245.162,245.24,USV_424,0.07800000000000296,1.0,11.883600000000001,False,66.10119999999999,77.98479999999999,179.06080000000003,167.17720000000003,0.00863585527986288,0.017486572265625,15715.844251685918,15555.207817902103,0.00011505825930099647,31763.671875,22748.997369639546,2.497445824764158,4.41801842666816,5.173065154933791,17.266741782110216,10.850415929053616,13.950364443315326,57.63271284973045
245.989,246.017,USV_425,0.027999999999991587,1.0,11.883600000000001,False,66.10119999999999,77.98479999999999,179.88780000000003,168.00420000000003,0.008000125177204609,0.020845853365384616,14812.173607919844,16593.059252716852,0.00016418669688201434,30778.846153846152,17401.60350973117,2.2928393247111227,2.580401335985638,5.349990422512986,15.991357531739025,12.675134161425227,14.176659889215752,51.305510874013756
246.229,246.256,USV_426,0.026999999999986812,1.0,11.883600000000001,False,66.10119999999999,77.98479999999999,180.12780000000004,168.24420000000003,0.010111354291439056,0.008138020833333334,14454.462075992798,18658.336351580652,0.00015479925952139874,31210.9375,27633.758963142318,2.3307163859520066,3.3496858878099176,5.441160907444883,15.701105341361425,12.110594368653217,16.16119983567597,50.908597637899994
246.775,246.808,USV_427,0.03299999999998704,1.0,11.883600000000001,False,66.10119999999999,77.98479999999999,180.67380000000003,168.79020000000003,0.01242737751454115,0.026009114583333333,15262.247297156897,16677.876462642125,0.0005638968122675142,30075.0,18017.679235578446,3.2835115239589907,6.225581187343039,4.735197451165546,15.330092504853496,11.446592207722686,15.306110741948796,51.89834834688034
247.044,247.124,USV_428,0.07999999999998408,1.0,11.883600000000001,False,66.10119999999999,77.98479999999999,180.94280000000003,169.05920000000003,0.010687589645385742,0.01934051513671875,12956.020382270894,14216.43613164748,8.201077759122412e-06,29833.0078125,17597.691644836064,2.3104949295781654,5.780844809007998,4.257687570840769,17.74731405431642,11.851621183482944,14.777168097296734,57.434331605979224
247.743,247.89,USV_429,0.14699999999999136,1.0,11.883600000000001,False,66.10119999999999,77.98479999999999,181.6418,169.7582,0.011030072346329689,0.017997875548245616,14138.112937580525,14582.059931929802,2.395772580316654e-05,30746.71052631579,26040.50714962278,2.88496228432885,4.9921179185491384,5.184283808515213,16.504772661458603,11.304327344337397,14.781274752058527,59.97727747210415
247.952,247.983,USV_430,0.03100000000000591,1.0,11.883600000000001,False,66.10119999999999,77.98479999999999,181.8508,169.9672,0.006063524633646011,0.042515345982142856,17087.94324907842,15992.513922879807,0.00013843712553173135,32578.125,27116.619657364245,1.920224963346317,4.057778273748171,5.325602339684759,15.122934039351277,8.777490391907893,15.4046373142808,53.552055907043105
248.128,248.171,USV_431,0.043000000000006366,1.0,11.883600000000001,False,66.10119999999999,77.98479999999999,182.02679999999998,170.14319999999998,0.009834972210228443,0.011307565789473685,15809.20532670237,17903.477573359734,0.00029866244216827454,31949.013157894737,26172.24269116294,3.739691314554907,5.321571815955884,4.105349899299983,14.897195805259484,10.582920313959841,14.103348471210783,53.74638809574854
248.216,248.258,USV_432,0.04200000000000159,1.0,11.883600000000001,False,66.10119999999999,77.98479999999999,182.1148,170.2312,0.013158472254872322,0.018785264756944444,14360.473893903665,16124.197300493704,5.160546831112129e-05,30739.583333333332,27310.73654868506,2.8972506303643093,8.458142265326025,5.217418770784914,17.23217133770017,11.908262380529626,15.108146027228251,53.804819866511096
248.434,248.459,USV_433,0.025000000000005684,1.0,11.883600000000001,False,66.10119999999999,77.98479999999999,182.33280000000002,170.44920000000002,0.011346675455570221,0.014994303385416666,16343.06471887834,16300.888613765195,0.00021268450766170392,30843.75,20862.037908543294,1.8103174719874087,3.6166439210371393,4.8767938834133675,15.310574296521606,10.0211880506443,15.324831158616576,51.63053394004573
248.572,248.687,USV_434,0.1150000000000091,1.0,11.883600000000001,False,66.10119999999999,77.98479999999999,182.4708,170.5872,0.010430741123855114,0.01882536514945652,14464.11418962114,15472.188650184358,0.00013314547721992974,30631.793478260868,21047.00212949617,2.1896759751068577,6.2434251125885245,5.541489259329819,16.888023029560635,12.343545361712902,13.526566635972616,58.24761570927043
248.811,248.872,USV_435,0.06100000000000705,1.0,11.883600000000001,False,66.10119999999999,77.98479999999999,182.70980000000003,170.82620000000003,0.009671586565673351,0.02109375,15687.631045403588,15366.089782995892,0.00014991149059842573,31436.25,22184.68778056669,2.3574382159237848,4.175918721113829,5.529709251434382,17.681561851567007,11.33183570672502,14.17131100008745,57.637063224691104
249.141,249.209,USV_436,0.06800000000001205,1.0,11.883600000000001,False,66.10119999999999,77.98479999999999,183.0398,171.1562,0.010210036300122738,0.024405343191964284,14492.523677212535,14253.25098296083,2.040400582277843e-05,29742.1875,21321.523031978308,2.6251941647081196,3.716987683820206,5.052925563876284,16.87278948705217,10.864992323112002,15.64511103844841,58.482824254827435
249.302,249.332,USV_437,0.030000000000001137,1.0,11.883600000000001,False,66.10119999999999,77.98479999999999,183.20080000000002,171.3172,0.010370882228016853,0.014665876116071428,14889.256929552168,18400.801618536712,0.00020090712077990342,30843.75,16800.274672225558,3.1840623354141573,6.14839880591773,5.715798766528594,15.078811979445632,10.260513271627113,13.560047833548651,51.23356309664747
249.429,249.474,USV_438,0.044999999999987494,1.0,11.883600000000001,False,66.10119999999999,77.98479999999999,183.32780000000002,171.44420000000002,0.008753943257033825,0.024144222861842105,15803.231108169968,15720.204833298054,0.0003836607465766602,30532.894736842107,21073.820567570536,1.8538648115015444,4.227346731684582,4.726635547623208,15.614514537538511,10.670844699067773,16.08146197861014,56.352460989805174
249.596,249.61,USV_439,0.014000000000010004,1.0,11.883600000000001,False,66.10119999999999,77.98479999999999,183.4948,171.6112,0.008179212920367718,0.0244140625,16982.011477366184,21733.816833025514,0.0003292787973051143,31863.28125,16658.168185245413,2.417457710814281,3.666686451346163,4.321560081056205,13.969485716633322,9.03627720095311,13.273605878278884,42.05123167957808
249.775,249.842,USV_440,0.06700000000000728,1.0,11.883600000000001,False,66.10119999999999,77.98479999999999,183.67380000000003,171.79020000000003,0.010300757363438606,0.024361746651785716,14763.910290903445,16420.480018917857,0.00017296039320990322,31148.4375,21749.95158889433,1.8449719362488228,5.643384259422455,4.482381995242734,16.936103591466185,11.67822978076457,12.824872929228716,54.62235112441716
249.881,249.907,USV_441,0.02600000000001046,1.0,11.883600000000001,False,66.10119999999999,77.98479999999999,183.77980000000002,171.89620000000002,0.015139973722398281,0.011393229166666666,13530.26223960658,16904.511150706516,6.585489223370694e-05,28554.6875,24019.917308650543,2.4153240322604144,7.359047717126656,3.913243629394716,16.694908545260905,10.903084245222638,14.127190448840642,49.001496001053276
251.441,251.458,USV_442,0.016999999999995907,1.0,11.883600000000001,False,66.10119999999999,77.98479999999999,185.33980000000003,173.45620000000002,0.010319121181964874,0.023708767361111112,14281.86594073692,16363.274670873154,6.606299882997178e-05,28562.5,14769.230769230771,2.2272002751233386,7.712505209591173,4.497956847123153,16.80230722717117,13.862762410291364,14.25755650943199,48.24236003637849
252.379,252.412,USV_443,0.03300000000001546,1.0,11.883600000000001,False,66.10119999999999,77.98479999999999,186.2778,174.3942,0.011462350375950336,0.046402994791666666,18534.206178106404,16540.49083955836,0.0005266526420221794,32018.75,23637.28951964639,2.497321681891868,6.510131932474229,4.572538181141499,15.167814802083353,10.751324352173445,15.121695758690628,54.616377534999415
252.906,252.945,USV_444,0.03899999999998727,1.0,11.883600000000001,False,66.10119999999999,77.98479999999999,186.8048,174.9212,0.009058305993676186,0.01806640625,14732.842872381465,17379.34498250551,0.0005257858871747328,31400.735294117647,16518.449707100226,2.448722420879154,3.925120802237683,3.3247592677229,17.34316141855454,11.102898770884595,13.946827891621078,53.38789028793036
253.037,253.058,USV_445,0.020999999999986585,1.0,11.883600000000001,False,66.10119999999999,77.98479999999999,186.93580000000003,175.05220000000003,0.00885313842445612,0.03056640625,17859.641430854037,17145.28644721068,0.0004368470386038908,30900.0,21019.217721670553,2.5803659690455807,4.820727911556871,4.5642608206714295,14.90283974910306,11.192674169474113,13.453940321459115,50.37277400258442
253.11,253.128,USV_446,0.01799999999997226,1.0,11.883600000000001,False,66.10119999999999,77.98479999999999,187.0088,175.1252,0.011155462823808193,0.014322916666666666,14724.942024716716,17012.677944222225,0.00017852576445842158,29375.0,18061.23445532943,2.805125396720403,4.4301622039262325,3.7053127509532353,15.213078875250508,10.669482027056612,12.037534873598538,46.42518518059344
253.383,253.434,USV_447,0.05099999999998772,1.0,11.883600000000001,False,66.10119999999999,77.98479999999999,187.28180000000003,175.39820000000003,0.010392444208264351,0.015543619791666666,13734.385690329844,14638.691852955582,7.4057618547980425e-06,30357.14285714286,19900.18561525796,2.254106312960155,4.885158845423028,5.425438618712942,16.91354162338962,11.43647428722548,14.368161433021779,58.0467954015351
253.635,253.649,USV_448,0.014000000000010004,1.0,11.883600000000001,False,66.10119999999999,77.98479999999999,187.53379999999999,175.65019999999998,0.011607538908720016,0.00799560546875,14698.841544405317,19230.723717766195,0.0002549216597570192,29648.4375,17495.172345962652,1.4948791860812354,3.3752496470372204,5.568799954775576,13.534715232042526,10.496538783847956,12.53552394935138,43.120802703775865
253.95,253.981,USV_449,0.03100000000000591,1.0,11.883600000000001,False,66.10119999999999,77.98479999999999,187.84879999999998,175.96519999999998,0.007470049429684877,0.023036411830357144,15663.248316475927,15485.145089173002,7.154094230108526e-05,31540.178571428572,26273.927612168452,2.0135913297722983,4.492937905775561,4.953394880120813,17.446006135608915,12.18208440970606,13.735204911654673,53.85700829973776
256.664,256.687,USV_450,0.023000000000024556,1.0,11.883600000000001,False,66.10119999999999,77.98479999999999,190.56279999999998,178.67919999999998,0.010793411172926426,0.009765625,13926.423230996135,18294.185156701526,0.0003437206090665546,30937.5,15319.334794621815,2.374330448407885,3.7229192383847565,6.4906683592101215,17.922945808872683,12.057190069802262,12.961607710697423,47.65333111479392
256.747,256.781,USV_451,0.033999999999991815,1.0,11.883600000000001,False,66.10119999999999,77.98479999999999,190.6458,178.7622,0.007696753833442926,0.04767252604166667,18464.714487340534,15673.309858227354,0.0003188889189388796,32862.5,22669.8080707098,3.5535695946607917,3.718424311863399,6.296990183861607,17.375026312384986,10.080381950861561,13.348736722189662,57.15547765078584
257.788,257.803,USV_452,0.014999999999986358,1.0,11.883600000000001,False,66.10119999999999,77.98479999999999,191.6868,179.8032,0.008984029293060303,0.014404296875,17982.73150551004,20634.763315189397,0.0007993961874102567,33878.90625,18316.582902420785,2.3602030078104828,4.065095240234152,4.728757286904743,14.40651640716385,10.21296952699631,13.523685255666571,44.59099534851642
258.987,259.004,USV_453,0.016999999999995907,1.0,11.883600000000001,False,66.10119999999999,77.98479999999999,192.88580000000002,181.00220000000002,0.007740600034594536,0.019666883680555556,16257.666211833728,18893.918151882848,0.00018287562261863524,31822.916666666668,20859.508419544996,2.583871455895199,5.907234957841558,6.655505268557331,14.764389927491294,9.655011170173873,13.714503406261215,46.64472729968978
259.456,259.471,USV_454,0.014999999999986358,1.0,11.883600000000001,False,66.10119999999999,77.98479999999999,193.3548,181.4712,0.006613029167056084,0.033538818359375,17644.173395721606,18966.33874114415,0.00030024694030033965,31992.1875,20972.672427790247,1.1289256468263653,3.157961998922199,5.767032807371427,16.06007690582259,11.923073293255293,12.929553706880242,45.37364502124386
259.635,259.644,USV_455,0.009000000000014552,1.0,11.883600000000001,False,66.10119999999999,77.98479999999999,193.53379999999999,181.65019999999998,0.008504855446517467,0.018717447916666668,15567.901155821892,18360.665903502297,7.386772225553498e-05,31015.625,26662.403039806257,1.1962663297908056,4.91884230394104,3.443981899148634,14.55552628173181,9.01055996567114,11.297854732129984,39.62880259185214
261.545,261.574,USV_456,0.028999999999996362,1.0,11.883600000000001,False,66.10119999999999,77.98479999999999,195.4438,183.5602,0.007479243911802769,0.02869591346153846,16720.101716888144,18222.92382469358,0.00014556039719153472,33086.53846153846,24168.161990483964,1.5884892877648948,5.378671624139342,4.565885913789299,16.22650260721001,11.450463009748269,14.618179917999367,51.69003732747808
262.69,262.704,USV_457,0.014000000000010004,1.0,11.883600000000001,False,66.10119999999999,77.98479999999999,196.5888,184.7052,0.0071630943566560745,0.018280029296875,17592.219022200057,19359.834857299335,0.0005811663423730021,33855.46875,28928.0204384913,1.2221276773277097,6.076697627303044,4.508501258263539,16.376410450189383,11.501665306505842,14.303281301038202,45.25018217560104
263.119,263.182,USV_458,0.06299999999998818,1.0,11.883600000000001,False,66.10119999999999,77.98479999999999,197.01780000000002,185.13420000000002,0.008651163429021835,0.022845928485576924,15609.563650050946,16533.888359473964,0.00025263359494247516,32509.615384615383,21721.777420954644,1.9961042625517424,4.4266184849887384,4.90946034078571,17.043153619531548,10.690783087840442,14.628087707899008,55.500301919764425
263.26800000000003,263.31,USV_459,0.04199999999997317,1.0,11.883600000000001,False,66.10119999999999,77.98479999999999,197.16680000000002,185.28320000000002,0.010364353656768799,0.021104600694444444,15889.856185325725,17189.009649145795,0.00022408414988093518,31677.083333333332,26340.058478100113,2.3722699310732596,3.776855407558892,4.022085348604846,16.49739167879333,10.544106716246903,15.077031904561295,53.89870424838342
265.239,265.279,USV_460,0.040000000000020464,1.0,11.883600000000001,False,66.10119999999999,77.98479999999999,199.13779999999997,187.25419999999997,0.009886960498988628,0.026525160845588234,16053.361223603653,18087.963295979836,0.00028819434800387016,33193.01470588235,26057.960864686826,1.272822257387762,4.932622884503672,7.609823941963676,17.540819953749047,11.866547809767841,13.829055085767456,53.675374110867956
265.322,265.394,USV_461,0.07200000000000273,1.0,11.883600000000001,False,66.10119999999999,77.98479999999999,199.2208,187.3372,0.00905453972518444,0.0302734375,15456.873137903285,15051.426862080558,1.9818927049799372e-05,31735.991379310344,25687.10604830372,2.4635124079200184,4.402450882700415,5.133679249945908,16.815366636418094,12.29043961516716,15.10819033728819,57.93679560040264
265.491,265.52,USV_462,0.028999999999996362,1.0,11.883600000000001,False,66.10119999999999,77.98479999999999,199.38979999999998,187.50619999999998,0.007194539066404104,0.03639573317307692,16280.295138013065,16015.762022956187,0.00013212900804594491,31608.173076923078,15045.623747360149,3.013875662195765,4.5921482479819336,4.348504917596629,16.044679169418625,11.516652232759023,15.411768629483728,52.15171914787209
265.579,265.598,USV_463,0.019000000000005457,1.0,11.883600000000001,False,66.10119999999999,77.98479999999999,199.4778,187.5942,0.006186516024172306,0.0391845703125,18995.889151369232,17818.708122660573,0.0003181124461869786,32962.5,25529.61673966159,2.267829485535239,4.770539453659326,5.391979774095637,16.3396293237842,10.930333018955864,14.441980400192287,50.73337692741377
265.876,265.902,USV_464,0.02600000000001046,1.0,11.883600000000001,False,66.10119999999999,77.98479999999999,199.77479999999997,187.89119999999997,0.008965064771473408,0.016357421875,15339.858910229612,17309.458492661146,0.0002043477412437898,31703.125,25272.174340670656,4.058419139391544,6.69983447662867,3.6960663941432226,16.871389197055198,10.67483135693797,15.2017550488137,51.848627089662024
266.786,266.828,USV_465,0.04199999999997317,1.0,11.883600000000001,False,66.10119999999999,77.98479999999999,200.6848,188.8012,0.00659730052575469,0.03640407986111111,16925.274217221697,15304.357551495474,5.625496749723666e-05,33052.083333333336,26856.439421995332,1.9310083590153093,2.832600840107618,4.923286113614998,16.40392069091321,12.433396512826226,14.256644242503139,56.55175702796146
266.919,266.929,USV_466,0.009999999999990905,1.0,11.883600000000001,False,66.10119999999999,77.98479999999999,200.81779999999998,188.93419999999998,0.007540001068264246,0.016276041666666668,15987.909230596748,20128.328256854038,0.00021030000250440672,31703.125,14891.60621173784,0.9903778847687393,4.799343784247614,4.556174781188045,13.966387666982191,11.29412639821062,13.702470832677195,38.1948096448263
269.7,269.731,USV_467,0.03100000000000591,1.0,11.883600000000001,False,66.10119999999999,77.98479999999999,203.59879999999998,191.71519999999998,0.010080931708216667,0.020159040178571428,15322.74448548342,17584.58057139017,0.00019826471365305383,31566.964285714286,27095.853841726555,1.451367368686999,3.7571788805375954,5.356183471727134,16.16232281888876,11.048843753561483,12.95466609684195,50.92683181235011
270.625,270.671,USV_468,0.04599999999999227,1.0,11.883600000000001,False,66.10119999999999,77.98479999999999,204.5238,192.6402,0.010201860219240189,0.0198974609375,14780.871689923322,14829.188466260937,2.889073832996477e-05,31209.375,22378.765608090507,1.9419427612540943,7.016720743735712,4.74765444462518,17.214519498680115,10.952392726989713,14.709884231973637,56.204395039269
271.228,271.282,USV_469,0.053999999999973625,1.0,11.883600000000001,False,66.10119999999999,77.98479999999999,205.1268,193.2432,0.009610501118004322,0.03242824388586957,16411.649610395645,16174.272602276347,0.00018070576065464048,29991.847826086956,23302.681290933535,2.8060823907147237,5.220389161689978,5.499912547526735,16.545660134239682,11.141258252071156,14.514764767865977,58.497844334945746
271.617,271.693,USV_470,0.07599999999996498,1.0,11.883600000000001,False,66.10119999999999,77.98479999999999,205.5158,193.6322,0.009461979381740093,0.04767042590725806,17500.71162170045,14064.981283406432,0.0001252902927013241,29924.395161290322,23263.667622732533,3.4611937521220026,4.211260423822412,5.447364801297953,16.689488701492927,10.775325821457615,14.41146655598379,60.01754972371397
273.141,273.173,USV_471,0.031999999999982265,1.0,11.883600000000001,False,66.10119999999999,77.98479999999999,207.0398,195.1562,0.008848869241774082,0.020891462053571428,15234.691133069657,16814.663974602823,0.00023465125748145708,30428.571428571428,18339.429147669525,1.0959547407711345,6.0228883889672735,7.43795828128627,16.759858556911166,12.093509615314911,13.092601927799782,53.4513977673394
273.428,273.46,USV_472,0.031999999999982265,1.0,11.883600000000001,False,66.10119999999999,77.98479999999999,207.3268,195.4432,0.01185199711471796,0.011823381696428572,14554.763162721172,16323.612704252257,0.00010170779668995182,29082.589285714286,21103.33298946934,2.743715849666873,3.3366237117987336,6.961761285080512,17.3244649386978,10.451030848836172,13.572365878650826,53.19257918455884
275.94,276.047,USV_473,0.10700000000002774,1.0,11.883600000000001,False,66.10119999999999,77.98479999999999,209.8388,197.9552,0.025712711736559868,0.018566042877906978,9460.789931730678,11795.713841017876,0.00012038382324870977,19308.13953488372,15375.361563430073,2.395444269790089,2.963125122951632,7.860658125979265,16.782607850020796,10.422292379550917,16.270546394409283,62.68165269594443
278.231,278.264,USV_474,0.03300000000001546,1.0,11.883600000000001,False,66.10119999999999,77.98479999999999,212.1298,200.2462,0.011686934158205986,0.019482421875,14232.089915799499,15785.558727274762,0.00011454547367575112,29700.0,19926.301031117044,3.6616571647512286,3.996086649048731,5.581170772104765,15.920495638427962,10.106570678949302,12.71819164614842,53.361387354845945
278.878,278.916,USV_475,0.038000000000010914,1.0,11.883600000000001,False,66.10119999999999,77.98479999999999,212.77679999999998,200.89319999999998,0.01296052522957325,0.005112591911764706,13245.67734383135,16850.49211256817,0.00011445719593261096,29834.558823529413,22940.75431625639,2.5671440712791704,5.39393305039921,5.276973250471752,17.218957981328316,13.85413849695456,13.478396128391498,51.58853338438513
279.05,279.16,USV_476,0.11000000000001364,1.0,11.883600000000001,False,66.10119999999999,77.98479999999999,212.9488,201.0652,0.009388186037540436,0.03679310191761364,16101.306438392521,14140.834421939158,2.6745367744444304e-05,30553.977272727272,18604.16828907997,2.8469067245810127,4.946802066338976,4.5500239241941545,16.923625293414375,12.57483489683293,14.65291798079453,59.7339160507325
279.504,279.538,USV_477,0.033999999999991815,1.0,11.883600000000001,False,66.10119999999999,77.98479999999999,213.4028,201.5192,0.007239839062094688,0.0197265625,15676.194688544854,16790.30572628206,0.0001846877075805205,31437.5,18003.79358824781,2.09890892204899,3.0146413398021523,5.137317583718383,16.84111826821823,11.040705414765771,12.802292432515229,53.8167690440601
279.841,279.868,USV_478,0.026999999999986812,1.0,11.883600000000001,False,66.10119999999999,77.98479999999999,213.7398,201.8562,0.007160369772464037,0.034912109375,18537.439932070894,18167.715135491515,0.00039859045053976743,32484.375,25085.07170126415,4.791641778736054,2.9165774072430235,4.9338651344308415,15.566857921995469,10.90867244954393,13.698518044651893,55.54919622654986
280.751,280.777,USV_479,0.02600000000001046,1.0,11.883600000000001,False,66.10119999999999,77.98479999999999,214.64979999999997,202.76619999999997,0.010394982062280178,0.017252604166666668,16173.887927125645,19762.86350004993,0.00035847805796358816,32445.3125,24729.95081110072,2.1248715997208207,6.005737165853643,4.803174595032379,17.30805736089057,11.062419601229339,12.895828106612653,48.489284051263866
282.25,282.322,USV_480,0.07200000000000273,1.0,11.883600000000001,False,66.10119999999999,77.98479999999999,216.1488,204.2652,0.012643684633076191,0.032470703125,14895.28686436556,14813.204115247334,8.659886713707256e-05,28826.508620689656,15485.730944595296,3.2929782438323265,7.374453432150623,5.316917075431273,17.495306049497504,12.07956341336361,13.956750015977905,58.923951629928624
282.833,282.858,USV_481,0.024999999999977263,1.0,11.883600000000001,False,66.10119999999999,77.98479999999999,216.73180000000002,204.84820000000002,0.014076127670705318,0.012227376302083334,12342.235949546337,17181.977393093777,0.0001960324391062577,29234.375,24491.052492686864,2.280023712386573,6.007865901627496,4.531002035069512,14.224921728815167,12.498493767442218,15.289905334585365,47.31331783107523
282.911,282.985,USV_482,0.07400000000001228,1.0,11.883600000000001,False,66.10119999999999,77.98479999999999,216.8098,204.9262,0.009352034889161587,0.03374837239583333,15270.456649110181,13505.912563586087,6.583437314704395e-05,28478.125,19089.75377220556,2.54884494317814,3.5732169068221853,5.605088773409738,17.1864386240781,11.644174454658563,15.078557336313558,61.75354959606061
284.28,284.317,USV_483,0.03700000000003456,1.0,11.883600000000001,False,66.10119999999999,77.98479999999999,218.17879999999997,206.29519999999997,0.007319911383092403,0.0301361083984375,15507.82030597566,15912.252736824446,0.00034004087742350614,31740.234375,21279.106890528463,2.4298329100119362,3.653697078162539,5.123067134502203,19.519579499615,12.255793909010908,14.210626164044129,54.071341989267914
285.075,285.103,USV_484,0.02800000000002001,1.0,11.883600000000001,False,66.10119999999999,77.98479999999999,218.97379999999998,207.09019999999998,0.007254674099385738,0.032583383413461536,16926.232331571086,15938.67180029847,0.00010120839998682034,31918.26923076923,24217.386856107365,2.545144277204607,5.16588919170057,4.284917268426352,15.491046090965163,10.202720619126005,13.16008550383932,53.5622303987998
285.19,285.23,USV_485,0.040000000000020464,1.0,11.883600000000001,False,66.10119999999999,77.98479999999999,219.0888,207.2052,0.010788466781377792,0.020392922794117647,15767.711142439526,15715.088702519843,8.286908822136651e-05,30667.279411764706,24225.683068194005,1.8697723660501921,4.389899419414484,5.251437136178301,15.48811321159402,12.261325840261643,13.844503440695854,55.0018675343598
286.146,286.208,USV_486,0.06200000000001182,1.0,11.883600000000001,False,66.10119999999999,77.98479999999999,220.0448,208.1612,0.011637221090495586,0.01964393028846154,14225.016523381362,15289.106996194014,0.00011118006115524419,30173.076923076922,20793.859123570535,2.023710889846168,5.593591986556893,5.498186351777739,16.994136303922264,11.892677940247175,14.55914031197595,55.99502586267933
286.267,286.334,USV_487,0.06700000000000728,1.0,11.883600000000001,False,66.10119999999999,77.98479999999999,220.1658,208.2822,0.01080592442303896,0.02789306640625,16573.447203173182,15397.083993585207,0.00017968510815452384,30267.85714285714,20941.88411214413,2.7340482307231846,4.468560072377245,5.574120556931024,15.624885993403595,10.717173590733397,14.049072983095655,58.84292321273123
286.458,286.504,USV_488,0.04599999999999227,1.0,11.883600000000001,False,66.10119999999999,77.98479999999999,220.35680000000002,208.47320000000002,0.00765864085406065,0.03515625,17388.83339037436,16973.607735550893,0.0005631900032057795,31804.6875,19351.498949227913,2.513122744774308,3.909556832370233,5.5001269938851705,16.23296623715453,10.399863616698198,13.235233815437766,55.60423685455155
286.655,286.697,USV_489,0.04200000000003001,1.0,11.883600000000001,False,66.10119999999999,77.98479999999999,220.55379999999997,208.67019999999997,0.009362129494547844,0.027004665798611112,17259.3753211412,17034.461269311898,0.00043628837018059273,32458.333333333332,19927.322964564155,4.90551407795541,4.779114941132004,5.428955834160161,15.205803514348041,10.315220704306041,13.8679899431481,54.966261211714766
286.896,286.933,USV_490,0.03699999999997772,1.0,11.883600000000001,False,66.10119999999999,77.98479999999999,220.7948,208.9112,0.01056856568902731,0.021728515625,14220.082492147256,15656.117952449675,7.244574564210676e-05,29976.5625,20698.33259876413,2.299253443623253,5.466689510505757,5.435374665210839,18.531565619113607,13.109866571310704,16.361752189030035,53.738197236269556
287.099,287.168,USV_491,0.06900000000001683,1.0,11.883600000000001,False,66.10119999999999,77.98479999999999,220.99779999999998,209.11419999999998,0.012007909826934338,0.024509974888392856,14077.58201386957,14143.957718676274,0.00018456962778045405,29025.66964285714,16795.187903696627,1.9167733559128481,5.188221170207643,4.554809744939265,18.610671345355538,11.087297682675507,14.678595307197181,58.577875914482256
287.21,287.319,USV_492,0.10900000000003729,1.0,11.883600000000001,False,66.10119999999999,77.98479999999999,221.10879999999997,209.22519999999997,0.011272876523435116,0.018986191860465115,13751.57349289974,14437.984281324927,1.7336248163374725e-05,29625.0,23144.12328089899,3.008472006782953,6.156994838891097,6.0672969626110405,19.586101270967845,11.524250423229917,13.910702973846387,58.39248996215414
288.278,288.309,USV_493,0.03100000000000591,1.0,11.883600000000001,False,66.10119999999999,77.98479999999999,222.17680000000001,210.2932,0.009568947367370129,0.025285993303571428,16755.263969133815,16995.847753239465,0.0004643570873234625,32444.196428571428,26340.952448855263,2.0143038548285332,6.746268715194783,6.989858179099023,18.689690697568068,11.232423728779338,14.965399901426169,53.13484203428646
288.346,288.487,USV_494,0.14100000000001955,1.0,11.883600000000001,False,66.10119999999999,77.98479999999999,222.2448,210.3612,0.011210532858967781,0.039018110795454544,17572.32250827703,14828.340198847933,4.3670851940520294e-05,32439.204545454544,27644.20478392165,2.6165405114635845,3.364088100902342,5.691465426839736,16.966011712629022,10.396440710579013,14.443038367240879,61.96087497203054
288.849,288.872,USV_495,0.023000000000024556,1.0,11.883600000000001,False,66.10119999999999,77.98479999999999,222.74779999999998,210.86419999999998,0.009374604560434818,0.013427734375,15722.204028349615,19582.116088496194,0.0008230372056169089,31593.75,19777.734271079116,2.9651368625503114,6.174510451799034,4.951098252299141,16.23175836757148,7.713669993768598,13.225868800807312,48.11899568866088
288.927,288.977,USV_496,0.049999999999954525,1.0,11.883600000000001,False,66.10119999999999,77.98479999999999,222.82580000000002,210.9422,0.007148935459554195,0.03186616443452381,16788.818545706075,15687.861261988452,0.00016957107533301284,32419.64285714286,23998.259458820405,4.007783602838033,4.717481584004679,4.837308106594756,18.001117535470705,10.413049326641394,13.948400835882431,57.00408300780323
289.137,289.161,USV_497,0.02400000000000091,1.0,11.883600000000001,False,66.10119999999999,77.98479999999999,223.0358,211.1522,0.009621881879866123,0.02044122869318182,15361.032432377398,15418.792804598355,0.00010161987498164719,30357.954545454544,22526.826996904412,2.4348623675617547,4.576479086781256,6.770479218058117,17.037939438315423,10.586805489426695,13.819287406657821,52.10072180331592
291.227,291.243,USV_498,0.016000000000019554,1.0,11.883600000000001,False,66.10119999999999,77.98479999999999,225.12579999999997,213.24219999999997,0.010822761803865433,0.019775390625,18078.774951637002,21170.340467266415,0.0003058623530649094,34183.59375,26910.38640347557,1.5426799830842368,7.447250967321088,4.940082191595152,13.686477630773147,8.613546239379264,16.069287788725873,44.143459456526756
293.441,293.473,USV_499,0.03200000000003911,1.0,11.883600000000001,False,66.10119999999999,77.98479999999999,227.33979999999997,215.45619999999997,0.010504140518605709,0.017333984375,13641.772628765582,17029.992559972176,4.8143674491270504e-05,30796.875,26098.139770717495,2.0224873873337676,6.546916545448178,4.444509440649929,15.765391887972443,10.427879743410978,12.82383337697999,51.53817078788175
295.903,295.932,USV_500,0.028999999999996362,1.0,11.883600000000001,False,66.10119999999999,77.98479999999999,229.80180000000001,217.9182,0.0071427966468036175,0.029972956730769232,16974.366897320386,17986.194542980433,0.0002532524337816379,32675.48076923077,17629.56431881491,4.612476837488211,4.465665854477133,4.932542484595812,12.890054833582582,12.362879140300068,15.318057516672752,49.99016379350739
296.935,297.081,USV_501,0.146000000000015,1.0,11.883600000000001,False,66.10119999999999,77.98479999999999,230.8338,218.9502,0.010271608829498291,0.028671532346491228,14875.763891331077,13402.206865830995,1.1460677582977816e-05,28261.513157894737,23435.503316996655,2.587153253260296,5.14896441820712,6.355513376320531,16.341467123091544,12.069085240338062,14.814918515365992,61.90120671391267
297.176,297.226,USV_502,0.05000000000001137,1.0,11.883600000000001,False,66.10119999999999,77.98479999999999,231.07479999999998,219.19119999999998,0.010445652529597282,0.019287109375,13510.841856493815,14513.999017698723,2.2883419569567563e-05,29040.178571428572,19622.93365817692,2.570693250093745,5.915194733232561,6.089464293528003,17.210527690871693,11.345406871756987,13.667766522505982,56.78641268174307
297.287,297.338,USV_503,0.051000000000044565,1.0,11.883600000000001,False,66.10119999999999,77.98479999999999,231.18579999999997,219.30219999999997,0.010310693643987179,0.024502840909090908,16038.515636070044,17549.337298057013,0.0001958368855367196,31133.522727272728,25290.914722198897,3.0226993295968216,5.829503945254567,5.472622186108654,15.98728721010654,11.652478263537047,12.393948950801285,55.90652633513162
298.086,298.134,USV_504,0.04800000000000182,1.0,11.883600000000001,False,66.10119999999999,77.98479999999999,231.9848,220.1012,0.008480793796479702,0.0364501953125,16222.907323570147,16174.532317849085,0.00010232520129482157,30914.0625,23571.079165167535,2.4595291935603725,6.624787473118365,5.074677221170438,15.929916288604298,12.275504442348563,15.386849738763567,56.62801350516681
299.728,299.765,USV_505,0.03699999999997772,1.0,11.883600000000001,False,66.10119999999999,77.98479999999999,233.6268,221.7432,0.009980784729123116,0.0252838134765625,14804.976078527146,14703.806996988325,2.6401049137479584e-05,29976.5625,23253.25845200292,2.308820947183497,4.869092001407944,4.696492677304388,15.971701773807789,11.123806968160347,14.115530044140478,56.34589349339083
299.824,299.851,USV_506,0.026999999999986812,1.0,11.883600000000001,False,66.10119999999999,77.98479999999999,233.7228,221.8392,0.007357053924351931,0.028706868489583332,15976.721101359066,16598.93890571193,0.00031415025643094296,31039.0625,18241.498066180076,2.996064862895514,2.9637518610460503,5.444371835775345,14.530109490517594,11.551963127523498,16.20680856211648,55.53627762091449
299.922,299.946,USV_507,0.02400000000000091,1.0,11.883600000000001,False,66.10119999999999,77.98479999999999,233.82080000000002,221.93720000000002,0.008684756234288216,0.022749467329545456,16486.837067351866,18183.47852624945,0.0003791608416094275,32914.77272727273,22725.56112656869,2.149582461818447,4.621943866648106,5.606364699456109,14.825029602365323,9.998037557302858,12.818345989907765,50.21286025236395
299.986,300.068,USV_508,0.08199999999999363,1.0,11.883600000000001,False,66.10119999999999,77.98479999999999,233.88479999999998,222.00119999999998,0.010372325778007507,0.01897638494318182,11762.387453341298,13172.60287143385,8.669714362804407e-06,26630.68181818182,18128.724470093322,2.929446501751328,4.210062545225361,6.242280566312954,17.01259269101243,11.737597091607759,14.859905433891896,60.5100598786235
301.069,301.151,USV_509,0.08199999999999363,1.0,11.883600000000001,False,66.10119999999999,77.98479999999999,234.9678,223.0842,0.00851856917142868,0.023134173768939392,15297.464970181982,14949.167938397555,9.636926190381008e-05,30869.31818181818,25044.374087431013,2.667794009878298,3.8676270704082794,4.516926172640222,16.788584632912684,10.624125307281302,14.778080597578825,58.47272055289114
301.223,301.27,USV_510,0.04699999999996862,1.0,11.883600000000001,False,66.10119999999999,77.98479999999999,235.1218,223.2382,0.010509809479117393,0.02188720703125,14693.709021555853,14791.627952188868,3.74715318390453e-05,29615.625,23087.376822795843,2.0745734053544327,5.022830186442463,5.419605881141713,17.37678676143347,10.692334251079178,14.7191481795329,55.539528438562115
301.462,301.566,USV_511,0.103999999999985,1.0,11.883600000000001,False,66.10119999999999,77.98479999999999,235.36079999999998,223.47719999999998,0.01753038540482521,0.018268864329268292,10972.872202397342,12787.618576924737,8.273051128892231e-05,24679.115853658535,15016.51342739886,2.0833451491010546,3.3379465496663876,5.955810306733651,17.10493748851687,10.081272199913988,14.45351515232703,59.86563153635384
303.753,303.821,USV_512,0.06800000000004047,1.0,11.883600000000001,False,66.10119999999999,77.98479999999999,237.65179999999998,225.76819999999998,0.008717343211174011,0.029253278459821428,16052.29295971613,15121.850708808237,0.00017618898868689608,30950.89285714286,17706.410293898727,2.9285722675693964,3.2125086398135574,5.09843981052781,15.9895836464207,10.442179465350932,14.01183931545353,58.58466759669149
304.488,304.5,USV_513,0.012000000000000455,1.0,11.883600000000001,False,66.10119999999999,77.98479999999999,238.3868,226.5032,0.009794272482395172,0.011300223214285714,16438.568546783255,23129.106389674194,0.00047767916165528584,33241.07142857143,22099.005952773925,2.3739483016285803,3.160447599573904,4.475405306916377,13.921403201900684,8.322424114679267,13.976510795710626,39.010050110898646
304.601,304.676,USV_514,0.07499999999998863,1.0,11.883600000000001,False,66.10119999999999,77.98479999999999,238.4998,226.6162,0.018548330292105675,0.021492513020833333,11236.733709725164,13220.58872297359,4.6477793435874066e-05,24331.25,21021.12965975231,2.5113714131036557,3.0731564417890476,6.015708369308144,18.849982623206483,10.918614091363455,14.297271024374789,61.410549901323314
304.725,304.848,USV_515,0.12299999999999045,1.0,11.883600000000001,False,66.10119999999999,77.98479999999999,238.62380000000002,226.74020000000002,0.02223098836839199,0.014109293619791666,9226.70535862208,12066.250803309753,0.0001702854878997362,21443.359375,22078.623975682294,3.109277985674795,3.5668061037251526,8.07811420381607,19.27905434183543,14.08141814289896,14.299903974183493,61.93177883937083
305.48,305.588,USV_516,0.10800000000000409,1.0,11.883600000000001,False,66.10119999999999,77.98479999999999,239.3788,227.4952,0.011508465744554996,0.02870071765988372,14057.108887664324,14032.998229382414,2.9139795672864486e-05,27952.761627906977,19578.824269376266,2.4300762903309145,5.29300149188775,5.933747759693005,17.945065677924312,11.1007903758923,15.497351666110994,60.51560803631054
308.559,308.676,USV_517,0.1169999999999618,,,None,,,,,0.010176276788115501,0.031085470448369564,13660.44837851091,13528.843512166277,7.771403098690511e-05,28742.527173913044,18464.206393446348,2.247665257549283,4.4302057922600495,6.999374802424048,17.337089583557955,13.765477130207765,14.259178595073838,61.66500819072576
310.346,310.388,USV_518,0.04199999999997317,,,None,,,,,0.007926511578261852,0.0224609375,15807.836953017388,16769.20231733354,0.0006575002833495856,32697.916666666668,25618.646735293496,3.076358267847386,3.8504313721934573,4.518413028346659,16.3661076153235,9.086440174528146,14.474117373343022,54.65675952642724
310.558,310.69,USV_519,0.132000000000005,,,None,,,,,0.011196956038475037,0.03247539813701923,15085.72651917572,13775.840247707452,2.2050683299989402e-05,29709.735576923078,21805.03077944232,2.4720572335499185,4.99695946677476,5.565367787958591,17.788644574684657,11.818770736172262,14.038504743722765,59.0131234314939
316.965,316.979,USV_520,0.014000000000010004,,,None,,,,,0.008258214220404625,0.020355224609375,14096.994853520067,17002.192873626318,0.00011544023735985563,30140.625,23964.680739290816,3.0295452127004987,3.2454060704840617,4.294403161803786,18.77956928521288,9.119985103274168,12.570514545768194,46.153019961855826
317.322,317.336,USV_521,0.014000000000010004,,,None,,,,,0.012538859620690346,0.019195556640625,13072.914939659837,14906.395893903038,5.8863453192366896e-05,28300.78125,15125.59826701808,1.996161164519383,2.9317640918570635,6.299906424387672,19.1954711240922,8.723361633743188,12.626772336311829,47.6747246641496
318.067,318.183,USV_522,0.11599999999998545,,,None,,,,,0.011597789824008942,0.021908967391304348,12696.334087318799,14555.608082091285,0.0001654598785995634,27904.891304347828,19280.172193861024,2.767153256139527,3.635377978700583,6.161330234498025,17.607663213394083,10.881106333792733,16.03302886978446,59.83719874297205
319.888,319.915,USV_523,0.027000000000043656,,,None,,,,,0.007059349678456783,0.027756911057692308,16227.446312790566,17197.28453556993,0.0005413340296054372,31463.94230769231,15185.242652916288,2.1917165599876403,5.1377486390741645,5.1206296346291404,15.490059192042947,13.31720869333614,12.808822077893144,51.91304204415223
319.994,320.126,USV_524,0.13199999999994816,,,None,,,,,0.008200166746973991,0.028376652644230768,14895.473547583,14180.11789852385,8.144224902638247e-05,30421.875,18477.926521050278,2.4463652673155405,3.5264024018688973,5.420200654523251,16.67752317086731,12.672751103384398,13.92693621556385,60.014488594863174
322.082,322.191,USV_525,0.10899999999998045,,,None,,,,,0.013162328861653805,0.02201240007267442,13292.005710540749,14234.928477400148,8.712108699420947e-05,29003.633720930233,24614.573413622336,2.612946881427184,4.348415465748526,4.8736122029569495,16.461743043291804,11.083813148626446,14.950429846564301,59.54548748501717
328.953,328.996,USV_526,0.043000000000006366,,,None,,,,,0.007758268620818853,0.03929379111842105,16363.154387231943,16066.370691608849,0.0005486997919274848,31011.513157894737,15355.427104525894,3.293836864327155,4.2276035378014445,5.531319904765263,16.196064464188748,9.361731805693422,14.740446214977734,55.46052433986464
368.203,368.35,USV_527,0.1470000000000482,,,None,,,,,0.011522186920046806,0.025575835129310345,12973.016373511118,13345.11636449178,3.453581491849614e-05,27691.810344827587,18942.784049800724,2.4098926966687495,5.733673310281865,5.468597421372707,17.588267703601904,10.91726130006561,15.023790650929,60.60042418245911
375.167,375.211,USV_528,0.04400000000003956,,,None,,,,,0.008575980551540852,0.03125,14060.187685906501,15164.147513342843,0.00034615096421019415,28776.315789473683,18543.476360111323,2.6833172735843367,4.325642880567456,5.1450657669702835,15.72723168219929,11.893066116330578,13.641307258936212,56.089368615994424
375.374,375.388,USV_529,0.013999999999953161,,,None,,,,,0.03342834860086441,0.0050048828125,10019.138981367332,19892.377670279377,0.00031996758282621795,22769.53125,33647.65608206701,2.99816495004047,3.0902270773381186,6.0035936599052855,18.207430671247973,11.95670850710736,14.700648688128096,40.80063905287899
375.709,375.745,USV_530,0.036000000000001364,,,None,,,,,0.008842667564749718,0.022430419921875,15318.638846560665,16195.81041130955,0.00024901019080448346,31347.65625,22281.130108642436,2.6987764807539785,5.963181536021796,6.000228960227966,13.823479496792576,12.510172060927138,16.87680556834748,53.21838894455202
382.246,382.375,USV_531,0.1290000000000191,,,None,,,,,0.009595299139618874,0.02982345281862745,14700.701195847634,13367.125333143948,6.328157838530969e-05,29170.95588235294,16705.22526612211,2.9558026828282555,4.859493653165386,5.22605846323183,15.873411011544304,10.622456015340811,14.885881065179968,62.53822455410604
385.993,386.061,USV_532,0.06799999999998363,,,None,,,,,0.010358849540352821,0.028782435825892856,14183.115806959127,13655.513125593161,0.00014109122166240797,27920.758928571428,15051.199855724768,2.0056699149335193,6.97390320369431,5.322758447547501,13.848281369150445,11.283169863399923,14.688481490064635,59.80705836962205
391.806,391.837,USV_533,0.03100000000000591,,,None,,,,,0.010387316346168518,0.016183035714285716,14220.709914654915,16629.27758779622,0.00016383837697446984,29845.98214285714,15357.977519230253,1.5912509145687241,3.497228700716941,5.400342532241249,15.641361029568182,11.792223983290866,14.573036244548854,51.84949563703668
402.35,402.463,USV_534,0.11299999999999955,,,None,,,,,0.009458636865019798,0.02915581597222222,14373.736923291843,14758.467037297956,9.643979371786597e-05,30239.583333333332,20425.239104108055,2.1890581758838734,4.536853054601409,5.126456291292668,17.28103547811798,11.522159568791775,14.799086697668436,59.29795723692895
407.879,407.976,USV_535,0.09699999999997999,,,None,,,,,0.03595960885286331,0.020470252403846152,13325.109182701925,14714.288833498154,0.00014784396898371977,28420.673076923078,25803.812260792554,2.632643373748132,3.4939846028373744,6.912867950569664,18.843738696698203,10.518046286510751,15.084627066478744,58.09082998765449
408.162,408.17,USV_536,0.008000000000038199,,,None,,,,,0.012846961617469788,0.004443359375,14379.37057809406,17098.515030093527,0.00011706232777553187,29343.75,17562.06524437431,1.8046401942999502,3.009111807423427,6.96584901052784,14.04420745901461,10.083178161146716,16.290974079512967,37.80123402757503
408.28,408.36,USV_537,0.08000000000004093,,,None,,,,,0.008850694634020329,0.02388763427734375,15645.546289904541,15724.05593070199,0.00012865468586452245,32425.78125,28213.74304752334,2.366554066649581,4.179523449641824,5.351401562561031,16.919716335117474,11.427055740904441,14.651262559428318,58.59828675859552
408.447,408.47,USV_538,0.023000000000024556,,,None,,,,,0.009470527060329914,0.016246448863636364,17762.683409858157,18156.88011845545,0.00021385226606535174,34738.63636363636,31513.72642222914,2.5186710502291962,2.1771521618538077,4.6151403418440395,15.240339225961604,11.972709888654334,15.878157044773639,49.529206021794224
409.525,409.665,USV_539,0.1400000000000432,,,None,,,,,0.008844507858157158,0.026606889204545455,13844.66300604202,13604.473768536192,0.00012159098721195951,29362.5,16099.073585012904,3.240454906785508,4.62203140376086,6.505643740812762,16.35669035123153,11.369784961653199,14.952955519935877,62.19707913156015
409.704,409.824,USV_540,0.12000000000000455,,,None,,,,,0.010593041777610779,0.025816572473404256,13586.20417049121,14033.477769732111,6.0647420056425255e-05,28914.893617021276,15375.410506709068,2.0084492331071297,4.247839211186273,5.605300292732575,15.82445653500864,11.853971962378562,16.214850242525944,61.02677445627804
409.936,409.944,USV_541,0.008000000000038199,,,None,,,,,0.006534284446388483,0.0427734375,17545.162535038548,17998.635558491518,0.0015387361359315288,30093.75,15112.7571266072,1.2517209833958665,4.331260402451621,4.962263079127574,12.56828675202959,9.888658049306965,14.346445083252306,38.43926396435562
411.949,412.018,USV_542,0.06899999999995998,,,None,,,,,0.009282991290092468,0.03458949497767857,15589.2386886368,13480.058357817135,8.150203218993228e-06,30033.48214285714,24726.328333496214,2.3395001430380757,3.131853865525007,5.8674150863586805,17.688302118892892,11.726919943026141,14.707102389912624,61.18135538472643
412.198,412.278,USV_543,0.08000000000004093,,,None,,,,,0.012104630470275879,0.01978302001953125,13351.427041871626,14945.349509159532,0.0002525561996870049,29167.96875,23057.793447800424,2.532731922240815,6.141078938171144,6.247104786845303,13.030313967920488,11.811990325357382,14.683800700038944,58.163495140237295
414.533,414.671,USV_544,0.1379999999999768,,,None,,,,,0.01079400535672903,0.0328369140625,13649.24533634733,12975.324454897176,8.484099574994532e-05,28038.194444444445,20604.561460314293,3.004956540090245,4.755746946869597,5.028509528442612,16.632562771617287,12.26901911025458,15.941349398743572,61.99561211169436
415.076,415.17,USV_545,0.09399999999999409,,,None,,,,,0.014276018366217613,0.01907509251644737,11046.033869908584,13127.287397426107,0.00010192739625721223,24821.54605263158,14842.18288534983,2.123712231319029,3.337318302214212,5.245093244512388,14.904548868868481,11.6055734685815,13.289638786331802,60.8799610011341
415.217,415.234,USV_546,0.016999999999995907,,,None,,,,,0.010096660815179348,0.015787760416666668,13449.888147614256,18042.46009718089,0.0003439734104083178,29260.416666666668,19865.52701874988,4.926979635031516,6.580263748277748,5.376130784756508,14.327395531949394,9.274434403021761,13.62564325273684,47.43077197125238
415.388,415.5,USV_547,0.11200000000002319,,,None,,,,,0.01536833681166172,0.021095969460227272,10326.008162165244,12446.24507204505,0.00010686824630279654,23394.886363636364,22545.247636790038,2.363401127259114,2.7766076070062584,4.724622850490308,16.981510630052217,10.826246981120303,14.76437648023375,62.913109610673274
415.647,415.784,USV_548,0.13700000000000045,,,None,,,,,0.010723713785409927,0.03225368923611111,12868.140656399075,13150.087818475473,8.087934358355982e-05,26635.416666666668,14975.775579869409,2.5412932352410307,4.575318499494038,5.441899739096899,12.088744812201481,11.80347114132242,14.192083784066831,62.205556421705246
416.586,416.67,USV_549,0.08400000000000318,,,None,,,,,0.007851923815906048,0.0333251953125,14520.306281115441,14472.750113811446,5.601309057284447e-05,30270.220588235294,15639.357132175362,2.319897131019257,4.015942270011103,5.582646439499367,13.973079906612682,9.850556061152528,14.717983694881294,59.76765420226416
420.809,420.904,USV_550,0.09499999999997044,2.0,56.70100000000002,True,420.22479999999996,476.9258,0.5842000000000667,-56.116799999999955,0.009030048735439777,0.02507581208881579,14416.624866993068,15040.598451107959,0.00011877306122697619,30545.230263157893,19561.041657784248,2.4969184730486,4.898409282387491,5.696940928567822,15.389012512991126,11.916672039575857,14.370848495442104,58.41946727816835
426.242,426.347,USV_551,0.10499999999996135,2.0,56.70100000000002,True,420.22479999999996,476.9258,6.017200000000059,-50.68379999999996,0.011182166635990143,0.023251488095238096,13672.427316472156,15078.972371102145,0.00010932422634080989,29544.64285714286,26799.99963086584,2.9357789393118683,4.737775547554882,6.072480718402956,16.703293557652977,10.329470126876576,15.585585842533776,57.92335164363116
426.587,426.604,USV_552,0.016999999999995907,2.0,56.70100000000002,True,420.22479999999996,476.9258,6.36220000000003,-50.33879999999999,0.007407316938042641,0.021945529513888888,18186.404092526667,21302.268156961843,0.0009189301899119704,32843.75,19178.71693455344,1.2768808508884708,2.641401664428357,6.958128172343063,13.346198797656687,8.723332562511873,13.239823872487985,45.875166838280656
426.949,426.965,USV_553,0.01599999999996271,2.0,56.70100000000002,True,420.22479999999996,476.9258,6.724200000000053,-49.97679999999997,0.009083660319447517,0.034576416015625,17959.79051794533,18618.532451825733,0.00032850063314329107,30515.625,19763.156029858037,1.633548644861408,5.81523633134396,5.021601556634069,14.44214534296556,10.157001005488095,15.263995888716773,46.02762800263693
427.38,427.389,USV_554,0.009000000000014552,2.0,56.70100000000002,True,420.22479999999996,476.9258,7.155200000000036,-49.545799999999986,0.011488907970488071,0.0211181640625,18198.09791332922,24365.202494365152,0.0009027607475763939,34250.0,24074.779905464544,1.3751274909744093,4.986680640196227,6.818816010469469,12.355248743182939,8.13394025362272,16.62366415005231,35.364750693599426
428.206,428.307,USV_555,0.10099999999999909,2.0,56.70100000000002,True,420.22479999999996,476.9258,7.981200000000058,-48.719799999999964,0.009363023564219475,0.0302978515625,15391.309459433285,14307.097129753372,9.940110954081462e-05,30065.625,21355.62062346292,2.5663173445740437,3.6958800327338266,5.641886821711919,17.819190667305538,11.526690500401955,13.746345628062233,61.12742520564268
428.4,428.501,USV_556,0.10099999999999909,2.0,56.70100000000002,True,420.22479999999996,476.9258,8.175200000000018,-48.525800000000004,0.011111217550933361,0.013140869140625,13444.027051425635,15166.48343334952,6.475977842549558e-05,29901.5625,22811.569440840736,2.118787051062797,4.649420508260167,5.303465914109127,16.296358177775044,11.267906331743543,15.034704075245099,58.15435391395296
428.749,428.823,USV_557,0.07399999999995543,2.0,56.70100000000002,True,420.22479999999996,476.9258,8.524200000000064,-48.17679999999996,0.010907216928899288,0.014111328125,13657.341381948872,15893.70112559356,0.00015578561365305605,30578.125,26559.77940766415,3.8554818337665067,7.722155083725392,5.544753701084577,16.342382935565,11.43432850170298,15.513751744326042,56.13806300127508
428.922,429.016,USV_558,0.09399999999999409,2.0,56.70100000000002,True,420.22479999999996,476.9258,8.697200000000066,-48.003799999999956,0.008763492107391357,0.026771946957236843,15550.221485755415,15859.49049465292,0.0001304068775739751,31968.75,22583.395856928324,1.984733692773123,4.827980618795439,4.381979529204045,19.106094456821534,11.482234344207644,15.091353580302256,58.32311706210644
429.055,429.179,USV_559,0.1239999999999668,2.0,56.70100000000002,True,420.22479999999996,476.9258,8.830200000000048,-47.870799999999974,0.010267985053360462,0.028903260522959183,15947.081598795296,14768.006743348,6.435772747713448e-05,31832.908163265307,22870.007317134845,2.6953655380018535,4.942421987755335,5.682714184288046,17.493291324429514,12.873545225337125,14.884221885450918,60.53648603373688
429.212,429.233,USV_560,0.021000000000015007,2.0,56.70100000000002,True,420.22479999999996,476.9258,8.98720000000003,-47.71379999999999,0.010291298851370811,0.0169677734375,16378.301893776783,16871.37827437527,0.00028783985362558875,31593.75,22474.5814870292,3.398804454876566,9.56991003440963,8.730672676159623,15.572077990851284,11.391225651342767,16.44987312770663,49.23909094272077
429.264,429.311,USV_561,0.04699999999996862,2.0,56.70100000000002,True,420.22479999999996,476.9258,9.03920000000005,-47.66179999999997,0.010094706900417805,0.0168212890625,15270.349739709633,16489.099908486492,0.00016229224255970192,31603.125,25853.05163220915,2.77245510002233,4.891037319187224,6.889845230199619,16.614255867521642,11.095506519726632,14.658078087462268,54.47944233750233
429.401,429.487,USV_562,0.08600000000001273,2.0,56.70100000000002,True,420.22479999999996,476.9258,9.176200000000051,-47.52479999999997,0.011274471879005432,0.0109375,14288.217888382149,16262.124498312896,0.0002324756244385062,30950.89285714286,25779.075767195744,3.3378586719551664,4.718157446502185,5.9105394610232365,17.339482818928992,11.339301492963074,14.736647556419166,56.30422501308222
429.605,429.735,USV_563,0.12999999999999545,2.0,56.70100000000002,True,420.22479999999996,476.9258,9.380200000000059,-47.32079999999996,0.010376948863267899,0.019784964767156864,14566.95400203254,14998.721051563436,3.2992838663230725e-05,30704.04411764706,21930.859104586925,2.233351544382219,5.831331358584308,5.756488359961026,17.67019063101764,12.295314654685214,14.867233267543597,58.30210485966398
429.802,429.869,USV_564,0.06700000000000728,2.0,56.70100000000002,True,420.22479999999996,476.9258,9.577200000000062,-47.12379999999996,0.010624841786921024,0.026227678571428572,16682.595257694622,16623.664769755862,0.00021280005105163554,32815.84821428572,25703.857244241342,2.9228603357773606,7.040362791883808,4.625611312172496,16.497089326251825,11.766421892345775,14.887892080062358,57.24119643155216
430.169,430.178,USV_565,0.009000000000014552,2.0,56.70100000000002,True,420.22479999999996,476.9258,9.944200000000023,-46.7568,0.006095141638070345,0.014078776041666666,17654.365746335036,21702.793741712037,0.0006833059629049145,32968.75,24464.66408509477,2.110806287017646,2.3484523842017277,4.761305124903652,11.864400762952208,11.697155754806,14.860584204318997,38.658925723872755
430.258,430.291,USV_566,0.03300000000001546,2.0,56.70100000000002,True,420.22479999999996,476.9258,10.033200000000022,-46.6678,0.010147270746529102,0.026904296875,15715.976597149942,16665.890044635533,0.00022576182985791827,30318.75,15870.266407443765,3.0691679928475604,5.6000757675518935,5.727643418310005,15.32507301806846,10.470438798358122,15.413399746715848,53.53808264387951
430.339,430.376,USV_567,0.03699999999997772,2.0,56.70100000000002,True,420.22479999999996,476.9258,10.11420000000004,-46.58679999999998,0.010479443706572056,0.01531982421875,15221.25826049993,17711.82524533272,0.00017250583169402722,31640.625,19347.121502178125,2.148106935605467,3.850785430302,6.099770747351599,15.13305258874641,11.133145259968252,14.42858264353586,53.77259393003555
432.468,432.55,USV_568,0.08199999999999363,2.0,56.70100000000002,True,420.22479999999996,476.9258,12.243200000000058,-44.45779999999996,0.010592550039291382,0.023600260416666668,14540.915661717885,15085.322518383653,3.928696497250306e-05,30889.204545454544,22789.543414034346,2.1058888498464237,7.567187450045659,5.074565914054354,16.25573022718978,11.869585872973659,14.281985454032256,56.70447406185964
432.678,432.713,USV_569,0.03500000000002501,2.0,56.70100000000002,True,420.22479999999996,476.9258,12.453200000000038,-44.247799999999984,0.011624100618064404,0.0306396484375,17889.15405547756,17399.394447332907,0.00029066329048721965,32830.078125,26875.12786005574,2.2133676877710466,6.454928285562495,4.5037896295652216,16.540886823623488,12.37042308434029,14.726115358154615,53.888792042019006
432.903,432.933,USV_570,0.029999999999972715,2.0,56.70100000000002,True,420.22479999999996,476.9258,12.67820000000006,-44.02279999999996,0.008647124283015728,0.0244140625,16206.087020242796,18365.523721905287,0.0001811880829411479,31205.35714285714,25097.52279576048,2.5968418232526607,3.651170285949969,4.426100952243473,14.396554622477769,9.706563980671252,14.115898321382502,52.11669415726897
433.092,433.119,USV_571,0.027000000000043656,2.0,56.70100000000002,True,420.22479999999996,476.9258,12.867200000000025,-43.8338,0.0069288406521081924,0.041898287259615384,17818.021935868237,16574.066071294597,0.0007366816054890162,32567.30769230769,24110.13359929784,2.10817007508727,4.71847659675784,4.8552025442954285,15.033580646648746,9.99080155384377,14.223848281565928,52.52385467198506
433.223,433.327,USV_572,0.103999999999985,2.0,56.70100000000002,True,420.22479999999996,476.9258,12.998200000000054,-43.70279999999997,0.00798832532018423,0.032661251905487805,16542.28867316198,15129.36706879149,0.00010237904036174094,31543.44512195122,23015.670424756405,2.518708652353527,4.243240765465871,6.309942087420475,17.274444421623976,11.089400927057442,14.750081730105702,60.80986013015506
433.397,433.45,USV_573,0.05299999999999727,2.0,56.70100000000002,True,420.22479999999996,476.9258,13.172200000000032,-43.52879999999999,0.011205492541193962,0.014781605113636364,13687.782299623907,15231.134177452426,3.269542509113706e-05,29727.272727272728,25405.559064591085,2.712996795338185,5.6012748583662395,6.177465053784837,18.199219116387752,11.44216956672112,14.350874436996902,56.04025189596845
433.743,433.752,USV_574,0.009000000000014552,2.0,56.70100000000002,True,420.22479999999996,476.9258,13.518200000000036,-43.182799999999986,0.009561042301356792,0.010660807291666666,17972.755657838134,22420.285066952823,0.00030830367694150205,31828.125,23102.206456105905,3.4423201046738363,4.515116004991843,5.186941832779326,13.48750900187826,10.315202072874719,11.620751206665503,36.74478165229807
433.793,433.881,USV_575,0.08799999999996544,2.0,56.70100000000002,True,420.22479999999996,476.9258,13.568200000000047,-43.132799999999975,0.011283964850008488,0.025320870535714284,14207.298018317631,13860.43449986817,9.248193456842122e-05,29041.071428571428,16172.853976976488,2.234568669659479,5.588756108667851,5.821719211893287,16.074710933207065,12.47095029890483,15.070051200896984,58.93930104964893
434.37,434.397,USV_576,0.026999999999986812,2.0,56.70100000000002,True,420.22479999999996,476.9258,14.145200000000045,-42.55579999999998,0.010186414234340191,0.012349446614583334,14329.709513923162,17402.70638432589,0.00020530660289159235,30789.0625,21670.389321627976,2.8132571513867464,5.458011637916521,4.566775708939955,16.404812542205967,10.590180661806757,13.971810702936613,50.84265998870461
434.508,434.561,USV_577,0.05299999999999727,2.0,56.70100000000002,True,420.22479999999996,476.9258,14.283200000000022,-42.4178,0.011704596690833569,0.021883877840909092,14192.270028758352,16007.892676040763,0.0006188163936657907,29518.465909090908,17352.777892657123,2.0104754210757156,7.396086683297214,6.104378641999397,15.593496032992102,12.139479188467048,14.252783165179459,55.22662708918789
435.437,435.56,USV_578,0.12299999999999045,2.0,56.70100000000002,True,420.22479999999996,476.9258,15.212200000000053,-41.48879999999997,0.01215012650936842,0.06383768717447917,17679.332696346904,12398.764958049827,9.586234425822717e-05,28226.5625,22403.693882857682,2.6402944557357433,4.352674871061083,5.449207417290412,17.486162812639307,11.705013865430063,14.842714684550161,65.43581182882936
435.837,435.939,USV_579,0.10200000000003229,2.0,56.70100000000002,True,420.22479999999996,476.9258,15.61220000000003,-41.08879999999999,0.009736611507833004,0.03477515243902439,15388.037472679533,14318.652573103775,0.00013423109907328466,29796.493902439026,17548.23763715628,5.166110634207003,3.717481393262626,6.1585926311150505,15.860179764548064,11.14574712907217,14.559749839923752,60.10584375398629
437.436,437.449,USV_580,0.013000000000033651,2.0,56.70100000000002,True,420.22479999999996,476.9258,17.21120000000002,-39.4898,0.006176794413477182,0.031494140625,16344.04779374619,16203.103744509883,0.0005719239984332941,31031.25,24911.189424490993,1.6558360791324045,5.31512631396913,5.094505301967428,16.190012501578007,9.030232426147455,16.816518784435996,51.238760894295424
438.56,438.594,USV_581,0.033999999999991815,2.0,56.70100000000002,True,420.22479999999996,476.9258,18.335200000000043,-38.36579999999998,0.01252746768295765,0.017496744791666668,15163.136258431292,17930.263158680533,0.000868235737578313,30337.5,22703.778870453534,2.5507508415535325,4.357394801259104,4.979959561168994,14.290457539246603,11.145357137703114,15.979831097020758,50.99065712455605
439.478,439.509,USV_582,0.03100000000000591,2.0,56.70100000000002,True,420.22479999999996,476.9258,19.25320000000005,-37.44779999999997,0.008630483411252499,0.029610770089285716,16658.68013113556,18538.694672202244,0.000620073823010699,31285.714285714286,23911.50885620101,3.0072862957022184,4.2131615772735715,5.413779007503929,16.85321449616873,11.253059468918185,16.308334790574754,52.624445846130136
439.718,439.752,USV_583,0.033999999999991815,2.0,56.70100000000002,True,420.22479999999996,476.9258,19.49320000000006,-37.20779999999996,0.008775433525443077,0.026627604166666666,15636.444309839535,17162.499503387,0.00028735996198958624,30962.5,21959.274469380514,1.9921940398285747,4.186562131546467,5.619131190083997,16.734046742707847,11.927220987621174,16.408330387814054,53.4149732407202
442.839,442.874,USV_584,0.03500000000002501,2.0,56.70100000000002,True,420.22479999999996,476.9258,22.61420000000004,-34.08679999999998,0.012947557494044304,0.01507568359375,13480.919455055584,16471.97562202536,0.0003118072439559076,29015.625,19789.49816305878,2.2387240582057735,6.343043662292911,5.475562001455803,15.848136379571184,12.467229638508865,14.679192156338846,53.87912581261674
443.153,443.216,USV_585,0.06299999999998818,2.0,56.70100000000002,True,420.22479999999996,476.9258,22.92820000000006,-33.77279999999996,0.009648680686950684,0.033719576322115384,15365.779680810661,15544.729879648541,9.413648072522596e-05,30879.80769230769,22656.516142912657,1.7698752394981392,5.707327713228467,4.348277991869292,16.17659694343205,12.367279849259662,15.953918336858372,57.44928705419406
443.321,443.355,USV_586,0.033999999999991815,2.0,56.70100000000002,True,420.22479999999996,476.9258,23.096200000000067,-33.604799999999955,0.010185569524765015,0.017692057291666667,15101.682713937038,17658.543516266876,0.0002051279340489374,30325.0,23167.41193641115,2.0923901612975775,3.822920752586655,5.818819870399552,16.963963400684555,10.78381258158939,13.330707733541761,53.16218826523266
443.833,443.875,USV_587,0.04199999999997317,2.0,56.70100000000002,True,420.22479999999996,476.9258,23.608200000000068,-33.092799999999954,0.01082884892821312,0.024400499131944444,15097.06259652527,16344.719448121019,0.0003712066133822203,29807.291666666668,24806.600440210997,3.1891016100221283,7.026467209177762,4.951522361584042,16.69672670139725,9.504553183671149,13.984166476440235,55.09027990385698
444.01,444.025,USV_588,0.014999999999986358,2.0,56.70100000000002,True,420.22479999999996,476.9258,23.78520000000003,-32.91579999999999,0.005738158710300922,0.0477294921875,18497.158772448867,20305.6173998043,0.0003882440977139483,32906.25,24607.382634180947,2.2284106489840707,4.4263196209697675,6.314872989566672,15.283782223278621,8.971139912140439,13.510253904950304,44.669864364935414
448.87,448.914,USV_589,0.04399999999998272,2.0,56.70100000000002,True,420.22479999999996,476.9258,28.645200000000045,-28.055799999999977,0.009715828113257885,0.021522923519736843,15323.64644878963,16550.257362352444,0.00016951899075900363,30621.71052631579,21406.163584566486,2.802538961055344,4.255219389486762,5.815998131349917,17.206099780964763,12.6113397726147,15.379443597264254,56.414303615510924
449.003,449.041,USV_590,0.038000000000010914,2.0,56.70100000000002,True,420.22479999999996,476.9258,28.778200000000027,-27.922799999999995,0.00836332980543375,0.028133616727941176,15646.10711981119,15579.727216108004,0.00020005390086158415,29724.264705882353,25078.02090103852,2.399030524644397,2.5063054986300153,4.561426329315775,15.103969874330202,12.053469150276682,15.430619024624127,56.07396699964009
449.456,449.554,USV_591,0.09799999999995634,2.0,56.70100000000002,True,420.22479999999996,476.9258,29.231200000000058,-27.469799999999964,0.01031370460987091,0.023111979166666668,13645.364404812894,14203.973673632647,2.199165748915603e-05,29218.75,15967.73635918146,2.6310266675557075,5.211614359792149,5.39779039300137,16.632798637868216,10.79769254961272,15.878537779884596,59.30997514037343
451.208,451.289,USV_592,0.08099999999996044,2.0,56.70100000000002,True,420.22479999999996,476.9258,30.983200000000068,-25.717799999999954,0.008566956035792828,0.034283262310606064,16753.925732261905,15129.141326742902,0.00035893354409013295,31730.113636363636,21602.323613772613,1.7331088036136082,4.496766838466856,5.275494424123959,16.243415137211166,11.764544803091107,14.559753528422553,59.674410591918026
452.421,452.451,USV_593,0.03000000000002956,2.0,56.70100000000002,True,420.22479999999996,476.9258,32.19620000000003,-24.50479999999999,0.009997512213885784,0.023385184151785716,15624.746263160372,17686.291828065925,0.00030461330985518406,31131.696428571428,18463.351307438686,1.8804798194554275,3.932653083687473,5.218286329425034,16.103182098922897,11.938189887352229,15.535693561066923,51.611988400994214
452.928,452.952,USV_594,0.02400000000000091,2.0,56.70100000000002,True,420.22479999999996,476.9258,32.70320000000004,-23.997799999999984,0.011917799711227417,0.022416548295454544,14311.899863725062,16563.417935129153,0.000192893109994927,31312.5,17596.39822105989,2.057255513998395,6.856468961344519,5.239594529226601,16.263520066123604,11.955215399848374,13.550571881765103,50.76380121234104
453.041,453.123,USV_595,0.08199999999999363,2.0,56.70100000000002,True,420.22479999999996,476.9258,32.81620000000004,-23.884799999999984,0.008790519088506699,0.024976325757575756,14095.130423447208,14744.753348204204,6.843573470532854e-05,30110.795454545456,16883.73545043939,2.5378343105507133,3.2621719020234816,6.054694755653649,16.77920080984832,10.917365148338,15.072933078992627,59.87757629699624
454.441,454.462,USV_596,0.021000000000015007,2.0,56.70100000000002,True,420.22479999999996,476.9258,34.216200000000015,-22.484800000000007,0.00906151719391346,0.0218994140625,15038.07690490758,18365.102479537847,0.00015127492926715995,31818.75,26192.77471464517,2.08576926059654,4.087233393406249,3.8865157836113218,18.643338498291286,10.58874850061998,15.378985460516535,47.537633893404546
454.917,454.997,USV_597,0.08000000000004093,2.0,56.70100000000002,True,420.22479999999996,476.9258,34.692200000000014,-22.008800000000008,0.00849582627415657,0.028350830078125,14419.698812419796,14945.294177316664,2.6172238148853258e-05,30782.2265625,18999.45133916186,2.1677394573786577,4.692930399409182,6.223795800610731,17.12756141296753,11.049150546188699,14.452847844674237,58.047263459907256
455.525,455.549,USV_598,0.02400000000000091,2.0,56.70100000000002,True,420.22479999999996,476.9258,35.30020000000002,-21.400800000000004,0.00975717231631279,0.017578125,15598.988264400936,18385.46887619527,0.0008404537963798669,31363.636363636364,18309.884810968837,2.915229116853908,4.57769247307262,5.24172325751559,14.708932243121843,13.015179684161762,13.11806891251929,48.95390583386775
455.657,455.686,USV_599,0.028999999999996362,2.0,56.70100000000002,True,420.22479999999996,476.9258,35.43220000000002,-21.2688,0.011335701681673527,0.023043118990384616,15465.843824117754,14806.239565728794,0.00017752178811769343,28175.48076923077,18014.0332402913,4.299162517176438,6.301428015624401,4.734066141778623,18.477090648767277,11.826960347021727,15.495446568394383,54.88673717581388
455.833,455.845,USV_600,0.012000000000000455,2.0,56.70100000000002,True,420.22479999999996,476.9258,35.60820000000007,-21.092799999999954,0.007339704316109419,0.014439174107142858,17628.987133553255,21318.57129716126,0.0007752925691661484,32410.714285714286,21643.06706708391,1.7223699102646415,5.426139429796044,5.41023061628273,15.843082005037402,11.009872454417488,15.346697316616726,41.38021099546148
455.985,456.059,USV_601,0.07400000000001228,2.0,56.70100000000002,True,420.22479999999996,476.9258,35.760200000000054,-20.940799999999967,0.008605655282735825,0.026904296875,15837.597465232251,15409.416741763076,0.0001599442876074688,30915.625,23158.446048690468,2.0151916442782345,3.942917421124054,5.371940834558187,16.854107640560944,11.064544227296706,14.248788148231833,58.82577464531042
456.131,456.154,USV_602,0.023000000000024556,2.0,56.70100000000002,True,420.22479999999996,476.9258,35.90620000000001,-20.79480000000001,0.010438809171319008,0.013139204545454546,14682.575009789341,17572.8667478303,0.00036210440413857447,30673.295454545456,22563.87859781656,2.3352838204436455,4.708287401663238,4.1012225534051705,15.265923758667931,10.35528032115444,16.506550100638734,47.91507586146406
456.259,456.268,USV_603,0.008999999999957708,2.0,56.70100000000002,True,420.22479999999996,476.9258,36.034200000000055,-20.666799999999967,0.0065598092041909695,0.020467122395833332,18061.199580644636,20126.729199174955,0.0005898644109329959,32671.875,24644.311259246682,3.108656726997406,3.4210108526201712,6.033585560366821,14.867294234638004,9.159180599898038,12.989214590139872,38.705446345131975
456.421,456.564,USV_604,0.1430000000000291,2.0,56.70100000000002,True,420.22479999999996,476.9258,36.19620000000003,-20.50479999999999,0.00943358987569809,0.027483258928571428,15377.206344140479,14754.613229501945,6.1031376016996517e-05,30882.254464285714,21220.766627148874,2.567216437816584,5.2294412263733125,5.794074732117524,18.035165629268473,11.301556927050305,15.254311801586839,59.60317406211708
456.792,456.814,USV_605,0.022000000000048203,2.0,56.70100000000002,True,420.22479999999996,476.9258,36.567200000000014,-20.133800000000008,0.009647845290601254,0.017444957386363636,16652.543314792078,19218.27709529844,0.0005791248666280214,32769.88636363636,21712.23900143788,2.2652970573921705,5.414455969213106,3.842961193090558,15.294205580083359,10.263089398316017,14.34557122240782,47.44093337713432
457.844,457.866,USV_606,0.02199999999999136,2.0,56.70100000000002,True,420.22479999999996,476.9258,37.619200000000035,-19.081799999999987,0.011177659034729004,0.01904296875,16676.768554859922,16899.18308690956,0.0006066298671016433,31261.363636363636,25147.501825928106,1.8990803406603307,6.899462774548741,4.629180334010109,13.94640510878475,9.832479235787627,16.671704085622203,50.54685256109651
458.051,458.082,USV_607,0.03100000000000591,2.0,56.70100000000002,True,420.22479999999996,476.9258,37.82620000000003,-18.874799999999993,0.00959171261638403,0.03447614397321429,15977.527269354145,17184.696395163068,0.00022641883018066153,30281.25,18525.413891118405,2.3493872136807674,5.43720421453785,4.2613973519855035,13.744374673280772,10.11031765544091,13.329833044243287,53.75818638084221
458.21,458.244,USV_608,0.03400000000004866,2.0,56.70100000000002,True,420.22479999999996,476.9258,37.98520000000002,-18.7158,0.005374997388571501,0.032633463541666664,16755.270436283587,15816.684559231424,0.00020673223184547467,31656.25,15469.75058136463,2.076441480263607,3.619339748218822,5.4680346755638665,16.814791113565217,12.35765715849311,14.811692460003945,57.025079022058215
459.478,459.503,USV_609,0.024999999999977263,2.0,56.70100000000002,True,420.22479999999996,476.9258,39.25320000000005,-17.447799999999972,0.010512053035199642,0.016621907552083332,14923.5476422907,18280.719833013198,0.0004775825138087055,31343.75,20812.765870691775,2.1746405600201015,7.287197491212578,5.710344141786426,15.207926640356376,9.502805551692946,13.869984250191813,49.02653354803189
460.082,460.097,USV_610,0.014999999999986358,2.0,56.70100000000002,True,420.22479999999996,476.9258,39.857200000000034,-16.843799999999987,0.01042819581925869,0.01751708984375,15867.430880503069,19134.8511420611,0.0003758098336412181,30937.5,23582.33271445807,2.5822507269450568,4.836898999119271,6.05799423850722,12.693930434281281,9.881971046732561,17.198620324183487,42.920540437180755
460.131,460.163,USV_611,0.03200000000003911,2.0,56.70100000000002,True,420.22479999999996,476.9258,39.90620000000001,-16.79480000000001,0.009766285307705402,0.028547014508928572,16788.548991085492,17232.451457246014,0.00026527391405408866,31968.75,25528.57139447277,2.816243388338168,5.2783985164416345,5.241600505462346,18.112244302269254,12.442517100839309,15.070910864297575,53.04025535493543
460.35,460.374,USV_612,0.02400000000000091,2.0,56.70100000000002,True,420.22479999999996,476.9258,40.12520000000006,-16.57579999999996,0.007951109670102596,0.032026811079545456,19545.02296953488,18034.76078439868,0.00061704514403857,34090.90909090909,25354.259789283828,4.176655396576096,5.228294215645044,5.886747801003358,15.450829606012299,11.244349321846848,13.295263748229784,52.022631341369454
460.542,460.571,USV_613,0.029000000000053205,2.0,56.70100000000002,True,420.22479999999996,476.9258,40.317200000000014,-16.383800000000008,0.009076249785721302,0.018798828125,16042.571420535025,18730.660318342212,0.0003637319396328037,33685.096153846156,24081.60103193125,3.7043502087158484,3.8326858453827763,5.740849901106769,15.410896518178749,12.906001044216831,13.08336738720784,51.424949184308815
460.654,460.784,USV_614,0.12999999999999545,2.0,56.70100000000002,True,420.22479999999996,476.9258,40.42920000000004,-16.271799999999985,0.010524163953959942,0.021819469975490197,14167.280026706798,14264.335546465145,6.5048017221966015e-06,30349.264705882353,23231.048457244717,2.6126475083182688,4.992869618984124,5.1144029255650905,17.39055603151646,11.88065906332863,14.865516285073918,59.39675462752515
460.82,460.829,USV_615,0.009000000000014552,2.0,56.70100000000002,True,420.22479999999996,476.9258,40.595200000000034,-16.105799999999988,0.009701780043542385,0.024576822916666668,20956.75809323622,25394.415864158273,0.0018012612865471475,38375.0,27945.043725637985,2.197554194353224,4.042915287355091,5.3487024531798255,8.825590519732357,7.344201676310029,14.38281790739081,35.58318523443998
460.938,461.053,USV_616,0.1150000000000091,2.0,56.70100000000002,True,420.22479999999996,476.9258,40.71320000000003,-15.987799999999993,0.009050999768078327,0.02433975883152174,15269.605420574897,14766.518369043906,2.5279280306120183e-05,31357.33695652174,23410.704993692343,2.215372801148329,4.336257237504468,5.153782359309027,17.28150177705632,12.072728211083257,14.533955477527297,59.33677333068835
462.596,462.646,USV_617,0.05000000000001137,2.0,56.70100000000002,True,420.22479999999996,476.9258,42.371200000000044,-14.329799999999977,0.009942769072949886,0.03786504836309524,16798.103804931245,15625.48610133019,3.449384162464226e-05,32098.214285714286,24101.479691074397,2.2594263689381213,5.446499889734857,4.980457421217866,17.09712164545101,10.021803622570214,15.081031503142858,56.164791065205506
462.954,462.971,USV_618,0.016999999999995907,2.0,56.70100000000002,True,420.22479999999996,476.9258,42.72920000000005,-13.971799999999973,0.009246479719877243,0.009684244791666666,15041.768649269294,17401.428109722492,0.00024737124866683867,30770.833333333332,26148.494140730425,2.1652189579848815,3.8724492974137954,7.6910402417655614,17.459676192866247,9.636960306647143,14.3632296948985,46.64787280792586
463.003,463.076,USV_619,0.07300000000003593,2.0,56.70100000000002,True,420.22479999999996,476.9258,42.77820000000003,-13.922799999999995,0.010806120000779629,0.038720703125,17271.4282131238,13841.357280877386,3.4655530544315186e-05,31025.0,22244.201052892102,2.6695917921998387,5.6170949493428735,4.823796593504077,16.75163748761839,11.717195725570788,14.921728799901144,61.51525595335789
463.111,463.128,USV_620,0.016999999999995907,2.0,56.70100000000002,True,420.22479999999996,476.9258,42.88620000000003,-13.814799999999991,0.010863984934985638,0.025661892361111112,19998.505537724053,16663.699479664574,9.415036533812778e-05,33906.25,28576.36436539115,1.4704115582000223,5.23444765443995,5.032208865299861,16.272482602251188,11.612830559734466,14.74116791625605,50.32788108968359
464.797,464.827,USV_621,0.029999999999972715,2.0,56.70100000000002,True,420.22479999999996,476.9258,44.572200000000066,-12.128799999999956,0.009284624829888344,0.053379603794642856,16488.226105852667,15603.478418905032,2.7759411364037722e-05,32008.928571428572,15908.402499084623,2.4709967908728765,4.758970126311897,4.3587333118136575,15.653340015717722,11.000267199233905,17.249194914306987,55.15037099856624
464.896,465.015,USV_622,0.11899999999997135,2.0,56.70100000000002,True,420.22479999999996,476.9258,44.671200000000056,-12.029799999999966,0.009970868937671185,0.021505152925531915,15178.63258716419,15032.226877600244,0.000135094882586587,31154.92021276596,18657.85539590373,2.43620789241769,3.9780774029951647,5.957001951601049,18.05630937570466,13.343282276619094,15.475489187897525,59.38580351985814
465.047,465.097,USV_623,0.049999999999954525,2.0,56.70100000000002,True,420.22479999999996,476.9258,44.822200000000066,-11.878799999999956,0.011725280433893204,0.05517578125,17914.18689404112,13903.146670716826,6.480478651076781e-05,31147.321428571428,24003.68634452087,2.7430320394752274,4.511277333706441,5.7151508162224545,16.680077207860982,11.15110270197562,14.487590878578224,59.27876404833991
465.305,465.366,USV_624,0.06099999999997863,2.0,56.70100000000002,True,420.22479999999996,476.9258,45.08020000000005,-11.620799999999974,0.009189161472022533,0.016806640625,13775.310861975855,15417.669272458777,2.3819679763680627e-05,31192.5,18711.48614182586,2.5970734366501182,5.320034357377737,5.790937195991722,17.074356662473622,10.309310446499104,15.097324754126717,56.42771849423885
465.567,465.627,USV_625,0.060000000000002274,2.0,56.70100000000002,True,420.22479999999996,476.9258,45.34220000000005,-11.358799999999974,0.0069765388034284115,0.030791015625,16054.135050816145,15831.67971328937,7.241693520597372e-05,32190.0,25351.20364843745,3.411640162231821,4.563348266117467,5.3324988552994,17.158059692927235,11.563751016384954,16.55377190290984,57.14891083590397
465.678,465.798,USV_626,0.12000000000000455,2.0,56.70100000000002,True,420.22479999999996,476.9258,45.45320000000004,-11.247799999999984,0.010696970857679844,0.02132334607712766,16036.667123909887,15510.543105461513,6.504113607583244e-05,32670.877659574468,25469.6599799969,3.0174852836710415,5.508806652157236,6.262122609858703,16.8584932130671,11.44945906985518,14.780853045506607,59.55429456499125
466.206,466.222,USV_627,0.01599999999996271,2.0,56.70100000000002,True,420.22479999999996,476.9258,45.98120000000006,-10.719799999999964,0.011961313895881176,0.044708251953125,21631.79560185258,16812.28995228098,0.0003650260424947661,34628.90625,26256.08918279406,1.937565874671081,3.5082671887341093,3.96807202254345,15.633835758164656,11.444330121755062,18.824428467593215,49.42248677995358
466.253,466.272,USV_628,0.019000000000005457,2.0,56.70100000000002,True,420.22479999999996,476.9258,46.02820000000003,-10.672799999999995,0.007791867945343256,0.041015625,19103.028500141285,21936.055803007002,0.00041936410937298005,35062.5,26718.610497536207,2.287504439510473,2.1667239856717195,4.778774748309004,11.01690126146735,8.373056395789325,14.257938306581455,46.220560640141784
466.374,466.409,USV_629,0.03499999999996817,2.0,56.70100000000002,True,420.22479999999996,476.9258,46.149200000000064,-10.551799999999957,0.013351637870073318,0.016666666666666666,15211.760510187676,15973.363229566055,9.183999137310485e-05,31056.25,21204.735036499795,3.953525911770971,6.953216479719952,5.5697779637163665,16.774624132624865,10.40554991213128,14.589186356609183,56.07563695444781
466.561,466.616,USV_630,0.05500000000000682,2.0,56.70100000000002,True,420.22479999999996,476.9258,46.33620000000002,-10.364800000000002,0.00907276663929224,0.029413637907608696,16210.79317980206,14510.799879828184,3.658885758393637e-05,31394.021739130436,22281.03927739738,1.7230911984416641,5.803629845286954,5.584946497452512,17.446461400447735,13.350733250049158,14.18199477372535,57.53366887757418
466.673,466.74,USV_631,0.06700000000000728,2.0,56.70100000000002,True,420.22479999999996,476.9258,46.44820000000004,-10.25279999999998,0.009154083207249641,0.019435337611607144,15087.477997661088,15156.22043175116,0.00023561721143899473,30609.375,27124.024068113045,2.602033155771933,3.037635111664733,4.093023555860678,16.161195023554416,12.064990881465212,15.543997974908494,58.57181561853447
467.062,467.086,USV_632,0.02400000000000091,2.0,56.70100000000002,True,420.22479999999996,476.9258,46.83720000000005,-9.86379999999997,0.01249200664460659,0.007523970170454545,14805.638437629888,19320.047856812263,0.0004314888716160306,30801.136363636364,23912.35201839531,2.5429516825297585,4.0685340219681425,5.432187921545078,12.999078815742706,9.175917644896655,13.71837884439776,49.1732721505615
467.59,467.622,USV_633,0.03200000000003911,2.0,56.70100000000002,True,420.22479999999996,476.9258,47.365200000000016,-9.335800000000006,0.01258449163287878,0.010689871651785714,13847.663591315752,18065.346099936683,0.00019188853895465906,31660.714285714286,28309.59944392372,3.2101606649408203,7.511580444979773,4.21845232635842,17.368448133026725,10.527178482444194,14.64555421569693,50.90153497342864
467.782,467.847,USV_634,0.06499999999999773,2.0,56.70100000000002,True,420.22479999999996,476.9258,47.55720000000002,-9.143799999999999,0.011332446709275246,0.016384548611111112,14958.15510995957,15204.738426878432,1.811245572489659e-05,30625.0,21169.516157564354,2.98543054159945,4.806057254814793,5.30238380359055,17.082324911335213,11.751483793481635,15.334431775545035,57.3984037299817
468.099,468.11,USV_635,0.011000000000024102,2.0,56.70100000000002,True,420.22479999999996,476.9258,47.87420000000003,-8.826799999999992,0.009707408957183361,0.014753069196428572,17343.29077379814,21425.556973798724,0.0007170378501115553,33174.107142857145,17262.098617599175,2.024079799017151,2.8190855210090704,6.242877073257539,10.908530561537749,8.730687101573471,13.859897835671688,40.54375912645024
468.254,468.288,USV_636,0.033999999999991815,2.0,56.70100000000002,True,420.22479999999996,476.9258,48.02920000000006,-8.671799999999962,0.008953067474067211,0.021354166666666667,14777.436721320108,16358.939837056376,0.00019511117260171028,31306.25,15656.771221564888,2.7737053773514417,5.197492065063444,5.446765273410475,15.526242316227853,10.569945384487337,15.193002719662616,52.06615562208801
469.044,469.072,USV_637,0.02800000000002001,2.0,56.70100000000002,True,420.22479999999996,476.9258,48.81920000000002,-7.881799999999998,0.009712353348731995,0.026104266826923076,16752.586819810618,18009.408871693406,0.00023841533033939715,31896.634615384617,21658.814756969477,2.2536452524777495,3.512967266760663,4.779943224634281,15.050775841083254,10.240164468960169,13.220619068076994,51.04969726807431
469.219,469.254,USV_638,0.03500000000002501,2.0,56.70100000000002,True,420.22479999999996,476.9258,48.994200000000035,-7.706799999999987,0.009082178585231304,0.0156402587890625,14211.309839184716,17756.044663106244,0.00025266153483613035,30691.40625,20886.671315129523,1.8187086090521922,6.1669231831561975,3.9526488000358384,16.417411801401702,9.7944076369036,16.012981945989598,51.824211416550305
469.384,469.457,USV_639,0.07299999999997908,2.0,56.70100000000002,True,420.22479999999996,476.9258,49.159200000000055,-7.5417999999999665,0.008242081850767136,0.042578125,15555.792105371795,14485.950275775373,4.512092570453359e-05,30484.375,22200.568753106727,2.393034966488239,3.7194444926347705,6.524753113982578,18.22208835755554,10.045475935678592,15.353410768796142,59.194353511176715
469.639,469.722,USV_640,0.08299999999996999,2.0,56.70100000000002,True,420.22479999999996,476.9258,49.41420000000005,-7.286799999999971,0.010624520480632782,0.030650745738636364,15597.132623625384,14359.002042873844,4.060252315412122e-05,30326.704545454544,19504.983252777474,2.170472667670559,4.975372306443651,5.56272559712069,17.127886074471178,11.231813402874735,14.558324434192222,60.023999249495766
469.838,469.848,USV_641,0.009999999999990905,2.0,56.70100000000002,True,420.22479999999996,476.9258,49.61320000000006,-7.087799999999959,0.009376133792102337,0.031982421875,14922.755984555695,16075.399629638749,4.188704813985696e-05,30015.625,16764.132465631094,1.1103737716341795,4.064604887206065,3.9882752543993027,17.727076141956676,9.936981194457891,15.002065463377017,41.11527812342698
470.013,470.043,USV_642,0.03000000000002956,2.0,56.70100000000002,True,420.22479999999996,476.9258,49.78820000000002,-6.912800000000004,0.02179085835814476,0.012015206473214286,10094.993418381215,15280.319016609723,0.00010553143847083954,22439.73214285714,21065.65768435723,2.2232112433309794,3.169046913300627,7.247876020896571,19.317817765407227,11.765683354663711,15.173144245646146,53.63871229213946
470.421,470.506,USV_643,0.08499999999997954,2.0,56.70100000000002,True,420.22479999999996,476.9258,50.19620000000003,-6.504799999999989,0.011660976335406303,0.01896398207720588,15186.038717252399,16061.141158435548,0.0004024041310018153,32277.573529411766,26844.350384573598,3.064388935591469,6.62259356238568,5.911097327440829,16.132975331145893,11.028349961053943,15.334707695305683,56.74709751856056
470.546,470.678,USV_644,0.132000000000005,2.0,56.70100000000002,True,420.22479999999996,476.9258,50.32120000000003,-6.379799999999989,0.02244408242404461,0.0662982647235577,20281.771872436613,13022.48578758251,0.0001241455880042495,31847.95673076923,26211.92263991229,2.683917210933771,4.638006306691958,5.254735543420171,15.40691142983549,12.891500960877655,16.199876380138512,66.45209102659008
470.92,470.984,USV_645,0.06399999999996453,2.0,56.70100000000002,True,420.22479999999996,476.9258,50.69520000000006,-6.005799999999965,0.009907527826726437,0.0260009765625,15974.099455637917,15105.808028430056,8.919144634090536e-05,31362.98076923077,24716.2118390486,2.5990264210096834,6.591305888800078,6.280667002453763,19.420072755630414,10.954142229656153,14.23986271851847,57.42706697863444
473.06,473.175,USV_646,0.1150000000000091,2.0,56.70100000000002,True,420.22479999999996,476.9258,52.83520000000004,-3.865799999999979,0.010319930501282215,0.03606381623641304,15588.596767872643,14253.995174902073,8.186304085529549e-05,29993.885869565216,21583.094575994844,2.9916081483826606,5.116513397991138,4.840939470034223,16.608905404293555,11.859971050071552,15.648232024592037,61.288075139115605
473.277,473.336,USV_647,0.05900000000002592,2.0,56.70100000000002,True,420.22479999999996,476.9258,53.05220000000003,-3.6487999999999943,0.011364690959453583,0.0347265625,15736.336083407283,14456.437645031065,0.00013049976856515467,29463.75,17298.094634454992,2.9960173980751152,5.537424092791747,6.0826839977358205,15.07794585044159,12.322525575065459,14.13050191760864,59.848338119347865
474.059,474.154,USV_648,0.09499999999997044,2.0,56.70100000000002,True,420.22479999999996,476.9258,53.83420000000007,-2.866799999999955,0.013393860310316086,0.02333470394736842,14244.123100812658,14608.959167602025,0.00018518496325360171,28667.763157894737,22274.4672373949,2.365609472892782,6.302183245992239,5.447053454028308,17.22787218980151,10.621416647489852,15.006360469172492,59.03535774256286
475.734,475.772,USV_649,0.038000000000010914,2.0,56.70100000000002,True,420.22479999999996,476.9258,55.50920000000002,-1.1918000000000006,0.010807031765580177,0.012005974264705883,15342.194067824656,17348.96915917707,0.00061213048455453,30264.70588235294,17134.671570283608,2.2659621518780027,3.94200987173377,6.166785171094908,15.054712936893981,11.99926168094787,13.436932945101386,53.07105708152338
475.893,475.972,USV_650,0.07900000000000773,2.0,56.70100000000002,True,420.22479999999996,476.9258,55.66820000000001,-1.0328000000000088,0.009687639772891998,0.0152740478515625,14851.689725849239,15827.682935491659,9.790767960641121e-05,30916.9921875,21573.314650708875,3.5974192399114058,5.161204218928749,5.394894406582429,17.188265615650405,12.817126140148101,13.988517949998382,58.720865793444744
476.078,476.087,USV_651,0.009000000000014552,2.0,56.70100000000002,True,420.22479999999996,476.9258,55.853200000000015,-0.8478000000000065,0.006459987256675959,0.038045247395833336,19972.275668854,21178.69936148246,0.0011542163436736432,33421.875,25323.666618888416,3.8967935001346525,4.127888366062443,3.9029783613616402,14.447004762629549,8.833254475053137,13.786534840973749,39.33004624329585
476.117,476.143,USV_652,0.025999999999953616,2.0,56.70100000000002,True,420.22479999999996,476.9258,55.89220000000006,-0.8087999999999624,0.008737008087337017,0.011189778645833334,13677.968589113072,16428.536823810595,0.00012723973849356344,30468.75,17800.271050684813,2.574614363346537,3.1308067042079752,6.151218750168393,16.364103070347458,10.674371319212897,15.751140513238747,51.704976399557665
476.234,476.265,USV_653,0.03100000000000591,2.0,56.70100000000002,True,420.22479999999996,476.9258,56.00920000000002,-0.6918000000000006,0.008597234264016151,0.019810267857142856,15139.439971226033,17506.767697425556,0.00016956228252189683,30897.321428571428,16715.121298579514,1.9021757620057198,4.582084192453358,6.472540552903875,14.609864792850095,11.513995615343061,15.823663840607518,52.26951326710246
477.945,477.987,USV_654,0.04200000000003001,2.0,56.70100000000002,False,420.22479999999996,476.9258,57.720200000000034,1.019200000000012,0.010129543952643871,0.015245225694444444,15104.561044251974,16552.215024151516,0.00013979032953279156,30848.958333333332,25926.784254673843,2.052928121110156,5.783757604837506,5.2850763629447535,17.10728095719022,11.43875767393438,16.139382452071004,53.998308652040606
478.223,478.258,USV_655,0.03499999999996817,2.0,56.70100000000002,False,420.22479999999996,476.9258,57.998200000000054,1.297200000000032,0.008704313077032566,0.017171223958333332,15702.152408934706,17482.45811287139,0.00019653065679583817,32412.5,24124.47193047682,2.6463678982564525,2.516285343443847,5.005316305785674,17.404156920162585,9.707566894264435,15.394171634804302,55.41315911703249
478.3,478.365,USV_656,0.06499999999999773,2.0,56.70100000000002,False,420.22479999999996,476.9258,58.07520000000005,1.3742000000000303,0.007609166670590639,0.032543041087962965,16381.079573772508,15707.559882851916,0.00021296973781592785,32222.222222222223,25717.986196952872,2.3122150317219163,3.70523596907048,5.1669080547615795,16.905136063563802,11.632944101914953,16.163090633071928,56.88439662409147
478.394,478.507,USV_657,0.11299999999999955,2.0,56.70100000000002,False,420.22479999999996,476.9258,58.169200000000046,1.4682000000000244,0.008460534736514091,0.02756618923611111,15688.202354867803,15987.443794609233,0.00012733783160044824,32497.916666666668,25146.60814649432,3.2042190128095625,4.468556394374873,6.046443016179922,18.869503816525302,11.82947481475229,15.75013894822036,58.84106306478005
478.709,478.718,USV_658,0.009000000000014552,2.0,56.70100000000002,False,420.22479999999996,476.9258,58.484200000000044,1.783200000000022,0.011654127389192581,0.007649739583333333,17605.2219720095,23909.394569878703,0.0005446245987005424,33000.0,16852.887602131603,2.0364661978178478,3.694937789302225,4.064906681229368,11.726410509498928,9.179062346402718,10.313879788246679,35.2825627503409
479.218,479.244,USV_659,0.02600000000001046,2.0,56.70100000000002,False,420.22479999999996,476.9258,58.99320000000006,2.2922000000000367,0.012406901456415653,0.010721842447916666,14525.679906029787,18006.865375857047,0.00019990927150681528,31812.5,22604.294004929394,1.8580834231309202,6.3854382644445264,4.908319582927337,15.560184656135212,10.563789529740687,14.849547933326614,49.2367735656349
480.754,480.776,USV_660,0.02199999999999136,2.0,56.70100000000002,False,420.22479999999996,476.9258,60.52920000000006,3.828200000000038,0.008804533630609512,0.014914772727272728,16982.64855326503,20369.976941468656,0.0009240788313138869,33690.34090909091,26503.282911868555,2.2323027964159934,3.002025712510339,4.735586673529231,13.909976476546502,10.76496299767757,15.697161345631118,47.64457580354879
481.531,481.625,USV_661,0.09399999999999409,2.0,56.70100000000002,False,420.22479999999996,476.9258,61.30620000000005,4.605200000000025,0.010835006833076477,0.028140419407894735,15218.321134429792,14093.44481676509,2.3242827165945912e-05,30629.111842105263,21761.037869389856,1.9615466551127263,5.915552138151238,4.758828578307213,17.01015815303332,12.21702139151023,14.81810659598281,59.99406608135828
482.254,482.266,USV_662,0.012000000000000455,2.0,56.70100000000002,False,420.22479999999996,476.9258,62.02920000000006,5.328200000000038,0.005199864972382784,0.046107700892857144,21541.620677406867,23973.548314693104,0.0020149187897110926,36040.17857142857,28574.2120202945,2.5314590307656677,2.0732743518903476,3.799492182109757,11.125641168307165,8.298564707299702,15.859072882135537,40.413441188626
482.296,482.397,USV_663,0.10099999999999909,2.0,56.70100000000002,False,420.22479999999996,476.9258,62.07120000000003,5.370200000000011,0.008198578841984272,0.030401611328125,16256.022446086421,14993.158137165796,0.00020450292051267164,31661.71875,24665.537666607397,2.784911602394571,5.419495847787075,5.412206335817862,16.287422924791315,11.876404165515396,15.224223349360944,59.9239652931516
484.051,484.102,USV_664,0.05099999999998772,2.0,56.70100000000002,False,420.22479999999996,476.9258,63.82620000000003,7.125200000000007,0.009378142654895782,0.02834356398809524,16681.155971523505,17496.64376300603,0.00012309040886072372,33709.82142857143,26965.74700054854,2.393618068240704,5.007748182164499,5.349531537759727,16.19463014201051,11.676278197782475,13.56158279222782,56.10912025630174
486.518,486.542,USV_665,0.02400000000000091,2.0,56.70100000000002,False,420.22479999999996,476.9258,66.29320000000001,9.592199999999991,0.008609148673713207,0.02068536931818182,15371.682326697592,18579.163217314726,0.00015375990654306783,32821.02272727273,22655.452580464855,3.488633224614462,5.00084133500961,4.466765408398506,16.252501244622504,12.008455865858481,13.135133445366153,49.12875968800752
486.603,486.667,USV_666,0.06399999999996453,2.0,56.70100000000002,False,420.22479999999996,476.9258,66.37820000000005,9.677200000000028,0.009958677925169468,0.023982121394230768,15581.251465970252,16607.288736549795,0.00012332668257375776,32033.653846153848,25142.25209078164,2.8065135400776517,6.970570284597776,4.804277532349035,16.409158117681958,11.557353935955964,14.180342824176252,55.399901849707376
487.014,487.031,USV_667,0.016999999999995907,2.0,56.70100000000002,False,420.22479999999996,476.9258,66.78920000000005,10.088200000000029,0.008407365530729294,0.04324001736111111,19193.113141355585,19370.367907011037,0.000837391526889532,31833.333333333332,24111.88755370575,1.8951516063078673,3.782388867439507,5.262677555611017,12.4987453793958,13.25472576148404,16.848278647206232,48.0413716710441
487.502,487.511,USV_668,0.009000000000014552,2.0,56.70100000000002,False,420.22479999999996,476.9258,67.27720000000005,10.576200000000028,0.010134492069482803,0.01025390625,16875.99271461034,22045.237316544462,0.00029879497132829553,33125.0,19186.40978173424,1.8933010019220404,5.422356893537138,5.912392827551739,14.2058766067589,12.136101465808386,13.066709306240645,36.493528112227715
487.777,487.82,USV_669,0.043000000000006366,2.0,56.70100000000002,False,420.22479999999996,476.9258,67.55220000000003,10.851200000000006,0.0076257470063865185,0.028011924342105265,15752.510326786132,16456.22045581551,0.00016905720855226735,32264.802631578947,25486.29106403184,2.310071162624106,5.240734109269026,6.11517118462299,17.182971099381124,11.58970666218127,14.949244845047213,55.02999689341851
489.265,489.353,USV_670,0.08800000000002228,2.0,56.70100000000002,False,420.22479999999996,476.9258,69.04020000000003,12.339200000000005,0.010299394838511944,0.015945870535714286,14030.201419716963,15236.44299800749,0.0001022386746291209,31119.64285714286,24159.61356659602,3.028447123999657,6.208617608797008,5.360707670796695,17.702128982431407,12.410338532789872,15.289434326619663,57.210575633050645
489.935,489.982,USV_671,0.047000000000025466,2.0,56.70100000000002,False,420.22479999999996,476.9258,69.71020000000004,13.009200000000021,0.008694320917129517,0.0115966796875,14257.86361988468,16884.77002806501,8.704770377642319e-05,32160.9375,23593.62899912805,3.595765666970653,3.1081334199504336,4.001009662501627,17.59579436462468,12.442683228156879,15.959336161274948,55.10343247978144
490.511,490.553,USV_672,0.04199999999997317,2.0,56.70100000000002,False,420.22479999999996,476.9258,70.28620000000006,13.585200000000043,0.013625947758555412,0.022664388020833332,16397.871630349073,15404.398246020159,0.0001467142324130407,31354.166666666668,26548.772038011746,2.585208277496717,5.060371550555695,6.151438150778202,17.878962471095676,11.311217109332217,15.044038205323703,56.41224346195672
490.617,490.686,USV_673,0.06899999999995998,2.0,56.70100000000002,False,420.22479999999996,476.9258,70.39220000000006,13.691200000000038,0.007789198309183121,0.026890345982142856,15952.83655980517,16026.093593529255,0.00021382252652732737,32470.98214285714,23004.912877755058,2.7998258164817544,5.2906483480996425,5.499823508630088,16.296679258102774,12.214498843218498,13.765948966685112,57.09317011551162
490.873,490.921,USV_674,0.04800000000000182,2.0,56.70100000000002,False,420.22479999999996,476.9258,70.64820000000003,13.94720000000001,0.008084030821919441,0.0294677734375,16506.545329238794,16478.23843955239,0.00017347478071109342,31856.25,21712.878543083374,3.1129774702853723,5.201096241403646,5.7382353506305055,15.807574042066033,10.608691866647124,15.019631518482408,56.58474039232702
490.958,491.023,USV_675,0.06499999999999773,2.0,56.70100000000002,False,420.22479999999996,476.9258,70.73320000000007,14.032200000000046,0.009072829969227314,0.022433810763888888,16393.17767342806,16566.575358291153,0.00014119374256820353,32600.694444444445,27392.73731798651,2.4492440708039065,4.521511039227742,4.813048866898306,16.085591256682044,10.183363736884811,13.489692294106751,57.212040355911114
491.182,491.26,USV_676,0.07799999999997453,2.0,56.70100000000002,False,420.22479999999996,476.9258,70.95720000000006,14.256200000000035,0.01047040056437254,0.018646240234375,14202.355798060908,16623.15763542647,0.0002398882689918387,31479.4921875,25029.180176777867,2.745301818681659,5.686168052854359,5.422519445876878,15.809444259756734,10.48228131842693,14.828121328219336,56.724544588484264
491.567,491.64,USV_677,0.07299999999997908,2.0,56.70100000000002,False,420.22479999999996,476.9258,71.34220000000005,14.641200000000026,0.009641787968575954,0.023624674479166666,16293.681534364227,16962.193629082678,0.000494656195244802,33015.625,26440.261104947396,2.6560707989671415,5.346165021283716,6.070112922758554,16.958311257179137,11.212501818142705,14.519296396436065,56.39963596582314
491.669,491.807,USV_678,0.13800000000003365,2.0,56.70100000000002,False,420.22479999999996,476.9258,71.44420000000002,14.743200000000002,0.009287822991609573,0.028935185185185185,16306.590434883781,15360.15614885999,6.205790742553347e-05,33012.15277777778,27336.601683137433,2.470573212137517,5.76447462625419,4.806817021553963,16.70929343191256,11.029906902463777,14.65794733129621,60.00660026527831
491.858,491.955,USV_679,0.09699999999997999,2.0,56.70100000000002,False,420.22479999999996,476.9258,71.63320000000004,14.932200000000023,0.00977553240954876,0.024363982371794872,15948.435670337485,15887.337854795573,0.0002769024813047881,32641.826923076922,27437.64450386688,2.4279841429900486,5.263468199492832,5.524827035091643,17.308930064383688,11.609200993957042,15.403355636634283,58.57241368254627
492.102,492.138,USV_680,0.036000000000001364,2.0,56.70100000000002,False,420.22479999999996,476.9258,71.87720000000002,15.176199999999994,0.01081926841288805,0.0211334228515625,15764.415407697876,15875.704872007856,1.1036706973278812e-05,32824.21875,29955.80498697736,2.1585245998948617,5.837063769610541,5.017829325974101,17.487610664212035,11.877176696156539,16.99224314189678,54.32434741314662
492.227,492.24,USV_681,0.013000000000033651,2.0,56.70100000000002,False,420.22479999999996,476.9258,72.00220000000002,15.301199999999994,0.006033971905708313,0.03742327008928571,18472.960164244803,18618.407313809934,0.0003701442285067546,33160.71428571428,23702.2534753702,0.916975056338482,5.108790087845281,5.0544033073459,13.005516655759717,10.231977551963553,14.02123044112154,44.2806635091451
492.283,492.357,USV_682,0.07400000000001228,2.0,56.70100000000002,False,420.22479999999996,476.9258,72.05820000000006,15.357200000000034,0.009217490442097187,0.0284423828125,17874.243981379077,16127.217785381456,0.00032658155116506877,34128.125,29062.84335922043,2.3335844649204422,4.224234774910065,4.954053679069706,16.16847688021884,12.400290842905196,14.795615334647463,59.169641564508915
492.465,492.519,USV_683,0.05400000000003047,2.0,56.70100000000002,False,420.22479999999996,476.9258,72.24020000000002,15.539199999999994,0.008681517094373703,0.035909901494565216,18551.987408375495,16722.788676716762,0.0007063116801790809,35054.34782608696,29166.935900711167,2.4234292786036344,5.248741819700475,5.646071011006721,16.45626722843071,11.153815056078452,15.157015188382589,57.15947053058726
492.656,492.678,USV_684,0.02199999999999136,2.0,56.70100000000002,False,420.22479999999996,476.9258,72.43120000000005,15.730200000000025,0.009847819805145264,0.011940696022727272,17856.726784137485,20208.521939809674,0.0004367763728960994,33306.818181818184,28210.06231550382,2.783567791469036,4.705198614943978,5.3984174080315315,15.253118353701568,8.912226602585758,14.29480113740781,48.64752614993556
492.821,492.927,USV_685,0.10599999999999454,2.0,56.70100000000002,False,420.22479999999996,476.9258,72.59620000000007,15.895200000000045,0.009693942964076996,0.027704148065476192,15941.126882330731,15531.988362811353,0.00010507527166819766,32381.696428571428,26660.869759338515,2.204626720037998,4.392950536194531,5.530611438352477,17.245179355079074,13.477842947357928,15.574685272700487,57.771893248851995
492.977,492.986,USV_686,0.009000000000014552,2.0,56.70100000000002,False,420.22479999999996,476.9258,72.75220000000002,16.051199999999994,0.010481108911335468,0.026123046875,17603.002361775234,21302.948682475424,0.0013476549352795587,32687.5,25356.524292307295,1.4858881965051458,6.363540958317718,3.8518874473597964,10.951316822792819,12.666531802033914,16.69290293753995,37.39063635818037
493.04,493.136,USV_687,0.09600000000000364,2.0,56.70100000000002,False,420.22479999999996,476.9258,72.81520000000006,16.11420000000004,0.010621123015880585,0.028731496710526317,17048.977325379354,15432.212458927472,2.368198768295142e-05,32802.63157894737,28141.459363695994,2.843673962985895,6.494601842324931,5.270147215573888,16.617292320711403,11.46490096301448,15.205992999536175,60.26638370825921
493.275,493.286,USV_688,0.011000000000024102,2.0,56.70100000000002,False,420.22479999999996,476.9258,73.05020000000002,16.349199999999996,0.009673545137047768,0.026890345982142856,20215.470002301194,23133.80936821462,0.0011098877983155857,34540.17857142857,19431.659195303007,2.047035657060167,4.557852305200441,5.385372880462498,10.770259317849545,9.132953479622413,13.771239480285344,40.87097271264194
493.437,493.49,USV_689,0.05299999999999727,2.0,56.70100000000002,False,420.22479999999996,476.9258,73.21220000000005,16.51120000000003,0.008655758574604988,0.03689852627840909,18665.843836870245,15578.899262932364,8.584307832632333e-05,34674.71590909091,29718.117977263173,2.0351731962254394,4.3244633366299725,5.204856970273515,16.537103468907688,12.269575531554425,14.710695887985281,58.29057161854305
493.85,493.859,USV_690,0.008999999999957708,2.0,56.70100000000002,False,420.22479999999996,476.9258,73.62520000000006,16.92420000000004,0.009517665952444077,0.027506510416666668,21232.771835387404,22894.017102327736,0.0008675521333868849,33765.625,27482.31579928299,2.503886795267977,4.597088629087344,4.247374039633786,12.869196899110896,10.432532697501365,12.917599005215324,38.42180439800426
494.083,494.218,USV_691,0.1349999999999909,2.0,56.70100000000002,False,420.22479999999996,476.9258,73.85820000000007,17.157200000000046,0.009114597924053669,0.01942069575471698,15400.421359753525,15121.756948278135,7.013885045483397e-05,31201.061320754718,21031.998325722907,2.8641068773000993,5.113623140427036,5.356872059816966,16.518531544556637,11.704215488122081,15.196074957326243,59.36763017897177
494.259,494.302,USV_692,0.043000000000006366,2.0,56.70100000000002,False,420.22479999999996,476.9258,74.03420000000006,17.333200000000033,0.009152558632194996,0.021998355263157895,17405.899595267198,17651.653595464344,0.0001681042349120011,33271.38157894737,28028.65129142352,1.9126602515228397,5.68129205509071,6.178826593169137,15.256059852921506,11.628632686983932,15.34146664555292,55.40307723171549
494.432,494.519,USV_693,0.08699999999998909,2.0,56.70100000000002,False,420.22479999999996,476.9258,74.20720000000006,17.506200000000035,0.009176021441817284,0.03583984375,18046.904809996817,16014.272541227008,0.00025968254834540924,33894.642857142855,28972.140746427485,2.003488797917567,5.030772170953437,6.006336273846703,16.082236163602257,12.352964905210321,14.6471253926583,58.511850856780974
494.627,494.655,USV_694,0.027999999999963165,2.0,56.70100000000002,False,420.22479999999996,476.9258,74.40220000000005,17.70120000000003,0.00818012934178114,0.027005709134615384,18215.331257158985,17979.260068129803,0.00037332137701417647,33814.903846153844,24147.543784906073,2.7208794182584337,5.516958399147482,4.500645352220473,17.190103123394643,10.511389973178572,13.484104045650668,52.4766609716058
494.833,494.848,USV_695,0.014999999999986358,2.0,56.70100000000002,False,420.22479999999996,476.9258,74.60820000000007,17.907200000000046,0.007797121535986662,0.049285888671875,19745.154625452622,19751.730365169104,0.002780913243613956,35800.78125,27984.446005466,2.4853582918233146,3.6255232881822628,4.940542615459278,13.889699801563214,9.781902011323627,13.812738078006682,47.22624171695838
495.006,495.088,USV_696,0.08200000000005048,2.0,56.70100000000002,False,420.22479999999996,476.9258,74.78120000000001,18.08019999999999,0.011167123913764954,0.022786458333333332,15123.085214073872,15862.623624445008,4.770603795234309e-05,31892.045454545456,26886.03860386004,2.8931556726353507,6.339406909730958,5.256113485377072,15.872906779863426,12.284179851431638,14.56498320429452,57.632256391008454
495.134,495.147,USV_697,0.012999999999976808,2.0,56.70100000000002,False,420.22479999999996,476.9258,74.90920000000006,18.208200000000033,0.010693071410059929,0.028703962053571428,18603.20864016348,22548.199297493546,0.0007436601274216275,32973.21428571428,24191.01979299583,1.3528451985119543,5.416567527253223,4.882395741758866,13.059660456022495,10.956358147178458,10.67466631728361,40.75781950351317
495.529,495.545,USV_698,0.016000000000019554,2.0,56.70100000000002,False,420.22479999999996,476.9258,75.30420000000004,18.603200000000015,0.0111503005027771,0.013916015625,15981.560418861845,21411.22289287405,0.00041841794035306243,31933.59375,26124.774778598377,3.2994141443151435,4.191116156626821,5.104933910709089,15.674305119836477,9.041806095248795,13.603561566566,43.523865056874996
496.087,496.099,USV_699,0.012000000000000455,2.0,56.70100000000002,False,420.22479999999996,476.9258,75.86220000000003,19.161200000000008,0.016931233927607536,0.021763392857142856,15149.454760882987,20366.86824739558,0.00010770716943484771,30870.535714285714,27864.197412334375,1.8001835371671702,7.4659472941722305,4.646725554556652,15.422181913933661,12.739453789259182,14.474488494708876,39.63938226366184
496.309,496.382,USV_700,0.07299999999997908,2.0,56.70100000000002,False,420.22479999999996,476.9258,76.08420000000007,19.383200000000045,0.008308829739689827,0.03656412760416667,18293.162821164027,16092.864589940498,0.00010570965111350522,34206.25,29183.825847219698,2.6004671338269687,4.689564273076128,4.875272094483679,16.994602723529002,11.85308550194099,15.108459160904086,58.96826140072969
496.607,496.741,USV_701,0.1339999999999577,2.0,56.70100000000002,False,420.22479999999996,476.9258,76.38220000000007,19.681200000000047,0.010085714980959892,0.0269153522995283,16236.40370507683,15614.697780250974,5.336788731170025e-05,32718.75,27963.163456880196,2.936446805271667,5.621217021327852,4.851503104594961,17.250714397585973,12.106382944068326,14.537226103534902,59.50191567069329
497.078,497.161,USV_702,0.08300000000002683,2.0,56.70100000000002,False,420.22479999999996,476.9258,76.85320000000002,20.152199999999993,0.00905153900384903,0.021541819852941176,15409.613687808576,16004.64382145482,0.00022807799139215886,31960.477941176472,26889.93774977881,2.5577719861884587,3.6924849814787213,4.637778589536587,16.60706030150023,11.931300476346964,15.305425069171024,57.35803165712012
497.265,497.305,USV_703,0.040000000000020464,2.0,56.70100000000002,False,420.22479999999996,476.9258,77.04020000000003,20.339200000000005,0.009133546613156796,0.030661190257352942,16365.712375460764,17082.388059212906,0.0002386895125278686,32889.705882352944,26377.78336363879,2.0629982388663275,5.8197710154625275,5.610605520131847,15.524339959731511,11.971029624808411,14.956556365738932,53.67754831018859
497.372,497.406,USV_704,0.033999999999991815,2.0,56.70100000000002,False,420.22479999999996,476.9258,77.14720000000005,20.446200000000033,0.012248237617313862,0.014973958333333334,16671.32650628114,16758.469965460816,0.000153424772621277,32168.75,26501.466673954,2.4410877493323215,4.623067384703309,5.361055328165594,18.77806819229954,10.903306453643633,14.435237075714536,54.71757551770841
497.492,497.533,USV_705,0.04099999999999682,2.0,56.70100000000002,False,420.22479999999996,476.9258,77.26720000000006,20.566200000000038,0.010853605344891548,0.023952907986111112,15816.117544405111,16805.94224202843,4.8715952428458505e-05,32500.0,27828.153951394415,2.523544579474711,6.174636336821399,3.690454224390094,15.653267010872135,11.095812772802924,16.57664060871933,54.09906967625612
497.628,497.659,USV_706,0.03100000000000591,2.0,56.70100000000002,False,420.22479999999996,476.9258,77.40320000000003,20.702200000000005,0.016032354906201363,0.0137939453125,14315.314730679416,16927.239418759178,0.00010346394317780057,30736.60714285714,26380.141807114524,1.4280664509017609,7.322143310531618,4.489140212650673,15.992573177902125,11.288735659570321,13.84815093061351,51.80494656072665
497.755,497.781,USV_707,0.02600000000001046,2.0,56.70100000000002,False,420.22479999999996,476.9258,77.53020000000004,20.829200000000014,0.009902133606374264,0.038167317708333336,18755.489567896035,18145.278158811318,0.0006923883919815132,34359.375,28141.247267988863,2.4233764328655165,4.713488273831294,5.8181452039633745,15.581654657327684,10.646385819605216,14.26221455150572,49.88355029495454
498.39300000000003,498.524,USV_708,0.1309999999999718,2.0,56.70100000000002,False,420.22479999999996,476.9258,78.16820000000007,21.467200000000048,0.008122390136122704,0.03871783088235294,17306.54154461871,14919.159719089843,0.00015833095234701867,33318.01470588235,27969.702403671192,3.2225233725041034,3.623285870634567,4.6307355935528705,16.722845026155664,12.305778755945896,16.657636578977623,60.29595789925231
498.648,498.748,USV_709,0.0999999999999659,2.0,56.70100000000002,False,420.22479999999996,476.9258,78.42320000000007,21.722200000000043,0.007242655847221613,0.035552978515625,17314.347393728163,15299.026680931798,0.00015587436216304848,33358.59375,27982.780953516154,2.5730431047547597,4.302535083221477,5.692521281544442,16.62179214240551,11.687839006038887,17.032222197992674,59.68998996278475
499.99,500.017,USV_710,0.026999999999986812,2.0,56.70100000000002,False,420.22479999999996,476.9258,79.76520000000005,23.064200000000028,0.009090976789593697,0.036905924479166664,18464.66688411357,17255.199116652126,0.00014130002714703797,33140.625,27504.169868310277,1.9889632436347828,6.127501122583109,7.466133818067615,14.362061520558946,11.069306600294645,14.376000149088744,55.24003905165936
500.119,500.142,USV_711,0.022999999999967713,2.0,56.70100000000002,False,420.22479999999996,476.9258,79.89420000000007,23.193200000000047,0.009209171868860722,0.022549715909090908,15700.879842645401,18171.576889909706,0.00011834053263560418,32079.545454545456,17440.58267770445,1.6338498141037805,5.037640171114063,3.846994030069251,12.711610788504515,10.888497866231562,13.642113591022733,48.494459143416016
504.7,504.849,USV_712,0.1490000000000009,2.0,56.70100000000002,False,420.22479999999996,476.9258,84.47520000000003,27.774200000000008,0.009007223881781101,0.029541015625,16208.23903325532,15032.755230146224,5.0919024770170295e-05,32183.728448275862,22733.456316725482,2.438335405554071,4.559729532406285,5.081363622096426,16.892343572699694,11.534425784668498,13.862672533539794,60.404076682229004
506.431,506.484,USV_713,0.05299999999999727,2.0,56.70100000000002,False,420.22479999999996,476.9258,86.20620000000002,29.505200000000002,0.010091916657984257,0.0185546875,15377.91066202739,16595.791102430423,0.00022308517525271526,31235.795454545456,18877.387433267864,2.340975792895323,4.8591457341282265,5.998276449614164,15.649895969647789,10.070282940946536,15.042622415134577,55.68809905424584
506.622,506.644,USV_714,0.02199999999999136,2.0,56.70100000000002,False,420.22479999999996,476.9258,86.39720000000005,29.696200000000033,0.009286800399422646,0.012739701704545454,15951.276756581034,18854.498426204733,0.0004826622336673791,32386.363636363636,22804.78345376417,2.3698177700009073,2.7420743909190537,4.917708206421879,14.593360499427416,13.44170414776204,14.984203547929868,48.29710637279131
506.76,506.855,USV_715,0.09500000000002728,2.0,56.70100000000002,False,420.22479999999996,476.9258,86.53520000000003,29.83420000000001,0.010390175506472588,0.03609426398026316,17260.506210325446,14928.731705247827,0.00043097303522668466,31771.38157894737,21997.404656142182,2.348602791896881,4.8629543001369555,6.518753050322272,17.6388736860339,11.683559734383223,14.404707916092377,60.18227451073045
507.418,507.435,USV_716,0.016999999999995907,2.0,56.70100000000002,False,420.22479999999996,476.9258,87.19320000000005,30.492200000000025,0.011453653685748577,0.021945529513888888,17180.4931275536,19166.827401240433,0.00051095547006035,30562.5,20964.49646521758,1.7732579255319463,4.90182576226871,4.8052205535515595,12.463815899777394,9.86514270363086,14.53040565776904,46.79111417066584
507.673,507.754,USV_717,0.08100000000001728,2.0,56.70100000000002,False,420.22479999999996,476.9258,87.44820000000004,30.74720000000002,0.00930220540612936,0.021721117424242424,14926.038885975084,15357.783865371886,0.00010182792789995444,31553.977272727272,22822.30969852841,3.1749476588966026,4.62681889146143,6.3975685026515094,17.580197427562215,12.37957181120289,15.028558456805516,57.51943057013415
507.864,507.892,USV_718,0.02800000000002001,2.0,56.70100000000002,False,420.22479999999996,476.9258,87.63920000000002,30.938199999999995,0.008021129295229912,0.03224534254807692,18947.600684348217,20398.88817369554,0.0006014864352443128,35769.230769230766,28227.3148444579,1.6223671002960907,3.3485645647894953,3.64584430967087,13.5366845242467,11.216389825901642,13.819292948985767,49.90142420503113
507.994,508.075,USV_719,0.08099999999996044,2.0,56.70100000000002,False,420.22479999999996,476.9258,87.76920000000007,31.068200000000047,0.00898714642971754,0.018961588541666668,15273.240816069594,15988.91689105997,0.00023232836968332265,31659.090909090908,19206.14803288787,2.940185219076977,5.288934176769529,5.081803206930369,16.448152207220684,11.184761549257383,14.587146856759084,57.520447483743865
508.127,508.217,USV_720,0.08999999999997499,2.0,56.70100000000002,False,420.22479999999996,476.9258,87.90220000000005,31.20120000000003,0.011002091690897942,0.027357313368055556,14552.483599669458,13802.450401863282,0.00018321610753472623,28947.916666666668,16532.791036790888,2.1227482836243587,5.146817940201488,6.095994345905925,16.362500331664315,10.603260303019345,15.193207420804214,60.27328199491049
508.579,508.608,USV_721,0.028999999999996362,2.0,56.70100000000002,False,420.22479999999996,476.9258,88.35420000000005,31.653200000000027,0.006826251279562712,0.04471529447115385,18754.080847341815,15976.72705613142,0.0002895802300601449,33216.346153846156,25082.45280029311,2.2625063861158696,3.3647424616005654,6.242413330853743,17.421182635360005,10.700164327639783,14.924819263816756,53.145605955182646
508.667,508.691,USV_722,0.02400000000000091,2.0,56.70100000000002,False,420.22479999999996,476.9258,88.44220000000001,31.741199999999992,0.007170896511524916,0.03293678977272727,15795.729505995998,15966.413322120497,8.359468198061236e-05,30664.772727272728,15437.258374227857,1.9000522177356531,4.559235019020871,4.9195487779564795,17.132793864804036,10.019922762802741,15.83598029210629,52.63618349685287
508.858,508.953,USV_723,0.09499999999997044,2.0,56.70100000000002,False,420.22479999999996,476.9258,88.63320000000004,31.932200000000023,0.013816033490002155,0.010221782483552632,12769.580422811705,15861.344442487201,0.00011381386532458278,29923.519736842107,24879.243955438364,2.8036976981090325,6.601486913169907,5.070744884938731,16.96841646269679,11.741970362952564,15.401911359336877,56.823262126128064
509.562,509.626,USV_724,0.06399999999996453,2.0,56.70100000000002,False,420.22479999999996,476.9258,89.33720000000005,32.63620000000003,0.011781219393014908,0.020911583533653848,14454.811704853571,15370.768620738574,0.00014756004425492674,31197.115384615383,25725.229545071117,2.061723115636932,5.737698464359875,5.68333632165824,17.070530002767914,11.966401520377401,13.989875517148066,56.37182915714071
509.723,509.791,USV_725,0.06799999999998363,2.0,56.70100000000002,False,420.22479999999996,476.9258,89.49820000000005,32.79720000000003,0.009069756604731083,0.015947614397321428,15841.423709052786,15676.803658474968,0.00014359438460757027,31148.4375,23041.32594776153,3.012577303617945,3.7018634646466824,5.458059576721044,16.384853216522192,12.535894944982557,14.666605551550495,58.24161916982906
509.919,509.96,USV_726,0.04099999999999682,2.0,56.70100000000002,False,420.22479999999996,476.9258,89.69420000000002,32.9932,0.009826038032770157,0.027492947048611112,15167.452996547725,16133.58781627594,7.967323091740326e-05,30750.0,20123.52796680836,1.5124073024493287,5.896689188584168,5.47198952816996,17.52363580550663,10.321048754207565,13.61427590031732,54.92459984134412
510.151,510.194,USV_727,0.043000000000006366,2.0,56.70100000000002,False,420.22479999999996,476.9258,89.92620000000005,33.22520000000003,0.0081464359536767,0.01679430509868421,15825.501097240596,17547.47621741689,0.0004382569403863329,32225.32894736842,25980.619564076926,2.8339038130990164,4.593214772780675,4.688709763701224,16.726211508923388,10.441603120387752,14.013469588430434,53.80126238195295
510.252,510.308,USV_728,0.055999999999983174,2.0,56.70100000000002,False,420.22479999999996,476.9258,90.02720000000005,33.32620000000003,0.010046121664345264,0.020295516304347828,16251.47880968033,17552.94172923687,0.0001585415556880055,33615.489130434784,26277.99631854788,2.867236795840384,4.989585677747624,5.566163022466179,16.00539784248423,11.181187412793724,14.52264161110717,55.22450971868882
510.459,510.481,USV_729,0.02199999999999136,2.0,56.70100000000002,False,420.22479999999996,476.9258,90.23420000000004,33.53320000000002,0.010594472289085388,0.011297052556818182,16791.134440023292,20703.71390676635,0.0005619102829099665,32795.454545454544,23566.533607834455,2.0488427184081552,5.940548016759545,5.654084624682614,14.119297054723358,9.11030315500713,13.176858361419631,47.4345682350762
510.619,510.692,USV_730,0.07299999999997908,2.0,56.70100000000002,False,420.22479999999996,476.9258,90.39420000000007,33.69320000000005,0.009574797004461288,0.026497395833333333,14784.159189468386,14060.148575367866,3.7713931453166197e-06,30509.375,22903.22157077572,2.168875512690677,4.075398072357594,5.120125118815355,17.92588392837619,11.67016809074866,14.376914212453523,59.745176427044285
510.82,510.881,USV_731,0.06099999999997863,2.0,56.70100000000002,False,420.22479999999996,476.9258,90.59520000000003,33.89420000000001,0.009664961136877537,0.0196875,14666.803690287867,14918.171663166017,3.6893308001688696e-05,30303.75,22089.54329568839,3.1900659527298187,3.354169888553941,3.9289820114655174,14.87586802110083,11.48966860613767,14.870502265041033,58.28522996203495
511.005,511.085,USV_732,0.07999999999998408,2.0,56.70100000000002,False,420.22479999999996,476.9258,90.78020000000004,34.079200000000014,0.010710077360272408,0.02625274658203125,15302.671728295325,14230.76346789729,0.00012611896012354554,28995.1171875,20690.55348710336,2.324789217078197,4.5768456614336195,5.234905382787172,16.116577552314183,11.398266367943348,14.542650260719189,60.649160309728416
511.114,511.122,USV_733,0.008000000000038199,2.0,56.70100000000002,False,420.22479999999996,476.9258,90.88920000000002,34.188199999999995,0.005608063656836748,0.029833984375,17820.185706180582,19341.81030895695,0.0005975980664607382,32118.75,25394.34113915312,4.404098421871306,5.5441699249390775,3.2575438339936285,12.09583520171311,12.678395087457806,15.638982652643438,36.26701299928742
511.305,511.402,USV_734,0.09699999999997999,2.0,56.70100000000002,False,420.22479999999996,476.9258,91.08020000000005,34.379200000000026,0.009487670846283436,0.024839743589743588,14289.695737116075,15163.205585731375,0.00011596522747828933,30468.75,19398.15695082832,2.762946479481671,5.175053666612793,5.841545669880279,17.015612590129916,11.916468930674556,14.625956930071023,58.1591810031752
511.633,511.687,USV_735,0.05400000000003047,2.0,56.70100000000002,False,420.22479999999996,476.9258,91.40820000000002,34.7072,0.008732136338949203,0.01677139945652174,14316.86122404004,15381.121668665413,2.9879090841975296e-05,30754.07608695652,16697.79511289634,2.1486560840918796,4.960033142956213,4.460073944934566,17.661735566358526,11.998185474374166,14.272645373892633,56.18481955545608
511.723,511.812,USV_736,0.08899999999999864,2.0,56.70100000000002,False,420.22479999999996,476.9258,91.49820000000005,34.79720000000003,0.009456171654164791,0.020724826388888888,14926.544601592313,14554.1663985642,8.800650440094984e-05,29942.708333333332,18775.30858383796,2.5811557087084718,4.578121671537061,5.505433622778303,15.668289376674291,11.958162595287634,15.349622424339916,58.97774048506353
512.14,512.162,USV_737,0.022000000000048203,2.0,56.70100000000002,False,420.22479999999996,476.9258,91.91520000000003,35.214200000000005,0.007408252451568842,0.020396839488636364,14291.758794208354,16222.618496196768,3.481448004728472e-05,30852.272727272728,24256.536551545094,3.3412940992341804,4.397458337912442,4.371560054502846,17.060153328595987,10.430905050678149,15.31858069594606,50.54875724955528
512.399,512.409,USV_738,0.009999999999990905,2.0,56.70100000000002,False,420.22479999999996,476.9258,92.17420000000004,35.47320000000002,0.007233183365315199,0.018351236979166668,16238.159068625828,19959.191496084368,0.00044936825879639654,31843.75,17054.2998272518,1.948588571658167,2.313545464012891,4.485656797747138,13.400213627702035,9.266833182779193,14.71174105337194,38.26464691437419
513.034,513.054,USV_739,0.01999999999998181,2.0,56.70100000000002,False,420.22479999999996,476.9258,92.80920000000003,36.10820000000001,0.009862968698143959,0.0211181640625,14549.925457668776,15700.931732497143,0.00016076054692064357,29568.75,23197.158692527944,1.733100531758998,5.860960641175572,5.17218905173401,15.684001495543097,10.099809663677274,13.856071596898428,48.758476803996224
516.225,516.273,USV_740,0.04800000000000182,2.0,56.70100000000002,False,420.22479999999996,476.9258,96.00020000000006,39.29920000000004,0.010473914444446564,0.01961669921875,13936.246229943845,15104.605825810057,0.00010539877861005325,29676.5625,20795.809777181927,3.0725130239312692,3.93465768491467,4.647757576519646,16.827002917254216,13.217413626113048,13.654345621391226,54.81657127791245
526.217,526.235,USV_741,0.018000000000029104,2.0,56.70100000000002,False,420.22479999999996,476.9258,105.99220000000003,49.2912,0.008375216275453568,0.03209092881944445,17300.110154467242,17473.342788547125,0.00018693502862994298,31010.416666666668,24442.306090482693,3.262758081124227,5.424834710789504,6.474023461647791,14.583883337400202,11.126448734336792,15.240005415423134,50.33309602141701
526.338,526.433,USV_742,0.09500000000002728,2.0,56.70100000000002,False,420.22479999999996,476.9258,106.1132,49.412199999999984,0.008952653035521507,0.024266293174342105,14336.569832932722,15321.074091588245,9.392815699657156e-05,31046.052631578947,18702.013394153288,2.1177787427557875,4.440732152605127,5.210482728835149,17.61294472966268,12.179866703336149,14.065438468047322,58.27882847610644
526.592,526.649,USV_743,0.05700000000001637,2.0,56.70100000000002,False,420.22479999999996,476.9258,106.36720000000003,49.6662,0.007908006198704243,0.031809488932291664,15830.744395860247,16431.523229045473,0.00014004683726499587,32531.25,23973.6004332869,2.333219847395198,4.136800660959026,5.863190821367894,15.578258629892227,11.854640979797383,13.721172620264895,57.080088028024456
527.074,527.09,USV_744,0.016000000000076398,2.0,56.70100000000002,False,420.22479999999996,476.9258,106.8492,50.148199999999974,0.013132542371749878,0.01971435546875,15359.102611947263,16944.157213457744,8.233205397085622e-05,30539.0625,18108.445442261942,2.032743666129069,6.3874509092577485,4.686909770356312,16.82503028548286,11.676853604098094,12.843811852000645,46.97761208052397
530.202,530.214,USV_745,0.012000000000057298,2.0,56.70100000000002,False,420.22479999999996,476.9258,109.97720000000004,53.27620000000002,0.007831920869648457,0.024588448660714284,15338.742337888587,18463.662709289678,0.00021053091822043193,30013.39285714286,21847.295399530914,2.427202737687909,3.9119324933178836,3.227656967066596,14.160280129233595,10.484987238227264,15.306989804505198,43.489511279404645
530.366,530.39,USV_746,0.02400000000000091,2.0,56.70100000000002,False,420.22479999999996,476.9258,110.14120000000003,53.440200000000004,0.010061287321150303,0.030495383522727272,15556.309211077729,18726.88246115827,0.0002326056345734355,31355.113636363636,21627.48812351398,2.132671732691989,4.089178712226443,4.9216381016191,14.702282826297267,12.822435383587663,15.956919971094054,50.71780642342188
535.86,535.963,USV_747,0.1029999999999518,2.0,56.70100000000002,False,420.22479999999996,476.9258,115.63520000000005,58.93420000000003,0.01317786704748869,0.033530630716463415,14778.11156161858,13493.77022584804,1.8289712981483634e-05,28749.23780487805,20326.664311791883,2.1630660396410604,5.793709633986122,5.252403452276105,15.924458843876526,12.234154864096373,14.370258965850473,60.29689141133511
538.077,538.101,USV_748,0.02400000000000091,2.0,56.70100000000002,False,420.22479999999996,476.9258,117.85220000000004,61.15120000000002,0.010809914208948612,0.011585582386363636,13791.555214338914,16147.317912450271,5.639828493401536e-05,29420.454545454544,22080.680505590786,2.960507045113577,3.5161889103063944,4.100658641408885,15.645276746989852,9.891912988089137,13.25483263328819,50.554609238067336
542.447,542.466,USV_749,0.019000000000005457,2.0,56.70100000000002,False,420.22479999999996,476.9258,122.22220000000004,65.52120000000002,0.010793175548315048,0.007177734375,15396.824201361971,20014.18297493505,0.00036174207026166733,30590.625,25149.87409758586,2.516483668980768,3.295903739951455,4.224859051018238,12.956512110398043,9.06041668597031,14.352305756207238,46.240551499134384
550.747,550.783,USV_750,0.03600000000005821,2.0,56.70100000000002,False,420.22479999999996,476.9258,130.5222,73.82119999999998,0.010505050420761108,0.020233154296875,15757.426065641825,18157.229891774557,0.0003530713961662117,31734.375,17803.361828708454,1.8170914971237497,5.150264544011039,4.642771018616396,13.83229625390916,10.275855447429194,12.573190926707717,52.66445782808503
556.484,556.5,USV_751,0.01599999999996271,2.0,56.70100000000002,False,420.22479999999996,476.9258,136.25920000000008,79.55820000000006,0.008213147521018982,0.030120849609375,18011.754231280727,18193.093485497637,0.0008342143261079325,31242.1875,18401.813686625166,2.591275140624052,4.419053976751906,3.6784734567709383,12.1944645683655,10.684838393747253,14.190521351422937,46.715384832345535
558.001,558.018,USV_752,0.01700000000005275,2.0,56.70100000000002,False,420.22479999999996,476.9258,137.77620000000002,81.0752,0.009319186210632324,0.013237847222222222,17018.489388728784,22360.95641384182,0.0006400232705791877,32927.083333333336,24700.831618646644,2.1684005989504005,2.782590889146564,4.48838539390972,11.948345210313924,9.713307511643722,12.812759908554902,43.83174538456208
558.512,558.596,USV_753,0.08400000000006003,2.0,56.70100000000002,False,420.22479999999996,476.9258,138.28719999999998,81.58619999999996,0.009417260065674782,0.027121151194852942,15844.76394324093,14580.87316249833,9.182104242346825e-05,29953.125,21842.54866759782,2.57026693712142,6.06985001002965,6.421898122586788,17.644258617977954,11.549154312791718,15.348309575179591,60.69040759217094
560.507,560.548,USV_754,0.04100000000005366,2.0,56.70100000000002,False,420.22479999999996,476.9258,140.2822,83.58119999999997,0.01467414852231741,0.030029296875,13633.311605553066,14111.349676740305,5.5337229649348206e-05,26463.541666666668,15631.05839779194,1.541352326864517,6.144878202360549,4.772395034083286,14.116162986486309,12.390796059217081,16.400314381175317,57.51980962490072
561.083,561.103,USV_755,0.01999999999998181,2.0,56.70100000000002,False,420.22479999999996,476.9258,140.8582,84.15719999999999,0.012041211128234863,0.0221435546875,14855.686466190004,17010.53264679005,0.00016107208818629833,29765.625,23820.258752231057,2.502877697201308,4.514234859200864,6.7325703588485295,15.72500885746265,12.338356538176354,15.517463685514112,50.455014249681795
562.318,562.346,USV_756,0.02800000000002001,2.0,56.70100000000002,False,420.22479999999996,476.9258,142.09320000000002,85.3922,0.008432913571596146,0.03513746995192308,17709.333333743692,19957.456130322502,0.0006854707963325136,33995.192307692305,21378.857650086393,3.1540070257878745,4.3292163829062265,5.178375547623518,16.005339716342977,10.194315229174503,14.777770148807862,49.3423949326599
564.438,564.474,USV_757,0.03600000000005821,2.0,56.70100000000002,False,420.22479999999996,476.9258,144.21320000000003,87.5122,0.009084492921829224,0.036224365234375,18016.53456237148,16962.70075368577,0.00011426454735958215,32683.59375,26818.183039546908,2.200921280798124,2.2272206927615255,4.019414482837618,16.47327093211718,10.669122965353193,14.99642264233686,54.61284713112508
570.27,570.29,USV_758,0.01999999999998181,2.0,56.70100000000002,False,420.22479999999996,476.9258,150.04520000000002,93.3442,0.009925676509737968,0.0267333984375,17005.964012940836,17132.83127631832,0.00016775785545554588,31734.375,26094.611921027717,2.182828735215009,4.563197861217643,6.753166293979461,14.692070283037017,11.257708058932977,15.18745250002856,50.161108577996906
570.362,570.501,USV_759,0.13900000000001,2.0,56.70100000000002,False,420.22479999999996,476.9258,150.1372,93.43619999999999,0.010293954983353615,0.029873934659090908,15266.095306511244,14124.212804057004,3.344291568645745e-05,30265.909090909092,24758.29695484951,2.564084789972549,5.738319477183023,5.408055901913566,16.594076598093558,10.936661061502331,14.11773134342881,60.59972850234324
571.671,571.701,USV_760,0.029999999999972715,2.0,56.70100000000002,False,420.22479999999996,476.9258,151.4462000000001,94.74520000000007,0.0077948602847754955,0.03301130022321429,16966.10752769645,17400.666449481218,0.00023562999065734717,31439.73214285714,17686.653468614986,3.0935515935355875,5.966359933709412,4.865880071948484,15.258158120899955,13.129255888341842,15.460755086728838,51.62788334523761
572.064,572.143,USV_761,0.07900000000006457,2.0,56.70100000000002,False,420.22479999999996,476.9258,151.8392,95.13819999999998,0.010737273842096329,0.020538330078125,14190.929433931717,15738.864404249427,0.00013242820994927742,31022.4609375,17728.795871514158,2.2751899967321507,6.353432336124227,4.7979556757198445,15.88673858681522,12.536172459620873,15.730190524101335,57.441233483908036
572.172,572.196,USV_762,0.02400000000000091,2.0,56.70100000000002,False,420.22479999999996,476.9258,151.94720000000007,95.24620000000004,0.00863493513315916,0.0361328125,15859.296705564579,15583.196107525124,0.0001591194945059356,31448.863636363636,19817.864659327028,2.5912651920373517,3.6257030390486222,5.466137430610399,18.243291017962807,11.170624206831537,13.819113531490201,52.466261359316235
572.414,572.455,USV_763,0.04100000000005366,2.0,56.70100000000002,False,420.22479999999996,476.9258,152.18920000000003,95.4882,0.01074382197111845,0.019734700520833332,14960.143024625037,16511.60506118853,0.00024828240819380477,30265.625,17140.12782086938,3.240400756034434,5.47235854834005,5.1704404992897,14.834956730043034,11.828531200190218,12.698673328971882,53.81902604145702
572.695,572.708,USV_764,0.012999999999919964,2.0,56.70100000000002,False,420.22479999999996,476.9258,152.4702000000001,95.76920000000007,0.00841444544494152,0.026402064732142856,16752.528840493545,16689.452552549203,0.00036535152031829787,32357.14285714286,23969.0475853696,3.5123043665803726,6.762591026422536,4.606677536622735,13.823356602510417,9.271835987131363,15.141109332129636,45.62989089412518
573.694,573.709,USV_765,0.014999999999986358,2.0,56.70100000000002,False,420.22479999999996,476.9258,153.4692,96.76819999999998,0.011392172425985336,0.00732421875,14909.340065440003,19549.986669958205,0.000232048071963137,29894.53125,21030.114127759192,2.3969479803506126,2.9579854469927316,7.635925464366356,16.635082168526946,11.130155575202085,16.330766924593078,43.45907651533183
573.97,573.986,USV_766,0.01599999999996271,2.0,56.70100000000002,False,420.22479999999996,476.9258,153.74520000000007,97.04420000000005,0.006455914117395878,0.03704833984375,17638.490478203184,17321.421443205454,0.0004110709941628187,32097.65625,19445.96158974408,2.8660140330216093,3.2227425673588455,5.301325806078292,15.084568697961334,11.338475821925428,15.105956393939408,48.17097963415641
574.127,574.141,USV_767,0.014000000000010004,2.0,56.70100000000002,False,420.22479999999996,476.9258,153.9022,97.20119999999997,0.011260464787483215,0.01904296875,16353.081733713461,23269.524252229665,0.0004681100492345365,32812.5,19043.91756824882,0.9254954084917064,5.840134338581173,5.277975865541798,11.387353215120488,9.659980527337462,14.278805332367154,40.63436523801124
574.173,574.218,USV_768,0.04499999999995907,2.0,56.70100000000002,False,420.22479999999996,476.9258,153.94820000000004,97.24720000000002,0.01228504441678524,0.018631784539473683,13839.729945036175,13887.617526528878,2.0134920694034518e-05,28213.815789473683,21562.970587594427,2.3035781178210106,5.8114005670245685,5.995364426047987,17.311345754071468,9.92361582232561,15.257606543217365,56.814075155632054
574.546,574.595,USV_769,0.04899999999997817,2.0,56.70100000000002,False,420.22479999999996,476.9258,154.3212000000001,97.62020000000007,0.009901804849505424,0.030598958333333332,16572.5355514663,15065.620820373335,0.00016877975236158132,30852.678571428572,23425.444930712933,2.591325858451787,5.058735026838728,4.285012289245971,17.044426067198263,10.314035399773168,14.486836379172583,58.19919263078455
575.082,575.115,USV_770,0.03300000000001546,2.0,56.70100000000002,False,420.22479999999996,476.9258,154.85720000000003,98.15620000000001,0.007937401533126831,0.0412109375,19400.233226860866,17236.843371683182,0.00042355819317129774,33812.5,27245.584746321045,2.5160890402065235,3.8384132292574193,5.175155151620269,18.686490351162288,12.154244880815058,14.134972970295438,54.17562235204162
575.174,575.286,USV_771,0.11199999999996635,2.0,56.70100000000002,False,420.22479999999996,476.9258,154.94920000000002,98.2482,0.010643118061125278,0.014731667258522728,14241.042253291404,14629.382242585953,1.7710564615873537e-05,30664.772727272728,25469.933781298903,2.9250139308209997,4.816966897204127,5.034847668366136,17.957287375762448,12.189952115467007,14.577497127776565,60.25511250161082
575.403,575.462,USV_772,0.05899999999996908,2.0,56.70100000000002,False,420.22479999999996,476.9258,155.17820000000006,98.47720000000004,0.012504366226494312,0.029276529947916668,16912.912469878065,13536.749532933156,2.1619671047588154e-05,30527.34375,21068.24140183562,3.288623383829212,3.554600280794871,5.405710604154099,15.562220676487447,11.547009330451084,13.460494789937458,61.28411275412747
575.493,575.533,USV_773,0.03999999999996362,2.0,56.70100000000002,False,420.22479999999996,476.9258,155.2682000000001,98.56720000000007,0.0102648651227355,0.024557674632352942,14673.96892230539,16289.342183414517,0.0001017091262276501,30965.073529411766,27666.376150684253,2.267703058053752,5.194237458329684,4.531273432135898,15.32816446898362,12.636390691292204,14.26402690464406,52.83855007414957
575.8,575.861,USV_774,0.06100000000003547,2.0,56.70100000000002,False,420.22479999999996,476.9258,155.5752,98.87419999999997,0.009224504232406616,0.0236328125,14341.621948006694,14633.269932595613,7.440462871205803e-06,30978.75,22247.640087845422,2.2702912106884074,3.9632451066345094,4.578365408460684,16.070700235530698,12.246257078024323,14.970188187408668,57.41344819068292
575.986,576.01,USV_775,0.02400000000000091,2.0,56.70100000000002,False,420.22479999999996,476.9258,155.76120000000003,99.06020000000001,0.007979542948305607,0.02685546875,16836.81266885021,17915.87461738035,0.0003428780740281193,32625.0,17979.228363625683,2.404882825888009,4.418118703627584,4.522759067662882,13.291509566447866,11.099405323621944,15.125360921119995,52.29830021559026
576.16,576.202,USV_776,0.04200000000003001,2.0,56.70100000000002,False,420.22479999999996,476.9258,155.9352,99.23419999999999,0.013227800838649273,0.017279730902777776,13720.357955716414,16760.963732504202,0.00012903480444081248,29562.5,18972.923426666894,2.7131942248091896,6.457003855137315,4.529390040879897,16.816326471805898,11.575224067593801,14.366680481246963,53.37631572702939
576.769,576.808,USV_777,0.03899999999998727,2.0,56.70100000000002,False,420.22479999999996,476.9258,156.54420000000005,99.84320000000002,0.010039132088422775,0.029770795036764705,16414.58947691063,16689.919260282182,0.00023303694803046443,31483.45588235294,25560.39926446885,2.2091100952044656,5.437893611312306,3.5989839578030436,17.051826322088537,10.110801038819304,15.547678102577022,55.05382236359203
577.242,577.316,USV_778,0.07400000000006912,2.0,56.70100000000002,False,420.22479999999996,476.9258,157.0172,100.31619999999998,0.01021741982549429,0.03234049479166667,14217.124723575387,13046.378322243781,1.1043149532727388e-05,28443.75,15428.091313916979,2.2421851482789843,4.3685923718124835,6.105706453313411,14.66572047645351,11.241932805597433,15.51809667108292,61.02511082933457
577.696,577.846,USV_779,0.14999999999997726,2.0,56.70100000000002,False,420.22479999999996,476.9258,157.47120000000007,100.77020000000005,0.013919809833168983,0.0188526218220339,13186.966202075104,13820.10994058167,1.1001891093756838e-05,28568.32627118644,21945.71865543421,3.480767287385759,4.450341081841553,5.897910563554346,16.117024267437944,11.151487271647609,15.367914409288057,57.71324954039162
582.166,582.21,USV_780,0.04399999999998272,2.0,56.70100000000002,False,420.22479999999996,476.9258,161.9412000000001,105.24020000000007,0.008201703429222107,0.02841025904605263,15028.239802031434,15579.176896142639,0.00012261775541060977,29842.105263157893,15103.087380205241,2.5660919082378566,5.414171585685917,4.664615915235137,16.917275095787442,11.590040532550791,14.990074941065487,56.06630085397989
582.742,582.794,USV_781,0.05200000000002092,2.0,56.70100000000002,False,420.22479999999996,476.9258,162.5172,105.81619999999998,0.009108198806643486,0.03183815696022727,14727.729083649616,15948.820438186836,6.166741239267057e-05,30715.909090909092,16314.710960462126,2.1522491095411698,5.328876595975458,5.582246976100534,15.095558803461707,10.643455606120465,12.51938270711593,54.87807282454987
585.964,586.015,USV_782,0.05099999999993088,2.0,56.70100000000002,False,420.22479999999996,476.9258,165.7392000000001,109.03820000000007,0.008667200803756714,0.03488885788690476,16801.364853465602,16303.272900803768,0.0003059116423937114,32308.035714285714,23725.14443058159,3.0914841193533467,4.753350673754068,5.2731344372554965,16.250954084650004,11.02397867728386,14.520327558660437,57.74092683076519
588.751,588.79,USV_783,0.03899999999998727,2.0,56.70100000000002,False,420.22479999999996,476.9258,168.52620000000002,111.8252,0.009198036044836044,0.02128331801470588,14295.291461246963,15852.697312997727,0.0001148309946318792,29900.735294117647,16272.624089772014,2.813393387577954,3.7258639923642174,4.7783743370335205,17.034636527609628,11.511446175598103,13.663970242737209,55.960176924563456
589.026,589.038,USV_784,0.012000000000057298,2.0,56.70100000000002,False,420.22479999999996,476.9258,168.8012,112.10019999999997,0.007628076709806919,0.03240094866071429,18268.97104609018,23261.64546146234,0.000631599535269458,33937.5,24991.274170321492,2.0842283118863896,3.6292956093585684,4.23762287730052,10.438200512038879,9.021748796044758,14.144060631390577,40.02345298403251
589.077,589.1,USV_785,0.023000000000024556,2.0,56.70100000000002,False,420.22479999999996,476.9258,168.85220000000004,112.15120000000002,0.006704097613692284,0.04006125710227273,18805.811734866973,18725.39129877663,0.0007017301524898118,32923.295454545456,26100.52657026694,2.9178557523113144,3.0183065838019485,3.876385523532338,11.942265066881873,10.745307957378104,13.442374297350307,50.888802068744376
589.279,589.308,USV_786,0.028999999999996362,2.0,56.70100000000002,False,420.22479999999996,476.9258,169.05420000000004,112.35320000000002,0.011014788411557674,0.02747521033653846,16668.657675574083,16638.97536550603,0.0006268419795210031,31853.365384615383,25808.34611276346,2.0025336794051416,4.087207962833668,5.847836272293317,17.992145892812154,9.936403142146455,13.265664979479475,53.441626975147415
589.578,589.663,USV_787,0.08500000000003638,2.0,56.70100000000002,False,420.22479999999996,476.9258,169.35320000000002,112.6522,0.00958184152841568,0.02888758042279412,14530.366640244834,15085.336595979861,0.00011809243674930292,30372.242647058825,17943.601074765047,2.099083358761791,5.245856208134295,5.66563067049849,17.15814614172394,11.030991712898867,14.438670390977432,58.624067328054686
589.86,589.904,USV_788,0.04399999999998272,2.0,56.70100000000002,False,420.22479999999996,476.9258,169.63520000000005,112.93420000000003,0.011388802900910378,0.019711143092105265,13894.537653072217,14655.393415599232,2.2650419425958366e-05,28495.065789473683,20494.147733682697,1.7332639510787444,7.043622314537093,4.82987276347286,17.86231620857432,11.568385073959224,13.944832171882327,55.72910156417559
590.244,590.272,USV_789,0.02800000000002001,2.0,56.70100000000002,False,420.22479999999996,476.9258,170.01920000000007,113.31820000000005,0.00767148332670331,0.023587740384615384,15893.127074212312,18797.91225163593,0.0004971742664078891,32588.94230769231,18286.698609915296,3.895396825416868,4.4963056313523975,5.360975800204074,15.198952707766809,9.907470035073938,13.500838646128766,51.029869620183845
590.381,590.432,USV_790,0.051000000000044565,2.0,56.70100000000002,False,420.22479999999996,476.9258,170.1562,113.45519999999999,0.010311448015272617,0.018821022727272728,14149.153903380327,15819.71647908434,5.657045230190053e-05,30311.079545454544,22181.63191605842,2.6447977532981635,6.1378105441849415,5.210567811319099,15.36978046662378,11.904384993310574,15.561667902069054,55.4516420323554
590.564,590.593,USV_791,0.028999999999996362,2.0,56.70100000000002,False,420.22479999999996,476.9258,170.3392,113.63819999999998,0.014081417582929134,0.018028846153846152,13512.385154697757,16599.82597637561,0.00014058074474320746,30173.076923076922,21375.42854295364,1.9925925695789792,4.609660278871063,5.099576118762745,16.809733512953997,10.645746369681728,16.437894167067842,50.587242280707024
590.745,590.772,USV_792,0.027000000000043656,2.0,56.70100000000002,False,420.22479999999996,476.9258,170.52020000000005,113.81920000000002,0.011136306449770927,0.030066856971153848,16609.83905497449,16643.972453228904,0.00014694902898847458,30028.846153846152,20564.98795860439,1.9670147694991749,5.0875755842193735,5.604785645562874,16.114011985011928,9.98322273328711,14.691466929260248,53.34987019973069
590.851,590.929,USV_793,0.07799999999997453,2.0,56.70100000000002,False,420.22479999999996,476.9258,170.62620000000004,113.92520000000002,0.008885979652404785,0.02300262451171875,14504.82677057234,14325.948786874764,9.379973697211956e-06,30600.5859375,20767.03721240002,2.393858830804872,3.9026886991842904,4.744502045958802,17.211395896673015,12.170209647037098,14.984436535288136,59.35661965496389
591.13,591.168,USV_794,0.038000000000010914,2.0,56.70100000000002,False,420.22479999999996,476.9258,170.90520000000004,114.20420000000001,0.00805305503308773,0.01736270680147059,16364.79588307753,17497.718286709656,0.0007506112349783828,31659.926470588234,19138.58168242132,2.3386448854223647,4.718719790082922,5.382819640597873,17.296645617125947,10.976340507045999,14.880763543123715,53.318405764142646
591.311,591.382,USV_795,0.07099999999991269,2.0,56.70100000000002,False,420.22479999999996,476.9258,171.08620000000008,114.38520000000005,0.008491369895637035,0.028732825969827586,15807.25030085381,14143.55312377122,4.9145041520089366e-05,31015.08620689655,21498.69919304794,2.4936667977984444,4.276027555309273,4.137356845206714,16.866480313908397,11.544216766693978,15.221386700641592,59.57319118907623
591.677,591.699,USV_796,0.021999999999934516,2.0,56.70100000000002,False,420.22479999999996,476.9258,171.45220000000006,114.75120000000004,0.00942036509513855,0.01726740056818182,15185.482625518618,17595.615314847164,0.0001435726323475866,31448.863636363636,23506.868125090205,1.4467711602015998,5.912714855448184,4.106501444719264,16.529370839452955,10.825006587950188,13.553597275087714,48.24867703388235
592.084,592.145,USV_797,0.06100000000003547,2.0,56.70100000000002,False,420.22479999999996,476.9258,171.8592,115.15819999999997,0.008637685328722,0.0296484375,18199.25596469641,17340.617484352322,0.00043357702185195805,34912.5,29145.675003322256,2.3391057594109834,5.4146964532280855,4.307125919252817,16.72710643730389,10.97793888625649,13.89726696798602,57.08542774484776
592.239,592.26,USV_798,0.020999999999958163,2.0,56.70100000000002,False,420.22479999999996,476.9258,172.01420000000007,115.31320000000005,0.011276232078671455,0.0274169921875,16280.596210661626,17135.18078958028,0.00012372885948569134,33056.25,27298.038438588082,1.1050166124612772,6.645854524688819,4.407849418974612,15.297626838084787,9.581580564211757,14.801674877863466,49.15161526958352
592.314,592.456,USV_799,0.14200000000005275,2.0,56.70100000000002,False,420.22479999999996,476.9258,172.0892,115.38819999999998,0.01203364972025156,0.037074497767857144,15728.151456724565,13989.854542051433,0.00012169543476380416,29553.01339285714,21720.23178060464,2.3552664022034984,5.99792887503363,5.303259793259506,18.32000048815043,11.197049436089026,12.86974945140648,61.681074387762706
592.698,592.802,USV_800,0.10400000000004184,2.0,56.70100000000002,False,420.22479999999996,476.9258,172.47320000000002,115.7722,0.01402976457029581,0.047917063643292686,16873.748278946696,13341.249127876752,0.00016272317628165177,28767.530487804877,22684.76450711327,2.4393921321827365,4.561015404102033,6.49310739825059,18.583783308561472,11.906390256236849,15.147745078881288,63.11239101328242
593.294,593.358,USV_801,0.06399999999996453,2.0,56.70100000000002,False,420.22479999999996,476.9258,173.06920000000002,116.3682,0.01013523992151022,0.02124962439903846,13980.201508183545,14734.533010901068,0.00011593503941224355,29686.298076923078,15178.46278936618,2.7062930860543752,5.166773255600452,4.776993563732595,16.40262526534784,11.39310690794618,15.366797347340206,57.28162235087031
593.866,593.921,USV_802,0.055000000000063665,2.0,56.70100000000002,False,420.22479999999996,476.9258,173.64120000000003,116.9402,0.006925884168595076,0.03993291440217391,17253.715686765845,15514.158847734318,9.325949468347381e-05,32975.54347826087,26921.262489875015,2.3120300414035184,4.8440254165694085,5.89781659280744,17.255643663002,10.775650749701844,15.763308426380377,58.44480697555577
594.963,595.003,USV_803,0.04000000000007731,2.0,56.70100000000002,False,420.22479999999996,476.9258,174.7382,118.03719999999998,0.015612117014825344,0.015854779411764705,10652.013902910761,13749.980080810332,0.00017798463694968438,23150.735294117647,16786.022332090324,2.5457594241563686,3.592130651878649,7.511316012007758,18.401700355364568,9.73446157497735,14.319441742568682,57.966984246162085
598.109,598.185,USV_804,0.07599999999990814,2.0,56.70100000000002,False,420.22479999999996,476.9258,177.88420000000008,121.18320000000006,0.010163940489292145,0.029375630040322582,15086.92243321535,14645.945217395745,0.00011626608919851956,28790.322580645163,17743.409678833446,2.56210891771978,5.50330435487463,5.4548990299979065,17.32665807785708,10.911766106514396,15.68337707634449,60.46777471900758
601.031,601.093,USV_805,0.06200000000001182,2.0,56.70100000000002,False,420.22479999999996,476.9258,180.8062,124.10519999999997,0.011371170170605183,0.022376427283653848,15212.30316663247,15799.75897092572,0.0001925900587645207,28849.759615384617,21211.746834395402,2.437085971168581,4.496784275520293,4.629286301545108,14.517900639203047,13.28386526241189,15.077952624233925,58.082229477790776
601.226,601.303,USV_806,0.07699999999999818,2.0,56.70100000000002,False,420.22479999999996,476.9258,181.00120000000004,124.30020000000002,0.010342287831008434,0.028509324596774195,17534.648555415282,15949.539684118234,0.0001775443022011869,33172.37903225807,28940.26060181364,3.153317478358534,4.986783348145767,5.5167313122471,18.254430309688313,11.509214941937303,16.69122246846455,57.871060432855
601.41,601.442,USV_807,0.03200000000003911,2.0,56.70100000000002,False,420.22479999999996,476.9258,181.1852,124.48419999999999,0.007733101956546307,0.026960100446428572,15338.126681647234,16097.069904701726,5.518501442996033e-05,32263.39285714286,24615.45766581898,2.245253889572402,3.114259741828938,6.481710846045179,18.923190045375318,12.933350794815928,15.158512541270815,53.32221659605013
601.573,601.631,USV_808,0.057999999999992724,2.0,56.70100000000002,False,420.22479999999996,476.9258,181.34820000000002,124.6472,0.007800765801221132,0.021931966145833332,15834.970975088816,16131.36054419492,9.859658760344167e-05,32460.9375,23306.546838397568,2.817009658444396,4.942476830477542,5.877174554101225,16.89401214015924,11.302818677718355,14.969301008696377,56.85805820040385
602.114,602.123,USV_809,0.009000000000014552,2.0,56.70100000000002,False,420.22479999999996,476.9258,181.88920000000007,125.18820000000005,0.010854999534785748,0.028645833333333332,19988.339551729623,23519.833885453158,0.0006639564026747958,33484.375,24088.74719324504,1.9695944865725579,2.3439272442805428,5.070375282655832,12.6245999954811,7.159059889163731,12.249255630021139,36.5031702076285
603.953,604.032,USV_810,0.07900000000006457,2.0,56.70100000000002,False,420.22479999999996,476.9258,183.72820000000002,127.0272,0.009028054773807526,0.0265045166015625,16147.79457189823,15964.73920263442,9.169625038118182e-05,32317.3828125,27702.101752885414,2.491757249513598,4.974984916238916,4.527236306742925,16.361987547893825,11.223151095586017,15.489670113323928,57.27623679878028
604.62,604.651,USV_811,0.03099999999994907,2.0,56.70100000000002,False,420.22479999999996,476.9258,184.39520000000005,127.69420000000002,0.008555275388062,0.019618443080357144,15317.245496199133,18894.171253445664,0.0005023592529841716,32136.160714285714,21350.1901975103,2.609735296705526,2.783164273865889,6.107367196987895,15.711933238275694,10.77157634754688,14.398500696644055,50.054598743274944
604.967,604.997,USV_812,0.029999999999972715,2.0,56.70100000000002,False,420.22479999999996,476.9258,184.74220000000003,128.0412,0.01789626106619835,0.013218470982142858,13707.121262864062,18544.601389362284,0.00015318746033286145,29966.51785714286,22430.75356420935,2.035651437244931,3.7551618217446543,4.194585397086383,13.988417854064494,9.00414769144089,13.948363295974612,49.447334632875105
605.033,605.047,USV_813,0.014000000000010004,2.0,56.70100000000002,False,420.22479999999996,476.9258,184.80820000000006,128.10720000000003,0.006695745512843132,0.031768798828125,16791.44347784944,18394.909478245987,0.00026982730875580623,31640.625,20091.27893193217,2.1469663192492474,3.5398356118986998,5.788072129581725,14.937158301627013,9.421521493535638,13.53320663548109,45.36088301541868
605.461,605.485,USV_814,0.02400000000000091,2.0,56.70100000000002,False,420.22479999999996,476.9258,185.23620000000005,128.53520000000003,0.006549612153321505,0.034490411931818184,17223.136876123583,17826.889032924955,0.0003387480269583069,32258.522727272728,17283.626027209088,2.2220348539062824,3.755091348532272,7.725581201749614,13.995789123671473,10.768550634350971,15.85624835055895,50.854249618742024
605.641,605.717,USV_815,0.07600000000002183,2.0,56.70100000000002,False,420.22479999999996,476.9258,185.4162,128.71519999999998,0.008536674082279205,0.025800151209677418,15779.981710619975,15679.712429970412,0.00023681886524168645,31285.282258064515,21513.351222882255,2.748732297594527,2.838064646617673,5.690882650869235,16.13544692405473,10.992009240912935,15.080349122164884,57.19655051988688
606.695,606.751,USV_816,0.05599999999992633,2.0,56.70100000000002,False,420.22479999999996,476.9258,186.4702000000001,129.76920000000007,0.011307980865240097,0.030315896739130436,15599.359207639238,15441.168317030335,1.7528850105815002e-05,32017.66304347826,26815.566651064084,2.1124362045882688,5.498273445828111,4.694282358254557,16.375310732225888,11.61458072603948,14.367189793468516,55.67193229476374
606.922,606.991,USV_817,0.06899999999995998,2.0,56.70100000000002,False,420.22479999999996,476.9258,186.69720000000007,129.99620000000004,0.009002110920846462,0.027805873325892856,15862.39010417833,16042.97587984859,0.00020669495534860442,32621.651785714286,23206.830257594578,1.9696768183515798,6.3324404196282,4.4170227835003155,16.907176322697264,10.838704197614002,16.09013026057207,57.18089821331676
607.387,607.427,USV_818,0.04000000000007731,2.0,56.70100000000002,False,420.22479999999996,476.9258,187.16219999999998,130.46119999999996,0.00892665982246399,0.028966567095588234,17507.113756347775,16550.877842527145,0.0001323383224184589,35056.98529411765,30230.56069884079,1.9779388898247097,4.299438483011054,5.870252402322972,16.687947669056474,12.559396040798566,16.60557713305505,55.20519619172562
607.823,607.844,USV_819,0.02100000000007185,2.0,56.70100000000002,False,420.22479999999996,476.9258,187.59820000000002,130.8972,0.006772508379071951,0.0280029296875,16814.234068190195,17480.95763157386,0.00030615363844047007,32925.0,27403.894401152054,3.482635093755731,4.908793342669481,5.704255979745733,16.3293416031316,10.951881339292871,16.079618144233827,49.8948092816702
608.009,608.061,USV_820,0.05200000000002092,2.0,56.70100000000002,False,420.22479999999996,476.9258,187.78420000000006,131.08320000000003,0.007112517952919006,0.025645862926136364,17564.882773557732,16545.65460751563,0.0003185053262780913,34159.09090909091,29142.652700256112,3.2070699480617577,4.887713523693036,5.7156870394136545,16.00836678630363,12.218674879053191,14.821246230675273,56.694976499530384
608.38,608.476,USV_821,0.09600000000000364,2.0,56.70100000000002,False,420.22479999999996,476.9258,188.15520000000004,131.45420000000001,0.009030111134052277,0.02294921875,15995.747585807327,15149.658507323385,1.2857597278968804e-05,32546.052631578947,27510.801683765294,2.771688180278639,4.846139219478272,5.9439325625602395,16.12198684052655,12.233530293415933,13.8298586610009,59.385014950715004
608.68,608.689,USV_822,0.009000000000014552,2.0,56.70100000000002,False,420.22479999999996,476.9258,188.4552,131.75419999999997,0.009912039153277874,0.013834635416666666,19686.118325261392,24773.381853815677,0.0010876400933056511,36031.25,28722.068312977022,1.907609871227727,5.806650712323843,4.855303857762349,13.268092252525463,8.375211594740007,15.72234206078682,35.17994112674205
608.842,608.959,USV_823,0.1169999999999618,2.0,56.70100000000002,False,420.22479999999996,476.9258,188.61720000000003,131.9162,0.008400417864322662,0.02956755264945652,16957.378137730015,14739.731107556752,2.0123591968174546e-05,32730.978260869564,27609.798589254777,2.6347505739541317,4.942691672357048,4.741325996104358,16.9081831961366,11.641041166400187,15.797192863352823,61.12893024831707
608.99,609.014,USV_824,0.02400000000000091,2.0,56.70100000000002,False,420.22479999999996,476.9258,188.76520000000005,132.06420000000003,0.010496750473976135,0.020219282670454544,14973.472454426357,15863.097639730126,0.0004857212793289807,29215.909090909092,19681.792969181955,2.6812581586437694,4.176420973746286,6.292896302007478,15.476249069027068,10.951900462095066,14.930858625905744,51.414808459066556
609.053,609.196,USV_825,0.1430000000000291,2.0,56.70100000000002,False,420.22479999999996,476.9258,188.82820000000004,132.12720000000002,0.009039925411343575,0.02386474609375,15554.691320754542,15215.441865547911,7.229703494569022e-05,32383.928571428572,26340.63320623169,2.891654955388238,5.80086422144572,5.3118712636205405,17.350736323292608,12.068562000988399,15.572183570466068,59.51311506343598
609.4,609.42,USV_826,0.01999999999998181,2.0,56.70100000000002,False,420.22479999999996,476.9258,189.17520000000002,132.4742,0.00778226787224412,0.0255859375,18066.13476408865,18115.203881636866,0.00019410924099560827,34621.875,29538.178087057466,4.193641994934472,6.62328327457198,5.683319942507881,13.935604990009812,11.694788821463192,14.178791428888285,49.15194943226918
609.56,609.657,USV_827,0.09700000000009368,2.0,56.70100000000002,False,420.22479999999996,476.9258,189.3352,132.63419999999996,0.01032982673496008,0.021096254006410256,15006.105520391306,15957.457535093077,3.056004529077855e-05,32632.21153846154,29185.33268575236,2.3717032622028498,5.703911730163088,5.489509526574395,18.477221573143943,12.320937614769878,14.711600767567607,58.44269448574207
609.812,609.839,USV_828,0.027000000000043656,2.0,56.70100000000002,False,420.22479999999996,476.9258,189.58720000000005,132.88620000000003,0.008770974352955818,0.03617037259615385,18187.6894345016,18125.24731074458,0.0004016400893681655,35040.86538461538,27983.731608899798,4.355091017987324,4.718110266854476,4.00739971862291,15.772882579383367,11.100716792972756,15.520245697513689,51.39143570002636
610.036,610.119,USV_829,0.08300000000008367,2.0,56.70100000000002,False,420.22479999999996,476.9258,189.81119999999999,133.11019999999996,0.010917631909251213,0.018734202665441176,15133.430276812212,16581.775557555502,9.39276763282085e-05,32688.41911764706,29460.56124848798,2.2521792548271398,5.589717524074809,6.157549257379222,16.864606962769532,11.605580846328905,14.485313881978692,56.851639336888695
610.321,610.35,USV_830,0.028999999999996362,2.0,56.70100000000002,False,420.22479999999996,476.9258,190.09620000000007,133.39520000000005,0.008939928375184536,0.045072115384615384,18581.912551885052,15342.038369361488,3.477295982315187e-05,35091.346153846156,30762.771061035455,1.1740360634075169,3.632443731511855,3.3932970968942398,17.108194522170137,13.03825423635672,14.442261236459105,55.24621740928449
610.53,610.559,USV_831,0.028999999999996362,2.0,56.70100000000002,False,420.22479999999996,476.9258,190.3052,133.6042,0.01556091196835041,0.025785006009615384,14795.00450617047,15296.037583720796,2.0644436100483888e-05,32048.076923076922,28152.007134110183,1.5849004626489782,7.923292579548178,4.119639290901196,16.127336513548105,12.678583291999864,16.253146859807114,53.3780749282442
610.98,611.026,USV_832,0.045999999999935426,2.0,56.70100000000002,False,420.22479999999996,476.9258,190.75520000000006,134.05420000000004,0.010411201044917107,0.0248291015625,17012.775820581257,17298.106214479663,0.0003441437329694089,34289.0625,29413.617878463243,2.1844418775777674,3.993785832854541,5.521752166431126,15.501213218198288,10.548872837601104,15.775752608490283,54.95136545841906
611.673,611.723,USV_833,0.049999999999954525,2.0,56.70100000000002,False,420.22479999999996,476.9258,191.44820000000004,134.74720000000002,0.008200305514037609,0.03098260788690476,17935.441377327978,16873.29339917094,0.0003080957227651821,34758.92857142857,29310.845512107473,2.1088132264653545,6.803709189608288,5.359212500208193,16.783578207032267,12.91544885103825,17.014361452165613,57.06255354777673
611.971,611.994,USV_834,0.023000000000024556,2.0,56.70100000000002,False,420.22479999999996,476.9258,191.74620000000004,135.04520000000002,0.009837618097662926,0.024258700284090908,19112.87941120412,20010.32106050604,0.0006886400624913344,35113.63636363636,27869.94570544909,4.052731672954224,4.804107973575472,5.3650275492321065,14.64347620921061,9.347833152998176,14.48474577874767,48.89089512261596
612.178,612.218,USV_835,0.03999999999996362,2.0,56.70100000000002,False,420.22479999999996,476.9258,191.95320000000004,135.25220000000002,0.010620149783790112,0.04451976102941176,20209.45002535807,17186.743946274124,0.00021235441034865243,35707.720588235294,31480.476769170265,2.900817215654817,6.114774300841667,3.5239260748179473,14.726421845694261,11.426916675372729,15.143645332347736,55.833250161578675
612.262,612.299,USV_836,0.03700000000003456,2.0,56.70100000000002,False,420.22479999999996,476.9258,192.03719999999998,135.33619999999996,0.008184151723980904,0.0257720947265625,15762.207419456128,16741.366236393485,8.03742848820764e-05,32455.078125,24358.622044595206,1.6832952672094492,4.483926054753178,3.2082895553422572,15.67413057754921,10.516857502905332,15.355118926691759,54.39536233380453
612.62,612.72,USV_837,0.10000000000002274,2.0,56.70100000000002,False,420.22479999999996,476.9258,192.39520000000005,135.69420000000002,0.009622016921639442,0.03260498046875,17524.59952835054,16074.616464866409,7.164836925476862e-05,34031.25,27308.245257386694,2.7416425558094226,4.4404438580081536,4.694169869778674,17.139956627738847,11.682954939868516,13.448409493793838,59.284070851609854
612.789,612.91,USV_838,0.1209999999999809,2.0,56.70100000000002,False,420.22479999999996,476.9258,192.56420000000003,135.8632,0.009258565492928028,0.034311930338541664,17272.570314833734,14971.517946233478,7.758643160605958e-05,32890.625,24840.98005866588,3.4353398765801373,4.427815422627099,5.343325366391185,16.430644500021653,11.835549921911722,14.38741910835742,61.017721160076945
613.267,613.361,USV_839,0.09399999999993724,2.0,56.70100000000002,False,420.22479999999996,476.9258,193.0422000000001,136.34120000000007,0.011033901944756508,0.036961605674342105,17037.41979822437,14854.640234453484,5.191779890197656e-05,32615.13157894737,19033.646460338812,2.2204965361004922,4.563651386059809,5.221931722052111,16.743611513920943,11.972772869181782,14.581739250480044,60.54422006309136
613.541,613.645,USV_840,0.10399999999992815,2.0,56.70100000000002,False,420.22479999999996,476.9258,193.3162000000001,136.61520000000007,0.009761338122189045,0.018453458460365852,15714.846105091046,15602.955939348376,0.000133268499843754,32563.26219512195,27664.747832271667,2.3558549418575514,4.582727960892977,4.900925210058978,18.160997398368995,12.379752874669341,15.325309360925402,58.73056845909117
613.803,613.848,USV_841,0.04499999999995907,2.0,56.70100000000002,False,420.22479999999996,476.9258,193.57820000000004,136.87720000000002,0.008083140477538109,0.023797286184210526,16978.00812009504,16856.021845380626,0.00013464427685629977,34075.65789473684,30124.403128131373,2.2996634567721457,5.337141037911272,5.346976144332004,15.52451079876753,10.17413032309223,18.574486090098713,55.0000360994375
614.809,614.843,USV_842,0.033999999999991815,2.0,56.70100000000002,False,420.22479999999996,476.9258,194.5842,137.8832,0.009035497903823853,0.03173828125,18954.398435730494,17603.811115705037,0.0003340282034957714,35418.75,29905.822594779947,1.7505329659172066,5.066132281603728,6.711590937709562,15.767097928765837,9.753117674811055,15.262751819789008,54.66955452784945
615.036,615.124,USV_843,0.08800000000007913,2.0,56.70100000000002,False,420.22479999999996,476.9258,194.81119999999999,138.11019999999996,0.010671565309166908,0.030405970982142858,15680.912138950602,14676.404237811537,0.00019157837089235624,29983.928571428572,21695.573438309333,2.655024916779207,5.720827386494637,6.097217838146905,16.839233930614014,11.807097034924027,15.837668670234734,60.68407358200629
615.272,615.309,USV_844,0.036999999999920874,2.0,56.70100000000002,False,420.22479999999996,476.9258,195.0472000000001,138.34620000000007,0.012599453330039978,0.0153045654296875,16011.688907881999,16984.19678382897,0.00019337526532271608,32695.3125,28272.619482769962,2.8133862931622913,3.0874033298541166,5.956483859282692,18.258554754646397,11.227650392229393,14.871941384980286,55.11498862086091
615.75,615.78,USV_845,0.029999999999972715,2.0,56.70100000000002,False,420.22479999999996,476.9258,195.52520000000004,138.82420000000002,0.01032622717320919,0.03125,18336.690132420736,18346.665647085123,0.0001750508972376013,34968.75,26495.90846280705,2.467214501196263,4.329101278841116,5.747110360129135,14.05304387201055,10.188914455858571,14.257632009376836,51.89304502520094
615.973,616.014,USV_846,0.04100000000005366,2.0,56.70100000000002,False,420.22479999999996,476.9258,195.7482,139.04719999999998,0.008284689858555794,0.03224012586805555,18264.250630785173,17290.29451955309,0.00013580886959179626,34161.458333333336,28904.276410021692,2.2550002429848828,4.95220693037715,6.0005602859998355,15.680054577327432,11.035956388507977,15.799116062329079,55.4430469212416
616.236,616.348,USV_847,0.11199999999996635,2.0,56.70100000000002,False,420.22479999999996,476.9258,196.01120000000003,139.3102,0.00950278528034687,0.023942427201704544,16180.156039133504,15653.625740374748,7.078956228975144e-05,32810.369318181816,26825.81245101505,3.210056101007316,4.293077175280825,5.393246463952903,15.965158067885152,11.280564796407173,14.712473295682686,59.68360859939121
616.753,616.792,USV_848,0.03899999999998727,2.0,56.70100000000002,False,420.22479999999996,476.9258,196.52820000000008,139.82720000000006,0.010148398578166962,0.02534754136029412,15017.907280714204,16364.998792295919,0.00010740701146728289,32172.79411764706,24369.10924366704,2.291679552050029,6.365771133006458,4.143771351768002,16.393609764451952,11.597064873774082,14.990329416043691,52.67516487704016
616.867,616.933,USV_849,0.06600000000003092,2.0,56.70100000000002,False,420.22479999999996,476.9258,196.6422,139.94119999999998,0.010067135095596313,0.03810402199074074,15801.635503805894,14725.490358733385,9.815889330325463e-05,28940.972222222223,16728.51306029291,2.2282989392632118,5.004647691544897,6.8089579808679295,18.569798321835258,10.938776493058693,17.26685801945489,60.363696956260114
617.502,617.554,USV_850,0.05200000000002092,2.0,56.70100000000002,False,420.22479999999996,476.9258,197.2772,140.57619999999997,0.00984929595142603,0.026222922585227272,16639.745512187234,16632.699726347226,0.00015892447417205076,33034.09090909091,27921.556778421276,1.9077693743543536,4.220127810197414,5.428512888294688,15.653282383730225,9.94167422709942,14.755667124367251,55.790096953187756
617.714,617.777,USV_851,0.06299999999998818,2.0,56.70100000000002,False,420.22479999999996,476.9258,197.4892000000001,140.78820000000007,0.009635122492909431,0.022442157451923076,15958.893560557643,16225.732191501003,0.00022166463711013063,33544.471153846156,25750.29799664575,2.5683732379530015,6.589038758507001,4.4475382479931,16.619447113891802,11.903985214177313,14.185869085683908,55.804867087873774
618.28,618.3,USV_852,0.01999999999998181,2.0,56.70100000000002,False,420.22479999999996,476.9258,198.0552,141.3542,0.009352022781968117,0.0181640625,16871.810155303152,18707.296977109647,0.0001874716345504021,33703.125,31058.383022521688,2.819262760350186,3.8266461295520484,5.284386558928657,14.181911241636712,11.524881688697869,17.346027939740033,46.86597030381604
618.74,618.772,USV_853,0.03200000000003911,2.0,56.70100000000002,False,420.22479999999996,476.9258,198.51520000000005,141.81420000000003,0.0095813674852252,0.046229771205357144,19594.518671916117,18093.702368568414,0.00021839212040548824,35008.92857142857,30226.083635963292,1.6479856472001517,4.574960547023156,7.556109743192068,14.370041344255847,11.261767440620007,16.415426602417455,53.591055111799086
618.908,619.023,USV_854,0.1150000000000091,2.0,56.70100000000002,False,420.22479999999996,476.9258,198.68320000000006,141.98220000000003,0.010051102377474308,0.02920134171195652,16160.979117127194,15053.543705062746,6.748629218321198e-05,31400.135869565216,24253.295107678598,2.696586036563629,5.25226939255221,4.971023181578347,16.394807316163977,11.173900893251016,16.410157843190156,60.96319203876831
619.198,619.263,USV_855,0.06500000000005457,2.0,56.70100000000002,False,420.22479999999996,476.9258,198.97320000000002,142.2722,0.00933052133768797,0.029378255208333332,16692.976077645042,15246.803164791389,1.983739608638276e-05,33690.97222222222,31067.09779088418,3.037113451332571,5.175432444516359,5.060719779258261,16.220151664714624,11.481810422610472,14.86834488925432,59.42012256006995
619.435,619.493,USV_856,0.05800000000010641,2.0,56.70100000000002,False,420.22479999999996,476.9258,199.2102,142.50919999999996,0.009982838295400143,0.03570556640625,17724.96466518313,16058.846688805226,0.00011661419612528136,33476.5625,28740.110158652475,2.1048332845437776,6.723105785766474,4.779049884755881,16.103473232733293,11.546916941725934,15.465163156108572,57.75412483928343
619.72,619.735,USV_857,0.014999999999986358,2.0,56.70100000000002,False,420.22479999999996,476.9258,199.49520000000007,142.79420000000005,0.008493725210428238,0.02960205078125,20048.349214416517,18921.29969296504,0.0003191875690500981,35273.4375,29286.473187369207,2.348413836964839,1.9111847051509718,5.372055934248292,15.446639387748249,11.900507423226795,11.146757468411494,46.255773437942096
620.174,620.211,USV_858,0.03700000000003456,2.0,56.70100000000002,False,420.22479999999996,476.9258,199.94920000000002,143.2482,0.008652779273688793,0.03021240234375,17979.316890745693,15650.914412538437,8.891838276400971e-05,35050.78125,30618.303975586896,1.8777350171442648,4.999146528987161,4.857107722126856,17.578559762352004,13.276437414748688,14.294206904727387,57.03140723661869
620.712,620.742,USV_859,0.029999999999972715,2.0,56.70100000000002,False,420.22479999999996,476.9258,200.48720000000003,143.7862,0.011023684404790401,0.018955775669642856,15827.06048496672,17021.729498775272,0.0003273531554193718,31573.660714285714,24868.460241873454,2.477015154096524,5.087751652705181,5.316075691456473,15.133487587652581,11.587976432617586,15.822905779791176,51.70367391013716
621.04,621.103,USV_860,0.06299999999998818,2.0,56.70100000000002,False,420.22479999999996,476.9258,200.8152,144.11419999999998,0.00796335469931364,0.02306189903846154,16168.554037192185,16695.953256720044,0.0005495228883750102,32949.519230769234,20807.37892269067,2.776269528637972,4.451251400830831,6.530495745035944,16.45860471971502,11.71134770198828,14.32046072623529,56.82718697426871
621.148,621.239,USV_861,0.09100000000000819,2.0,56.70100000000002,False,420.22479999999996,476.9258,200.92320000000007,144.22220000000004,0.009106634184718132,0.02643976984797297,16098.41381641798,14804.710068715809,0.00021163979698286394,31403.716216216217,23848.406844814832,3.7636439443263066,5.350016644076381,5.673278119442227,16.336391060811025,11.26791689119284,14.145790653373819,59.782610363468514
621.362,621.388,USV_862,0.026000000000067303,2.0,56.70100000000002,False,420.22479999999996,476.9258,201.1372,144.43619999999999,0.010578401386737823,0.016866048177083332,16534.754478097835,17236.889344954063,0.00038128108977295944,32375.0,26754.85017404385,3.1460069757256606,5.696449257518984,5.439118190934621,14.48623944429805,11.61298566134542,14.221427262420159,51.484380369283635
622.308,622.362,USV_863,0.053999999999973625,2.0,56.70100000000002,False,420.22479999999996,476.9258,202.08320000000003,145.3822,0.007679274771362543,0.03187627377717391,18551.025070104435,16617.54243332775,0.00023019598931885973,34557.065217391304,28171.769754999874,2.8184634198062954,3.0156538736870115,5.474221148149095,15.819989362462914,11.675650127560392,15.577283150609308,58.305763785592845
624.127,624.14,USV_864,0.013000000000033651,2.0,56.70100000000002,False,420.22479999999996,476.9258,203.9022,147.20119999999997,0.006902641616761684,0.041294642857142856,18130.450284398565,20131.257303857426,0.0002819246219597318,32544.64285714286,24831.765096233255,2.183958044826824,3.531798480236285,6.999960031621268,13.158982433548582,10.724181569533897,13.65151823450856,41.771136121294354
625.128,625.192,USV_865,0.06399999999996453,2.0,56.70100000000002,False,420.22479999999996,476.9258,204.90320000000008,148.20220000000006,0.009137893095612526,0.039522611177884616,16435.91658634717,14701.451353438284,0.00012506413313422314,29314.903846153848,16439.711954491704,2.946681435981861,6.01970150491129,6.103142475775609,16.685311191524587,11.615690697903736,15.872232311939099,60.27441615564869
625.24,625.308,USV_866,0.06799999999998363,2.0,56.70100000000002,False,420.22479999999996,476.9258,205.01520000000005,148.31420000000003,0.009909085929393768,0.027657645089285716,15931.453980767212,15192.861258396699,0.00029571715363396956,29290.178571428572,19778.016451081407,2.37625348292181,4.851496159115105,6.476209610160311,17.810679639209653,13.567641748048619,17.15045052196963,60.34867858773658
626.205,626.28,USV_867,0.07499999999993179,2.0,56.70100000000002,False,420.22479999999996,476.9258,205.98020000000008,149.27920000000006,0.007211845833808184,0.027986653645833335,15953.092582338906,16041.049777394785,0.00016257105696205204,32056.25,25415.402761652134,3.8864949509292397,5.7693227549918955,5.423118923484124,16.77386542217139,12.261702779857432,14.004813635918556,59.468016720634886
627.532,627.576,USV_868,0.04399999999998272,2.0,56.70100000000002,False,420.22479999999996,476.9258,207.30720000000008,150.60620000000006,0.009318806231021881,0.01944130345394737,16554.592928136903,17853.13455408284,0.00017817773907013852,33320.72368421053,27973.101649636843,2.1827573565588465,4.167150765961021,6.219968969324305,15.853972676442096,10.21796115689157,14.491080548173874,53.554006787095624
628.22,628.247,USV_869,0.02699999999992997,2.0,56.70100000000002,False,420.22479999999996,476.9258,207.99520000000007,151.29420000000005,0.008461820892989635,0.022989908854166668,18222.712281609307,17660.627699235716,0.0006033350920128352,34015.625,26545.064570391787,2.80047877486795,4.065978827021652,5.124785607099486,17.416625577096447,12.889357146593694,14.285779050541434,54.77252124993944
628.295,628.391,USV_870,0.09600000000000364,2.0,56.70100000000002,False,420.22479999999996,476.9258,208.0702,151.36919999999998,0.009808531031012535,0.02978515625,15934.36933780068,14825.36483095095,0.00012085059307532995,30266.447368421053,17342.951368576836,2.912986538144815,5.0634770643687235,5.378617788663318,16.816276616087663,10.997613388869473,15.56231649330931,61.27023699389264
628.45,628.575,USV_871,0.125,2.0,56.70100000000002,False,420.22479999999996,476.9258,208.2252000000001,151.52420000000006,0.011112494394183159,0.04247548628826531,15048.130890498745,13059.63587702567,1.592938847153623e-05,28509.566326530614,18893.580931080254,2.5774750711567584,5.628200245984279,5.3361284958065545,17.014120635289338,12.213450179822608,15.524378097260934,61.595323916302796
629.289,629.366,USV_872,0.07699999999999818,2.0,56.70100000000002,False,420.22479999999996,476.9258,209.06420000000003,152.3632,0.008398651145398617,0.04038558467741935,16641.386731454506,14788.444396344597,0.00017280255184582276,30468.75,16925.628752189084,2.2110563379760086,4.3335434782430005,5.243419523987246,18.128559562735617,11.363316153249361,15.894070186041848,61.67056053424445
629.408,629.551,USV_873,0.1430000000000291,2.0,56.70100000000002,False,420.22479999999996,476.9258,209.18320000000006,152.48220000000003,0.00995239894837141,0.029017857142857144,15574.010140693717,14121.045279008522,4.6645574662248713e-05,30497.209821428572,22935.230192854684,2.726344184512592,4.728231067459362,4.839236067913972,18.419544094333816,10.964011529387639,17.21843260195112,62.19135262274047
629.597,629.661,USV_874,0.06399999999996453,2.0,56.70100000000002,False,420.22479999999996,476.9258,209.37220000000002,152.6712,0.010446373373270035,0.019596980168269232,14238.942447288895,15484.153391929685,4.9229093678104335e-05,30299.278846153848,18578.170740693826,2.8951888164772277,4.4569873345995425,4.673076309452677,15.269265347959807,12.085087261772625,16.841343318345732,56.56230629698485
629.742,629.87,USV_875,0.12800000000004275,2.0,56.70100000000002,False,420.22479999999996,476.9258,209.5172,152.81619999999998,0.01042068749666214,0.019765625,14586.46850471709,15203.52444696778,5.890399796752564e-05,31533.75,23079.177482732823,2.6807054732752293,5.092847334013799,5.052127045213367,17.572096669698993,12.229814357980793,15.666377433953137,59.29049998654922
629.936,630.054,USV_876,0.11799999999993815,2.0,56.70100000000002,False,420.22479999999996,476.9258,209.71120000000008,153.01020000000005,0.009160857647657394,0.036267869015957445,16907.256568198773,16099.969747107318,0.0002651766121486918,33508.64361702128,27492.086923333485,2.2901948316345413,5.285920528129823,5.066878195828544,17.000287718596045,11.903287120047462,14.320002400054097,58.85288214537315
630.215,630.245,USV_877,0.029999999999972715,2.0,56.70100000000002,False,420.22479999999996,476.9258,209.99020000000007,153.28920000000005,0.009152179583907127,0.031337193080357144,17689.085800161465,17995.037595915666,0.000860938965062212,34774.55357142857,28118.867863688294,1.4238726782114794,4.293392631887449,5.11625807153144,16.14604794315244,11.487137050745497,16.247246555095025,52.1954952099951
630.455,630.481,USV_878,0.025999999999953616,2.0,56.70100000000002,False,420.22479999999996,476.9258,210.23020000000008,153.52920000000006,0.010806750506162643,0.020853678385416668,14579.16140499489,16362.221505788613,6.605542071742793e-05,31515.625,26163.98946948603,2.0700271455225248,5.874341561220349,4.4134729382719655,16.627769754015336,11.269181408671344,14.828315826853517,50.838715640212705
630.58,630.601,USV_879,0.020999999999958163,2.0,56.70100000000002,False,420.22479999999996,476.9258,210.35520000000008,153.65420000000006,0.00838515441864729,0.019677734375,17118.857194336517,20398.081799862037,0.00046790276969959927,33637.5,26207.932967988396,2.866407336649906,5.00390536155858,4.531641188740322,12.211467549267216,9.717783148719409,13.874437456018796,46.47492724264424
630.934,630.958,USV_880,0.02400000000000091,2.0,56.70100000000002,False,420.22479999999996,476.9258,210.7092,154.0082,0.009173036552965641,0.027099609375,17881.0047163524,19422.65965623855,0.0004843807848690114,34346.59090909091,28536.05894536986,2.045035611991,3.441504431159536,4.096215031568601,13.078647999898926,12.390811198000767,15.274350977912627,49.05813592153507
631.478,631.506,USV_881,0.02800000000002001,2.0,56.70100000000002,False,420.22479999999996,476.9258,211.2532,154.55219999999997,0.008208142593502998,0.02306189903846154,18803.37538745454,19592.032253117806,0.0008230415724694207,34709.13461538462,28464.833480002122,2.6538446398213607,3.7289361063215107,5.0348484071048185,14.151727652088958,10.548864960192683,12.602129927863603,51.58313227686171
631.704,631.731,USV_882,0.027000000000043656,2.0,56.70100000000002,False,420.22479999999996,476.9258,211.4792,154.77819999999997,0.007060241419821978,0.052828275240384616,21215.276527510672,19412.743952617482,0.0007368841656137079,36360.57692307692,25635.86623999438,2.1048975663337184,4.218238864362731,4.252040897033679,15.91746087532526,9.70713900699166,13.536669617124245,53.21534893879362
631.956,631.989,USV_883,0.03300000000001546,2.0,56.70100000000002,False,420.22479999999996,476.9258,211.73120000000006,155.03020000000004,0.008300275541841984,0.0302734375,19521.760538157236,16736.24910346054,0.0003549228374276242,35131.25,27820.366366219478,2.6226730088361028,5.282931563726704,5.5836759793791035,15.044770410765794,11.799942242144542,15.663619252356627,55.605533551820834
632.187,632.208,USV_884,0.020999999999958163,2.0,56.70100000000002,False,420.22479999999996,476.9258,211.96220000000005,155.26120000000003,0.01089336909353733,0.022900390625,17452.771634246797,20569.765844333993,0.00039351306734136513,33928.125,29111.108266572097,1.5990782358326645,6.597848781222223,5.59684425169304,14.717142549957407,11.700404840136413,13.160278190642178,46.72956645760459
632.531,632.541,USV_885,0.010000000000104592,2.0,56.70100000000002,False,420.22479999999996,476.9258,212.3062,155.60519999999997,0.014316513203084469,0.010660807291666666,14625.153824354164,18161.310975167446,8.451014557671468e-05,29984.375,24951.371215439733,2.0383345165618345,4.699057094929972,5.786477324992229,13.146833907157136,10.019132993499511,13.630431446040424,39.030741322753414
632.674,632.694,USV_886,0.01999999999998181,2.0,56.70100000000002,False,420.22479999999996,476.9258,212.44920000000002,155.7482,0.009973673149943352,0.0310546875,18259.572373674186,19701.095847391014,0.0006908944170171806,35118.75,30217.4997626703,1.7812778873007395,5.133385179009557,4.021361021321063,12.126440086516997,10.442428573947387,13.198313256933563,47.118863259984536
632.752,632.76,USV_887,0.008000000000038199,2.0,56.70100000000002,False,420.22479999999996,476.9258,212.5272,155.82619999999997,0.009458692744374275,0.016845703125,18179.21251950085,24302.280302490428,0.0007244577388215779,34068.75,26526.558549592017,1.176863105010115,5.2433893564271985,3.1366427274342596,10.45956521405326,8.630249204946548,12.845465898890248,33.37685274904028
632.864,632.915,USV_888,0.05099999999993088,2.0,56.70100000000002,False,420.22479999999996,476.9258,212.63920000000007,155.93820000000005,0.010590475983917713,0.025518508184523808,17345.353451586343,15272.436492542462,3.099621255260367e-05,33584.82142857143,28743.689499109292,2.457862101167298,4.351070967841433,4.981256222203181,16.121210722746046,12.289819847581501,14.603407432129805,58.92962469486778
632.975,632.984,USV_889,0.009000000000014552,2.0,56.70100000000002,False,420.22479999999996,476.9258,212.75020000000006,156.04920000000004,0.010645217262208462,0.023030598958333332,16382.948734473046,19128.026623768037,0.00011415199855443387,31656.25,25004.62100314938,2.075751078112545,5.664181934118921,4.204129360448648,12.693115932680463,9.535684394753007,14.143792277562808,38.68777728243246
633.119,633.161,USV_890,0.041999999999916326,2.0,56.70100000000002,False,420.22479999999996,476.9258,212.89420000000007,156.19320000000005,0.012301549315452576,0.017903645833333332,17916.14123539852,16569.962938691726,0.00015145515294779716,35255.208333333336,30779.495008583795,2.6020436060421748,3.6647770885036204,5.3692817550724214,17.330866323177965,12.004983347122286,14.715630549954811,56.06919011162805
633.337,633.399,USV_891,0.06200000000001182,2.0,56.70100000000002,False,420.22479999999996,476.9258,213.11220000000003,156.4112,0.008097014389932156,0.022780198317307692,16718.65753541125,15346.68657359919,4.5858763040805644e-05,32881.00961538462,27911.77860052684,2.4480771238370314,4.066178458505589,5.369538088960051,14.701422610393784,11.543479897896503,15.437925432062789,57.55978924484876
633.493,633.515,USV_892,0.021999999999934516,2.0,56.70100000000002,False,420.22479999999996,476.9258,213.2682000000001,156.56720000000007,0.006214641034603119,0.035577947443181816,17522.299672116365,17764.14440573266,0.0003047867193147809,33102.27272727273,19130.216060997867,2.489796244265902,3.7416558767458326,6.843702961766832,14.866837927240244,11.679313380007216,15.363872043635075,51.172140233621256
633.902,633.953,USV_893,0.05099999999993088,2.0,56.70100000000002,False,420.22479999999996,476.9258,213.67720000000008,156.97620000000006,0.00959716271609068,0.030703590029761904,16675.626688094093,16381.054069028394,0.0002823319093027038,33419.642857142855,28124.977537621704,2.2517407153436735,5.109748520202509,5.421227591708328,16.63022600766931,10.607496387851198,13.787089834562138,58.054711635674
634.063,634.092,USV_894,0.028999999999996362,2.0,56.70100000000002,False,420.22479999999996,476.9258,213.83820000000003,157.1372,0.011983204632997513,0.011268028846153846,14951.259930601635,17298.80939920056,0.00013732917084264689,30771.634615384617,21678.124336756067,2.32719355791492,3.673170078061865,4.494333561534409,14.053403951324965,10.678553139820217,14.449096421818194,52.072333640882746
634.969,634.979,USV_895,0.009999999999990905,2.0,56.70100000000002,False,420.22479999999996,476.9258,214.7442000000001,158.04320000000007,0.005322286393493414,0.025553385416666668,18690.387572910124,21505.478051371567,0.0005750536068986367,33500.0,24069.24375538208,1.087217862427017,1.6573964231334564,4.851742226586314,14.688856955049152,9.918300498339358,12.442758483965472,38.18983426613793
635.2,635.236,USV_896,0.03599999999994452,2.0,56.70100000000002,False,420.22479999999996,476.9258,214.9752000000001,158.27420000000006,0.008986394852399826,0.027618408203125,16857.903304280306,18570.804434148973,0.0005837012345329266,33292.96875,25566.78887565551,1.7914810663165124,5.349157326325107,4.853533185015441,15.580910294139036,10.42320871496582,13.863651176296376,52.965371159050115
639.278,639.307,USV_897,0.028999999999996362,2.0,56.70100000000002,False,420.22479999999996,476.9258,219.05320000000006,162.35220000000004,0.010992943309247494,0.003943810096153846,15550.9263882346,19081.780256284404,0.00017320597116257013,32899.03846153846,24604.5956774846,2.758869305526395,4.441750526637041,5.189385611239915,15.080271023765183,10.070200432010608,12.580463321802851,50.05997609756623
639.434,639.443,USV_898,0.009000000000014552,2.0,56.70100000000002,False,420.22479999999996,476.9258,219.2092,162.5082,0.009317508898675442,0.020548502604166668,18851.556425446182,23171.0979569825,0.0007908318935811741,32031.25,24959.79735305755,2.050098923048623,3.5455737016104947,4.303553781139281,10.776493734627117,10.93729008187117,14.210875939606614,36.70569746351597
640.053,640.111,USV_899,0.057999999999992724,2.0,56.70100000000002,False,420.22479999999996,476.9258,219.82820000000004,163.12720000000002,0.009706097654998302,0.0250244140625,16271.853897556211,16631.997801637594,0.00015850167241520966,33460.9375,29203.79031543066,2.2191554138632816,4.667124490556532,4.557669213142998,16.919716144030932,11.449833599693903,13.946105388876228,55.85586060979356
640.243,640.39,USV_900,0.14699999999993452,2.0,56.70100000000002,False,420.22479999999996,476.9258,220.0182000000001,163.31720000000007,0.009636064060032368,0.03257349917763158,16060.501056062327,14565.407053387487,0.00011095232380107259,31481.907894736843,21101.76911578357,3.0039838931771614,4.716300128601677,5.605312668852825,16.90415601756403,11.451106583300962,15.564609594813845,61.08406818460201
640.437,640.53,USV_901,0.09299999999996089,2.0,56.70100000000002,False,420.22479999999996,476.9258,220.21220000000005,163.51120000000003,0.012030418030917645,0.02171531883445946,13965.91198114764,13976.158648830944,4.27787594423925e-05,29262.66891891892,17738.168415643588,2.7652886802492733,7.422449463103084,5.25910704299549,15.993786925862224,13.289074544050434,13.885774093273364,59.4120199946375
640.874,640.892,USV_902,0.018000000000029104,2.0,56.70100000000002,False,420.22479999999996,476.9258,220.64920000000006,163.94820000000004,0.008962534368038177,0.024305555555555556,17073.654111473737,17720.719068663773,0.00040586474759387003,32218.75,23038.943099826647,2.9023708188518262,2.8221640923867968,5.293557491218237,16.595228153117933,11.895940603153218,17.567589139215357,47.343797223761555
641.709,641.774,USV_903,0.06500000000005457,2.0,56.70100000000002,False,420.22479999999996,476.9258,221.4842,164.78319999999997,0.010004596784710884,0.01829246238425926,15145.292725814485,17210.914150399243,0.00036416191699377497,32138.88888888889,25446.061170573885,2.3776309623683094,5.258737798925824,5.750232590306904,19.340284120056406,9.92954131864122,15.492969829353646,55.97405623714104
642.107,642.16,USV_904,0.05299999999999727,2.0,56.70100000000002,False,420.22479999999996,476.9258,221.8822,165.1812,0.008674580603837967,0.03599964488636364,18015.667187993662,16116.616846458819,8.029343873405273e-05,34551.13636363636,29004.11807632322,1.9191372756212426,4.206803380052448,5.596448106775172,17.015825870768147,12.075283325997145,14.727877746033833,56.95256988581605
643.057,643.077,USV_905,0.01999999999998181,2.0,56.70100000000002,False,420.22479999999996,476.9258,222.83220000000006,166.13120000000004,0.014947028830647469,0.0175048828125,14012.741911932553,16923.83859288565,5.6077207901983036e-05,31378.125,27838.58483617967,3.387765486652249,8.206418972701131,4.462715700103598,16.187565186334467,10.729582546675067,15.077630983340546,47.44696123403703
643.876,643.885,USV_906,0.009000000000014552,2.0,56.70100000000002,False,420.22479999999996,476.9258,223.65120000000002,166.9502,0.007829738780856133,0.025675455729166668,17228.420079561765,19731.030042981747,0.00031747296668433546,32593.75,25327.349178105713,2.241290549674619,4.3032290178066965,4.607657301883047,12.846334433144358,9.822735744153489,12.239736598499354,42.15502890830616
644.644,644.676,USV_907,0.03200000000003911,2.0,56.70100000000002,False,420.22479999999996,476.9258,224.41920000000005,167.71820000000002,0.008615502156317234,0.029593331473214284,19310.775963282624,18227.806285056835,0.0005115273699442831,35691.96428571428,28630.439071413297,1.8693722028884898,3.6245679020580672,5.15697318030977,14.579881879138346,12.01955095564739,15.216902730184511,54.42424236139974
644.744,644.758,USV_908,0.014000000000010004,2.0,56.70100000000002,False,420.22479999999996,476.9258,224.51920000000007,167.81820000000005,0.012677881866693497,0.017303466796875,15059.808913806435,18395.93348330718,0.00034464368363115695,30890.625,23921.97509590562,1.7383395740645455,6.8641525115326845,4.946946241629337,14.027978398974032,11.223276799862274,15.355628225274575,43.35683326611435
645.291,645.343,USV_909,0.05199999999990723,2.0,56.70100000000002,False,420.22479999999996,476.9258,225.0662000000001,168.36520000000007,0.01443060114979744,0.014715021306818182,13210.423481127887,16526.315928483764,7.055703905501417e-05,30894.886363636364,26185.02360486416,2.68408094978443,6.578526874882964,5.221273606718369,16.252312816307754,11.330857410877648,14.928993269167973,53.453951196503255
646.063,646.182,USV_910,0.1190000000000282,2.0,56.70100000000002,False,420.22479999999996,476.9258,225.83820000000003,169.1372,0.00821275170892477,0.0333018201462766,16426.08398138922,15904.922722830042,0.00013024953303723897,33540.5585106383,28989.655355771276,1.9969900492767103,4.178343844167711,5.896781943201645,16.717542262823024,10.923079602231612,15.38695893172155,59.3013992497648
646.626,646.679,USV_911,0.05299999999999727,2.0,56.70100000000002,False,420.22479999999996,476.9258,226.40120000000002,169.7002,0.008376956917345524,0.02752130681818182,17793.082725214586,16994.74864027547,0.0008817312750795492,33843.75,26936.13621167138,2.689672299832446,4.645689633854849,4.998215895292219,16.915760676584572,11.69618322681909,13.895549906170077,55.99100112558815
647.804,647.814,USV_912,0.009999999999990905,2.0,56.70100000000002,False,420.22479999999996,476.9258,227.57920000000001,170.8782,0.006965504493564367,0.0201416015625,17629.30648049529,21413.675984023477,0.000629928751129553,32359.375,24423.737301619505,1.3028100696008507,3.5911062177380106,4.235841878514351,11.824303982636645,9.327761116002437,12.928961172821806,37.18809572349011
647.934,647.956,USV_913,0.022000000000048203,2.0,56.70100000000002,False,420.22479999999996,476.9258,227.7092,171.0082,0.0067536490969359875,0.038285688920454544,18906.024435074196,16200.946936435712,0.0004598084984517439,32062.5,23655.177411881177,2.3063203132233405,3.805489258252202,5.9873282057186765,18.4404532324065,9.991499580352887,13.834615675179458,52.55376940739514
648.805,648.88,USV_914,0.07500000000004547,2.0,56.70100000000002,False,420.22479999999996,476.9258,228.5802,171.87919999999997,0.009700068272650242,0.02103547127016129,14964.847800911002,16050.647981491333,0.00012332585274672575,30904.233870967742,21826.372117644434,2.2576347252264304,6.384183906568281,5.08586839177205,18.225919581574207,11.910017262927113,14.753173598822197,57.1204220189746
648.991,649.017,USV_915,0.026000000000067303,2.0,56.70100000000002,False,420.22479999999996,476.9258,228.76620000000003,172.0652,0.008451089262962341,0.010782877604166666,16415.37924734571,18737.3592596023,0.0004936355122504766,31960.9375,20250.68975895896,2.8241411878103904,3.0960586057489707,5.028870314372549,14.579654320388405,9.143003222801115,14.92614142234739,50.82017444330422
649.062,649.18,USV_916,0.11799999999993815,2.0,56.70100000000002,False,420.22479999999996,476.9258,228.83720000000005,172.13620000000003,0.010209253057837486,0.0398208942819149,16064.112103548974,13517.8941316589,2.3951662268567997e-05,29180.186170212764,20171.2792079079,3.0519055021975134,5.360613041441595,4.328631873768098,16.624389096347265,11.008428520112965,16.444518543929984,62.647685676491754
650.852,650.879,USV_917,0.027000000000043656,2.0,56.70100000000002,False,420.22479999999996,476.9258,230.62720000000002,173.9262,0.011623110622167587,0.026047926682692308,16899.344438361855,17955.565699632454,0.0002737829844031965,30483.173076923078,20176.147212663804,2.511404272298603,3.3465667992500867,4.317140672996478,11.947191280587932,9.818472378335242,13.831147277033645,52.28715820879397
650.963,650.978,USV_918,0.014999999999986358,2.0,56.70100000000002,False,420.22479999999996,476.9258,230.7382,174.03719999999998,0.007474333513528109,0.032012939453125,17945.232107701373,18980.860622375632,0.0002892419909587212,31582.03125,24923.28055502832,3.393609522364061,4.511881367238117,5.2460928455955935,14.244589366935617,10.204578566605306,15.161146537702827,44.36750799022339
651.01,651.071,USV_919,0.06100000000003547,2.0,56.70100000000002,False,420.22479999999996,476.9258,230.78520000000003,174.0842,0.01315266266465187,0.022216796875,14808.968302983909,14022.103213178687,7.445467721190658e-05,28162.5,17567.13866312297,2.554698974175434,4.442870549009246,6.342977390790457,17.060996198775857,10.06729131983745,15.257681286823138,60.178148533976604
651.107,651.183,USV_920,0.07600000000002183,2.0,56.70100000000002,False,420.22479999999996,476.9258,230.8822,174.1812,0.009670539759099483,0.03340788810483871,15398.92049798361,14360.343724420763,5.947640644192439e-05,28929.435483870966,17762.95881768412,2.822367605406437,5.415189791016794,5.519366686469838,15.307657833069497,12.161689624524023,16.288756810896267,59.884853465343944
651.33,651.339,USV_921,0.009000000000014552,2.0,56.70100000000002,False,420.22479999999996,476.9258,231.10520000000008,174.40420000000006,0.010853699408471584,0.004231770833333333,17318.140015093024,22754.378665476994,0.0007294368795457152,34625.0,27890.703459018987,2.1215909045466432,3.7684856861819234,6.752638153355183,15.165587908139576,8.436231113663297,13.705028284617653,36.740282657933065
651.566,651.602,USV_922,0.03599999999994452,2.0,56.70100000000002,False,420.22479999999996,476.9258,231.34120000000007,174.64020000000005,0.009355934336781502,0.0156707763671875,15064.870058484068,16856.587053079304,0.00016010008552578544,30796.875,25742.45474852262,2.5406806950521776,3.496155770843983,5.779370305093718,15.973867175111812,10.741728273253099,15.741975272328991,53.02883332862312
651.649,651.688,USV_923,0.03899999999998727,2.0,56.70100000000002,False,420.22479999999996,476.9258,231.42420000000004,174.72320000000002,0.007868248037993908,0.030431410845588234,15862.445263426083,16073.512587839337,0.0002761546726806403,31957.720588235294,18302.701862342266,2.1969883608125977,3.757564311852532,5.035372339616046,17.48499892536828,11.027906607171849,15.132374533020538,53.79470183481095
652.467,652.506,USV_924,0.03899999999998727,2.0,56.70100000000002,False,420.22479999999996,476.9258,232.24220000000003,175.5412,0.009109698235988617,0.01974666819852941,14961.064386679616,15679.282165257362,0.00036594169015532595,29691.176470588234,17099.524369483355,2.053669225354454,4.79089182147981,4.702696011687119,16.64853501347985,11.223276753797963,14.212204059769093,55.939719978310116
652.725,652.741,USV_925,0.01599999999996271,2.0,56.70100000000002,False,420.22479999999996,476.9258,232.50020000000006,175.79920000000004,0.00709109241142869,0.035308837890625,19256.497203964977,20093.25961773193,0.0006263688544441712,35343.75,30305.470422139224,2.668285231736165,3.1067061319071794,6.82826532240557,14.41364177450927,7.679178861897373,13.175312899188597,45.21373117998579
652.824,652.963,USV_926,0.13900000000001,2.0,56.70100000000002,False,420.22479999999996,476.9258,232.5992,175.89819999999997,0.010226507671177387,0.035573508522727275,16016.188009684436,14090.742226924824,7.321771221309709e-05,29434.090909090908,20152.09900466534,2.9071847120188266,4.861723286097885,6.199462350271165,16.64308711572659,11.606043119258288,16.415579146058302,62.39132870152284
653.276,653.302,USV_927,0.026000000000067303,2.0,56.70100000000002,False,420.22479999999996,476.9258,233.0512,176.35019999999997,0.009805426932871342,0.0159912109375,14047.278387597375,16344.430709559196,0.00014624872306438837,31007.8125,26737.648124564683,2.360925928316814,4.528777231551492,4.5831552142234395,15.868090522211284,11.914696693054344,14.795519540037974,51.5179442758082
654.895,654.994,USV_928,0.09900000000004638,2.0,56.70100000000002,False,420.22479999999996,476.9258,234.67020000000002,177.9692,0.010888802818953991,0.03023681640625,15413.072301852604,14487.046811996459,0.00033507255976673677,28610.15625,17581.602511278143,2.892796012413766,4.712640656056069,5.585788519816497,16.19354796712839,10.931433932393144,14.687982130395142,61.37785120743932
656.41,656.54,USV_929,0.12999999999999545,2.0,56.70100000000002,False,420.22479999999996,476.9258,236.1852,179.4842,0.010350409895181656,0.040278416053921566,15915.639177520847,13787.462842037032,0.0001239039326128902,28613.970588235294,19748.164283394468,2.7531188642575968,4.468514087026547,5.494973384095296,17.342129688780354,11.496085014540752,16.325020949549618,62.62950139308687
656.72,656.747,USV_930,0.02699999999992997,2.0,56.70100000000002,False,420.22479999999996,476.9258,236.49520000000007,179.79420000000005,0.011557464487850666,0.024678548177083332,15802.888981003858,18596.306843753802,0.00038321375531048205,31906.25,26728.57083140065,2.53566131115666,7.0848858992259665,5.563429359925948,13.436309636963237,10.347153299371877,14.700268227883141,51.794049222428804
656.84,656.987,USV_931,0.14699999999993452,2.0,56.70100000000002,False,420.22479999999996,476.9258,236.61520000000007,179.91420000000005,0.009997771121561527,0.026084498355263157,14726.88412995422,14631.206560662924,6.213008857287926e-05,31003.28947368421,23301.813241093023,2.4929605105484747,5.899868255093103,5.827582571356384,17.423048666744933,11.168800762977073,14.69720882925688,59.905611454785344
657.442,657.536,USV_932,0.09399999999993724,2.0,56.70100000000002,False,420.22479999999996,476.9258,237.21720000000005,180.51620000000003,0.009033848531544209,0.02548057154605263,15391.03685423174,15860.975239081317,0.0002281179857843428,31798.519736842107,23807.864965148125,3.2198361244675304,5.322669574403167,5.393481272537833,15.004467366699268,11.078114052813477,14.766404160230257,58.34258416375563
658.667,658.706,USV_933,0.03899999999998727,2.0,56.70100000000002,False,420.22479999999996,476.9258,238.44220000000007,181.74120000000005,0.010447707027196884,0.026482077205882353,15793.543502721885,16258.794638310603,0.00014307068802900524,31533.08823529412,26991.353557180813,3.2984006890094086,7.010539280165083,5.902594489538169,16.39830824518865,11.275178625707843,14.866056770486967,54.365180248462636
658.864,658.922,USV_934,0.057999999999992724,2.0,56.70100000000002,False,420.22479999999996,476.9258,238.63920000000007,181.93820000000005,0.009449153207242489,0.023325602213541668,14497.092543011438,15893.133561658355,5.4738411775743145e-05,31746.09375,23920.312216868086,2.1659363047055877,4.393918285016275,4.688276532926913,17.859113740886524,12.866441163059983,16.633575954189784,56.940438266686215
659.4,659.539,USV_935,0.13900000000001,2.0,56.70100000000002,False,420.22479999999996,476.9258,239.17520000000002,182.4742,0.011286760680377483,0.030251242897727272,13750.017629004675,12819.835385819006,5.697337442469793e-05,27579.545454545456,15175.758123659489,2.777201791080493,5.525387643955553,6.383623026814512,15.923594081127325,10.555109768572226,15.774669137374934,62.23045364013614
660.054,660.068,USV_936,0.014000000000010004,2.0,56.70100000000002,False,420.22479999999996,476.9258,239.82920000000001,183.1282,0.006529895588755608,0.01611328125,17012.299388377956,19337.7564707335,0.0005776102072283897,32296.875,21682.850751278896,2.585258609198376,4.086469147915883,3.724551711611417,13.546316281315331,10.891480641943637,14.422839251572315,44.68610911848748
660.105,660.123,USV_937,0.018000000000029104,2.0,56.70100000000002,False,420.22479999999996,476.9258,239.88020000000006,183.17920000000004,0.007283590734004974,0.05124240451388889,18679.621198712564,15537.107929319152,0.00026834639501070804,32947.916666666664,23357.50165099321,2.2385239565726427,2.7913905455405277,6.181482175447834,16.61045353279586,12.572119490723564,14.637872077484774,51.97801463463905
660.152,660.286,USV_938,0.13399999999990087,2.0,56.70100000000002,False,420.22479999999996,476.9258,239.92720000000008,183.22620000000006,0.009413075633347034,0.021535045695754717,15088.307804307531,14931.970040987953,5.625081957621485e-05,32112.028301886792,23106.698190014846,2.750043039618994,5.687131051082915,5.948412111835093,17.568711084263025,12.366360106684068,15.151209613205028,59.90798941651589
665.119,665.207,USV_939,0.08799999999996544,,,None,,,,,0.014644787646830082,0.020612444196428572,10970.15940468183,13064.117596407012,9.05873426688104e-05,24058.928571428572,18455.843429940083,2.7604197408342444,4.12101814595327,8.329785712697769,18.715583353350247,14.027219435291428,14.400706660431734,60.152355868380695
678.035,678.167,USV_940,0.13200000000006185,,,None,,,,,0.009591503068804741,0.027747521033653848,14930.516525610099,14400.397168870028,3.8031665867397945e-05,31179.08653846154,21676.49124727127,2.9204058860088793,4.961761270543774,5.226852492309438,16.210609089908335,11.650410929848706,15.661010957174792,58.153392389986735
693.315,693.41,USV_941,0.0949999999999136,,,None,,,,,0.013458612374961376,0.021619294819078948,11122.933389047514,12813.68035534806,0.00016351092334425222,24434.21052631579,15880.891593846483,3.147518182389406,3.168757507303089,5.5347775267481785,15.107403644633292,9.817437474038725,15.086338718230968,60.82574121145393
693.782,693.841,USV_942,0.05899999999996908,,,None,,,,,0.010888495482504368,0.026265462239583332,13002.029907128017,14360.007118290678,6.230451054928459e-05,27718.75,18477.83028640444,3.136183309335877,2.6380245917349026,4.789193005365015,15.090386272008752,12.616577927124998,16.947588475672404,59.01323507308507
696.412,696.535,USV_943,0.1229999999999336,,,None,,,,,0.010883591137826443,0.020105997721354168,13901.857588438515,14077.120167583693,4.254549614717714e-05,29111.328125,22400.287254849954,2.9092773515076646,2.8856079649887985,6.887144419286659,17.90319121690564,12.017575741129471,15.793080726040492,61.27714799206611
696.998,697.147,USV_944,0.1490000000000009,,,None,,,,,0.0126113910228014,0.020419416756465518,12846.212770222974,13847.894030093274,6.868524118681307e-05,28341.594827586207,20844.184102641557,2.9091220230052453,4.174852538766354,5.291583295833863,17.141952318239394,10.598555852772927,15.276672293023928,59.27536159859749
726.373,726.508,USV_945,0.1349999999999909,,,None,,,,,0.010332563892006874,0.02379219487028302,13067.588956516127,13825.480217821576,0.0001406677564649824,28577.830188679247,19369.022362766125,2.557015466993506,4.7255342931639195,5.843871016809065,15.321242085817076,10.363257147350161,15.46615679243437,58.76643969124533
726.651,726.783,USV_946,0.13200000000006185,,,None,,,,,0.012351772747933865,0.030437762920673076,13097.824408479266,12662.41096183458,9.74456751974204e-05,25918.26923076923,15377.342081288418,2.240516984992534,6.883396198555592,5.999133599364468,16.111293353687405,11.117491617163807,16.371100672542834,62.02429494807514
726.856,726.993,USV_947,0.1370000000000573,,,None,,,,,0.010418198071420193,0.025666413483796297,13155.59946703205,13229.224816832428,3.356166635058451e-05,27786.458333333332,17577.154067716125,2.190910324563514,6.028737381917136,5.049927388754838,15.082436351042016,11.07521981529198,16.23661395134549,61.553580256018485
727.044,727.056,USV_948,0.012000000000057298,,,None,,,,,0.005806031636893749,0.03187779017857143,16713.204308570126,18399.470015979336,0.0004981772294949607,31191.964285714286,26249.65504060947,0.9501258128985614,2.0651649951716826,5.1899919411999935,13.481340433864954,9.737201304194997,17.743506342610367,42.89146906037699
727.114,727.159,USV_949,0.04499999999995907,,,None,,,,,0.009715108200907707,0.028487356085526317,14877.115374410032,16230.464638707632,0.00018231577633825055,29728.61842105263,15534.72879065373,2.0691743522804,5.715574788263328,5.1255588670557,14.127146433138687,11.420547759297833,14.186523936339466,54.25565753891193
727.245,727.376,USV_950,0.1309999999999718,,,None,,,,,0.011921832337975502,0.022614123774509803,12450.69822992965,13043.960915859752,1.7307358475237974e-05,26880.514705882353,16579.288050980776,2.1980876711712223,4.436643075888124,5.6077746898190695,15.415750687870126,11.661375241201252,16.756130126458004,61.409219713887886
728.872,728.934,USV_951,0.06200000000001182,,,None,,,,,0.009355839341878891,0.022479717548076924,15131.182259252431,16286.886733255522,0.000567245331426624,30710.33653846154,15276.15418057922,4.481097586379567,4.732216285292752,6.4981081217396355,14.3952399102391,10.175124045152826,13.311056077392424,56.84322789681159
730.413,730.519,USV_952,0.10599999999999454,,,None,,,,,0.00854998454451561,0.041707356770833336,14935.380076455287,13423.576215527,5.102146765105384e-05,28941.964285714286,15214.097678680968,3.3890053011117582,5.462795777122025,5.810709528248356,15.886369868709624,11.832690099881123,13.759784774869047,60.590913860659796
739.506,739.656,USV_953,0.14999999999997726,,,None,,,,,0.04663496091961861,0.008350436970338984,6633.272519544583,11401.530685567466,8.188223103432202e-05,15967.690677966102,27399.23689079,2.864657990992499,2.6991997092721833,4.665890658118131,18.838800527334445,10.478961356392258,14.761899276094287,59.950791420766755
740.718,740.848,USV_954,0.12999999999999545,,,None,,,,,0.05627250298857689,0.006251914828431373,5917.996325601725,10156.53383491012,7.426004738059493e-05,14384.191176470587,28315.485167224575,4.88490303232823,2.768330696888606,6.049408801683801,19.416027916060536,10.372292683487085,15.258847177451099,57.555127147836316
740.979,741.087,USV_955,0.10799999999994725,,,None,,,,,0.013686236925423145,0.020070630450581394,10106.522319495194,12486.374229129247,4.782848665165957e-05,23345.93023255814,21454.100260063467,3.3694708721808087,4.201058364885668,4.767856293594091,15.476814500163862,11.31624101846039,15.149315019699218,60.443058017610475
743.414,743.447,USV_956,0.03300000000001546,,,None,,,,,0.011326645500957966,0.008658854166666667,14876.871428816592,17316.09304949729,0.00033520122635997523,30768.75,22377.071995741564,2.498687081441017,3.4412517119008093,4.692394278658767,14.252375623896206,10.3959359742463,15.104946321874442,52.71240128640217
751.504,751.544,USV_957,0.03999999999996362,,,None,,,,,0.009861381724476814,0.021728515625,13673.037303431354,15411.941671311022,0.000254635522290847,28362.132352941175,15754.473708343226,3.1047579918839467,3.813313589466427,5.59349880200475,16.165640429316838,10.327041091299915,16.314743710583596,56.13522275868145
752.053,752.184,USV_958,0.1309999999999718,,,None,,,,,0.010108632035553455,0.032269646139705885,13265.136656159884,12110.781654441093,5.026808953258465e-06,27011.029411764706,15156.173465064618,2.655745874689844,4.162654167923322,5.267962875890463,16.719949246792826,11.33906007969122,16.210085185362015,64.47006394170936
752.291,752.314,USV_959,0.02299999999991087,,,None,,,,,0.007479351945221424,0.023393110795454544,16628.375805570653,19219.572971970305,0.0008520569615714513,32889.204545454544,15887.386239329642,3.885584958145746,5.514997192371539,5.6948050607045095,14.452184201386023,9.76026453718174,14.053612524776849,49.85072550807743
752.908,752.955,USV_960,0.047000000000025466,,,None,,,,,0.012954166159033775,0.02186279296875,13844.196100661098,15843.010030056623,0.00011837357553241678,29367.1875,23383.086659669,1.8733189033247057,5.977640301387472,6.055938626292625,13.836098313507787,10.17226543645396,13.085440125113854,53.64251696070702
754.992,755.04,USV_961,0.04800000000000182,,,None,,,,,0.02068699523806572,0.01539306640625,9741.191714888926,12531.980195528693,0.00010958069970271671,21060.9375,16696.32316276223,3.4333009418242946,3.523195302369031,4.266142796225772,14.75882562122737,9.322613955813207,15.87416029801299,58.67086006045861
755.899,755.914,USV_962,0.014999999999986358,,,None,,,,,0.011427314020693302,0.021026611328125,14398.508825749961,16303.867306049598,0.00010776069540619747,30175.78125,27410.31482041846,1.620538921816578,4.163432358256401,4.593493300711459,18.060628454629633,11.897678538290325,15.207088595138904,46.24790388855692
756.479,756.492,USV_963,0.012999999999919964,,,None,,,,,0.007545751985162497,0.04132952008928571,17435.62579090487,14645.024658842658,4.000218784165354e-05,31258.928571428572,23210.66251275634,1.5422966617508698,3.7722006174603293,5.594982192742473,15.690206229887307,11.269066085986543,14.817063734949228,49.564065278150785
756.623,756.658,USV_964,0.03499999999996817,,,None,,,,,0.009970941580832005,0.010660807291666666,14459.415168872038,17984.546800019674,0.0001561909770614933,32637.5,27520.767586405716,2.9761486776253423,3.034693726171021,5.90115710268701,17.10041915671126,10.881682120032728,13.638808599986188,53.889089402690146
756.965,757.037,USV_965,0.07200000000000273,,,None,,,,,0.06189065799117088,0.006995891702586207,6056.773697505377,10690.875444558216,6.480192817154124e-05,14120.689655172413,29437.439673892062,2.9281409011532626,2.7017721258089376,5.178700378379597,17.729807441321817,10.268535501233186,14.985588921854868,57.276888147310885
757.899,757.992,USV_966,0.09299999999996089,,,None,,,,,0.01708909310400486,0.013599292652027027,9019.95196354165,11728.90806009472,1.533608871784576e-05,21083.614864864863,20229.087029290742,3.022960440853989,3.3433264538697416,5.286677922692558,17.477354532892846,11.678332398192953,14.266392324129246,60.39305023495599
758.137,758.279,USV_967,0.14200000000005275,,,None,,,,,0.053351741284132004,0.006927490234375,5797.1782866268995,10109.755640954798,5.007247473252525e-05,12756.69642857143,34951.13074885548,2.663301211213875,2.6342561440427414,5.618206219077156,17.532041084400745,10.047873710399946,15.275049855172247,60.60403050305268
758.906,758.946,USV_968,0.04000000000007731,,,None,,,,,0.012654975987970829,0.019631778492647058,12711.776181190668,15598.729136680788,0.00011508579906549402,28681.985294117647,15350.877383466674,2.376063324635732,7.230963763763377,4.608155756307976,14.611825344985517,10.598483856888134,13.46108877519707,53.72755765541541
762.129,762.186,USV_969,0.05700000000001637,,,None,,,,,0.01186896488070488,0.017822265625,13948.283665221008,16059.843581658102,0.00012771904042065932,29464.84375,18965.33346196434,2.3763123094289713,3.9405882681166697,5.8214033375380865,17.299057412421593,11.358622555481622,14.726340359998318,55.82726013572286
763.657,763.672,USV_970,0.014999999999986358,3.0,1.75,True,763.0648,764.8148,0.592200000000048,-1.157799999999952,0.011800170876085758,0.023162841796875,15614.307362630798,20118.464281900015,0.0004331729278170064,29929.6875,16490.20744771803,2.8998763411694117,8.042303255942423,4.594539650992589,13.720114643023546,10.242997502521321,13.40221924272986,42.473297228126484
763.772,763.88,USV_971,0.10799999999994725,3.0,1.75,True,763.0648,764.8148,0.7072000000000571,-1.0427999999999429,0.009562804363667965,0.023170648619186048,13417.60322447249,14214.575328849001,3.608491535059547e-05,29867.00581395349,18034.259636639294,2.1476845222920873,3.580982661232903,4.693961520573052,15.84530423799901,10.9918541160413,14.820764365035206,59.516947759445
764.295,764.408,USV_972,0.11300000000005639,3.0,1.75,True,763.0648,764.8148,1.230199999999968,-0.519800000000032,0.008503750897943974,0.031212022569444445,14771.204005766696,14519.027604422765,3.598601201455751e-05,30468.75,17551.82262514474,2.7006920689776996,4.938346173200446,4.692178126337034,16.83904143969601,11.199444547602624,14.607001915290857,60.80164829100998
765.813,765.947,USV_973,0.13400000000001455,3.0,1.75,False,763.0648,764.8148,2.748199999999997,0.9981999999999971,0.008865965530276299,0.026007886202830188,15515.52291218386,14322.865731708498,9.946683544361216e-05,30619.103773584906,20525.07681032109,2.754680207764347,3.722901091724966,5.483797942396534,16.908004441044987,11.73471151295274,15.290564950036961,61.12466885728834
766.007,766.06,USV_974,0.05299999999999727,3.0,1.75,False,763.0648,764.8148,2.942199999999957,1.192199999999957,0.009666548110544682,0.0274658203125,15569.461688136276,14721.16070936426,0.00010294223039019118,31529.829545454544,22273.101793643462,1.9949868594650426,6.600854790236522,5.026717161524152,14.997892176062633,11.583130758996626,14.152317574399511,57.36074692047941
770.73,770.795,USV_975,0.06499999999994088,3.0,1.75,False,763.0648,764.8148,7.665200000000027,5.915200000000027,0.011565408669412136,0.01490162037037037,11982.807389096803,14829.117450084692,8.549679684595727e-05,26982.63888888889,16339.740293412018,2.4593437269250775,7.094938724858781,5.150797805417323,16.394895172338817,12.792900990596385,15.479641449906124,57.087935970914884
773.389,773.485,USV_976,0.09600000000000364,3.0,1.75,False,763.0648,764.8148,10.324200000000019,8.574200000000019,0.010727007873356342,0.01665296052631579,13421.159625231334,14701.532220504452,2.264404379477325e-05,30004.934210526317,22265.52865581972,2.1358430394388095,5.432762261435774,6.654400530579631,18.230769079677156,11.645543580299263,14.028819663363873,58.19242643896538
774.124,774.201,USV_977,0.07699999999999818,3.0,1.75,False,763.0648,764.8148,11.059200000000033,9.309200000000033,0.010504168458282948,0.026619203629032258,14014.644292874638,14398.315837042519,0.00019362093345854492,28566.532258064515,16181.84628807351,2.8090828922377074,3.9185862307481574,5.190629685914443,16.094505110644793,9.51737108586611,14.429094097115115,58.09196698312364
774.433,774.541,USV_978,0.10800000000006094,3.0,1.75,False,763.0648,764.8148,11.368200000000002,9.618200000000002,0.017748510465025902,0.029171965843023256,9382.310377460839,10043.336672481566,9.999982705182034e-06,17173.691860465115,15687.084745937918,2.5645559301002083,3.1808216536485614,5.421017510899479,13.275166395169402,12.118287869526483,16.5236247630872,65.88942555684862
774.586,774.614,USV_979,0.02800000000002001,3.0,1.75,False,763.0648,764.8148,11.521200000000022,9.771200000000022,0.012007955461740494,0.026611328125,11656.038292350031,13358.589108840551,8.226477963858032e-05,25211.53846153846,21363.463637677218,2.30956905755056,2.293305875060587,5.168827348920663,15.127237270052799,13.864029040098577,13.761648868965247,56.18633343232946
775.296,775.355,USV_980,0.05899999999996908,3.0,1.75,False,763.0648,764.8148,12.231200000000058,10.481200000000058,0.01017898041754961,0.014322916666666666,13941.483145083243,15725.801399786333,9.949214515899714e-05,30496.09375,24642.35301351776,2.6666109003726537,5.620090164704483,5.886157577855781,18.4952180268353,11.971370887050275,15.745334398503081,58.24407836031937
775.464,775.533,USV_981,0.06899999999995998,3.0,1.75,False,763.0648,764.8148,12.399200000000064,10.649200000000064,0.011162764392793179,0.015093122209821428,13821.058687019782,14679.326374959728,2.9586973502309748e-05,29825.89285714286,21199.868532349257,2.528507201257011,4.672523762992918,5.670461244534366,15.421500682816571,11.770800628156541,14.722804628560853,56.77633968816378
776.304,776.375,USV_982,0.07100000000002638,3.0,1.75,False,763.0648,764.8148,13.239199999999983,11.489199999999983,0.011677848175168037,0.018133755387931036,14676.002514186304,13944.60118280829,2.3762999633576804e-06,30345.905172413793,24113.823206943165,2.696443021299572,5.888728239047871,5.324411941028898,16.144801295231776,12.033466236463262,14.155203321350273,58.5254573759005
776.408,776.436,USV_983,0.02800000000002001,3.0,1.75,False,763.0648,764.8148,13.343200000000024,11.593200000000024,0.010648719035089016,0.013991135817307692,14980.806909970133,18637.42815887214,0.00020197180738222548,30966.346153846152,21668.600685535122,3.4382676851629737,5.2395812933032,4.262982530855338,15.949342992600997,10.4357289412067,15.267985381890165,50.21516320543106
776.552,776.594,USV_984,0.04200000000003001,3.0,1.75,False,763.0648,764.8148,13.48720000000003,11.73720000000003,0.01051432453095913,0.015313042534722222,15515.056930266574,15922.571382456974,0.0001251009666098469,30682.291666666668,25062.18538568938,2.8517349757464383,5.398332726490172,7.209276860082032,14.19196474393373,11.412583326530163,14.888881343279264,55.29644890712871
777.054,777.119,USV_985,0.06500000000005457,3.0,1.75,False,763.0648,764.8148,13.989199999999983,12.239199999999983,0.010716496966779232,0.017695674189814815,14754.531664019478,15510.556626180587,0.00013566635225058804,30732.63888888889,22004.70323182283,2.4249394159852864,4.466735007021474,4.666830106003966,17.1530562485615,11.627758927101812,14.85745227566924,57.2995506100876
777.529,777.559,USV_986,0.029999999999972715,3.0,1.75,False,763.0648,764.8148,14.464200000000005,12.714200000000005,0.010245432145893574,0.024640764508928572,17326.267923621122,17068.99846745823,0.0007012290947285438,32122.76785714286,19848.282840005606,1.8369403976454286,4.680462423423813,5.05190247960418,16.530447701478472,9.554979656305898,14.744179614446754,52.580112516919485
777.608,777.671,USV_987,0.06300000000010186,3.0,1.75,False,763.0648,764.8148,14.543199999999956,12.793199999999956,0.009881465695798397,0.02147498497596154,16426.286296269103,15766.192342033402,0.00032085744419197625,31802.884615384617,21437.439351318197,3.04811631010245,4.635614543129576,5.356873050207435,16.74572891869475,10.837094265747782,14.517828408042956,57.97734925281158
777.76,777.79,USV_988,0.029999999999972715,3.0,1.75,False,763.0648,764.8148,14.6952,12.9452,0.009960497729480267,0.021030970982142856,17504.200145557086,19007.37237855022,0.0007222711031364838,33220.982142857145,20029.00348660926,2.061079244871798,3.4707745265270398,6.9621075399169845,13.399383490249855,11.034758026539098,14.32003596958059,51.212118572368176
777.828,777.859,USV_989,0.031000000000062755,3.0,1.75,False,763.0648,764.8148,14.763199999999983,13.013199999999983,0.006513074040412903,0.020699637276785716,16639.530452608455,17998.81133994214,0.0002870222485641674,32470.98214285714,26873.90670959699,2.1368292646994593,3.572994163517412,5.984109684435949,16.40325613294836,10.390187865535752,15.749767653607092,53.43056120091326
777.93,777.966,USV_990,0.03600000000005821,3.0,1.75,False,763.0648,764.8148,14.865199999999959,13.115199999999959,0.010993679985404015,0.01904296875,16029.435295920437,18498.528711975316,0.00013412256801034959,32138.671875,28583.813346094976,2.5605208954965244,5.849234313944957,7.024994682640304,16.9154498554131,11.092236712378307,14.452121524911066,52.82492013359539
778.082,778.112,USV_991,0.029999999999972715,3.0,1.75,False,763.0648,764.8148,15.017200000000003,13.267200000000003,0.010671325027942657,0.01513671875,13709.764148089127,17201.573734182773,0.00013744102602379808,30147.321428571428,18113.802171187355,1.0199348265326516,5.800150834718964,6.715057456379959,15.684640506045445,9.506144098164194,13.100101492158396,49.92536260154335
778.451,778.46,USV_992,0.009000000000014552,3.0,1.75,False,763.0648,764.8148,15.38620000000003,13.63620000000003,0.010830274783074856,0.005696614583333333,19267.67857199931,23396.35509722319,0.0009183849154452387,33328.125,25679.650204548863,1.9759878829285136,3.8475708210985657,4.62154989921511,9.902797414261498,10.512126053137516,15.691380228451514,36.054981577525744
780.87,780.912,USV_993,0.04200000000003001,3.0,1.75,False,763.0648,764.8148,17.805200000000013,16.055200000000013,0.007969539612531662,0.03370496961805555,16708.07023934742,15850.311722992428,8.433869285688008e-05,32562.5,18790.548315492124,2.4203515210607898,3.402055006976725,6.430884266021689,16.842588668308824,12.887729787618639,12.86903080659407,55.84249915776721
780.975,780.991,USV_994,0.01599999999996271,3.0,1.75,False,763.0648,764.8148,17.91020000000003,16.16020000000003,0.008411159738898277,0.013458251953125,14984.745745138818,17787.8721778229,0.0004554456968687968,31593.75,17967.294931161865,3.358449845890361,5.655222888622283,4.19882970205819,15.909947534668573,10.780717775297758,13.958896896511352,45.069006917695305
781.566,781.605,USV_995,0.03899999999998727,3.0,1.75,False,763.0648,764.8148,18.50120000000004,16.75120000000004,0.00822293572127819,0.026984719669117647,15470.289485516216,17413.926178373513,0.00011434552759552108,31367.647058823528,23662.8174413526,2.354094984068425,3.6236009502677042,5.07576723545623,16.13258108469863,10.47258657636891,14.77251416508213,53.58302656280827
781.733,781.765,USV_996,0.03200000000003911,3.0,1.75,False,763.0648,764.8148,18.668199999999956,16.918199999999956,0.010872268117964268,0.029192243303571428,15257.153692957396,16916.54368886987,0.00021382757245436013,30120.535714285714,22120.16698926342,3.90136096014105,3.738717760361862,5.053896415620413,14.923947813911733,10.54037932827377,14.362522988169607,53.401679685568986
782.23,782.309,USV_997,0.07899999999995089,3.0,1.75,False,763.0648,764.8148,19.165200000000027,17.415200000000027,0.008614304475486279,0.0306549072265625,16425.884330175963,16109.39672426744,0.00024077975559462088,33005.859375,24905.421509056076,2.790488583286548,4.640373405140714,6.023432371994715,15.218704606866638,11.766133997651881,15.19438776450297,58.248306436654524
782.428,782.453,USV_998,0.024999999999977263,3.0,1.75,False,763.0648,764.8148,19.363200000000006,17.613200000000006,0.00684833200648427,0.045125325520833336,18608.98885327326,18371.854967170013,0.0007887209682711782,33554.6875,24593.28189459394,1.948789556957701,2.6387480143464868,4.850416497211146,14.151133094714503,11.994297914933233,14.090371222088164,50.08655717783723
782.527,782.626,USV_999,0.0989999999999327,3.0,1.75,False,763.0648,764.8148,19.462200000000053,17.712200000000053,0.010822583921253681,0.021140074118589744,14199.158103422216,15546.888294751296,0.00014593015732099215,31591.346153846152,25845.833442121653,3.551666284482742,4.6240906528434795,4.451190758889149,17.468708067037227,11.294207768414342,13.910606115350134,58.677946040881
783.562,783.659,USV_1000,0.09699999999997999,3.0,1.75,False,763.0648,764.8148,20.49720000000002,18.74720000000002,0.009592780843377113,0.028645833333333332,15730.139259872198,15843.139748778598,0.00012975613851490118,32216.346153846152,23352.03818902969,2.142130022093435,4.584546401294766,5.619952138613955,18.220064519544216,11.101199310946521,13.483090811754206,58.73220684815242
784.248,784.291,USV_1001,0.043000000000006366,3.0,1.75,False,763.0648,764.8148,21.183200000000056,19.433200000000056,0.008511020801961422,0.024375513980263157,15154.305826654672,15532.030535372654,4.555099121686324e-05,31460.526315789473,25483.0432752511,1.9144469940428435,5.62552125505301,4.435004073079117,17.238670182312816,11.161018414635057,13.929475520682384,55.14773383377264
784.425,784.469,USV_1002,0.044000000000096406,3.0,1.75,False,763.0648,764.8148,21.360199999999963,19.610199999999963,0.007798925042152405,0.02425986842105263,15372.33447541125,15362.52605511095,2.63775320247743e-05,32205.592105263157,25245.651773816917,2.791689799072713,4.873021631495251,5.870092032801404,16.603590512727614,11.899067698924263,14.960188366129401,55.458378760432986
784.802,784.825,USV_1003,0.023000000000024556,3.0,1.75,False,763.0648,764.8148,21.73720000000003,19.98720000000003,0.010628384537994862,0.01873224431818182,15487.290553009296,19594.59942063125,0.0003472257290103643,31909.090909090908,16614.74913820358,2.1697928946786393,4.3791105458792075,3.9019012850177046,14.04178215706538,9.775342604086566,13.644918261432506,47.32572836315512
785.627,785.646,USV_1004,0.019000000000005457,3.0,1.75,False,763.0648,764.8148,22.56219999999996,20.81219999999996,0.012378680519759655,0.0163818359375,15815.579158752482,21827.353330670387,0.000749082132526435,32353.125,19377.836297795573,2.841732899713859,6.746411813176158,6.456703764954606,13.266783499828051,8.748348624269077,13.482281593031122,44.35890193355203
786.054,786.122,USV_1005,0.06799999999998363,3.0,1.75,False,763.0648,764.8148,22.989199999999983,21.239199999999983,0.009938053786754608,0.036342075892857144,15931.045851378482,15470.302259488151,0.00011892182461781596,29574.776785714286,23553.686605206403,2.569645072846868,2.97456904374384,4.578149939527319,16.262286735748823,10.854710350048077,15.716281652486538,59.67649319447181
786.426,786.457,USV_1006,0.03099999999994907,3.0,1.75,False,763.0648,764.8148,23.361200000000053,21.611200000000053,0.009601578116416931,0.0172119140625,15568.0901704341,16224.102209805056,0.00015956152206611577,30549.10714285714,24124.557164543217,2.165215782949975,3.6045135878642114,4.546437456092886,15.263048009050198,11.975841176560625,14.705931099702514,53.65185406337342
786.512,786.549,USV_1007,0.03700000000003456,3.0,1.75,False,763.0648,764.8148,23.447199999999953,21.697199999999953,0.011033755727112293,0.017852783203125,13420.437522996464,14776.566269728948,3.7850254635101956e-05,29460.9375,23100.48886918363,2.8135140750569008,4.546731052305525,6.670231407451581,18.714114893089285,11.467083743207455,13.656927105563053,56.12303045406289
786.625,786.663,USV_1008,0.038000000000010914,3.0,1.75,False,763.0648,764.8148,23.56020000000001,21.81020000000001,0.012277732603251934,0.011804917279411764,13231.545280645878,17787.21198989499,0.00021631995833885654,30154.41176470588,27706.331032790422,1.8697607249915549,4.958110054646319,5.914453620821521,18.303151041525588,9.007768157881186,14.512258416661993,51.94856433946978
788.773,788.841,USV_1009,0.06799999999998363,3.0,1.75,False,763.0648,764.8148,25.708200000000033,23.958200000000033,0.010433265939354897,0.03428431919642857,15655.485198767341,15058.588539514487,8.327691270479654e-05,28948.660714285714,21104.873164487828,3.310508313064737,4.154998597132262,5.65479764824845,17.314427048495258,11.815362352645792,14.894695372871654,59.84000660025315
788.902,788.954,USV_1010,0.05199999999990723,3.0,1.75,False,763.0648,764.8148,25.837200000000053,24.087200000000053,0.010912705212831497,0.022549715909090908,15694.307035779882,16220.78758173806,0.00016901777486668464,29471.590909090908,16377.30446639777,2.5389534987106868,4.305734576249229,5.366667634541749,15.03525464376162,11.718811221118766,14.06487259423312,57.365607063312
790.768,790.827,USV_1011,0.05899999999996908,3.0,1.75,False,763.0648,764.8148,27.703200000000038,25.953200000000038,0.010350730270147324,0.019927978515625,14579.037822794266,14668.45825813984,3.1700161530153644e-05,29488.28125,18062.617721048937,2.1960006011177424,4.5765099650929875,4.895442622980144,16.437566071021266,13.525932330989951,14.992931703181364,59.07960577024917
793.566,793.666,USV_1012,0.10000000000002274,3.0,1.75,False,763.0648,764.8148,30.50120000000004,28.75120000000004,0.010080725885927677,0.03369140625,15066.04862983374,14009.670163542707,0.00011099083200482047,29167.96875,16415.513925766765,2.3322895111757935,3.9900132417374605,5.200727585979143,17.23357828560595,11.174436924493493,16.146349314006006,61.03923678440951
795.105,795.166,USV_1013,0.06100000000003547,3.0,1.75,False,763.0648,764.8148,32.04020000000003,30.290200000000027,0.008387685753405094,0.043046875,17190.687693115317,15987.893613671882,0.0011069985395143814,31395.0,22157.80279809674,2.1803000635109195,3.9193507473356703,6.025041747736663,16.557644949103306,10.937837130706837,14.14044802033526,60.50042167701402
799.557,799.595,USV_1014,0.038000000000010914,3.0,1.75,False,763.0648,764.8148,36.492200000000025,34.742200000000025,0.012814199551939964,0.01589786305147059,14041.054692259831,17587.171806183804,0.00024044743124186884,29751.83823529412,18747.268041903033,2.6843991295383165,4.960859202040091,6.983319430610157,16.850103215722058,9.843915649203531,14.666275023434032,51.95085388407277
800.037,800.053,USV_1015,0.01599999999996271,3.0,1.75,False,763.0648,764.8148,36.97220000000004,35.22220000000004,0.009362899698317051,0.01483154296875,17212.24388463008,21416.013578021422,0.0005313086771270549,33679.6875,17095.89962425361,2.5378631400569347,3.6337924861238005,4.813929378025312,14.342596879789294,9.503123288299633,14.783438462856722,44.44915109396165
800.494,800.507,USV_1016,0.012999999999919964,3.0,1.75,False,763.0648,764.8148,37.42920000000004,35.67920000000004,0.012607023119926453,0.005196707589285714,13973.752651881836,20332.016035450815,0.0001592602990495332,30321.428571428572,27377.94554420085,2.03709906289118,2.8872116395077336,4.279422388939908,14.926972620949186,10.08390984865853,13.67797344985316,40.40216136218693
800.718,800.786,USV_1017,0.06799999999998363,3.0,1.75,False,763.0648,764.8148,37.65319999999997,35.90319999999997,0.01470144558697939,0.023289271763392856,15655.439185077414,15575.880634273079,0.00014311580683841758,30746.651785714286,23047.342111624806,2.245742834916761,4.315223505436857,4.833085065539723,15.116262974543622,10.970258137125539,16.269435275841495,57.95695346264909
800.92,800.955,USV_1018,0.035000000000081855,3.0,1.75,False,763.0648,764.8148,37.85519999999997,36.10519999999997,0.010794322937726974,0.015655517578125,15512.906678514755,18579.242277751375,0.00038680357554816166,31218.75,16003.534897342746,2.4569594664215124,3.6348572602799196,6.045737841996483,14.582648861787332,10.004847965296555,14.355163882354514,53.004109311268195
801.001,801.138,USV_1019,0.1370000000000573,3.0,1.75,False,763.0648,764.8148,37.936199999999985,36.186199999999985,0.0799419954419136,0.010796440972222222,7432.188409703713,10656.118732049408,4.302655352451561e-05,17315.972222222223,18373.670097300146,4.492401804681356,2.4555146492126285,5.752094255920672,17.270654205204544,10.24945419338777,16.087486282044193,54.73017756846019
801.925,801.972,USV_1020,0.047000000000025466,3.0,1.75,False,763.0648,764.8148,38.86019999999996,37.11019999999996,0.008519887924194336,0.03140869140625,17566.837043412837,16405.0490164194,0.00013605589821870707,32400.0,24307.039826177985,2.9549162509785254,3.83450399752122,5.23337915757634,15.089453357521501,10.086284205835359,15.194190415412024,56.68461875079063
803.639,803.667,USV_1021,0.02800000000002001,3.0,1.75,False,763.0648,764.8148,40.57420000000002,38.82420000000002,0.011583080515265465,0.01806640625,15419.813244861038,16318.145698671975,0.0001878967305701191,31846.153846153848,23410.768343552383,1.245904914199343,6.294705361139681,5.122349507502439,16.20406049067947,11.134575539105574,15.915217075552318,49.928845848007434
804.892,804.932,USV_1022,0.03999999999996362,3.0,1.75,False,763.0648,764.8148,41.82720000000006,40.07720000000006,0.011243069544434547,0.012408088235294117,12456.49619094485,14626.466601571876,4.88576838969281e-05,26994.485294117647,17197.798641026955,2.572055062651627,4.565643362887973,5.212091129454648,16.045554515301596,11.74822664001581,14.155697655771425,55.40286189489069
805.101,805.126,USV_1023,0.024999999999977263,3.0,1.75,False,763.0648,764.8148,42.03620000000001,40.28620000000001,0.006316747982054949,0.032267252604166664,17688.424631942802,18107.17163822587,0.0004935893419727005,32414.0625,21826.587245629606,2.8287278831770593,2.5853505224907045,4.053372869577234,13.536374877117327,12.066512945203158,14.15117154753902,51.82859603977173
806.173,806.191,USV_1024,0.018000000000029104,3.0,1.75,False,763.0648,764.8148,43.10820000000001,41.35820000000001,0.012345753610134125,0.018256293402777776,15842.136957938734,19037.343614421537,0.00039649138870153565,30843.75,25415.458499412736,0.8065594948285626,2.792006765335416,5.118262382703376,14.617104851260905,11.819411073573656,18.045813451602296,45.94394346860401
806.352,806.454,USV_1025,0.10199999999997544,3.0,1.75,False,763.0648,764.8148,43.287199999999984,41.537199999999984,0.010005512274801731,0.03021389100609756,14847.30815464334,14431.156873028169,0.00010480769857883863,29323.170731707316,15886.58235211026,2.749728350053842,4.8598230928465185,4.91432143425147,16.87071136266943,11.552495566239427,15.20111030037648,60.47825195073305
806.562,806.617,USV_1026,0.05499999999994998,3.0,1.75,False,763.0648,764.8148,43.49720000000002,41.74720000000002,0.009688034653663635,0.022705078125,13833.726199942044,15068.853677965248,7.03353995583868e-05,29726.902173913044,22516.109247290668,1.9947636970872096,5.463521997675271,5.036644772268752,16.681310994287863,10.752744858762638,17.792210796876134,56.150604609336014
806.692,806.799,USV_1027,0.1069999999999709,3.0,1.75,False,763.0648,764.8148,43.627200000000016,41.877200000000016,0.010691353119909763,0.020815894717261904,14239.280273520335,14657.312952297701,4.769476106329303e-05,29479.910714285714,21170.34894905533,2.1005295978686185,5.978911328993906,6.250208011840522,15.865474253295693,10.98332876440632,14.97256379908761,60.03150368060226
806.864,806.917,USV_1028,0.05299999999999727,3.0,1.75,False,763.0648,764.8148,43.79920000000004,42.04920000000004,0.009954061359167099,0.01813299005681818,13419.022205823181,15311.304924085154,3.725166547538291e-05,30379.261363636364,26950.19304746444,2.466501340130968,4.821698922058793,5.589975524257564,16.936674250056754,11.960630270298367,14.651214895521802,54.657973825160234
806.993,807.061,USV_1029,0.06799999999998363,3.0,1.75,False,763.0648,764.8148,43.92820000000006,42.17820000000006,0.011684924364089966,0.029209681919642856,15327.309788692275,14930.773387868898,0.00012436102482719515,29494.41964285714,23052.962836828432,2.3964906991491675,5.119566206597221,5.1041987205466155,18.608348201283743,10.482423706009945,16.783401856817715,59.6061569921179
807.414,807.454,USV_1030,0.03999999999996362,3.0,1.75,False,763.0648,764.8148,44.349199999999996,42.599199999999996,0.012138396501541138,0.02102481617647059,17447.098542178235,15000.711457195028,0.0001432758618945787,31808.823529411766,24734.92743858462,2.463170816616541,7.507152960047063,4.913363166265827,15.544750304995977,12.899364866984627,15.130567272706665,56.77150253572697
807.733,807.782,USV_1031,0.04900000000009186,3.0,1.75,False,763.0648,764.8148,44.668199999999956,42.918199999999956,0.011030865833163261,0.015834263392857144,14373.984664792782,16124.097470592116,0.0001750288217954078,31156.25,24009.626236147204,1.3746247257095963,5.667909505503675,4.565167618063252,16.43787684298667,10.650997157550362,13.393170522176252,55.54989054243484
808.067,808.101,USV_1032,0.033999999999991815,3.0,1.75,False,763.0648,764.8148,45.002200000000016,43.252200000000016,0.010206335224211216,0.017350260416666666,15936.665124432098,15690.65323554059,0.00010656610547423893,31137.5,24722.626375356467,2.11459681002797,3.6710546959999935,6.733317534793297,18.66438265928162,11.30955033196352,14.163893292406238,54.85850867070492
809.241,809.307,USV_1033,0.06600000000003092,3.0,1.75,False,763.0648,764.8148,46.176199999999994,44.426199999999994,0.00855108629912138,0.040210865162037035,16517.69541159838,14632.748451149833,5.629156362115857e-05,29916.666666666668,14769.230769230768,1.8654861554503013,4.783145303679338,4.915709816186313,16.24209216736935,12.774156748072889,15.412439788066685,60.1773094557708
809.339,809.447,USV_1034,0.10799999999994725,3.0,1.75,False,763.0648,764.8148,46.274200000000064,44.524200000000064,0.009588914923369884,0.02535655886627907,14580.722906381101,14411.497235456536,0.000138867403282464,29140.988372093023,15041.577691388731,2.4882979840838573,3.945989076966238,5.483019570985853,18.254611098407544,11.493568950299343,16.054225672452247,61.04208843095924
810.694,810.771,USV_1035,0.07699999999999818,3.0,1.75,False,763.0648,764.8148,47.62919999999997,45.87919999999997,0.010889551602303982,0.020271547379032258,13799.031897214316,14951.13781924627,3.314044657868816e-05,30480.84677419355,20730.983004981135,3.0902196762298373,4.880567375888487,6.088501667671377,16.53427051051607,11.118079489213667,16.18892040721317,56.35732183256416
810.852,810.9,USV_1036,0.04800000000000182,3.0,1.75,False,763.0648,764.8148,47.787199999999984,46.037199999999984,0.011253966949880123,0.01212158203125,14431.776889938346,14926.03984771389,1.8529705283132255e-05,30787.5,20995.126819069206,3.616803593610343,5.321807048745396,5.591144669012343,17.680236396431717,11.312705656710463,15.140158287593795,57.19103139073409
810.929,811.017,USV_1037,0.08800000000007913,3.0,1.75,False,763.0648,764.8148,47.86419999999998,46.11419999999998,0.011475014500319958,0.026290457589285714,13778.491386009478,15652.991826126838,5.465577846870616e-05,31060.714285714286,25566.937465249783,2.459598330127499,4.051028772650153,5.070252262570364,16.4485631834696,11.178233885361777,14.304459617158095,56.65366800905596
812.114,812.182,USV_1038,0.06799999999998363,3.0,1.75,False,763.0648,764.8148,49.04920000000004,47.29920000000004,0.010647127404808998,0.027003696986607144,15573.997033439475,14378.589984055838,7.495716980775059e-05,28925.223214285714,22179.585049098754,2.0697948814756533,5.259361738979206,6.818580112402755,17.325692799595497,10.910926833747913,15.04535696696142,59.13170234745804
812.398,812.475,USV_1039,0.07699999999999818,3.0,1.75,False,763.0648,764.8148,49.33320000000003,47.58320000000003,0.009214903227984905,0.021823021673387098,14505.449572429932,14321.87740058813,2.73097165612129e-05,30027.217741935485,17429.307010588025,2.1677245228894826,5.706155784147727,5.044455985977912,15.839900983810839,11.79732634246373,14.582685343758857,58.3594900118024
814.508,814.651,USV_1040,0.14299999999991542,3.0,1.75,False,763.0648,764.8148,51.44320000000005,49.69320000000005,0.01024453341960907,0.029558454241071428,14114.855192435662,13184.617095418977,3.194764712155514e-05,28439.73214285714,19469.007921124827,2.4926958394865477,4.396529660588224,6.128905841169927,17.40057894038092,11.875227237352748,14.126291655426872,60.872793174737744
817.666,817.723,USV_1041,0.056999999999902684,3.0,1.75,False,763.0648,764.8148,54.60120000000006,52.85120000000006,0.01269293949007988,0.011484781901041666,13403.518453997523,16154.860110988748,0.00044614452078518195,30339.84375,26815.738725975574,2.781794546837508,6.179325669110959,5.254290832872134,15.840091024830164,11.840886001570672,14.232743973978444,54.373542110904204
817.856,817.881,USV_1042,0.024999999999977263,3.0,1.75,False,763.0648,764.8148,54.7912,53.0412,0.008494584821164608,0.027018229166666668,16245.673339767498,18693.06966021731,0.0009079730882483704,32054.6875,24258.36760333038,1.8025124615391708,3.6976154109302333,5.5488255513484575,19.178940377696723,10.117465480608187,13.623425232971504,49.036322274526206
819.845,819.904,USV_1043,0.05899999999996908,3.0,1.75,False,763.0648,764.8148,56.780200000000036,55.030200000000036,0.0077199614606797695,0.026967366536458332,15415.96766382377,16009.309255781505,3.7898783296633165e-05,32140.625,20690.084345927327,2.7333726657549597,5.393403393913661,4.485782026661693,16.74582180461631,12.485736141500668,15.097760848266581,57.03323421192647
820.33,820.353,USV_1044,0.02299999999991087,3.0,1.75,False,763.0648,764.8148,57.26520000000005,55.51520000000005,0.007549693807959557,0.039018110795454544,19565.622463514588,16939.081606564312,0.00017363000470201168,33758.52272727273,28124.87872105595,1.768724524614475,5.170472824826756,5.54452820747424,16.584632026092407,10.080896675542489,14.644404857320739,51.28421657897471
820.387,820.419,USV_1045,0.03200000000003911,3.0,1.75,False,763.0648,764.8148,57.32219999999995,55.57219999999995,0.012091311626136303,0.019688197544642856,17208.466262832306,18287.742693992386,0.00015763829115450365,34667.41071428572,30832.143764429296,2.275852104651714,7.003539900397657,5.482515063781841,13.37384856667538,10.17562171520638,12.915674680110588,51.095130460169706
821.308,821.331,USV_1046,0.023000000000024556,3.0,1.75,False,763.0648,764.8148,58.2432,56.4932,0.01043790951371193,0.01358309659090909,15734.81968612792,18578.22143197765,0.00017384282570937927,31073.863636363636,25700.10122252449,1.4075783401057675,3.4328865573019574,5.143448405475218,15.655035844474703,12.901852950203532,14.371581511670838,47.3206526694587
821.423,821.431,USV_1047,0.008000000000038199,3.0,1.75,False,763.0648,764.8148,58.35820000000001,56.60820000000001,0.005770218558609486,0.0328125,17260.533526060415,15875.864827260742,8.084560407388089e-05,32606.25,25166.664827424982,1.8234231614065586,3.687158185636946,4.51635955393029,16.442081559199742,12.05233103570029,13.73987915794054,46.00778590168054
821.778,821.801,USV_1048,0.023000000000024556,3.0,1.75,False,763.0648,764.8148,58.71320000000003,56.96320000000003,0.008594103157520294,0.02741033380681818,18277.571159138068,16991.888973953915,5.9526017119358955e-05,34568.181818181816,30907.803846720708,2.2462485591719576,3.6806301370971912,5.137522138045177,12.693622907734039,10.660317947807894,14.720814019019615,52.10831995921407
822.136,822.165,USV_1049,0.028999999999996362,3.0,1.75,False,763.0648,764.8148,59.071199999999976,57.321199999999976,0.010906944051384926,0.022874098557692308,17366.669362786884,17737.571430316795,0.00019773421227916574,33165.86538461538,28089.114327464064,2.687229591568296,3.113125347803421,5.8726646726132365,15.092887817129222,10.603780194799015,14.865336349045776,51.99600393645156
822.311,822.335,USV_1050,0.02400000000000091,3.0,1.75,False,763.0648,764.8148,59.246200000000044,57.496200000000044,0.006057714112102985,0.06119051846590909,21360.157396541428,16394.316033913463,0.0005584236654190522,34977.27272727273,28784.46188976295,2.196734138312597,2.619548077923745,4.347877988020675,16.948189757007476,10.5632476634159,15.686436653540541,53.763353833777565
824.142,824.177,USV_1051,0.03499999999996817,3.0,1.75,False,763.0648,764.8148,61.07720000000006,59.32720000000006,0.007931782864034176,0.025423177083333335,17179.258661388314,17315.32596005846,0.0004607005945662632,33725.0,28827.52048367086,3.181805343036842,5.998291041162285,4.948618351476091,14.553380824126434,10.576293935353899,16.00285792620092,55.18288275403757
824.411,824.456,USV_1052,0.04500000000007276,3.0,1.75,False,763.0648,764.8148,61.34619999999995,59.59619999999995,0.010309705510735512,0.026598478618421052,16868.271918815455,15432.785703607387,0.0003788863700153138,31524.67105263158,21374.428155632948,2.184522112557856,5.4938144132036095,4.731205565759238,16.95811371120167,11.422008550919509,14.087405865840026,56.2401850219405
824.711,824.741,USV_1053,0.029999999999972715,3.0,1.75,False,763.0648,764.8148,61.64620000000002,59.89620000000002,0.006841667462140322,0.04157366071428571,18976.235211726267,19006.1071458616,0.000556055110512586,34426.33928571428,27453.069482791896,4.880125021964257,2.2687142593638026,6.305738505485804,14.357502755454322,10.293528369493988,12.111245513540087,51.85926244219106
825.325,825.35,USV_1054,0.024999999999977263,3.0,1.75,False,763.0648,764.8148,62.260200000000054,60.510200000000054,0.007003751117736101,0.0286865234375,19450.39661503843,21194.012001930583,0.0007963574814013162,35851.5625,29120.085624175787,2.193236851899538,1.7959762102565378,4.270565515231218,12.375926552621562,10.884936049498009,14.186791083946597,49.625864468931105
825.627,825.641,USV_1055,0.014000000000010004,3.0,1.75,False,763.0648,764.8148,62.56219999999996,60.81219999999996,0.008220250718295574,0.0107421875,18116.889895646113,24242.150931287208,0.0005016939253093022,34781.25,27463.974234983805,2.29980300941297,3.6183111733007145,4.8792358328107195,14.172257973353986,7.313118532451247,13.229702455781009,41.193346174398954
826.748,826.816,USV_1056,0.06799999999998363,3.0,1.75,False,763.0648,764.8148,63.683200000000056,61.933200000000056,0.011422074399888515,0.015066964285714286,14951.576793412301,16052.208262973772,4.273759396820196e-05,32045.758928571428,26477.824005144947,3.7827220618460977,5.803883823544353,4.76859210303311,14.949483388368071,11.712097907386234,14.21696984920914,57.04823522246606
826.916,826.974,USV_1057,0.057999999999992724,3.0,1.75,False,763.0648,764.8148,63.85120000000006,62.10120000000006,0.009846078231930733,0.018218994140625,15522.915767570768,17266.133562232844,0.00014887372250067238,33437.5,20903.804896934158,2.402159981440112,5.330874549865707,4.942663122409603,16.26293980849877,12.794572431290007,14.975290920425516,56.106568556122916
827.627,827.663,USV_1058,0.03600000000005821,3.0,1.75,False,763.0648,764.8148,64.56219999999996,62.81219999999996,0.011610682122409344,0.0279083251953125,15954.482548840168,18465.759896095922,0.00014887261166715847,32917.96875,29385.828210972646,2.595150351838319,5.013449600615779,4.995624088680915,14.703138764825699,10.576424324997017,14.798664216339855,51.12958910950485
828.234,828.267,USV_1059,0.03300000000001546,3.0,1.75,False,763.0648,764.8148,65.16920000000005,63.419200000000046,0.006727791856974363,0.022998046875,17474.112608577183,17589.20352562328,0.0002501522733131194,33200.0,26574.87074252855,3.19316116388822,4.6358482353978205,4.65258982217838,13.769045821236983,12.702122684082228,15.086751538019794,54.57404427279381
828.494,828.52,USV_1060,0.025999999999953616,3.0,1.75,False,763.0648,764.8148,65.42920000000004,63.67920000000004,0.010888411663472652,0.01641845703125,16199.816479067724,18442.320213828363,0.00028901052588589155,32437.5,24578.119554796504,2.2858802513587237,5.5394722870040765,5.397833207059424,14.337689894324138,9.41990708263637,14.096955844734994,50.11481974787615
829.959,830.001,USV_1061,0.04200000000003001,3.0,1.75,False,763.0648,764.8148,66.89419999999996,65.14419999999996,0.007962256669998169,0.03553602430555555,17097.338194890282,16688.58590239893,0.00027576129813825,33119.791666666664,27958.826679691854,2.0585824228061163,6.840159520902094,6.025756740364482,17.681640434590534,11.075280925800346,14.060010059365009,54.48885928603682
830.272,830.296,USV_1062,0.02400000000000091,3.0,1.75,False,763.0648,764.8148,67.20720000000006,65.45720000000006,0.010998795740306377,0.025346235795454544,14629.453018401757,17956.458593025996,0.00011005238097781862,29923.295454545456,19867.63588097088,2.2925546908366248,5.2951703092631,4.478501873143379,14.248063102756397,10.09089960455192,14.664380179904576,50.07525385397616
830.812,830.853,USV_1063,0.04099999999993997,3.0,1.75,False,763.0648,764.8148,67.74720000000002,65.99720000000002,0.008940810337662697,0.020155164930555556,16072.08844323149,18602.665534899643,0.0005681367047645992,32687.5,25082.19001143427,2.239395760809881,5.785873240527165,5.684508551570594,14.06056080191686,14.095107785865883,14.24540385561071,52.7958937690115
831.058,831.066,USV_1064,0.008000000000038199,3.0,1.75,False,763.0648,764.8148,67.9932,66.2432,0.007955367676913738,0.043359375,18304.84822516265,20461.599994179767,0.0002632860218719342,34218.75,24959.71322783721,1.249394016280418,4.07411501484758,6.391814024903842,11.952399884177806,7.812418866222062,13.823172412766132,36.54964652168685
831.124,831.171,USV_1065,0.047000000000025466,3.0,1.75,False,763.0648,764.8148,68.05920000000003,66.30920000000003,0.010405580513179302,0.0176025390625,14584.597373994544,16800.610082094707,6.211011621390863e-05,31645.3125,25742.3059204558,2.32689297876714,5.421392744745641,4.5962031194405215,15.901663742809166,12.493875068408498,14.425236415143877,54.735924287828105
833.173,833.231,USV_1066,0.057999999999992724,3.0,1.75,False,763.0648,764.8148,70.10820000000001,68.35820000000001,0.008222664706408978,0.02032470703125,15859.001223579287,16743.837921763537,0.0003375138374815798,31750.0,23437.094698307057,1.8026055660617972,4.070219827960759,5.476492154457323,16.881436394279195,12.545731035438896,14.80179456498684,57.10147505708195
833.406,833.426,USV_1067,0.020000000000095497,3.0,1.75,False,763.0648,764.8148,70.34119999999996,68.59119999999996,0.007342738099396229,0.0431884765625,18728.76433655002,18652.1603735917,0.0006602223038896475,33421.875,24531.325915471178,2.961397229010119,4.946033353894233,4.308719566768042,16.14928173288366,10.818908438073809,13.20916068629094,47.98495126486315
833.627,833.64,USV_1068,0.013000000000033651,3.0,1.75,False,763.0648,764.8148,70.56219999999996,68.81219999999996,0.013894439674913883,0.025076729910714284,15234.962128892761,16495.909885790134,0.0001350735148523466,30830.35714285714,26006.41606023083,1.8053433763250573,6.534352007694985,5.059633343789402,15.966278713912272,13.510099846216628,13.107481199961082,43.91309830019539
834.311,834.341,USV_1069,0.029999999999972715,3.0,1.75,False,763.0648,764.8148,71.24620000000004,69.49620000000004,0.008388549089431763,0.03142438616071429,16484.227383757163,17863.30559318927,0.0002753925110586939,31908.48214285714,24307.2271238946,2.4426865945757803,2.6969129132913374,4.87340400666992,16.18512841919082,11.298607574746622,16.449245781195753,52.0612692451352
835.43,835.508,USV_1070,0.07800000000008822,3.0,1.75,False,763.0648,764.8148,72.36519999999996,70.61519999999996,0.009144000709056854,0.02539825439453125,15975.396011402681,16416.078665718138,0.0001473499753976136,32393.5546875,23336.54013529193,2.8556133950952445,3.2920767186546556,5.812928174817634,15.194995326136148,11.52123249993058,13.57935506338874,57.56130760907497
835.703,835.734,USV_1071,0.031000000000062755,3.0,1.75,False,763.0648,764.8148,72.63819999999998,70.88819999999998,0.008701465092599392,0.0263671875,17764.98807950498,15577.069425550726,0.00017830477955899237,33180.80357142857,23906.042125819076,2.275945849913177,4.286943541717075,4.946111224454365,14.210496719748987,11.306730015824398,15.614200381683096,53.99191618101681
835.853,835.891,USV_1072,0.038000000000010914,3.0,1.75,False,763.0648,764.8148,72.78819999999996,71.03819999999996,0.009622232057154179,0.016974954044117647,15678.505110182457,17952.4595534266,0.0006976922452825605,32128.676470588234,18340.466788512524,1.7803980915714734,4.66530120270857,7.070325034849865,15.785283804770101,10.728378123331147,14.052938071311061,52.59059184800452
837.675,837.687,USV_1073,0.012000000000057298,3.0,1.75,False,763.0648,764.8148,74.61019999999996,72.86019999999996,0.007829077541828156,0.027273995535714284,19536.188079862415,22411.189405425142,0.0008587676597199672,34299.107142857145,24859.312561205934,1.0278101629258893,5.357794659711031,6.262840595222897,14.924738067362139,9.483537192857957,14.009904071686135,40.85099779952618
838.132,838.224,USV_1074,0.09200000000009823,3.0,1.75,False,763.0648,764.8148,75.06719999999996,73.31719999999996,0.007918174378573895,0.03598764780405406,17323.25277394974,15408.39455509128,0.0001689084575669385,33334.45945945946,28041.40934884939,2.467145884404598,3.8804272485102542,5.8600622293474816,17.848865428962892,11.475078503608215,14.485837878545592,59.69729226827355
838.59,838.727,USV_1075,0.1369999999999436,3.0,1.75,False,763.0648,764.8148,75.52520000000004,73.77520000000004,0.010695711709558964,0.030969690393518517,16258.012957402669,15509.382158902123,8.442633034894572e-05,32687.5,26592.549615316955,2.270562098712487,6.979035522211838,5.517221749344735,16.462139416156834,11.945466469515633,15.16403658855207,60.11847911806058
839.033,839.077,USV_1076,0.04399999999998272,3.0,1.75,False,763.0648,764.8148,75.96820000000002,74.21820000000002,0.007402495946735144,0.041966488486842105,18494.702087737587,16722.99864710645,0.00023103597897672142,34574.01315789474,28993.83454441898,1.9326762340138988,2.670385183876121,6.77729976058713,19.059857776906302,11.283850265551923,15.31125078176146,56.41309131150564
839.593,839.671,USV_1077,0.07800000000008822,3.0,1.75,False,763.0648,764.8148,76.52819999999997,74.77819999999997,0.01077619381248951,0.02530670166015625,16739.762413698183,17105.083659179516,0.00013419882751827708,33483.3984375,27690.113609142827,2.4479954809638818,5.065692231417877,5.074482105032429,15.248407572358353,10.503278025878021,14.852951641132707,57.47566907125517
840.259,840.314,USV_1078,0.05499999999994998,3.0,1.75,False,763.0648,764.8148,77.19420000000002,75.44420000000002,0.010072095319628716,0.03437075407608696,18384.681206961093,16511.81468606787,0.00010547429754688738,34059.782608695656,29252.35876077649,2.8089674234155795,5.394443732849419,5.597841090641266,16.006630820589198,11.432690895082398,14.27252684943067,56.301378823147616
840.349,840.362,USV_1079,0.012999999999919964,3.0,1.75,False,763.0648,764.8148,77.28420000000006,75.53420000000006,0.005726508796215057,0.04436383928571429,22065.639088954045,21170.840223816373,0.0023348479640731487,36187.5,27972.143877569404,3.473250270916902,4.464289249192993,3.82538543931862,11.19257971703664,10.031020711695248,14.069105654254503,43.44224881513737
840.419,840.503,USV_1080,0.08400000000006003,3.0,1.75,False,763.0648,764.8148,77.35419999999999,75.60419999999999,0.00831981934607029,0.04800953584558824,18705.898687065754,16458.174165637203,0.0001974846629585663,34784.007352941175,29553.749704078153,2.7862571986989453,6.094849871492876,6.070974128950051,17.3477213073634,10.419454871357072,14.102722652375158,58.37235456086844
840.534,840.542,USV_1081,0.008000000000038199,3.0,1.75,False,763.0648,764.8148,77.4692,75.7192,0.01063306163996458,0.001953125,16668.974066936105,23147.22108228619,0.0002653281582512046,32662.5,28026.105380410816,2.2004006001731184,6.408849377101521,4.536547802448123,9.679935766226526,7.414695972046866,12.47441009386136,33.47876525889241
840.6,840.68,USV_1082,0.07999999999992724,3.0,1.75,False,763.0648,764.8148,77.53520000000003,75.78520000000003,0.009546558372676373,0.03509521484375,17732.7914077026,14843.56480154798,4.835213077895369e-06,33911.1328125,29355.553422679463,2.8067690613101663,5.720244689946678,5.651076820189395,16.871674051532345,11.316367205198567,15.181121444188832,59.19364120585867
840.725,840.859,USV_1083,0.13400000000001455,3.0,1.75,False,763.0648,764.8148,77.66020000000003,75.91020000000003,0.010451575741171837,0.03036556603773585,17306.573651408784,15580.804881593003,0.0001833011147012086,33323.70283018868,28237.09464717785,2.679966941991552,4.471527589176996,5.6342723111635635,17.57781668235588,11.322344463566306,15.185318700176584,60.262817609119
840.896,840.909,USV_1084,0.013000000000033651,3.0,1.75,False,763.0648,764.8148,77.83119999999997,76.08119999999997,0.009083961136639118,0.014578683035714286,17242.77936127459,21287.62139813692,0.0003432517390882141,32665.178571428572,26311.49101680711,4.047492351555527,6.029795116333384,3.6125273334271593,15.467098894653658,9.440723915105176,15.208219648119414,41.52922179022382
841.005,841.083,USV_1085,0.07799999999997453,3.0,1.75,False,763.0648,764.8148,77.9402,76.1902,0.009637739509344101,0.0243377685546875,15724.718934053948,15121.921740584163,2.177189518435134e-05,32537.109375,29014.15358190758,2.251475676526277,5.489861458857624,5.328092616142076,16.766364912358878,11.381010492283249,15.350823118620863,58.54149499294246
841.134,841.214,USV_1086,0.08000000000004093,3.0,1.75,False,763.0648,764.8148,78.06920000000002,76.31920000000002,0.009917068295180798,0.03524017333984375,18051.762302431238,16128.522075746778,6.140293378690859e-05,34207.03125,29259.51434714874,2.512126075933758,4.902000724195078,5.954836398092105,17.212664522654183,12.277296145195407,15.41557539551081,58.98585085478535
841.995,842.071,USV_1087,0.07600000000002183,3.0,1.75,False,763.0648,764.8148,78.93020000000001,77.18020000000001,0.010378502309322357,0.030367943548387098,17935.427408919626,16152.44438798908,0.00017783953124766189,33970.76612903226,26586.861098295572,4.0416110891287795,6.336016083244014,5.871605626262143,14.200331703526514,12.189722695415192,14.750629477438032,58.01373747230238
842.158,842.223,USV_1088,0.06499999999994088,3.0,1.75,False,763.0648,764.8148,79.09320000000002,77.34320000000002,0.009936620481312275,0.020263671875,16861.976236757924,16347.750312961067,0.00015232014144302258,33684.02777777778,26789.768329481252,2.8485106811707,3.8259357519748565,5.418961401383734,16.10723088004808,12.324594429387812,14.111317585598181,56.85727280410761
842.338,842.429,USV_1089,0.09100000000000819,3.0,1.75,False,763.0648,764.8148,79.27319999999997,77.52319999999997,0.008983027189970016,0.04147091427364865,18421.823654479653,15800.178432085633,0.0001230560578517093,34056.58783783784,28402.171524298214,2.671650534058373,4.011944180839596,5.60264281389527,15.391308310763332,11.882907731217587,14.803418563953777,60.159691355186375
843.174,843.261,USV_1090,0.08699999999998909,3.0,1.75,False,763.0648,764.8148,80.10919999999999,78.35919999999999,0.009864631108939648,0.03359375,17262.567070372625,15566.634963655928,6.846769611894094e-05,33578.57142857143,27611.71262309043,2.0977637410485848,5.543151152946037,5.824963564152918,17.20149633695996,12.296709250723534,14.402067096617774,59.1375957757023
843.351,843.434,USV_1091,0.08299999999996999,3.0,1.75,False,763.0648,764.8148,80.28620000000001,78.53620000000001,0.011029587127268314,0.027854225852272728,16935.28671239502,16063.46415160607,4.866878199703889e-05,33650.568181818184,28843.86078770704,2.860728348698249,7.419705002739709,5.468399582955337,17.277608267666356,11.908953335884767,13.797585419595784,59.456445306767385
843.472,843.483,USV_1092,0.010999999999967258,3.0,1.75,False,763.0648,764.8148,80.40719999999999,78.65719999999999,0.009866168722510338,0.0244140625,19048.249844196336,22066.617385770165,0.00039910059360442267,34000.0,27654.312875910746,1.517993838548971,6.435664167681651,5.083321671351879,13.309826475930471,11.738069257450581,13.950355620709088,43.44151920510771
843.526,843.598,USV_1093,0.07200000000000273,3.0,1.75,False,763.0648,764.8148,80.46119999999996,78.71119999999996,0.008651823736727238,0.03391029094827586,17736.07844271799,15639.76043583191,4.389605847973638e-05,34040.94827586207,29181.394495552067,2.681960154848964,4.171055868545283,5.990277907432032,15.95331797184226,12.290000687309055,14.932359875043131,59.310339602384076
844.362,844.43,USV_1094,0.06799999999998363,3.0,1.75,False,763.0648,764.8148,81.29719999999998,79.54719999999998,0.010342365130782127,0.026951381138392856,17593.811090184186,15766.322596593027,8.384501469389928e-05,34202.00892857143,29433.78080802902,2.5252634030382097,4.812504101135661,5.497603789238498,16.333231279903327,11.099768121860134,14.178432897273582,57.91367576681255
844.528,844.633,USV_1095,0.10500000000001819,3.0,1.75,False,763.0648,764.8148,81.46320000000003,79.71320000000003,0.009499877691268921,0.02159481956845238,15808.597685222569,14882.7896578688,1.4181716488552143e-05,32830.357142857145,26535.48520928995,2.4897982386388846,4.704829541364308,5.99313211547599,17.042264572459914,12.229622250495273,15.977242606142463,60.50814305448999
844.735,844.778,USV_1096,0.043000000000006366,3.0,1.75,False,763.0648,764.8148,81.67020000000002,79.92020000000002,0.008380211889743805,0.040206106085526314,19024.570329386228,19029.276496424078,0.0008134866200970468,35615.13157894737,29303.13266058953,2.0640647284944125,4.9551941173692775,3.833531245416038,14.348548161426466,10.401992645853609,14.492522036765628,53.52636744236463
845.131,845.144,USV_1097,0.013000000000033651,3.0,1.75,False,763.0648,764.8148,82.06619999999998,80.31619999999998,0.008598956279456615,0.025495256696428572,17718.163694954394,17938.427540173692,0.00024151510243142557,33334.82142857143,26393.76054874949,1.445267386877071,7.127943323570962,5.048413130264892,11.146306784019549,10.672123978737568,13.573813193894134,44.01695996517166
845.257,845.271,USV_1098,0.014000000000010004,3.0,1.75,False,763.0648,764.8148,82.19219999999996,80.44219999999996,0.005841977894306183,0.035186767578125,17683.155642414215,18424.53759023771,0.0005974583736503436,33339.84375,18829.240163814866,2.139522810847975,4.832824012529876,5.692449696608474,14.671502168785786,9.207152157793203,13.360879897476824,45.05377047385558
845.834,845.885,USV_1099,0.051000000000044565,3.0,1.75,False,763.0648,764.8148,82.76919999999996,81.01919999999996,0.008337575942277908,0.031538529829545456,16422.813732585942,16068.300715103855,0.00012331468391763042,32194.602272727272,24789.049445968514,2.5350383091033444,3.7108796275310927,4.893455148728744,14.786047723806222,11.325656587806542,15.615682177920279,56.036446203464834
846.277,846.315,USV_1100,0.038000000000010914,3.0,1.75,False,763.0648,764.8148,83.21220000000005,81.46220000000005,0.009382948279380798,0.026065602022058824,14428.54396802347,16395.099690217285,0.000324194348105538,29404.41176470588,25329.63954441258,2.003427356895317,6.219599625117594,5.143521899672437,14.28383036768145,9.636083763887463,16.496933843327,54.26981699631611
846.46,846.488,USV_1101,0.02800000000002001,3.0,1.75,False,763.0648,764.8148,83.39520000000005,81.64520000000005,0.008736122399568558,0.02039513221153846,14605.66395276884,17674.36804895181,0.0002741724789172095,31110.576923076922,24766.167944659035,1.607746891515018,4.293595626286748,3.8923831503487416,16.24850476219442,11.702117852299851,15.21492443112181,50.52414064928837
846.72,846.823,USV_1102,0.1029999999999518,3.0,1.75,False,763.0648,764.8148,83.65520000000004,81.90520000000004,0.01260334998369217,0.036430544969512195,12813.676081255857,12735.922449769956,0.00014982472186999665,25376.524390243903,17451.547791505272,2.54592858556641,3.6726410563197907,6.306291907453998,15.364707005189937,11.687416472609495,16.56374115768137,63.40576483783689
847.073,847.108,USV_1103,0.03499999999996817,3.0,1.75,False,763.0648,764.8148,84.00819999999999,82.25819999999999,0.01128876581788063,0.007421875,13136.278747233786,16072.76950406961,8.368232591615081e-05,30906.25,19304.556540102993,2.6768913460740746,4.925484452108995,4.695102378003528,14.44348600908331,13.704667111259027,15.967663902159883,53.72656496797151
847.139,847.148,USV_1104,0.009000000000014552,3.0,1.75,False,763.0648,764.8148,84.07420000000002,82.32420000000002,0.009743504226207733,0.022298177083333332,15197.915958018042,16960.537958983616,0.00022276562333209873,29203.125,14936.276610419582,1.4238105258907758,4.3871461803956215,4.802612946743444,11.782213282388652,11.262437986378941,13.762648036875676,41.09409577307874
849.753,849.766,USV_1105,0.012999999999919964,3.0,1.75,False,763.0648,764.8148,86.68820000000005,84.93820000000005,0.010678744874894619,0.014578683035714286,18226.36532735501,22982.722643158402,0.0004326452300439193,35638.392857142855,27853.270455974638,2.500624249119357,3.9907081692092135,4.2659400587084475,12.736732755452184,8.696164656536459,12.592618142771215,39.86765624389901
849.82,849.857,USV_1106,0.036999999999920874,3.0,1.75,False,763.0648,764.8148,86.75520000000006,85.00520000000006,0.011407354846596718,0.021087646484375,16933.66860433892,16422.146364479093,0.0004703372786890877,32443.359375,29242.50234897338,3.001099767921965,3.9134783597940905,5.712433187871356,15.517808229906507,11.589599728742996,14.739464998666033,54.67020848088909
849.996,850.028,USV_1107,0.03200000000003911,3.0,1.75,False,763.0648,764.8148,86.93119999999999,85.18119999999999,0.008930801413953304,0.021780831473214284,16919.098367903196,17562.492422198375,0.00023428913303125647,32812.5,22460.180826311283,2.2844596476254297,3.3265788225524346,4.918963047177551,15.20729006059281,11.292384862600429,13.915424578702064,52.920052465558264
850.1,850.195,USV_1108,0.09500000000002728,3.0,1.75,False,763.0648,764.8148,87.03520000000003,85.28520000000003,0.009662838652729988,0.023199784128289474,15510.718875062676,15891.913589467533,0.00029205927273793245,32027.96052631579,21591.332183721588,3.1387564497123255,3.874595395571036,5.778596132448939,15.796405260791717,10.659191512914841,14.324869469341873,58.79065482881202
850.238,850.308,USV_1109,0.06999999999993634,3.0,1.75,False,763.0648,764.8148,87.17320000000007,85.42320000000007,0.008968056179583073,0.02480132004310345,15620.851465736889,15687.206015709924,0.0001307646485810334,31380.387931034482,21573.62776700286,2.012080788870072,4.0271400269934,5.574444028975977,15.199311375742347,11.529960505669818,14.26048034319048,58.06962330247183
850.401,850.504,USV_1110,0.10300000000006548,3.0,1.75,False,763.0648,764.8148,87.33619999999996,85.58619999999996,0.010806049220263958,0.02458079268292683,14452.13245505667,14574.146800199498,6.797535956190113e-05,29819.35975609756,15864.879705878962,2.305263530295733,4.765917711509721,5.888932968839001,18.019791273618026,11.502968511054354,14.691261931948391,59.036349775322456
850.689,850.715,USV_1111,0.026000000000067303,3.0,1.75,False,763.0648,764.8148,87.62419999999997,85.87419999999997,0.010091721080243587,0.014485677083333334,14665.342861740215,16693.150212145036,6.876733180919205e-05,29984.375,16836.105333467054,2.419251992352581,6.1710559353849455,5.474112556994824,15.592310919150181,9.725328360980635,14.063590277973178,50.39036410803548
851.094,851.145,USV_1112,0.05099999999993088,3.0,1.75,False,763.0648,764.8148,88.02920000000006,86.27920000000006,0.008904542773962021,0.03786504836309524,17032.87501484883,14495.46738406069,7.449936080074213e-05,30544.64285714286,19993.5664703846,2.193433669592513,3.1769501875420643,5.269115162027511,18.494526884979944,11.531108911632428,15.05571167664009,60.247769048838464
851.842,851.857,USV_1113,0.014999999999986358,3.0,1.75,False,763.0648,764.8148,88.7772,87.0272,0.009273584932088852,0.026824951171875,18419.859627411584,20670.56014627913,0.0004466459192599408,33457.03125,28493.98234226228,2.2719309362412057,5.692681884947419,6.044748215633813,11.48508444224062,10.811476649058058,14.567824988513017,43.22876536515297
853.218,853.227,USV_1114,0.009000000000014552,3.0,1.75,False,763.0648,764.8148,90.15319999999997,88.40319999999997,0.008531846106052399,0.005777994791666667,18002.167556301196,24491.446432700555,0.0005869717397488702,32906.25,26605.160458406597,2.1701211856954896,6.346284624203303,5.454233885504269,15.037476195326938,9.807528415288502,14.213553441308287,35.52547809645624
854.077,854.086,USV_1115,0.009000000000014552,3.0,1.75,False,763.0648,764.8148,91.0122,89.2622,0.009231094270944595,0.0096435546875,17787.428262758163,23183.157438561746,0.00090088530869628,32812.5,20429.297024273063,2.2454738015600557,5.330344620508363,4.619296117417026,13.267071752869228,9.959109838398586,14.020266252149886,36.13944143105407
854.443,854.458,USV_1116,0.014999999999986358,3.0,1.75,False,763.0648,764.8148,91.37819999999999,89.62819999999999,0.011591536924242973,0.01690673828125,18769.062616290972,23090.876990248667,0.0005927454568126263,34628.90625,27786.506951207477,3.025538762652544,2.0551742062581475,4.539702596816436,14.293523363652625,9.24868564910864,15.071227726577598,41.88588677203152
854.635,854.643,USV_1117,0.008000000000038199,3.0,1.75,False,763.0648,764.8148,91.5702,89.8202,0.010732660070061684,0.02568359375,20495.69499154147,21225.8140912219,0.0002477627601417544,34443.75,25261.151765197308,1.2918194705369728,6.8283576359755305,5.663420157214861,12.022075277421086,13.182526174994553,13.037476047872051,35.76122835398166
855.132,855.153,USV_1118,0.02100000000007185,3.0,1.75,False,763.0648,764.8148,92.06719999999996,90.31719999999996,0.006417187862098217,0.031982421875,18371.892029825074,16520.824620211035,0.00011600313861256035,33525.0,25465.164253330673,2.5878175602131437,4.106590253221406,3.914687149684977,14.71489270730819,11.099803198798421,14.407031855039955,50.656273091519196
855.535,855.547,USV_1119,0.012000000000057298,3.0,1.75,False,763.0648,764.8148,92.47019999999998,90.72019999999998,0.008261136710643768,0.011753627232142858,17108.06784889426,18023.33939717008,0.0003088794980763287,32089.285714285714,25689.205357993334,2.1380917781793767,4.975284010864606,4.449856179151834,12.91707456245705,9.550131556368074,13.632750099578235,45.02339201149514
856.458,856.515,USV_1120,0.05700000000001637,3.0,1.75,False,763.0648,764.8148,93.39319999999998,91.64319999999998,0.010014647617936134,0.024098714192708332,14495.415667171155,16281.06691280628,5.981066230741119e-05,31250.0,20273.45994026157,1.8191854281903173,6.7056165150046105,5.169622955790536,16.740317908153123,10.584061836518567,14.769641064695803,55.09559710853127
857.214,857.235,USV_1121,0.020999999999958163,3.0,1.75,False,763.0648,764.8148,94.14920000000006,92.39920000000006,0.009993553161621094,0.003564453125,16241.959782385547,18920.580582404393,0.000248628682703852,32306.25,26926.731692760084,2.5581380376158562,2.1268366322446637,5.878513853116928,14.238889772194877,10.25913052396165,12.950117793573153,47.404722331659244
858.009,858.017,USV_1122,0.008000000000038199,3.0,1.75,False,763.0648,764.8148,94.94420000000002,93.19420000000002,0.01148164737969637,0.0138671875,13478.955842820822,18484.37719863752,6.80609486157795e-05,28237.5,15682.112856197233,1.5562686150447522,7.700932972375332,6.3022487715476725,15.888515706378062,8.920094702814644,13.609007844671064,35.69033707176107
858.241,858.25,USV_1123,0.009000000000014552,3.0,1.75,False,763.0648,764.8148,95.1762,93.4262,0.0038666788022965193,0.042765299479166664,21076.514058041863,22010.770440305572,0.0013454906266708432,34671.875,24786.482843565755,2.128299934081893,1.7780284911652873,4.357664864129079,10.774019058577217,9.795976900279198,13.648935861104688,38.679685889531314
860.093,860.12,USV_1124,0.027000000000043656,3.0,1.75,False,763.0648,764.8148,97.02819999999997,95.27819999999997,0.013178687542676926,0.016902043269230768,15557.504368126214,18005.95669459058,0.0003273885669858182,33418.269230769234,25787.439819688767,3.298370357168953,6.263555788908497,5.8761747792049865,16.761138090163286,9.16134957598598,14.78872203255987,49.774961236584666
860.278,860.332,USV_1125,0.053999999999973625,3.0,1.75,False,763.0648,764.8148,97.21320000000003,95.46320000000003,0.011391057632863522,0.021484375,14812.337457051739,16322.53008749733,8.427455102330922e-05,31389.945652173912,25636.838029370552,2.507531776746829,5.711653544241433,5.412422049136564,17.64090948796319,10.431173481013829,15.37503627041738,55.13020591855944
860.365,860.4,USV_1126,0.03499999999996817,3.0,1.75,False,763.0648,764.8148,97.30020000000002,95.55020000000002,0.00812843069434166,0.024934895833333335,16009.202620596767,15721.641275250557,0.00015853087119970473,31643.75,25906.710307845828,2.5508855510948547,5.066973389288507,7.247705195623558,18.292797322212035,10.229478242376493,14.859352311252104,55.47314307679388
860.795,860.832,USV_1127,0.03700000000003456,3.0,1.75,False,763.0648,764.8148,97.73019999999997,95.98019999999997,0.008087791502475739,0.037506103515625,16504.157883843036,15433.00995047116,0.0007746729728964072,31599.609375,16637.835695117188,2.013202893089071,4.107053941791921,4.793887993738252,16.85909144722758,12.04901405084767,14.319987764078379,55.33803624533493
861.072,861.097,USV_1128,0.024999999999977263,3.0,1.75,False,763.0648,764.8148,98.00720000000001,96.25720000000001,0.011509287171065807,0.01348876953125,16472.134749381683,17574.205358775132,0.0008621267328957381,31398.4375,17071.413884386635,2.805901751514162,5.05836856373491,5.054568924549664,16.80161875824147,11.442356814209724,14.143602051038215,52.228016243800454
861.245,861.273,USV_1129,0.02800000000002001,3.0,1.75,False,763.0648,764.8148,98.18020000000001,96.43020000000001,0.010771363042294979,0.025090144230769232,16837.361316099774,18214.549669330958,0.000241609406693174,33216.346153846156,20717.903945558348,1.977083066210939,7.159878009677289,4.633279069646114,14.78237037712939,9.442262971948299,14.223407231570418,51.01360507462174
861.947,861.959,USV_1130,0.011999999999943611,3.0,1.75,False,763.0648,764.8148,98.88220000000001,97.13220000000001,0.008483265526592731,0.011300223214285714,17055.7647355859,22118.8169275129,0.0004917448887272547,32169.64285714286,24678.246389729997,2.211143556625362,3.360459848780928,7.456644341269469,15.098462399986207,9.955358008132652,13.171935813364115,39.86509178055441
862.076,862.088,USV_1131,0.011999999999943611,3.0,1.75,False,763.0648,764.8148,99.01120000000003,97.26120000000003,0.009385463781654835,0.027762276785714284,20248.454032803278,20871.986983830815,0.001428896442332498,32852.67857142857,27111.66847480618,3.0672593631692595,3.2333588385589125,5.964337817534714,13.397636889787753,8.218923042110829,15.807116615792937,42.41934984131384
862.281,862.313,USV_1132,0.03200000000003911,3.0,1.75,False,763.0648,764.8148,99.21619999999996,97.46619999999996,0.007280089892446995,0.03461565290178571,17527.38135993756,16907.238881727073,0.0003369996365946349,31995.535714285714,18607.029421980285,1.5808711762859236,5.999330641330507,5.563556707535945,16.0311916216115,10.831392246185299,13.068700869202681,53.41297830206407
862.366,862.417,USV_1133,0.051000000000044565,3.0,1.75,False,763.0648,764.8148,99.3012,97.5512,0.012198534794151783,0.012761896306818182,14153.528061648207,16189.135254967701,0.00010514549393699914,29821.022727272728,24246.115009679983,2.4714459885808684,3.9441865813735193,5.92854541306512,13.915499891291654,9.746222021037333,13.3293211800611,54.61698501858818
862.778,862.806,USV_1134,0.02800000000002001,3.0,1.75,False,763.0648,764.8148,99.71320000000003,97.96320000000003,0.009944258257746696,0.01288311298076923,15606.061714249783,16943.765823694204,0.00014400420024131505,30475.96153846154,20050.020545804087,2.519906533216764,2.5472553733859096,5.169979486589901,16.275496070054256,10.365173219758493,15.806259315046768,51.97234168444379
863.175,863.208,USV_1135,0.03300000000001546,3.0,1.75,False,763.0648,764.8148,100.11019999999996,98.36019999999996,0.015024262480437756,0.013313802083333333,11215.17159387116,16581.71487206004,7.044916728827669e-05,26606.25,27665.68682854737,2.246733395792332,4.564547724684762,7.198836003173523,14.421956595214105,8.855903797755259,14.929824956836038,51.49324456453094
868.697,868.738,USV_1136,0.04100000000005366,3.0,1.75,False,763.0648,764.8148,105.63220000000001,103.88220000000001,0.008845973759889603,0.021213107638888888,14966.504244991296,15997.246948906391,0.00018458418443193544,31567.708333333332,23579.460550903,1.206973648646538,6.449255154714397,5.001158752630295,13.479874278724775,12.42444318652448,15.759544267608577,53.52027823357514
868.775,868.79,USV_1137,0.014999999999986358,3.0,1.75,False,763.0648,764.8148,105.71019999999999,103.96019999999999,0.014270495623350143,0.01446533203125,15592.006824559001,18746.431006730978,0.00011616095902277836,30269.53125,27784.907249664382,1.4104899936839723,8.238775191193659,5.459879116430547,14.056508993838701,11.647907605071541,15.831268306571943,42.54037042167154
868.903,868.954,USV_1138,0.05099999999993088,3.0,1.75,False,763.0648,764.8148,105.83820000000003,104.08820000000003,0.0110169081017375,0.015962146577380952,14277.936699093456,16490.21988296527,0.00014073102561853462,31852.678571428572,27218.645134571263,2.569314646420972,5.679218054462071,4.568835120823555,14.975052439479963,10.748479259874994,13.891781506488577,56.430916717364816
869.099,869.132,USV_1139,0.032999999999901775,3.0,1.75,False,763.0648,764.8148,106.03420000000006,104.28420000000006,0.008012760430574417,0.024967447916666666,16258.531180614298,17262.014397867526,0.00018340074475250068,32268.75,25409.80580248085,1.7574423137009765,4.052487103301088,5.520930627772759,15.9785672085638,11.91885450711819,14.504939282823736,52.35599931447929
869.733,869.747,USV_1140,0.014000000000010004,3.0,1.75,False,763.0648,764.8148,106.66819999999996,104.91819999999996,0.007465132977813482,0.012420654296875,16831.769019869633,19100.107835374005,0.00019050725495898822,32414.0625,22434.021829834175,2.213163460983501,3.9213562659444965,3.8074039648332954,13.870921834299281,11.627667279591673,14.045864100922808,45.214560546537925
870.538,870.582,USV_1141,0.04399999999998272,3.0,1.75,False,763.0648,764.8148,107.47320000000002,105.72320000000002,0.00787530280649662,0.027947676809210526,16963.292372442673,16513.598379812927,0.000304158167056414,32437.5,22785.677655997963,2.6215815583835074,3.753355603669589,4.434996994799559,17.406563945032637,11.779483130835752,14.202982197878555,55.04145395012251
870.655,870.75,USV_1142,0.09500000000002728,3.0,1.75,False,763.0648,764.8148,107.59019999999998,105.84019999999998,0.009560960344970226,0.032926860608552634,16020.5211994309,14243.525415234952,2.0516477279718715e-05,30683.388157894737,24170.360334056375,2.359485660988492,5.607958692185673,5.360075313336807,17.41425996763228,11.728864487102566,13.353796259945769,59.250220605182186
870.913,870.921,USV_1143,0.008000000000038199,3.0,1.75,False,763.0648,764.8148,107.84820000000002,106.09820000000002,0.005776845850050449,0.0263671875,19860.865504489244,22959.342716981344,0.0021915032250254857,37162.5,20476.007356707792,0.4948930000364178,1.928527825879619,4.3119799056982036,11.782588882951277,11.826392076295619,13.226186683410612,38.62980159685935
871.147,871.202,USV_1144,0.05499999999994998,3.0,1.75,False,763.0648,764.8148,108.08220000000006,106.33220000000006,0.00889709684997797,0.025104025135869564,15475.050121333577,16093.697928555199,0.000522569804071822,31096.467391304348,16929.295665343703,2.2925527679417583,4.098420045182796,4.770505925210633,15.552759506036834,11.480994684260953,14.63079404419779,55.68730712057072
885.78,885.798,USV_1145,0.018000000000029104,3.0,1.75,False,763.0648,764.8148,122.71519999999998,120.96519999999998,0.013426598161458969,0.012830946180555556,13078.92005471719,17624.248585538116,4.503809425232837e-05,28187.5,24169.85238127507,1.2943468167161638,3.203980835586827,6.539964853108612,14.016317178011967,9.703598515953809,15.055102432437176,45.33363609781026
891.791,891.804,USV_1146,0.012999999999919964,3.0,1.75,False,763.0648,764.8148,128.72620000000006,126.97620000000006,0.008911517448723316,0.030412946428571428,17361.906296883386,22212.597930104646,0.0002740776008780736,33441.96428571428,24888.615475266815,2.991736097209717,4.974421984564345,4.094703131005731,12.115713281231622,8.42835317881014,14.02244609346377,39.427843415059705
902.872,902.969,USV_1147,0.09700000000009368,3.0,1.75,False,763.0648,764.8148,139.80719999999997,138.05719999999997,0.008859267458319664,0.026830428685897436,14893.593348670276,14693.307102695968,3.958469380891555e-05,30264.423076923078,19922.32106177677,2.279494508933038,3.7570418635635243,5.225452916948848,16.329380904719812,11.727744400680967,15.435810927684669,59.04557618244113
907.785,907.845,USV_1148,0.06000000000005912,3.0,1.75,False,763.0648,764.8148,144.72019999999998,142.97019999999998,0.00794919952750206,0.029169921875,16394.50303907124,16349.278069810052,0.0003049292976639374,32133.75,19529.561052149613,2.1240218284839667,4.845453409267162,5.81754092299326,16.21855366621914,11.567506559677035,14.73876106172441,57.5545153958501
907.958,908.047,USV_1149,0.08900000000005548,3.0,1.75,False,763.0648,764.8148,144.89319999999998,143.14319999999998,0.010796768590807915,0.032843695746527776,14556.943442316906,14778.307482646174,0.00012649509002214167,29231.770833333332,18186.802393197882,2.4306429634949556,4.967624343680925,5.2999015464405215,16.928775739885346,10.922403285968713,14.28409367948011,57.96750539657344
908.189,908.206,USV_1150,0.01700000000005275,3.0,1.75,False,763.0648,764.8148,145.12419999999997,143.37419999999997,0.011243116110563278,0.016303168402777776,16137.13962548323,18569.292788977873,0.0002377291016661055,29968.75,22311.778656095223,2.270750615204014,3.7431041349574863,5.34457219629049,15.947262227127263,10.29580897179571,16.019751701160242,46.77412708915296
908.831,908.856,USV_1151,0.024999999999977263,3.0,1.75,False,763.0648,764.8148,145.76620000000003,144.01620000000003,0.007052082568407059,0.016886393229166668,16818.123502227274,18116.78292803454,0.0004782725412041614,32343.75,22487.21991182397,2.6789723278540865,4.426993962740654,4.9509761023278696,14.996285126632044,9.89598759370707,13.824869552047831,50.620064668419495
909.478,909.511,USV_1152,0.03300000000001546,3.0,1.75,False,763.0648,764.8148,146.41319999999996,144.66319999999996,0.009856396354734898,0.013264973958333334,15144.997100725686,18310.348457520475,0.0009022126021558034,31531.25,19976.53742513558,2.2356075727185556,3.593812457238971,6.609131223098575,15.439336012002803,12.156654562988505,13.603903671412102,50.53042646246704
909.554,909.586,USV_1153,0.03200000000003911,3.0,1.75,False,763.0648,764.8148,146.48919999999998,144.73919999999998,0.009805153124034405,0.0201416015625,15769.255566359378,15632.01205620918,9.309933160578039e-05,29691.964285714286,18915.77692883943,2.45274824718238,2.576608201908314,5.501245467061253,15.42315354290822,12.211865944682781,13.45008727693632,54.80958269007267
909.71,909.763,USV_1154,0.05299999999999727,3.0,1.75,False,763.0648,764.8148,146.64520000000005,144.89520000000005,0.010264115408062935,0.021140358664772728,14321.107698748396,14385.899353453256,1.5900153562251128e-05,29620.738636363636,19473.541113381074,3.6284975298848465,4.666962382186093,4.838150385062222,16.71384172315674,11.479264133726923,15.214014211852735,57.349723944499374
910.037,910.138,USV_1155,0.10099999999999909,3.0,1.75,False,763.0648,764.8148,146.97220000000004,145.22220000000004,0.008414323441684246,0.031500244140625,14959.241493160964,13900.325730328459,8.033133254834392e-06,30857.8125,15939.524202832792,1.9635436343526123,4.578356468610383,5.4321842503434326,16.65686892849206,12.777321123716254,14.020053099993769,60.14553851250171
910.486,910.51,USV_1156,0.02400000000000091,3.0,1.75,False,763.0648,764.8148,147.4212,145.6712,0.010037108324468136,0.026811079545454544,17134.659780037015,18651.805432025547,0.00036643222298810664,32224.43181818182,20898.088130052707,1.985628402661565,8.211449140427941,6.150398472813507,14.940558287195286,8.700232347597208,13.502304367579159,48.99557379844776
910.654,910.675,USV_1157,0.020999999999958163,3.0,1.75,False,763.0648,764.8148,147.5892,145.8392,0.006242952775210142,0.0371337890625,18253.13381224526,18922.118733702904,0.0004326344597084324,33721.875,25183.831716032488,2.7303125938331823,5.41062434548156,5.123268079276439,16.351933692549526,9.171964810107985,14.10915346554095,48.94932474471187
910.716,910.756,USV_1158,0.03999999999996362,3.0,1.75,False,763.0648,764.8148,147.65120000000002,145.90120000000002,0.008601117879152298,0.02714269301470588,15530.800772743898,15462.148726117754,7.199297922936918e-05,30220.58823529412,21309.14598356112,2.6354155014694354,4.507024532658643,4.87870010717415,14.792368673366086,10.299592352780934,12.593263785658314,56.34490651316941
911.775,911.789,USV_1159,0.014000000000010004,3.0,1.75,False,763.0648,764.8148,148.7102,146.9602,0.009552769362926483,0.016387939453125,20126.78971119303,22313.137216458665,0.0015842923931086972,35554.6875,27145.507338562227,2.0199661639329918,3.444832405931606,4.383046464494321,13.924044840835304,10.322658801719964,14.101584609662044,42.7121477468829
912.028,912.063,USV_1160,0.03499999999996817,3.0,1.75,False,763.0648,764.8148,148.96320000000003,147.21320000000003,0.01076748687773943,0.0263671875,14367.159505663707,15155.624419938295,6.199754572322478e-05,30750.0,18386.161621246065,2.0943256410517255,5.17517209925089,5.888167000124207,17.43136278559267,11.41645040536779,14.829113585836836,54.35078591146895
912.324,912.367,USV_1161,0.043000000000006366,3.0,1.75,False,763.0648,764.8148,149.25919999999996,147.50919999999996,0.010470463894307613,0.044163754111842105,18775.178718775336,15180.98339910632,0.00031034533780054384,32516.447368421053,25300.264784373005,3.8153942524334146,4.094608005435974,6.294095492956038,15.270681713106695,11.754198069828352,15.291079154676858,58.42552052293018
914.668,914.684,USV_1162,0.01599999999996271,3.0,1.75,False,763.0648,764.8148,151.60320000000002,149.85320000000002,0.011920910328626633,0.013671875,11401.170347049781,17685.58430511054,0.00010438733462392289,28816.40625,31704.48483841029,3.9076378713140496,3.4496939486703084,5.0264756537869175,13.952791897618075,9.475326168113412,13.8378993972989,44.30352802130584
922.62,922.669,USV_1163,0.04899999999997817,3.0,1.75,False,763.0648,764.8148,159.5552,157.8052,0.009677736088633537,0.022321428571428572,15755.952039588297,15902.087046694951,0.00025619977814860857,32419.64285714286,27115.40947151905,2.869897307201477,5.820652487791992,6.402606205274962,16.228135519875565,9.267928402823989,14.926901874524027,55.53312118001924
923.026,923.081,USV_1164,0.055000000000063665,3.0,1.75,False,763.0648,764.8148,159.96119999999996,158.21119999999996,0.010250555351376534,0.014499830163043478,15092.392678001099,16819.962683296708,0.00015006322203472118,32197.010869565216,22320.002470294894,2.198834567218207,4.1240419446694405,5.56671819824134,14.057522055292836,12.75148523365427,15.151288085322097,54.67624988484463
923.561,923.602,USV_1165,0.04099999999993997,3.0,1.75,False,763.0648,764.8148,160.49620000000004,158.74620000000004,0.009970110841095448,0.022501627604166668,14315.240148568213,14664.114112563684,3.82082291632607e-05,31036.458333333332,23969.592677229117,3.2360737331058202,6.989896743844095,4.678309899925164,17.33168597852585,12.318764407992923,15.842930444663388,55.337393946524145
923.741,923.781,USV_1166,0.03999999999996362,3.0,1.75,False,763.0648,764.8148,160.6762,158.9262,0.010201284661889076,0.022547104779411766,15400.463343458667,16919.931142971676,0.00010355828676606242,31488.970588235294,22053.70098702841,2.295201514880126,5.8040372996724345,5.58076179735129,14.33370352245519,10.610383958007729,13.922499704116145,53.45613369028999
923.946,923.956,USV_1167,0.009999999999990905,3.0,1.75,False,763.0648,764.8148,160.88120000000004,159.13120000000004,0.012441982515156269,0.00341796875,15053.531066166403,19611.946963033446,0.00010453223166401574,31296.875,26781.425819957487,2.1694597430109437,4.942378567601408,7.201875440361005,14.004427165699779,9.727976220457242,12.584751020503917,38.09289114460324
924.087,924.164,USV_1168,0.07699999999999818,3.0,1.75,False,763.0648,764.8148,161.0222,159.2722,0.008983496576547623,0.026556199596774195,16452.810129274683,16438.158025386474,0.0005653814990334089,33644.153225806454,24288.708733159478,2.229948391725729,5.664487257414796,5.59948307977278,16.780017749777798,11.389033704537097,16.04003395785824,57.921594534282065
924.638,924.69,USV_1169,0.05200000000002092,3.0,1.75,False,763.0648,764.8148,161.57320000000004,159.82320000000004,0.008786563761532307,0.024280894886363636,16871.52474604105,15933.148901627288,0.00011308055382329515,33102.27272727273,20963.099819043535,1.8265438574264605,5.511284555442289,4.053045423201867,16.10641110739945,12.078231533505205,14.786124489803202,57.23396002514866
924.858,924.949,USV_1170,0.09100000000000819,3.0,1.75,False,763.0648,764.8148,161.79319999999996,160.04319999999996,0.012363195419311523,0.03072872677364865,14881.922021531704,13880.84887842426,0.00014063317979850563,28707.77027027027,22407.38035850653,2.1695178506499473,2.8483438082947323,5.692588428921539,15.688534556861539,10.918812723433511,15.512942517849064,60.844609236579466
925.692,925.707,USV_1171,0.014999999999986358,3.0,1.75,False,763.0648,764.8148,162.62720000000002,160.87720000000002,0.008425766602158546,0.0421142578125,18913.392816196698,17862.907474249863,0.00020602523394832925,33433.59375,22851.556815403565,2.10881299147317,4.146884577727583,4.664430412947356,14.39354230465543,11.861752723726404,13.863741567026775,47.31808951906548
925.784,925.792,USV_1172,0.008000000000038199,3.0,1.75,False,763.0648,764.8148,162.7192,160.9692,0.012516762129962444,0.01220703125,16133.91235847323,20761.270262007758,0.0002780649814344592,31706.25,28189.856586115842,1.6090293240262752,3.2630451695239886,2.9217666338820583,15.00001040978852,12.597006228646938,14.995617827491156,34.56289370752127
926.803,926.827,USV_1173,0.02400000000000091,3.0,1.75,False,763.0648,764.8148,163.7382,161.9882,0.007082564756274223,0.03624378551136364,17488.963321409105,17096.779508966974,0.0005460876066822996,33315.34090909091,22762.149440936893,2.582305871469826,3.2186977205447387,4.537046326715936,15.966913400712109,11.067263387550684,16.812662074519935,50.14055598752635
928.68,928.69,USV_1174,0.010000000000104592,3.0,1.75,False,763.0648,764.8148,165.61519999999996,163.86519999999996,0.007272533606737852,0.027180989583333332,18146.322483468473,19771.36573438827,0.000594261734832875,33359.375,22600.314580252074,1.681925273428608,3.6528548377376695,4.806679673312431,11.76902383103584,9.937736308213928,14.288432823106694,39.58566454126535
928.851,928.864,USV_1175,0.013000000000033651,3.0,1.75,False,763.0648,764.8148,165.7862,164.0362,0.011034212075173855,0.006731305803571429,16568.146991064994,22339.89038529367,0.0008304150817397408,34500.0,25083.100273571472,2.992066173144452,5.330254849135467,7.141285283206869,14.260758987515675,9.389474212898635,12.412705695962996,40.10777693863492
929.295,929.343,USV_1176,0.04800000000000182,3.0,1.75,False,763.0648,764.8148,166.23019999999997,164.48019999999997,0.010403034277260303,0.01920166015625,15484.765486820566,15975.953984688458,4.8966522937354774e-05,32273.4375,28808.72499141816,3.101429947667602,6.236536825613937,5.432886230188598,16.893956232056745,10.090459891453488,15.237958456928581,55.5877323925813
929.426,929.44,USV_1177,0.014000000000010004,3.0,1.75,False,763.0648,764.8148,166.36120000000005,164.61120000000005,0.007686797529459,0.030059814453125,20205.42521536764,17681.361126158492,0.000319488697035238,32964.84375,27531.507212426957,2.2272787783769363,4.025694460990447,5.067541666178724,14.78041016892359,9.323832757825137,14.295969404884723,46.30838574648945
929.558,929.566,USV_1178,0.008000000000038199,3.0,1.75,False,763.0648,764.8148,166.4932,164.7432,0.008603009395301342,0.00537109375,18283.367131500403,20864.26645767003,0.00025143511254795977,33712.5,28358.16084567379,2.138147010508047,2.347875978529196,4.585216460581442,11.732826313637853,8.832095184118023,14.018052557175448,41.49797084114367
929.951,929.972,USV_1179,0.020999999999958163,3.0,1.75,False,763.0648,764.8148,166.88620000000003,165.13620000000003,0.013046720996499062,0.019287109375,13594.477358479318,16943.898026405277,5.2994423058304014e-05,30900.0,23158.485657137986,1.6064073932644245,8.339527643294339,5.403644528082703,15.959756144181432,10.657630570636545,15.026805663667522,47.4954899190906
931.916,931.981,USV_1180,0.06499999999994088,3.0,1.75,False,763.0648,764.8148,168.85120000000006,167.10120000000006,0.010970822535455227,0.016447844328703703,13916.682184058624,14866.239622404808,4.324379308114215e-05,29246.527777777777,21597.508370253425,2.4713013941427935,4.5279908248430685,6.491342198033299,17.568573009878765,11.557844329855618,14.813316108055677,57.210654702998966
935.569,935.58,USV_1181,0.011000000000080945,3.0,1.75,False,763.0648,764.8148,172.50419999999997,170.75419999999997,0.00775538757443428,0.025669642857142856,19270.832452786883,22845.53164720125,0.00266749008306496,35089.28571428572,25531.221931071126,1.6519560704563587,3.8381573750049767,5.7117812208181595,15.05114257154837,10.911704594717008,14.748078114300176,39.570039036054595
935.675,935.811,USV_1182,0.13600000000008095,3.0,1.75,False,763.0648,764.8148,172.61019999999996,170.86019999999996,0.01064471248537302,0.030655770931603772,15322.990645049173,13330.557111498341,8.090490966733984e-05,28381.485849056604,20311.607108855555,2.4917869217270114,5.8872841811189955,5.684591644099158,17.86363532192609,11.83782452485177,16.368203912464892,64.32689274516747
936.166,936.192,USV_1183,0.025999999999953616,3.0,1.75,False,763.0648,764.8148,173.10120000000006,171.35120000000006,0.0075748334638774395,0.029052734375,16602.795905887047,15673.181528112089,5.350590585150701e-05,32250.0,20882.357250828434,3.6703772973135678,7.2258683396714565,4.110369432811889,15.704885267747313,11.450399370230746,14.652284933938859,52.96143060598704
936.504,936.549,USV_1184,0.04499999999995907,3.0,1.75,False,763.0648,764.8148,173.43920000000003,171.68920000000003,0.00773506797850132,0.01665296052631579,15625.903499089536,15744.466871092993,0.00011183859573812418,31287.82894736842,17658.10510195185,2.4591562167721324,4.171566999596543,5.313191810011686,15.1969433683086,10.746902081820085,14.730392340992436,57.03093377039293
936.913,936.943,USV_1185,0.029999999999972715,3.0,1.75,False,763.0648,764.8148,173.84820000000002,172.09820000000002,0.00869461428374052,0.029105050223214284,16811.51339348405,17822.604645873675,0.0008881151540408139,32357.14285714286,22604.7899952877,2.958794073328742,6.095496894206049,4.237484930636948,15.6054188078817,10.052590088812819,16.537965969180814,50.97180096180965
937.408,937.421,USV_1186,0.013000000000033651,3.0,1.75,False,763.0648,764.8148,174.34320000000002,172.59320000000002,0.005803946405649185,0.038120814732142856,16861.52091305897,15273.868358122845,6.097778748050092e-05,30562.5,17339.36202140776,2.5510420715218394,4.141215743268505,5.564547562049462,11.972513264657357,8.834129002008307,15.028273831268885,46.53799627710004
938.028,938.058,USV_1187,0.029999999999972715,3.0,1.75,False,763.0648,764.8148,174.96320000000003,173.21320000000003,0.013313339091837406,0.016741071428571428,13641.113904332567,17971.52199447286,0.00011136176627296006,30368.303571428572,26740.725477028616,1.7903786432804085,6.95219342577025,5.618442219731986,15.446469215177375,9.912548193544975,16.014885026610894,49.68207760750566
938.268,938.299,USV_1188,0.03099999999994907,3.0,1.75,False,763.0648,764.8148,175.20320000000004,173.45320000000004,0.01123697217553854,0.023751395089285716,14509.215499049646,16869.08560815643,0.00029262302206074076,29223.214285714286,21328.28199655358,3.3635581718168948,5.908586829157903,4.629237618075996,15.844701915029594,9.873277361847995,17.1944311303859,52.17171531816336
939.818,939.893,USV_1189,0.07500000000004547,3.0,1.75,False,763.0648,764.8148,176.7532,175.0032,0.00984909851104021,0.028154926915322582,14999.75754981395,13720.852272440467,5.803197087177918e-05,28599.798387096773,17089.820040531315,2.6039789522362025,5.0599219658501475,5.515917775090095,17.858991981686156,10.96748113472989,15.633416603175544,60.20247309016397
940.365,940.461,USV_1190,0.09600000000000364,3.0,1.75,False,763.0648,764.8148,177.30020000000002,175.55020000000002,0.010684830136597157,0.02936754728618421,14314.681089655392,13792.586593820457,4.721445352354192e-05,28154.605263157893,19223.21340360998,1.9500989446242158,4.985229279533188,5.046686706648471,18.0335201206184,11.91549750417663,15.162566133690602,60.05387316238391
940.74,940.752,USV_1191,0.011999999999943611,3.0,1.75,False,763.0648,764.8148,177.67520000000002,175.92520000000002,0.00974246021360159,0.03526088169642857,21557.713381122205,18591.32706724295,0.0007180204919144508,32410.714285714286,25040.20496996556,2.780728308083893,4.332691689456884,4.096361275947896,11.374829246794047,9.72333371990746,14.618809078303073,44.385951605019216
941.091,941.129,USV_1192,0.038000000000010914,3.0,1.75,False,763.0648,764.8148,178.02620000000002,176.27620000000002,0.008688608184456825,0.02263327205882353,14957.308207665126,15512.188954665784,3.397671765037208e-05,31218.75,24747.157955906325,2.1457320416305756,3.7514776556882747,5.266489771663782,15.72642111856723,12.517753038330644,14.560537636685652,54.628267077654336
941.171,941.194,USV_1193,0.02299999999991087,3.0,1.75,False,763.0648,764.8148,178.10620000000006,176.35620000000006,0.006518535781651735,0.024436257102272728,18094.60357369431,19133.79469568089,0.0005328866271270834,33690.34090909091,20303.38338059899,2.2577568129215995,4.037641803406385,4.673749002824643,15.029962124831986,9.181586004058671,14.33822827223696,49.722023057142884
941.291,941.321,USV_1194,0.029999999999972715,3.0,1.75,False,763.0648,764.8148,178.22620000000006,176.47620000000006,0.009695674292743206,0.022234235491071428,16046.656437419568,19473.57572930364,0.0002803470597668132,32464.285714285714,21399.81551203606,1.6064982161791546,2.549126183550389,4.91904287024452,14.42345446404444,9.22526304290473,14.04962732106057,50.08778517103144
942.736,942.815,USV_1195,0.07900000000006457,3.0,1.75,False,763.0648,764.8148,179.6712,177.9212,0.00961439497768879,0.02506256103515625,15627.313150060221,15234.401183323916,0.000102709727812657,30966.796875,23232.07328764552,2.990710526664614,6.50835169655012,5.378421797470976,16.397673172138006,11.971133689919547,15.200452337861659,58.221050716354554
943.365,943.375,USV_1196,0.009999999999990905,3.0,1.75,False,763.0648,764.8148,180.30020000000002,178.55020000000002,0.0094613553956151,0.026692708333333332,15706.23465425908,17077.17298425185,0.00014564793840442678,32140.625,27781.125351076847,2.012041708245643,5.549722576664657,5.716230778389504,13.237357747165184,11.180704044198125,14.130300595478607,41.139871462152236
944.024,944.038,USV_1197,0.014000000000010004,3.0,1.75,False,763.0648,764.8148,180.9592,179.2092,0.007529920898377895,0.029937744140625,19446.457467510332,21895.936420226193,0.0005233086165359529,33867.1875,22131.34177328715,1.7092331471990807,4.471636421314349,3.697337942244938,10.409524310966267,12.132009271116988,13.90880067635992,43.299022272157885
947.675,947.694,USV_1198,0.019000000000005457,3.0,1.75,False,763.0648,764.8148,184.61019999999996,182.86019999999996,0.00754934037104249,0.0089111328125,16778.971818204755,17418.49344121779,0.00034164068943541126,32915.625,23790.10098282256,2.2692320778943076,3.9834505877160056,4.72611395618847,12.123332234278815,13.350087388608955,13.66307726490281,48.91441336013249
948.617,948.627,USV_1199,0.009999999999990905,3.0,1.75,False,763.0648,764.8148,185.55219999999997,183.80219999999997,0.008038438856601715,0.031494140625,18382.31834698087,19424.036585192905,0.0005102754520257438,33312.5,27883.269659059664,0.8948172969064045,5.082208401846306,6.049786179557856,12.069287880917168,9.298094398238407,14.477837632536032,38.79655217141778
949.006,949.03,USV_1200,0.02400000000000091,3.0,1.75,False,763.0648,764.8148,185.94119999999998,184.19119999999998,0.005842532496899366,0.03506747159090909,17107.47581721089,16343.943574738427,0.00010711926569176183,33323.86363636364,23573.637519680662,1.520067929321165,5.05093014848963,4.521367914778727,17.46078436664791,11.857015726264313,14.413728013856792,52.386982895266826
949.568,949.58,USV_1201,0.012000000000057298,3.0,1.75,False,763.0648,764.8148,186.5032,184.7532,0.008377501741051674,0.030133928571428572,18832.329130233622,19404.158740454895,0.00016232977754005305,34687.5,27962.39745170143,1.4813560401635633,6.483639084263806,3.989579522747282,12.348146446506945,9.420683699944552,13.91129512195791,42.49619291611035
950.031,950.169,USV_1202,0.13800000000003365,3.0,1.75,False,763.0648,764.8148,186.96619999999996,185.21619999999996,0.012253280729055405,0.029504846643518517,15648.18681844292,13387.572396875814,1.3837019514033449e-05,30213.541666666668,18826.779761005,2.9467325953225507,4.7224955895160825,4.630944373619149,15.344174587879449,11.295154944631506,14.376875200180892,63.34165529682689
950.308,950.318,USV_1203,0.009999999999990905,3.0,1.75,False,763.0648,764.8148,187.2432,185.4932,0.00983377080410719,0.020548502604166668,19161.80603592058,18856.517535475516,0.0003976441024559822,32718.75,26112.80723359536,3.821378579761504,2.99922630374528,4.19549771716298,17.315987962234704,10.104099341447954,15.872019424107146,40.57455231711366
951.359,951.403,USV_1204,0.04399999999998272,3.0,1.75,False,763.0648,764.8148,188.29420000000005,186.54420000000005,0.008460191078484058,0.01689710115131579,15297.27340622977,17556.235915767305,0.00026904544549485285,32437.5,22197.53103772857,2.380219095230043,5.192785500396866,5.3523338912215905,15.715237017209676,10.70687573279687,15.179172403938214,53.544341608214914
951.658,951.692,USV_1205,0.033999999999991815,3.0,1.75,False,763.0648,764.8148,188.59320000000002,186.84320000000002,0.007125725969672203,0.023356119791666668,16465.12647937702,16988.473532372587,0.00019699018278746593,32175.0,22682.952193985944,1.577587476278519,5.009517982275146,5.259966877756002,12.639931862826057,11.953332333484916,16.039971668778193,53.06651473860007
954.466,954.547,USV_1206,0.08100000000001728,3.0,1.75,False,763.0648,764.8148,191.40120000000002,189.65120000000002,0.010004349984228611,0.020589192708333332,16412.944051412596,15957.820255710236,0.0002243778450131555,32073.863636363636,20926.979345692907,2.868428739491095,5.048353300182684,6.172227919033108,15.24195978042413,11.428453949981632,13.810533556167801,57.55291056800504
955.007,955.02,USV_1207,0.013000000000033651,3.0,1.75,False,763.0648,764.8148,191.94219999999996,190.19219999999996,0.008472764864563942,0.027204241071428572,19422.734983534494,22040.952316581894,0.0010986899644335015,36883.92857142857,23703.077897723135,3.6505615168902827,3.738172905720319,5.051382577666733,12.338765817585967,9.20543087598354,11.169381001034756,42.51668885901575
956.859,956.877,USV_1208,0.017999999999915417,3.0,1.75,False,763.0648,764.8148,193.79420000000005,192.04420000000005,0.008764714933931828,0.010633680555555556,15860.81260633272,19375.937321070905,0.0007361886536490994,32354.166666666668,27048.13063130508,2.575392236053364,3.173098179676207,4.391884775969986,14.712290976794744,11.30078358539568,12.713053756855935,44.883489068850515
957.05,957.061,USV_1209,0.011000000000080945,3.0,1.75,False,763.0648,764.8148,193.98519999999996,192.23519999999996,0.0075991093181073666,0.024588448660714284,19172.480341907874,21941.11431975706,0.0006411081959388739,33160.71428571428,25600.598337184758,1.6828627767386475,4.119444742633959,6.0942182745344615,11.061673899000368,8.864711758397785,12.116867688233615,40.020220863791074
958.822,958.879,USV_1210,0.05700000000001637,3.0,1.75,False,763.0648,764.8148,195.7572,194.0072,0.010996547527611256,0.019266764322916668,15714.300044072092,14844.377043924402,0.00023354289036703875,30531.25,21479.422716054316,2.4747151985946565,3.2371358171361506,5.1492338460221205,15.709403098216555,11.092078327273313,15.089886053670378,57.70266010861465
959.498,959.579,USV_1211,0.0809999999999036,3.0,1.75,False,763.0648,764.8148,196.43320000000006,194.68320000000006,0.00985611043870449,0.02496892755681818,15961.562051195997,15488.128848274315,0.000230027913767165,30894.886363636364,23957.853940226454,2.028925305539515,3.727534743056002,5.516011353969078,16.9185877049078,11.837328955072048,14.775359443778454,58.59989470856982
959.66,959.7,USV_1212,0.04000000000007731,3.0,1.75,False,763.0648,764.8148,196.59519999999998,194.84519999999998,0.012123020365834236,0.017448874080882353,14400.911454322917,17104.70953101562,0.00043652387563791105,32012.867647058825,22546.129507755944,1.5219623389577652,7.3507485742965875,5.047621647488554,16.05474320886711,10.595010246509908,14.744959537376914,53.53420765648716
959.824,959.867,USV_1213,0.043000000000006366,3.0,1.75,False,763.0648,764.8148,196.75919999999996,195.00919999999996,0.011040326207876205,0.02066200657894737,14247.17869000654,15572.683343261198,7.195015602964862e-05,30384.86842105263,20965.974236486953,2.096296625555038,6.290253564156628,6.2863953938315476,16.903276535084473,10.137386754186062,14.837370791478005,55.88380224419874
959.956,959.981,USV_1214,0.024999999999977263,3.0,1.75,False,763.0648,764.8148,196.89120000000003,195.14120000000003,0.00965298991650343,0.014912923177083334,15572.93696784711,18483.866880188813,0.00023857268591003533,32000.0,26336.406026448425,3.0735737449645875,7.511998144079009,3.4991118883066434,14.320818478545306,11.317582566027985,13.504479400894894,49.77969747522072
960.015,960.023,USV_1215,0.008000000000038199,3.0,1.75,False,763.0648,764.8148,196.9502,195.2002,0.011969360522925854,0.023828125,17101.957530652064,23171.139833010904,0.0004851807106506202,31650.0,28167.423601360562,2.4577407312710102,5.723217910048155,3.612445803518625,13.36594446672621,7.684494213443507,13.451125139538892,32.40073047761968
960.294,960.347,USV_1216,0.05299999999999727,3.0,1.75,False,763.0648,764.8148,197.2292,195.4792,0.010342614725232124,0.018099698153409092,14936.704756746325,16764.292899752465,0.0003355690461364765,31913.352272727272,21911.014620825765,2.067029159249923,4.217420073835533,6.104906991663251,18.047080723982926,10.982712242602028,14.372196609531795,54.38270272479598
964.938,964.999,USV_1217,0.06100000000003547,3.0,1.75,False,763.0648,764.8148,201.8732,200.1232,0.010413811542093754,0.019228515625,14109.914288216583,15085.61195129522,7.037920031522277e-05,30427.5,17052.52412016957,2.6645221400405785,4.7829516620815875,5.12460386639374,15.289461225344155,10.764055653710319,14.700288372840502,56.45181523555415
966.05,966.085,USV_1218,0.035000000000081855,3.0,1.75,False,763.0648,764.8148,202.98519999999996,201.23519999999996,0.010034029372036457,0.0115814208984375,14920.949746698825,15367.634182689279,1.4821413278926041e-05,32542.96875,26312.359240334496,2.413163037585748,4.539284067617846,5.73502196924335,15.522353374161806,11.954208757811298,16.397537688934534,56.80877539447671
967.1,967.109,USV_1219,0.009000000000014552,3.0,1.75,False,763.0648,764.8148,204.03520000000003,202.28520000000003,0.013157367706298828,0.019083658854166668,21222.00680047112,18200.532317789013,0.00015716231611388713,33312.5,27964.18809681991,2.964515665046548,8.018997718784034,4.381610621741371,16.409286812022334,9.497673859178565,11.538780880191963,41.4291420627938
980.984,981.002,USV_1220,0.017999999999915417,3.0,1.75,False,763.0648,764.8148,217.91920000000005,216.16920000000005,0.008931495249271393,0.03586154513888889,16956.157782793623,16759.432140783218,0.0003616459550301174,32416.666666666668,22985.87922633399,1.1776342134083941,5.284978713513862,6.034110961986605,16.789005487895697,8.30951945606096,15.586472676591326,47.43118395387703
981.097,981.219,USV_1221,0.12200000000007094,3.0,1.75,False,763.0648,764.8148,218.0322,216.2822,0.011532537639141083,0.018254597981770832,14203.57711966018,15418.804028970191,0.00024059858665975882,31265.625,24433.31478035571,2.591110129270186,6.395582796123527,6.065210677664427,16.693857388462977,10.900050629780603,14.983697449683804,57.15900544589099
981.358,981.368,USV_1222,0.010000000000104592,3.0,1.75,False,763.0648,764.8148,218.29319999999996,216.54319999999996,0.006239309441298246,0.028645833333333332,19310.577558707977,21852.297640428053,0.0010974024714651275,33062.5,21718.192769451733,6.439486583451647,4.504870607679625,5.429596712282273,14.089709044280582,11.76091090402003,15.559861271911332,38.8482609001424
981.89,981.907,USV_1223,0.01700000000005275,3.0,1.75,False,763.0648,764.8148,218.8252,217.0752,0.013571507297456264,0.010199652777777778,16079.591492259413,16838.241568950987,8.312399630916982e-05,28583.333333333332,21884.911181454692,2.5889529742113937,6.589824295311645,5.069376076332776,16.162785262535373,11.098251506506369,12.413653765746957,48.58482963381353
982.012,982.111,USV_1224,0.09900000000004638,3.0,1.75,False,763.0648,764.8148,218.94719999999995,217.19719999999995,0.009342586621642113,0.023150634765625,15396.905463092542,15992.173727336873,0.0001820947600833889,31703.90625,21444.337539058608,2.397878757333706,5.150551265421923,5.104174050031645,16.63699532081758,10.05663325566205,14.412101349991236,58.596600125675444
982.251,982.308,USV_1225,0.05700000000001637,3.0,1.75,False,763.0648,764.8148,219.18619999999999,217.43619999999999,0.009294423274695873,0.036031087239583336,18000.474527537997,16354.078855986189,0.000192721521590722,32246.09375,26759.12300809839,2.548806959425755,5.047726370860193,5.044273093021467,14.176558632207653,10.01840891514089,15.175668589525314,58.46789000469943
982.56,982.594,USV_1226,0.0340000000001055,3.0,1.75,False,763.0648,764.8148,219.49519999999995,217.74519999999995,0.00834112148731947,0.024462890625,16059.199169664986,16542.646176550847,0.00015114863004104997,31193.75,22396.49175482038,2.041737421278426,3.641085228989091,6.751078553268548,15.791365796702257,9.820521916567143,14.70680377545001,53.55289728768214
983.343,983.359,USV_1227,0.016000000000076398,3.0,1.75,False,763.0648,764.8148,220.27819999999997,218.52819999999997,0.009132365696132183,0.01605224609375,15229.847110641022,17276.982615934226,0.00027122496232452137,30984.375,16154.682732220974,1.7158373538428346,3.7544733690758,6.069467305327326,15.98909820262457,11.437014843802487,12.805875617977078,45.66341417280945
987.424,987.523,USV_1228,0.09900000000004638,3.0,1.75,False,763.0648,764.8148,224.3592,222.6092,0.010707272216677666,0.03138427734375,15260.734397626376,13945.26612114895,2.117781166184758e-05,28671.09375,24320.82172300935,2.069200869787338,5.41945641341395,6.799895715546268,19.374288890457116,11.85670115772471,14.676871505137223,59.97674218429745
991.384,991.523,USV_1229,0.13900000000001,3.0,1.75,False,763.0648,764.8148,228.31920000000002,226.56920000000002,0.009642496705055237,0.022580788352272726,14494.185904677845,15497.958826717608,8.703824855205393e-05,31839.204545454544,21951.8506739526,2.236678553110533,4.901658350738777,5.580280083555824,17.681635630553398,11.517910793284463,14.921594429950753,57.92874159276027
991.693,991.722,USV_1230,0.028999999999996362,3.0,1.75,False,763.0648,764.8148,228.6282,226.8782,0.01033340860158205,0.008188100961538462,13898.016608063866,15635.353631623759,9.041558851185932e-05,31290.865384615383,20874.969292038582,2.8553767741151317,3.4297214989623876,5.10664481273134,18.569052722845246,10.652679714296111,12.346495248776453,52.59564031318313
992.265,992.276,USV_1231,0.010999999999967258,3.0,1.75,False,763.0648,764.8148,229.2002,227.4502,0.009435595013201237,0.010172526041666666,17127.415944490087,20486.011091056254,0.0002031229269706122,32437.5,27202.375413999467,2.133968438642255,5.470172553642914,4.56136556772663,14.302411467822402,11.997541606029882,13.880060854616161,44.14052000582319
993.533,993.607,USV_1232,0.07399999999995543,3.0,1.75,False,763.0648,764.8148,230.46820000000002,228.71820000000002,0.0072683608159422874,0.028076171875,16169.001509524483,16420.869472527815,0.0005792330702233614,33196.875,20436.73582032562,2.024623779353232,4.59183786418142,5.728672240142696,16.614296501036122,10.267019228983454,15.110421387648692,57.89989879296901
993.738,993.781,USV_1233,0.04299999999989268,3.0,1.75,False,763.0648,764.8148,230.67320000000007,228.92320000000007,0.010446636937558651,0.0218505859375,15779.769821243277,15099.967285302464,4.697657139976494e-05,31239.583333333332,26397.835375879265,2.4782620344482758,5.01689000337361,5.983167805787968,16.87237463774094,10.675314625228681,15.369624215207645,57.4415993637775
995.021,995.097,USV_1234,0.07600000000002183,3.0,1.75,False,763.0648,764.8148,231.95619999999997,230.20619999999997,0.012348632328212261,0.024358933971774195,13670.446362187427,14558.759103932569,0.00014837307146959997,28400.201612903227,17857.29000328674,2.383393194428176,6.180064918363428,5.409060026755893,14.82821231951171,11.993273270522518,13.318652031081472,58.920516913327006
997.707,997.764,USV_1235,0.05700000000001637,3.0,1.75,False,763.0648,764.8148,234.6422,232.8922,0.009293011389672756,0.028310139973958332,15135.598604857421,15559.710092931185,0.0006437516633443465,29265.625,17705.444330420833,4.244881963802984,5.5301476987686184,5.5699693402289725,15.14617849203402,11.008951460715332,15.159476514014578,57.371206176360225
1001.191,1001.289,USV_1236,0.09799999999995634,3.0,1.75,False,763.0648,764.8148,238.12620000000004,236.37620000000004,0.01017334870994091,0.025703625801282052,12571.297163344952,13147.462275585325,4.3984420539824316e-05,27401.44230769231,15212.024825130607,2.664117459886267,4.905476425800157,5.556723424935141,16.601643924082033,13.599579350368446,13.61936402566762,59.69445277327452
1001.777,1001.891,USV_1237,0.11399999999991905,3.0,1.75,False,763.0648,764.8148,238.71220000000005,236.96220000000005,0.010198240168392658,0.027425130208333332,13558.7651582484,13746.500246880245,4.2581179285294074e-05,28575.0,16393.210212758953,3.734301624568427,4.166010154705454,4.277609990376704,15.67002999266854,11.405074632721684,14.605707106134552,59.755288159951036
1002.082,1002.199,USV_1238,0.1169999999999618,3.0,1.75,False,763.0648,764.8148,239.0172,237.2672,0.010792850516736507,0.02541716202445652,13395.560521140624,14235.032447568614,5.0959245654928966e-05,29009.510869565216,17617.152238508686,3.204332526500459,3.5287646884189976,5.076451583699075,17.716554008656136,11.399294623868583,15.526929980176881,60.10175357090745
1003.784,1003.841,USV_1239,0.05700000000001637,,,None,,,,,0.010011746548116207,0.02691650390625,16104.584915704503,15285.010449198797,6.755715396633171e-05,31546.875,26683.705621581816,2.036938491978781,4.546777023068453,5.722372094858617,15.38113666999341,11.369851557922749,14.31323317491426,57.84737907342785
1012.792,1012.844,USV_1240,0.05200000000002092,,,None,,,,,0.011711329221725464,0.0167236328125,13736.102200365789,15879.542239198201,0.00010095486692027483,31133.522727272728,28955.84261475956,1.876541809137572,6.651638658053289,5.2889593413609965,16.190034193184538,11.559779338644443,15.087987700203502,54.46686058486171
1014.922,1014.946,USV_1241,0.02400000000000091,,,None,,,,,0.009477030485868454,0.017489346590909092,15326.074020622806,18564.39693165219,0.0002790792497167769,31951.704545454544,18571.009288803918,2.0791066034889356,4.236290332504418,5.997031940757878,16.74074995658567,12.067271210752141,15.240820162789383,48.79125709415137
1015.01,1015.143,USV_1242,0.1330000000000382,,,None,,,,,0.010633607394993305,0.021277794471153848,14641.202556058704,14900.96869012233,0.00011453619840521904,30638.221153846152,22800.606934922926,2.466939798262026,4.479017726725446,4.79524772621223,17.202245575132437,10.84226552217919,14.923979071503545,59.23919497397154
1015.783,1015.84,USV_1243,0.05700000000001637,,,None,,,,,0.007557022850960493,0.027943929036458332,15654.753558218772,16027.330316816107,0.00021086385192834126,31320.3125,20316.29527043239,2.613208535438842,4.050033040392337,5.360797366966071,15.9087374092662,12.183771707518796,16.674332475113925,57.14883272457052
1016.871,1016.887,USV_1244,0.01599999999996271,,,None,,,,,0.007196871098130941,0.026580810546875,16994.84583933506,19112.291447893906,0.00026626578885250243,32414.0625,21776.399785390757,4.2756736771123585,5.645203742585986,4.465720553805438,12.187009712142242,9.447866394501872,14.804666750767044,45.67896215024335
1017.482,1017.523,USV_1245,0.04100000000005366,,,None,,,,,0.007878479547798634,0.027886284722222224,17504.840078004563,18392.339759610553,0.0004130960460800694,33208.333333333336,24644.892342227453,1.9781824247104751,4.610130885028037,4.748872446869253,16.278089534727567,10.514252327002437,14.174025833823045,54.053324368713966
1017.761,1017.79,USV_1246,0.028999999999996362,,,None,,,,,0.02683711051940918,0.01337139423076923,9493.850777977284,14734.460194569923,2.9359764294847213e-05,24086.53846153846,24510.816394325055,1.9241645133603835,1.672212895684713,5.093733141501262,19.49320113947356,9.657384816420876,14.692679840784109,51.143810386678346
1018.939,1019.018,USV_1247,0.07900000000006457,,,None,,,,,0.011782865971326828,0.02530670166015625,12379.528886893673,13333.780123387127,2.1095656234155785e-05,26721.6796875,18032.383634119033,2.219779308214569,4.401716533767573,5.883499839673418,16.47493880216752,11.945789133321629,14.139964802805435,59.858934369879414
1019.779,1019.799,USV_1248,0.01999999999998181,,,None,,,,,0.009874687530100346,0.022265625,15316.634190425186,20786.39400459889,0.0006513258104473143,31556.25,24563.965699604465,1.2737114728342054,1.7156563786883752,4.933851687125279,15.267393530417616,9.147208331045814,14.017388092830245,46.15128510477318
1020.536,1020.614,USV_1249,0.07800000000008822,,,None,,,,,0.01174051035195589,0.0231170654296875,12219.29511833341,13672.404711068128,7.384083417529215e-05,27184.5703125,21953.13227882815,2.1776659620089474,3.955980918851476,5.892708391226929,17.560269164344305,11.739627171379835,16.503907481167623,58.97758960972787
1021.009,1021.018,USV_1250,0.009000000000014552,,,None,,,,,0.009525710716843605,0.01708984375,19121.426074045357,26682.589056703087,0.000848715646073229,35203.125,19076.1487029455,1.4062913301599103,2.9868512163668215,5.271638765363648,10.860673948397226,5.726821259358805,12.708365594935133,33.766439545765905
1021.311,1021.326,USV_1251,0.014999999999986358,,,None,,,,,0.010062482208013535,0.014007568359375,16247.071589385498,22375.854875093457,0.000541297658879497,32625.0,21621.931516367906,1.6924978445939673,5.982015319041061,3.3630729596045947,11.262001320073445,8.842709190336594,14.870711614622621,40.74178787986158
1023.332,1023.351,USV_1252,0.019000000000005457,,,None,,,,,0.006054095923900604,0.0341796875,18763.518482484553,21357.483601743203,0.0009852733729481865,34518.75,22437.62067797136,2.576001004076803,4.061927042605806,6.390380373256273,12.634165346849885,9.282937738906327,13.187301977674114,46.96748660751452
1024.477,1024.519,USV_1253,0.041999999999916326,,,None,,,,,0.008793475106358528,0.016818576388888888,14964.176761044348,16602.211907942354,0.00029192064816512534,31348.958333333332,26112.9449247535,3.1459693750578177,6.049111424791294,5.345653518662343,16.554120512460745,10.340930451479887,13.958355521167524,54.338356189068485
1024.787,1024.907,USV_1254,0.11999999999989086,,,None,,,,,0.009928676299750805,0.03169672539893617,14277.13223733345,13763.755477739416,1.2089030820448958e-05,29652.925531914894,20501.958313024483,2.8376818500325505,4.334711250762359,5.2272501663348665,16.727793129803395,11.544594799223836,14.320499116454881,60.92004190879897
1030.623,1030.716,USV_1255,0.0929999999998472,,,None,,,,,0.011854782700538635,0.014984955658783784,12325.677981910469,14114.057735517481,4.64539863836824e-06,29158.783783783783,18387.463049729653,2.3974673886563327,5.144203366061487,5.190979173216203,17.212676315325684,12.091300084325045,14.68026346086903,57.66370301578302
1031.157,1031.258,USV_1256,0.10100000000011278,,,None,,,,,0.010356071405112743,0.052252197265625,18447.676095011528,14901.921161121008,5.7466581824722544e-05,33323.4375,26257.966491355986,2.8971043059750565,5.098691640996435,5.199551768453276,16.464195940955108,10.844711897250525,14.9217585937325,61.21047422571653
1031.606,1031.674,USV_1257,0.06799999999998363,,,None,,,,,0.028094319626688957,0.011622837611607142,7804.75853243049,10736.43232072958,3.322096844423532e-06,18247.76785714286,23472.630100341736,2.3178699934365077,2.792263503355288,7.139261150466768,21.24227122017266,11.195460115101909,16.96164571663268,60.171148271433296
1031.806,1031.892,USV_1258,0.08600000000001273,,,None,,,,,0.03383525088429451,0.00927734375,7032.38246052677,11279.298340282005,3.482166184648541e-05,16968.75,26436.75318206266,2.8082041984576187,2.714892487468232,4.574673689425751,18.00627308616865,9.487147407135408,13.556101961056479,59.07323877591379
1033.063,1033.141,USV_1259,0.07799999999997453,,,None,,,,,0.01813327521085739,0.014678955078125,9781.508932290224,14023.835991859345,0.00039279051711964556,23416.9921875,26890.569325118275,1.761196529824746,2.439965673657053,4.6158695788916075,17.31459724167373,9.899680580094454,15.453287194577577,58.07063597011157
1035.911,1036.042,USV_1260,0.13099999999985812,,,None,,,,,0.010379737243056297,0.02068493412990196,13796.928729475345,14308.842985378311,6.354264909735133e-05,29358.45588235294,16734.537882584144,2.5488009957650557,5.460422457449427,4.907831139005502,15.18710387150582,11.088386956012096,13.677408612649288,60.01563367963959
1040.725,1040.841,USV_1261,0.11599999999998545,,,None,,,,,0.009880846366286278,0.033548106317934784,15094.27071292404,13648.9070393195,5.136733888362837e-05,29294.83695652174,16510.112745762213,2.6907997090437035,5.0764911763698075,5.128119810695757,16.175430877602267,10.482003272141142,14.25042879996398,61.44876957604006
1042.233,1042.377,USV_1262,0.14400000000000546,,,None,,,,,0.009913818910717964,0.031236921037946428,14394.443388432506,13723.617195991683,2.033398638178482e-05,29966.51785714286,16662.573119381406,2.256483733945534,4.682763310597146,5.411031847704807,14.193053561641836,11.292761894139712,15.064009309285913,60.440776198635845
1061.951,1062.083,USV_1263,0.13200000000006185,,,None,,,,,0.010233803652226925,0.030836838942307692,14788.180336938809,14500.854437886861,0.00010484788612243981,30436.298076923078,18307.90561582615,2.910560969820977,5.3939955429188355,5.604666709908845,16.421363121928444,10.39849767921121,15.626064932669435,58.71647247713443
1062.14,1062.203,USV_1264,0.06299999999987449,,,None,,,,,0.02311917021870613,0.019240159254807692,12801.266642475512,15239.105402894036,9.123489048366241e-05,27432.69230769231,23539.844971477592,3.2837020044527776,2.149762478800823,5.870996191558598,18.90808085445734,10.362799723988264,14.707757396853411,55.366815483215646
1062.45,1062.487,USV_1265,0.03700000000003456,,,None,,,,,0.008716166019439697,0.02886962890625,17102.28689242206,16837.033497356984,0.0002770829174606364,31576.171875,22849.52941692797,2.4354532902836166,3.4128170691888355,4.1793879810134165,15.023817361256501,11.48119183776928,14.542278065590473,54.8524299092924
1062.561,1062.671,USV_1266,0.11000000000012733,,,None,,,,,0.010284993797540665,0.029890580610795456,15865.45690223509,14383.139149184217,7.044954622626348e-05,30543.323863636364,21692.697805082124,2.2881976442212384,6.475466073117412,6.3080163737730635,15.73808478476053,11.772806665252228,15.228934124181052,60.24545514532881
1063.248,1063.359,USV_1267,0.11099999999987631,,,None,,,,,0.00901415292173624,0.030989213423295456,16221.56840532461,14295.887076393132,3.588701702312491e-05,31152.698863636364,21620.582643824608,2.8846025677269918,4.496447534420181,5.859353584674825,15.722511759692331,11.292877119735833,16.025832138428385,59.849500766599675
1063.397,1063.405,USV_1268,0.008000000000038199,,,None,,,,,0.006297352723777294,0.024365234375,17814.917125066448,19273.440566543955,0.0002124747633885421,32981.25,18755.03276194598,1.5318403174471718,6.0066518221260266,6.123716634131729,14.717261967305939,11.086001451439387,14.435244172300111,35.66112807258214
1079.367,1079.51,USV_1269,0.1430000000000291,,,None,,,,,0.011477078311145306,0.020516531808035716,13575.382437983537,14332.70030636177,3.7525372770404114e-05,29417.410714285714,21463.17250201089,2.8800256505487916,7.32510943587837,5.719574095378626,16.782117221042878,10.571507944445816,14.681311819879229,59.000743593088586
1084.043,1084.078,USV_1270,0.035000000000081855,,,None,,,,,0.010326136834919453,0.022491455078125,15551.415844941093,17650.70589100688,0.0002415711712793634,32308.59375,22803.030511426718,2.405174283126644,4.03097957057442,6.118808124545641,15.211231403246863,10.55084018523515,14.009037115408905,51.690122942862835
1085.227,1085.369,USV_1271,0.14199999999982538,,,None,,,,,0.0100381625816226,0.027086530412946428,13602.347392971027,13077.955821783418,1.9599753093063625e-05,28359.375,14972.776133103613,2.4583881473878826,4.420084197882034,5.64006901191644,16.979192489982,10.673049473916658,13.920992349266584,61.65014053225601
1088.336,1088.435,USV_1272,0.0989999999999327,,,None,,,,,0.008599326014518738,0.025728665865384616,14896.660344834616,14356.716608759327,5.1307674586259325e-05,30562.5,17141.02553423032,2.8592330687936443,5.747366020012131,5.1027232880417435,16.164507917232832,11.99950256425602,15.959961718280756,60.67644909585133
1095.21,1095.329,USV_1273,0.11899999999991451,,,None,,,,,0.009451146237552166,0.024440034906914893,14705.22651071581,15456.359934596863,0.0002166332186669995,30829.787234042553,21533.407397325223,2.411741855507714,6.322829305267767,4.666231394303613,16.011390382236275,10.838407514919005,14.253309694959551,58.645874597564536
1097.125,1097.23,USV_1274,0.10500000000001819,,,None,,,,,0.008079673163592815,0.03622581845238095,17020.200397973847,15147.437993497964,0.00024074879589666302,31276.785714285714,22409.309138588003,2.3932026889616353,3.146746159843586,5.051489248488674,15.959297164389087,10.828597720245977,14.332097989925263,61.1834927546385
1098.158,1098.212,USV_1275,0.05400000000008731,,,None,,,,,0.010501988232135773,0.0234375,14439.435739687657,15847.33655655615,0.0002257167841121675,30370.92391304348,19760.53835041444,2.0509203342405544,3.0931217143083294,5.7805368828456025,14.895585709954458,10.745548090521858,13.92047042007056,55.39868150935518
1098.407,1098.466,USV_1276,0.05899999999996908,,,None,,,,,0.009114213287830353,0.0274658203125,14472.602102942468,14078.532631531954,0.00019611406428106265,28937.5,17169.49706525437,2.1366102463499046,3.942429540196153,4.467757252762545,16.888726206596484,12.053575195658178,13.945996752500903,59.648808698898755
1099.189,1099.231,USV_1277,0.041999999999916326,,,None,,,,,0.04101002216339111,0.011216905381944444,6890.571088632118,11164.617619535877,0.00013894381337358486,13635.416666666666,14769.230769230771,1.5057196069816474,2.3178709241125923,3.6274491831805116,16.715782697934426,11.222973146363223,14.085512307038165,57.38656309405639
1099.295,1099.389,USV_1278,0.09399999999982356,,,None,,,,,0.023437267169356346,0.01081285978618421,7590.0339031582525,12014.711464678709,1.9812259623253444e-05,19601.151315789473,27693.148461476016,2.1252119527340283,2.6099271692572032,5.965879631021351,15.146924848673875,10.9289993072556,15.464724008337486,58.256590364079955
1099.794,1099.909,USV_1279,0.1150000000000091,,,None,,,,,0.06501055508852005,0.007870881453804348,6813.027112074341,10855.342654947208,8.534793601349933e-05,15668.478260869566,19896.91841907088,4.811452168247414,2.705655242312169,5.342950983053913,16.35581644735863,11.558602490828127,13.913430716595556,58.51968398778862
1105.127,1105.183,USV_1280,0.05600000000004002,,,None,,,,,0.01855475828051567,0.023225203804347828,11316.425357299257,13552.619427707772,5.1596945057204625e-05,26013.58695652174,25424.571451760443,3.0616913835423425,2.6341075138476553,4.813081412930236,16.308796744207772,11.623405100243247,16.859882410144788,58.97525359294854
1114.739,1114.759,USV_1281,0.01999999999998181,,,None,,,,,0.00688813254237175,0.0273193359375,14038.02641548441,16754.49115675746,0.0010574746104545318,29456.25,15316.368266600015,2.2168205384855053,4.272972903453491,5.500680372672912,13.855003463419862,12.82940177142944,12.613554959185537,51.06395112261403
1122.012,1122.093,USV_1282,0.08100000000013097,,,None,,,,,0.009328797459602356,0.02947443181818182,14172.768293405492,14453.522489015768,0.00018803040877177476,29000.0,16059.861675043763,2.51693035022989,5.689085315202485,4.668523799754893,14.65790617421529,11.809432586836824,15.923752594285379,59.146919658090795
1123.137,1123.194,USV_1283,0.05700000000001637,4.0,,None,1122.8398000000002,,0.2971999999997479,,0.010373005643486977,0.022613525390625,14679.166216296335,15637.809756775887,5.6280422202876965e-05,30550.78125,25257.18301143,3.327488454756135,7.488953780545448,5.358756056430181,16.674450976354674,10.783463615872591,13.86737646397666,55.484309272468096
1123.236,1123.249,USV_1284,0.012999999999919964,4.0,,None,1122.8398000000002,,0.39619999999990796,,0.00947931595146656,0.021728515625,15288.741694828826,17192.59889619504,9.574330688127393e-05,30053.571428571428,19153.202935696634,1.263708339741878,4.692632217573629,7.218216053929906,14.616117567911598,10.408089289965499,13.22929128153652,42.90449396918019
1124.714,1124.767,USV_1285,0.05300000000011096,4.0,,None,1122.8398000000002,,1.874199999999746,,0.008086202666163445,0.02324884588068182,15511.32741216602,16553.156725695033,0.0001567135484171211,31666.19318181818,20336.821571816647,2.131437173467962,4.43443546525825,5.489723420703797,16.34556186001549,10.836548866872532,14.933446098248572,56.35099250052469
1125.048,1125.096,USV_1286,0.04800000000000182,4.0,,None,1122.8398000000002,,2.208199999999806,,0.009882276877760887,0.0163818359375,14671.043417263121,16829.61712612642,0.00012997846977556255,31415.625,23636.678502858966,2.2793337941762446,3.250870941595025,3.780042833228215,16.51389908282986,10.854598548601903,15.380303896856827,55.27615969343683
1125.663,1125.798,USV_1287,0.1349999999999909,4.0,,None,1122.8398000000002,,2.823199999999815,,0.010039079003036022,0.02106979658018868,14542.619961953584,14335.35686342455,2.0231334005277676e-05,30422.759433962263,21454.34075599341,2.3527043825445775,4.722507244605846,5.054895626010923,16.183953844439984,11.10180874874931,15.43774633261844,59.82772965387206
1125.855,1125.902,USV_1288,0.047000000000025466,4.0,,None,1122.8398000000002,,3.0151999999998225,,0.014137079939246178,0.0176025390625,14585.11062072378,16390.424702367392,7.884562437902135e-05,29062.5,21088.807766075653,2.6621885130715794,6.0857909688657,4.9375399519804875,14.241935948620858,10.182544018743297,15.418245832816037,54.78993443933547
1126.266,1126.287,USV_1289,0.020999999999958163,4.0,,None,1122.8398000000002,,3.4261999999998807,,0.010309984907507896,0.0194091796875,14991.309113945536,18703.89780908784,0.00021577798865764848,31162.5,19821.471909952503,1.5319045729278655,3.593250758216964,6.237932434629584,14.71337577359119,11.252307648815512,14.885973242149936,47.08438415378673
1126.527,1126.598,USV_1290,0.07099999999991269,4.0,,None,1122.8398000000002,,3.687199999999848,,0.010512568056583405,0.024927599676724137,14221.557297248095,15402.802052812793,0.0001388652332842014,30177.80172413793,19562.501180223473,1.3175030610248613,4.839873816223692,4.914778795379776,15.478125377204014,10.510729185174558,14.111099830673982,57.71428844457766
1126.663,1126.776,USV_1291,0.11300000000005639,4.0,,None,1122.8398000000002,,3.823199999999815,,0.03412194177508354,0.027522786458333334,11630.85474035422,12320.27415597079,0.0001977827713049663,23458.333333333332,27528.879533256793,3.5710870645329793,3.560679215586414,5.9509297752716055,18.503209720396875,11.143428898992736,14.828301056107533,60.14040746951164
1126.939,1127.038,USV_1292,0.0989999999999327,4.0,,None,1122.8398000000002,,4.0991999999998825,,0.012433438561856747,0.025146484375,14254.239835686498,13723.692852546837,1.2996888536464046e-05,29235.576923076922,21432.600413047516,2.9708847588840004,4.301039623132801,5.690128846237276,18.76097273373182,10.816170702260768,13.954927530553933,60.321727585448464
1128.608,1128.751,USV_1293,0.1430000000000291,4.0,,None,1122.8398000000002,,5.7681999999997515,,0.01003686897456646,0.032741001674107144,15110.231246359133,14503.596807269209,8.74941384780884e-05,30227.678571428572,23572.35050344611,2.594386155941046,4.8951460783595735,4.84170835678795,17.407333344771413,11.697825690252598,14.482639080377258,60.39607846523784
1128.838,1128.871,USV_1294,0.03300000000012915,4.0,,None,1122.8398000000002,,5.99819999999977,,0.011013505049049854,0.0427734375,17663.918804746772,16755.20399211893,0.0001490733511192159,30875.0,23975.844349126495,2.129620430747336,4.689697095129154,6.278279795803426,16.756542480441443,8.975949931036798,13.546371920959684,52.992320856074016
1129.452,1129.522,USV_1295,0.06999999999993634,4.0,,None,1122.8398000000002,,6.6121999999998025,,0.012057062238454819,0.019489156788793104,12967.734246782022,15946.37014177211,0.0006611715971235582,29550.646551724138,24994.348660896976,2.9662428631106796,4.90585892677193,6.323915386043746,17.847785483600042,10.987012297165041,13.700107099839613,55.678443710751004
1131.771,1131.779,USV_1296,0.008000000000038199,4.0,,None,1122.8398000000002,,8.931199999999762,,0.012864047661423683,0.00419921875,16101.33141569586,23439.28662899453,0.00022542715311791475,30618.75,26085.608477951395,2.355399631556856,3.910147209207442,6.117795241914012,12.721144337290886,9.14846834738194,14.412937050813236,32.68241331245186
1131.94,1132.003,USV_1297,0.06299999999987449,4.0,,None,1122.8398000000002,,9.100199999999859,,0.010130525566637516,0.028357872596153848,13964.658649356874,13900.098298028235,0.00018866013262770672,28006.009615384617,16803.580287626028,2.4528731803759536,4.387525649259588,5.563214605616374,15.355419556156367,11.065939280858318,13.976656826813295,58.49721181210627
1132.036,1132.108,USV_1298,0.07199999999988904,4.0,,None,1122.8398000000002,,9.196199999999862,,0.010349820367991924,0.025693696120689655,14215.998393624366,14013.956084532228,3.053066634838982e-05,28758.620689655174,19613.25105121962,2.6431077413671114,5.32425489408301,4.4414611235084935,16.052297659637883,12.491021182077326,14.338442268738783,59.67988048209424
1132.877,1132.902,USV_1299,0.02500000000009095,4.0,,None,1122.8398000000002,,10.037199999999757,,0.009823043830692768,0.019083658854166668,13627.523001598229,17659.25609767876,0.0003343453057375319,28492.1875,18817.092011491877,2.473586424975132,5.031575516949215,3.9154873141350612,17.35454579974603,11.913048530002415,14.8924254738965,50.149171074003675
1133.051,1133.1,USV_1300,0.04899999999997817,4.0,,None,1122.8398000000002,,10.211199999999735,,0.011635415256023407,0.021065848214285716,13585.748510604228,14972.434485660415,0.00020370409323967924,28348.214285714286,18208.091530513866,2.5924970942595467,7.110446686490335,5.841927149974595,16.73180637433604,11.725648656926527,16.182567821331286,55.765463884385795
1133.182,1133.208,USV_1301,0.026000000000067303,4.0,,None,1122.8398000000002,,10.34219999999982,,0.009192252531647682,0.022989908854166668,15827.732048645636,17203.54697930123,0.0005377796275019825,30875.0,27264.104343148025,4.276680251087987,5.452540963419338,6.6273114781719,19.361104979611476,11.597838179376962,14.710398456283391,52.29499048340276
1133.451,1133.596,USV_1302,0.1449999999999818,4.0,,None,1122.8398000000002,,10.611199999999826,,0.015604700893163681,0.019659745065789474,9935.890889103808,12145.374715866323,1.3326982276600083e-05,23876.644736842107,25450.81315783856,3.5625789061254536,6.079276915488184,8.607038580330283,20.416014652686293,13.859795353829895,14.388638246654896,60.786015370924304
1134.078,1134.162,USV_1303,0.08400000000006003,4.0,,None,1122.8398000000002,,11.238199999999779,,0.0220797099173069,0.013269761029411764,10042.733448750392,13384.545444271285,0.00014028491215127467,23189.33823529412,21282.451548645447,1.911722560829628,5.993442937942832,11.560161209371437,21.852601792985602,13.495551086292991,14.43906859345103,58.51864467986763
1136.38,1136.505,USV_1304,0.125,4.0,,None,1122.8398000000002,,13.540199999999913,,0.012498000636696815,0.02043307557397959,14348.35275729998,14334.695914321794,0.00014373279472510133,29110.331632653062,20803.91933483428,2.745568423874663,6.068464971515165,4.464411170956622,17.414810861854974,10.906049751991008,15.28119829704968,60.00291344643576
1136.547,1136.645,USV_1305,0.09799999999995634,4.0,,None,1122.8398000000002,,13.70719999999983,,0.01102542970329523,0.02881485376602564,15718.26963088858,14255.783297906766,0.00023938406066340552,30021.634615384617,19321.390597459478,2.9781405191090107,4.1473762566598085,5.381793706323453,16.568125170378185,10.593340279486632,13.899002288005345,61.41830316601534
1136.688,1136.743,USV_1306,0.05499999999983629,4.0,,None,1122.8398000000002,,13.848199999999906,,0.012380539439618587,0.020125679347826088,13890.213184790717,14749.332651015635,8.816797879653645e-05,29282.608695652172,20138.968492826483,2.664703136249102,6.485154314443911,5.956321179645486,18.72164366356762,11.232928855778885,13.653977078141647,56.752359815817805
1136.859,1136.869,USV_1307,0.009999999999990905,4.0,,None,1122.8398000000002,,14.019199999999728,,0.008829365484416485,0.0240478515625,18783.78651306345,22209.59937491245,0.0009379311552927108,33390.625,28170.999434047186,2.607833692880409,1.5917615121514446,6.416596867217421,14.546466062402777,6.987619950936277,12.99507921687474,37.09880249401914
1137.086,1137.109,USV_1308,0.02299999999991087,4.0,,None,1122.8398000000002,,14.246199999999817,,0.008099731057882309,0.021595348011363636,16059.16644031384,16262.740650819858,0.00012283739124847686,30988.636363636364,22086.763200924514,2.791045103875531,2.0659162573369065,4.205986690585058,14.855887034840485,10.503467599912208,13.14891327105989,50.793718416401795
1137.182,1137.216,USV_1309,0.03399999999987813,4.0,,None,1122.8398000000002,,14.34219999999982,,0.008370441384613514,0.024332682291666668,14193.842816856184,14385.848276199182,3.7902708707895847e-05,30318.75,20270.674928426874,2.18592620333492,5.859172837615188,5.670395277500405,15.8632619970265,10.927093853661876,14.14903004590128,55.48599004633913
1138.033,1138.069,USV_1310,0.03600000000005821,4.0,,None,1122.8398000000002,,15.193199999999706,,0.009698576293885708,0.0268707275390625,14373.950790282435,16823.402637961586,0.00014661325635562108,31394.53125,21141.897468368887,2.443013131616399,5.457209882159036,4.726891340152711,17.264992083968124,11.435375709735872,14.586192527071535,52.27448199133774
1138.208,1138.235,USV_1311,0.026999999999816282,4.0,,None,1122.8398000000002,,15.368199999999888,,0.008536607958376408,0.028279622395833332,16809.087639444868,17806.364838635785,0.0006660929675025609,32148.4375,24449.852706022666,2.4774002146169165,2.909787705069346,5.630604412866773,15.158525242019458,11.739262552823206,14.078665644389636,54.99833495235873
1138.354,1138.388,USV_1312,0.03399999999987813,4.0,,None,1122.8398000000002,,15.514199999999846,,0.011773975566029549,0.012841796875,12307.719440149092,16063.471237674088,2.761716236501939e-05,29631.25,17643.010461708345,2.5106073213060864,7.588335701486174,5.814236984146805,17.295550381491285,11.659029975641698,16.40748711998035,52.40896351328899
1138.417,1138.475,USV_1313,0.057999999999992724,4.0,,None,1122.8398000000002,,15.57719999999972,,0.010232103057205677,0.025136311848958332,15445.582356227713,15844.763580904977,0.00013287750789670318,31468.75,20437.572279972923,2.5302671859618564,6.42536448223013,5.282098374666251,15.726385376347082,10.76061203874726,13.582121437528963,55.87169122805972
1138.555,1138.657,USV_1314,0.10199999999986176,4.0,,None,1122.8398000000002,,15.715199999999868,,0.011456447653472424,0.034221370045731704,15556.673690381676,14118.065405670712,8.939869915817667e-05,29254.573170731706,17774.999713847265,2.379911385047465,5.429424818691032,4.9982871420039325,15.086393577777871,10.798089699283306,14.32004118920716,59.32767348271658
1139.333,1139.353,USV_1315,0.01999999999998181,4.0,,None,1122.8398000000002,,16.493199999999888,,0.013938440009951591,0.010986328125,12758.202099238153,18762.03824695103,0.0011386960107556984,25528.125,14769.230769230771,2.7383567885753006,4.352055503555286,5.243280225560067,13.02939363626923,10.536779059806923,15.475303811735794,48.075098672843055
1145.359,1145.449,USV_1316,0.09000000000014552,4.0,,None,1122.8398000000002,,22.519199999999728,,0.010447613894939423,0.038431803385416664,15895.516569994174,14142.679103067603,4.014812564074192e-05,30255.208333333332,18321.82336456839,2.0365847824503445,5.789446916140235,5.393981516414755,14.835204744519539,11.439820311655318,16.28650900712324,60.88417955752053
1145.744,1145.815,USV_1317,0.07100000000014006,4.0,,None,1122.8398000000002,,22.90419999999972,,0.008112705312669277,0.02576946390086207,15523.417625800777,16505.44224049734,0.00022247603663196153,32001.077586206895,20303.29992752624,1.8803815712615448,4.471717197988536,5.438433610202558,16.11959443053575,11.733923695302312,14.780402031633457,57.094519110497885
1145.895,1145.978,USV_1318,0.08300000000008367,4.0,,None,1122.8398000000002,,23.055199999999786,,0.010475512593984604,0.025577320772058824,15788.252249065945,15253.988817444642,9.481737719966496e-05,30639.70588235294,17580.988227813745,2.114845977385327,5.747752185538193,4.536363639531808,14.509347634695603,11.280719373243274,14.613461597922598,58.70560361074598
1146.086,1146.101,USV_1319,0.015000000000100044,4.0,,None,1122.8398000000002,,23.246199999999817,,0.009709211997687817,0.022735595703125,15058.54086190887,15893.546148301797,6.597216750224628e-05,30527.34375,19913.31905826152,2.5350227837262196,6.614411025226278,5.058948110840001,15.82175065452995,10.941329567887808,14.561524442916543,47.04127385897847
1154.787,1154.839,USV_1320,0.05199999999990723,4.0,,None,1122.8398000000002,,31.94719999999984,,0.008693575859069824,0.019442471590909092,14749.505651447578,16442.6393058055,0.00035871101271723054,31274.147727272728,15776.37175257738,2.020318850001443,3.1095585365626017,4.862621684225911,15.190297848490264,11.504509747608218,13.557786098801795,56.20898662462366
1163.309,1163.388,USV_1321,0.07899999999995089,4.0,,None,1122.8398000000002,,40.46919999999977,,0.013224303722381592,0.024566650390625,14998.024720188847,14998.800814860457,0.00037725247594755623,30410.15625,17611.643304614758,3.4190601541809222,4.677919751970905,4.273455484791242,14.765827959147405,11.369174374660284,14.555242283416314,57.379564264701315
1164.021,1164.029,USV_1322,0.008000000000038199,4.0,,None,1122.8398000000002,,41.18119999999976,,0.012416735291481018,0.01689453125,17072.82751973315,22532.13190912899,0.00020784912386432236,32343.75,25513.80707390546,1.7048582636945606,6.650726601474071,3.043965070868988,13.51314456410907,11.012149249744528,13.494615208770858,34.79078686710951
1164.722,1164.737,USV_1323,0.015000000000100044,4.0,,None,1122.8398000000002,,41.882199999999784,,0.00843934714794159,0.01983642578125,16731.5946683717,20896.038927832982,0.0018741464262441614,32871.09375,20564.541715245578,3.0912229529813327,1.9990663920412106,9.723285195833544,16.83751006598181,11.241424319647125,15.858610466974785,45.10476870278228
1165.048,1165.186,USV_1324,0.13799999999991996,4.0,,None,1122.8398000000002,,42.208199999999806,,0.011361229233443737,0.033732096354166664,14337.792333864527,13110.94560441326,6.633800665214333e-05,28352.430555555555,14953.119849174192,2.5547859031866462,5.18206620782964,5.865361302114082,16.073373503975777,10.911304097415666,14.870218905680852,61.99550531703027
1165.36,1165.402,USV_1325,0.0420000000001437,4.0,,None,1122.8398000000002,,42.520199999999704,,0.008824026212096214,0.0184326171875,14775.570572529845,15776.18706065339,0.00020978472039157384,31447.916666666668,24255.03114388103,2.7548411703919875,4.608926596215849,5.3725506240544565,16.03165371994625,10.355420585040974,14.738860849973328,56.22115406428056
1165.635,1165.676,USV_1326,0.04099999999993997,4.0,,None,1122.8398000000002,,42.795199999999795,,0.00857650488615036,0.024658203125,15235.478135714715,16398.3300461326,0.0007703895371943313,31885.416666666668,17677.364553092964,2.363920573935788,4.628668097574572,6.002789878799295,15.446911451696757,10.13914323847707,14.485314461066382,54.25492379843879
1165.767,1165.831,USV_1327,0.06399999999985084,4.0,,None,1122.8398000000002,,42.92719999999986,,0.011165625415742397,0.023700420673076924,13700.851709835651,15391.3630576975,0.00026223437659799484,29368.990384615383,24772.121849960204,2.7432355958405092,4.0854838684814565,7.1170074461462285,16.500905998681425,10.731459107742655,15.906076995096669,57.161957024921655
1166.168,1166.213,USV_1328,0.04500000000007276,4.0,,None,1122.8398000000002,,43.3281999999997,,0.01046806201338768,0.016845703125,12531.17366890301,14746.544884754147,1.7419510718380053e-05,28736.842105263157,19443.665650215604,2.3359829449161005,4.072149724872589,4.551071819083354,18.00058335185897,10.811187635091965,15.73082319710557,55.77747198801575
1166.834,1166.875,USV_1329,0.04099999999993997,4.0,,None,1122.8398000000002,,43.994199999999864,,0.00896611250936985,0.022962782118055556,15000.87601781352,16793.46526744923,0.0002491865811368939,30682.291666666668,24073.903971965232,1.8327830884799217,5.351789005214487,5.697974605088794,15.02027440437865,10.902449957231246,15.552686960136757,52.782697044157324
1167.012,1167.023,USV_1330,0.010999999999967258,4.0,,None,1122.8398000000002,,44.17219999999975,,0.009213108569383621,0.018269856770833332,13417.056247552997,16058.473197236364,4.4589112954397744e-05,28765.625,22236.513790117813,1.1730381147878062,5.138729271469214,4.773765207573849,16.93981925193293,10.749985267454946,16.428368242008172,45.76419093162153
1167.192,1167.207,USV_1331,0.015000000000100044,4.0,,None,1122.8398000000002,,44.35219999999981,,0.011070150882005692,0.00921630859375,15508.438015016278,20146.79225130648,0.0006161547044186783,30527.34375,17769.13131278756,2.266142574143972,3.0078610613988284,4.275385520765827,13.392794207124442,9.93960119222364,14.965841316904978,42.572770699754784
1167.642,1167.669,USV_1332,0.027000000000043656,4.0,,None,1122.8398000000002,,44.80219999999986,,0.010321453213691711,0.006403996394230769,13675.862301969124,17515.939545033216,0.0001786564112636371,29711.53846153846,17624.025944207497,2.462390862141481,3.8186664652616296,4.497093450799027,14.246751611979475,10.11737707120534,13.51718306265096,50.39971306668346
1167.755,1167.795,USV_1333,0.03999999999996362,4.0,,None,1122.8398000000002,,44.91519999999991,,0.009112352505326271,0.022561465992647058,16126.18818414505,16394.56070964785,0.000162148492197581,31042.279411764706,24300.242034700183,2.709235052716278,4.9439793236846645,4.3039333544875555,14.897420883543745,10.946506442928472,16.16005483185214,55.0999387585487
1168.179,1168.195,USV_1334,0.015999999999849024,4.0,,None,1122.8398000000002,,45.33919999999989,,0.007442402187734842,0.015533447265625,15116.916191953973,14498.051107735162,2.0521118106959297e-05,30339.84375,19014.519130531575,2.35304141735812,3.057618768109751,3.771003250441122,15.032893572720827,11.565556661619638,14.579736709208584,50.72878035649535
1168.383,1168.415,USV_1335,0.03199999999992542,4.0,,None,1122.8398000000002,,45.54319999999984,,0.007595933508127928,0.04912458147321429,17275.189047074884,15162.079333995247,7.191758672639816e-05,32136.160714285714,23214.09342899176,2.1688240612811223,3.073897132033534,4.924964863964598,16.793854577980373,10.95309203855194,16.76731362423067,56.210142782642286
1168.595,1168.644,USV_1336,0.04899999999997817,4.0,,None,1122.8398000000002,,45.75519999999983,,0.009670116007328033,0.025448753720238096,14724.21659786978,15872.239328703014,5.872186589482687e-05,30986.60714285714,22224.812138936482,2.0513206914083875,5.2293150986983346,7.245793989013366,18.165706192826946,11.24354238509686,14.659623234175374,55.11608597373921
1168.714,1168.728,USV_1337,0.014000000000123691,4.0,,None,1122.8398000000002,,45.874199999999746,,0.009563443250954151,0.03753662109375,17345.706525525602,20800.37639267624,0.0003612425946837744,32929.6875,25607.314933315192,0.42513688502397023,4.347708830546046,5.566791059436309,12.588818341663035,10.939859927062873,15.538487231178205,41.82154159932985
1168.791,1168.8,USV_1338,0.009000000000014552,4.0,,None,1122.8398000000002,,45.951199999999744,,0.00700036296620965,0.015584309895833334,18851.328327996827,22239.13367141184,0.0011575083783736987,35015.625,23549.973526605143,4.767176790608217,3.158830175261753,5.3868630580934,12.122926895114759,10.46859891962581,13.627009346495806,36.78567569556994
1169.034,1169.077,USV_1339,0.04299999999989268,4.0,,None,1122.8398000000002,,46.19419999999991,,0.009197905659675598,0.023125542534722224,14635.875894836334,16496.14011996344,0.0005268972044403615,31557.291666666668,22052.173037590535,2.2693383478258786,5.054879610343411,6.474129438664161,16.099962088880385,11.21034546011524,14.825869208599256,55.51321185426198
1169.77,1169.8,USV_1340,0.029999999999972715,4.0,,None,1122.8398000000002,,46.930199999999786,,0.01036102045327425,0.025983537946428572,18043.238528911657,18994.150995783315,0.0003666741190847755,34024.55357142857,24524.147260077454,1.872191902945375,4.482583264083201,4.823633554576953,13.252683384916226,11.268575859892263,14.15927357146634,51.7436121045676
1169.952,1169.961,USV_1341,0.009000000000014552,4.0,,None,1122.8398000000002,,47.1121999999998,,0.010418251156806946,0.026041666666666668,18542.720434966443,18920.751851170324,0.0001642029489036462,31687.5,23574.065506378465,2.01983275211022,5.971078728856789,6.185911539590286,11.654197552709315,9.972471745320583,13.221394884535892,40.50822633557873
1170.02,1170.057,USV_1342,0.03700000000003456,4.0,,None,1122.8398000000002,,47.180199999999786,,0.00882697757333517,0.02069091796875,17643.504621443164,17748.439593445,0.0004607599483266667,33925.78125,27449.393258013817,3.274492903241565,5.8704177113874625,6.191251424488768,15.922546179274862,10.230424235945968,14.024638032666974,52.78167719134049
1170.174,1170.184,USV_1343,0.009999999999990905,4.0,,None,1122.8398000000002,,47.33419999999978,,0.008263054303824902,0.018961588541666668,18239.654894761276,19484.69479230831,0.00021997752635005254,32281.25,26266.330416400902,1.0978440459534669,7.507673835002945,5.706446255970211,14.91038685993572,11.80719272230615,12.01912571210061,38.90353461446431
1170.217,1170.297,USV_1344,0.07999999999992724,4.0,,None,1122.8398000000002,,47.3771999999999,,0.009731543250381947,0.0318450927734375,16171.79299171129,15561.433134396622,0.00014040619517495244,32159.1796875,25715.713406191633,2.6896119017124445,3.475594357748437,5.117956961763405,17.373116723062488,11.785370665137606,14.140719797282037,57.417444947844956
1170.699,1170.782,USV_1345,0.0829999999998563,4.0,,None,1122.8398000000002,,47.85919999999987,,0.008761336095631123,0.022853042140151516,15829.407360054356,15464.977394443173,0.00016405762994073088,32278.409090909092,26852.80487536326,2.8117536326664596,4.846050830134167,5.648502139701333,17.101219616402695,11.283731648740787,14.513924558294201,58.58566685419049
1170.842,1170.874,USV_1346,0.03199999999992542,4.0,,None,1122.8398000000002,,48.0021999999999,,0.009875358082354069,0.0145263671875,16089.962440993817,17091.616679045906,0.0002870763918476229,32491.071428571428,27091.4749791389,2.2703701256940385,6.566310291132042,6.217467872047831,16.081771262508475,11.386231991527486,15.381600506055753,54.40510804653149
1170.983,1171.032,USV_1347,0.04899999999997817,4.0,,None,1122.8398000000002,,48.14319999999975,,0.012031587772071362,0.013323102678571428,14962.38261033953,15718.097738296663,9.486797920953058e-05,31388.39285714286,28304.894348536312,2.676463912904026,6.965468638620158,4.992824473066359,17.407410637086393,11.394079082948815,15.202440279883243,54.52024004908605
1171.163,1171.173,USV_1348,0.009999999999990905,4.0,,None,1122.8398000000002,,48.323199999999815,,0.006862834095954895,0.030354817708333332,19423.596873474056,20147.11742118052,0.0005024738724366616,33328.125,27078.735959872898,2.3403587716578462,2.283951967567597,5.190488702075684,14.704321665034074,9.494031827945728,13.207343134227932,38.491589523719284
1171.476,1171.526,USV_1349,0.049999999999954525,4.0,,None,1122.8398000000002,,48.63619999999992,,0.01005326397716999,0.017450241815476192,14648.247533191095,16273.155591567329,7.195663584108805e-05,30785.714285714286,21045.57732476636,2.517044706492276,4.11054068356727,5.898658235324435,17.239855374990903,11.360657860020561,15.804688288497744,55.26888052265493
1171.572,1171.639,USV_1350,0.06700000000000728,4.0,,None,1122.8398000000002,,48.73219999999969,,0.012288636527955532,0.021571568080357144,15211.14486626039,15980.0298036325,0.0003404585799546203,30408.48214285714,22744.891530086046,1.4205746963824062,6.067574178772868,5.069579397962611,16.109810931333513,10.025016055096033,14.187690833939127,56.70003112939725
1171.764,1171.875,USV_1351,0.11100000000010368,4.0,,None,1122.8398000000002,,48.9241999999997,,0.010193699039518833,0.01995849609375,14452.81181427954,15231.246697043032,8.195736938197108e-05,30681.81818181818,16700.431344119355,2.957969179757604,4.2178687211578305,5.153326169872809,15.739859025445611,11.492230356075233,14.696719228546838,58.7889581269552
1172.378,1172.39,USV_1352,0.012000000000170985,4.0,,None,1122.8398000000002,,49.53819999999973,,0.008420619182288647,0.030622209821428572,18497.57163932903,16926.81766291796,0.0004811945916713695,31647.321428571428,16287.494615643142,3.0973825913059767,6.706665959258872,5.539973752940666,13.556142997444537,10.355309275209297,15.912500928752612,46.56452177858829
1172.577,1172.605,USV_1353,0.02800000000002001,4.0,,None,1122.8398000000002,,49.7371999999998,,0.010719556361436844,0.01421649639423077,15108.867776943836,17106.68070079153,0.00013632250078932123,31247.596153846152,23564.182866450148,2.31828546691856,4.50612297472119,6.436213027412167,15.940009065990568,11.46451017970249,14.366635615045862,50.59988327382853
1172.712,1172.792,USV_1354,0.07999999999992724,4.0,,None,1122.8398000000002,,49.87219999999979,,0.007612182293087244,0.03002166748046875,16157.794834352884,15376.068887865538,0.00015170586885500094,32525.390625,24015.09994051601,3.2055005311352924,5.104770273686043,5.06944173402232,15.614734818806658,11.010627898559402,15.041424357888392,58.624648279728035
1173.199,1173.236,USV_1355,0.03700000000003456,4.0,,None,1122.8398000000002,,50.35919999999987,,0.012769654393196106,0.012420654296875,14456.501714990187,16122.11398596183,0.00014364304004673187,29894.53125,25534.54987584835,2.569344878233662,3.8986659504122274,5.579560522018845,17.637915407537438,10.24830886420698,16.806358987471,54.06907009092655
1173.468,1173.492,USV_1356,0.023999999999887223,4.0,,None,1122.8398000000002,,50.62819999999988,,0.007300002500414848,0.027787642045454544,16431.203369006605,17140.358414594106,0.0002574002443901392,31789.772727272728,26535.60247270705,2.0591390741431215,4.762450169040454,4.966199871468143,16.601463622606317,8.239908147891946,15.51912669741929,51.16561119732341
1173.553,1173.59,USV_1357,0.03699999999980719,4.0,,None,1122.8398000000002,,50.713199999999915,,0.013896690681576729,0.0174407958984375,16681.3886069101,16913.95228517137,0.00021081621286544135,31060.546875,24965.767788738085,2.672074994947642,3.577696925037093,4.239168847549887,14.273618716538245,10.666068962784411,14.059406714773868,54.15710239887761
1173.733,1173.783,USV_1358,0.049999999999954525,4.0,,None,1122.8398000000002,,50.89319999999975,,0.010525526478886604,0.02174014136904762,15644.234689435287,16099.57109347615,0.00020275559372320845,32013.39285714286,26547.689956327013,2.204360644181917,5.031760740915526,5.11308288568151,15.729604256440263,10.67697653642218,15.823336738772484,55.45855898711771
1176.017,1176.034,USV_1359,0.01700000000005275,4.0,,None,1122.8398000000002,,53.17719999999986,,0.0061104861088097095,0.020833333333333332,17400.19014083556,19543.339591949476,0.00036727518553178294,32875.0,21233.66790302327,2.1611657606959245,2.4723410457268695,7.2323184230633855,11.026821363652198,9.841248055079161,12.880076270702014,46.03334760917894
1176.086,1176.104,USV_1360,0.018000000000029104,4.0,,None,1122.8398000000002,,53.24619999999982,,0.006052644457668066,0.033121744791666664,16894.46392072344,16478.006528905324,0.00042747714338600197,32437.5,26329.769889067375,2.299397794174099,3.6712575176909295,5.064574435848734,19.434179611281536,11.157056093460492,14.766886045945702,49.60479835647279
1176.17,1176.2,USV_1361,0.029999999999972715,4.0,,None,1122.8398000000002,,53.33019999999988,,0.008455172181129456,0.017054966517857144,15829.95679173963,18734.10685482148,0.0005393034684381318,32075.89285714286,18505.53831058673,2.0601863281215884,3.2059479327634337,5.075463271005256,15.955930084846413,11.70412946355232,14.16121405962591,51.34712091622038
1176.876,1176.93,USV_1362,0.05400000000008731,4.0,,None,1122.8398000000002,,54.03619999999978,,0.008333977311849594,0.02627165421195652,15331.444582975659,15890.321263565727,0.00011426225424601118,30611.41304347826,22123.091310364736,2.354124823550587,3.161929272257757,6.024067603114575,16.993261428763347,11.278803226000395,14.646465020070467,57.4561984479499
1176.959,1176.977,USV_1363,0.018000000000029104,4.0,,None,1122.8398000000002,,54.119199999999864,,0.010892506688833237,0.014024522569444444,12658.00484639526,15053.862341646005,3.542015763825191e-05,27802.083333333332,25424.332823832585,1.8239811215260593,3.3074004589617245,4.6064226017387595,16.400954268040348,10.208895262123212,17.32792632043811,48.71151174913874
1177.792,1177.819,USV_1364,0.027000000000043656,4.0,,None,1122.8398000000002,,54.95219999999972,,0.010198498144745827,0.017596905048076924,15635.880024647826,19717.841441842742,0.0003272739427553241,32826.92307692308,20208.185516183537,1.7432302553872001,7.356788642553136,6.527046835496738,14.327652593718167,10.28069199870362,16.931860066623294,49.156501317335156
1180.157,1180.193,USV_1365,0.03600000000005821,4.0,,None,1122.8398000000002,,57.31719999999973,,0.011364452540874481,0.018798828125,15966.601442711817,18915.92637852284,0.0005868978240938893,32425.78125,28251.3344968475,2.2348523660814834,4.616644424315197,4.789188160895675,15.202031939028121,11.854991966212276,14.635912240474097,51.800163521591855
1182.557,1182.639,USV_1366,0.08199999999987995,4.0,,None,1122.8398000000002,,59.71719999999982,,0.009427999146282673,0.025472005208333332,15047.919792428698,14896.920154656946,0.00020160157174907572,30440.340909090908,19914.013408952393,2.5293522144960683,4.480921875413655,3.9286692209658716,16.01451801172723,12.366724599753388,15.373273576056757,58.400621870705045
1186.389,1186.43,USV_1367,0.04100000000016735,4.0,,None,1122.8398000000002,,63.5491999999997,,0.008022680878639221,0.0242919921875,15453.445602879157,16205.735241404564,0.00016599325402008312,31192.708333333332,16094.474177224147,2.0927835285603913,5.068397098080632,4.739217618497342,16.001238851556238,13.291217812211064,14.737595615402645,54.243593541766906
1188.816,1188.826,USV_1368,0.009999999999990905,4.0,,None,1122.8398000000002,,65.97619999999984,,0.00758887454867363,0.022379557291666668,16233.003340521993,17679.693176376724,0.00022662420745186304,32125.0,29391.629284566236,2.708475246620614,4.796908428364268,3.624326640600149,17.084240684624127,9.548614131494329,14.4511291699416,39.978140365262846
1189.104,1189.17,USV_1369,0.06600000000003092,4.0,,None,1122.8398000000002,,66.26419999999985,,0.01186416670680046,0.011773003472222222,13268.735360715134,15644.361885587407,0.00018303006355608836,29472.222222222223,18283.90906110141,2.475979899091274,3.9805088610367703,5.321541568575587,17.26598552952704,12.217993712382308,14.551701815153969,56.11348218002499
1189.414,1189.436,USV_1370,0.021999999999934516,4.0,,None,1122.8398000000002,,66.57419999999979,,0.01059262827038765,0.016867897727272728,13947.079820777133,17756.339444603695,0.00033763815337054773,28159.090909090908,21024.020065120454,4.600288094877569,5.0206824368527725,4.912194509464763,15.66986281087083,9.466780922309328,15.972809332312648,48.981673341131426
1198.605,1198.62,USV_1371,0.01499999999987267,4.0,,None,1122.8398000000002,,75.76519999999982,,0.0063658105209469795,0.027191162109375,19234.60979937677,20856.530955110855,0.0007093040159360171,33656.25,24071.624617623707,2.081384138192452,4.383850753567927,3.4724911899622954,11.491917864136973,10.96413556079786,14.346564853709939,44.62664970290419
1199.722,1199.756,USV_1372,0.0340000000001055,4.0,,None,1122.8398000000002,,76.88219999999978,,0.009890632703900337,0.018391927083333332,14048.222704603268,16889.09157891419,0.0002977934286040363,30031.25,16835.262407560138,1.8816373924988425,5.870397601022565,3.6220181151260373,15.590438351369889,10.743320150546896,15.189518111562743,52.779766923653476
1204.539,1204.547,USV_1373,0.008000000000038199,4.0,,None,1122.8398000000002,,81.69919999999979,,0.0106721306219697,0.016796875,14952.3184594675,17025.991072335637,0.00019948023255886776,30112.5,23603.88579446011,1.8198817052873923,3.1190922281513713,4.339118649362443,14.79851173956591,11.327065841224762,16.158924981600137,37.706331717625
1204.71,1204.784,USV_1374,0.07400000000006912,4.0,,None,1122.8398000000002,,81.87019999999984,,0.010597147978842258,0.031412760416666664,15711.316928903585,14387.230807440115,0.00017225606502303077,29846.875,21047.12145573316,2.4469815560674024,4.30210492716133,4.272324274477535,17.030211101337567,11.84497928511237,15.515526844129353,59.86152818804267
1205.122,1205.155,USV_1375,0.032999999999901775,4.0,,None,1122.8398000000002,,82.28219999999988,,0.008861660026013851,0.027262369791666668,16878.253930614464,17934.860355446173,0.000841567579530114,31487.5,24264.386865793844,3.9963513380753386,3.2591933527570647,5.3273696291551635,17.20972845217218,11.926461471080222,15.030516691749092,53.95168280654312
1205.444,1205.495,USV_1376,0.05099999999993088,4.0,,None,1122.8398000000002,,82.60419999999976,,0.010574659332633018,0.023623511904761904,14103.650389351511,13836.352987211252,5.303400236999086e-05,29241.071428571428,19324.996960571647,2.5240692927848065,4.097499953918426,4.66095287688025,16.301203393192605,13.067250792513889,16.181242630495195,58.06930142404084
1211.545,1211.556,USV_1377,0.010999999999967258,4.0,,None,1122.8398000000002,,88.70519999999988,,0.00801935512572527,0.025187174479166668,18555.339322560838,20972.005423802195,0.0008989627710440394,32921.875,25647.061860408576,2.391322042939414,5.062509718387466,5.3436372957168325,11.99035921796009,9.574582299953482,15.845696592028569,44.89801417798264
1215.139,1215.168,USV_1378,0.028999999999996362,4.0,,None,1122.8398000000002,,92.2991999999997,,0.008730188012123108,0.03217022235576923,14992.588655115482,16039.703435772584,6.79828148185439e-05,31485.576923076922,26442.203279352554,1.9211423163932078,5.256821849593455,5.01894669495753,13.853672712707064,10.66622423952924,15.502852326287735,51.65367162766843
1215.26,1215.315,USV_1379,0.055000000000063665,4.0,,None,1122.8398000000002,,92.4201999999998,,0.008310012519359589,0.022301715353260868,15155.473423282057,15530.834803821097,8.195817019638428e-05,31222.82608695652,17918.528916072904,2.9630163342512628,2.945677303295328,5.417909625469446,15.06463733767793,12.11884419163839,15.14400234707573,57.15900270439206
1216.776,1216.795,USV_1380,0.019000000000005457,4.0,,None,1122.8398000000002,,93.93619999999987,,0.01101216021925211,0.0161865234375,15704.385019338975,20472.35472678403,0.0004639237753865114,31528.125,25386.21396564239,1.0578777685041287,7.899778853454587,4.684296176729584,12.745799847596867,8.542029794641586,12.813778838119394,45.196283237025945
1216.983,1217.001,USV_1381,0.018000000000029104,4.0,,None,1122.8398000000002,,94.14319999999975,,0.010191168636083603,0.04798719618055555,17420.603970017066,17568.544988149613,0.00010428695521849295,30729.166666666668,24684.972052318226,1.0587780365302586,6.337659800440914,5.4926424800523215,15.093415179941438,10.077776777491033,13.261956227810552,47.82003333017592
1224.256,1224.27,USV_1382,0.013999999999896318,4.0,,None,1122.8398000000002,,101.41619999999989,,0.006671433337032795,0.024383544921875,18635.06034054811,22987.021587112016,0.0006759398846903127,34710.9375,25416.32673284593,0.6979771407168369,3.699587716906085,5.232981216904826,11.897620769650585,7.336784555478607,13.511159163756817,42.39187157668662
1228.306,1228.344,USV_1383,0.038000000000010914,4.0,,None,1122.8398000000002,,105.46619999999984,,0.010670993477106094,0.02192957261029412,14640.496477362183,15547.205207444747,0.00021701217313304413,29580.882352941175,24151.22416290265,1.946801331727245,2.62005198235128,6.93923486143585,16.513188207212707,9.807771838280146,13.306313135638995,54.20416427046634
1232.624,1232.709,USV_1384,0.08500000000003638,4.0,,None,1122.8398000000002,,109.78419999999983,,0.007794823497533798,0.024521771599264705,14421.826661655443,14391.395457485629,1.3389569913391877e-05,31224.264705882353,17698.51097347333,3.1754636327823493,3.0512064901099087,5.764816311150949,16.712444944231528,12.254263187849512,15.818270204314203,60.13378023854005
1238.523,1238.537,USV_1385,0.014000000000123691,4.0,,None,1122.8398000000002,,115.68319999999972,,0.009337155148386955,0.038330078125,17115.33852865745,18551.52011416736,0.00037295707766948655,30878.90625,16529.0793698193,0.9584489509535898,5.705892875283407,6.055059395306868,14.086470329837459,10.113361929633324,13.966957591456568,45.53022899190999
1239.019,1239.052,USV_1386,0.032999999999901775,4.0,,None,1122.8398000000002,,116.17919999999981,,0.010635574348270893,0.016861979166666666,14412.877726192284,15822.170134377659,5.7088041928975184e-05,29668.75,22421.664438316602,2.501562949563852,5.000569676981425,5.263645207772686,15.057398397222626,10.810713958552306,13.441366535978364,53.255041682629546
1252.469,1252.482,USV_1387,0.012999999999919964,4.0,,None,1122.8398000000002,,129.62919999999986,,0.00919578317552805,0.017299107142857144,17088.92231163104,18523.819236877895,0.0003510344144544369,30924.10714285714,24052.6756368117,2.5469789769875057,5.64737004899478,4.947081591437592,15.48498220282956,12.518080639877999,12.628969314822482,43.68547690839834
1252.85,1252.886,USV_1388,0.03600000000005821,4.0,,None,1122.8398000000002,,130.0101999999997,,0.024117007851600647,0.012237548828125,10896.84176590198,16526.28548804791,0.00044717285922064105,27070.3125,25897.42564369536,2.7815904303808123,2.4011742647149656,6.057161937570748,14.37978425133097,10.243090932446925,12.235334250173143,49.8831675133064
1253.215,1253.224,USV_1389,0.009000000000014552,4.0,,None,1122.8398000000002,,130.37519999999972,,0.007296379655599594,0.015950520833333332,17406.27905388759,22686.259315601987,0.0003306864660062848,32671.875,25456.697047074893,2.3935489773268652,3.7124531660520947,4.34223136908203,11.470778206213742,9.385109563635343,15.337391662810967,35.52387650171281
1254.339,1254.365,USV_1390,0.026000000000067303,4.0,,None,1122.8398000000002,,131.49919999999975,,0.009820091538131237,0.01177978515625,16828.864532112715,20040.70015233285,0.0003104241662874843,33304.6875,26829.614716950047,2.603150987265995,6.390632910953383,4.472641784314696,15.183173974668817,8.854383735858123,13.02255015287438,49.144800432754806
1255.81,1255.833,USV_1391,0.023000000000138243,4.0,,None,1122.8398000000002,,132.97019999999975,,0.009182149544358253,0.030140269886363636,16445.420251577696,16721.493937746385,0.00024750197365215474,30017.045454545456,21620.95268604631,2.1310379762935128,2.6203605001760195,5.667278565269397,15.68937507624862,10.074079349537277,12.579161291370616,51.99033484860604
1256.081,1256.105,USV_1392,0.024000000000114596,4.0,,None,1122.8398000000002,,133.2411999999997,,0.009451390244066715,0.028231534090909092,15554.73073853783,17436.590953875337,0.00014047756514419567,30426.136363636364,21009.062842399504,2.263237498143055,4.341293836676441,5.513214363853671,15.11716054896117,11.137419348942169,15.843847083849603,52.249511597007334
1256.235,1256.28,USV_1393,0.04500000000007276,4.0,,None,1122.8398000000002,,133.3951999999997,,0.00914937537163496,0.03502775493421053,15646.35216088041,15852.43164694781,0.00011422104195809705,30784.53947368421,19587.964167837254,2.0107192716431483,4.743285434715911,5.108480411722328,17.52241906192495,12.799345291387134,13.82761440152659,56.559142714694595
1269.418,1269.431,USV_1394,0.013000000000147338,4.0,,None,1122.8398000000002,,146.5781999999997,,0.006510961335152388,0.020751953125,16214.498444848092,17065.30223643776,0.0002681442751621246,31607.14285714286,22873.190389320636,4.623446440894935,5.238361089048019,8.639512097078333,15.167409411650697,13.350334599513777,14.994538235220123,44.682478672710694
1272.105,1272.145,USV_1395,0.03999999999996362,4.0,,None,1122.8398000000002,,149.26519999999982,,0.012185607105493546,0.013427734375,13555.48861600673,17025.896423055245,0.00014474506678431606,31025.735294117647,21790.02634207406,2.0137277515738066,5.741398704219186,6.250705354201895,17.11009564054545,11.230505184787077,13.42712177894612,53.97754359757731
1272.591,1272.669,USV_1396,0.07800000000020191,4.0,,None,1122.8398000000002,,149.7511999999997,,0.010304071940481663,0.02679443359375,15588.056414584535,15484.502131161333,0.00017360717569149173,30128.90625,22346.336843050856,2.6501995128929865,4.460800566014303,5.245651229610042,15.012928872759103,11.427778867665246,15.01983919267738,58.62105915005324
1272.762,1272.794,USV_1397,0.032000000000152795,4.0,,None,1122.8398000000002,,149.92219999999975,,0.010915318503975868,0.030866350446428572,15770.618185386584,15191.01174130635,3.391905260000316e-05,30790.178571428572,24849.080279705726,3.095773627670001,4.6038877663351725,5.561841699467048,17.806497163484924,12.14929509264358,15.948281425135784,55.42268736991623
1272.992,1273.012,USV_1398,0.01999999999998181,4.0,,None,1122.8398000000002,,150.15219999999977,,0.00871925987303257,0.016552734375,15348.100119683266,18927.620511115507,0.0002755674306626752,31256.25,21484.74306204341,2.265832770324571,4.97714281708279,6.022212004080272,17.60934724321544,9.944260806338875,16.270607442266517,47.133730865021676
1273.07,1273.116,USV_1399,0.04600000000004911,4.0,,None,1122.8398000000002,,150.23019999999974,,0.011569680646061897,0.023046875,15518.948493992139,17168.926093537397,0.0002365185028012936,31078.125,22005.0170645558,2.8460750970744053,5.33926760063058,4.599526720463502,15.714975721504834,10.249514600533995,15.072732814043201,53.72082097379574
1273.344,1273.451,USV_1400,0.1069999999999709,4.0,,None,1122.8398000000002,,150.50419999999986,,0.010019498877227306,0.029134114583333332,15029.855597902793,14872.144979107854,0.00011234045744316084,30566.964285714286,20484.25065840236,2.485123183160095,3.756040979957066,4.250612754396473,17.39209672418592,11.52917927613213,13.472363676452025,60.75117806990551
1273.509,1273.615,USV_1401,0.10599999999999454,4.0,,None,1122.8398000000002,,150.66919999999982,,0.0098153967410326,0.024826776413690476,14944.525387860751,14721.667229133633,2.5020651987279135e-05,30828.125,23369.818255719758,2.431052216864778,4.81384492138043,5.6371546962173085,17.837775830753298,11.52632452134092,14.759434008058978,59.64499781495916
1273.906,1273.922,USV_1402,0.016000000000076398,4.0,,None,1122.8398000000002,,151.06619999999975,,0.008124079555273056,0.02008056640625,16670.72184542399,18964.44705082961,0.000141829320476344,33152.34375,26454.789555761796,2.1976382421660223,8.171511306883534,5.477636683364368,15.457204596666084,13.403927919150824,13.263309566668402,45.489723695318546
1274.09,1274.126,USV_1403,0.03600000000005821,4.0,,None,1122.8398000000002,,151.25019999999972,,0.010314811021089554,0.0092926025390625,15448.611282656188,18365.79804607398,0.0003402154304095922,31833.984375,23161.68223503091,2.1701330000201775,2.6155263999345184,5.991852395397592,15.473279203767891,10.114637240257467,13.284293984622721,52.148935733501105
1274.23,1274.331,USV_1404,0.1009999999998854,4.0,,None,1122.8398000000002,,151.39019999999982,,0.008001968264579773,0.0283447265625,14972.776221933449,14675.59455260752,4.0870576089574394e-05,30888.28125,19415.921485582767,2.820730664871833,3.364763184769972,5.997384864378679,17.614781111235192,12.517677935829076,13.815488958093812,59.7749931714903
1274.46,1274.489,USV_1405,0.028999999999996362,4.0,,None,1122.8398000000002,,151.62019999999984,,0.011396635323762894,0.026761568509615384,15673.531673149826,15096.871710092188,6.458605049923048e-05,29646.634615384617,14888.724760079884,2.187304442457556,5.176457168019575,4.466350875168238,16.652445296018048,10.709909895635159,13.326336526383843,55.25362785565986
1274.659,1274.676,USV_1406,0.016999999999825377,4.0,,None,1122.8398000000002,,151.8191999999999,,0.008838225156068802,0.021511501736111112,15153.489287654213,17893.989774481277,0.00011641380488925133,31270.833333333332,25013.613032932273,1.6168631457953504,4.257355072009409,7.04342179959335,18.17607839445301,10.36608574085217,13.653913637067907,45.89816397047371
1274.814,1274.935,USV_1407,0.12099999999986721,4.0,,None,1122.8398000000002,,151.97419999999988,,0.015408110804855824,0.049285888671875,15889.0448210675,12903.321809704134,0.00012529257246442964,28611.328125,17923.244393431345,2.241196476670393,3.5254583365980126,4.836646876179715,15.902319132750455,11.488818477238036,15.107036487184393,63.84164517943962
1275.169,1275.187,USV_1408,0.01799999999980173,4.0,,None,1122.8398000000002,,152.3291999999999,,0.01262565515935421,0.025851779513888888,15692.637926470015,20532.794506327613,0.0005937816568603764,31385.416666666668,16473.70684631446,2.7984257715939727,3.9794349896594983,5.867260570399095,9.776508364039698,8.305492765102272,14.217584830645638,43.760251824424216
1275.346,1275.356,USV_1409,0.009999999999990905,4.0,,None,1122.8398000000002,,152.5061999999998,,0.05990834906697273,0.0026448567708333335,10349.713864171783,20404.718256206437,0.00016524366781911934,22468.75,29608.648577493546,3.9107190624120807,2.4043451104812177,4.563486823689117,16.555310031302863,9.409746424961407,12.79530126507533,34.259265660890186
1275.715,1275.766,USV_1410,0.05100000000015825,4.0,,None,1122.8398000000002,,152.87519999999972,,0.009865223430097103,0.016279740767045456,14494.982905186986,15940.538129091705,0.00040226507469240483,29467.329545454544,15495.18787965076,2.696379729100391,3.587048554867515,4.513502000502449,14.571145156075858,10.829431879488634,14.424688368884842,56.7820406156256
1276.171,1276.185,USV_1411,0.013999999999896318,4.0,,None,1122.8398000000002,,153.33119999999985,,0.016562961041927338,0.007843017578125,11107.611982758022,13773.903262887841,1.3276295382865709e-05,26460.9375,18394.98911907065,1.6974694769834464,4.976518024271908,5.298469220403258,16.184877439694567,9.588770688177554,13.014624653863937,49.01026656799136
1282.961,1282.991,USV_1412,0.029999999999972715,4.0,,None,1122.8398000000002,,160.12119999999982,,0.009892626665532589,0.01806640625,14945.420362854371,16795.010893396648,0.0002808046918199656,30629.464285714286,17721.565777932025,1.8503867100949327,6.3991806944322684,5.231843620866411,16.629446238357588,10.442922033265058,13.57433701124811,52.28089781556563
1285.97,1285.994,USV_1413,0.023999999999887223,4.0,,None,1122.8398000000002,,163.13019999999983,,0.005779255647212267,0.03531161221590909,17382.971330033524,18276.047665778384,0.001321372246109579,34414.77272727273,16896.504517567264,3.2092140133638343,3.652268095772266,5.272680064455218,16.033800011654012,12.248558199131663,16.46030575889648,52.35852301517238
1286.311,1286.365,USV_1414,0.05400000000008731,4.0,,None,1122.8398000000002,,163.47119999999973,,0.009707862511277199,0.02114470108695652,15557.767743902266,16568.247982207282,0.00028620621570457085,31402.17391304348,21809.441281553372,2.241300211971344,4.095565220227856,4.7732237768662,16.722251809079673,10.890429707043001,13.865793454997384,54.99872400036977
1287.652,1287.784,USV_1415,0.13200000000006185,4.0,,None,1122.8398000000002,,164.81219999999985,,0.009962927550077438,0.022423377403846152,14419.539806743815,14872.702311415234,3.853360302546785e-05,30192.908653846152,18384.703755625487,3.1894784125040143,4.2414934625634935,5.8273734013518075,16.74547344397049,10.698508180338402,13.875322634143421,58.89237076652331
1288.018,1288.113,USV_1416,0.09500000000002728,4.0,,None,1122.8398000000002,,165.17819999999983,,0.011884617619216442,0.03162263569078947,14556.662735008855,13424.993789288577,6.036686379153324e-05,27769.736842105263,17927.068066472217,2.6107823732032154,4.084022597590775,4.85044193234906,16.14007297280217,12.306022852967805,13.657996381996432,61.38537083639694
1288.253,1288.301,USV_1417,0.04800000000000182,4.0,,None,1122.8398000000002,,165.41319999999973,,0.039479292929172516,0.0106689453125,9003.480285151596,14069.238865899155,7.75001887437545e-05,22560.9375,22427.97719983903,4.718071869073789,2.5660681638437497,4.503425938655639,20.51725482087852,10.265278207857772,14.625473351651442,54.17230236639692
1288.756,1288.822,USV_1418,0.06599999999980355,4.0,,None,1122.8398000000002,,165.9161999999999,,0.012091572396457195,0.024016203703703703,14302.264681975277,14972.166552039995,0.0003133454106209504,28562.5,19665.8459719758,2.4928075722529393,3.0458045361032076,5.229582002938274,15.231313349541622,9.67462300183311,15.117805838518976,58.62949701470578
1289.356,1289.383,USV_1419,0.027000000000043656,4.0,,None,1122.8398000000002,,166.5161999999998,,0.008704154752194881,0.016094501201923076,14438.883483491305,15615.09269298362,7.629528460785111e-05,29531.25,20335.308350283223,2.131009446021728,3.318376662962715,5.756232452979997,15.138372295521586,10.40103498003462,13.987496530703257,53.292584166713674
1289.732,1289.752,USV_1420,0.01999999999998181,4.0,,None,1122.8398000000002,,166.89219999999978,,0.010061432607471943,0.02470703125,14043.602024638803,16810.90086013589,7.159605349389227e-05,29793.75,17750.807492156593,1.5521935525872554,4.51365440778555,5.067298230178403,15.302379693056086,10.721023679821874,13.436375719147247,47.8676329782144
1289.954,1289.978,USV_1421,0.024000000000114596,4.0,,None,1122.8398000000002,,167.11419999999976,,0.012039787136018276,0.018421519886363636,13375.801104681881,15712.90447792613,8.975694542364222e-05,29642.045454545456,19420.293237459355,2.7333894895649284,5.572999446797997,5.151234680297149,16.0313016293556,9.915930976454016,13.78760028878405,51.84153261671333
1290.112,1290.165,USV_1422,0.052999999999883585,4.0,,None,1122.8398000000002,,167.27219999999988,,0.009895076975226402,0.025745738636363636,15945.110179904237,14973.885670121812,0.0003745179193932869,30000.0,22667.90947579688,2.655667360809361,3.426013787929077,6.037642897368358,16.63811057198834,10.981665348063489,15.02943247719288,58.25335216366516
1290.198,1290.241,USV_1423,0.04299999999989268,4.0,,None,1122.8398000000002,,167.3581999999999,,0.009518989361822605,0.018012152777777776,13931.308747340549,16408.346887252526,0.000411808440918316,30114.583333333332,17134.129253416268,2.1118715404918524,3.096460039312472,6.785175583852267,15.409611315443604,10.760911400966329,15.76754781768707,55.990176669620226
1290.313,1290.374,USV_1424,0.06099999999992178,4.0,,None,1122.8398000000002,,167.4731999999999,,0.010097760707139969,0.01765625,14259.079813214534,14228.747536002336,5.9346524981290106e-05,28770.0,18960.842007139072,2.9050075427467035,3.6638882286231325,5.406348332117676,14.155456790316002,10.497068302435277,14.511571504650027,57.919156430232796
1290.416,1290.437,USV_1425,0.020999999999958163,4.0,,None,1122.8398000000002,,167.57619999999974,,0.007415709551423788,0.0318603515625,15194.002284280581,14782.846354924437,4.024091812851424e-05,30750.0,23295.34552612123,1.9479290896099641,4.639800289271922,5.011475883224545,19.19801949687652,11.52058320362384,15.446961833874699,52.91545700482991
1290.506,1290.517,USV_1426,0.010999999999967258,4.0,,None,1122.8398000000002,,167.6661999999999,,0.010621792636811733,0.013712565104166666,16498.163510958144,22438.169279678175,0.0007353693493288058,31156.25,22539.114352224857,2.4726429213270076,2.2549061890625075,3.6924619660057822,12.030313572531297,9.212910587634953,11.716370921567565,42.130033169045866
1290.566,1290.696,USV_1427,0.12999999999988177,4.0,,None,1122.8398000000002,,167.72619999999984,,0.010180908255279064,0.023528454350490197,14543.034915535352,13829.533635569476,6.0594722649850695e-05,29694.852941176472,17655.3863495682,2.671375628059583,5.071298909186574,4.740685442205173,16.81294092333933,11.439119924944002,16.14034121920143,61.101083854504786
1290.921,1290.948,USV_1428,0.027000000000043656,4.0,,None,1122.8398000000002,,168.08119999999985,,0.009660471230745316,0.02015099158653846,16115.887936411185,19643.07410913219,0.00042794354687837155,32675.48076923077,22787.420071202116,1.9900776205705024,3.2445686377762533,5.812236515043545,16.32048672243446,9.953065503279872,13.736797876202699,49.54015429050917
1291.371,1291.424,USV_1429,0.052999999999883585,4.0,,None,1122.8398000000002,,168.5311999999999,,0.007582124788314104,0.016091086647727272,16217.208294169839,16540.538616479735,0.00037508595084315756,32723.011363636364,17494.6796079116,2.806470040355907,2.9325284649561065,4.899816396824103,15.761582084287705,11.85983686306187,13.114157808205874,56.20988458282366
1291.719,1291.741,USV_1430,0.021999999999934516,4.0,,None,1122.8398000000002,,168.87919999999986,,0.011769614182412624,0.021528764204545456,18153.865203919195,16802.06486287375,0.0002722536404377776,32991.47727272727,24412.719550862654,2.8006206706765995,8.044167876684021,4.796235841061416,12.56453963809219,9.634871063418581,13.46423495038829,51.00899396611021
1292.013,1292.041,USV_1431,0.02800000000002001,4.0,,None,1122.8398000000002,,169.17319999999972,,0.008458809927105904,0.026423527644230768,18094.45028308566,19737.026035026447,0.0003413673762506468,33677.88461538462,26933.18609527753,2.485882398392366,4.222892522436721,4.9359600470955955,12.799925535280021,10.001795140614693,13.758796832072134,49.959095615834535
1292.62,1292.668,USV_1432,0.04800000000000182,4.0,,None,1122.8398000000002,,169.7801999999997,,0.008895287290215492,0.03795166015625,16478.886732356914,15559.853205874188,0.0004419050988868671,30660.9375,17147.882205948685,1.7335903100471977,4.990533398410816,5.154918145669467,16.57201567915994,11.444143379451814,13.158254885355543,56.569983114882234
1292.796,1292.855,USV_1433,0.05899999999996908,4.0,,None,1122.8398000000002,,169.95619999999985,,0.010450649075210094,0.015574137369791666,13668.158569056954,15454.606459209173,2.562129466855001e-05,30375.0,17494.96397221801,2.492651547922954,5.153503513434787,5.533084534225608,17.63256199716768,11.791213641521038,14.371886892711691,57.27213984701192
1292.887,1292.902,USV_1434,0.015000000000100044,4.0,,None,1122.8398000000002,,170.04719999999975,,0.00677321944385767,0.023773193359375,18375.54986475803,20233.315032278675,0.0005376659578430814,32625.0,19713.248558265528,2.712029597461001,4.7213110624085735,4.733886094551929,14.678530325206056,10.710952573697192,12.846006384639331,45.07010338359312
1292.94,1292.948,USV_1435,0.008000000000038199,4.0,,None,1122.8398000000002,,170.10019999999986,,0.00959988683462143,0.017333984375,19755.57074742525,23225.104250466873,0.000360106438181971,33862.5,26729.550650257683,1.7044106445198264,2.283642223722386,5.942969995916117,10.510931872260402,8.17756046412334,12.134908784436298,33.8519537346221
1293.223,1293.245,USV_1436,0.021999999999934516,4.0,,None,1122.8398000000002,,170.38319999999976,,0.006909480784088373,0.02448064630681818,19201.490487704115,18752.993358226282,0.0008783494808492657,35471.59090909091,23703.34951461728,3.1529037348566615,3.415465427267072,3.720826474796675,14.386161831520695,9.264961697879846,13.508123505282276,51.54199742638659
1293.311,1293.324,USV_1437,0.013000000000147338,4.0,,None,1122.8398000000002,,170.47119999999973,,0.007469827774912119,0.019496372767857144,17152.244401537882,17551.02978398048,0.00040887360658898285,31245.535714285714,18793.90893325165,2.3507809164195854,1.6733252359300905,6.090934673145735,12.254704651025694,10.529393063936919,14.240593734494809,46.27938204882243
1294.158,1294.231,USV_1438,0.07300000000009277,4.0,,None,1122.8398000000002,,171.3181999999997,,0.010452654212713242,0.020955403645833332,13531.991339295604,15222.309494218722,8.005609158267557e-05,29678.125,17272.660932733044,2.095078152991678,6.259198821421622,5.1214670352160185,17.712316891343587,11.259993848920171,14.976720757919873,57.27762406971662
1294.388,1294.511,USV_1439,0.1230000000000473,4.0,,None,1122.8398000000002,,171.54819999999972,,0.009887948632240295,0.024065290178571428,13861.99879326368,15207.033169078462,0.00031909976429490323,30625.63775510204,19328.366891806763,3.049461646325386,5.331770744759859,4.494433389123621,15.941482940288333,10.580832546662261,15.551717085470475,58.85898207062879
1294.723,1294.763,USV_1440,0.03999999999996362,4.0,,None,1122.8398000000002,,171.88319999999976,,0.011405249126255512,0.02900965073529412,15196.552410832912,14182.223325884866,9.251490074187361e-05,29128.676470588234,20031.922334730632,2.551932001741714,4.928124098394557,6.370474758383473,18.151825311951473,10.968360496225635,12.783789889012336,56.428291870120205
1295.088,1295.098,USV_1441,0.009999999999990905,4.0,,None,1122.8398000000002,,172.24819999999977,,0.009198605082929134,0.017496744791666668,17193.98105317811,22920.271949972757,0.0004513630641261753,32375.0,16381.820772481462,1.4576320899042112,4.571196381008839,7.250027498680775,12.533210108855345,7.791467265441803,14.78346794358176,35.95607014520927
1297.17,1297.294,USV_1442,0.12400000000002365,4.0,,None,1122.8398000000002,,174.33019999999988,,0.01008795015513897,0.018589564732142856,13895.382782297915,14595.268244179098,5.21031649613794e-05,30229.591836734693,15643.609588108871,3.6149429860168203,4.426859710806633,5.478187942571947,16.786424181413533,11.744096930114035,15.016698566048982,58.38816480466798
1298.008,1298.128,USV_1443,0.11999999999989086,4.0,,None,1122.8398000000002,,175.16819999999984,,0.009722782298922539,0.02828395113031915,14603.908392450576,13850.28706279559,3.1791674986413437e-05,30155.58510638298,16482.619450614362,2.643181230178636,5.3299252106953885,5.388976593906889,18.301634929327108,12.602080414334585,15.254735021445073,60.57682237602823
1298.171,1298.212,USV_1444,0.04099999999993997,4.0,,None,1122.8398000000002,,175.33119999999985,,0.010329348966479301,0.022406684027777776,14718.032835436876,15466.774319691696,9.875113265406184e-05,29510.416666666668,21597.45546991921,1.9168649418971992,4.947567225793313,3.9406977375376306,15.884306946813192,11.167421141282723,15.901882001957656,55.88011333677125
1298.689,1298.714,USV_1445,0.024999999999863576,4.0,,None,1122.8398000000002,,175.84919999999988,,0.010474489070475101,0.02276611328125,15796.026696007377,16589.976158278256,0.0001367072882475243,30109.375,16138.760645539478,2.919834036997914,5.6142551623873915,4.684269598801197,13.30272839032009,10.490777245811875,13.876891878474956,51.29514803674322
1303.535,1303.64,USV_1446,0.10500000000001819,4.0,,None,1122.8398000000002,,180.6951999999999,,0.013965634629130363,0.020205543154761904,13367.335849777239,13762.627573571803,8.938368499585245e-05,27511.160714285714,15481.487850485963,2.8033125103163914,5.973911610404305,5.318472402904379,15.673837325626106,11.290236916450379,14.812875308113282,58.546381467010825
1307.979,1308.056,USV_1447,0.07699999999999818,4.0,,None,1122.8398000000002,,185.13919999999985,,0.011262418702244759,0.0166015625,13849.901249535882,14769.427527440486,0.00019205216227134568,29525.201612903227,18782.4347348339,2.496197710952102,5.753044713082288,4.427245591193466,14.901922957550598,9.642793354208699,15.413254127822121,56.81372723625148
1308.983,1308.998,USV_1448,0.015000000000100044,4.0,,None,1122.8398000000002,,186.14319999999975,,0.010292703285813332,0.01690673828125,15412.732917280666,19830.574078591337,0.0004943853576515923,31371.09375,16878.683439547243,2.4406610663849513,2.9457783094408407,4.029264980369016,10.940209865426336,8.408748624426433,13.557798744898307,43.17485879802376
1309.576,1309.677,USV_1449,0.1009999999998854,4.0,,None,1122.8398000000002,,186.73619999999983,,0.00825982354581356,0.027044677734375,13998.140275486885,14075.05483665699,2.2562434156774237e-05,30049.21875,15237.275783621139,2.7892293959209944,4.7888863376092505,4.32924799590767,16.33212591971655,11.4129246346906,14.935124652657702,59.0226807098256
1309.827,1309.856,USV_1450,0.028999999999996362,4.0,,None,1122.8398000000002,,186.9871999999998,,0.008416669443249702,0.02674278846153846,14685.036428704363,16138.322416643463,0.00032296464354245144,29012.01923076923,15935.648083926062,2.2895021427923363,2.656255307134319,6.289917319356927,15.168934062495445,10.595070959256187,17.104451142376007,53.18174525398251
1309.954,1310.006,USV_1451,0.052000000000134605,4.0,,None,1122.8398000000002,,187.11419999999976,,0.008921871893107891,0.022327769886363636,14345.056776275964,15120.595096052888,0.00019010303859375957,30481.534090909092,16413.397352128748,1.9046466430504312,3.8642839743641377,5.775730012689288,15.476383119096772,10.935638072580389,14.65929158401727,56.08856786343168
1310.176,1310.201,USV_1452,0.02500000000009095,4.0,,None,1122.8398000000002,,187.33619999999974,,0.010450276546180248,0.014485677083333334,14732.507710208285,16030.16354702521,6.579220821035603e-05,29578.125,19391.199313820507,2.839869205500135,4.530534285186995,3.792824860276033,14.631970594017176,9.357396520203979,14.866194664497174,51.2325430345909
1314.679,1314.726,USV_1453,0.047000000000025466,4.0,,None,1122.8398000000002,,191.8391999999999,,0.0290929414331913,0.00621337890625,8232.28227239993,14262.888401206083,0.00012904065480392565,21689.0625,30362.124683184793,2.8364641229432936,3.426504057281157,5.040426576592234,16.695519831762372,9.09248691605583,14.1119592848682,51.85498563397816
1317.044,1317.088,USV_1454,0.04399999999986903,4.0,,None,1122.8398000000002,,194.2041999999999,,0.010472811758518219,0.02572471217105263,15022.250326527188,15053.857786630653,0.00023975605876949097,29338.815789473683,19109.2448071742,3.1273169108378895,2.983408200352413,6.002073247978638,17.573476656251444,11.581967514960311,13.903168500251082,57.828927885528536
1317.669,1317.721,USV_1455,0.05199999999990723,4.0,,None,1122.8398000000002,,194.8291999999999,,0.010071676224470139,0.01679021661931818,14950.370658066875,17085.66858343522,0.00039922018787170527,32002.840909090908,23254.508923690275,2.257881346519012,4.574166730228096,4.868678602628523,14.950451360392252,10.589657326659411,15.112977938663844,55.487873311111436
1317.879,1317.978,USV_1456,0.09900000000016007,4.0,,None,1122.8398000000002,,195.0391999999997,,0.008937864564359188,0.030078125,15636.410973638955,14661.98579824359,9.693767806073935e-05,30457.03125,17310.652559222613,2.997141634169439,3.5861461771005936,5.45636296654081,15.248785213350805,11.059981932881332,13.055272566034265,60.797481423091405
1318.194,1318.212,USV_1457,0.018000000000029104,4.0,,None,1122.8398000000002,,195.35419999999976,,0.013727745972573757,0.017035590277777776,14954.58925848535,18858.344583064925,0.0002234830351656014,30125.0,23509.90546418592,2.5188221195741085,2.84392745275187,3.3353574528158885,12.90439550173941,12.64577509938685,14.477113154467247,45.46455025874175
1319.302,1319.344,USV_1458,0.0420000000001437,4.0,,None,1122.8398000000002,,196.4621999999997,,0.009592803195118904,0.017062717013888888,15224.24761586761,15011.632861151958,7.132971118672879e-05,30765.625,22713.69889523522,2.5170847546486184,3.316878020806795,5.763614307084283,18.3864320322631,12.752312660422863,13.050689306620344,56.88090452785977
1319.432,1319.448,USV_1459,0.016000000000076398,4.0,,None,1122.8398000000002,,196.59219999999982,,0.006999393925070763,0.027374267578125,17466.06359507562,18784.23208712689,0.0012201990047227525,33773.4375,27884.68371213846,1.9723398845275835,4.324562739360802,6.450081703176939,14.031303437176126,10.517326318451442,13.591176256431599,48.685003827079
1319.51,1319.535,USV_1460,0.02500000000009095,4.0,,None,1122.8398000000002,,196.6701999999998,,0.011348657310009003,0.011576334635416666,14459.271038360816,19371.956688370614,0.0004028326391714324,30976.5625,26123.348193452806,2.7446658643947877,5.851056627036743,4.525754272847532,15.417007473990706,10.425297630132137,14.675693811102184,47.923695192803244
1319.574,1319.617,USV_1461,0.04299999999989268,4.0,,None,1122.8398000000002,,196.73419999999987,,0.008204690180718899,0.03500705295138889,16272.06467608601,14414.533595130059,4.095087209399533e-05,31536.458333333332,24337.809792276996,2.150159749619754,4.1207034973643495,4.822087232331885,16.820400825123308,12.578668263216302,16.29159843431248,58.89105211357388
1319.924,1319.971,USV_1462,0.047000000000025466,4.0,,None,1122.8398000000002,,197.08419999999978,,0.01248929463326931,0.0112548828125,13823.981587030325,17229.40637380306,0.00028485191374580133,30815.625,22519.992472996506,2.80141302584862,5.470625992793169,4.869021518935275,14.887649450529898,11.544446742887853,15.067529656927743,52.82064045325298
1321.725,1321.747,USV_1463,0.02200000000016189,4.0,,None,1122.8398000000002,,198.8851999999997,,0.011207091622054577,0.007279829545454545,13591.215072254969,16163.387769277399,0.00011103876665658976,29173.295454545456,14830.45422794459,2.1334058704230827,5.22219648209967,6.970865766627066,16.9418528022044,10.35709510642103,16.19818518301403,49.78854213290153
1321.778,1321.786,USV_1464,0.008000000000038199,4.0,,None,1122.8398000000002,,198.93819999999982,,0.006889641284942627,0.0296875,19682.05022700395,24409.885487808708,0.001106128566705206,34650.0,23065.321546000763,1.623660399566356,3.34423959348456,2.8414239170591733,13.296333888019259,9.040468815730316,14.024121336902402,33.034370225523915
1322.141,1322.204,USV_1465,0.06299999999987449,4.0,,None,1122.8398000000002,,199.30119999999988,,0.009709258563816547,0.030433067908653848,16702.082864782915,15073.060650524214,1.7241422512772354e-05,31961.53846153846,21836.31435190079,2.3109335609377615,5.923748550744865,5.876813691474561,15.467553180782154,12.096670793483064,14.169258543441915,57.83480536165961
1322.835,1322.855,USV_1466,0.01999999999998181,4.0,,None,1122.8398000000002,,199.99519999999984,,0.012740140780806541,0.009619140625,14735.882430231033,17924.721611648733,0.0001257882143972037,30675.0,27241.873913234595,1.3768865517014717,5.5822759057484514,4.389510170728135,15.413448950323277,10.29243907198162,15.974188581516668,46.490730903535194
1322.95,1322.998,USV_1467,0.04800000000000182,4.0,,None,1122.8398000000002,,200.11019999999985,,0.008919833227992058,0.022509765625,15687.035050934044,16073.02721843285,0.00011173142848138647,31495.3125,22754.34185046148,2.678231554907505,3.3177486371938287,5.225404773843065,16.27819613340543,10.959854334802131,14.550083505628555,55.554857127832996
1323.098,1323.133,USV_1468,0.035000000000081855,4.0,,None,1122.8398000000002,,200.25819999999976,,0.00885858852416277,0.020477294921875,15526.30956784427,16763.487469070504,7.41785276080632e-05,32138.671875,23636.865070611777,2.1518899743929367,3.7541371053095975,5.285952249217694,15.813711968528066,11.781837390311637,14.546527898680093,53.015399881573515
1325.157,1325.197,USV_1469,0.03999999999996362,4.0,,None,1122.8398000000002,,202.31719999999973,,0.010609127581119537,0.015467026654411764,14311.904171967928,16011.748328149319,0.000147570954190154,30386.029411764706,24945.786162133394,2.1954829356422,5.234820201706911,4.744472015298097,14.918281473725452,10.886169851514884,14.45745189090622,54.175154382745234
1325.386,1325.416,USV_1470,0.029999999999972715,4.0,,None,1122.8398000000002,,202.54619999999977,,0.011347765102982521,0.011474609375,15016.231174906383,17796.582224830065,0.00022664523561708605,31305.803571428572,27257.15999111891,3.9811735889339266,6.530081021533564,5.637363440065508,17.260721168856136,8.887100056532434,13.892734765724857,49.65853973596456
1325.465,1325.561,USV_1471,0.09600000000000364,4.0,,None,1122.8398000000002,,202.62519999999972,,0.010992813855409622,0.018875925164473683,14367.530286128964,14477.259396253352,2.8498919177383384e-05,30175.16447368421,22893.913313525063,2.754636144401021,3.8558455810315535,5.8019124276764815,16.632431253545125,12.021701076336079,14.616629347604334,59.02118194843227
1325.767,1325.794,USV_1472,0.027000000000043656,4.0,,None,1122.8398000000002,,202.92719999999986,,0.007682157214730978,0.023831881009615384,16070.769387839333,15868.378576978865,6.148178020772998e-05,31759.615384615383,21480.06099790889,3.500615233743277,5.221856275632765,6.224405909931704,17.698180424972417,10.799228680330163,13.20757391307487,52.594774397804265
1325.921,1325.937,USV_1473,0.015999999999849024,4.0,,None,1122.8398000000002,,203.08119999999985,,0.008355695754289627,0.01690673828125,17035.491152102888,18765.88508477268,0.0012361995460394742,32613.28125,24039.148224824603,2.7161427197761254,6.28089638582153,5.799672111622087,15.14473303586361,8.927269982870044,13.201617463025041,48.51596363320541
1326.103,1326.137,USV_1474,0.03399999999987813,4.0,,None,1122.8398000000002,,203.26319999999987,,0.006263188552111387,0.029020182291666665,16906.04331415034,18438.571690424757,0.0006514214379377713,33568.75,16107.328776133747,2.657193837625193,4.792425221915952,4.60295752148196,13.282557339912094,11.184094171134094,12.523014379841113,52.93270975747581
1326.174,1326.219,USV_1475,0.04500000000007276,4.0,,None,1122.8398000000002,,203.33419999999978,,0.011491951532661915,0.019158614309210526,14721.766307177684,16483.8202317432,0.00023774954099583758,30449.013157894737,22868.322703117283,2.47898793223718,5.673187995175777,4.196216383670741,15.765831140922357,13.144620274872473,12.795498259636714,54.51501152866698
1326.346,1326.373,USV_1476,0.027000000000043656,4.0,,None,1122.8398000000002,,203.5061999999998,,0.010095321573317051,0.018573467548076924,15705.876980738207,18610.050630473495,0.00039905942894758427,30677.884615384617,21333.42719634425,2.4581176813549552,5.641614948075768,5.132118749809914,12.693407429442146,9.467925089869835,14.23857253600048,49.88809055193577
1326.799,1326.81,USV_1477,0.010999999999967258,4.0,,None,1122.8398000000002,,203.95919999999978,,0.012226425111293793,0.012044270833333334,14378.762814905851,20353.423064186587,0.00010143745341824301,30812.5,23370.774993351228,3.0892388709689604,6.55002456722132,8.68195000419189,14.193228386138037,11.813741439147725,14.19228312223313,41.3822170031988
1327.169,1327.197,USV_1478,0.027999999999792635,4.0,,None,1122.8398000000002,,204.3291999999999,,0.00926007516682148,0.017371544471153848,15267.696835562343,18598.596965257366,0.001229057145387852,33389.42307692308,21845.659835900304,2.0356877238444477,3.2580171221945404,4.293922990954268,15.333875397226276,11.513087494638368,14.442991753469801,49.2118273923085
1327.398,1327.411,USV_1479,0.013000000000147338,4.0,,None,1122.8398000000002,,204.55819999999972,,0.011258214712142944,0.009102957589285714,13818.463114378861,15065.20696421994,2.524240095298423e-05,30776.785714285714,21110.998567851464,1.9600024566901788,8.23737119481144,6.055319472408114,16.171599194540647,10.790596288382847,12.829179956258713,49.43871552318243
1327.948,1328.02,USV_1480,0.07199999999988904,4.0,,None,1122.8398000000002,,205.1081999999999,,0.01008659414947033,0.02278926454741379,14617.077520359631,15143.290907796449,0.00010952404109291174,30242.456896551725,21073.934985866916,2.733903821556558,4.386131964323834,6.770169353087378,18.338073876456573,11.483348932734577,15.29157483521686,58.96752969914396
1328.051,1328.108,USV_1481,0.05700000000001637,4.0,,None,1122.8398000000002,,205.21119999999974,,0.012052361853420734,0.0130615234375,12210.756473163325,15782.304250786014,4.1039744751251674e-05,29183.59375,16829.83505006888,2.861383377421666,4.003911449724979,5.306204242668424,17.660562622967305,10.628754187911914,14.200336857776202,55.40825457544505
1328.523,1328.597,USV_1482,0.07400000000006912,4.0,,None,1122.8398000000002,,205.68319999999972,,0.00877106748521328,0.015690104166666666,14691.047493240623,16152.140803466005,0.00014909014149238817,31243.75,19535.0779545359,2.5976289091290563,3.509935081906734,5.789891799087021,15.614039654671148,10.653370799703042,15.07121319388438,58.026843297329556
1350.383,1350.454,USV_1483,0.07099999999991269,4.0,,None,1122.8398000000002,,227.54319999999984,,0.010216353461146355,0.03738719019396552,15244.921725315375,14066.046189898438,2.5577940554114294e-05,28645.474137931036,22766.34526408654,2.9470206012239126,4.420545209297108,6.069206680045805,19.36797665528135,12.305219807809571,14.540733847538222,59.12018034517718
1350.682,1350.793,USV_1484,0.11099999999987631,4.0,,None,1122.8398000000002,,227.84219999999982,,0.01694338768720627,0.034429376775568184,14365.403807198665,13491.432133749267,0.0001561907976468169,26789.0625,23785.02202444177,2.2967535702168815,3.744172496436015,7.961002286875907,23.946687029383636,10.992255716431442,15.22782519360098,63.54106947653454
1352.141,1352.19,USV_1485,0.04899999999997817,4.0,,None,1122.8398000000002,,229.30119999999988,,0.010556645691394806,0.03138950892857143,12836.2042400522,14247.732613405864,0.00030484439377350965,25620.535714285714,14769.230769230768,1.4070261415681418,3.714689568263903,5.905504048141541,14.543946225185385,11.186568941012311,13.919978853056659,58.796755243856026
1354.92,1355.061,USV_1486,0.14099999999984902,4.0,,None,1122.8398000000002,,232.08019999999988,,0.012416978366672993,0.028076171875,11998.646558718925,12494.13005905448,2.955876442571644e-05,25675.56818181818,15447.05261330942,2.623065511976917,4.510914942914355,5.892800294603384,14.842078638087054,13.021788131750958,15.98814290534991,62.241264839543454
1359.08,1359.143,USV_1487,0.06300000000010186,4.0,,None,1122.8398000000002,,236.24019999999973,,0.010351106524467468,0.022404597355769232,13408.809741276355,14457.782163103355,3.6471552688467424e-05,29286.05769230769,16471.276590594123,2.24347026728413,4.291043085861537,4.886764370748301,15.640456849936715,12.03080200852742,16.090462065716153,56.65416055840243
1359.207,1359.346,USV_1488,0.13899999999989632,4.0,,None,1122.8398000000002,,236.3671999999999,,0.009134766645729542,0.037041558159722224,14727.217020591685,13259.953673617429,8.91120188597337e-05,28796.875,14906.886788740112,2.420402338874732,4.654134704181097,5.22585511240488,16.63693070798405,11.023870270154381,15.49890466316527,62.98702489985424
1360.287,1360.367,USV_1489,0.07999999999992724,4.0,,None,1122.8398000000002,,237.44719999999984,,0.010898470878601074,0.03028106689453125,14340.649602479378,13023.168705491758,4.2237991146597544e-05,28476.5625,15933.723241855241,2.5880153671101396,3.700135717809426,5.371521881331175,12.321986795713464,9.59851562568976,15.509272850449562,60.56087124889835
1365.878,1365.927,USV_1490,0.04899999999997817,,,None,,,,,0.009742804802954197,0.027750651041666668,13212.213393865855,15083.747035742854,0.00020576507678440252,28299.10714285714,23543.354000584146,2.1492509036200045,3.8519030269194126,4.68744712155546,15.633573600757856,10.140654887142864,15.161032087220732,56.80937705770881
1366.361,1366.5,USV_1491,0.13899999999989632,,,None,,,,,0.011301792226731777,0.021253797743055556,12509.201449488899,13310.491818607254,2.9037739153755997e-05,27663.194444444445,23906.692779345714,2.663010118270538,4.173766256665078,5.853263634767497,15.93296067705273,11.350859099920626,15.617829874913763,61.15823484046159
1368.85,1368.92,USV_1492,0.07000000000016371,,,None,,,,,0.00827145203948021,0.04367591594827586,16412.086215342795,15270.334063538246,0.00017001241559902816,32068.96551724138,27466.87494256372,1.7146218346687916,3.9760672594798,6.046355550915704,18.36633516416393,12.406471944850422,13.314596731162116,60.666735988429664
1376.245,1376.35,USV_1493,0.10500000000001819,,,None,,,,,0.011731831356883049,0.020600818452380952,12676.35127966876,14134.32731499916,8.05110747383391e-05,27939.73214285714,16321.075545558935,2.3098265109290645,5.679393476204474,5.550442115302287,17.224474277949135,10.996201559138338,13.449322768122702,59.499703127596646
1376.85,1376.881,USV_1494,0.031000000000176442,,,None,,,,,0.046387940645217896,0.005667550223214286,6401.382311428129,11645.83695933045,0.00011217965625371337,13479.910714285714,34418.51261562862,1.9316077054794696,2.506233570373405,5.715443916663256,17.570710763491427,9.873352643947774,16.23201720677127,52.13024526020357
1388.559,1388.667,USV_1495,0.10799999999994725,,,None,,,,,0.01032576896250248,0.034009356831395346,15491.557910407766,14512.235104731202,0.00010713551254509839,30460.029069767443,15612.506009421086,2.099468545080339,4.440300794148377,5.737341490570656,18.26858809542099,10.516361300704444,14.79890115644762,60.33378521878889
1388.734,1388.839,USV_1496,0.10500000000001819,,,None,,,,,0.00900567602366209,0.02809942336309524,14268.01371823846,14643.936518314436,4.565954482281976e-05,30687.5,15396.598473507756,2.2665099061363527,3.1573024227684563,6.580653556941196,16.372599381412424,10.99491531717733,15.407028646994505,60.49140022595883
1394.393,1394.508,USV_1497,0.1150000000000091,,,None,,,,,0.011031202971935272,0.020300823709239132,15467.234053991755,14756.252980254048,3.8192771054606485e-05,31512.228260869564,26274.64728429031,2.6132886860788718,5.052189776793652,6.1798474275420485,16.798516515273388,12.663051825476561,14.01907980021898,58.99552476557538
1401.475,1401.549,USV_1498,0.07400000000006912,,,None,,,,,0.027104394510388374,0.012687174479166667,8092.741917798487,12288.764749332193,7.641597589627512e-05,18928.125,23941.557387506717,3.0693954848672393,2.9340859652832325,6.898362019832226,15.839272623545343,11.07944184244028,14.667819932598215,58.993270547195806
1404.379,1404.518,USV_1499,0.1390000000001237,,,None,,,,,0.010890772566199303,0.02277610085227273,13905.911991865027,14308.24475225422,0.00013086244965676477,29212.5,17826.905029351572,2.152193658135433,5.372217909331418,5.539820560529234,14.829118632484157,11.451160676795022,13.898930938406847,60.554439748535714
1405.68,1405.757,USV_1500,0.07699999999999818,,,None,,,,,0.010762746445834637,0.031265751008064516,14362.053950841972,13582.05374537756,4.383156083516299e-05,28868.951612903227,15387.80600456113,2.434899352621408,3.4593708989394587,4.911676453148625,17.587960212784676,10.701819234579059,15.165930984676965,60.02918831412379
1414.445,1414.537,USV_1501,0.09200000000009823,,,None,,,,,0.009341816417872906,0.025905299831081082,13987.188035932058,14642.273948395223,0.00010835619678338159,30767.736486486487,19052.111857114796,2.670361667354247,6.511764670798988,4.831496257063258,15.90591785027878,11.702229917659903,14.222461083482404,57.900982202505425
1414.76,1414.837,USV_1502,0.07699999999999818,,,None,,,,,0.006379233673214912,0.03446320564516129,16407.003467904113,15617.991672159367,0.0002938273083388826,32005.040322580644,18128.19805121874,2.7249195190673845,4.414246625860046,5.058392131388363,17.082618621925217,10.911420217088336,14.704000134345813,58.91435124709061
1433.315,1433.407,USV_1503,0.09199999999987085,,,None,,,,,0.009733185172080994,0.020263671875,13996.218083710679,14652.728269705183,0.0001590761504130736,29870.777027027027,20742.294649864878,2.6251836005427283,4.884071061969514,5.058411463189402,16.746257063821485,10.594459976257726,15.170387027822239,58.648795674695016
1437.39,1437.405,USV_1504,0.01499999999987267,,,None,,,,,0.01077473908662796,0.0111083984375,15824.439687687995,21084.401057786155,0.00033429473238414645,31851.5625,26764.76110959333,2.8583544544819475,5.105693004846633,5.427782751404887,14.629379978763076,8.638449055302322,9.64201503473263,42.040576505739175
1449.442,1449.576,USV_1505,0.13400000000001455,,,None,,,,,0.01013170089572668,0.029891104068396228,14513.936168624385,13528.979078888015,6.24145891666183e-05,28866.155660377357,14948.053525700834,3.1469539412651355,4.69771729809289,5.447754130495195,19.12378413407517,11.417177267125792,14.77120951272179,61.93321631009376
1453.02,1453.078,USV_1506,0.057999999999992724,,,None,,,,,0.025779590010643005,0.01654052734375,8629.169491552622,11935.873285675494,3.2788199967274014e-05,19160.15625,17538.800614692813,2.5303529191671887,2.6065051273114035,4.763481608326345,15.286572275266343,11.130406462692383,14.149907480427848,59.55451650434355
1454.268,1454.283,USV_1507,0.01499999999987267,,,None,,,,,0.010750317946076393,0.020050048828125,16744.109359305065,21550.460600851184,0.001080178001798821,33679.6875,15229.123033697462,2.1499533801488413,4.287199181688026,3.6412764784919953,12.373833845126399,9.225311151461703,13.193454448481313,42.42070385879009
1456.098,1456.22,USV_1508,0.12200000000007094,,,None,,,,,0.009877882897853851,0.025746663411458332,14291.1264944419,14555.975388564015,7.406873500324832e-05,29736.328125,18739.26259682106,2.4336267026937946,4.278428793436768,5.724557853502671,18.30912217540983,11.918320567647749,13.972582936872662,59.194897734286826
1457.256,1457.402,USV_1509,0.14599999999995816,,,None,,,,,0.013789416290819645,0.04791152686403509,15197.057645740144,11856.683538055833,5.115085746457901e-05,27200.657894736843,17953.7977266407,3.28746161913106,5.062430311594983,5.760819425974411,14.66319391759311,11.422404179885593,13.700139236939968,64.87456056671283
1457.749,1457.821,USV_1510,0.07199999999988904,,,None,,,,,0.010306821204721928,0.025660021551724137,13776.447458786039,13555.168010648753,2.7938327688428498e-05,28706.896551724138,15080.916247959714,2.915523576889412,6.768165055097923,5.168097593711582,14.103669785348892,11.602030939121954,12.870396120930861,60.39248650925899
1466.286,1466.421,USV_1511,0.1349999999999909,,,None,,,,,0.014446468092501163,0.02016693691037736,10869.27815030207,12963.869327597891,2.7020358698998213e-05,24580.188679245282,17235.04712295735,2.852134722286463,2.6645072774935463,5.5331842838827,17.2458126662857,10.800187012905978,13.454384381141816,60.621448418527095
1470.657,1470.718,USV_1512,0.06100000000014916,,,None,,,,,0.01148830633610487,0.02076171875,13608.325488124634,15731.08131271858,5.335184071813601e-05,29745.0,17009.19310712772,3.143709212018889,4.302245639194416,5.873389811864988,16.203842429699833,10.007246790988216,13.787326863335197,55.950509504911444
1476.495,1476.529,USV_1513,0.0340000000001055,,,None,,,,,0.010710719972848892,0.025732421875,16452.7224644194,17311.829064848174,0.0003139199052392946,32287.5,14841.49439757078,1.6702865866528822,7.327200280431088,6.609832130297312,15.332241141744356,10.857263839087606,15.497017788236843,52.42549448347676
1476.592,1476.727,USV_1514,0.1349999999999909,,,None,,,,,0.013459672220051289,0.028103810436320754,13920.493967583829,13160.04682725731,5.1347126367691886e-05,27818.985849056604,15056.375046410918,2.730208922514953,3.007689819988993,6.307652223138374,18.43314819226281,11.034609043481634,15.610990801724368,63.16075505841474
1478.32,1478.33,USV_1515,0.009999999999990905,,,None,,,,,0.025890491902828217,0.007649739583333333,12143.827754008656,22767.208399876054,0.00040328437069157066,26578.125,31304.962237976262,3.1519310813037027,1.7692762502511192,7.471878035974505,17.178553515808296,9.629293543060973,15.002948310296736,32.44135140183819
1478.601,1478.621,USV_1516,0.01999999999998181,,,None,,,,,0.012570038437843323,0.0291015625,17942.71585545122,18139.333197355652,0.0004364391983103395,31584.375,22814.40495548925,2.593006588100961,5.680908950916648,4.653320574812776,14.581874879499306,10.83591647957473,12.276231319425703,48.20980883289008
1486.699,1486.733,USV_1517,0.03399999999987813,,,None,,,,,0.010018924251198769,0.015673828125,13715.623023210288,16540.200962174877,8.484841083278298e-05,30556.25,19872.21626118681,2.6511277130200637,3.760150652887403,5.01289372467691,16.241694620457054,10.355561786252183,15.243214375541337,52.34483473554625
1487.258,1487.326,USV_1518,0.06799999999998363,,,None,,,,,0.031236063688993454,0.008248465401785714,7092.674892567396,12422.674597013585,4.626644824577695e-05,18087.053571428572,28517.404433028074,2.739755431128422,1.9701429890839317,4.4422365638922505,16.27587148756971,11.564079691883268,14.83848767082454,57.046512044391896
1487.809,1487.866,USV_1519,0.05700000000001637,,,None,,,,,0.02590639889240265,0.010609944661458334,7942.2541709620355,12211.270074775648,3.841010208910525e-05,18464.84375,24279.777422878444,4.086651684506865,2.9862804269889707,5.139114815561137,16.524073170745993,11.140445209880724,14.759371209768437,57.72305032537674
1490.235,1490.296,USV_1520,0.06100000000014916,,,None,,,,,0.010045248083770275,0.020166015625,13960.549566394926,14485.008315405685,0.00011853582429179803,28646.25,16670.092908512946,2.7579006389108285,4.874247810653959,5.382387736403973,15.476261453899296,10.650218988087172,13.146838633944087,57.640511477099615
1493.058,1493.129,USV_1521,0.07099999999991269,,,None,,,,,0.007730473298579454,0.03272326239224138,15414.824112041812,15073.759628319005,0.00018148514400547717,31037.71551724138,15587.059014200186,2.3490792722480136,4.091485518217796,6.46020105552293,16.19470402867505,11.353565417453355,15.069270283191123,57.40894553712966
1493.957,1493.997,USV_1522,0.03999999999996362,5.0,89.84999999999991,True,1493.6798000000001,1583.5298,0.27719999999999345,-89.57279999999992,0.011584121733903885,0.01706112132352941,15433.406346332247,16453.50910798929,5.9051708361376874e-05,31097.426470588234,25196.29436885608,2.161674481966434,4.5141022844960625,5.519122876445799,16.786885554932578,10.553849177561904,15.546406076690422,53.68355715313439
1494.293,1494.331,USV_1523,0.038000000000010914,5.0,89.84999999999991,True,1493.6798000000001,1583.5298,0.6131999999997788,-89.23680000000013,0.009312638081610203,0.026281020220588234,15622.664725063663,16075.32359464013,0.00019970250870150492,30551.470588235294,15210.92137782153,1.8641641768453832,5.116705885867419,6.845978202846164,16.322488878517238,11.655628101165677,13.93588871712256,55.11759015619598
1494.844,1494.862,USV_1524,0.018000000000029104,5.0,89.84999999999991,True,1493.6798000000001,1583.5298,1.164199999999937,-88.68579999999997,0.007925588637590408,0.019639756944444444,17326.3750543758,19413.328315008417,0.0007737456062066066,32125.0,20969.31178788773,2.45990897029336,3.170875321057233,5.209492251979317,14.564807678595827,9.388974003782629,14.480971579436629,46.41727498497434
1495.232,1495.362,USV_1525,0.13000000000010914,5.0,89.84999999999991,True,1493.6798000000001,1583.5298,1.552199999999857,-88.29780000000005,0.009769815020263195,0.02863147212009804,15729.752503092453,14199.171354537206,5.396490073382577e-05,31012.867647058825,21019.992234091635,3.829617557178586,5.046185243964213,5.348603933347805,17.609480521839487,12.292618087005028,14.150729698110215,60.42262800860224
1495.455,1495.52,USV_1526,0.06500000000005457,5.0,89.84999999999991,True,1493.6798000000001,1583.5298,1.7751999999998134,-88.0748000000001,0.01017844583839178,0.017496744791666668,15441.999596780297,14937.160220853491,0.00010037531370583095,30576.38888888889,21072.163093754534,2.684826375611476,3.7769115987097823,4.7587990474261925,17.232010521082064,13.783145427608119,14.619851552040995,58.54415760748515
1496.053,1496.079,USV_1527,0.02599999999983993,5.0,89.84999999999991,True,1493.6798000000001,1583.5298,2.373199999999997,-87.47679999999991,0.009060755372047424,0.052937825520833336,19241.470168122207,16008.495416297252,0.0003899685055787801,32898.4375,26558.69111889378,1.2197864642768736,6.422883914970755,5.184515141621172,15.824195367370196,9.745319689076199,14.391256685172566,53.19600878528471
1496.333,1496.406,USV_1528,0.0729999999998654,5.0,89.84999999999991,True,1493.6798000000001,1583.5298,2.65319999999997,-87.19679999999994,0.010138122364878654,0.021305338541666666,14844.908406249697,15361.170554883534,0.0001061046725605777,30537.5,19692.298677814695,2.4806894112829814,5.204959595391079,5.222453307991427,15.370743034119828,11.730712673933796,13.845484008536776,57.60463919114962
1496.47,1496.542,USV_1529,0.07199999999988904,5.0,89.84999999999991,True,1493.6798000000001,1583.5298,2.7901999999999134,-87.0598,0.010352940298616886,0.028817012392241378,16216.65000233166,13927.619258959972,0.0002975435252490724,29977.370689655174,19898.47508250469,2.538586061344785,4.374587120945921,5.050892826112861,16.799261907312165,11.993971875682114,13.684222210720828,60.25366735056126
1496.757,1496.827,USV_1530,0.06999999999993634,5.0,89.84999999999991,True,1493.6798000000001,1583.5298,3.077199999999948,-86.77279999999996,0.0075552696362137794,0.03316945043103448,15950.672549722382,14994.066264595162,0.00014075754433041433,31312.5,16416.778851593484,2.389924878583414,3.5515578344711107,4.306689148500247,15.950986607217235,11.66556980338719,15.348345566547891,58.50250906233247
1500.07,1500.195,USV_1531,0.125,5.0,89.84999999999991,True,1493.6798000000001,1583.5298,6.3901999999998225,-83.45980000000009,0.010746609419584274,0.02146942761479592,13470.319492434035,13722.99102483974,3.692512772680406e-05,28697.066326530614,19662.021721468907,3.2750060235043468,3.3082168365447844,6.6164136040154595,17.85772248164991,11.400845982298748,14.383469793654424,59.78235473905213
1500.431,1500.542,USV_1532,0.11099999999987631,5.0,89.84999999999991,True,1493.6798000000001,1583.5298,6.751199999999926,-83.09879999999998,0.018376361578702927,0.0162353515625,11001.25340945612,12835.394123158794,1.0488004613609247e-05,25589.488636363636,19524.07516995972,3.685202044792122,3.072393266797731,5.878954355627772,19.634297287394716,11.433829759758096,13.855442969655325,59.32325092833087
1503.384,1503.464,USV_1533,0.07999999999992724,5.0,89.84999999999991,True,1493.6798000000001,1583.5298,9.7041999999999,-80.14580000000001,0.01020406000316143,0.02658843994140625,14445.166492036511,14563.910925192278,0.00014364789788161525,29929.6875,25611.3215024078,3.2299453668324873,4.527265623827466,6.933604871667985,17.571175471620776,12.426356800864019,14.588045736166663,59.80320705344975
1503.502,1503.518,USV_1534,0.016000000000076398,5.0,89.84999999999991,True,1493.6798000000001,1583.5298,9.822199999999839,-80.02780000000007,0.010919341817498207,0.018463134765625,13181.967063025766,17492.74467308777,0.00015942322545219796,29261.71875,23928.32139165156,1.8191719997322544,3.451449328208419,4.84763974926806,15.84949142509738,10.414704987348653,15.020095632590902,46.12896048071674
1503.788,1503.796,USV_1535,0.008000000000038199,5.0,89.84999999999991,True,1493.6798000000001,1583.5298,10.108199999999897,-79.74180000000001,0.00983513705432415,0.013037109375,15373.257583719755,17757.15422788156,0.00010581996149147438,29475.0,19583.288861059846,1.8410356115370163,4.971367364890187,5.130079003701709,14.012564501793321,10.903004816226161,9.43008823093709,37.405793098193485
1504.124,1504.229,USV_1536,0.10500000000001819,5.0,89.84999999999991,True,1493.6798000000001,1583.5298,10.44419999999991,-79.4058,0.01201591081917286,0.03639439174107143,13776.385366280525,12890.352605336964,2.729332050180454e-05,27212.053571428572,18627.593215933146,2.4585449678953504,3.094934003333987,7.003052869436108,17.02436877986043,10.640084583644908,15.354509973585364,62.86995927112348
1504.677,1504.759,USV_1537,0.08200000000010732,5.0,89.84999999999991,True,1493.6798000000001,1583.5298,10.997199999999793,-78.85280000000012,0.013571388088166714,0.021802497632575756,10276.538018280757,11963.637595199954,1.8289445849364132e-05,22750.0,16926.410199206344,2.997577870521796,3.6534268642679186,5.494793551574559,17.401503170544082,11.857477401064513,15.167385927974978,60.67621889046875
1505.263,1505.362,USV_1538,0.09900000000016007,5.0,89.84999999999991,True,1493.6798000000001,1583.5298,11.583199999999806,-78.2668000000001,0.011602433398365974,0.0362548828125,14266.13172773243,12710.762655783763,9.747479782009572e-05,26676.5625,15378.55061333527,2.78506321085406,4.26001698616273,5.877615839241619,16.823674188650195,11.608879448101888,13.486279477971868,62.03186507999287
1505.445,1505.487,USV_1539,0.0420000000001437,5.0,89.84999999999991,True,1493.6798000000001,1583.5298,11.765199999999822,-78.08480000000009,0.03900957852602005,0.015679253472222224,10669.106532604292,13248.118664580461,5.05161366922693e-05,23083.333333333332,26405.770418724594,4.677681380531189,3.546169477460018,6.037687761501569,19.321883420647797,11.390427441760547,17.245230347192607,52.605701964125736
1506.882,1506.949,USV_1540,0.06700000000000728,5.0,89.84999999999991,True,1493.6798000000001,1583.5298,13.202199999999948,-76.64779999999996,0.011037762276828289,0.033778599330357144,14946.335940613237,14352.085513195643,0.00016105267631593947,27485.491071428572,20036.86854357916,2.1585649379786593,3.807970110333622,4.888251337095946,15.231367363868697,11.343087621291053,14.810599855782248,59.08109810020206
1507.727,1507.799,USV_1541,0.07199999999988904,5.0,89.84999999999991,True,1493.6798000000001,1583.5298,14.047199999999975,-75.80279999999993,0.01093414705246687,0.02060883620689655,12581.886601723825,13236.05441714062,7.180548107407196e-05,26634.69827586207,15333.621311824363,2.4643949453271183,5.81352265123261,5.421344549844124,16.04627811344159,13.120440489719746,16.39366771531973,59.956871597918095
1509.713,1509.742,USV_1542,0.028999999999996362,5.0,89.84999999999991,True,1493.6798000000001,1583.5298,16.03319999999985,-73.81680000000006,0.009856983087956905,0.021935096153846152,15187.972526491325,17954.880181474236,0.0001064663328716045,30389.423076923078,25183.60216918044,1.9505701719320379,3.2708209258767207,6.689429574196727,15.374469073268695,10.382719591283081,15.159793098136857,50.19759168631127
1511.037,1511.075,USV_1543,0.038000000000010914,5.0,89.84999999999991,True,1493.6798000000001,1583.5298,17.35719999999992,-72.49279999999999,0.013016737997531891,0.013973460477941176,11784.38143358411,14785.229096103452,0.00020870851057754416,26205.882352941175,16844.47510313463,2.1525625504410444,6.658996722841176,5.287153821402217,15.775737602528599,9.807483240812942,14.648297570707157,54.35864849580965
1513.233,1513.29,USV_1544,0.05700000000001637,5.0,89.84999999999991,True,1493.6798000000001,1583.5298,19.553199999999833,-70.29680000000008,0.009346879087388515,0.029286702473958332,16037.70414989998,14728.492141529778,3.2043773785181333e-05,29773.4375,23610.05602883731,2.359703815810805,4.172974279764895,5.575384824990851,18.656813369458288,11.24144025967914,13.802082202143296,58.03402977415532
1515.007,1515.117,USV_1545,0.10999999999989996,5.0,89.84999999999991,True,1493.6798000000001,1583.5298,21.327199999999948,-68.52279999999996,0.010323552414774895,0.02434747869318182,13680.639837187411,13148.751616286585,9.535023965917499e-05,27867.1875,14919.39972121168,2.9510789707169636,4.106346326609573,5.79730885491934,16.749153082119758,11.33325889940324,16.178509283729884,61.47844863146366
1516.453,1516.564,USV_1546,0.11100000000010368,5.0,89.84999999999991,True,1493.6798000000001,1583.5298,22.77319999999986,-67.07680000000005,0.011065509170293808,0.026722301136363636,13210.55284286514,13677.530282002203,0.00038246408326928784,28039.772727272728,20810.529959699077,2.404877347573224,4.540527453693342,5.6229921705894235,17.483724989080244,12.319657193393503,15.330998248508791,60.64522525338338
1521.384,1521.47,USV_1547,0.08600000000001273,5.0,89.84999999999991,True,1493.6798000000001,1583.5298,27.7041999999999,-62.14580000000001,0.010756672360002995,0.027852957589285715,15025.728002033562,15109.149787487157,4.722811021717402e-05,30112.5,22489.452033016285,1.5158658254405228,6.274900877195726,5.786769629390496,15.757808839053476,11.970017150362636,13.850478980690955,58.825693387954175
1521.673,1521.702,USV_1548,0.028999999999996362,5.0,89.84999999999991,True,1493.6798000000001,1583.5298,27.993199999999888,-61.85680000000002,0.011191919445991516,0.007474459134615385,13815.219175516542,16921.644727198054,0.00010255657486989755,30540.865384615383,19823.112513618784,2.320251775132863,4.591631281577228,6.20205402308771,14.71977949139352,10.282233798284828,12.649771606510974,49.81387533802644
1522.685,1522.695,USV_1549,0.009999999999990905,5.0,89.84999999999991,True,1493.6798000000001,1583.5298,29.00519999999983,-60.84480000000008,0.011660135351121426,0.011149088541666666,14730.689112586791,21607.676776317618,0.00018833613810905113,31515.625,21880.164259014477,1.2530614082638323,4.144686184450982,2.539430647518648,15.371003558419625,13.686868893807146,15.179398338164097,35.9563380532656
1530.081,1530.113,USV_1550,0.032000000000152795,5.0,89.84999999999991,True,1493.6798000000001,1583.5298,36.40119999999979,-53.44880000000012,0.011181146837770939,0.024850027901785716,15026.763243980618,16710.25749341117,9.118906812855556e-05,29705.35714285714,22213.67488482476,2.3691758028664713,4.832542800097904,5.273668068335277,14.904435640450071,11.331828653116585,12.448207385065018,52.642723442207114
1530.835,1530.845,USV_1551,0.009999999999990905,5.0,89.84999999999991,True,1493.6798000000001,1583.5298,37.15519999999992,-52.69479999999999,0.009095611982047558,0.024210611979166668,17428.531732207433,21718.961780987684,0.0009570124971908775,32406.25,24404.406185684118,0.7917218696718891,7.564719536551962,3.6013158371544427,12.025173195365602,10.876151439125863,14.484996359335701,36.763706011624265
1530.886,1530.896,USV_1552,0.009999999999990905,5.0,89.84999999999991,True,1493.6798000000001,1583.5298,37.20619999999985,-52.643800000000056,0.01042243093252182,0.014444986979166666,15783.361398765011,19079.97286791368,0.00012265686490989358,31093.75,24822.008437894776,1.269844415627885,4.024007065848379,5.790991967445019,14.88724109740666,9.700728180872188,13.266408651997923,37.94688173462157
1532.596,1532.61,USV_1553,0.013999999999896318,5.0,89.84999999999991,True,1493.6798000000001,1583.5298,38.91619999999989,-50.93380000000002,0.00999194011092186,0.018310546875,17930.25373961372,18689.554600421514,0.0002563126078681095,32871.09375,19866.36307121155,2.167823766811499,3.340622881277535,4.8070456940886235,12.126841442436362,10.76550137145771,12.112213092640499,46.20022728707809
1532.857,1532.887,USV_1554,0.029999999999972715,5.0,89.84999999999991,True,1493.6798000000001,1583.5298,39.17719999999986,-50.67280000000005,0.011593769304454327,0.016496930803571428,13057.127281755364,16623.760188882035,0.0001493150089071239,29383.928571428572,25289.211452384352,3.6450605476281646,4.6719575238624405,5.2497047708577345,16.692559159793316,10.42586837947199,14.678158670541071,51.054785566294846
1575.698,1575.722,USV_1555,0.023999999999887223,5.0,89.84999999999991,True,1493.6798000000001,1583.5298,82.01819999999998,-7.83179999999993,0.011997836641967297,0.011186079545454546,14155.95337283841,16684.5928653362,9.736341751227735e-05,30298.295454545456,24377.728213322825,1.4503578692744523,7.659900074007826,4.059417119875918,16.563684702146496,13.806648403822669,12.076417873799555,49.79007907080097
1576.103,1576.144,USV_1556,0.04099999999993997,5.0,89.84999999999991,True,1493.6798000000001,1583.5298,82.42319999999995,-7.426799999999957,0.00872501078993082,0.031032986111111112,16353.903141514593,14804.559343980995,2.289521982703696e-05,31651.041666666668,22515.320653021612,3.774119896208281,5.530093319616317,4.560963031539293,16.44659407005747,10.875241991570668,14.124828521139042,57.57390226805566
1576.544,1576.623,USV_1557,0.07899999999995089,5.0,89.84999999999991,True,1493.6798000000001,1583.5298,82.86419999999998,-6.9857999999999265,0.01093018427491188,0.0192718505859375,14399.673597232026,15548.748339971351,4.1216798079256605e-05,30213.8671875,24413.27993244174,3.066924906043499,4.9127193968778124,4.490908840366295,16.78113725087198,11.04263758252957,14.188768121353192,57.280104674969145
1577.185,1577.259,USV_1558,0.07400000000006912,5.0,89.84999999999991,True,1493.6798000000001,1583.5298,83.50519999999983,-6.3448000000000775,0.011392222717404366,0.017293294270833332,14328.25418662858,15469.086348925764,0.00018187806174177774,30759.375,22928.55965037634,2.5111220467555357,4.193535524497447,5.665813241502073,15.736092180582327,11.773776158946616,13.889120304697368,57.54774682893614
1577.291,1577.327,USV_1559,0.03600000000005821,5.0,89.84999999999991,True,1493.6798000000001,1583.5298,83.61119999999983,-6.238800000000083,0.006060563027858734,0.031036376953125,15914.067127258779,16419.927162747183,0.0002834398880582227,31746.09375,20635.64166566381,2.3667504688404355,2.3091418448314105,4.547832757215263,17.43091284833565,9.509705447989536,13.018729344604424,55.15114355855954
1577.493,1577.579,USV_1560,0.08600000000001273,5.0,89.84999999999991,True,1493.6798000000001,1583.5298,83.81319999999982,-6.036800000000085,0.011697187088429928,0.011732700892857143,13317.3118858288,15490.892332802732,0.00012503397220897205,30495.535714285714,19303.968684319603,2.7548497325957775,4.311741538568987,6.163655627646599,15.930280867969051,10.781334493890343,14.558084465923502,56.90749421738497
1578.006,1578.044,USV_1561,0.038000000000010914,5.0,89.84999999999991,True,1493.6798000000001,1583.5298,84.32619999999997,-5.523799999999937,0.009183056652545929,0.017822265625,13937.729103900267,16768.75180924472,0.00011334172471766993,30711.397058823528,22835.810639584015,1.9845276205040492,1.6759695961251755,4.59841458073556,16.116162733193647,11.856985025303985,15.447227596052167,53.92084712416104
1578.18,1578.23,USV_1562,0.049999999999954525,5.0,89.84999999999991,True,1493.6798000000001,1583.5298,84.50019999999995,-5.349799999999959,0.010257614776492119,0.044131324404761904,16981.741707839687,16228.179751596597,6.914661588406677e-05,31294.64285714286,22135.893242096754,1.4711263900611915,4.498733331431295,6.364803231326007,17.057406709063734,10.236451580786015,13.508100021242543,55.70634017943559
1578.324,1578.342,USV_1563,0.018000000000029104,5.0,89.84999999999991,True,1493.6798000000001,1583.5298,84.64419999999996,-5.205799999999954,0.010898925364017487,0.016248914930555556,15538.1074689062,19256.281992688168,0.0001421768658383854,32229.166666666668,20535.44320395209,2.665387833152936,4.798202468442087,4.085112051817235,11.998388707010653,10.275878530136278,14.565864941023964,44.21678995471325
1578.423,1578.455,USV_1564,0.03199999999992542,5.0,89.84999999999991,True,1493.6798000000001,1583.5298,84.74319999999989,-5.106800000000021,0.00927464198321104,0.03273228236607143,16571.013526357357,15880.866055824217,0.00018206790224379075,31921.875,24464.601207989082,5.219307534250307,5.977691996333695,5.661285079462108,15.276977259864102,9.810451994285776,14.363722910616238,52.98104738754347
1578.924,1578.94,USV_1565,0.016000000000076398,5.0,89.84999999999991,True,1493.6798000000001,1583.5298,85.24419999999986,-4.605800000000045,0.009734075516462326,0.0252685546875,19681.65545230194,21517.64449165212,0.0006105979128705547,35226.5625,26193.245332780454,1.6317468851447665,5.371460475952404,4.041694462930531,13.400526609110804,10.864801434847209,10.385648656250854,45.10517493172923
1579.267,1579.294,USV_1566,0.027000000000043656,5.0,89.84999999999991,True,1493.6798000000001,1583.5298,85.58719999999994,-4.26279999999997,0.010021119378507137,0.025165264423076924,19702.586271331613,20294.40825815736,0.0006697653376335114,35336.53846153846,21364.25045355524,2.9822640891914385,6.284328935219998,5.348478034718893,14.849727533396138,8.573050490456662,11.616727714261163,51.559231426176
1579.537,1579.59,USV_1567,0.052999999999883585,5.0,89.84999999999991,True,1493.6798000000001,1583.5298,85.85719999999992,-3.9927999999999884,0.00876280665397644,0.0284423828125,18082.950171091932,15822.494420739817,0.0005650171277554757,33345.170454545456,27064.50509158823,2.0411617129146253,3.9526595426684703,4.873313625138441,15.5325945042393,9.468482702599049,16.868004108743865,58.33416760264613
1579.643,1579.683,USV_1568,0.03999999999996362,5.0,89.84999999999991,True,1493.6798000000001,1583.5298,85.96319999999992,-3.886799999999994,0.009672431275248528,0.020206227022058824,15227.020667159828,15308.987751692892,5.263159528968482e-05,31797.79411764706,22784.530279790823,2.180324960992331,5.81751536418497,6.753954717776518,14.910907258409376,11.648951550195584,14.884462486220102,54.972034065278876
1579.832,1579.865,USV_1569,0.032999999999901775,5.0,89.84999999999991,True,1493.6798000000001,1583.5298,86.1522,-3.6977999999999156,0.011702420189976692,0.013981119791666666,13757.240111001238,17506.894791675983,6.4819971693137e-05,31262.5,20161.82230856071,2.5132673612027623,3.1070791214589293,4.440274134700458,17.355057514645285,12.23222478972934,14.631655658751892,50.7980498763595
1579.965,1579.979,USV_1570,0.014000000000123691,5.0,89.84999999999991,True,1493.6798000000001,1583.5298,86.2851999999998,-3.5648000000001048,0.010166836902499199,0.01348876953125,17460.464200918723,19558.667197530893,0.00015872131164495362,33292.96875,25756.08394729151,2.270023829269827,4.3617825596602895,5.7099895335368815,16.173145919993274,10.141493231352015,13.451973578913664,44.79039432719824
1580.323,1580.337,USV_1571,0.013999999999896318,5.0,89.84999999999991,True,1493.6798000000001,1583.5298,86.64319999999998,-3.20679999999993,0.009805925190448761,0.0069580078125,17247.820188421203,21828.381543368363,0.0003481334756491149,32589.84375,24581.386698948972,2.24349171609839,4.251444722949325,5.5444429175408665,12.79897722299572,9.97988994839712,15.51432717104135,42.76591196063361
1580.367,1580.376,USV_1572,0.009000000000014552,5.0,89.84999999999991,True,1493.6798000000001,1583.5298,86.68719999999985,-3.162800000000061,0.009594165720045567,0.015543619791666666,18352.305955892414,21292.629112671028,0.0002912917545520684,33328.125,22400.622226549676,2.063705571408034,2.0817019890284887,5.166156217564473,8.976104746407252,9.039492000631094,9.190627421984269,37.22628078478521
1580.481,1580.504,USV_1573,0.02299999999991087,5.0,89.84999999999991,True,1493.6798000000001,1583.5298,86.80119999999988,-3.0488000000000284,0.008344127796590328,0.021484375,15581.682586575766,15145.132489344815,2.425777725020272e-05,30724.43181818182,22577.044499062406,1.474288753443333,3.136965761987648,6.004188728130537,16.118699029764244,12.565108449809493,14.166887131052265,51.91345792418094
1580.629,1580.638,USV_1574,0.009000000000014552,5.0,89.84999999999991,True,1493.6798000000001,1583.5298,86.94919999999979,-2.9008000000001175,0.0071965488605201244,0.009480794270833334,17643.824912558506,22088.487167543775,0.0008066437369613112,32562.5,21154.615394020675,3.2745096536834573,1.4006237820854313,6.238660866889866,12.901487012462818,9.06506545506443,16.87651889960777,37.14468649416245
1580.777,1580.797,USV_1575,0.01999999999998181,5.0,89.84999999999991,True,1493.6798000000001,1583.5298,87.09719999999993,-2.7527999999999793,0.011933565139770508,0.0159912109375,14916.254059499523,18885.995054656047,0.0006213002768672789,30581.25,18859.436404278043,4.322013205352874,4.06884162338636,4.698268974301043,13.558554249212847,11.099121004030636,13.087916626342396,45.80813602353517
1582.379,1582.409,USV_1576,0.03000000000020009,5.0,89.84999999999991,True,1493.6798000000001,1583.5298,88.69919999999979,-1.1508000000001175,0.010552915744483471,0.040196010044642856,18312.38778335209,15161.135203493526,0.0002518253561124617,30736.60714285714,24937.4234100726,2.3324883949945656,6.509793834127698,6.273271967139688,18.223791506563835,9.353106574834175,14.360952295079121,56.27229263448188
1582.628,1582.656,USV_1577,0.02800000000002001,5.0,89.84999999999991,True,1493.6798000000001,1583.5298,88.94819999999982,-0.9018000000000939,0.01142832264304161,0.015249399038461538,15463.794832060143,17781.418333611553,0.0003754864444063046,31557.69230769231,21889.131454226525,2.0617209045047957,6.273047432332659,5.464686974729117,15.206954171363716,11.466820102442982,12.386719283671994,50.12606834917803
1583.694,1583.742,USV_1578,0.04800000000000182,5.0,89.84999999999991,False,1493.6798000000001,1583.5298,90.01419999999985,0.16419999999993706,0.00979299284517765,0.028271484375,17848.680009036245,16035.15564088492,8.245366766483758e-05,33112.5,26618.45869388089,2.660672844287684,5.912811249202639,5.692747559904908,18.49858109785691,12.685509418772572,13.678825898902328,57.40510912233676
1584.364,1584.378,USV_1579,0.013999999999896318,5.0,89.84999999999991,False,1493.6798000000001,1583.5298,90.68419999999992,0.8342000000000098,0.04298311471939087,0.0081787109375,9607.393582289202,19369.03438971345,0.0003361903795254923,17824.21875,21789.959349846144,1.2191132339910318,1.1712725190414495,3.975896532148954,16.242910703881755,11.332336477945653,14.627267489804908,43.43396913968925
1584.474,1584.503,USV_1580,0.028999999999996362,5.0,89.84999999999991,False,1493.6798000000001,1583.5298,90.79419999999982,0.9441999999999098,0.015183478593826294,0.012601412259615384,9611.563106376856,14287.726624988747,7.816043972324078e-05,23105.76923076923,29995.146838598044,3.2455313653533224,4.35872481792469,3.938229659133541,15.875387147910159,12.096957075584543,16.64003213667557,51.44606653051863
1584.696,1584.707,USV_1581,0.011000000000194632,5.0,89.84999999999991,False,1493.6798000000001,1583.5298,91.0161999999998,1.1661999999998898,0.008581338450312614,0.025599888392857144,19250.05532836595,22710.776818670292,0.0007792105164616918,34674.107142857145,25199.860501872558,2.2237496588466987,2.965846651884262,6.1761674812188385,13.573851718909184,7.904388795996405,10.581809581005855,41.38673901431355
1584.786,1584.859,USV_1582,0.0729999999998654,5.0,89.84999999999991,False,1493.6798000000001,1583.5298,91.10619999999994,1.2562000000000353,0.008830221369862556,0.022591145833333333,15452.472965635188,15561.399700898499,0.00033767245415014627,31300.0,18114.237198812953,2.2772044599388477,5.363843865538626,4.719536379826538,14.559447721723666,11.640804733885698,13.731603354292046,58.04709902566064
1584.923,1584.957,USV_1583,0.0340000000001055,5.0,89.84999999999991,False,1493.6798000000001,1583.5298,91.24319999999989,1.393199999999979,0.010581684298813343,0.011751302083333333,14176.571583599616,16292.192965939052,4.679553020772585e-05,31318.75,20624.439377993334,2.1740691107216548,4.654493219219607,6.580885121235001,17.802319714440966,11.507845618542117,14.05020710283051,51.93837674292402
1585.004,1585.017,USV_1584,0.013000000000147338,5.0,89.84999999999991,False,1493.6798000000001,1583.5298,91.32419999999979,1.4741999999998825,0.0058750128373503685,0.03184291294642857,17515.30687061726,18211.487648753042,0.00048154867876255234,32464.285714285714,19986.959651422185,2.4364410223844435,4.474825005483299,6.654433451488331,16.704866461942654,11.484178148654305,13.4413419913126,43.90197649114449
1587.768,1587.909,USV_1585,0.1410000000000764,5.0,89.84999999999991,False,1493.6798000000001,1583.5298,94.08819999999992,4.238200000000006,0.009420964866876602,0.03140980113636364,17808.426614077744,14611.458989912646,1.8901381757211354e-05,33501.13636363636,27532.516592877208,2.2477767148510086,4.524607189886347,4.9563699079550565,16.285358955034216,12.29227619242497,13.972702111188525,61.82869188562826
1587.954,1587.98,USV_1586,0.026000000000067303,5.0,89.84999999999991,False,1493.6798000000001,1583.5298,94.27419999999984,4.424199999999928,0.006331427022814751,0.032470703125,19299.34898945589,18486.135161847098,0.00028859425266163254,34601.5625,24580.33760259245,2.615099274450562,3.0626889007971125,6.2077665974456435,14.666073178021406,10.600112703060473,12.857796358664656,51.308172266499916
1588.01,1588.063,USV_1587,0.05300000000011096,5.0,89.84999999999991,False,1493.6798000000001,1583.5298,94.33019999999988,4.480199999999968,0.010240627452731133,0.008311878551136364,15183.122337824467,16534.829182482732,5.582410048145425e-05,32356.534090909092,27002.225487432686,2.677274617922786,5.131317519672466,4.118654290983645,14.709721618202423,12.878510269980637,13.885840687212074,55.93959017997913
1588.116,1588.156,USV_1588,0.03999999999996362,5.0,89.84999999999991,False,1493.6798000000001,1583.5298,94.43619999999987,4.5861999999999625,0.012098151259124279,0.017233455882352942,13696.299734992077,15085.10500740693,1.8990749010159145e-05,30816.176470588234,21308.95605824825,2.217211333190509,4.634418387875486,5.983016635137239,17.330636268851976,10.906525063773582,14.897484851743092,52.914535066502296
1588.367,1588.427,USV_1589,0.05999999999994543,5.0,89.84999999999991,False,1493.6798000000001,1583.5298,94.68719999999985,4.837199999999939,0.00797698087990284,0.028681640625,16308.546347965477,16546.163589076383,0.00017822176718658274,32823.75,23577.138400719556,2.380917577371771,4.8016502686933435,5.586763628727446,15.813258354247155,10.938741196053853,14.558796823584855,55.87558193037424
1588.602,1588.64,USV_1590,0.038000000000010914,5.0,89.84999999999991,False,1493.6798000000001,1583.5298,94.92219999999998,5.072200000000066,0.009391287341713905,0.017147288602941176,15005.60094664518,17354.75956972489,0.0001551387098754324,31483.45588235294,18719.140757624155,2.1448423065544135,5.491913232666794,5.298257458781432,14.905800936114659,11.836748927280624,13.243704895605372,52.55980454195165
1589.01,1589.038,USV_1591,0.02800000000002001,5.0,89.84999999999991,False,1493.6798000000001,1583.5298,95.33019999999988,5.480199999999968,0.006040721666067839,0.038010817307692304,18251.721479425596,16297.980401126018,0.00023026689878332087,33858.17307692308,20056.25176190501,2.1416053199062897,3.075411584241668,4.985869872519418,16.675141205169467,11.106080036929795,13.668628203930636,53.26000877966166
1589.676,1589.708,USV_1592,0.032000000000152795,5.0,89.84999999999991,False,1493.6798000000001,1583.5298,95.99619999999982,6.146199999999908,0.007600449025630951,0.030866350446428572,18573.59102626955,17154.40037581853,0.0002011163827280187,34118.30357142857,26754.283577867034,2.0794576864637584,6.517937506470031,6.658883586188084,19.55549227785621,10.712873761231977,13.289507050514743,53.61448977639902
1589.915,1589.955,USV_1593,0.03999999999996362,5.0,89.84999999999991,False,1493.6798000000001,1583.5298,96.23519999999985,6.385199999999941,0.011154095642268658,0.01862649356617647,14362.95397640856,16981.72472839098,6.363073923536208e-05,31003.676470588234,22531.64294358023,2.6736997967299403,6.0344233245589525,4.2394552031393085,17.252503108276134,11.832007956470237,13.440068708703615,52.66941569490341
1589.984,1590.011,USV_1594,0.027000000000043656,5.0,89.84999999999991,False,1493.6798000000001,1583.5298,96.30419999999981,6.454199999999901,0.007833248935639858,0.028282752403846152,18146.874806466032,18982.532831538378,0.0003334510010686679,34348.557692307695,21389.25477724241,3.1158537572153304,2.9850894516747197,5.439326107265089,15.230167038744273,9.693190729755063,12.699615420253823,51.41388026198161
1590.334,1590.363,USV_1595,0.028999999999996362,5.0,89.84999999999991,False,1493.6798000000001,1583.5298,96.65419999999995,6.804200000000037,0.006749351974576712,0.026423527644230768,15679.261082837595,16445.568128250223,0.00015856145484311558,32495.19230769231,16810.250663377967,2.306319851824473,6.189550861634453,4.633841148371365,16.51430431691994,12.452721629736876,13.84892795615687,52.98141615026428
1590.426,1590.434,USV_1596,0.008000000000038199,5.0,89.84999999999991,False,1493.6798000000001,1583.5298,96.74619999999982,6.896199999999908,0.012805703096091747,0.016748046875,15869.241278577849,19877.706474711355,0.0007544370890330274,30450.0,18945.212211698257,2.1428880544658098,4.137763002921905,6.784829751398476,10.147454153361936,8.54008798605256,12.632119231847469,38.778430854042995
1590.883,1590.907,USV_1597,0.023999999999887223,5.0,89.84999999999991,False,1493.6798000000001,1583.5298,97.20319999999992,7.353200000000015,0.00852824654430151,0.024169921875,15093.155440186045,15980.811578082636,5.918776156852129e-05,31031.25,26519.736030378433,1.8391411569652398,5.075815485886252,4.514582773998478,18.724404035306517,11.543697236247,14.764424167708079,50.66847751847438
1591.052,1591.141,USV_1598,0.08900000000016917,5.0,89.84999999999991,False,1493.6798000000001,1583.5298,97.3721999999998,7.522199999999884,0.011217456310987473,0.026048448350694444,14999.655457291918,14375.020384698642,0.0001498896237371434,29476.5625,17716.2811946603,2.276445713736521,5.622459266384415,6.414102654201243,15.677618341642797,10.663515655332127,13.617691654544362,60.74121495749622
1591.195,1591.313,USV_1599,0.11800000000016553,5.0,89.84999999999991,False,1493.6798000000001,1583.5298,97.51519999999982,7.665199999999913,0.011966201476752758,0.028657953789893616,15737.684378119657,13904.815394515745,2.3730106726763804e-05,31113.031914893618,22201.937986605688,2.200016986717777,4.1056879340731856,5.11410361486671,16.86133708710843,11.77804415645183,13.60294453742475,60.19618143435064
1593.588,1593.642,USV_1600,0.05400000000008731,5.0,89.84999999999991,False,1493.6798000000001,1583.5298,99.90819999999985,10.058199999999943,0.00838941428810358,0.03237516983695652,17066.49377005631,15980.17209616321,0.00027260536349451583,32510.869565217392,22533.128366791767,2.5302853164851533,4.377061001447422,7.13021248216637,17.038361770323508,11.95657093926094,14.92189447661741,58.45760383304423
1593.676,1593.685,USV_1601,0.009000000000014552,5.0,89.84999999999991,False,1493.6798000000001,1583.5298,99.99619999999982,10.146199999999908,0.008161203004419804,0.025309244791666668,19130.585505058578,21070.15922436952,0.00040544537986024774,34140.625,21499.046987561418,1.7872369866277669,4.504372492385471,3.9949676728026358,13.787981548291953,10.864637162111157,12.507177729039064,39.08576587659356
1598.354,1598.374,USV_1602,0.01999999999998181,5.0,89.84999999999991,False,1493.6798000000001,1583.5298,104.67419999999993,14.824200000000019,0.00678247818723321,0.0447998046875,18709.411954210136,19160.539590861485,0.0004742355038173743,33075.0,21812.1330538469,2.527598407075537,3.0655301559038413,7.187686255909442,14.618111001387922,10.944956397262285,15.405854382389458,47.66007745639619
1599.326,1599.374,USV_1603,0.04800000000000182,5.0,89.84999999999991,False,1493.6798000000001,1583.5298,105.64619999999991,15.796199999999999,0.009886877611279488,0.01973876953125,15358.475197868043,16233.846633340861,0.00021263265569430298,31434.375,20831.130904750444,2.688372274783173,5.9892342147153155,7.507159800230376,14.522404362917015,12.304923984776448,15.034212349339224,55.49670960175816
1599.482,1599.539,USV_1604,0.05700000000001637,5.0,89.84999999999991,False,1493.6798000000001,1583.5298,105.80219999999986,15.952199999999948,0.009845645166933537,0.0323486328125,15583.898990394497,16514.261846470457,0.00015415222408948992,31863.28125,19772.363369846702,2.2258861018436527,4.3950693561132335,4.730816649342309,17.094474659721026,9.598148878009903,14.19353611646664,54.07791808274828
1599.869,1599.881,USV_1605,0.012000000000170985,5.0,89.84999999999991,False,1493.6798000000001,1583.5298,106.1891999999998,16.33919999999989,0.008243879303336143,0.019008091517857144,14825.821684711202,16162.42644793812,8.356141905751243e-05,30200.89285714286,20675.18177478325,1.0274241817493377,5.5812877142418085,3.5517575236644214,11.446992954376471,15.435604434931003,12.759798303469122,44.099935844137256
1599.936,1600.035,USV_1606,0.09900000000016007,5.0,89.84999999999991,False,1493.6798000000001,1583.5298,106.25619999999981,16.4061999999999,0.012088960036635399,0.02947998046875,15249.081377026794,14567.125170326442,0.0001071781193057709,30283.59375,20068.40795992125,2.08674316741103,5.805342149017863,4.977114454615578,14.307810431822144,11.029530594325852,14.21989188395832,59.46025819453204
1600.343,1600.373,USV_1607,0.029999999999972715,5.0,89.84999999999991,False,1493.6798000000001,1583.5298,106.66319999999996,16.81320000000005,0.008715181611478329,0.020455496651785716,18139.886701398307,17749.406935425046,0.00018781467863412355,33997.767857142855,29158.22503675732,2.643612730748866,5.08488243114922,5.100234867381464,16.076310646324945,10.770219022282275,15.081163053665358,52.440489712899456
1600.633,1600.657,USV_1608,0.023999999999887223,5.0,89.84999999999991,False,1493.6798000000001,1583.5298,106.95319999999992,17.103200000000015,0.009318598546087742,0.03189364346590909,18338.798295143017,18916.280985018017,0.0005350458102706329,33724.431818181816,19158.920448852296,1.751496307400616,5.242644438554682,5.5591571370064,13.822686798211622,11.255631565020757,12.773366610715895,50.666839637326284
1600.806,1600.868,USV_1609,0.06199999999989814,5.0,89.84999999999991,False,1493.6798000000001,1583.5298,107.12619999999993,17.276200000000017,0.008346276357769966,0.02247032752403846,15624.61678709366,15631.861712982329,0.00010245766804775355,31211.53846153846,20805.701942311433,2.969025124367389,4.13436063033652,5.8211483431630695,16.26391069299773,11.310294099242403,13.303169556824791,58.833059336729384
1600.965,1600.977,USV_1610,0.012000000000170985,5.0,89.84999999999991,False,1493.6798000000001,1583.5298,107.2851999999998,17.435199999999895,0.004699967335909605,0.04596819196428571,19444.55853905351,19849.220904016925,0.0006247848657142512,33080.357142857145,23950.89539709163,3.2169277685827615,2.426525146742567,4.543160246380104,13.226796458917066,8.9324218922183,13.829605135495484,42.437033213395274
1601.338,1601.382,USV_1611,0.044000000000096406,5.0,89.84999999999991,False,1493.6798000000001,1583.5298,107.65819999999985,17.808199999999943,0.010410207323729992,0.01459703947368421,14103.35109618137,15940.447815464348,8.435983357586641e-05,30863.486842105263,20999.923292504438,2.682345955842202,5.159616193277792,6.185259432496277,17.749991499849823,12.266604823657886,14.036310552301533,53.66826109555834
1601.531,1601.549,USV_1612,0.018000000000029104,5.0,89.84999999999991,False,1493.6798000000001,1583.5298,107.85119999999984,18.001199999999926,0.00810893252491951,0.023763020833333332,16680.249589912204,15477.095666139416,6.540424760505113e-05,31145.833333333332,23797.503849789417,2.7726768469361174,2.511641971017393,3.473979751011252,17.30691510917303,13.495946903013028,12.950519574337667,50.128021126279315
1601.722,1601.81,USV_1613,0.08799999999996544,5.0,89.84999999999991,False,1493.6798000000001,1583.5298,108.04219999999987,18.192199999999957,0.0171901136636734,0.029617745535714286,13428.844989621559,13433.275647463188,5.695915373972413e-05,26895.535714285714,21139.05852434234,2.6376725482625916,2.8685849787899316,6.2893850721717595,20.484803864830923,9.981022335483589,14.22787964862473,59.49966723443764
1601.88,1601.93,USV_1614,0.049999999999954525,5.0,89.84999999999991,False,1493.6798000000001,1583.5298,108.2002,18.350200000000086,0.01276067178696394,0.020693824404761904,12925.062116052955,15030.503027560302,0.000142713549453046,28589.285714285714,25656.852279083087,2.625589409553547,4.237547104725931,5.644508258435347,19.351244109131326,9.542945002710837,16.683652902814526,54.573965676321144
1612.964,1613.008,USV_1615,0.044000000000096406,5.0,89.84999999999991,False,1493.6798000000001,1583.5298,119.28419999999983,29.43419999999992,0.010770466178655624,0.018631784539473683,15258.164821226119,16725.640177522477,0.00010518088311021276,30286.184210526317,24150.4301784049,2.046301143146419,3.9285876842938636,6.226476014243104,15.326903845979377,11.844620353878387,14.475159448742152,54.00215638722193
1630.353,1630.41,USV_1616,0.05700000000001637,5.0,89.84999999999991,False,1493.6798000000001,1583.5298,136.67319999999995,46.82320000000004,0.009188727475702763,0.022623697916666668,15241.599342421105,16371.02064597171,0.00038731432524237376,30558.59375,17908.905051155623,1.7434066725251214,3.76379535746743,4.894690431703109,14.450546656568326,10.809194674927971,14.68421933875109,56.50191274473408
1639.785,1639.804,USV_1617,0.019000000000005457,5.0,89.84999999999991,False,1493.6798000000001,1583.5298,146.10519999999997,56.25520000000006,0.004840057343244553,0.0431640625,20141.79512658128,20837.339910716422,0.0010823156960699995,34603.125,20512.82626820242,2.0427376408826725,4.076130049642211,5.627041232390778,13.798737110575217,10.342376482627207,14.023587585788551,49.15007063623816
1649.26,1649.319,USV_1618,0.05899999999996908,5.0,89.84999999999991,False,1493.6798000000001,1583.5298,155.58019999999988,65.73019999999997,0.012913067825138569,0.016215006510416668,12899.523616246435,14791.549180294247,9.542213682251832e-05,27546.875,19490.717271400696,2.3654510694545956,4.188277036461149,5.745590005204261,15.576403143812813,10.102370933520048,16.34092264356126,58.277059787317995
1670.205,1670.224,USV_1619,0.019000000000005457,5.0,89.84999999999991,False,1493.6798000000001,1583.5298,176.5251999999998,86.6751999999999,0.008066507987678051,0.02333984375,15035.110730018452,14653.643498587702,3.9698248839840814e-05,29859.375,20594.63790750719,2.6562045039206383,3.653644967901652,3.9513469608170304,15.092359152369273,9.935459504224543,15.089141645954829,53.69717308905971
1670.259,1670.268,USV_1620,0.009000000000014552,5.0,89.84999999999991,False,1493.6798000000001,1583.5298,176.5791999999999,86.72919999999999,0.006131989415735006,0.025634765625,19185.192823589336,22791.154393384466,0.0011508593288073667,34078.125,21973.94794357005,2.047327445063424,3.974109409759637,4.107113810351938,10.659385903624846,9.755065091136126,17.87433077749385,36.85996279137239
1692.766,1692.811,USV_1621,0.044999999999845386,5.0,89.84999999999991,False,1493.6798000000001,1583.5298,199.08619999999996,109.23620000000005,0.007912760600447655,0.034269634046052634,16624.56847383565,16498.849827802034,0.00046053650674361896,31485.197368421053,22284.964580269367,2.1419469286294737,4.969766399875022,4.870521601220062,14.532121538293968,11.426270196825227,12.624750974225094,55.67842894082191
1712.444,1712.467,USV_1622,0.023000000000138243,5.0,89.84999999999991,False,1493.6798000000001,1583.5298,218.76419999999985,128.91419999999994,0.009513169527053833,0.012961647727272728,15049.638507056918,18286.146166555027,0.0004479915827704398,31090.909090909092,16508.103564513047,1.8841714557624627,4.746363848762974,4.279269273321815,15.157125606867622,11.362416774955047,13.288687271446998,49.55860677301792
1717.323,1717.357,USV_1623,0.03399999999987813,5.0,89.84999999999991,False,1493.6798000000001,1583.5298,223.64319999999998,133.79320000000007,0.01015330571681261,0.018798828125,14712.593272843662,16589.014797386557,0.00020115421902209865,29893.75,23770.946113942464,2.0129499289400727,5.117871043442375,6.438334916188215,18.178511738340323,11.12860335659861,14.505179413027147,53.180667021076076
1717.488,1717.576,USV_1624,0.08799999999996544,5.0,89.84999999999991,False,1493.6798000000001,1583.5298,223.80819999999994,133.95820000000003,0.012194639071822166,0.022356305803571428,13309.850551639269,14384.528058786891,0.00011928009243489659,27857.14285714286,23263.134441648035,2.960308609685949,3.980509393232677,6.78660734828839,23.730235696854006,11.01694858341302,14.369266665892637,60.302908343105955
1719.671,1719.808,USV_1625,0.1369999999999436,5.0,89.84999999999991,False,1493.6798000000001,1583.5298,225.99119999999994,136.14120000000003,0.04440631717443466,0.015209056712962963,9227.797658059202,11667.91046021033,4.294114645568594e-05,20460.069444444445,19606.739107933783,3.8337238414470427,3.01121487552907,5.056296495370058,19.58728485604295,10.948170521136351,14.40024890740472,58.71664563723243
1726.465,1726.481,USV_1626,0.016000000000076398,5.0,89.84999999999991,False,1493.6798000000001,1583.5298,232.7851999999998,142.9351999999999,0.008861921727657318,0.027618408203125,17835.185514475477,19917.621906603585,0.0009686400719918597,31980.46875,26022.215745194822,3.2655738416054865,5.339202313496303,4.819483949693081,14.318938624290153,10.958162297997657,12.284169572909459,45.14794701043853
1733.849,1733.858,USV_1627,0.009000000000014552,,,None,,,,,0.006349171046167612,0.024739583333333332,17514.533916331533,22173.322190603056,0.002154003570309626,32187.5,23179.201202501485,2.433126505528657,2.0362689370957523,3.3396266759938524,14.448651357259898,12.241653082893366,15.873573877407436,37.746044137438496
1737.01,1737.118,USV_1628,0.10799999999994725,,,None,,,,,0.011872516013681889,0.019224654796511628,13545.569291813488,14952.471384554032,0.0001695072164531697,29882.267441860466,20903.48727356787,2.0105215450230842,4.2461757004670835,5.784578929466818,16.161913806049085,11.455071728738208,13.793282098110868,57.441864030564226
1737.264,1737.327,USV_1629,0.06300000000010186,,,None,,,,,0.009292341768741608,0.022620567908653848,14356.763576195175,15305.220419722647,0.00016030606389980353,30072.115384615383,20833.452464067228,2.118109178946287,5.138677588216778,5.0103418363023025,16.271999182363718,11.844570818522222,16.077427089591,57.20339533101231
1743.695,1743.815,USV_1630,0.12000000000011823,,,None,,,,,0.01569504663348198,0.0187261053856383,10323.616142557808,12591.350013655412,6.691081136033525e-05,23892.287234042553,24279.944045087694,2.394023510184365,4.110157547690761,7.988194276872047,18.61447545026967,14.083663141537054,16.061258758126773,60.62683514668761
1743.909,1744.031,USV_1631,0.12199999999984357,,,None,,,,,0.009135323576629162,0.035207112630208336,14433.395292326919,13318.63801292149,1.2531055941653793e-05,28998.046875,18023.944227282493,2.693457379648089,4.376655056768482,6.884031145144351,17.860401240283565,13.123739817341457,14.452522749350964,62.27658685005168
1745.618,1745.754,USV_1632,0.13599999999996726,,,None,,,,,0.013789382763206959,0.0162975383254717,11676.695759639071,14296.332678691444,7.949013338771361e-05,28036.556603773584,27368.531610535647,3.0085270694850794,4.668640459509346,10.35061250735533,21.091222523365502,11.52414460667302,14.53145729654836,58.6726560450693
1762.753,1762.845,USV_1633,0.09200000000009823,,,None,,,,,0.009809325449168682,0.0322925464527027,16471.47460022092,14981.303184452574,0.00011123358664103647,31431.587837837837,25256.3354350517,2.463325006684009,5.350296717757137,5.203046174514583,14.147371212255536,12.17002626521068,14.919359017465968,59.50697684068689
1763.277,1763.308,USV_1634,0.03099999999994907,,,None,,,,,0.01429757010191679,0.015572684151785714,10950.895445099062,15909.333803198158,0.0002710060854827954,25694.196428571428,35813.25589041739,3.360861090583684,3.584842261834532,6.720548528197904,14.51899535413113,13.912010402566862,16.772217907459964,51.20870355055255
1764.106,1764.23,USV_1635,0.12400000000002365,,,None,,,,,0.057816583663225174,0.027129504145408163,9790.593824533626,10481.327251140558,3.784342938753858e-05,19580.35714285714,20424.380626502785,3.0373985437775386,2.4215572981317255,9.16206655050448,16.275394513477487,10.941223226334579,15.203890954082354,67.98387500763697
1764.584,1764.608,USV_1636,0.023999999999887223,,,None,,,,,0.010011165402829647,0.018266157670454544,14513.869676291895,15566.896079079435,0.00011449210181625355,30954.545454545456,27064.53019542387,2.1931265775915105,3.1529504480292463,6.19209001424237,16.47104945472267,12.736913408008318,16.211452477208038,51.75556667018955
1765.065,1765.105,USV_1637,0.03999999999996362,,,None,,,,,0.007602341007441282,0.028262867647058824,15546.764808319578,15592.129534777412,0.00012771623788852528,31251.83823529412,23656.683226593876,1.9842590607102764,3.7935642641851475,6.752317211406286,16.02592069972141,10.902400310595018,14.422306596694874,55.14741675215015
1765.245,1765.305,USV_1638,0.060000000000172804,,,None,,,,,0.008136940188705921,0.034013671875,16482.06757347436,16426.703612209836,0.00019908793156198383,31691.25,23782.683998857392,2.759481908143272,4.345228218237116,6.11440639068218,16.66048971226224,10.476239287349063,13.517867600595844,57.043855082893316
1765.78,1765.852,USV_1639,0.07200000000011642,,,None,,,,,0.012874013744294643,0.02394261853448276,13026.295857334639,13485.011257399317,5.349858801822597e-06,28212.28448275862,20564.044082452456,3.9152743071388865,4.241092377680506,5.049954526404172,15.420554319735798,11.12688390874287,14.51816222939439,58.94063471538124
1766.421,1766.439,USV_1640,0.018000000000029104,,,None,,,,,0.012978911399841309,0.012342664930555556,13939.70169787182,15901.733843487998,9.03654532670967e-05,27177.083333333332,23498.107754236316,2.3494251217152984,4.06476452038391,3.126941758643963,15.015728997780705,10.556698504979865,15.024061228465367,48.34209466131446
1766.47,1766.484,USV_1641,0.013999999999896318,,,None,,,,,0.01141907088458538,0.009765625,15843.016760273931,22065.79020149966,0.0003213096621750922,30738.28125,22696.11381479814,2.5763039641469554,4.88392777733651,5.224538033505003,12.130962953404081,7.286728050375482,12.880280340143404,41.9087472638834
1766.513,1766.532,USV_1642,0.019000000000005457,,,None,,,,,0.00783597957342863,0.024267578125,15388.713815852028,17583.655600966642,0.0004105151891715084,31134.375,18434.35597498124,2.2965718524995333,3.625140652743853,4.444103681536254,14.415769767093924,10.641790304592455,14.263890198517966,47.67464369394888
1766.63,1766.743,USV_1643,0.11299999999982901,,,None,,,,,0.011443310417234898,0.03439670138888889,15241.285171578314,13770.081907954282,0.00011839360274922735,28818.75,19856.55546021463,2.3145840067074603,4.660882659218324,4.926223197315628,16.67501939533048,10.082829633523447,15.549836863397594,62.27881529170057
1767.206,1767.235,USV_1644,0.028999999999996362,,,None,,,,,0.012041639536619186,0.010610727163461538,15073.989680286664,17112.977255214362,0.00017849282209438853,29603.365384615383,27199.387092335164,2.7295352638709605,2.8155364320886727,6.124397850101549,14.673932691575068,10.083854908920577,13.361904485872332,53.57117083073212
1768.01,1768.075,USV_1645,0.06500000000005457,,,None,,,,,0.008370489813387394,0.028772424768518517,13715.353804261962,13344.67669712352,6.433826119646025e-05,27909.722222222223,15482.84015330647,2.5387482864280604,3.2816970799647995,5.166842410262119,14.462407059018146,11.19638861537837,14.036418911741329,59.91182992062434
1772.517,1772.555,USV_1646,0.038000000000010914,,,None,,,,,0.009906064718961716,0.01663028492647059,13598.22798890932,15563.482709224538,8.600576066271934e-05,29387.867647058825,22827.809471248445,2.9602432399326353,4.754712357224197,5.06631960428753,15.926772893480852,10.426768714762959,15.017982049587218,54.06519901267421
1772.794,1772.844,USV_1647,0.049999999999954525,,,None,,,,,0.012582994997501373,0.03476097470238095,15232.854317403631,14553.664618040964,8.805195953642582e-05,29352.678571428572,24357.28648422828,2.7330223496703323,4.142290910859113,4.675759343741435,17.174929144113275,10.16403495863805,17.262760665529953,57.40908023760225
1773.347,1773.383,USV_1648,0.03600000000005821,,,None,,,,,0.008930373936891556,0.0355377197265625,18181.435538169368,17328.980102527577,0.00018152112633471274,32759.765625,26819.266895838595,1.8394434995445832,3.9800322114047852,6.231906420076905,14.605126917078334,10.330745959322023,16.185902950785582,54.53518580036156
1773.417,1773.554,USV_1649,0.13700000000017099,,,None,,,,,0.010980451479554176,0.019314236111111112,14260.68114394351,14852.039586781546,7.047202809965928e-05,30456.597222222223,24791.331993305866,2.7389495405748727,4.590180800756843,5.5968445441267525,17.596578004921426,11.121151963431133,15.785182616525,59.61896790676988
1773.966,1773.994,USV_1650,0.02800000000002001,,,None,,,,,0.01010190136730671,0.019381009615384616,15825.546029694477,18384.475250724998,0.0003704140907824547,30973.55769230769,24289.81720483528,2.103925024990142,3.516673879650148,3.3943718568839967,14.654019793170285,9.823683682564695,13.001222882924878,51.06211841771737
1774.036,1774.057,USV_1651,0.020999999999958163,,,None,,,,,0.008643153123557568,0.0346435546875,17207.31166289097,18540.049904723266,0.0006503033428917384,32643.75,20588.764713911296,2.19367160148418,3.2306842331517727,5.603609262846897,14.577398377770418,10.277779614888088,14.46587185766784,48.33138808745075
1774.406,1774.46,USV_1652,0.05400000000008731,,,None,,,,,0.012071092613041401,0.018671450407608696,14528.596856795477,16325.023502075273,0.0001139143887328588,30048.91304347826,26509.125537442447,2.9146419533583345,4.121869800461376,5.085165407888104,16.31048733881007,8.938217405016454,14.647739118172124,55.695880738950606
1774.502,1774.612,USV_1653,0.11000000000012733,,,None,,,,,0.00926222000271082,0.02179509943181818,13397.797174481959,14570.477551827562,9.612975548537844e-05,29818.892045454544,25667.89727168846,2.489122726570304,4.103397074890602,4.918815629736425,15.895435913517645,12.76677978868571,16.044629830846876,59.41966370726443
1774.682,1774.731,USV_1654,0.04899999999997817,,,None,,,,,0.009629511274397373,0.019368489583333332,14129.52042086599,15623.199416293915,0.00013024407284511463,29500.0,23252.405357452746,2.53457009450478,3.957717463192652,5.798316583228616,16.10181122043604,10.586840194533604,14.92767926181138,54.80787704581879
1779.168,1779.286,USV_1655,0.11800000000016553,,,None,,,,,0.009933901950716972,0.026663272938829786,14565.625593658815,14725.221024754743,0.0002130169024598094,30203.457446808512,26959.53324143898,2.6116128858779217,3.0774353008169153,6.075137515875547,17.393018795896694,11.259975012731008,15.32246778493971,59.56222757360103
1781.683,1781.776,USV_1656,0.09300000000007458,,,None,,,,,0.010253766551613808,0.021101668074324325,13972.493766161035,14951.871822568477,4.728019832661824e-05,29693.412162162163,16464.301571380867,2.405963698273145,4.678240004634657,4.921826715993288,15.39456868950942,10.98055750561894,14.706845070672554,58.89208996831594
1783.688,1783.732,USV_1657,0.04399999999986903,,,None,,,,,0.010016050189733505,0.015265213815789474,13662.644320994095,15302.82390424604,6.802523719691166e-05,29812.5,18679.786885510483,2.4780903022895497,4.7722438320916165,5.064229232878638,15.713003032756516,11.332593477406215,13.756732892943313,55.161377532512866
1785.866,1785.989,USV_1658,0.1230000000000473,,,None,,,,,0.010414685122668743,0.026989995216836735,13107.029876495131,12902.135236014637,5.263602077714439e-05,26892.85714285714,14901.919691286701,2.9240712116971412,4.478742961047634,4.760170705849503,16.350634220434102,10.540952451263795,15.000181428638285,62.67705189133223
1789.266,1789.415,USV_1659,0.14899999999988722,,,None,,,,,0.010116524063050747,0.03052178744612069,15017.265777027285,13474.685629721607,0.00010728024845535654,29413.254310344826,18438.215335277582,2.427008171047542,4.167606291903665,5.270447685107043,16.980187151694107,11.025352608447934,15.092469003547548,62.09288122290346
1791.313,1791.329,USV_1660,0.015999999999849024,,,None,,,,,0.029579976573586464,0.0087890625,9692.047376823426,17387.697369328438,9.893328040323852e-05,24316.40625,26418.560431689155,1.9818603784953857,4.626150819855251,8.464209334982549,14.22559179690926,10.3757358383365,16.76727617559048,43.548422307845215
1791.376,1791.394,USV_1661,0.018000000000029104,,,None,,,,,0.01590743660926819,0.013916015625,12004.424726122026,16361.582434174248,0.00011027108883652595,25916.666666666668,21272.4470206822,3.534497862260759,2.971522836112954,8.289773737773274,14.044557495816502,10.335231738830496,13.593574395350908,48.93927614178257
1794.687,1794.75,USV_1662,0.06300000000010186,,,None,,,,,0.010546787641942501,0.019681490384615384,12695.094511105326,14131.711393140404,2.228855247437803e-05,28882.21153846154,17685.534690917095,1.7725593578506713,4.44169115429955,4.710723649617543,16.348279712942208,11.402805341026596,14.50741628088858,56.84653510071973
1800.465,1800.552,USV_1663,0.08699999999998909,,,None,,,,,0.008043993264436722,0.046651785714285715,16312.21458389504,13756.334427603766,3.796835954199027e-05,29766.964285714286,17656.292476879647,2.1647303250936125,3.9726007447676612,4.678357925110935,14.774582247319595,10.291678931158872,15.738170010596365,62.41020033638766
