start,stop,label,duration,trial_num,open_latency,before_open,trial_start,lever_press,prox_to_trial_start,prox_to_lever_press,rms,zcr,centroid,bandwidth,flatness,rolloff,f0,contrast1,contrast2,contrast3,contrast4,contrast5,contrast6,contrast7
1.544,1.692,USV_1,0.1479999999999999,,,None,,,,,0.012920375913381577,0.02149700296336207,11506.2046799,13002.634634118647,7.052566119050589e-05,25467.672413793105,22245.81063405559,2.967255724591835,5.615400083144669,5.456578898823629,15.680665727810855,11.029582634331572,16.0801017164466,61.47328013077696
5.146,5.169,USV_2,0.022999999999999687,,,None,,,,,0.010727303102612495,0.01715642755681818,14597.766109160577,18140.453926414022,0.0005535679737650443,30375.0,21814.289889542033,2.338445028961248,6.1857015507350726,4.846323271254712,14.475212729033268,11.042428667507172,14.363190389813086,49.19327668149169
5.955,6.0600000000000005,USV_3,0.10500000000000043,,,None,,,,,0.0113829979673028,0.03752790178571429,12769.68584138841,11825.771253801828,2.300762205294657e-06,25908.48214285714,17150.044247354475,2.2404618389068,3.024185742698216,5.5644730233691115,18.19731158275357,12.324535452249947,13.907688572849953,64.30226367295231
10.575,10.672,USV_4,0.09700000000000131,,,None,,,,,0.012604610994458199,0.03777293669871795,12457.094363812656,11901.765161677144,0.00022728550527880488,22478.365384615383,14769.230769230766,2.8724769410346807,3.476799878153886,5.435072824301388,17.908810907648824,11.877642563042901,18.746297657709057,64.67446529215431
11.017,11.05,USV_5,0.03300000000000125,,,None,,,,,0.008194389753043652,0.03211263020833333,14943.229122326014,14978.790635931984,0.0002721499913686907,28756.25,15180.058177986617,2.683790147288868,2.4919295480648906,4.732525477794801,15.727188277725832,10.410251758048684,13.509843511924343,56.64605413668351
12.087,12.168,USV_6,0.08099999999999952,,,None,,,,,0.013219300657510757,0.038322679924242424,14791.83762736631,14739.866422683675,0.00036774405047784395,28147.727272727272,17428.702437820888,2.264731717611006,4.478938026189778,5.233304020096937,17.593565682071567,10.818616755470847,16.114297946480033,60.39480811083916
12.293,12.347999999999999,USV_7,0.054999999999999716,,,None,,,,,0.018079103901982307,0.03480596127717391,12254.349340890209,12403.713134464573,1.4050004607941015e-05,25487.771739130436,21155.461603780368,2.801291781876443,2.4996144388957022,4.7187447535561216,21.155789679012383,11.527496268395963,15.927713744074133,62.19580250093105
15.7,15.793,USV_8,0.09299999999999997,,,None,,,,,0.015557066537439823,0.02998970650337838,13368.786820346031,13738.241791653423,0.00010203463473712388,27752.533783783783,23489.257675885747,2.468692961725786,4.148762401425991,4.616130500011411,18.95221725127334,9.985121495590326,15.802633784008595,59.20511294568474
16.04,16.1,USV_9,0.060000000000002274,,,None,,,,,0.040570203214883804,0.0159765625,7914.615122040692,10934.542897935222,2.433093561240277e-05,16282.5,14769.23076923077,4.253852751852423,3.1197221722731467,5.523091532857741,15.51036044938665,12.219250066003202,16.611986213626846,60.61683989672223
16.195999999999998,16.234,USV_10,0.03800000000000381,,,None,,,,,0.03008613921701908,0.011790556066176471,9495.050594748916,14091.338805565756,8.45956693786869e-05,23338.235294117647,25072.485909975763,2.758692216817382,1.9304910124636896,6.318906894000293,16.444501812513128,11.98730761433742,15.225364404327914,54.087919609388265
22.437,22.507,USV_11,0.07000000000000028,,,None,,,,,0.008524575270712376,0.03699151400862069,14963.10992653877,13138.459358079888,5.5612021529002846e-05,27682.112068965518,15000.542536374644,3.0702192464324423,3.274198786894758,5.125422912682449,17.277412696069533,11.248897111288423,15.549817918748564,61.355413778661095
23.545,23.589,USV_12,0.04399999999999693,,,None,,,,,0.010297222062945366,0.026868318256578948,15140.294722293955,14733.307765102663,0.00031802729872167925,29264.802631578947,17689.327695151722,2.9902936645290983,4.668290719756919,5.120858156886931,17.059063549939204,10.294272012994004,15.067708158646012,56.77603879525826
23.744,23.806,USV_13,0.062000000000001165,,,None,,,,,0.009008318185806274,0.03052696814903846,14539.234893802546,14573.302312472295,0.00010396941092243293,29834.134615384617,17346.52206452266,2.522501270339394,4.769569393315743,5.438468963312382,16.192647612838492,11.663138409903041,17.39225646442359,57.195978205330334
29.733,29.779,USV_14,0.045999999999999375,,,None,,,,,0.008393274620175362,0.025537109375,14724.956855134278,14357.48392034999,0.00010281715220887417,28790.625,17031.134349132368,1.9839990055106285,5.2004837186140485,5.327692724656438,15.247907604065153,11.463284623564675,14.089445177664434,57.34161279799609
32.249,32.354,USV_15,0.10499999999999687,,,None,,,,,0.011551372706890106,0.021525065104166668,12770.353381861458,14949.89619819095,0.0001822078598015277,28352.678571428572,24710.215250743036,2.4196456359216105,3.329051457733146,5.978336242610219,15.612381402211323,10.232177710803942,14.844916344373436,59.41003910164384
38.024,38.092,USV_16,0.06799999999999784,,,None,,,,,0.020652828738093376,0.017429896763392856,11857.606225711863,14520.180228711159,0.0002451576451591696,24783.48214285714,19422.159721589447,2.143816093572147,3.939609281078469,8.613711966271955,19.082028049582053,9.973395102253836,14.048019630232522,58.25662245627003
39.963,40.06,USV_17,0.09700000000000131,,,None,,,,,0.017850909382104874,0.017753405448717948,10896.396410227899,13487.130071075842,0.00014751144714963412,24057.69230769231,16016.198253922803,2.3422547880084603,2.747361800191654,5.423879844171215,18.13570723660755,10.731303946113057,14.83884299070723,59.28567607799039
40.336,40.432,USV_18,0.09600000000000364,,,None,,,,,0.011993632651865482,0.011924342105263159,12651.375406518015,14195.917027602532,0.00023898449040729247,27414.473684210527,19301.196061762468,3.3929612951307297,4.124754394626859,5.026059108781371,16.806418948699676,12.848403167852712,14.254117074258701,59.45060288177865
46.876,46.901,USV_19,0.025000000000005684,,,None,,,,,0.014656704850494862,0.014424641927083334,11740.740931530867,16434.0987191815,0.00014935706711057884,26367.1875,23615.716696902677,2.108760032171218,4.6616514267627975,5.249617701156732,14.366416009985642,9.613590557257158,15.780152921896288,49.38216173862673
46.978,47.045,USV_20,0.06700000000000017,,,None,,,,,0.0124280396848917,0.01873779296875,12401.966416616136,15125.213033423623,0.00031155133027984365,27542.410714285714,20516.688167919456,3.2812743614101527,3.7196099532943196,4.909397928795711,16.74707029523545,12.019675768903786,14.506192617003277,56.27812646163935
49.871,49.894,USV_21,0.022999999999996135,,,None,,,,,0.04193751513957977,0.00790127840909091,6550.841765406266,14218.016956411715,4.9582669940516014e-05,15230.113636363636,31961.271335892732,0.9417980660724141,2.482593475564776,5.199036861185169,18.836031054340456,14.6482874216888,15.661884669463314,47.42497132513742
51.758,51.808,USV_22,0.04999999999999716,,,None,,,,,0.01475505344569683,0.019252232142857144,11945.88896880357,15273.174914115723,0.0004039080622381111,27227.678571428572,14994.197213517127,2.7879902122762923,2.550849515296232,5.504258467452724,15.481083292555066,10.265491440694513,14.55892007339331,56.35680061172802
52.002,52.131,USV_23,0.12899999999999778,,,None,,,,,0.017652250826358795,0.02591720281862745,11209.840505522945,12329.248595975305,0.00010411661365365311,23180.147058823528,14944.57208315789,2.3453398645885426,3.225427200288774,5.364307128894074,19.116449364933235,11.46970128731319,14.751005809574854,60.298297848494386
53.697,53.766,USV_24,0.06899999999999551,,,None,,,,,0.012634479440748692,0.020656040736607144,12519.180780051003,13731.057264071062,0.0001963552527985853,25818.08035714286,15821.462775850003,2.712903042834776,3.6621690059993353,5.571127184403923,16.64796298940357,11.557840341060608,16.62153517864971,59.235839392127886
53.847,53.939,USV_25,0.09199999999999875,,,None,,,,,0.019008096307516098,0.015420449746621621,10572.35187013462,13527.893069597305,0.00022405197583452,24326.858108108107,22202.69208755273,2.4124050938677852,3.023155282525878,7.382411426192031,16.349243123189048,11.416496395337923,14.233914491243576,60.10512446730214
55.068,55.17,USV_26,0.10200000000000387,,,None,,,,,0.041937556117773056,0.029672017911585365,10131.483913227523,10075.159121481542,3.7591343419515915e-05,20117.378048780487,21400.212930436213,2.28065591316978,4.2046328737409935,6.521349260743053,17.393830518153493,12.805599410992889,19.75000815618883,65.74475717988614
55.681,55.822,USV_27,0.14100000000000534,,,None,,,,,0.012726614251732826,0.01387606534090909,12041.30543301802,13911.582771976971,0.00018747096332975634,27460.227272727272,21381.373709173582,3.1534383510879263,5.325969470113581,5.388159931517364,16.323161387100935,11.2669961899992,14.561092189604572,60.05702644565056
60.333,60.435,USV_28,0.10200000000000387,,,None,,,,,0.03469584137201309,0.014571027057926829,8420.899400330747,10899.890659303846,6.586268165672965e-05,17380.335365853658,19792.16064345197,2.963570535024488,3.1903254967089927,9.061182206066244,18.768361856881743,13.0527903145376,14.23960164306654,62.574840974250755
67.718,67.854,USV_29,0.13599999999999568,,,None,,,,,0.012587626464664936,0.026436283903301886,13388.657790848845,13217.225668409861,1.619487330588663e-05,27863.20754716981,19932.763965594866,2.623824005522584,4.650051299846296,5.7530164985046905,15.458081319351797,11.110323313174305,14.807440310774721,60.45294703916979
68.075,68.169,USV_30,0.09399999999999409,,,None,,,,,0.01133741158992052,0.033903423108552634,15400.929254055278,14400.553907966529,0.00016447888069731566,28904.605263157893,21416.46350515727,3.6476419143422523,6.357521138772624,4.957379622779232,15.37058156953725,9.385892877140895,14.679300882349573,60.21432659628846
68.305,68.352,USV_31,0.046999999999997044,,,None,,,,,0.11214456707239151,0.02474365234375,11113.025381096098,12639.67910931,2.8196720540762478e-05,22340.625,20301.7557366049,1.8584358079224788,4.693553287528805,5.711702393399913,12.459106733966575,20.857249640367623,18.93427907726942,58.1548666439183
68.414,68.454,USV_32,0.03999999999999204,,,None,,,,,0.010182094760239124,0.029311236213235295,12486.952602641042,13212.54749830627,3.5123395911304035e-05,25670.95588235294,18286.21810148561,2.403293235195655,4.600181942913628,6.66715710301422,15.256042098892532,16.255025119354514,16.053207048691696,59.194638123973206
68.561,68.614,USV_33,0.05299999999999727,,,None,,,,,0.10193910449743271,0.02802068536931818,11533.105169247732,12115.775358588748,0.0002608681043272556,22325.284090909092,16378.336056727758,2.6021036717097896,4.60854792566955,5.793442619157523,13.828075822958386,23.50348964385729,19.304357678716684,59.41511598342229
68.815,68.867,USV_34,0.05200000000000671,,,None,,,,,0.10289192944765091,0.023115678267045456,11124.098897906448,12626.641827318903,9.21995433689554e-05,22218.75,16206.062942748335,2.2053554540974663,3.424544789632415,5.141895681526051,12.59142679072247,23.753420065331433,18.768425281597516,59.042747078395685
69.069,69.118,USV_35,0.04899999999999238,,,None,,,,,0.10645534843206406,0.024937220982142856,11802.327854251156,13443.284308919243,0.00023848338377176938,22866.071428571428,18384.368019131936,2.0689653762056666,5.126051374435228,5.128357678346242,13.581924269013419,21.851522763780096,18.462225521390025,57.707426410982016
69.32300000000001,69.377,USV_36,0.053999999999987836,,,None,,,,,0.09967631101608276,0.021548063858695652,11196.959669042431,12924.524484302667,8.151019808731836e-05,22312.5,19360.383504870086,2.0171065983048297,4.844610345771936,5.7991291376450596,13.689789038579015,23.15047008919095,19.10658253124461,58.3742272926601
79.143,79.196,USV_37,0.05299999999999727,,,None,,,,,0.029278211295604706,0.01220703125,9806.068058875491,13842.700973004079,0.0004666995237305386,23497.159090909092,26844.12782857546,2.134242125163515,4.49317167491997,5.151669843133097,17.687090445053713,10.410588013847208,14.693931894766115,55.65612699868862
81.775,81.841,USV_38,0.06599999999998829,,,None,,,,,0.017048189416527748,0.02809425636574074,12536.225754193312,14109.357383421893,5.941895734744274e-05,26385.416666666668,22077.118622650243,2.6019433257666273,2.4245225002630284,6.177312501739134,19.134968877945397,10.771204621063418,15.916441545429356,60.5542756146159
82.771,82.862,USV_39,0.09099999999999397,,,None,,,,,0.011338669806718826,0.032368977864583336,13968.963438746136,12761.77829645825,5.175360102071388e-05,27268.229166666668,16923.799437955102,2.759042272567218,5.064531605840637,4.6217039953237915,15.737949921856792,13.085865247641573,14.860901454154291,61.34778100504905
83.429,83.49,USV_40,0.06099999999999284,,,None,,,,,0.015820706263184547,0.024853515625,12223.32007001031,13926.470620471684,0.00029517163776826864,25342.5,19810.848855529857,2.2980935978812496,6.502959250358246,4.6790259906277285,16.192222555879265,11.208124851460552,18.126587425472334,58.53262039652003
91.161,91.177,USV_41,0.016000000000005343,,,None,,,,,0.021690815687179565,0.02056884765625,13408.015411311448,15073.057650639534,0.00010287484988198322,27457.03125,25617.77819999904,2.45701059448337,1.7953935199912547,5.868379161010452,20.46498242524805,9.801739133479007,15.226808050735148,50.78344136991726
91.649,91.724,USV_42,0.07500000000000284,,,None,,,,,0.012002400122582912,0.032943233366935484,15599.795071271783,13908.767417196499,3.8471961013508793e-05,28560.483870967742,19382.941665249688,2.5747647038539894,3.154388076018733,4.990900699552137,16.835682610965435,10.99165596331794,15.16238147686458,61.582137877081465
91.76,91.897,USV_43,0.13700000000000045,,,None,,,,,0.01773877441883087,0.03548629195601852,13612.97215246094,12518.958554464094,5.923919333602474e-05,26151.041666666668,17369.590881633838,3.085824228396075,2.8460714222728543,5.517902001326468,17.843792058632104,11.26831139443562,15.709485785117002,64.14223155028245
100.025,100.116,USV_44,0.09099999999999397,,,None,,,,,0.023926742374897003,0.011678059895833334,7992.190242420363,11877.643316815476,4.4993691547251654e-05,20148.4375,27378.316373451158,2.6455639634419126,3.1338163448767107,4.8395506058261235,15.070397241281174,10.318021811593097,15.030010231722473,61.34145846673851
100.30199999999999,100.314,USV_45,0.012000000000000455,,,None,,,,,0.01252934243530035,0.019914899553571428,15607.764904002992,21556.339045245175,0.000523742521229569,29209.821428571428,18852.378344898294,2.2973419561018695,6.0921689048453525,5.788414280223653,14.722121254085007,8.53001372325958,14.502833509903832,40.69049050343722
100.658,100.729,USV_46,0.07099999999999795,,,None,,,,,0.015407922677695751,0.016349003232758622,10675.403206164327,13404.786034072007,8.088876398483425e-05,24352.370689655174,21684.450126413994,2.5546357146999017,2.565288698286316,5.070484201529914,16.43355081633232,12.23049401056534,15.078118962520728,58.8421725601629
100.841,100.935,USV_47,0.0940000000000083,,,None,,,,,0.047510333359241486,0.008480674342105263,5816.515381702228,9872.649305711078,9.49176985997579e-06,13092.927631578947,29279.225417454574,4.019059091001828,2.4988622192013166,5.440913096524084,17.305378201000746,10.918436614563841,13.991622681063268,59.78968747664925
103.739,103.785,USV_48,0.04599999999999227,,,None,,,,,0.012490547262132168,0.02001953125,13622.97419936031,16077.464270695704,0.0001965180969890422,29446.875,25698.865968811067,2.3049673117350116,4.949874002922026,7.016625297350609,18.028955587861674,9.35038699240464,14.295587262195918,54.510659943065136
104.225,104.233,USV_49,0.008000000000009777,,,None,,,,,0.005842999555170536,0.03447265625,17520.765505127358,19436.118105866382,0.00043182233277478223,31350.0,25439.1839410058,2.7457135425248245,4.121428558054808,5.239736084023281,13.653229003945267,9.110120247761348,17.673640544004144,35.81463258752536
105.605,105.754,USV_50,0.1490000000000009,,,None,,,,,0.02183578908443451,0.027394261853448277,10401.203626970235,11229.139008987693,1.734003907107692e-05,22036.099137931036,17662.888033633368,2.5032870640277554,2.7491367737033805,6.561529754217451,15.616177272885135,11.29537972013856,15.44896901582753,62.16097063872717
106.745,106.821,USV_51,0.0759999999999934,,,None,,,,,0.012974755838513374,0.020988218245967742,12980.7933099336,15153.14503943342,3.552138432670223e-05,29343.75,24116.674145783745,1.7824901098669992,6.31865078340243,5.332150651255321,18.36552265137119,9.478695716311115,15.145838596987591,57.26753912559922
113.701,113.758,USV_52,0.05700000000000216,1.0,,None,107.1283,,6.5726999999999975,,0.009094187058508396,0.052449544270833336,20260.39231796128,16590.855057312478,0.00028258054156991543,35933.59375,25802.927872308475,3.7676223125463135,4.004699304131519,5.233800843958206,14.82643261590683,11.572925229489712,13.999464258626901,59.34048336299595
113.78999999999999,113.812,USV_53,0.02200000000000557,1.0,,None,107.1283,,6.661699999999996,,0.010610848665237427,0.018576882102272728,15482.472717713334,20051.712761322528,0.00036811729992199463,30698.863636363636,20958.372239233966,2.72091056255998,6.559887478873427,3.8329122814172156,11.833031396536425,9.475303401745746,14.921092296512818,47.71263745694717
113.958,113.977,USV_54,0.019000000000005457,1.0,,None,107.1283,,6.8297000000000025,,0.008428528904914856,0.0238525390625,18053.79894161611,18376.24615582521,0.00033974277270914144,32887.5,23633.062453138416,2.9229333618229143,4.591881736026222,4.66831008400504,15.057386084615379,9.919755175897688,14.705354218475327,48.51774306908872
114.012,114.051,USV_55,0.03900000000000148,1.0,,None,107.1283,,6.883700000000005,,0.01203565951436758,0.014447380514705883,12872.03944222005,13770.844558527993,2.01401590731251e-05,27529.41176470588,22647.22907648622,2.260234643868908,4.605065295583654,4.259864068490076,11.705005163633155,9.86221503457314,17.380630424565208,57.26587191686766
114.103,114.114,USV_56,0.01100000000000989,1.0,,None,107.1283,,6.974699999999999,,0.00884807575494051,0.06316266741071429,24131.934499900515,22791.13452332907,0.002094163364331827,38892.857142857145,33462.51646426017,2.1098433674958366,6.240604969942054,4.622457711009297,12.831385619816434,8.25039268076625,13.059298272636486,42.90128996417696
114.281,114.371,USV_57,0.0899999999999892,1.0,,None,107.1283,,7.15270000000001,,0.011032748967409134,0.0296630859375,15733.295187466985,16627.67137190967,4.4373794399390796e-05,32658.854166666668,24360.66540376847,2.69507078709966,3.934983539209055,4.8124499944978885,13.089294470961212,11.27545578981604,15.54277485307072,58.25316324434458
114.608,114.638,USV_58,0.030000000000001137,1.0,,None,107.1283,,7.479700000000008,,0.008762589655816555,0.028529575892857144,15307.033631908636,17531.37956757632,0.0002312947412391957,30214.285714285714,16902.113230804665,2.3432405987952727,4.121465932133778,5.698798515205406,12.414378183463569,10.564389620172406,15.737606724050758,52.25452813421681
114.731,114.76,USV_59,0.029000000000010573,1.0,,None,107.1283,,7.602699999999999,,0.00933165941387415,0.017427884615384616,14154.179601011721,16813.98962552223,9.919246045307543e-05,30230.76923076923,22056.152145461012,2.0562194102658107,5.624510883601265,5.211719411711126,15.629192020660813,9.301688941734849,15.363288755063014,51.75293812775672
114.888,114.916,USV_60,0.027999999999991587,1.0,,None,107.1283,,7.759700000000009,,0.007319408934563398,0.03089317908653846,15141.574332540564,15586.703610760995,0.0002742692232586492,30086.53846153846,17550.32285536567,5.530028118525502,5.0318029960370865,5.568806491927591,13.253527243379324,10.419706378887204,15.924259483779458,54.35865807211672
115.169,115.2,USV_61,0.03100000000000591,1.0,,None,107.1283,,8.040700000000001,,0.008489915169775486,0.02978515625,15958.230809197175,17384.334064100687,0.000537503571417075,31252.23214285714,17862.48467594074,3.130588876001059,3.459746403921693,5.178291184940816,12.304980867929638,9.422105710716918,14.633844342343533,52.91557874632995
115.262,115.3,USV_62,0.0379999999999967,1.0,,None,107.1283,,8.133700000000005,,0.009538962505757809,0.01584041819852941,14537.217448382213,16085.782127543103,0.00014869087380869087,30204.04411764706,23695.426296705362,2.3368469151233073,3.763741663807709,5.200744868691818,13.46299197996768,10.268972420141207,16.18168579288199,54.51384040245259
115.437,115.465,USV_63,0.028000000000005798,1.0,,None,107.1283,,8.308700000000002,,0.015264309011399746,0.0021033653846153845,12192.47948640888,17084.376111784615,9.771622749496996e-05,26949.51923076923,18895.40231258198,2.595383202863837,3.5602504908735213,4.754228851248841,11.901462621081397,10.95029559204528,15.910371903866048,50.00365446133567
115.704,115.79,USV_64,0.08600000000001273,1.0,,None,107.1283,,8.575699999999998,,0.01012788712978363,0.03131975446428571,14745.991380305133,14337.050259108715,1.3891701637399934e-05,30208.928571428572,23192.711631647773,1.785365432898345,5.937716732864685,3.7632158283009973,13.33207211038568,9.404267139121568,16.531869912488048,60.58835904052048
115.925,116.022,USV_65,0.09700000000000841,1.0,,None,107.1283,,8.796700000000001,,0.010465715080499649,0.022767678285256412,14891.460914093195,15220.761666578503,0.00010955655833612452,30216.346153846152,22397.033673251794,2.680053844586711,3.2740190600521375,4.773448446675182,13.632420075181484,11.009348616697382,15.225667836452484,59.513295271739665
116.193,116.276,USV_66,0.08299999999999841,1.0,,None,107.1283,,9.064700000000002,,0.011790992692112923,0.025435014204545456,13252.082576284505,14179.683681277715,1.3099177330378598e-05,29187.5,24988.97810148935,2.002221368628607,4.45189076552394,6.003403864499791,18.82642677704334,10.980302644659792,15.15214607280686,59.242915876806435
116.46,116.54,USV_67,0.0800000000000125,1.0,,None,107.1283,,9.331699999999998,,0.03583335503935814,0.0116119384765625,9325.245946673425,13384.46495135507,0.00019402885623096274,22248.046875,26968.484176250488,3.55555554502977,3.1456866161556842,5.615417771696179,17.329118908012767,9.828756323755119,15.370496012089431,57.01672968879731
119.386,119.43,USV_68,0.04400000000001114,1.0,,None,107.1283,,12.2577,,0.007271946873515844,0.029284025493421052,15036.88230713812,15456.186518626524,0.0004719110133921927,30488.486842105263,26086.800077137115,2.8955602920207646,4.6397222243937435,5.673612214441827,15.80563640212705,11.141298755901035,15.092557021894734,56.73766451717244
123.972,124.003,USV_69,0.03100000000000591,1.0,,None,107.1283,,16.8437,,0.020082738250494003,0.008387974330357142,10460.732617794114,17577.90284647332,0.0005529033883195388,25151.785714285714,27927.278817439907,2.2072581191886687,2.8689636668746226,6.47778070872542,15.6599473981006,9.853596837796943,14.39860972274285,49.74501419523238
126.80799999999999,126.818,USV_70,0.010000000000005116,1.0,,None,107.1283,,19.679699999999997,,0.00708671472966671,0.024658203125,18464.680501459912,21744.521100359696,0.001054829419184497,32843.75,22687.43756640673,2.3489428634557066,2.389221153360367,6.053151289768138,15.872295019683527,9.18098094111207,12.707004346777715,38.190618073846856
127.081,127.198,USV_71,0.11699999999999022,1.0,,None,107.1283,,19.952700000000007,,0.011974113993346691,0.025305706521739132,13063.51762441053,13192.488698534067,1.6690837346857164e-05,27917.119565217392,17217.281973401543,2.7177712880558516,4.739952622289243,5.955248830357449,17.10583699632205,11.479472919077075,14.238135151051463,59.61744239130664
127.482,127.492,USV_72,0.010000000000005116,1.0,,None,107.1283,,20.353700000000003,,0.01172089297324419,0.024495442708333332,15145.7809500803,19354.50441029492,0.0004753570245605628,28468.75,17840.70538443162,2.5986359032971613,3.4710663174765837,4.7573676288664055,11.664752460958814,10.694781328862595,12.742498616596249,38.98065965914239
129.204,129.214,USV_73,0.009999999999990905,1.0,,None,107.1283,,22.075700000000012,,0.011287870816886425,0.023152669270833332,16228.712907028743,23307.366716865883,0.0005071643890732252,31562.5,26425.900377434144,2.080864925103779,5.560617016914667,5.734480709549128,11.501463028942306,7.687344635335198,15.168302349844742,35.239715959869805
130.109,130.139,USV_74,0.030000000000001137,1.0,,None,107.1283,,22.980700000000013,,0.011516195721924305,0.014927455357142858,14929.787251621847,19021.383636258808,0.00018699654255022232,31004.464285714286,21808.90206307326,2.0835740920527064,3.986024784802203,6.683623963603577,16.595135110699555,8.826498257714432,12.42909609891512,49.315731388907075
130.678,130.696,USV_75,0.018000000000000682,1.0,,None,107.1283,,23.5497,,0.009917302057147026,0.009331597222222222,16784.895553296665,19676.731694064492,0.00037915826216143876,30666.666666666668,23035.846313125643,2.630887938992748,2.8398934513638534,6.741337537788812,13.571990161232838,10.072475420006306,14.88454275565037,46.275013379778926
131.168,131.193,USV_76,0.025000000000005684,1.0,,None,107.1283,,24.03970000000001,,0.012124519795179367,0.008524576822916666,14851.075544949454,19616.890975344184,0.0002394582865704614,30617.1875,24992.703219591527,3.1965855378006016,4.086232439709209,5.464326666394691,14.96179049089787,10.240438152810226,15.49667764377397,48.26546948385337
131.298,131.315,USV_77,0.016999999999995907,1.0,,None,107.1283,,24.169700000000006,,0.011599631048738956,0.009548611111111112,14701.154378402083,19754.49787427496,0.0004506516048164899,30781.25,22334.699879607357,2.2934602162932114,3.0409784456622413,5.76988187154702,15.355256676437945,10.041132603584726,15.056543503349843,44.07201206101995
131.983,132.029,USV_78,0.04599999999999227,1.0,,None,107.1283,,24.85470000000001,,0.007323632948100567,0.03433837890625,15805.496048556193,15532.773734544051,0.00018486674383850268,31579.6875,22080.577963263622,3.0323612338088997,6.038157431891404,6.276960344075617,17.853676135739736,11.187437113739566,13.257009299973152,55.61615304783345
132.083,132.157,USV_79,0.07400000000001228,1.0,,None,107.1283,,24.954700000000003,,0.011402429081499577,0.021565755208333332,13441.64040542363,14775.76900581608,3.5185634723840764e-05,29209.375,23997.305791451516,2.705522290221054,7.482324408350531,6.259792882790868,18.00714219221373,11.410664028575557,13.932739249510256,58.12201451908791
132.193,132.22,USV_80,0.026999999999986812,1.0,,None,107.1283,,25.064700000000016,,0.013868163339793682,0.018046061197916668,14296.77866153233,17507.757164262148,0.00029698504332780336,29273.4375,19106.772795663168,2.504167082273433,8.015306296556451,4.247379589676931,14.853341575844683,9.902537701008656,14.29170871218943,51.64259913443652
132.3,132.331,USV_81,0.03099999999997749,1.0,,None,107.1283,,25.171700000000016,,0.011251219548285007,0.018310546875,14943.502017456132,18798.88356451573,0.00031527539606280083,31339.285714285714,23637.438553363263,2.263223892080051,4.678620992408352,5.503698154473945,15.037459742068267,11.900043497797842,14.50965714849085,49.497324426917785
132.589,132.644,USV_82,0.05500000000000682,1.0,,None,107.1283,,25.460700000000003,,0.00741921691223979,0.031324303668478264,16328.540243467909,17029.947229623456,0.0004958206740172402,31993.206521739132,22342.311809296632,2.9578031165732157,3.636284712586214,5.554503687276922,16.35948245328686,10.840184821869405,12.924544739268818,55.63769252166202
133.498,133.511,USV_83,0.01300000000000523,1.0,,None,107.1283,,26.369699999999995,,0.015127372927963734,0.003208705357142857,14145.958723764148,21924.015692126995,0.00035397064277865626,29772.321428571428,20222.415590941182,1.9811054588237853,3.4577547891553073,4.113663362223666,14.072842335541939,9.025070483518617,13.629727014356503,38.99878086390903
133.814,133.833,USV_84,0.019000000000005457,1.0,,None,107.1283,,26.685699999999997,,0.006201164331287146,0.0294189453125,16956.338839664542,17441.071586528382,0.00015420843845268645,32418.75,21718.936800006726,2.095444129312281,4.16649674448843,4.7375613919286605,14.02090418285277,9.356873963966041,15.54022336954544,49.64153700167321
135.355,135.368,USV_85,0.01300000000000523,1.0,,None,107.1283,,28.226699999999994,,0.008373209275305271,0.043178013392857144,19545.626245289917,19752.713457703027,0.0007685094069692185,34741.07142857143,22881.746395635942,3.9095491565331426,2.6290137421921207,3.918009341178354,14.74406885418296,9.363132507563574,12.050255142607776,49.019926314976665
135.45,135.503,USV_86,0.05299999999999727,1.0,,None,107.1283,,28.321699999999993,,0.013400682248175144,0.016756924715909092,14776.840433567233,15388.50244234991,9.52260615121477e-05,29859.375,25336.400989020123,1.575001280258121,6.010744281078144,5.039603523585523,16.176093084337655,11.388043560505002,15.177863721468828,56.38251132981941
136.253,136.264,USV_87,0.011000000000024102,1.0,,None,107.1283,,29.12469999999999,,0.007223664782941341,0.021937779017857144,17900.626013830923,21038.376540615416,0.0008470058339955032,33723.21428571428,22310.62083131148,1.5921873213328017,2.531926901538833,4.766187997102642,13.780215809367872,10.030930396893178,13.895403418322825,40.72922184125881
136.369,136.391,USV_88,0.02199999999999136,1.0,,None,107.1283,,29.240700000000004,,0.013028555549681187,0.02374822443181818,14681.971257072135,19289.624432379256,0.0007618086686825687,30000.0,27093.46392773384,2.3249579081438525,3.662970019798357,5.528810392031054,12.583977335767997,9.374148651899901,15.797200606157297,46.987509880915084
136.511,136.612,USV_89,0.10099999999999909,1.0,,None,107.1283,,29.3827,,0.014897515997290611,0.018353271484375,11497.576333695191,14565.517625537123,0.00016343173531410457,27742.96875,29240.601480496163,3.044780680294295,3.69877784195655,6.977623785814106,17.57808935274215,11.288848946451692,15.08419475388555,58.38559721214624
137.436,137.462,USV_90,0.025999999999982037,1.0,,None,107.1283,,30.30770000000001,,0.006998980883508921,0.031901041666666664,17253.253279618046,16992.166685343534,0.0003000275040976069,31703.125,23374.775347969084,2.7174229042940374,4.988560628152876,7.290727252480818,17.1768470611661,10.486891195458705,14.633598645233873,52.3266154062264
137.518,137.535,USV_91,0.016999999999995907,1.0,,None,107.1283,,30.389700000000005,,0.013691847212612629,0.0005425347222222222,14060.619419213814,20771.000108128508,0.00022769763865079976,30718.75,25794.247128718398,2.435710468462742,4.674246093333049,6.328112043573718,16.146015565146605,8.971955412261945,13.447889047542763,43.48473121266577
137.753,137.804,USV_92,0.051000000000016144,1.0,,None,107.1283,,30.62469999999999,,0.009573065675795078,0.027610085227272728,15799.67232513929,15781.55282130682,0.00047237321057949503,29863.636363636364,19602.013814453556,2.3888011124115596,2.546985106426031,4.322440456304579,13.567175974260756,10.85839076639926,13.80030842097719,57.368889159887274
138.283,138.295,USV_93,0.012000000000000455,1.0,,None,107.1283,,31.15469999999999,,0.014920348301529884,0.006487165178571429,12987.46489917298,17426.738593574733,0.00010168596448867988,27013.39285714286,20435.305959721525,2.046081892210761,5.340022371765441,4.112737501478709,14.002884649128845,9.075521531425409,15.336150324347443,41.86083481572128
138.529,138.558,USV_94,0.028999999999996362,1.0,,None,107.1283,,31.4007,,0.008505911566317081,0.024245042067307692,14684.075462821293,16566.341611274223,0.0001625490503991615,30483.173076923078,19020.041647110273,3.255665008876728,4.085774627736175,5.0352803786609615,16.684078601933656,9.9679773289115,13.921208537181347,51.64192708113164
141.967,142.108,USV_95,0.14099999999999113,1.0,,None,107.1283,,34.83870000000002,,0.010675140656530857,0.024018998579545453,13724.34416570947,14536.632196184366,5.1771221146715004e-05,29848.295454545456,22423.765697367046,2.454479094346053,5.503823017962406,5.448509010507034,17.608956915656453,10.56815815663987,14.804340271422438,59.11348333517038
142.183,142.247,USV_96,0.06400000000002137,1.0,,None,107.1283,,35.0547,,0.009844809770584106,0.029879056490384616,15097.050820896444,15383.610155880802,7.495159849192892e-05,30757.21153846154,26528.361803036052,1.7683806209659787,5.36727305453312,6.226397811698222,19.052591480709545,11.100595562996606,15.135037928028337,58.969683076504175
142.351,142.365,USV_97,0.014000000000010004,1.0,,None,107.1283,,35.2227,,0.007153676822781563,0.031646728515625,18900.43944459196,17562.04282120358,0.00043724161404540084,33117.1875,25028.944939070498,2.3461010108257994,5.092215476063013,4.911736327029681,13.878198220184839,11.419269859240195,13.617654950985052,47.1795226214397
142.504,142.562,USV_98,0.058000000000021146,1.0,,None,107.1283,,35.375699999999995,,0.007948387414216995,0.023447672526041668,15639.26287586703,15770.309080873725,0.000172244102718028,31312.5,21404.459150167633,2.4999759628457734,5.26357037400924,6.3333340028674,17.47012237409913,10.595332677116255,14.888236336815057,55.635211945518655
142.711,142.784,USV_99,0.07299999999997908,1.0,,None,107.1283,,35.58270000000002,,0.010549245402216911,0.0183837890625,13511.981505816375,14873.484224548238,9.227948315293144e-05,29962.5,22979.336285538822,2.3335816935726266,5.723906949913302,4.317272956397631,18.369965408246102,9.765336549205802,13.002719707297752,56.96865014963664
143.579,143.595,USV_100,0.015999999999991132,1.0,,None,107.1283,,36.45070000000001,,0.009253124706447124,0.0223388671875,17606.17260095758,21106.13548468422,0.0008064467960912112,32460.9375,17969.603467132936,2.327501044626855,2.506080177606802,4.242070581285147,14.451553560287579,9.05788262297814,14.527454835837041,44.612072191149366
144.169,144.18,USV_101,0.01099999999999568,1.0,,None,107.1283,,37.040700000000015,,0.010599639266729355,0.013997395833333334,18205.333734657353,21335.26275100281,0.0005128515284385761,31968.75,23939.32068732208,2.183985110735854,1.647451844410951,6.308060185123538,12.715477547103328,10.564725902370375,12.296916547769442,43.28058142586133
144.691,144.706,USV_102,0.014999999999986358,1.0,,None,107.1283,,37.56270000000001,,0.010861480608582497,0.010498046875,16345.59708274831,19184.36631952152,0.00019857469031626324,30890.625,23044.778027444718,2.3016044759106253,4.649345917771107,6.256431502910292,14.003160849354398,9.095429421424916,16.098717901118405,44.41960140971625
145.073,145.088,USV_103,0.014999999999986358,1.0,,None,107.1283,,37.94470000000001,,0.031763963401317596,0.012847900390625,13832.483199868078,18596.056280752593,0.0006020695499835224,30175.78125,28594.23441612038,1.7079393820807642,2.650999273505243,8.565801589794876,18.61548099294284,9.735137245724522,13.053459378531912,44.7745928033736
145.23,145.247,USV_104,0.01700000000002433,1.0,,None,107.1283,,38.101699999999994,,0.0774364173412323,0.011881510416666666,11610.223234548434,16961.147025823928,0.0002940585958900508,24468.75,29785.62550590095,3.3466801279767893,3.4137132813022366,8.366938217704861,17.890427877346113,9.92657083975528,14.999954697416959,47.512054121826814
146.685,146.697,USV_105,0.012000000000000455,1.0,,None,107.1283,,39.556700000000006,,0.008655701763927937,0.028634207589285716,18242.306572392386,22869.969951610034,0.0009136093013691139,32276.785714285714,23582.87748467872,2.3507560280653843,5.231279932690706,3.9559414089196743,13.213680971668222,8.795328337129945,14.985803098393816,40.819604975831886
146.862,146.915,USV_106,0.05299999999999727,1.0,,None,107.1283,,39.7337,,0.01230358425527811,0.01862127130681818,14566.384639944783,15740.427705015883,0.00033990506097541113,29752.840909090908,22825.77312230194,3.4945897974826092,6.978755419362273,5.51716936697979,16.46463591076358,9.86953209702702,13.995444114421861,54.49350610509027
149.892,149.947,USV_107,0.05500000000000682,1.0,,None,107.1283,,42.7637,,0.011085782200098038,0.018798828125,14388.581981953525,16386.471247886486,0.0003105327482950354,30538.043478260868,21220.11418435803,2.9190408819069567,6.102453729594612,5.900816445422228,16.510990150778973,11.645384719099624,12.88803154439363,54.54266886927157
150.421,150.473,USV_108,0.05200000000002092,1.0,,None,107.1283,,43.292699999999996,,0.013372243382036686,0.017378373579545456,13128.10027021969,14967.71980950403,7.458774736730083e-05,27387.784090909092,20686.80839879931,3.0313709298069687,3.4106339652826922,4.461257932475378,16.91445704717616,10.451455548021912,14.736175023446004,56.088692836985324
151.208,151.233,USV_109,0.025000000000005684,1.0,,None,107.1283,,44.0797,,0.011599157005548477,0.007486979166666667,13606.983648582223,15932.327865247906,5.651974343293586e-05,28625.0,19929.184091576233,2.4678326231058,5.189891830964534,8.19732701011041,19.23463448158904,10.899180471573644,14.147407633372486,51.539584915440436
151.797,151.865,USV_110,0.06800000000001205,1.0,,None,107.1283,,44.6687,,0.011172334663569927,0.015049525669642858,13279.25783717547,14738.321810381041,4.7657296284028976e-05,29678.571428571428,19454.52086144605,2.7029878544878434,5.099911577401438,5.277359121339992,17.14522200038297,10.96128089079565,15.860776007254836,57.10892578329684
152.154,152.226,USV_111,0.07200000000000273,1.0,,None,107.1283,,45.0257,,0.010673689655959606,0.018832502693965518,12947.957860920525,15309.784409721677,0.0001535937310698518,29518.318965517243,22634.71809196231,2.5506616105305837,5.434135350969266,6.263506388036748,18.611678939206065,10.994648051052897,15.04945571294025,55.69589360761913
152.376,152.389,USV_112,0.01300000000000523,1.0,,None,107.1283,,45.24770000000001,,0.010408728383481503,0.015485491071428572,14602.120378933045,15672.42086224248,4.346810578329549e-05,28339.285714285714,17655.868996146422,1.4587644826358683,7.202726847820029,7.113934720110206,17.44572121781508,9.763686075434453,14.327994506249507,46.10917032881416
152.545,152.563,USV_113,0.018000000000000682,1.0,,None,107.1283,,45.41669999999999,,0.011029121465981007,0.015299479166666666,14848.880732616984,19635.43984661721,0.0003834147114606595,29739.583333333332,20602.14716283514,3.703190995940873,5.4787037667976755,4.7611972097115425,15.53042403928122,9.840496338193477,14.462879880631881,44.93496030977159
152.757,152.775,USV_114,0.018000000000000682,1.0,,None,107.1283,,45.62870000000001,,0.006644420325756073,0.045111762152777776,18522.405421048563,19965.661857922594,0.0004667609801763105,33958.333333333336,26200.554986654206,3.83702421914391,4.466197616163248,5.4588979782150595,14.653860053934563,11.223461568408148,13.77388429297552,46.9140545206332
153.087,153.099,USV_115,0.012000000000000455,1.0,,None,107.1283,,45.95869999999999,,0.01190111692994833,0.027169363839285716,15529.446688723514,19201.998569066986,0.00018861596207966867,29866.071428571428,24453.638547496572,1.2219932128100424,4.273988792221201,6.164645157461431,10.702811313977909,10.031727604156876,12.417546011114721,42.11312548428359
153.131,153.177,USV_116,0.04599999999999227,1.0,,None,107.1283,,46.002700000000004,,0.011377489194273949,0.02310791015625,14115.387500233395,15068.555910173216,5.782620663302564e-05,28706.25,17566.14450412521,1.7512564926157055,6.620481062602552,7.05628632508072,16.449020123798228,10.851453873118206,14.847457051577967,55.73309541611643
153.211,153.253,USV_117,0.04199999999997317,1.0,,None,107.1283,,46.08270000000002,,0.013227131217718124,0.018310546875,13374.796617568043,14342.454562806633,5.2391316424775244e-05,27625.0,21306.58080010211,1.748788657679441,5.948267857978563,5.982550800911893,16.31893897822605,9.280184346057327,14.046860027533114,56.326597430303416
153.327,153.383,USV_118,0.056000000000011596,1.0,,None,107.1283,,46.1987,,0.012589662335813046,0.017832880434782608,13368.378586981291,15994.217948526706,0.0001660879877316975,29433.42391304348,24393.16341243807,3.138065198752011,4.906215621776399,5.758060236488439,16.531782427591537,9.34313293909807,14.088934023842707,56.156357924207676
153.598,153.65,USV_119,0.0519999999999925,1.0,,None,107.1283,,46.46970000000002,,0.011088103987276554,0.020130504261363636,14084.67600655207,15390.024350446236,0.00010913513200427527,28619.31818181818,20708.80401294172,2.346481998979378,5.30000432881944,6.885612217704394,17.659035726923612,11.154523212918374,14.11487535523478,56.581131980290664
153.71,153.818,USV_120,0.10800000000000409,1.0,,None,107.1283,,46.58170000000001,,0.012858597561717033,0.014841478924418604,11901.253213971682,14547.666281584983,5.711258049357289e-05,27739.0988372093,25625.18398019586,2.978802467562994,6.786049888868612,7.498754546117496,17.15852608073558,10.609935379033088,14.10889561231724,58.839646937471066
153.928,153.938,USV_121,0.009999999999990905,1.0,,None,107.1283,,46.7997,,0.01546389702707529,0.017740885416666668,15123.283302586331,20342.698180153133,0.0003730056443288396,30593.75,29635.010418092304,2.2283680953949547,4.736687246351347,7.499712927528717,14.38576053260276,9.84267339343016,13.655461337455762,38.539304837880934
154.232,154.278,USV_122,0.04599999999999227,1.0,,None,107.1283,,47.1037,,0.011993647553026676,0.02164306640625,13359.460088904958,14680.116247487527,4.667167552877695e-05,28162.5,20781.750963811704,2.212503928496841,5.783283918497175,7.029678828537198,17.75017437627631,10.856969218485501,14.23386249344236,56.68135941214564
154.312,154.408,USV_123,0.09599999999997522,1.0,,None,107.1283,,47.183700000000016,,0.012042039074003696,0.022884971217105265,13118.700618523357,14468.694509244888,8.311822178079612e-05,28462.99342105263,23954.993941571094,2.1073987310590803,5.456731097011945,6.648484092409524,18.081486584950493,10.700424503935876,14.544881733990902,58.389797769112626
155.181,155.19,USV_124,0.00899999999998613,1.0,,None,107.1283,,48.052700000000016,,0.007615006063133478,0.035115559895833336,16418.72298912922,17139.944218054297,0.00013852227217222605,30796.875,22852.19228076049,1.8374486720174101,5.922783644473629,4.856512422874403,15.721387970537288,10.6075215457945,12.452491076504012,41.703008560924644
155.74099999999999,155.763,USV_125,0.02200000000001978,1.0,,None,107.1283,,48.61269999999999,,0.00985765177756548,0.016557173295454544,15411.998433144367,17371.5194004331,0.0005864441463841997,30008.522727272728,22729.018420308774,1.9076522171713044,4.937556358275734,6.188870478702728,14.145884030927114,11.89290165315287,13.416195550838136,49.45980147359905
155.959,155.969,USV_126,0.009999999999990905,1.0,,None,107.1283,,48.83070000000001,,0.012721635401248932,0.0106201171875,16988.296699887098,21501.177662660793,0.00026131951179328,30765.625,25689.88589857462,2.339989883299961,5.837119609136091,3.725316613375617,17.253795948855398,10.778833442327524,13.239691237205044,37.85827729251318
156.144,156.178,USV_127,0.033999999999991815,1.0,,None,107.1283,,49.01570000000001,,0.008548662066459656,0.026399739583333335,15993.017404074975,16862.141758242975,7.145183778764207e-05,31306.25,22666.058210579104,1.9138750692697317,3.2741424871333735,4.287114046415733,16.288815545213847,10.491012571432986,13.17187990792296,52.69753787017025
156.234,156.296,USV_128,0.0619999999999834,1.0,,None,107.1283,,49.10570000000001,,0.010804510675370693,0.01941856971153846,13595.385744269037,14926.050268167433,3.7961909145624037e-05,29574.51923076923,22190.214704828417,2.170052745290905,3.6538775797881553,5.660901343463928,18.341983326434327,10.875347145024238,14.658264989954583,57.319025991267914
156.377,156.389,USV_129,0.012000000000000455,1.0,,None,107.1283,,49.248700000000014,,0.009900211356580257,0.03271484375,16440.739627009174,16813.25049305381,0.0004232016208325774,29933.035714285714,20039.122437199207,1.72566400429798,4.03641681802853,5.122922262532592,18.718824545876092,9.782286921257873,11.977465370151153,43.96666071919297
156.467,156.52,USV_130,0.05299999999999727,1.0,,None,107.1283,,49.33870000000002,,0.01155982818454504,0.016590465198863636,14332.334092089393,15587.755155943967,0.00017413792186887387,29799.715909090908,17489.162197436213,2.730579332537639,6.533769590722417,4.689157664086118,15.586038843519798,10.978563907919728,15.128399699935933,57.185113310658046
156.56,156.604,USV_131,0.04400000000001114,1.0,,None,107.1283,,49.431700000000006,,0.010290062054991722,0.01513671875,14358.70107163499,16612.633757873078,0.0003158915489255353,29694.07894736842,20278.376888518902,2.605703712048694,4.792567247867772,4.651046344351066,14.834076244524296,10.316689664456572,14.668821681611776,54.39811557019539
156.637,156.679,USV_132,0.04200000000000159,1.0,,None,107.1283,,49.508700000000005,,0.011782679706811905,0.014824761284722222,17126.878041910815,17478.161117137486,0.0002124664048006527,32989.583333333336,28045.291293932638,3.461554652062287,5.348697791586249,5.579701948751868,18.14015944400931,12.77441411829145,13.1894598062854,55.05552302607669
156.877,156.99,USV_133,0.11299999999999955,1.0,,None,107.1283,,49.748700000000014,,0.009335629642009735,0.03143446180555556,16261.169994601789,15172.858645445784,1.897440716764757e-05,32514.583333333332,20535.7855483331,2.835511643292826,7.1806233189332636,6.3611892265715975,16.094760095943766,11.40222704309124,14.673723808461222,60.44001399109675
157.221,157.255,USV_134,0.033999999999991815,1.0,,None,107.1283,,50.09270000000001,,0.0174141563475132,0.029964192708333334,16227.593315213931,14326.511788510656,5.54771037039381e-05,29418.75,21411.65521635793,0.9836177187482804,7.161980800409034,5.115560071234483,16.626349688649924,10.833406544591044,14.441737601558826,55.703180473891855
158.848,158.918,USV_135,0.06999999999999318,1.0,,None,107.1283,,51.71970000000002,,0.01118857879191637,0.024169921875,16268.770567458452,16508.863376350866,0.00016655410335142282,31917.025862068964,25077.970580950685,2.4750110160566257,5.056875147426347,5.248614170033569,14.991210483877339,11.164113787879657,15.261244747118651,56.792721222057004
159.377,159.415,USV_136,0.03799999999998249,1.0,,None,107.1283,,52.248700000000014,,0.007292290683835745,0.06219841452205882,18257.917883329425,16003.508563898986,0.00044319854834974344,30634.191176470587,24763.774905234965,3.411193021890522,3.2222637435225794,4.872727800980074,16.168864218378513,10.990040802656505,14.1482531505147,57.38287301842184
159.526,159.581,USV_137,0.0549999999999784,1.0,,None,107.1283,,52.397700000000015,,0.007307037711143494,0.04769234035326087,16689.324583521477,13767.47333231893,2.3274687939697187e-05,29971.467391304348,20584.782229748307,3.194863235362722,4.079634187962775,4.728832256688718,15.947677008108354,11.59979614102016,13.807609050338378,60.75430521053952
159.7,159.755,USV_138,0.05500000000000682,1.0,,None,107.1283,,52.57169999999999,,0.012854540720582008,0.02897843070652174,15679.597709931008,15651.485979194915,0.0002559564742013999,29127.717391304348,16113.350730480777,3.2894107180972316,7.36659987608764,5.5200498212929405,15.580104839155316,12.016617717831851,13.852480895296607,57.83692805222892
159.886,159.911,USV_139,0.025000000000005684,1.0,,None,107.1283,,52.7577,,0.008940263651311398,0.030843098958333332,17893.079835554032,20862.006141309244,0.0004243312875052828,32843.75,25223.792113555883,2.2234980716064086,5.241668689932119,4.923914802304989,15.289115493635833,10.621488194926545,13.036490503051184,49.85291047721995
160.054,160.135,USV_140,0.08099999999998886,1.0,,None,107.1283,,52.925700000000006,,0.01069093868136406,0.03093927556818182,14603.01583590226,13881.698571777766,2.6811398752056854e-05,29025.56818181818,22059.845449886492,1.550783666742504,6.349903842962854,4.6542817182114815,15.52992446798337,11.838257866303604,13.793184617511725,59.96096933854773
160.348,160.396,USV_141,0.0479999999999734,1.0,,None,107.1283,,53.21970000000002,,0.009722741320729256,0.03642578125,16703.156474197203,14875.299763812855,2.6002694110706892e-05,30731.25,25523.207636086307,2.016442178320559,6.956058923747935,6.318794515111906,16.967341223782796,11.679222626800458,14.20426339529639,58.36252611549253
160.713,160.77,USV_142,0.05700000000001637,1.0,,None,107.1283,,53.5847,,0.010493986308574677,0.035502115885416664,16595.533387551714,15217.17266920713,4.518517209772005e-05,30531.25,22202.17851573954,3.3002207797179093,4.938213043044638,5.523384458421003,15.952157886993236,11.004371306264426,13.010808859430043,57.20245356947138
160.873,160.885,USV_143,0.012000000000000455,1.0,,None,107.1283,,53.744699999999995,,0.00580272963270545,0.03986467633928571,16945.708843066892,16127.172885404832,0.00032269767234659104,31379.464285714286,23261.155008051715,1.7811245397695628,3.259068714849937,6.0593926909150175,16.256808946093468,9.587185549105971,14.345421567539773,45.03646153680289
160.922,160.966,USV_144,0.04400000000001114,1.0,,None,107.1283,,53.7937,,0.013720517046749592,0.017552425986842105,14296.639279482693,16815.63669423045,0.00024844162013617973,29975.32894736842,21340.726290285955,2.3377981582084026,4.657498813160886,4.922015589052955,15.935962514116,10.782111825941364,14.054974506957299,54.27456319567068
162.739,162.752,USV_145,0.01300000000000523,1.0,,None,107.1283,,55.61070000000001,,0.006754393223673105,0.03473772321428571,20451.25017888835,20508.464065616117,0.0013141491035233955,34406.25,29624.912588136587,4.340606284788755,3.7680951117152413,5.132244060328335,14.709084915264857,9.203265367594836,14.369154783487113,42.67694603686457
162.894,162.943,USV_146,0.049000000000006594,1.0,,None,107.1283,,55.76570000000001,,0.023974094539880753,0.01856631324404762,9175.434466019515,11449.279418428488,1.274471088688623e-05,21071.428571428572,19287.955737347314,2.5083632584040223,2.228623666373076,6.468172307432975,17.458946682915332,10.623375190086556,16.550954461171905,59.626728769562455
163.677,163.694,USV_147,0.016999999999995907,1.0,,None,107.1283,,56.5487,,0.011928889900445938,0.005154079861111111,15674.984515592692,21540.710611992476,0.00028408561125308385,30239.583333333332,25171.988162419948,1.6370549245419168,4.033879936212468,4.075482579440697,12.268003040002121,8.370513985506228,10.657651267262306,43.02290124476218
163.935,163.974,USV_148,0.03899999999998727,1.0,,None,107.1283,,56.806700000000006,,0.03099157102406025,0.014490464154411764,10777.740672882166,15150.541362780003,0.00011129657705411598,26757.352941176472,31041.4540179401,2.5467798467951184,2.414705961403395,7.738760735189453,19.747774869425776,9.721213964788058,16.337398278676456,54.634540739562404
164.172,164.192,USV_149,0.020000000000010232,1.0,,None,107.1283,,57.0437,,0.005463817156851292,0.03427734375,17504.791796693335,19244.82612745436,0.0002074900303321304,32840.625,26333.81933541009,2.5680336111633126,2.917257665713625,4.511308091209282,14.585719587848885,11.904491082853285,14.343520794912939,47.76054764221356
164.434,164.56,USV_150,0.12600000000000477,1.0,,None,107.1283,,57.3057,,0.022975599393248558,0.015458984375,11523.117499818978,13255.614691602903,0.00010590225008599003,24669.375,20343.799923206036,2.626702884273624,3.8730054947845862,5.54150266885124,15.667295612434163,10.570380792887567,15.026556156700849,61.003465115452364
165.035,165.051,USV_151,0.015999999999991132,1.0,,None,107.1283,,57.9067,,0.008663006126880646,0.0404052734375,17532.387293251697,15837.493010988215,9.693865763125165e-05,31347.65625,15386.869052515161,1.8360293115250252,4.168179587303092,3.5072804230636483,14.226995300265115,10.22316999389631,13.16014363233316,49.250826132527266
165.257,165.28,USV_152,0.022999999999996135,1.0,,None,107.1283,,58.12870000000001,,0.009424500167369843,0.014581853693181818,15588.519657992532,18253.955906230214,0.00027682650871519967,31116.477272727272,18957.47242928558,2.2557410702915117,3.983262833689919,4.435994472409139,15.8526205553242,8.654922460254534,13.92305966250048,49.010145670131806
165.891,165.917,USV_153,0.02600000000001046,1.0,,None,107.1283,,58.762699999999995,,0.009291796945035458,0.030192057291666668,14809.086685738812,14674.194394038039,3.34543016310227e-05,31054.6875,28043.048751355804,2.2289922744418385,4.729466037939362,5.549392476270203,17.85388294946381,11.210303627247649,15.250744022932826,52.00744797940295
166.015,166.026,USV_154,0.011000000000024102,1.0,,None,107.1283,,58.88669999999999,,0.010368612594902515,0.028041294642857144,18102.265098266802,22271.17852499009,0.0004467503160913512,30816.964285714286,17379.382810739215,1.7121961000003914,4.208518663111553,5.285223241363127,12.116428035262468,6.997371883792615,11.74953656417061,41.48329709224323
166.094,166.127,USV_155,0.03300000000001546,1.0,,None,107.1283,,58.9657,,0.0732828825712204,0.011246744791666667,12408.64262187782,16880.113732486538,0.00021976701917981174,27587.5,29366.975313409814,3.6106863177433572,2.8149177376211294,7.604086347608925,19.009360663342065,9.814560980991066,14.598663055452842,53.278225010596536
166.298,166.334,USV_156,0.036000000000001364,1.0,,None,107.1283,,59.169700000000006,,0.012381101958453655,0.0201263427734375,13575.928409537752,16650.071967306787,0.00020192579790849285,29677.734375,27414.18990332747,1.6039908333051045,4.923816862599814,7.371266047277027,18.383422215730857,9.721344031942937,13.063329100501935,52.00200499241915
166.905,166.922,USV_157,0.016999999999995907,1.0,,None,107.1283,,59.776700000000005,,0.008331566117703915,0.014621310763888888,17237.793721089238,18945.562829715203,0.0008176561602268337,31708.333333333332,22448.609779925715,4.510142167315831,6.154286249804786,5.455763145133926,14.430799065003063,9.176237267275855,15.042973841502743,45.96280991659107
166.978,167.037,USV_158,0.0589999999999975,1.0,,None,107.1283,,59.84970000000001,,0.011859455145895481,0.042093912760416664,15512.25666467487,13803.126042559461,3.3660862300551695e-05,28132.8125,21194.68237157978,2.087458496170807,6.330269556678393,6.620565683297168,16.173117512025474,11.760600915531775,14.199653414872136,60.14020738079276
167.175,167.226,USV_159,0.05099999999998772,1.0,,None,107.1283,,60.046700000000016,,0.01463370118290186,0.023611886160714284,14010.00723556781,15329.383273439598,5.9457405030070535e-05,27959.821428571428,22218.7398912895,2.04461390882645,5.110906337704885,5.726934542466467,16.830888388993234,11.665601261601248,14.682355571133527,57.831578844371315
167.391,167.41,USV_160,0.019000000000005457,1.0,,None,107.1283,,60.262699999999995,,0.012364585883915424,0.022509765625,15815.699658001202,18960.025319597713,0.0005588970891904855,29962.5,18819.169929934797,1.6540864407709797,6.58913403765632,5.527961246013801,16.16515881257241,10.063367924934246,13.624618659732983,47.73044681764916
167.771,167.805,USV_161,0.034000000000020236,1.0,,None,107.1283,,60.64269999999999,,0.011849390342831612,0.022639973958333334,15282.93951685549,17688.728882159594,0.0008147584772379201,32456.25,18499.977978011615,2.614070341911041,4.380061293444536,6.6236940410885925,15.419407862640858,11.931252365386054,14.710967678522007,54.03410387652918
168.13400000000001,168.16,USV_162,0.025999999999982037,1.0,,None,107.1283,,61.00570000000002,,0.008649210445582867,0.02276611328125,15841.562350378006,16367.565023522684,0.00012794007774567253,30398.4375,17301.64543445442,2.3720983000451494,2.8620372543173627,5.573582526209058,16.097278413459705,13.743805163195368,15.70958843346794,54.25095554708664
168.314,168.338,USV_163,0.02400000000000091,1.0,,None,107.1283,,61.1857,,0.006386928725987673,0.034224076704545456,16455.425079045017,15775.55624331801,0.00016836308693055603,31994.31818181818,16752.847002567112,1.8335385521798984,2.366442190677012,10.213799259005603,18.252271391797596,9.881830888915678,14.597373141709873,53.95056532500862
168.443,168.452,USV_164,0.00899999999998613,1.0,,None,107.1283,,61.314700000000016,,0.007687485311180353,0.030598958333333332,21506.673831013497,24685.63647122165,0.0007769285399243051,34234.375,28619.12113874282,2.196349426162834,3.3614469085406085,6.10519805445606,11.342226222085676,7.928772659541482,13.144767093736286,36.36788765026682
169.036,169.087,USV_165,0.05099999999998772,1.0,,None,107.1283,,61.907700000000006,,0.011854573152959347,0.020112537202380952,13363.815713405429,14806.822931527024,2.7985076079090185e-05,28821.428571428572,25516.442823892754,3.0790047456236485,5.120352090710339,5.590592009087514,15.700400955988922,11.192796535085487,14.759121402073319,57.05872452937363
169.18,169.262,USV_166,0.08199999999999363,1.0,,None,107.1283,,62.05170000000001,,0.012017901986837387,0.01424893465909091,13671.4753889601,15574.6981089465,8.140683277886903e-05,30036.93181818182,22686.15181085492,2.6875678740873643,5.997021358171113,5.350873022601442,18.671029788216707,11.504583856448907,15.043709723526296,57.44667177466363
169.761,169.877,USV_167,0.11600000000001387,1.0,,None,107.1283,,62.6327,,0.010644754394888878,0.033792246942934784,15513.76747792964,14294.896719214637,0.00010194306740351246,29769.70108695652,18401.62642232635,2.776181464518725,5.674781464841393,6.132174706605319,18.555903372580744,11.497989299379533,14.331249940305833,60.80794876343283
170.028,170.048,USV_168,0.020000000000010232,1.0,,None,107.1283,,62.899699999999996,,0.016436677426099777,0.009375,15455.272472770215,19981.221858205776,0.00020416581989247487,30093.75,22613.618865206103,2.075718932554099,5.161190551484331,6.2448107003702065,12.207291819653538,8.511540515460798,15.951637877087174,45.888020667223564
170.478,170.596,USV_169,0.117999999999995,1.0,,None,107.1283,,63.34970000000001,,0.012445082888007164,0.020803897938829786,13937.995312839548,14600.768022493003,0.00016158243558671133,29399.60106382979,23629.99237379612,3.2987666759514056,5.244291089448127,5.967535202553188,18.290020479291982,11.194541811170373,13.862839780593685,58.83583501041017
170.767,170.85,USV_170,0.08299999999999841,1.0,,None,107.1283,,63.6387,,0.02302243560552597,0.03395774147727273,11917.06700425818,12436.338301896587,4.490373288418707e-05,24323.863636363636,22118.523296680396,2.7433474579104673,3.127505186937762,5.771025393582463,15.473406050721426,11.058823768323833,15.99814162356923,63.56218321627058
171.565,171.58,USV_171,0.01500000000001478,1.0,,None,107.1283,,64.4367,,0.010419731959700584,0.02044677734375,16719.72411589296,20891.427106005416,0.00027124057908898885,31218.75,25170.50677815588,4.410836512781103,6.468304921049723,5.4175238830982435,11.426584304033874,8.400143275605325,12.840090383809217,42.91301010991411
171.74,171.749,USV_172,0.00899999999998613,1.0,,None,107.1283,,64.61170000000001,,0.009600580669939518,0.015869140625,16403.111104225558,20794.838946920154,0.0004970528076462047,30328.125,22689.70962279331,2.444712722266933,3.579441541462016,4.318453612913573,15.863873092376112,9.080745347728305,13.867108444128242,37.489100378691596
171.867,171.904,USV_173,0.03700000000000614,1.0,,None,107.1283,,64.7387,,0.010614743456244469,0.02716064453125,14576.401164098024,16223.224971801972,0.00020596199358377103,29771.484375,18562.66940651925,2.389318334547971,4.135050044001381,5.444147553077727,16.09217268143332,11.077996195362477,14.041058092881203,53.200363385114336
172.207,172.236,USV_174,0.028999999999996362,1.0,,None,107.1283,,65.0787,,0.009775051847100258,0.02867713341346154,16404.47419615624,17746.550984349928,0.0008739607704159007,31427.884615384617,22698.610281529305,1.9928482166902124,5.468092909755277,8.453229819650108,17.731848760372984,12.27901577948893,13.320311277009496,51.846618889560084
172.395,172.464,USV_175,0.0689999999999884,1.0,,None,107.1283,,65.26670000000001,,0.01227964274585247,0.04609898158482143,17946.473171736663,15111.09163238908,0.00013792741577690215,32614.95535714286,22557.474730809972,2.5547355113873604,4.938442585195694,5.430020195675227,15.913026976920525,11.805091349144783,14.41235660915098,60.08824318492914
172.649,172.689,USV_176,0.03999999999999204,1.0,,None,107.1283,,65.5207,,0.011314176954329014,0.03400735294117647,15507.215421687706,12829.84817061384,5.659034531977748e-06,28693.014705882353,16678.584785611347,2.0706221382593677,5.677332018588694,7.096170969122055,17.84198809537978,10.54981700110648,14.001684729540676,59.102084581096705
172.808,172.919,USV_177,0.11100000000001842,1.0,,None,107.1283,,65.6797,,0.013146243058145046,0.03163840553977273,15287.467868997888,13542.334892388002,3.66255522909369e-05,29047.585227272728,17016.92241581889,2.4456467504841517,6.853222345279295,5.311822339070175,16.603922923166067,12.255040690647967,13.841101824333405,60.366779907503066
173.058,173.127,USV_178,0.06900000000001683,1.0,,None,107.1283,,65.9297,,0.01159963570535183,0.03962925502232143,16031.601687830063,13466.21130464238,2.965630077133207e-05,28838.16964285714,18164.062084565507,1.8018210268557482,5.508135550480833,5.495336726672934,16.52063577109583,10.57422792977088,14.503037890628336,60.350542830456206
173.254,173.352,USV_179,0.09800000000001319,1.0,,None,107.1283,,66.1257,,0.010767287574708462,0.04778896233974359,16534.025968702128,13772.738654668005,0.00019138741144638708,29615.384615384617,18150.964433142777,2.5375822575290834,4.123612512104352,5.831407949289966,15.434515480855344,11.632974697114111,15.015905081375285,61.03317744997343
173.661,173.715,USV_180,0.054000000000002046,1.0,,None,107.1283,,66.5327,,0.011904975399374962,0.016421110733695652,13918.104284510748,15490.287831733216,0.00010824338965270738,27717.391304347828,18515.217838089644,3.004074617086838,4.858563034178475,5.71160785337966,16.293280608591502,10.744368765755436,13.313220566110488,57.51010322126571
173.842,173.9,USV_181,0.057999999999992724,1.0,,None,107.1283,,66.71370000000002,,0.010563408024609089,0.021809895833333332,14495.269090400025,16377.773018413134,0.00015256293019470245,30808.59375,17557.177246059957,1.9626723880000316,4.666649839045776,5.387977645273598,16.36432715710877,11.789907641728178,14.604388410419206,55.9279075268011
174.042,174.106,USV_182,0.06399999999999295,1.0,,None,107.1283,,66.9137,,0.008514557033777237,0.036855844350961536,15756.785854134583,14305.531758320842,0.00011024231244090627,29268.028846153848,18947.15011660179,2.8199335435032555,4.513867454455277,5.30308227955582,15.766955193016289,11.584452854231758,13.611525991330986,60.91701035576669
174.675,174.704,USV_183,0.028999999999996362,1.0,,None,107.1283,,67.54670000000002,,0.010374284349381924,0.02918419471153846,16868.18770493618,17417.99854263886,0.0005042581602167675,32423.076923076922,25069.062465972544,2.1084851910340756,6.428740533108984,4.1366804486604325,14.99670762394363,9.878936876098074,12.476348475293134,51.53185355642676
174.818,174.828,USV_184,0.009999999999990905,1.0,,None,107.1283,,67.68970000000002,,0.008930030278861523,0.027384440104166668,18368.422236185295,24530.09106867402,0.0009460850452487628,34546.875,26172.491567832603,1.6538191155897184,6.001571566188816,4.0419780012762265,14.123146479014219,7.2665960573474315,13.73950203644278,36.28961416384147
175.001,175.028,USV_185,0.026999999999986812,1.0,,None,107.1283,,67.87270000000001,,0.012489430606365204,0.017171223958333332,13819.389969128883,17310.192523711605,0.00012177343827488039,29882.8125,17011.541060032705,2.8036073071090972,6.648094293251108,7.465752365688505,17.942346482111887,12.411315789083998,13.27527235156581,52.50029412858988
175.191,175.201,USV_186,0.009999999999990905,1.0,,None,107.1283,,68.0627,,0.014188267290592194,0.00537109375,16204.128088340685,24323.36732819922,0.0010470021895061605,32218.75,26506.960380835448,2.1518444501205534,4.264905894163757,4.458616221132864,11.065706858725747,8.867218199140012,11.1435781346878,34.996466368926015
175.367,175.38,USV_187,0.01300000000000523,1.0,,None,107.1283,,68.2387,,0.00861291866749525,0.017857142857142856,16823.3067513062,22281.956458297915,0.000339631198625559,32665.178571428572,17604.132076928356,2.2433535442384938,5.005950642712684,5.7490892740187425,12.313339505027669,12.099737445407495,13.121645122029287,41.02283239345892
175.92,175.963,USV_188,0.043000000000006366,1.0,,None,107.1283,,68.79169999999999,,0.014611003920435905,0.012708162006578948,12369.98562221762,13095.370760147223,3.434838933773331e-07,26383.223684210527,19639.546462076552,2.2382385643714735,4.6726974056728,4.8666116051695925,14.433889079207637,11.135452365423054,13.90678560004191,59.98043643090184
176.094,176.177,USV_189,0.08299999999999841,1.0,,None,107.1283,,68.9657,,0.01282177958637476,0.039580374053030304,15334.349173659844,12926.80653391841,1.0503212435104664e-05,27480.113636363636,21450.378648383572,2.246908186298601,5.556496788988564,5.51512507080604,15.655076339394562,11.250076715970275,14.896529220972695,63.48767209638572
176.304,176.341,USV_190,0.03700000000000614,1.0,,None,107.1283,,69.1757,,0.008684398606419563,0.0446319580078125,17441.3264293377,14628.010998564896,0.00014964762813121974,30943.359375,22625.66004620292,1.7980018073103636,4.765286765279901,5.540554491952854,15.706545195465448,10.607903708221478,14.310194411235535,57.78757257560427
176.495,176.565,USV_191,0.06999999999999318,1.0,,None,107.1283,,69.36670000000001,,0.011563914828002453,0.05083176185344827,17520.05233886184,14396.392493719779,0.00019780072200414165,30491.379310344826,22372.531425298606,2.611550756723128,3.9990570272950325,5.819030795537318,16.27296735708642,11.600789799065705,14.705047529162776,60.820737467357056
176.674,176.759,USV_192,0.08499999999997954,1.0,,None,107.1283,,69.54570000000001,,0.010507808066904545,0.028542911305147058,15961.003855579427,14345.754541652183,4.2712735290604e-05,30556.985294117647,19815.97800261312,2.897307896446691,5.33956888981537,5.5466825241551705,16.068146795784493,12.424650191353242,14.368349866076942,60.51646553542554
176.859,176.887,USV_193,0.027999999999991587,1.0,,None,107.1283,,69.73070000000001,,0.011984607204794884,0.022911658653846152,15369.893655705628,16456.46532691159,0.0003514189839291605,29906.25,19998.18871004602,1.2078240007723753,5.548982262306429,4.473686052390683,15.47705449485298,9.84876812263673,14.780369140938822,50.796798440022556
176.981,177.11,USV_194,0.1290000000000191,1.0,,None,107.1283,,69.8527,,0.011024178005754948,0.017712162990196078,14454.069139312971,15434.119904636707,0.00015144814535226255,30946.691176470587,24041.95597724507,2.3359502682795714,4.952118441937317,5.462909657054171,16.528861515623365,11.817692577398306,13.736833360277931,58.74949372715444
180.443,180.471,USV_195,0.027999999999991587,1.0,,None,107.1283,,73.31470000000002,,0.01092449389398098,0.010610727163461538,15104.98454640363,17723.54488866422,0.0003353875017520323,30180.28846153846,22853.39962995219,2.4731910238132495,3.532336918780211,6.246365024658912,15.104504350763115,9.950198010418603,13.616018502475324,51.352454588855544
180.538,180.565,USV_196,0.026999999999986812,1.0,,None,107.1283,,73.40970000000002,,0.009422480128705502,0.009928385416666666,14884.960136233885,17956.791313552465,0.00016930797389322892,30851.5625,20099.96335851531,2.282240992846239,3.7412097890141047,4.880495582715576,19.36673514208011,10.78766407218829,14.824365911734892,52.76904264619147
180.79,180.849,USV_197,0.0589999999999975,1.0,,None,107.1283,,73.6617,,0.019778011366724968,0.015411376953125,11496.46735010408,15167.1006533772,6.606470341721748e-05,27109.375,26768.809178478576,2.5031042036171196,4.46836052165834,7.8625780996122865,18.514758726225356,10.435163003014592,14.975038344070143,58.31300576940735
181.13400000000001,181.149,USV_198,0.014999999999986358,1.0,,None,107.1283,,74.00570000000002,,0.007919521071016788,0.014404296875,15827.3895375775,18859.076056190155,0.00021501595708490497,30222.65625,17489.33966413526,2.516022439222605,3.747587041744394,5.075935670832507,15.155435402874744,10.693504523146483,13.229938444740476,44.77603327010323
181.245,181.257,USV_199,0.012000000000000455,1.0,,None,107.1283,,74.11670000000001,,0.011221377179026604,0.019810267857142856,18230.500398837514,24418.064930853994,0.0008697661580120608,34151.78571428572,24916.545825845675,1.8211760029009556,5.072403793887465,6.796000707620386,11.692443013284429,8.366979416822348,11.270861968702393,38.67158096021176
181.43,181.442,USV_200,0.012000000000000455,1.0,,None,107.1283,,74.30170000000001,,0.0089870048686862,0.020333426339285716,16368.507067508106,18527.58279656509,0.0005197864339640739,30763.39285714286,23675.020251275335,3.059984983593257,6.4438156764629815,5.306848149298693,14.86175331905274,9.20703371626786,15.619043739125075,43.45271471291573
181.641,181.658,USV_201,0.016999999999995907,1.0,,None,107.1283,,74.5127,,0.008985050953924656,0.016357421875,18101.951050032905,20722.959459641348,0.0007225513735931593,32031.25,24542.379582968835,2.753420887020767,4.285539645509258,5.0447583679405135,12.222296302742784,9.494294863508033,14.956243473759985,45.35762318084534
182.053,182.07,USV_202,0.016999999999995907,1.0,,None,107.1283,,74.9247,,0.014513607136905193,0.018446180555555556,16317.771121968166,21252.718191897802,0.0004835835511542093,30572.916666666668,22939.893889384264,1.901229873306325,6.378371731915056,5.6124497379434315,13.576961709454132,9.785747275312282,14.105041486830578,44.35985470719523
182.381,182.449,USV_203,0.06800000000001205,1.0,,None,107.1283,,75.2527,,0.009741025976836681,0.0213623046875,14750.976832054295,15284.949973135124,2.886990645313834e-05,30689.73214285714,26393.93824340875,2.2311959747434638,4.946941399692476,4.914354616871426,16.11122761648526,12.022693379505878,12.873270651536913,57.96549656029276
182.818,182.894,USV_204,0.0759999999999934,1.0,,None,107.1283,,75.68970000000002,,0.008545951917767525,0.025579637096774195,15785.798375809261,15727.623611131232,0.000128880557066239,31382.0564516129,24567.70283928783,2.073708591249325,6.202341037953655,5.074921809872524,16.720903998735384,10.698347163755274,14.144460119115589,58.86090255971099
183.516,183.543,USV_205,0.027000000000015234,1.0,,None,107.1283,,76.3877,,0.010724465362727642,0.016338641826923076,14128.614878783335,16901.82032967486,0.00015503925243971192,30641.826923076922,24592.739188400636,3.2472014968917122,6.30570626198407,4.842130862236673,15.394332781340312,10.175070336859175,12.70564653243098,49.63120709502713
183.595,183.63,USV_206,0.03499999999999659,1.0,,None,107.1283,,76.4667,,0.011820065788924694,0.011311848958333334,15731.693014825034,16929.031939988457,0.00032713534873276846,31562.5,24856.34252566238,3.0301539492250504,6.753001421039348,6.964289042113597,15.775096031182906,13.489346269161071,14.466281531033502,55.492066271201864
183.703,183.843,USV_207,0.13999999999998636,1.0,,None,107.1283,,76.5747,,0.01046452671289444,0.024325284090909092,14877.116570990145,14948.020540416437,4.875537662610219e-05,30617.045454545456,26125.86803958043,2.1985672770544147,5.0774683552349105,6.008295695061412,17.11138612129493,10.345161083332778,14.862486435632844,59.6550584547977
184.652,184.668,USV_208,0.016000000000019554,1.0,,None,107.1283,,77.52369999999999,,0.012329436838626862,0.015625,15716.543244943128,19847.32139902733,0.0004103767631840369,31218.75,22952.168848290363,3.2330739697259183,3.6978801953614138,5.374667416582578,15.037658743473084,11.698828605333699,15.164812343593546,44.05248436522875
184.748,184.802,USV_209,0.054000000000002046,1.0,,None,107.1283,,77.6197,,0.007973642088472843,0.036939538043478264,17868.00813067936,16277.872350795797,0.0002888894705156321,32091.032608695652,25980.34865425201,2.592788332577085,4.769919084231202,4.551854784705609,15.75875945160483,10.77126896292427,15.86393411217773,56.78988071084167
185.299,185.351,USV_210,0.0519999999999925,1.0,,None,107.1283,,78.17070000000001,,0.01010945625603199,0.035356001420454544,16487.781844190744,14810.6309057063,0.00016682182186969846,31862.215909090908,25197.344530310074,2.138670456301831,5.63831435948204,6.149822710430322,16.50582551742465,12.088386535262641,14.562329170234932,57.499742494120056
185.488,185.612,USV_211,0.12399999999999523,1.0,,None,107.1283,,78.3597,,0.009963580407202244,0.019526267538265307,14712.932754630983,15241.24723612,6.375002157651463e-05,30575.89285714286,25561.972874478994,2.415719786232152,4.615388362938467,5.000794828345424,17.68540417216148,10.769447608493572,14.661578786404807,58.81529536910088
185.825,185.882,USV_212,0.05700000000001637,1.0,,None,107.1283,,78.69669999999999,,0.011593068949878216,0.022226969401041668,15933.87955630186,16106.081314374002,0.00015974103810241288,30875.0,25441.152410539256,2.334501733792425,5.198974591625157,5.656810892502101,15.010728281733286,10.62568608260633,14.66528923590819,56.37038632645874
186.279,186.402,USV_213,0.12299999999999045,1.0,,None,107.1283,,79.1507,,0.012010741978883743,0.0212249755859375,14036.514733534677,14554.385068690974,3.208249229899506e-05,29902.34375,22960.065915713974,2.8009787146948564,6.313626440926382,5.685902909464613,18.04992563928639,11.710376828057319,14.645680769979842,59.0690885568469
186.648,186.689,USV_214,0.04099999999999682,1.0,,None,107.1283,,79.5197,,0.010846748948097229,0.019124348958333332,16425.699764281613,17374.813854911205,0.0004202556196528219,31552.083333333332,26434.848304411447,2.022111402124088,4.062236830220531,5.059001016952482,16.12948218572766,11.177360015527329,14.474128773343024,54.407395011255566
187.135,187.203,USV_215,0.06800000000001205,1.0,,None,107.1283,,80.0067,,0.00959497969597578,0.02996826171875,16385.50325597417,15338.475449884068,0.00010625621427086621,31242.1875,25455.786431791992,3.244790598532577,6.584418809317306,4.834582468192683,17.391989146389296,10.753745921538709,14.837377511172097,58.59932093317785
187.597,187.612,USV_216,0.014999999999986358,1.0,,None,107.1283,,80.46870000000001,,0.005906273610889912,0.045440673828125,22202.073713137735,22278.59315850601,0.002404257036056088,37019.53125,24390.718686708213,1.7217730807332365,2.565842903558786,4.494312505888487,12.715265701356449,7.756864387245865,11.795914225958501,46.36311761692857
187.684,187.716,USV_217,0.03200000000001069,1.0,,None,107.1283,,80.5557,,0.011290394701063633,0.012677873883928572,15588.22050734416,16687.82845747757,0.00021351331171289318,30401.785714285714,25180.35312596504,2.863670108428384,4.381705741344066,4.793549294243891,15.937021260522002,9.73454674655363,12.871600835280379,52.65914692853973
187.924,188.02,USV_218,0.09600000000000364,1.0,,None,107.1283,,80.79570000000001,,0.01254865899682045,0.01335706208881579,14027.536888209865,14889.420675254112,5.3048162749712325e-05,29977.79605263158,22718.020296932187,2.669289988295997,5.765258895184826,5.352975127615645,16.696705974473318,11.907845487451272,14.706742384135007,58.40117974449263
188.578,188.621,USV_219,0.043000000000006366,1.0,,None,107.1283,,81.4497,,0.011709876358509064,0.019518400493421052,13759.298197451319,15094.61416979161,5.9891307768828705e-05,29585.526315789473,24374.64110794975,2.3412897577793372,4.937082056338602,5.909586636549483,18.53124266687338,11.039383911713676,14.512612401264102,55.272111344898576
189.028,189.065,USV_220,0.03700000000000614,1.0,,None,107.1283,,81.8997,,0.011316713877022266,0.0178070068359375,14139.615690950983,17051.85732413891,0.00039919308450467295,30738.28125,23680.944715582355,2.288948627632962,6.024644453930983,5.542372796786186,16.549664270673595,11.68069962447923,14.722806767204782,52.7106813935099
190.127,190.136,USV_221,0.00899999999998613,1.0,,None,107.1283,,82.99870000000001,,0.008593186736106873,0.012451171875,17186.22295874726,23630.215476288384,0.000922257854954118,31593.75,22550.833589862075,1.7925103615684492,3.4379911009410278,4.295842697923989,14.382389012202522,9.51022949143029,14.095089991908884,35.73209743529599
190.857,190.987,USV_222,0.12999999999999545,1.0,,None,107.1283,,83.7287,,0.017255982384085655,0.04706169577205882,14920.501191256726,12530.034578323237,5.263154398029799e-05,27141.54411764706,21388.67346014781,3.1066004679459507,4.408655424217236,4.971794131824711,16.477027334240983,9.869988151150483,17.818976190605905,63.782550465558074
192.117,192.134,USV_223,0.016999999999995907,1.0,,None,107.1283,,84.9887,,0.010213709436357021,0.012478298611111112,15642.453068049866,17383.567720205905,0.00020835561373901102,30031.25,23373.660055111006,1.6560651675991513,6.90162857969148,7.34224628874186,17.461394327465435,10.323105971239524,12.442404901046363,47.63953262881122
192.244,192.279,USV_224,0.03499999999999659,1.0,,None,107.1283,,85.1157,,0.010505571961402893,0.04383138020833333,17761.166557798286,15116.329972671858,0.00021377637819086653,31556.25,26138.24483571831,2.859641181236647,6.2647305612617945,5.609673349184418,17.514405577750647,10.99781922476216,13.870901797072541,56.73079283608235
192.446,192.542,USV_225,0.09600000000000364,1.0,,None,107.1283,,85.3177,,0.012286537326872349,0.025294253700657895,14300.2490494669,14469.772508974358,1.4509828208101712e-05,30490.95394736842,25363.11941646349,2.437600851623035,7.332371783168065,6.409236737871013,16.832548363737583,11.451522700466649,13.600463270165042,57.72888355523806
192.756,192.831,USV_226,0.07499999999998863,1.0,,None,107.1283,,85.6277,,0.009403311647474766,0.021044921875,15048.018668871291,14455.658972308496,7.706615330665992e-06,30687.5,25005.459579058734,2.7053828612922692,6.1967775943066385,5.705309327587011,17.955160493873812,12.127671204963756,13.571701099416249,60.33210596467796
193.2,193.22,USV_227,0.020000000000010232,1.0,,None,107.1283,,86.07169999999999,,0.008970319293439388,0.031201171875,18332.99926149199,20101.143294362882,0.00038119416899317585,34115.625,26378.286369242298,2.1357526040252193,4.483855531574848,5.245683305437941,13.020791769004529,10.317998460328422,13.153525962735923,47.148193580336184
193.273,193.385,USV_228,0.11199999999999477,1.0,,None,107.1283,,86.1447,,0.011605414561927319,0.021412242542613636,14639.1140220613,14790.920714616701,3.7635666833769946e-05,30057.528409090908,23667.54643489048,2.0847770700130646,5.944958491044258,5.907757128285952,16.207127257624993,12.405956909041064,14.124778764982066,58.91370489654626
193.431,193.455,USV_229,0.02400000000000091,1.0,,None,107.1283,,86.30270000000002,,0.007425178308039904,0.03333629261363636,18339.404131268067,16734.140604073134,0.00041155989313400483,31806.81818181818,24856.297480403155,4.212621823698491,5.446631417455245,5.0520817004274186,16.908454071484787,12.519247089572895,14.160020052300721,51.80172649473534
193.511,193.568,USV_230,0.05700000000001637,1.0,,None,107.1283,,86.3827,,0.012310470454394817,0.013356526692708334,14254.999268524072,16087.84356596185,0.00015517819261735147,29578.125,22662.705761545803,2.3492113332681313,5.527994979761594,5.707769923351751,16.473229525476146,12.439015005934095,14.108217442809114,56.16986648273641
193.626,193.681,USV_231,0.05500000000000682,1.0,,None,107.1283,,86.49770000000001,,0.009916519746184349,0.01994522758152174,15560.387984198873,17060.477706433026,0.00021421008990870374,31626.358695652172,24172.38638735435,2.0030877542580448,4.5015640704184126,5.671361402952884,17.617716338768926,10.7528287370611,13.550581148493123,55.256418021209036
193.793,193.816,USV_232,0.022999999999996135,1.0,,None,107.1283,,86.66470000000001,,0.008667302317917347,0.02361505681818182,15765.778267732227,16965.462275829086,0.00025026328812370705,30298.295454545456,20975.668230987565,3.910087783685336,6.255409448330588,5.296820058188072,14.687963414535467,10.834534503467523,12.444817507718449,50.146949131881044
193.986,194.047,USV_233,0.06100000000000705,1.0,,None,107.1283,,86.8577,,0.010857862420380116,0.019013671875,14492.34978864464,15512.150684015915,8.089846751837816e-05,29891.25,21020.93071452755,2.013108218229745,4.6558115801881295,5.621256862315765,15.990980718813246,11.496290912277802,15.182124366724885,56.626587184438925
194.407,194.416,USV_234,0.00899999999998613,1.0,,None,107.1283,,87.27870000000001,,0.005941950250416994,0.018310546875,20098.026906013252,23150.414761448494,0.0017390000460469842,33828.125,24635.52131022532,1.9304866926150506,3.4130669920149828,5.2966956066044295,13.504499369357895,8.999593421302764,12.946453414344324,37.11997343575121
194.959,194.977,USV_235,0.018000000000000682,1.0,,None,107.1283,,87.83070000000001,,0.006732758600264788,0.044243706597222224,19889.300955635284,20554.715702772388,0.0008044809632169152,35791.666666666664,17740.967222499108,4.106474061810294,4.5826869309787135,4.256262033331674,12.988447524563883,9.097675010872178,12.748613884535231,45.8047146612365
195.048,195.078,USV_236,0.030000000000001137,1.0,,None,107.1283,,87.9197,,0.011012689210474491,0.023402622767857144,14884.044719636362,15818.6356027412,0.00015549811274088844,29839.285714285714,23520.245836743794,2.1279326433927634,5.630673017778833,4.573757300163735,18.494318263352827,12.575402679641936,13.987178423273068,52.501429907793415
195.183,195.228,USV_237,0.045000000000015916,1.0,,None,107.1283,,88.0547,,0.010506617836654186,0.022525185032894735,14785.207100779808,16559.67024352186,0.00010269893689255468,30671.052631578947,23687.68107190856,1.7645418121750744,4.696566373595371,5.7116837002921015,17.73158354192765,11.10204521857383,13.427864185761372,53.860000152495594
195.377,195.418,USV_238,0.04099999999999682,1.0,,None,107.1283,,88.24870000000001,,0.007691720966249704,0.027425130208333332,16064.34289074685,16448.203174191123,0.0001445979805691994,31395.833333333332,19796.96035785853,2.4371803781693924,4.377806313200168,3.8229380638380386,16.250904197944866,12.391857789365565,14.20269316854904,55.61085197254539
195.688,195.743,USV_239,0.05500000000000682,1.0,,None,107.1283,,88.55969999999999,,0.009683959186077118,0.04200280230978261,17405.461963148788,15784.97086310542,0.000263773326157321,30900.815217391304,23866.308000697278,2.545119560920205,6.23583618858642,6.036412491317294,17.97325599041849,9.305041773820157,13.729222319294944,58.83029413568874
195.93,196.0,USV_240,0.06999999999999318,1.0,,None,107.1283,,88.80170000000001,,0.010787032544612885,0.027562634698275863,15459.236413578075,13690.895905901118,2.3692409338438236e-05,29977.370689655174,23662.828370085663,1.8708793250585858,4.996507899348324,6.079091398842006,17.80836843889687,11.690652459443514,14.224282319446527,59.92072035965802
196.176,196.211,USV_241,0.03500000000002501,1.0,,None,107.1283,,89.04769999999999,,0.009820014238357544,0.0284881591796875,18065.138461461465,18700.396775928453,0.0005234914063097278,32759.765625,25398.566334395873,2.881910086039456,4.237575435009667,4.208716390778813,13.01579209995217,8.90537504792054,14.336752332231871,53.713411118930665
196.471,196.589,USV_242,0.117999999999995,1.0,,None,107.1283,,89.34270000000001,,0.009922957047820091,0.02388422539893617,14943.48127662074,15283.707611689699,5.5758469251439874e-05,30755.98404255319,24529.061844222695,2.932944899269817,5.376914581770207,5.629278438108877,17.17843015312966,11.715274011123864,13.807489570062257,58.60885767241221
197.024,197.102,USV_243,0.07800000000000296,1.0,,None,107.1283,,89.8957,,0.009613098576664925,0.0218048095703125,15760.712531809611,15619.196592504608,0.00019042827320799234,30808.59375,22608.363797469818,2.933717905599238,4.790133528828079,5.659072820830248,17.801838697567998,12.023311621682955,13.86389643788973,57.88204534043322
197.55,197.653,USV_244,0.10299999999998022,1.0,,None,107.1283,,90.42170000000002,,0.011311912909150124,0.020549495045731708,14511.263966660152,15280.783884763423,7.269020416214574e-05,30377.286585365855,25280.789128103595,2.4914638468496517,6.087082947657202,5.3136183228861436,17.5857590807668,11.12825493017783,15.21258064106276,57.71136086911697
197.725,197.736,USV_245,0.01099999999999568,1.0,,None,107.1283,,90.5967,,0.007970534265041351,0.0181884765625,18171.01069058488,21135.28389489674,0.0005555807784024433,32203.125,25786.540607059647,2.6519843662937475,3.6076826501650845,5.024786348499089,14.220449538342857,8.13126809069937,13.89856149772597,43.578384870783964
197.886,197.917,USV_246,0.03100000000000591,1.0,,None,107.1283,,90.7577,,0.007268806453794241,0.027605329241071428,17325.1326934461,16063.249367725997,0.0007898126816560381,31968.75,21375.625236307253,3.180613057980506,5.00510374351093,5.705489644261285,17.53092865149884,11.280699838556654,13.845422377646608,53.801159329233016
198.00900000000001,198.045,USV_247,0.03599999999997294,1.0,,None,107.1283,,90.88070000000002,,0.010547103360295296,0.01983642578125,15479.867837081358,16966.726039992267,0.00028092823874916915,30726.5625,24288.989588633995,1.9128585013948556,5.040423952380806,6.810607275450099,16.695215809464777,11.04198595302858,13.99781771757328,52.97001395647912
198.092,198.178,USV_248,0.08599999999998431,1.0,,None,107.1283,,90.96370000000002,,0.011000634171068668,0.021358816964285713,14254.722178260165,15827.460633307246,0.00027121269751513745,30490.178571428572,22465.749833346945,2.3648128912086848,4.302467049576569,6.077633567932664,17.562662044483655,10.490464459922798,14.02293889912078,56.49813334661633
198.482,198.496,USV_249,0.014000000000010004,1.0,,None,107.1283,,91.3537,,0.010214654728770256,0.01336669921875,16625.47013438618,19886.407273541845,0.00043540422893812206,31183.59375,20898.950588161315,2.70453321000075,2.2115743659606855,6.921518985136035,16.763584215997554,8.165888263066957,13.982912961937377,43.706391793693705
198.543,198.57,USV_250,0.026999999999986812,1.0,,None,107.1283,,91.41470000000001,,0.008272913284599781,0.02154541015625,14953.55056683465,15343.544981595698,4.846602059608104e-05,30507.8125,18880.43156923359,3.9295373324201086,4.961062735867276,5.919498796373329,15.196466152399713,11.430527299509414,14.874528120026078,55.794001723766094
198.838,198.849,USV_251,0.01099999999999568,1.0,,None,107.1283,,91.7097,,0.011472565121948719,0.017415364583333332,16553.938519767435,22323.37789239945,0.0005967631129791745,31890.625,19783.42343310988,1.8463640234207022,4.585152069061149,5.348203070319417,11.180723855479032,8.300418990615713,13.793424510129158,42.0272672615268
199.27,199.322,USV_252,0.0519999999999925,1.0,,None,107.1283,,92.14170000000001,,0.009512237273156643,0.022971413352272728,15657.4057684267,15669.105100310997,0.00011613446544797377,31563.920454545456,23924.285801883438,4.968159817344177,5.933329561021417,4.479474049402253,17.511683253916818,11.14070604808292,14.539465507507412,57.079302437966525
200.338,200.349,USV_253,0.01099999999999568,1.0,,None,107.1283,,93.2097,,0.007804586086422205,0.0255126953125,17971.31473967105,19879.3231445318,0.0004905261414940794,31578.125,23957.717797278307,3.2030092603134634,3.608731932285829,6.399280261940305,13.227647635298254,12.068064333560537,12.442951176293485,44.74129261279264
200.952,200.974,USV_254,0.02199999999999136,1.0,,None,107.1283,,93.8237,,0.006814326159656048,0.025856711647727272,16960.03936892925,16400.217321099848,0.00036153559114394875,31406.25,25600.8199718843,3.0686709320050714,7.75776459282153,6.986369246084067,15.245231750855568,10.43835779999699,14.884222601829515,54.19994286649849
201.146,201.155,USV_255,0.009000000000014552,1.0,,None,107.1283,,94.01769999999999,,0.01674511283636093,0.015665690104166668,16496.660648497887,23773.11651505213,0.00042612535060791555,33656.25,24870.85874916847,1.120044476347709,5.8904448202055315,4.430669376794235,16.101939630391467,9.246620426608517,11.89625961180407,35.25614659986292
201.851,201.882,USV_256,0.03100000000000591,1.0,,None,107.1283,,94.7227,,0.011159457266330719,0.020455496651785716,14839.146387985686,18575.534191266204,0.0010657478592488697,31011.160714285714,24558.77159469765,2.5410401575646837,3.8570759400217725,5.9512018536779845,15.465429912292212,10.348181030515304,13.065852620136935,49.531633916071904
202.462,202.47,USV_257,0.008000000000009777,1.0,,None,107.1283,,95.3337,,0.0074784159660339355,0.022265625,19259.69425331874,21172.334530490363,0.0006452567020834175,33450.0,23324.953003427127,5.094317822266325,4.176837836858946,5.295147656752292,16.859744592873714,9.890131915657602,12.226591182831566,37.63140405118475
202.605,202.632,USV_258,0.027000000000015234,1.0,,None,107.1283,,95.4767,,0.010702566243708134,0.013070913461538462,15973.934154938259,19688.156937556614,0.0003352611338384226,31889.423076923078,25303.705542094456,2.6816940524210513,4.660381939577987,5.4506708223020235,14.764509500695226,9.01821377492067,13.071503224930723,50.105540115205194
202.909,203.031,USV_259,0.1220000000000141,1.0,,None,107.1283,,95.7807,,0.011013093404471874,0.0238494873046875,14351.429368774312,13933.735689682673,1.2961225051866745e-05,30042.96875,20380.102109313022,2.3663743437728257,4.5510887082326095,5.511119783856015,18.268057289709095,11.480607147840722,14.623053436954685,59.362372271161725
203.534,203.562,USV_260,0.02800000000002001,1.0,,None,107.1283,,96.4057,,0.013399378396570683,0.017615685096153848,14162.437952288214,17927.557943056527,0.0005878165934860163,30000.0,26373.298541706237,2.990117583256377,1.866648280879571,6.0042593832191375,17.683882799412977,9.648112539879289,13.237443610157847,49.495402580623036
203.969,203.994,USV_261,0.025000000000005684,1.0,,None,107.1283,,96.8407,,0.02094206213951111,0.012919108072916666,13737.615130442175,18205.111356668334,0.0001171284831639885,28906.25,22468.093331717842,2.2899803988445555,4.051381646140732,9.056548329709331,17.661482729141998,9.764445705771427,12.175782899426581,45.661708385050474
204.114,204.131,USV_262,0.016999999999995907,1.0,,None,107.1283,,96.98570000000001,,0.014075933024287224,0.022271050347222224,16349.700841225176,19832.148372125346,0.0008600468564677963,31312.5,20815.631961252202,2.74097105710098,2.2322953181003293,5.3218965941616005,13.716414676835667,9.349667999355114,13.285436036514497,45.299112837959605
204.355,204.367,USV_263,0.012000000000000455,1.0,,None,107.1283,,97.2267,,0.015599889680743217,0.005510602678571429,15851.616068070234,23044.56372275503,0.00030417303724426776,31419.64285714286,22933.797124390698,2.2557723207042355,3.5708763378694437,5.874117464831399,13.625539124948,9.895170447476644,10.553958665728201,38.53458977385518
204.697,204.796,USV_264,0.09899999999998954,1.0,,None,107.1283,,97.5687,,0.010677782818675041,0.03143780048076923,14844.690973818939,13498.659860539936,2.3599862886266047e-05,28990.384615384617,18727.878875100152,2.3238690597205265,5.1773169470012625,5.35630261214817,17.026750841501833,11.738153159707812,14.388235132915751,61.9391934192507
204.871,204.919,USV_265,0.04800000000000182,1.0,,None,107.1283,,97.74270000000001,,0.012401365675032139,0.03182373046875,16730.128064408076,15762.122356383328,0.0004195205195800425,31406.25,19115.865598197914,2.9675985690020044,4.388534346072417,5.169757157898665,15.1093591753629,11.290058154327836,12.86205149655276,57.88924285971301
205.993,206.008,USV_266,0.01500000000001478,1.0,,None,107.1283,,98.8647,,0.008430497720837593,0.01922607421875,16733.495858000966,19097.782313940894,0.000287640487044027,31265.625,24698.496636327905,2.970719511335186,3.504200193548657,4.158761105917996,15.832090991618124,10.006334358365685,12.452882392616047,44.783877461462296
210.336,210.392,USV_267,0.055999999999983174,1.0,,None,107.1283,,103.20770000000002,,0.011646006256341934,0.017418902853260868,14375.195348343788,14673.444384719001,5.30509146570959e-05,29498.641304347828,24252.470236740293,2.92217428390923,4.406727013478874,5.837071863294973,18.550956068520094,10.844936495679836,12.832608867499031,57.25924368494005
210.881,210.889,USV_268,0.008000000000009777,1.0,,None,107.1283,,103.7527,,0.004813680425286293,0.043798828125,21746.221014466915,24114.191722081567,0.0020113569299808386,35343.75,27221.182382388535,3.156922293664132,3.161459699203462,5.072985045184725,13.928637374919656,7.669419138414298,11.2881179856611,33.988273727339475
211.243,211.293,USV_269,0.05000000000001137,1.0,,None,107.1283,,104.1147,,0.011234397999942303,0.015938895089285716,13720.774339900949,15290.500078914412,4.6263457035573274e-05,29718.75,22130.380034226164,2.6882111928927146,6.971015014899829,6.4843960280686685,16.9695007069874,12.083488197424302,13.767219817612526,55.590896224117735
211.481,211.518,USV_270,0.03700000000000614,1.0,,None,107.1283,,104.3527,,0.012845752760767937,0.01824951171875,14323.186915324914,15918.511434185777,0.00017162201058283514,29789.0625,24482.364146397686,2.795390982183956,6.703046862970385,5.138377851527085,15.591502566280594,11.218555234129097,14.932994550635907,53.02330407937578
212.268,212.278,USV_271,0.009999999999990905,1.0,,None,107.1283,,105.1397,,0.013260941952466965,0.023274739583333332,18132.365836841236,20883.971649934072,0.0003020464305432977,33125.0,15930.897849650692,1.5152985893111535,7.516967608500985,4.910971799194818,11.662098248823781,9.912325044478434,12.726484020708234,38.43254774482862
212.36599999999999,212.396,USV_272,0.030000000000001137,1.0,,None,107.1283,,105.23769999999999,,0.008113524876534939,0.018572126116071428,14609.118628493632,15862.663459127947,8.408555682884647e-05,31031.25,25242.558640253857,1.5010949672313458,5.074774845479935,4.207569449793999,16.253227604617525,12.66221916711539,14.256759743195746,52.71438374201134
213.18,213.199,USV_273,0.019000000000005457,1.0,,None,107.1283,,106.05170000000001,,0.012227754108607769,0.0143798828125,15837.585879227068,20766.174547079278,0.0003490414120833069,32484.375,21361.397332621953,1.4658286227686925,4.126586595464444,3.818630737835304,14.276977952927894,10.431255029676816,11.636980466973233,45.38139086604032
214.617,214.636,USV_274,0.019000000000005457,1.0,,None,107.1283,,107.4887,,0.0063779233023524284,0.040087890625,18909.58186225277,19525.965039321676,0.000710143195987939,32606.25,25994.67122966985,2.1989668097954693,4.433681271753121,3.822916000733373,12.197602020644322,9.802383126912293,13.644519586932436,47.240859841104864
215.015,215.045,USV_275,0.030000000000001137,1.0,,None,107.1283,,107.88669999999999,,0.008489416912198067,0.016444614955357144,14922.66222518333,17579.659700461016,0.00017908616664244194,31366.071428571428,22565.77277273464,1.4243270989088224,5.7773342209987675,7.549776679575687,16.50667134572388,10.488577165417661,14.49689345708065,50.98768721750417
215.406,215.421,USV_276,0.014999999999986358,1.0,,None,107.1283,,108.27770000000001,,0.012880034744739532,0.02459716796875,15563.8869544709,17499.16985222986,0.00042891906371167856,29601.5625,24622.015882161493,1.6617942014880085,6.705578594602358,5.047781831464014,13.206675651138973,9.93925058879979,14.359533041474524,45.10119505168549
215.481,215.516,USV_277,0.03499999999999659,1.0,,None,107.1283,,108.3527,,0.009837801568210125,0.011539713541666666,15042.905127485294,17667.441830928503,0.0001856904017343057,31156.25,20146.170610840676,2.4762083763634677,5.8634855893533615,5.304803910722745,14.79976400494628,9.634102418866032,12.604226564485737,53.676193932431495
216.758,216.767,USV_278,0.00899999999998613,1.0,,None,107.1283,,109.62970000000001,,0.00526813929900527,0.04931640625,19456.7785563322,16621.951538255675,0.00048032615177914854,32750.0,23161.10426129117,1.938179293034836,2.6176864683145937,4.441530246437262,14.70400754030887,10.309819560245208,15.518154909933072,43.05801057888058
217.226,217.255,USV_279,0.028999999999996362,1.0,,None,107.1283,,110.0977,,0.01147538423538208,0.026104266826923076,15371.765504067345,15344.09793169676,8.524634460341365e-05,30548.076923076922,26399.60269128397,1.735962142675614,6.523484359743994,5.108435947914851,16.7468612099947,11.012954275825354,14.921751984198833,52.86469072799673
219.535,219.551,USV_280,0.015999999999991132,1.0,,None,107.1283,,112.4067,,0.010029502213001251,0.012542724609375,16394.810867325534,20067.803737247435,0.001368785037608754,31289.0625,19798.707400982308,2.2535378519524256,5.996101345331483,7.145603468609313,14.875583809300757,9.509312168230075,14.429380377036699,44.699471115222046
219.818,219.831,USV_281,0.012999999999976808,1.0,,None,107.1283,,112.68970000000002,,0.008377952501177788,0.022879464285714284,15086.870910576496,16665.422491351088,0.00012421914236250417,30093.75,21927.84350691381,2.0196969962631237,6.2516565652278455,6.84096282437683,18.853004731416622,12.09125663396407,14.80857743677663,44.57674624093821
220.212,220.248,USV_282,0.036000000000001364,1.0,,None,107.1283,,113.0837,,0.012799255549907684,0.0193023681640625,14023.871284815863,15237.807699037146,3.9857864635464065e-05,29484.375,23144.14922823049,2.2597813433659923,4.76345687386881,4.149844808623264,17.061931494431484,12.128861188906917,13.564351612996708,53.469971991864206
220.726,220.783,USV_283,0.05699999999998795,1.0,,None,107.1283,,113.5977,,0.010776367038488388,0.017435709635416668,14379.696974653794,15009.466915739149,4.056171779708109e-05,29523.4375,20097.56925530935,2.8758931001078167,5.248897553826201,6.582339344039628,17.393550864284133,11.306813363029491,14.988981797726415,57.298718692061584
221.033,221.044,USV_284,0.011000000000024102,1.0,,None,107.1283,,113.90469999999999,,0.010733731091022491,0.014543805803571428,15704.242653352829,18134.893242404218,0.00013610379393520452,30441.964285714286,22929.97883279295,4.180916477340748,5.548187412943994,4.029844724904565,13.980115905216627,11.53490939228206,12.682783801276356,44.027197433274296
221.715,221.734,USV_285,0.019000000000005457,1.0,,None,107.1283,,114.58670000000001,,0.010901094414293766,0.01416015625,15732.981765828788,19424.021665576205,0.00040529950654924935,31228.125,23848.914507859496,2.362838835065845,7.597499662046323,5.888888730288373,13.761043370048322,11.612558574682634,13.877269940661716,46.22139554647815
222.611,222.659,USV_286,0.04800000000000182,1.0,,None,107.1283,,115.4827,,0.008138928562402725,0.03775634765625,16886.946975061524,14960.952834456004,8.249099447565457e-05,31303.125,24826.884454463867,3.4180579848167434,4.10190123145241,4.330403258005434,15.550452792311063,11.21976075868493,13.408709231658737,58.606950658727136
222.947,223.014,USV_287,0.06700000000000728,1.0,,None,107.1283,,115.8187,,0.010777866467833519,0.016566685267857144,15353.026635495744,15542.074504028962,7.013470296424111e-05,30468.75,23098.440043559833,2.914781135810665,7.709690172632206,5.623850160334478,15.12510313903545,10.533309822460243,14.316181685452362,56.708715524492234
223.303,223.322,USV_288,0.019000000000005457,1.0,,None,107.1283,,116.1747,,0.01128380186855793,0.03369140625,16149.204897992395,17214.571228078756,0.0001892553073522646,30759.375,23743.698608393508,1.0584932084329015,4.602426147569647,6.950467739304429,17.19779058038762,9.795014104973717,14.106211564789902,47.16068474449544
223.556,223.626,USV_289,0.06999999999999318,1.0,,None,107.1283,,116.42770000000002,,0.011141907423734665,0.013848666487068966,14476.357703266855,15046.010403082011,8.81256084032194e-05,30375.0,22968.35680243709,3.111415226321575,5.4794385346706544,5.649627411169015,15.519088462716354,10.603684112672273,14.220115134142928,57.34946351596585
223.864,223.911,USV_290,0.046999999999997044,1.0,,None,107.1283,,116.73570000000001,,0.010884237475693226,0.0144287109375,14677.579778493313,15957.011651488783,9.0026723242834e-05,30585.9375,26645.026474374397,2.5724877517226767,6.681126315032863,5.953782254557937,15.916950709535381,12.378615544563056,13.92513767444299,54.23067678715283
224.965,224.985,USV_291,0.020000000000010232,1.0,,None,107.1283,,117.83670000000001,,0.007762719877064228,0.0133544921875,16015.9042518725,19295.706822287895,0.0003754231634770538,31715.625,21266.6172675237,2.66757761572475,3.8540374703010882,4.639521798942133,15.183657129663384,10.429680756480742,14.103924100085663,47.898602025186335
226.604,226.617,USV_292,0.012999999999976808,1.0,,None,107.1283,,119.47570000000002,,0.009160789661109447,0.015101841517857142,15568.952145824203,18510.81504570251,8.478747450783497e-05,30267.85714285714,25171.735438693497,1.960616857268987,6.9863181521586455,6.6204754990821035,16.56634436005349,10.320497875098425,14.136872883691607,42.878814782055315
227.631,227.654,USV_293,0.022999999999996135,1.0,,None,107.1283,,120.5027,,0.0073850080370903015,0.029030539772727272,15369.25794903615,14896.162261071078,5.292266011857423e-05,30818.18181818182,15559.609547113081,2.239734777594273,3.7084565986542755,4.785395883279413,17.048949714343802,9.285891006666178,14.573169493494113,52.08699491669525
227.775,227.844,USV_294,0.0689999999999884,1.0,,None,107.1283,,120.64670000000001,,0.011083781719207764,0.0325927734375,17069.824407519533,15069.609403647397,0.0003674530001057663,31647.321428571428,25612.24248835276,2.588453674967861,3.946078518880802,4.568411588564916,15.40527682649906,12.320768428302577,14.79985109589251,58.30120192040647
228.162,228.208,USV_295,0.04599999999999227,1.0,,None,107.1283,,121.03370000000001,,0.009754023514688015,0.029931640625,16188.487246773137,13732.891753902562,1.3725102168518459e-05,30328.125,23875.0280278017,1.892656063131757,5.265183663159134,6.0046598209981,18.910860527556647,10.944322130888446,13.574351930109191,58.1825388431947
228.63,228.701,USV_296,0.07099999999999795,1.0,,None,107.1283,,121.5017,,0.016238415613770485,0.01658472521551724,11767.850181385766,15808.919946214914,0.00018176616106883514,27924.568965517243,27318.749338078,2.3143216495187113,2.7198227494679843,6.7802037185201565,20.24184491798517,10.537482429590254,14.375413167052514,55.17027206772861
228.985,228.995,USV_297,0.009999999999990905,1.0,,None,107.1283,,121.85670000000002,,0.007397936657071114,0.013346354166666666,16961.220432793856,21503.376832036327,0.0005414581405103897,31406.25,16912.49182841877,2.2833977717465888,2.2258995502939656,7.090630910920267,15.29530411616409,10.69568532859707,13.847258256439593,37.33019709620276
229.203,229.25,USV_298,0.046999999999997044,1.0,,None,107.1283,,122.0747,,0.016970906406641006,0.00927734375,12605.1110889229,15863.095286227743,7.736798824431663e-05,27979.6875,21144.23480419555,2.6658312505471935,5.253718077912636,5.056812632958293,17.6808233705155,10.456232748690805,12.729404254008433,54.45578387695225
229.529,229.557,USV_299,0.027999999999991587,1.0,,None,107.1283,,122.4007,,0.00853412039577961,0.023831881009615384,15506.476505589058,16696.413137248604,5.8713834642275736e-05,30930.28846153846,25777.968877860112,1.83658150698468,6.1927700084641755,5.215417403618702,17.177251274297063,11.46997947486618,14.923750655266385,52.47419907292651
229.839,229.9,USV_300,0.06100000000000705,1.0,,None,107.1283,,122.7107,,0.014624831266701221,0.02154296875,13825.0728147485,15263.609339704955,0.00010431243295659468,29321.25,25742.815165054388,2.8851273483058617,4.6645050119466696,6.095439859583094,17.062011793339355,11.691473501826644,14.606883616974697,56.06403761656546
229.938,229.962,USV_301,0.02400000000000091,1.0,,None,107.1283,,122.80969999999999,,0.011728188022971153,0.017533735795454544,14767.772860305151,16950.783889264254,0.00020986311222821188,30238.636363636364,23947.01242527534,1.2627571539443159,4.939223517981185,5.285798984355079,17.68073821496583,10.131078587183547,14.471715554024335,49.410664561368
230.004,230.024,USV_302,0.020000000000010232,1.0,,None,107.1283,,122.8757,,0.008896791376173496,0.02412109375,17707.198832518166,21123.26164277306,0.0004335977509006235,33084.375,18552.498135806465,3.054945520828061,6.01190620913475,4.961636647469663,13.26751831229412,9.100095754573953,13.63873642799183,46.91971683075749
230.267,230.281,USV_303,0.014000000000010004,1.0,,None,107.1283,,123.1387,,0.019536323845386505,0.011627197265625,13478.88127600072,20632.616414722077,0.0002704884023969142,29039.0625,25109.216662958544,3.049763127053499,2.282851978742355,6.500538547940781,17.203103067123205,10.146621159753689,12.406846443262392,42.36123373312438
230.687,230.719,USV_304,0.031999999999982265,1.0,,None,107.1283,,123.55870000000002,,0.009046362712979317,0.021536690848214284,15137.36109243058,17040.154694361965,0.0002469732922370346,31694.196428571428,21823.088063313782,2.8247408073065117,3.9049155076945494,4.6611675563966,16.79315023649067,11.363740028419356,13.046084403135541,52.537179100450125
230.95,230.985,USV_305,0.03500000000002501,1.0,,None,107.1283,,123.82169999999999,,0.012261755764484406,0.020904541015625,15092.84522444692,17631.626660890488,0.000891245531156228,31265.625,25379.280456901248,2.1640428996382433,6.384633293081739,5.279649882203405,15.600705604858739,11.693851412853412,13.884476079676968,51.282302933049436
231.273,231.31,USV_306,0.03700000000000614,1.0,,None,107.1283,,124.1447,,0.010924547910690308,0.0175018310546875,15324.50412630999,17163.30576021717,0.0001633615609671813,31095.703125,21092.494671928114,3.7601928798982884,7.846047826574057,5.883670658103267,16.811488864019015,10.591297479390946,15.225380518613408,52.59945999019291
231.787,231.812,USV_307,0.025000000000005684,1.0,,None,107.1283,,124.65870000000001,,0.007134461775422096,0.0318603515625,16220.651848751279,16757.435375257628,0.00010525254747043788,31375.0,20823.22568309426,2.3739193142194233,3.2132929705569864,2.669107444085188,15.253110215037237,11.021685157431007,13.534435272610205,51.912544325185046
232.08,232.092,USV_308,0.012000000000000455,1.0,,None,107.1283,,124.95170000000002,,0.005755390971899033,0.030901227678571428,18285.937035265033,19096.524538032554,0.00043414710963914874,32049.10714285714,15191.067360719391,1.5516131211778226,5.387359212885236,5.85916685130235,14.170025991890395,10.570981194455745,14.132314184505374,42.48953585808283
232.189,232.21,USV_309,0.021000000000015007,1.0,,None,107.1283,,125.0607,,0.012636343948543072,0.0073486328125,14508.945611990066,18657.669113497446,0.0002640152526122072,30028.125,20341.752931633866,2.2477533356771753,6.211392265022533,3.712895066590261,14.358943452055517,12.231359124929622,13.033390809590482,47.10982378145708
232.941,232.957,USV_310,0.015999999999991132,1.0,,None,107.1283,,125.8127,,0.007755008991807699,0.01275634765625,17157.323846121297,19331.610856999665,0.0003868001384284746,30515.625,19389.338430493415,2.5717430242299812,1.5624219645396347,4.250454531866557,15.153193525980072,11.536494042913205,12.033640861193685,46.828629069269525
233.26,233.308,USV_311,0.04800000000000182,1.0,,None,107.1283,,126.1317,,0.01088646985590458,0.02735595703125,15466.654338287375,15110.250115868486,0.00011124881147954444,29943.75,20411.990427365923,1.7821634406514728,4.5251624665105386,4.129611957199553,15.902232962097795,11.514533930870256,13.940042110854174,55.78038406891742
233.346,233.355,USV_312,0.00899999999998613,1.0,,None,107.1283,,126.21770000000001,,0.006665628869086504,0.025146484375,16833.048941288045,17385.436259413505,0.00017100005300308384,30812.5,22114.015620130696,2.158998549617937,4.428546771120462,5.1414842291123035,15.639064690485808,10.690806227257609,13.405282810812212,40.48058747603665
233.399,233.419,USV_313,0.020000000000010232,1.0,,None,107.1283,,126.2707,,0.010983675718307495,0.0228271484375,19515.74725384159,20167.917048033538,0.000635705429849393,32746.875,25618.6588230792,2.7351145056903556,4.4701356920914135,3.7464193726139863,13.924815264870864,8.939682856972505,12.036733073556352,48.44034751405042
233.464,233.48,USV_314,0.015999999999991132,1.0,,None,107.1283,,126.3357,,0.010088454931974411,0.026702880859375,17123.481796119708,17540.620930922993,0.00019021766763704318,29589.84375,22490.010565133973,1.9306541397273835,4.433606904891987,6.888443789240288,16.08972523675462,10.928310133183746,12.053370998313643,48.676695593213395
234.225,234.246,USV_315,0.021000000000015007,1.0,,None,107.1283,,127.0967,,0.010150905698537827,0.0240234375,20270.678105672043,17291.067800600413,0.00040717600406544934,32859.375,25688.527457041873,2.5660296258777593,4.813141657390017,3.9056136068295437,14.806840636923308,10.658869047744966,17.204076279271117,49.796661961472374
234.874,234.891,USV_316,0.016999999999995907,1.0,,None,107.1283,,127.7457,,0.01033148355782032,0.029541015625,17360.233953331415,16705.713985868686,0.0005410561328404966,29260.416666666668,19878.331027852433,3.4407475747202727,6.71966689638462,4.2620132966210535,11.771916943844719,10.844985243625036,15.217100998249704,48.89823576684224
234.929,234.979,USV_317,0.05000000000001137,1.0,,None,107.1283,,127.8007,,0.010821321047842503,0.017706008184523808,15131.446843195035,16195.191788214079,0.00011464558642744427,30022.321428571428,23631.146128545384,2.440440732704676,4.271020220083211,4.443597304642282,15.574227731652334,12.469854705748993,15.838410330498245,55.55587333893494
235.225,235.322,USV_318,0.09700000000000841,1.0,,None,107.1283,,128.0967,,0.009112073108553886,0.02391952123397436,15562.204134159507,15852.07983293807,0.0002793705709697817,30906.25,19126.928082774168,2.5932511884762013,5.257355543607067,5.602921934349752,16.787765266240374,11.478085484308744,14.312952664180562,59.270794991941024
235.54,235.636,USV_319,0.09600000000000364,1.0,,None,107.1283,,128.4117,,0.009572310373187065,0.025069387335526317,15495.653552724976,15118.536973255068,0.00015462684196058583,31433.388157894737,20617.71918891016,2.5897659390372496,5.683928961318384,6.752586968783091,18.136974130695638,10.879540891207215,14.850134862335018,59.82639771307313
235.904,235.944,USV_320,0.03999999999999204,1.0,,None,107.1283,,128.7757,,0.010381646454334259,0.02214499080882353,15030.198040201562,14795.799422442658,1.9736662314622568e-05,29988.970588235294,22586.1703335821,1.78816700995141,4.481592144145683,6.619261084773781,19.244092179632105,11.509272960561436,13.762542278132557,56.42128149041122
236.304,236.321,USV_321,0.016999999999995907,1.0,,None,107.1283,,129.1757,,0.012562930583953857,0.025661892361111112,15804.692180599319,14139.96655878844,5.40545817992741e-05,28375.0,23980.563122865555,2.125908737518411,5.283808394206986,6.201274074510632,15.522179152605876,8.577446074169961,16.33094815635237,51.2476133909737
236.35,236.364,USV_322,0.014000000000010004,1.0,,None,107.1283,,129.2217,,0.011193176731467247,0.00482177734375,17339.50540139167,22060.184824161315,0.0003305918750848338,32109.375,26137.335780852285,2.190512388832846,5.81236989372449,4.640687798704869,12.538784271567053,8.738780955777866,13.353999915261632,41.8331458511865
236.439,236.479,USV_323,0.040000000000020464,1.0,,None,107.1283,,129.3107,,0.008687653578817844,0.037123736213235295,16524.674181666134,15049.30435100477,0.00027517114364833015,30970.58823529412,20908.8903383466,2.0508159328518825,4.627086267558066,6.74970099396102,19.030027235977247,11.328984206392752,13.057030261494047,57.876365777277364
236.569,236.605,USV_324,0.036000000000001364,1.0,,None,107.1283,,129.4407,,0.01045530941337347,0.011810302734375,15264.813204334452,17668.359773394142,0.00036851394170810066,30527.34375,24636.333813120113,2.2659224109798703,3.2994495691450796,5.033249643575507,14.956130477507013,10.056567275549131,14.316496792479615,52.48251871169165
236.75900000000001,236.781,USV_325,0.02199999999999136,1.0,,None,107.1283,,129.63070000000002,,0.014407769776880741,0.015025745738636364,15671.14465599453,15940.758128557378,0.00018365297131423057,29522.727272727272,24523.08454730511,4.360223637635811,6.571267766623961,5.107760391596704,16.892647564504152,11.128881506031476,13.729065967466369,51.00928886987867
236.883,236.925,USV_326,0.04200000000000159,1.0,,None,107.1283,,129.7547,,0.008397888392210007,0.021647135416666668,16125.142183369604,16493.11121868515,0.0004691388878163616,31109.375,20790.86762688376,2.614172325837573,4.090279396347582,5.147823443623751,15.900421511388272,10.524550656620958,15.237096527152788,55.26990523718093
237.318,237.348,USV_327,0.030000000000001137,1.0,,None,107.1283,,130.18970000000002,,0.007252227980643511,0.024693080357142856,15565.058959655276,15321.902963822022,3.6560224351063825e-05,32055.803571428572,23561.26950254115,2.6918234636454934,5.5484432249197235,6.343262862120231,17.45817042896474,9.68524304427846,13.40068253067054,53.70666312731707
237.495,237.505,USV_328,0.009999999999990905,1.0,,None,107.1283,,130.3667,,0.00806496199220419,0.0164794921875,17117.527157472457,20674.614672224958,0.0005675775927262135,30843.75,20874.201240887855,1.9835316351042547,3.521088949924474,4.7127379007237895,15.413649070825402,11.227744648606638,13.610018823809233,38.3935899470907
237.539,237.598,USV_329,0.05900000000002592,1.0,,None,107.1283,,130.4107,,0.013098454102873802,0.01517578125,13491.214529540803,16358.599737568715,0.00013365323840123716,29910.0,24109.891163256838,2.7946170812076896,5.88198819975316,6.710920001421299,17.74981730992585,10.682770408692761,13.040434222189935,54.68048106756646
237.693,237.711,USV_330,0.018000000000000682,1.0,,None,107.1283,,130.56470000000002,,0.008201643824577332,0.030571831597222224,17545.976787961412,16824.671618088047,0.0004577169884854568,30989.583333333332,19904.69117359053,1.9685552119346275,4.2066705863992375,6.079885334980643,12.902629363056981,11.124906316433472,13.951555797283708,48.75918740405432
238.11599999999999,238.17,USV_331,0.054000000000002046,1.0,,None,107.1283,,130.9877,,0.012155896984040737,0.024031929347826088,13964.689819721241,15561.795080756754,0.0001297707376458332,29453.804347826088,19043.82635556066,1.9542005364766764,6.8130478131655305,5.810379992567277,16.89205639363207,11.246873819921587,14.320137739611358,55.34513450530867
238.377,238.393,USV_332,0.015999999999991132,1.0,,None,107.1283,,131.2487,,0.008281327784061432,0.020355224609375,16778.479686982973,19159.283909773476,0.0003050313333434098,31992.1875,23040.125821319885,2.4309457229494447,4.090458430360432,5.024174917555163,14.766459338785541,9.5127739846201,13.476910151966392,45.89543711029725
238.449,238.459,USV_333,0.009999999999990905,1.0,,None,107.1283,,131.32070000000002,,0.012092466466128826,0.016886393229166668,17087.501522875962,23828.635778117892,0.0004934639555142807,32937.5,24353.415526308458,4.382258097417398,5.316541275103982,5.514071975692107,13.302466729570922,9.067064284755242,13.299127002211106,35.755807882106275
238.528,238.543,USV_334,0.01500000000001478,1.0,,None,107.1283,,131.3997,,0.010091384872794151,0.02874755859375,17430.456314217518,17989.483634364893,0.00029531606847267176,29496.09375,16964.858593713674,1.5308289892494582,4.844707329983341,6.418248721412393,14.106549875520376,9.92562094759034,12.725555884281214,46.94270500228929
238.61,238.647,USV_335,0.03699999999997772,1.0,,None,107.1283,,131.48170000000002,,0.010450411587953568,0.016998291015625,15596.674998714563,16921.448956205837,6.960909616451865e-05,32490.234375,23687.428048479498,2.7141525339963133,4.007507221563086,5.952529338210982,16.341185154092166,11.5473511091622,13.343324553044274,52.577484780593664
238.698,238.727,USV_336,0.028999999999996362,1.0,,None,107.1283,,131.5697,,0.00907167885452509,0.028526893028846152,15670.84723083746,16760.05123690746,0.0006197638210689149,31341.346153846152,20158.117321305428,1.67417878326329,4.195008771920825,6.007581839530167,16.432420026864516,12.712149174274888,16.763386359231898,51.56867114544131
238.763,238.801,USV_337,0.03799999999998249,1.0,,None,107.1283,,131.6347,,0.009146814234554768,0.029526654411764705,17560.659918413432,17172.15790275706,0.00014684102487247573,31665.441176470587,22921.86347481811,3.079633383884512,5.767303003237634,4.625707788523746,14.7071256916846,10.40229887147947,14.194994133562458,55.26896888872573
238.861,238.903,USV_338,0.04200000000000159,1.0,,None,107.1283,,131.7327,,0.00599825382232666,0.043402777777777776,18672.299114790287,17013.10168276266,0.0009022558484029254,33531.25,22315.66230329008,3.443100030119911,4.376584721686897,4.73856212383226,16.465227181499642,9.595584394719317,14.64209894327012,55.86947414821614
238.951,238.981,USV_339,0.030000000000001137,1.0,,None,107.1283,,131.8227,,0.013506927527487278,0.008510044642857142,15203.337062993078,18963.073381781935,0.00023402823548639536,30803.571428571428,25381.599147588826,2.5343162836514046,3.668929167040459,7.3712168542953735,14.627545776737735,9.876265709868761,11.900613441388767,50.564888015664614
239.06,239.104,USV_340,0.04400000000001114,1.0,,None,107.1283,,131.9317,,0.009642424061894417,0.021407277960526317,16746.818036159842,17167.834164998367,0.0004278558456221057,32442.434210526317,21656.516803946648,1.8494331755817202,6.988356791621485,5.553018683023908,15.527208728774395,10.897946316706722,14.255020481873714,54.306064096240085
239.235,239.328,USV_341,0.09299999999998931,1.0,,None,107.1283,,132.10670000000002,,0.010544485412538052,0.01852169552364865,14878.614618098833,15158.162410768598,0.00011814604347287343,30613.175675675677,22685.044696079323,2.6959628911108977,4.942135326952391,7.317713934700445,19.67152226516315,11.614413833324367,14.390557099669266,58.2045879085814
239.406,239.455,USV_342,0.049000000000006594,1.0,,None,107.1283,,132.2777,,0.009604188613593578,0.025344122023809524,16334.85837654908,16279.158848982797,0.00027979641907030256,30950.89285714286,24502.550816577797,2.146676634609778,3.46852691070634,6.895684525446319,17.77697124331664,11.157879481573536,14.567818755678946,56.11491599667027
239.492,239.50900000000001,USV_343,0.01700000000002433,1.0,,None,107.1283,,132.3637,,0.008774233050644398,0.029920789930555556,17157.05790382034,16931.003684725274,0.00022658098111225393,31229.166666666668,25320.61288257432,1.7954622071697541,2.3275354664318835,4.744668486192255,15.227092235519446,10.366904799419451,13.840673920705335,48.28100711153384
239.545,239.622,USV_344,0.0770000000000266,1.0,,None,107.1283,,132.4167,,0.01064116321504116,0.023823399697580645,15130.623529840193,14593.556336556841,0.0003102820246779421,29939.516129032258,20008.558877576805,2.294293887018269,5.340501621969497,6.221871691620498,17.46691957576536,11.258721191521149,13.831112045419435,58.23327140550561
239.687,239.735,USV_345,0.04800000000000182,1.0,,None,107.1283,,132.55870000000002,,0.009388062171638012,0.0275390625,15543.862232877718,15622.94765749363,3.290572501321146e-05,32053.125,26745.281753225318,2.0326100293663005,4.598619534185544,5.92850889581467,18.180051018196483,10.719812529812273,12.76965113725743,55.87728211960011
239.797,239.806,USV_346,0.009000000000014552,1.0,,None,107.1283,,132.6687,,0.004501305054873228,0.041341145833333336,19017.791326490904,16264.070789683094,0.00016941716378410048,33187.5,26489.134054775743,1.548979666942623,2.444546126936548,4.5141875303377725,13.361926152910847,9.554501565456365,15.682470941100718,43.04534399747603
239.857,239.892,USV_347,0.03499999999999659,1.0,,None,107.1283,,132.7287,,0.010598083026707172,0.024430338541666666,16760.472225667563,16044.210729928289,0.00021665625743079968,31193.75,22299.58101288265,3.031312291595822,4.153334333043097,7.345045511923147,18.692171146864027,10.701293431198792,13.787174712000532,57.233242309816205
240.001,240.085,USV_348,0.08400000000000318,1.0,,None,107.1283,,132.8727,,0.012143095023930073,0.017470415900735295,14167.787391589141,15084.71914427756,0.000188071662753964,29897.977941176472,22437.49707621087,2.557159190114633,5.0541434702087535,5.712083182399434,16.973949171210155,11.836544698417967,13.854828741179904,57.644409693032706
240.124,240.182,USV_349,0.057999999999992724,1.0,,None,107.1283,,132.9957,,0.011751532554626465,0.022328694661458332,15940.604533621181,15687.661659026586,0.00017703828053327738,31023.4375,25552.204327617277,2.7122349923501887,6.1957348806239025,6.269662091003763,17.014205590696665,11.612855546260255,13.20896335854961,57.17301309310981
240.479,240.509,USV_350,0.029999999999972715,1.0,,None,107.1283,,133.35070000000002,,0.009658178314566612,0.028267996651785716,16788.19673852693,18313.557774132332,0.000915125678605742,31459.821428571428,24566.37060357936,2.9172497680678675,4.68583613346071,5.131555014332463,14.688500162009516,11.020628530785482,15.211942369100186,50.23311886395574
240.541,240.561,USV_351,0.020000000000010232,1.0,,None,107.1283,,133.4127,,0.014793810434639454,0.0151611328125,15758.278395627101,17424.612029212145,0.0006489488658629249,30571.875,19817.52527961652,2.1729077151458185,5.650182569237584,5.871663252189692,14.736978685231332,12.233255832342143,13.155889929379132,48.69291196666795
240.602,240.61,USV_352,0.008000000000009777,1.0,,None,107.1283,,133.4737,,0.008447897620499134,0.0169921875,19550.332802073906,22429.92797697061,0.000743267345897894,32906.25,25229.205389136543,5.374236415113388,6.017698858854699,3.235727086158273,11.584386436457233,9.702061832943851,13.25142309903634,34.21265546599163
240.669,240.759,USV_353,0.08999999999997499,1.0,,None,107.1283,,133.54070000000002,,0.014262378215789795,0.022108289930555556,14666.728769800664,14637.736147542142,0.0001008638712177641,28815.104166666668,22733.091757085684,2.4819455181674606,4.76101372302,5.647069723540745,16.207893729662363,11.039846873359112,13.533567412891577,59.14691192857715
240.909,241.01,USV_354,0.10099999999999909,1.0,,None,107.1283,,133.7807,,0.009092601016163826,0.033660888671875,15978.649354457473,14882.24045256442,0.00010652411249453852,31153.125,21863.52878957491,2.023251621038342,4.143449836623168,5.245772210242989,16.76414228810969,11.569396131868189,13.861843160317452,59.14830639604861
241.279,241.379,USV_355,0.09999999999999432,1.0,,None,107.1283,,134.1507,,0.011365791782736778,0.028369140625,16903.023803976906,14053.01356461128,3.8348577760806936e-05,30435.9375,24210.587559434243,2.5470930749352423,4.068807997252544,7.033296915105995,19.67619155355082,12.206201754627418,15.024800207925992,61.24661103102651
241.453,241.501,USV_356,0.04800000000000182,1.0,,None,107.1283,,134.3247,,0.009492157027125359,0.0248779296875,15702.654719751261,16211.938113131106,0.00048401917472521046,31162.5,24874.228375388095,2.2342432298083517,6.03974309750692,5.496011356591648,17.77385786897299,12.249471846802992,13.512079891677265,55.03745270485173
241.592,241.601,USV_357,0.00899999999998613,1.0,,None,107.1283,,134.46370000000002,,0.005840358790010214,0.03369140625,21522.279712432595,20979.43948929037,0.0015034802403851033,34109.375,25544.17354969226,2.1158588465394286,4.134526993536134,7.439217906762743,14.825220709180199,10.509157046981667,17.063937825980897,40.14214528361541
242.768,242.8,USV_358,0.03200000000001069,1.0,,None,107.1283,,135.6397,,0.011509873904287815,0.018380301339285716,14160.588980574668,15195.873692832161,7.014975639504393e-05,29785.714285714286,18142.892528576987,2.2303268306195347,5.221165999754571,5.470110754079149,15.709267952914804,11.505674853479325,13.105409229853336,52.8980436641265
243.124,243.245,USV_359,0.12100000000000932,1.0,,None,107.1283,,135.9957,,0.009559652768075466,0.022145589192708332,15344.916329145692,15510.7369587614,8.870268229887828e-05,31103.515625,25132.891605939687,3.0080673387873436,3.714730028028363,5.562630346586899,16.413528734626713,10.764511575721038,15.7731336190023,59.69835536479075
245.045,245.06,USV_360,0.01500000000001478,1.0,,None,107.1283,,137.9167,,0.010456299409270287,0.0240478515625,19448.003946000543,21194.944222303056,0.0013830551207938816,34957.03125,24853.591658477417,2.4213295325032913,6.051229417265802,5.205219712554579,15.144034076090177,10.08184670984053,12.629930073432543,44.16174289324604
245.164,245.205,USV_361,0.04100000000002524,1.0,,None,107.1283,,138.0357,,0.009477119892835617,0.0228271484375,15797.014037490528,16959.05928918228,0.00010126858497423242,31567.708333333332,26885.420334104398,2.212859815037567,2.6246529841999617,4.86207794776271,14.324441772367079,11.13246170996901,17.240530759350307,53.95948471895749
245.277,245.29,USV_362,0.01300000000000523,1.0,,None,107.1283,,138.1487,,0.010824642144143581,0.009905133928571428,16946.93201475229,20829.70456380442,0.0005589849977196638,30535.714285714286,22903.424180000085,2.7928767270101,7.405627487694204,5.078795773180951,11.93276648108049,9.311984663043331,16.04405358132436,41.49434078197074
245.34,245.394,USV_363,0.054000000000002046,1.0,,None,107.1283,,138.2117,,0.009913217276334763,0.023108440896739132,16546.51268847956,15624.73100212459,0.00012210706467834104,31190.217391304348,25714.633980844505,2.7233477137973123,5.998634303192324,4.998819276706743,14.578378712234565,11.53394044331414,14.529525732091626,57.68091357206831
245.514,245.626,USV_364,0.11199999999999477,1.0,,None,107.1283,,138.3857,,0.027630232274532318,0.07341974431818182,19441.41194921034,12076.156794973522,8.373440963913745e-05,30745.738636363636,24504.229497401815,2.099341620383687,5.8087635548288,5.250190428840546,16.07263337895392,10.542143246167868,14.709441188631395,65.79834133014036
245.693,245.815,USV_365,0.12199999999998568,1.0,,None,107.1283,,138.56470000000002,,0.012730100192129612,0.043813069661458336,16218.020800972745,13706.372760891953,3.529612839915096e-05,30115.234375,24419.994117419254,2.1803451269545726,5.33334368610785,5.3867013928508785,16.898891058040395,10.29806420712689,13.92631452139367,61.646285268712724
246.088,246.163,USV_366,0.07500000000001705,1.0,,None,107.1283,,138.9597,,0.01196011807769537,0.021712764616935484,14498.002507937006,16001.11860356094,0.00037842189885214803,29730.84677419355,24388.84722127097,2.42106605022835,5.0827263828129094,5.851003473055372,17.95713463925694,12.40294152297628,15.174214731187455,56.17287038072624
246.194,246.27,USV_367,0.07600000000002183,1.0,,None,107.1283,,139.0657,,0.010758033953607082,0.02108272429435484,14877.277078019457,14545.423811371775,0.00010214157580398736,30411.290322580644,24218.560499985953,1.8243446771421343,6.212326240609679,5.677373690986104,16.552517848843337,12.244345783169198,15.529322272682645,58.52664242549455
246.412,246.471,USV_368,0.0589999999999975,1.0,,None,107.1283,,139.2837,,0.008896313607692719,0.03143310546875,15462.834415794061,14426.775903495121,1.2801390120093187e-05,30714.84375,21676.74890127211,2.421710503814698,4.264209059207567,5.0301484511388255,17.220629822513434,10.847215172064693,15.588324112592565,59.40758011930904
246.583,246.609,USV_369,0.02600000000001046,1.0,,None,107.1283,,139.4547,,0.00838171225041151,0.03564453125,17088.84116946465,15940.119467510325,0.00025183958768363316,31539.0625,24212.913897027185,2.0983974424112746,5.4902092082709535,5.984562955659577,15.813650694262014,11.921570369283636,14.67192231417745,53.816172069557915
246.723,246.755,USV_370,0.031999999999982265,1.0,,None,107.1283,,139.59470000000002,,0.010681992396712303,0.023768833705357144,16579.877204562683,16591.049449476875,0.0004008547887967567,29792.410714285714,20757.435375794263,3.2794721664360944,3.9839501477076373,5.832941249196922,14.366937547044412,10.182914813838414,14.157439801384163,54.26742796748743
246.879,246.892,USV_371,0.01300000000000523,1.0,,None,107.1283,,139.7507,,0.009741852059960365,0.021344866071428572,17856.10412634958,22025.504568056294,0.0010687940342711448,33897.32142857143,22328.68828728091,1.8328515074677598,5.734875954809003,3.653588283839721,13.596206902083397,10.666145496809165,15.356729362064986,39.708200945738795
247.567,247.606,USV_372,0.03899999999998727,1.0,,None,107.1283,,140.4387,,0.009052026085555553,0.018253102022058824,16036.493940886103,17602.92585116228,0.00035211961686255693,32128.676470588234,23237.202609148946,2.4176154476201646,5.767376827456626,4.912219946320052,16.010409228790156,10.809481899454466,14.786866370047075,53.24995546017553
247.713,247.774,USV_373,0.06100000000000705,1.0,,None,107.1283,,140.5847,,0.011756952852010727,0.01224609375,14474.128372104331,15386.798158163116,3.8503171380246366e-05,29040.0,23841.250699392487,2.7901921492016415,4.191052377657801,5.956856766299113,14.367558108088696,10.364905275056637,14.07258912567963,56.896327211642664
248.054,248.073,USV_374,0.019000000000005457,1.0,,None,107.1283,,140.9257,,0.009983628988265991,0.018115234375,18672.488761546265,21538.053645748307,0.0005823599606828621,33525.0,25484.233770894247,2.6310045865010574,3.259536385693022,5.204465903311968,12.206084364913226,10.306754561664942,15.1108292233897,47.03061052831983
248.528,248.613,USV_375,0.08500000000000796,1.0,,None,107.1283,,141.3997,,0.011633802205324173,0.04099408318014706,17484.58481051201,14340.92694574677,0.00014853933603228953,31632.352941176472,25646.393726535334,2.4151605523921047,6.346624536847998,5.089252693394803,17.01130363932122,11.152035818269207,14.08284447495993,60.18066595446015
248.642,248.683,USV_376,0.04099999999999682,1.0,,None,107.1283,,141.5137,,0.013487721793353558,0.015028211805555556,14558.611826160197,18033.090035822857,0.00031652918747937856,30197.916666666668,21461.93624862499,2.292677299872638,6.6126463340779615,6.393502153687898,16.012496839458088,10.010552931497593,13.590847629520034,52.58052331050823
248.869,248.898,USV_377,0.028999999999996362,1.0,,None,107.1283,,141.7407,,0.006800646893680096,0.04298753004807692,17971.046965461082,15463.826644971678,0.0002235359735013928,32581.73076923077,24635.74864575991,2.797541046594214,4.667731149365692,5.9391181540134514,16.101022491022064,11.96325498214908,12.210480248182062,54.95193912887181
249.196,249.243,USV_378,0.046999999999997044,1.0,,None,107.1283,,142.0677,,0.015064490959048271,0.0068359375,12135.453908415522,16854.693968008516,0.00011133814191471262,28781.25,20929.84332167945,2.7437611322491606,8.114335147548859,6.242946401489865,18.67673001076168,11.038727707036113,14.53742112431165,52.797978743707446
249.474,249.483,USV_379,0.009000000000014552,1.0,,None,107.1283,,142.3457,,0.009999296627938747,0.0035807291666666665,15131.382804708925,21885.70719291517,0.000250640520025567,29562.5,23050.052267389696,2.055071397698368,3.368997763298426,3.09896377181567,16.611173948377836,8.47881839316654,14.22796782970577,36.36163711984517
250.056,250.129,USV_380,0.07299999999997908,1.0,,None,107.1283,,142.92770000000002,,0.010303429327905178,0.0404296875,16188.480862562415,14382.850816375845,8.094119900683627e-05,30531.25,16892.18783070732,2.0199898233513895,5.240767891104757,4.865801282638631,16.16088773681011,9.75632086411822,14.439005558495365,59.50565429840693
250.26,250.337,USV_381,0.07699999999999818,1.0,,None,107.1283,,143.1317,,0.011562075465917587,0.04010994203629032,16155.992339312515,14121.99541922937,4.106257712226077e-05,29005.040322580644,20507.169085312944,2.807988091148518,5.645774040900726,5.33535787825182,18.888715195038337,10.443927418230647,13.685698374552338,60.80364245179152
250.442,250.496,USV_382,0.054000000000002046,1.0,,None,107.1283,,143.3137,,0.01020345464348793,0.02482804008152174,15279.357389204255,15644.352386904156,0.000463805425794675,28801.630434782608,19991.685062749548,2.0168263027797146,5.884154073641575,4.183069061330607,14.773815825302233,11.306021879985918,14.925483391109726,56.96939917512395
250.604,250.64,USV_383,0.03599999999997294,1.0,,None,107.1283,,143.47570000000002,,0.008181380107998848,0.0214080810546875,16006.282303581957,18018.325826576096,0.00033218387086080757,31242.1875,23243.43826706025,2.0486465352492704,4.010673962893558,5.112904555192699,14.478758089831818,10.807670886920524,13.756151562738467,52.5287986242637
250.792,250.833,USV_384,0.04099999999999682,1.0,,None,107.1283,,143.6637,,0.011416391469538212,0.012627495659722222,14865.127193728047,17333.554133083962,0.0004505566903448085,30072.916666666668,22573.51775174231,3.0242213680469963,6.051220154051219,5.877007188122618,16.972030864321496,10.30362116714891,15.524662082920432,53.84461845624435
251.2,251.272,USV_385,0.07200000000000273,1.0,,None,107.1283,,144.0717,,0.011342441663146019,0.024447737068965518,14438.740302345306,14711.49046764165,6.63385873628178e-05,28952.58620689655,22897.425769187048,1.8757806247783895,5.099676149641851,5.8235307830693195,18.52105553991784,11.5113579610654,13.934500233349832,57.72281937461369
251.309,251.362,USV_386,0.05299999999999727,1.0,,None,107.1283,,144.1807,,0.009237646125257015,0.024502840909090908,14637.069687549862,15123.774079800163,8.097034867385329e-05,30004.261363636364,18522.963011451924,2.000805595115207,5.311477066347976,6.5631964776462555,17.626367402123325,11.51694750873359,14.04720250924633,56.700052780966985
251.398,251.506,USV_387,0.10800000000000409,1.0,,None,107.1283,,144.2697,,0.012597131542861462,0.044620957485465115,15269.88116379403,13744.596160801337,7.278245770911792e-05,27130.81395348837,24416.978788166427,2.1849883006255753,6.220656993567244,6.118478455336125,17.485724409400525,11.783101378005949,14.284392819485253,61.77524711748962
251.536,251.603,USV_388,0.06700000000000728,1.0,,None,107.1283,,144.4077,,0.01011071540415287,0.022731236049107144,14899.402371189082,16127.544279990225,0.0003318848447578511,30244.41964285714,20625.71659756223,2.5361866088089946,5.8022933370247936,5.092381716799272,18.391250286426462,10.867610293249887,15.234733486861364,55.72386919863168
251.975,252.01,USV_389,0.03499999999999659,1.0,,None,107.1283,,144.8467,,0.010066407732665539,0.023681640625,15092.4934194717,15211.371990242767,8.223541941880458e-05,29831.25,17373.614775147238,2.995553457471253,4.155675300928831,5.902685550324517,17.455514122940766,10.877380623666175,14.152182136719823,54.705266986969015
252.089,252.132,USV_390,0.043000000000006366,1.0,,None,107.1283,,144.9607,,0.010173766873776913,0.021612870065789474,16376.141924017504,17290.402807945644,0.00028598672336515966,31697.36842105263,24116.097490880795,2.221000510974845,6.833912029848069,6.143908780976562,16.748685648337478,9.842924584267967,13.740128601141949,54.12151529410697
252.2,252.273,USV_391,0.0730000000000075,1.0,,None,107.1283,,145.0717,,0.010916152969002724,0.018359375,14962.008074264118,14868.69227129596,0.00017246510908008585,29109.375,20182.658033559695,2.6978079773511303,5.488112050826325,7.146374284539758,17.310853612715345,10.595613469875756,15.092562490469284,58.96238839252291
252.482,252.517,USV_392,0.03499999999999659,1.0,,None,107.1283,,145.3537,,0.011478939093649387,0.015755208333333333,14313.387959573796,16389.548947879804,0.00039366883649087446,29818.75,16739.38044537565,2.630573508028264,6.511525444595033,6.642221388009584,15.69904242704683,10.33587226243555,16.00831666475581,54.66691172703669
252.652,252.75,USV_393,0.09800000000001319,1.0,,None,107.1283,,145.5237,,0.010227149352431297,0.018028846153846152,14500.574326267504,15128.158589254333,6.681013255056148e-05,30096.153846153848,23794.067730606475,2.2590164482574644,6.548118667607645,5.066874458402569,16.185247978501696,12.052672347286705,14.522931080622465,58.319460452846904
252.801,252.841,USV_394,0.040000000000020464,1.0,,None,107.1283,,145.6727,,0.00846127700060606,0.037353515625,17060.765362750615,14251.271606063792,0.00011233439595593588,29735.29411764706,18799.18964223822,2.4560634237290655,4.474753405136672,4.99547799797446,17.705300803994945,11.6622784744957,14.741006561712593,59.467297269787004
252.888,253.027,USV_395,0.13899999999998158,1.0,,None,107.1283,,145.7597,,0.012488379143178463,0.02630389178240741,14929.366139888465,14392.860576676736,1.1483433980236559e-05,30875.0,27326.8203615321,2.515544509555634,5.696209602885854,6.363355454461601,18.581144349801324,11.119148274669415,14.780008592232933,61.45593295362355
253.13,253.176,USV_396,0.04599999999999227,1.0,,None,107.1283,,146.0017,,0.008497174829244614,0.0393798828125,17668.330225460788,15593.270938881888,0.00012815324805469171,32132.8125,25564.09962853715,2.6100417033837044,3.594059747673712,5.285521161291619,14.557952742119273,11.24091225340413,14.539272207637216,57.685717854176005
253.445,253.463,USV_397,0.018000000000000682,1.0,,None,107.1283,,146.3167,,0.01115422137081623,0.023383246527777776,16779.696399955843,16803.55488964208,0.00016840299804431574,31197.916666666668,25969.561364347785,2.465008085355121,4.19051209251332,5.81893602724783,17.608104134751017,11.433868274508205,15.33403192708673,48.37351397230144
253.501,253.587,USV_398,0.08599999999998431,1.0,,None,107.1283,,146.3727,,0.012049143202602863,0.01581333705357143,14140.022909263056,15439.87403523555,0.00017064341512689393,30533.035714285714,25505.65387685966,2.573768154832305,6.584196144409926,6.181481119318349,16.588933391602573,12.544685033113,14.825337319963381,56.5213197909027
253.715,253.792,USV_399,0.07699999999999818,1.0,,None,107.1283,,146.5867,,0.011727886274456978,0.027895035282258066,15715.544635195858,14577.051166133708,7.005529196931097e-05,30148.185483870966,25341.337954183644,2.0963257894438865,7.346491618113449,8.342681112754786,18.78740911470772,11.458180326077345,13.29826969541496,58.849883904258206
253.821,253.907,USV_400,0.08600000000001273,1.0,,None,107.1283,,146.6927,,0.014623931609094143,0.018171037946428572,12903.478446233083,14571.088160605206,0.00016163546720299486,27771.428571428572,21899.75387449606,1.83803490754884,5.546820578816963,7.861552450083429,16.833733871633836,9.81358507169062,14.150494239012033,57.67744274833039
254.523,254.572,USV_401,0.049000000000006594,1.0,,None,107.1283,,147.3947,,0.014307732693850994,0.02269345238095238,13815.9275457354,14145.516902964897,0.0001299069229668442,28254.464285714286,23070.758090943746,3.100803716139837,5.450064386697564,7.310378815081759,18.485085912355796,10.217167103237026,15.857583152564489,56.88483646662997
254.863,254.923,USV_402,0.060000000000002274,1.0,,None,107.1283,,147.7347,,0.012256995774805546,0.023291015625,13776.466520684862,15794.749747170661,0.0002404435988074124,28995.0,20419.58241263324,2.040203328985625,5.320042162596105,6.797710878440107,17.45157961445162,10.26397588090246,14.611630913825477,55.85511379759974
254.999,255.123,USV_403,0.12399999999999523,1.0,,None,107.1283,,147.8707,,0.012591088190674782,0.022082270408163265,13726.51190899338,14321.741854721564,6.5329908386178e-05,28733.418367346938,21566.39591994958,2.715368796296893,5.038418524082571,7.296037851428147,17.079595292299548,10.577789231645271,15.155650930532882,59.974908285882194
255.279,255.396,USV_404,0.11699999999999022,1.0,,None,107.1283,,148.1507,,0.009849423542618752,0.030071756114130436,14182.827902471507,13309.209140798297,1.5969473409023817e-05,28601.902173913044,17759.455484510258,2.4250731055758026,4.563656554722406,6.489561960383601,15.897689211066284,10.66425984455283,14.639803371155704,62.05843667692316
255.535,255.585,USV_405,0.05000000000001137,1.0,,None,107.1283,,148.4067,,0.009116286411881447,0.0263671875,15323.673613290783,15594.066513042295,0.0004025917047172916,30611.60714285714,22071.991873976065,2.267870022821466,5.047565333411337,5.032403275539673,17.191621153111605,10.941651662497845,13.682927858392222,56.33480263801872
255.671,255.716,USV_406,0.045000000000015916,1.0,,None,107.1283,,148.5427,,0.009325389750301838,0.02802477384868421,15562.538534093661,14404.910079590649,8.942735341157252e-05,30029.605263157893,21480.214468440572,2.467658375313604,5.643997720211129,6.588782412127432,17.936554452528064,9.524822812760599,14.876014638126303,58.604146999827194
256.034,256.117,USV_407,0.08300000000002683,1.0,,None,107.1283,,148.9057,,0.015774613246321678,0.0159912109375,13333.50922502223,14211.234333270322,9.987906667946041e-05,28546.875,25799.066194902407,2.701794242241169,5.399831535513647,7.046963932706705,17.1003735964608,11.091573027096704,15.054137792221583,58.076256951823126
256.509,256.552,USV_408,0.043000000000006366,1.0,,None,107.1283,,149.38070000000002,,0.01156986877322197,0.023463199013157895,14135.82435676817,16240.237332678427,0.0003069649197096215,28465.46052631579,20743.0451275094,1.9665976805561884,4.916600162582571,6.60301483264941,14.25976525852994,9.327871027788948,16.09491112176652,54.964654224554494
256.587,256.702,USV_409,0.1150000000000091,1.0,,None,107.1283,,149.4587,,0.014770274981856346,0.018124787703804348,11637.366704873702,14392.32430858579,8.335084589368728e-05,27476.902173913044,23295.801499879675,2.772151865891918,6.458373323166799,6.839567657508658,16.70919448510137,10.526104338248004,14.836457672972303,57.38046978196695
256.801,256.938,USV_410,0.13700000000000045,1.0,,None,107.1283,,149.6727,,0.012785718776285648,0.03212709780092592,14332.199937897783,13779.543350033302,4.093336650718436e-05,28519.097222222223,20751.48799338609,3.8442243181396036,4.944226687280156,7.302239330689374,17.039110320286188,10.600921942737045,14.797380113001791,62.15997527737861
257.022,257.069,USV_411,0.047000000000025466,1.0,,None,107.1283,,149.8937,,0.01477318536490202,0.0250244140625,14619.97311314695,15064.733164299996,0.00010594702248572093,27754.6875,22362.73264206353,2.377011458797484,6.702131917687739,5.682897582495995,15.596626435424204,9.10581522300753,14.861529173612805,57.50310907291208
257.136,257.214,USV_412,0.07799999999997453,1.0,,None,107.1283,,150.00770000000003,,0.012316811829805374,0.01644134521484375,12371.116992617675,15050.092133049475,0.00010928111229521107,28485.3515625,22806.63187360665,1.9229365169147918,5.567188444388812,6.175592022143924,16.649973393029697,10.731438479884936,15.620118255321023,56.4154058412728
257.32,257.344,USV_413,0.02400000000000091,1.0,,None,107.1283,,150.1917,,0.01481263991445303,0.02325994318181818,14403.300684073312,16096.559828740441,0.0001340604759833135,28678.977272727272,21405.222813379427,2.0119663816986413,4.937890486820661,6.205516672891831,13.79122898539311,9.58680228968427,14.327172144477549,52.27082953998945
257.531,257.573,USV_414,0.04199999999997317,1.0,,None,107.1283,,150.4027,,0.013280551880598068,0.013346354166666666,12402.167775640333,14262.116336255447,1.0386099321483558e-05,28135.416666666668,20693.012300046394,1.6766990714642591,6.338249132155117,6.191008861060696,17.136801024210243,10.583204797661017,14.906775670498623,55.204854691115
257.865,257.902,USV_415,0.03699999999997772,1.0,,None,107.1283,,150.7367,,0.01094870362430811,0.0261688232421875,15561.207845995166,16632.543722029117,0.0005900891025983692,31025.390625,24679.759419485283,2.573394459760296,4.220849259589739,4.630852287537828,18.147837853671554,12.974741773804885,15.853064234131127,54.91037509763416
257.982,258.013,USV_416,0.03099999999994907,1.0,,None,107.1283,,150.85370000000003,,0.008612753823399544,0.016217912946428572,15290.093893378447,18442.9893283867,0.0009100406204475971,31372.76785714286,20688.559817284662,3.8117784538253434,5.474791612100435,4.755513229242931,15.975612210311269,10.840484304308873,14.553425337539363,51.593198169693515
258.086,258.147,USV_417,0.06099999999997863,1.0,,None,107.1283,,150.95770000000002,,0.011934689246118069,0.027001953125,15211.984536431031,14996.588546714624,0.00016527138386796387,28031.25,19432.876686705677,2.714440486935115,4.669095380604264,4.665930926307728,15.980525487630398,10.609148777650304,14.957395799433732,59.36208451714223
258.274,258.341,USV_418,0.06700000000000728,1.0,,None,107.1283,,151.1457,,0.010967963375151157,0.02301025390625,14479.368414756129,14707.088880384374,0.0001509325376903028,28898.4375,18047.886923938306,2.21177770605554,6.411571290749362,4.462716666606514,16.038870903320394,10.916424392135543,16.130901035715876,58.15741324785714
258.458,258.506,USV_419,0.047999999999944976,1.0,,None,107.1283,,151.32970000000003,,0.009116250090301037,0.0543701171875,17261.330494387308,14249.31295951812,0.00014435517828998307,29489.0625,21811.67397703028,3.1459671251921053,5.379719938154554,5.851685710097908,14.72332437949897,11.237325135977901,15.844288278184237,59.9365879551611
258.648,258.7,USV_420,0.051999999999964075,1.0,,None,107.1283,,151.51970000000003,,0.012500091455876827,0.013161399147727272,13796.965504521808,15362.805760097415,9.541543338484423e-05,27583.80681818182,15125.872638878809,2.3298982067960288,5.155331049067798,5.485550251178592,16.2091478821511,10.192130928913087,14.994827307507173,56.76392849098604
258.993,259.031,USV_421,0.038000000000010914,1.0,,None,107.1283,,151.8647,,0.010205592960119247,0.017721737132352942,16238.904868650083,18079.69454370072,0.0003867277866294356,30827.20588235294,21955.807548132114,3.654263776460451,6.27480645772463,6.143548679043658,15.926578859293253,9.566757948821527,14.087392372353273,54.51178960418816
259.817,259.846,USV_422,0.028999999999996362,1.0,,None,107.1283,,152.6887,,0.01158737763762474,0.011587289663461538,13598.139088731628,15920.191611796543,0.00020290217176959757,29487.98076923077,25845.376218691203,1.7477712609246878,5.531536327886395,5.187966499833246,15.069713028321159,10.36245301875761,14.49379585796482,50.42455351318662
260.147,260.158,USV_423,0.011000000000024102,1.0,,None,107.1283,,153.0187,,0.00964368972927332,0.018484933035714284,16102.606571790691,20014.006992178056,0.00045263585245001575,31178.571428571428,18722.04058249982,3.5274797479228712,5.571973841531518,6.324188707944158,15.443177776253494,8.345184751038095,11.848906803757698,40.680535976514115
260.33,260.44,USV_424,0.11000000000001364,1.0,,None,107.1283,,153.2017,,0.01051314827054739,0.025978781960227272,15050.376013876423,14680.010780871207,9.317399181856391e-05,30183.238636363636,21581.285932167073,2.393363556966881,4.870064040465869,5.489092899911898,18.422840152821774,11.625019373047238,14.3088143310484,58.66307719599274
260.476,260.504,USV_425,0.02800000000002001,1.0,,None,107.1283,,153.3477,,0.009974219836294651,0.03290264423076923,17053.84327641033,15484.41683188854,0.00017142954992133594,30735.576923076922,24130.037393836537,2.1559735349077322,4.6665855451709275,7.017680685685898,14.599799843843629,10.511776222669909,14.435099068371336,54.912226191554055
261.136,261.158,USV_426,0.02199999999999136,1.0,,None,107.1283,,154.00770000000003,,0.010415107011795044,0.014914772727272728,17062.370165715158,21089.950162493802,0.0007054578978798839,34653.40909090909,21331.494319846213,2.0796154290530255,5.508231543117045,5.513676770668672,15.28226252856694,9.122930007961626,13.001051381402123,47.26719425445766
261.381,261.392,USV_427,0.011000000000024102,1.0,,None,107.1283,,154.25269999999998,,0.008600368164479733,0.03187779017857143,18653.317954647242,20814.661149713535,0.0005715013934414603,34834.82142857143,27954.034207119028,1.347921790291233,5.3948176052414585,6.03055777938829,14.81432661256458,10.943413710331798,10.462717804889381,41.30482244789558
261.845,261.864,USV_428,0.018999999999948614,1.0,,None,107.1283,,154.71670000000003,,0.009446612559258938,0.020941840277777776,15449.91721224673,17824.23882137787,0.00021645590095992182,30125.0,21157.494336127027,2.586962175313721,5.575472252238611,5.4353461633186875,15.530535985850204,8.412131980392397,14.221126148861218,50.571986553364475
263.12,263.139,USV_429,0.019000000000005457,1.0,,None,107.1283,,155.9917,,0.009440447203814983,0.0122802734375,16883.899708057786,19043.08351577874,0.0003579993260911838,31293.75,26032.626014388476,2.351789088623862,2.9781611273030677,4.675364242152823,15.066885463712714,13.40503345215834,13.835078671015228,47.92639537392468
263.176,263.318,USV_430,0.1419999999999959,1.0,,None,107.1283,,156.0477,,0.010766248218715191,0.021955217633928572,14372.09650344412,14621.955909058024,0.00014338673989862207,29968.191964285714,17950.851948098636,2.340573278709026,6.081617931771528,6.30877160251167,16.348264397002378,11.299752471440426,14.357539921883301,59.20445258948116
263.425,263.468,USV_431,0.043000000000006366,1.0,,None,107.1283,,156.29670000000002,,0.011821247637271881,0.025994551809210526,15813.734199549583,19235.56866869149,0.0008211678502971471,32462.17105263158,23859.590455267273,4.76892250913382,4.026867484825334,6.213545042469598,17.837878664621204,10.47806563911782,13.469636789649034,53.24807517246878
263.541,263.565,USV_432,0.02400000000000091,1.0,,None,107.1283,,156.4127,,0.010640684515237808,0.011763139204545454,14521.558620628126,17694.203415078093,0.00043720317681808924,29863.636363636364,22615.538877067298,2.8909245181766656,2.3587234445293173,6.257670395522815,17.297877251569616,10.801473585037094,13.918217768700094,49.53316643693015
263.612,263.758,USV_433,0.14599999999995816,1.0,,None,107.1283,,156.48370000000003,,0.010521311312913895,0.02230674342105263,15060.134369079438,14761.859748760351,0.00020109932536898015,30833.88157894737,21313.756196278522,2.4558017568419146,4.424773072242915,7.017895090013128,18.255745461369504,11.984573542655887,14.746386999924106,60.94244266551461
263.833,263.926,USV_434,0.09299999999996089,1.0,,None,107.1283,,156.70470000000003,,0.011328198947012424,0.01935969172297297,14164.836584154891,14448.308605584156,1.9417706966662936e-05,29809.966216216217,25801.315700802457,2.399881930326272,6.548577226341285,6.862884711108113,18.474600661274067,12.227451894513628,14.403374361430831,58.260611192451755
264.078,264.145,USV_435,0.06700000000000728,1.0,,None,107.1283,,156.94969999999998,,0.009276158176362514,0.022164481026785716,15722.600309339676,16649.10162416128,0.00037375750068190664,31630.58035714286,24094.955461122212,3.943266905039706,5.608744339940457,5.852866765468478,16.66416853451089,11.044824587069964,13.878172070896749,56.46183944354106
264.248,264.274,USV_436,0.02600000000001046,1.0,,None,107.1283,,157.1197,,0.009651475585997105,0.036519368489583336,17324.33420085029,16061.16591152278,0.0002143139795258536,30414.0625,24779.099398605675,3.103018013039198,6.170057595358156,4.877267767588037,17.10363903593929,9.138628065338109,14.73020678960819,52.02754682165688
265.452,265.461,USV_437,0.009000000000014552,1.0,,None,107.1283,,158.3237,,0.009498856030404568,0.024088541666666668,19864.153251060456,22679.72883945637,0.001062283987646469,32375.0,19286.938214894053,1.6746892718339492,3.190298463235711,3.8681232201539335,15.197312784500957,9.516657572424364,11.743296849793412,37.85873695854992
265.679,265.727,USV_438,0.04800000000000182,1.0,,None,107.1283,,158.55069999999998,,0.0077401259914040565,0.03232421875,16271.830530643532,16254.177466144325,0.00012588673545096095,31912.5,17709.76423369952,1.8704273984271005,4.2306468208215575,4.838261355245587,15.713872700463062,10.494101974832299,14.291635742862407,56.57754239848165
266.128,266.143,USV_439,0.014999999999986358,1.0,,None,107.1283,,158.9997,,0.007825596258044243,0.019805908203125,17461.59330544975,21564.840078171183,0.000696781350638501,32367.1875,18016.668234260724,2.4252529108997622,4.344268262066996,5.3951311750841136,16.121570661143593,9.994473457636634,13.611886636607371,43.40011778607592
266.771,266.798,USV_440,0.026999999999986812,1.0,,None,107.1283,,159.64270000000002,,0.00903074536472559,0.019327799479166668,14676.000106147309,15525.687299731544,0.00012605533239052764,29421.875,18929.41430362527,2.8388656522434936,3.837938739588075,4.708774023515643,15.864317737635679,11.360366501835864,16.156072482413624,55.17484902032289
268.632,268.641,USV_441,0.009000000000014552,1.0,,None,107.1283,,161.5037,,0.01314115896821022,0.011311848958333334,18223.779666682716,25938.546568076592,0.000500297815337512,33421.875,24130.879793352437,2.3088146180806577,3.710949941862372,3.9038680812031643,9.939123387874218,8.130641044484191,10.078190553504617,34.375084534704904
269.216,269.227,USV_442,0.010999999999967258,1.0,,None,107.1283,,162.0877,,0.009533167816698551,0.0162353515625,15596.414428422097,18402.92078454989,0.000132799124877128,31031.25,26572.39232798137,1.8022092353866694,3.9586444899970554,5.866917228015841,14.127430169588045,12.717486272832067,14.4745471557479,44.72847068093682
270.102,270.11,USV_443,0.008000000000038199,1.0,,None,107.1283,,162.97369999999998,,0.010576920583844185,0.009765625,17976.220963255488,23226.44843932236,0.0003981592986430052,34256.25,27134.15894084124,2.158473829623766,2.385887692988109,5.058088573519955,13.962491656704845,8.870502713840628,10.859342928195096,35.208777236260566
270.791,270.806,USV_444,0.014999999999986358,1.0,,None,107.1283,,163.6627,,0.013341409154236317,0.01690673828125,15721.375316300382,19246.38441183328,0.00020387637292861607,30152.34375,24018.832637457555,1.374730426238537,5.416513447702512,7.654351910208135,15.746992498007609,8.327118477916148,13.756382017241027,43.892807577300786
271.752,271.783,USV_445,0.03100000000000591,1.0,,None,107.1283,,164.6237,,0.012173592112958431,0.009469168526785714,14881.37392151596,17595.144090348545,0.00047442753790662655,30776.785714285714,21636.55409155305,2.846129683660138,3.7637725511213427,5.997936839872843,15.849635444530367,10.443690248186789,13.95439384062538,51.47035235914937
272.419,272.427,USV_446,0.008000000000038199,1.0,,None,107.1283,,165.2907,,0.008124558255076408,0.01708984375,16134.262370049255,20512.48073458951,0.0009309928776749564,29643.75,15129.02137311384,5.668835975508197,4.504591950456295,4.78038188366794,14.077363414545701,10.18063780483952,14.629220306821532,34.7061651622778
272.563,272.6,USV_447,0.03700000000003456,1.0,,None,107.1283,,165.4347,,0.009942496195435524,0.0260467529296875,15372.531935209168,16017.384569699454,0.00011445552310908192,31218.75,26711.584936151623,2.2891578977948406,6.775442248557328,4.094943646672466,13.79177679031299,10.462759859156781,13.750115468312021,52.939824031079475
272.97,273.019,USV_448,0.04899999999997817,1.0,,None,107.1283,,165.84170000000003,,0.010874731466174126,0.020368303571428572,14774.493419120956,16465.703799644205,7.525515759423476e-05,30183.035714285714,19090.665740970057,1.8064650489845593,5.225233633792198,4.923533183619101,16.04714727517698,12.003098201824375,15.54080897440667,55.60303986715563
273.068,273.103,USV_449,0.03500000000002501,1.0,,None,107.1283,,165.9397,,0.00966997817158699,0.013641357421875,13720.362324948343,14493.296504796977,6.261256785992575e-06,30421.875,21442.324806691817,2.1508315699388185,4.739921262078726,5.704638476963711,17.542473841537316,12.078980082529416,14.210868520174948,56.11245472103788
273.273,273.283,USV_450,0.009999999999990905,1.0,,None,107.1283,,166.14470000000003,,0.010990649461746216,0.025716145833333332,19194.352218624605,22392.376156285856,0.0008964554266064268,31984.375,22794.072724579062,2.9817234566320305,5.2184939342695005,4.6713303763014755,13.793976772390444,8.784705406476482,13.625226829659113,37.86871981682532
273.51,273.526,USV_451,0.016000000000019554,1.0,,None,107.1283,,166.3817,,0.012406203895807266,0.01593017578125,17210.41254145269,20918.236198409686,0.0003708779523557874,33269.53125,26381.539395030475,3.0834028287079587,9.536251602290132,5.1368274257135855,11.592323086611266,9.452081267750739,15.719182959983364,43.70495361299386
273.723,273.752,USV_452,0.028999999999996362,1.0,,None,107.1283,,166.59470000000002,,0.008555838838219643,0.02430138221153846,17727.86116470515,18078.442392594032,0.0004893679732778425,32322.115384615383,25469.741306604352,4.3378918509144935,4.644654135052857,6.712393008922904,17.666908136744564,9.40387761816213,13.186725731395443,52.84650506979225
273.852,273.863,USV_453,0.011000000000024102,1.0,,None,107.1283,,166.72369999999998,,0.008246812038123608,0.04181780133928571,21833.427986019575,20450.990176887506,0.0016671511765424393,35933.03571428572,23410.75715007729,2.1222438183533083,5.319457076613358,5.0185199183097655,16.87976805249006,10.64986609187713,14.44396693846603,43.37833846802176
273.957,273.98,USV_454,0.023000000000024556,1.0,,None,107.1283,,166.8287,,0.009323922917246819,0.03453480113636364,18447.290622016586,17840.36365200942,0.0006033174925797784,32727.272727272728,21838.2727062883,2.086991495951932,5.124579152344399,3.935120725242702,14.157941033155078,8.145586575003698,12.959490533314126,50.93088416773592
274.074,274.088,USV_455,0.014000000000010004,1.0,,None,107.1283,,166.94570000000002,,0.007706831209361553,0.048095703125,19236.0746776795,15586.090601677362,0.00014565804279531344,33386.71875,26012.74963827617,1.9175584563314854,3.620795271187574,5.8545345260038095,15.76042414231706,12.31158747740951,15.884519843790333,50.25406412810173
274.241,274.306,USV_456,0.06499999999999773,1.0,,None,107.1283,,167.1127,,0.011623861268162727,0.02204499421296296,14091.45920754799,15561.148591489937,3.437919803801311e-05,30798.61111111111,26073.777657169983,2.2598338581703192,5.962971545892242,4.99645725435268,17.496145852801018,10.1547534724358,15.213354518104333,56.00984360062911
274.451,274.488,USV_457,0.03699999999997772,1.0,,None,107.1283,,167.32270000000003,,0.011426525190472603,0.0213470458984375,15181.701263097268,16827.12097333274,0.0003132001039627338,31119.140625,19007.774611464003,2.8354832514689816,4.226861173891642,7.226785517264911,19.377718516912225,10.971345712724043,14.359139972046338,53.05331956577837
274.528,274.54,USV_458,0.012000000000000455,1.0,,None,107.1283,,167.39970000000002,,0.00904288049787283,0.0478515625,20328.98737602166,21333.56091920102,0.00039626463429601465,35370.53571428572,27294.503048676306,1.4391215884448274,3.09114474132785,5.620608396734563,12.606575939772254,8.22610471884646,12.480318614128707,40.53993363403118
274.588,274.651,USV_459,0.06299999999998818,1.0,,None,107.1283,,167.45970000000003,,0.009869531728327274,0.016075721153846152,15310.424541587681,15522.960330072774,0.00022608145004145792,30890.625,23634.228354689487,3.2530844639173675,4.591517325773774,5.904020742441677,16.67475712110742,10.388700334604495,14.965837361436098,57.5455553479579
274.683,274.72,USV_460,0.03700000000003456,1.0,,None,107.1283,,167.5547,,0.010820034891366959,0.01934814453125,15714.060579607232,16423.684301747075,7.544156842801031e-05,31289.0625,23410.56996641452,1.8783120001284395,5.1830954656822446,4.741902957317914,14.097678946758453,11.135375937713942,14.753754539100068,53.84196589966013
274.931,274.947,USV_461,0.016000000000019554,1.0,,None,107.1283,,167.8027,,0.010573018342256546,0.023162841796875,16916.8205131178,18923.520280065317,0.0009604824758801433,31980.46875,24356.8921754974,1.9267998013841239,4.854046935763142,5.2243187251841725,12.029697323902212,10.954590421992734,14.445839537145158,45.678997822228965
274.979,274.991,USV_462,0.012000000000000455,1.0,,None,107.1283,,167.8507,,0.008735733106732368,0.019845145089285716,17864.143413205406,21270.48948999648,0.0003127333172951924,33709.82142857143,25765.23727515246,1.8096184477339372,4.307604388889582,4.979890699198575,12.702062980716937,10.188429345737122,14.173425083611292,40.1182560088349
275.076,275.085,USV_463,0.008999999999957708,1.0,,None,107.1283,,167.94770000000003,,0.01597229577600956,0.0128173828125,21070.590413759815,25552.789147324977,0.0014337680420595566,36906.25,27285.592490461368,2.1166263543623502,3.9169512883511532,8.44598012910832,11.118641323878748,7.573537277378687,12.835234745293263,35.38634665888609
275.492,275.506,USV_464,0.013999999999953161,1.0,,None,107.1283,,168.36370000000002,,0.018509915098547935,0.01715087890625,13549.21454377136,16439.229734920846,0.00011530987407180727,29542.96875,24653.240797421877,1.3192774028344156,8.35173746025375,4.128681573905433,14.657521572981477,14.272025659331515,11.775399594529343,45.388274572335746
275.616,275.682,USV_465,0.06600000000003092,1.0,,None,107.1283,,168.4877,,0.009098171256482601,0.033022280092592594,16011.254758362878,14994.876699304146,7.578913790709528e-05,31461.805555555555,22012.688545335186,3.761443572493966,4.874881099857041,5.1883358925283805,16.94008207296766,10.369122356868301,15.011438962069395,57.3742984744504
276.161,276.176,USV_466,0.014999999999986358,1.0,,None,107.1283,,169.0327,,0.015858057886362076,0.01220703125,15065.552622849373,20233.538299982305,0.00015780878421351745,30503.90625,24656.044895684223,2.254874777426493,6.51834045881267,4.934286148894321,12.40299997009972,11.463390808288072,12.99682653784779,41.9336805424423
276.903,276.956,USV_467,0.05299999999999727,1.0,,None,107.1283,,169.77470000000002,,0.010389983654022217,0.01801091974431818,14688.679798363308,16485.5888739184,6.104383363289544e-05,30345.170454545456,24885.11158738426,3.50612166321101,6.554228795462323,5.106425791401057,15.937702425894269,10.903031600162642,15.914933533147565,55.28074241460667
278.025,278.06,USV_468,0.03500000000002501,1.0,,None,107.1283,,170.89669999999998,,0.00993515644222498,0.0220794677734375,15337.495728729784,17830.562822411295,0.00038902748154177495,30966.796875,23878.93487470869,2.315718881641148,7.142694698550802,5.715769565858714,14.398367660355035,9.595063531432487,12.915192863618593,52.643782951045075
278.35,278.37,USV_469,0.01999999999998181,1.0,,None,107.1283,,171.22170000000003,,0.010377718135714531,0.0278076171875,18460.467447613428,19610.997429647472,0.0006639321256630899,33084.375,24659.37806835269,2.4074193750411035,3.2912535353201187,4.5127159182387,12.859373918080683,8.912664374258558,14.405226621689513,48.203725836121876
278.478,278.495,USV_470,0.016999999999995907,1.0,,None,107.1283,,171.3497,,0.011563295498490334,0.033989800347222224,19439.430445856793,20925.5200712596,0.0005343661994875785,33687.5,27101.10668550599,3.674270946110042,7.220343806319881,3.951885948599416,12.213504639912808,8.828342345272722,12.842108212292382,46.13740790861987
280.519,280.533,USV_471,0.014000000000010004,1.0,,None,107.1283,,173.3907,,0.005998441018164158,0.028839111328125,17948.27415602978,18573.101550873023,0.0005390519339089446,31054.6875,15641.53296789301,2.3477378102123474,4.951672947388925,3.1415142193821097,13.989781790805008,9.118842495587423,14.072148266502573,46.68873935049572
281.607,281.659,USV_472,0.051999999999964075,1.0,,None,107.1283,,174.47870000000003,,0.01126206386834383,0.020097212357954544,14790.41000320637,16284.650318223292,0.00010039525899350113,30801.136363636364,18322.471206029833,2.6258117170085784,5.282605292281797,6.081745227284157,15.638116479152105,10.686367772397563,14.383288244079433,55.404519786622
282.387,282.485,USV_473,0.09800000000001319,1.0,,None,107.1283,,175.2587,,0.00842979270964861,0.032113882211538464,16472.61534032852,15112.64524062098,0.00019417255056012461,31721.153846153848,21596.973923018802,3.1750933493955795,5.193074225357973,5.658742145607154,15.767611335740659,11.22471819147233,14.228852883915001,59.44562349308886
282.583,282.606,USV_474,0.022999999999967713,1.0,,None,107.1283,,175.45470000000003,,0.006918662693351507,0.03107244318181818,15873.962329989434,17125.107601070948,0.00017763259825868334,31730.113636363636,23373.630681234245,2.6391304463938123,4.120802058207572,7.676652742446174,18.929947596529587,10.543450117396077,13.75838698924452,50.46975155871041
282.636,282.673,USV_475,0.03699999999997772,1.0,,None,107.1283,,175.50770000000003,,0.012163943611085415,0.023101806640625,16861.89306346805,16525.97637236643,0.00012137149066320066,31863.28125,27587.952586449133,2.3623735750664956,5.348206194138784,6.657296930214193,14.18973521934548,11.100301730093662,14.23524242568099,53.29644945880622
283.623,283.66,USV_476,0.03700000000003456,1.0,,None,107.1283,,176.4947,,0.011513810604810715,0.0212860107421875,14410.846930596683,16519.661872863147,0.00010099157062177944,29080.078125,21567.573134165665,4.043088807082371,7.515768384600708,5.620509456563189,16.320748856446805,10.870583796855845,13.142395951938443,53.214716702827786
283.791,283.81,USV_477,0.019000000000005457,1.0,,None,107.1283,,176.6627,,0.009448069147765636,0.0239990234375,17290.152814228477,20458.19885607568,0.0007929505883800002,31106.25,22978.112272371443,2.481817345264765,7.113145200174412,5.280124562988064,13.841449561407913,10.918673645426919,14.315358738585337,46.95976969394039
284.011,284.033,USV_478,0.02199999999999136,1.0,,None,107.1283,,176.88270000000003,,0.006332050077617168,0.023703835227272728,16763.41021538796,17287.713447998005,0.00022287101334373635,31602.272727272728,23092.419347261824,1.7780966353525025,4.626018486923507,4.144725693381715,16.89587446035822,10.272955155246754,14.576164442078904,50.93283241125005
284.434,284.445,USV_479,0.010999999999967258,1.0,,None,107.1283,,177.30570000000003,,0.011961652897298336,0.033040364583333336,16752.43459883171,22039.65333143275,0.0006330103946896858,32484.375,28003.88689322541,2.208683107170603,8.103116494512244,4.302957314473973,13.936083553655658,7.422990125898967,11.672965191592835,41.928921546708196
284.5,284.511,USV_480,0.011000000000024102,1.0,,None,107.1283,,177.3717,,0.007990836165845394,0.030482700892857144,20116.483488280315,21319.931705636973,0.0016268505879414434,34928.57142857143,15011.557896767967,3.3419736610269104,5.750655466037353,4.365838306883212,13.043290799319507,8.269315072223467,14.346084937040388,43.21215441151161
284.574,284.584,USV_481,0.009999999999990905,1.0,,None,107.1283,,177.44570000000002,,0.009400179609656334,0.019083658854166668,15415.55659875968,18258.240650799205,0.00016889629373468583,30156.25,20534.051756162084,4.530797715757785,2.7891527262725297,4.2796606262129115,16.465120316052204,10.360153492417208,12.791843669718267,39.323733120783004
284.673,284.728,USV_482,0.05500000000000682,1.0,,None,107.1283,,177.5447,,0.00928125623613596,0.037236752717391304,15923.468995179192,14831.935499437504,0.00017932309688798725,30419.83695652174,19762.84730574121,1.9842328790526056,3.8792359519063497,5.804243748116086,17.86213520982383,12.922027583448557,14.452898229714133,57.32829732639513
285.189,285.217,USV_483,0.027999999999963165,1.0,,None,107.1283,,178.06070000000003,,0.009869992733001709,0.038705679086538464,17284.963596902297,17311.934834690208,0.00019407373088984695,29314.903846153848,22054.801284301597,2.2847991815453508,3.560203973347998,4.439211633717734,14.8853430972722,10.064657956295745,13.083236303793674,53.711356669336496
285.333,285.371,USV_484,0.03799999999995407,1.0,,None,107.1283,,178.20470000000003,,0.008317236788570881,0.04505112591911765,16534.609111999416,15346.820353082363,0.00014909697092364566,29619.485294117647,23119.093563532446,1.312509947665755,5.798678348552751,6.759206530883466,17.07705736400367,10.88050057423145,14.730151918829002,57.882066629466756
285.681,285.71,USV_485,0.028999999999996362,1.0,,None,107.1283,,178.5527,,0.01117103360593319,0.04073392427884615,16177.39932312848,17178.498522301994,0.00040465639215194984,29891.826923076922,24564.268634896256,1.7369275091722167,5.264735108177296,4.158090586989363,17.06624976503133,9.768688648612635,15.780424222840256,53.5273491918452
285.867,285.894,USV_486,0.026999999999986812,1.0,,None,107.1283,,178.73870000000002,,0.007780173327773809,0.050577799479166664,18625.1272912649,17885.019343761654,0.0005686138600518213,32046.875,22600.669381867086,2.771660563081824,4.562008542731981,6.216567285650466,16.425223371300344,10.692860556168297,13.472141376100842,56.64201915419671
286.491,286.523,USV_487,0.03200000000003911,1.0,,None,107.1283,,179.3627,,0.011259137652814388,0.026750837053571428,14865.086742505086,14344.62904485933,1.3352267010794465e-05,30502.23214285714,21530.806629428636,2.2410424558607636,3.8982657935675142,5.7588158428441565,16.092923961868383,11.2966825257647,14.981887015052745,54.3373137955326
286.78,286.839,USV_488,0.05900000000002592,1.0,,None,107.1283,,179.65169999999998,,0.009277606382966042,0.023740234375,15744.442632486536,14994.908887868258,0.0001174912578772517,30652.5,20679.00795213547,2.4178660422730123,5.8811007240668225,6.309317734187414,16.285175931869436,10.749599971691426,14.852014701831909,57.14385879948739
286.982,287.005,USV_489,0.022999999999967713,1.0,,None,107.1283,,179.85370000000003,,0.0045534772798419,0.05013760653409091,19084.698228624227,17680.805334735178,0.00036728777609199774,33247.15909090909,24657.614825677403,2.3551584320405614,2.8725816902745067,5.568345112056249,16.443754735211694,8.92488799000776,14.299181575062308,52.258657985831725
287.081,287.121,USV_490,0.03999999999996362,1.0,,None,107.1283,,179.95270000000002,,0.01054510660469532,0.028621897977941176,15313.505058659226,14921.672535101427,8.311231580106373e-05,30463.235294117647,21470.16587025117,1.8641981484552483,4.24810101375196,5.75909656007793,15.032459129332333,11.77416311817126,14.408488426300778,54.58354292607918
287.798,287.858,USV_491,0.060000000000002274,1.0,,None,107.1283,,180.6697,,0.009581219404935837,0.030693359375,15398.346412038698,15320.059003136512,8.673451363606598e-05,29748.75,19625.24841845779,2.041757270691426,5.4633043638874685,5.367535359753613,18.20713937098586,11.036699245707617,14.839428967447583,57.97962214019873
287.89,287.91,USV_492,0.020000000000038654,1.0,,None,107.1283,,180.7617,,0.0095097366720438,0.02421875,17510.320534024042,20268.19927222717,0.00038185541310739623,30853.125,22277.477164351836,4.412705937848873,3.5922541864179878,5.7835968169457805,13.5332590272386,9.304917281477668,13.24449245959695,47.811177284762344
287.957,288.037,USV_493,0.07999999999998408,1.0,,None,107.1283,,180.8287,,0.014333618804812431,0.03038787841796875,14918.58473967545,13875.46666390367,2.196812466994696e-05,28807.6171875,21404.160225336982,3.3008641305221476,6.809941546451455,5.560006908729086,16.854687689135602,11.950586127539566,14.408518544585759,59.817889179722684
288.163,288.243,USV_494,0.07999999999998408,1.0,,None,107.1283,,181.03470000000002,,0.011135290376842022,0.043731689453125,16644.17849906454,13583.2325828001,0.00011511394346139497,29358.3984375,21108.208863626794,2.6240617884503648,4.79235232877467,6.211670192457458,17.813777482748677,10.908063856623793,12.939734258865112,61.87062020344948
288.361,288.449,USV_495,0.08800000000002228,1.0,,None,107.1283,,181.2327,,0.00965969730168581,0.03709542410714286,16028.192138996777,13148.559505458967,7.703006637191926e-06,29515.178571428572,16496.650136838194,2.80539884625173,5.848330206856012,5.367453670790283,16.3675003110417,10.345525083408527,14.428438124250139,62.242800173128465
288.504,288.514,USV_496,0.009999999999990905,1.0,,None,107.1283,,181.37570000000002,,0.010802698321640491,0.0245361328125,18143.482656537042,20747.261237508224,0.0006427397874629,30250.0,17268.988023966835,2.0747684562002986,4.783981332714473,6.126046647086703,11.53422673859131,11.609808961518352,15.085489686509652,39.965456803095336
288.575,288.675,USV_497,0.10000000000002274,1.0,,None,107.1283,,181.4467,,0.011907588690519333,0.038616943359375,16448.551963465296,14491.38929201767,0.00034380253657739464,29695.3125,21220.76495533855,2.5892328963594453,4.626893785882422,5.864944132644899,17.362354282521316,11.059788652062064,14.240387889208876,61.486578156421636
288.761,288.848,USV_498,0.08699999999998909,1.0,,None,107.1283,,181.63270000000003,,0.01013110764324665,0.02660435267857143,15425.786638360074,14746.042580016336,7.764944571796234e-05,29582.14285714286,19689.906443229473,2.665382781525634,5.762436758668363,6.0244159301109645,17.26745269541934,10.48021836746923,14.06653647296998,59.79769980772684
288.883,288.895,USV_499,0.012000000000000455,1.0,,None,107.1283,,181.75469999999999,,0.013153955340385437,0.00390625,17780.573881259967,21326.966832985967,0.000244787854182856,31848.214285714286,24577.444809719596,2.237331687269388,4.878448095340401,6.21005097127468,9.984304596830532,9.931852067436223,13.455630989711524,41.18029584627681
288.989,289.062,USV_500,0.07300000000003593,1.0,,None,107.1283,,181.86069999999998,,0.011300761252641678,0.026009114583333333,15645.713358936737,14991.931540502688,0.00021766045138267893,30559.375,22323.469617438543,2.7210959621691373,6.444334289719463,5.649227834323358,17.95356014124428,12.019265581388776,15.897035608933134,59.27087345639884
289.161,289.186,USV_501,0.024999999999977263,1.0,,None,107.1283,,182.0327,,0.010493412613868713,0.014811197916666666,15330.202291410866,17710.702064489004,0.00012579802515818363,31109.375,17152.213411663153,2.9185253153173907,4.34230559127768,7.037238166983925,16.017458717314067,10.295338746091025,13.410485139278913,50.58595015793271
289.389,289.466,USV_502,0.07699999999999818,1.0,,None,107.1283,,182.2607,,0.010008339770138264,0.026438067036290324,15890.00207291526,15009.119505235356,4.9123555934410286e-05,31185.483870967742,21532.9754180805,2.678032153354466,5.564781259758953,6.338010670438589,17.988329397335598,10.807876266414091,15.027945970470718,59.358395053390566
289.548,289.601,USV_503,0.05299999999999727,1.0,,None,107.1283,,182.4197,,0.011580289341509342,0.026999733664772728,15054.787182574213,13953.499370656617,1.6261610945136518e-05,30059.659090909092,17781.73062821507,2.3011909129272294,6.056307375782897,6.096676950906358,18.834532362287483,10.163029412664331,14.475778554924188,58.47919743715427
289.704,289.741,USV_504,0.03699999999997772,1.0,,None,107.1283,,182.5757,,0.010688426904380322,0.025299072265625,16346.399718299313,17489.75974498744,0.0001562269095431451,31734.375,20573.10223405272,1.9355048922693598,4.348547754631914,5.9638118694451085,15.716719923731326,9.989947170579663,13.34278496758056,53.24664101683031
289.89300000000003,289.945,USV_505,0.051999999999964075,1.0,,None,107.1283,,182.76470000000003,,0.010188089683651924,0.017788973721590908,14570.445217439956,16404.976433018284,0.0001512257390760454,30941.761363636364,17427.84764579893,2.955517364206163,4.739406259645127,4.644631939793566,16.42968130289529,10.996313988530561,14.445393865145777,55.320680426834926
290.013,290.096,USV_506,0.08300000000002683,1.0,,None,107.1283,,182.88469999999998,,0.012051788158714771,0.01450482536764706,15374.89477106177,15442.420673984301,4.150223988045347e-05,31814.33823529412,23261.489143823695,2.576672831265131,5.1869813490934025,5.866647643178572,18.19392235484993,11.538306664029584,15.242172990894614,58.45450152644997
290.186,290.29,USV_507,0.10400000000004184,1.0,,None,107.1283,,183.05769999999998,,0.011802825145423412,0.020650724085365852,15026.704581131049,14726.61708212965,0.00010903576763480537,30358.993902439026,21012.82247019755,2.4851141229062943,6.634186364038434,5.9260649213074545,18.278201752547986,11.843078433712458,15.407871858879494,59.23090318337259
290.404,290.416,USV_508,0.012000000000000455,1.0,,None,107.1283,,183.2757,,0.012533553875982761,0.004185267857142857,16077.707272613321,20261.48542909711,0.00014230526831890847,30455.35714285714,23064.113552743558,2.2032543718140936,4.603496881514445,4.763142364253796,12.08690645723679,10.061357630143188,13.92117465290433,40.614224558747004
290.638,290.655,USV_509,0.016999999999995907,1.0,,None,107.1283,,183.50969999999998,,0.00933568924665451,0.023735894097222224,17101.306719272445,20988.393747890033,0.0010553003493036519,33166.666666666664,29078.863725692638,1.7762541625752375,5.269127631654203,5.495969300051705,12.781870661059093,9.276594307502911,14.569233980649873,43.55927554728396
290.701,290.767,USV_510,0.06599999999997408,1.0,,None,107.1283,,183.57270000000003,,0.01098787970840931,0.027985749421296297,15969.775417983832,16348.161097594766,0.0004483161325460097,32083.333333333332,24358.471189669828,2.3259326727929204,5.10744321600659,5.054277389503356,18.271752523553204,11.905986450721148,13.83912294386771,56.597083397288166
290.841,290.86,USV_511,0.019000000000005457,1.0,,None,107.1283,,183.7127,,0.010052583180367947,0.0486572265625,21052.205718787216,18546.039032014905,0.00042795021864335556,34031.25,25310.680111091817,2.8103381443153057,2.609243408767023,5.099320323014952,12.794383195042778,10.404105666323897,13.07087462224124,49.126989484824264
290.923,291.067,USV_512,0.14400000000000546,1.0,,None,107.1283,,183.7947,,0.01188951451331377,0.017743791852678572,13936.049344324489,13851.497378364164,5.598560177673037e-06,29755.58035714286,19339.468410575704,2.7770738762394935,5.078038919668325,5.284404761432632,17.386714191706726,11.18503630945595,15.352585817262494,59.03775926902862
291.346,291.378,USV_513,0.031999999999982265,1.0,,None,107.1283,,184.2177,,0.009433156810700893,0.021013532366071428,15693.3877682272,16488.783695409038,0.0003602703780898546,31017.85714285714,18870.585686690745,2.276934897407494,5.696282046550073,7.264369036076396,16.44717407452283,11.11091881447054,12.780454117848013,53.40220777684537
291.516,291.533,USV_514,0.016999999999995907,1.0,,None,107.1283,,184.38770000000002,,0.011390304192900658,0.019178602430555556,16303.32840571698,18799.955682689404,0.00024498642112918544,30614.583333333332,18333.577019377488,1.882173558103619,7.54124294544353,3.1805620886878603,11.26766578808327,9.311320283850408,14.488513373605194,45.85745219835739
291.952,291.989,USV_515,0.03699999999997772,1.0,,None,107.1283,,184.8237,,0.011711830273270607,0.0220184326171875,14060.440711334915,16596.67377190699,0.00016535748677282854,29683.59375,20454.62334437171,2.3468120413988927,5.204494191698098,3.964150872594583,16.827651304592717,10.466386661951837,13.967397723656003,52.63541566248933
292.391,292.436,USV_516,0.04499999999995907,1.0,,None,107.1283,,185.26270000000002,,0.01031420100480318,0.015278063322368422,13763.916503244862,15943.868096927603,7.344104620660753e-05,30809.21052631579,24434.02776804542,2.5196409096798917,5.807833094401014,5.852372264705443,18.60983956783007,10.517105400427209,15.204963890333019,53.862680210897096
292.558,292.571,USV_517,0.013000000000033651,1.0,,None,107.1283,,185.4297,,0.010458321310579777,0.033482142857142856,18250.163984062772,18924.218535614425,0.0003249303734209324,30977.678571428572,24034.98722924159,3.4879382425890846,5.697122998887539,3.2680368634261647,13.201137748508947,9.75056573147902,12.792994816889953,43.916232196025476
292.7,292.727,USV_518,0.026999999999986812,1.0,,None,107.1283,,185.5717,,0.01441835705190897,0.015706380208333332,13820.719357575543,18180.095863224542,0.00021655520741908611,30281.25,19656.161027332313,2.3497566232675493,4.492912782847207,6.259239508088736,14.959578088334629,9.975167984468891,14.631052334518726,50.956331100914234
292.944,292.956,USV_519,0.012000000000000455,1.0,,None,107.1283,,185.81570000000002,,0.011662756092846394,0.011056082589285714,13254.952103378373,15902.004268997343,2.971244940460051e-05,28941.964285714286,21978.47972110718,1.97066408208482,5.039995060366247,4.994980139590457,14.63235980436586,10.748101948963527,15.899879840215254,43.71794648578414
293.077,293.096,USV_520,0.019000000000005457,1.0,,None,107.1283,,185.9487,,0.010162761434912682,0.03115234375,16132.486336475535,15543.05938470095,0.00017154731780285795,29390.625,19206.69836190108,1.4697924500493347,2.75731586757342,4.834815111376294,15.203014340272617,9.39806095811382,14.801329403126019,51.66079193091774
293.677,293.719,USV_521,0.04199999999997317,1.0,,None,107.1283,,186.54870000000003,,0.008895071223378181,0.030219184027777776,16275.789607312809,16665.441952993737,0.00011347617808885692,31322.916666666668,20517.899449064167,1.6192056524148577,4.628867857926508,6.283204979216787,16.543628897275486,11.428901541608486,12.982257848290967,54.29143304258841
293.76,293.784,USV_522,0.02400000000000091,1.0,,None,107.1283,,186.6317,,0.010204716585576534,0.025790127840909092,16613.713746417645,17847.78349710718,0.0001227118342339586,32181.81818181818,27521.256930204938,2.2093518060750204,5.265387730853436,7.131983865871686,16.03100323218847,10.414962292714328,15.512603119839662,50.643875811203344
294.435,294.455,USV_523,0.01999999999998181,1.0,,None,107.1283,,187.3067,,0.011580930091440678,0.020947265625,17598.759720932023,20129.468008798758,0.0003332157917538815,32559.375,24120.03501225594,3.7183308778535014,6.204297083617812,5.785004929948235,13.978149610115903,10.48796807718947,12.211602300150872,46.76286927247634
294.55,294.599,USV_524,0.04899999999997817,1.0,,None,107.1283,,187.42170000000002,,0.010174509137868881,0.03469122023809524,17606.0406721331,17305.081702627336,0.00014070220738218356,34026.78571428572,28272.922151279192,1.8742138501723833,4.890719433033033,4.80813377015724,16.214657295278815,11.43328679391401,13.871962790055724,55.20159196708647
294.806,294.871,USV_525,0.06499999999999773,1.0,,None,107.1283,,187.6777,,0.011790885590016842,0.013201678240740741,13591.565331766511,14935.666863211582,0.0001223818026312724,29187.5,20393.989330132743,2.7975933154911896,5.798475637971741,5.798279831101098,17.852932825459998,11.643908333788989,12.26479545554893,56.444223030016076
295.027,295.051,USV_526,0.02400000000000091,1.0,,None,107.1283,,187.8987,,0.006280879955738783,0.03258167613636364,18451.796423047563,19576.689538487073,0.0012780899623819608,35829.545454545456,23718.747459066908,1.676024521884042,3.243844699646505,4.227848823082895,19.31440836926381,10.503124228306296,12.546811429672653,51.24708537052852
295.678,295.73,USV_527,0.05200000000002092,1.0,,None,107.1283,,188.5497,,0.017145974561572075,0.01119717684659091,11222.65169552256,14862.60261281068,8.31865577419556e-05,26761.363636363636,27043.18752459271,2.457709651177758,3.7837605824467975,6.803548738707871,19.146742177647948,12.359536857693115,15.164047316395779,56.01979933430009
296.058,296.077,USV_528,0.019000000000005457,1.0,,None,107.1283,,188.9297,,0.008527463302016258,0.0311767578125,18577.201710650297,19645.166866675812,0.0006952212298740902,32381.25,22879.866127959092,1.7974540634630167,3.1101127680492646,5.420930259293966,15.823115709160309,11.194040168658375,13.952269550533586,48.18334179472513
296.308,296.342,USV_529,0.033999999999991815,1.0,,None,107.1283,,189.1797,,0.010992034338414669,0.020149739583333333,13937.892217042565,16940.286390731453,0.0002574011034076423,29493.75,24727.52724295135,2.6143417238861324,3.703404156575448,7.467395301752968,18.72523514697341,12.348750271088997,13.890647128946728,51.631399637176585
296.475,296.509,USV_530,0.033999999999991815,1.0,,None,107.1283,,189.34670000000003,,0.010621416382491589,0.027587890625,16472.20248301772,16417.775535645535,0.00024288357869543762,29362.5,20817.0046665261,3.8193011305244875,5.281800806600315,5.316811583325892,16.52722969353204,10.796815802343893,13.13742047195828,54.57307127786766
297.33,297.357,USV_531,0.027000000000043656,1.0,,None,107.1283,,190.2017,,0.005807948764413595,0.03267728365384615,17169.32310175581,18695.9222856419,0.0003557966061540149,32379.80769230769,19054.162850160934,2.6306626652385563,4.127899078358649,6.853739729680099,14.188231521532108,10.125259506687561,12.493598679358712,50.90727385005282
297.4,297.438,USV_532,0.038000000000010914,1.0,,None,107.1283,,190.27169999999998,,0.014059963636100292,0.02004825367647059,16120.182759447547,15471.177994900903,0.000135543393901586,28968.75,21856.456775930747,2.46451537450601,5.849478742360315,6.498840939784734,14.162103085634655,11.534425966382528,14.384381141002935,56.07270148516266
297.515,297.574,USV_533,0.05900000000002592,1.0,,None,107.1283,,190.3867,,0.013226939365267754,0.01671875,15178.581479112352,16118.987368489763,0.00027298697023150984,30206.25,23822.70914009954,2.8034535163453054,6.269105764742976,5.613981486944494,17.57172141481627,10.493910967316253,13.645022769894394,56.44037724799597
297.888,297.961,USV_534,0.07300000000003593,1.0,,None,107.1283,,190.75969999999998,,0.009426536038517952,0.029850260416666666,15393.923128060156,14646.089149727713,0.00014760156266891347,30218.75,20618.723310383833,2.3803836837951824,5.069978208438487,5.415448383614605,17.199779869663256,11.538136579201385,14.261256180630827,58.22709358049487
297.991,298.041,USV_535,0.05000000000001137,1.0,,None,107.1283,,190.8627,,0.010559557005763054,0.018403552827380952,16141.794826442687,16528.366079408566,0.0001854407635450763,31433.035714285714,17760.255009280198,2.9013874095738963,4.493234114089759,4.745359366382741,15.710376060045519,11.38421470097881,13.976408780336028,56.61991102937583
298.157,298.205,USV_536,0.04800000000000182,1.0,,None,107.1283,,191.0287,,0.010169491171836853,0.0193603515625,14909.791936436814,16224.809205337253,0.00017090694644848915,30468.75,22696.55214516296,2.2622766481587293,6.2640945557136725,5.947846882162902,17.51627231708387,11.538042301360766,13.294030340535679,55.13003724600229
298.489,298.534,USV_537,0.045000000000015916,1.0,,None,107.1283,,191.36069999999998,,0.012763885781168938,0.013363486842105263,13702.238099438075,17282.4401674771,0.0002775130611504494,30379.934210526317,18861.205199749744,2.9750136630735584,8.178787925542068,6.451556070514517,15.665920647226297,9.76142460939686,14.314812312864053,53.030371646700225
298.955,298.973,USV_538,0.018000000000029104,1.0,,None,107.1283,,191.8267,,0.014284012839198112,0.01416015625,15283.065676159924,18836.824517093737,0.00032862430971597836,29541.666666666668,14865.614876451837,2.1896379585752674,7.677432261564852,4.066792481411256,15.711302272803929,10.651575697453884,12.513516729467247,46.51464323938783
299.049,299.087,USV_539,0.038000000000010914,1.0,,None,107.1283,,191.92069999999998,,0.009267566725611687,0.01901424632352941,15485.953764059488,17196.37127109021,0.0005062013207690019,31483.45588235294,20792.328773192763,3.1224474236038975,5.712146690033681,5.12994369303243,14.936524845122648,10.964866115457115,13.621643755255903,51.789235063190326
299.203,299.222,USV_540,0.019000000000005457,1.0,,None,107.1283,,192.07469999999998,,0.011866468004882336,0.011279296875,14503.181382409759,17515.75412910687,0.0003551221106175028,28734.375,16918.35655716917,2.190368232260547,3.697975130377518,5.919635116159727,17.060088031261138,10.846149537887197,15.466866940053157,47.726490417786465
299.401,299.442,USV_541,0.04099999999999682,1.0,,None,107.1283,,192.27270000000001,,0.01296295877546072,0.013468424479166666,14388.160174015105,16634.050888740407,0.00036213671949554,29401.041666666668,16819.744078929678,2.1880112727272705,4.971844307707176,5.7583217542944976,16.601897798862037,10.58903695120575,15.87091011080755,53.45637140533725
299.605,299.682,USV_542,0.07699999999999818,1.0,,None,107.1283,,192.47670000000002,,0.00936752837151289,0.040062689012096774,16523.21226355915,14475.269777371223,7.354360707338151e-05,29863.91129032258,21584.190435704266,3.531365290829089,4.9641407297388795,5.61409762526682,15.836439959845178,11.859697693223415,13.178598620531028,61.01680489253992
300.177,300.2,USV_543,0.022999999999967713,1.0,,None,107.1283,,193.04870000000003,,0.00964586902409792,0.015713778409090908,16228.516413952404,17367.8532737435,0.0002742775059075757,30051.136363636364,24745.646632827447,1.7738983591249622,5.050482914675625,4.842216093632006,14.318910973310267,10.663129975169333,13.481292539949806,50.325489034932026
300.392,300.415,USV_544,0.023000000000024556,1.0,,None,107.1283,,193.2637,,0.009263125248253345,0.02685546875,17699.82058968346,17919.71851612162,0.0004757595924198953,31619.31818181818,24350.62046744641,3.4720982961644236,4.791550085601407,5.201562791140113,14.882644651041547,11.107581376135323,12.584925823806207,50.495591134156705
300.576,300.687,USV_545,0.11099999999999,1.0,,None,107.1283,,193.44770000000003,,0.009156908839941025,0.02857000177556818,15112.215787987136,14350.873598791513,1.3974718111794413e-05,30897.017045454544,23904.90948696203,2.7017227294448034,4.855683623773627,5.630282473265397,18.559760252654403,11.451215147457964,14.472150336491909,59.36571980838576
300.878,300.905,USV_546,0.026999999999986812,1.0,,None,107.1283,,193.7497,,0.008158919401466846,0.0140380859375,14798.300997125283,16350.627384331849,4.759446751663485e-05,30960.9375,22776.77847557362,2.923510745934004,5.809924381764158,4.617789215010272,15.918734671499955,10.7342070939287,13.097343595790882,52.70778955990439
302.508,302.561,USV_547,0.05299999999999727,1.0,,None,107.1283,,195.37969999999999,,0.011374103836715221,0.02666681463068182,14704.282588624723,15136.987887938418,5.661118390362768e-05,30528.409090909092,25698.224234629703,2.4920116000908776,5.3646206797170075,4.786144561354109,16.895012510419054,10.484041005696257,13.559137027589436,55.27816402071357
302.586,302.601,USV_548,0.014999999999986358,1.0,,None,107.1283,,195.45770000000002,,0.013361616060137749,0.014251708984375,13707.938182197538,19180.09449208387,0.0002972003974942908,30492.1875,27292.541284371175,2.2508599796635806,6.666220796617445,3.9916767804032327,18.421217141580883,9.204132183898288,15.89400070415761,42.636889890677296
303.378,303.421,USV_549,0.043000000000006366,1.0,,None,107.1283,,196.2497,,0.011336468160152435,0.02422131990131579,14855.795366097582,15743.079155393405,0.0005249846433613751,29753.28947368421,20781.65593506383,2.2972474954845534,6.59787152516232,4.117711364773197,16.357534324258506,11.918476764018534,13.723420103627465,53.80374495965
303.649,303.685,USV_550,0.036000000000001364,1.0,,None,107.1283,,196.5207,,0.01173511240631342,0.0108795166015625,13232.701651800806,15630.616530311963,5.098416807236833e-05,30041.015625,26716.221736690502,2.340237010623939,6.9144880722502755,4.818297023547325,18.17925034857147,12.331701601905758,13.161979367385777,53.435221693585554
303.878,303.887,USV_551,0.009000000000014552,1.0,,None,107.1283,,196.7497,,0.00907787773758173,0.0223388671875,16116.613349279445,18124.986293142556,0.0002493155626390885,30546.875,26967.542421277947,2.402335116520503,3.917892915598543,7.136550683811321,15.96399164200909,9.189084770562983,13.351043879589357,38.899516298019556
304.427,304.475,USV_552,0.04800000000000182,1.0,,None,107.1283,,197.29870000000003,,0.016007186844944954,0.018115234375,14490.482749316981,14531.701995336256,2.352413235974652e-05,29156.25,19617.575155666527,2.3315203213546285,5.183756481199751,5.557118659094394,17.371044353705056,11.980947620276957,14.662792695964816,57.09671360488536
305.03,305.086,USV_553,0.05600000000004002,1.0,,None,107.1283,,197.90169999999998,,0.012324204668402672,0.012599779211956522,13762.811804419745,16460.246530238768,7.045929509814293e-05,30847.82608695652,25511.320139446034,2.9270392186953527,4.138720647555611,6.1296671027824186,16.423858266942844,11.388296340466733,13.549178950820357,55.52061275394137
306.121,306.26,USV_554,0.13900000000001,1.0,,None,107.1283,,198.99269999999999,,0.010687578469514847,0.03320756392045455,17519.625399118027,15056.22975490535,0.00011190221417512894,33071.59090909091,25544.780556939368,2.95209105231859,6.411051560343968,5.734017578556892,16.81274430007924,11.930426832337735,14.777199661443214,60.26607896623696
307.823,307.87,USV_555,0.047000000000025466,1.0,,None,107.1283,,200.69469999999998,,0.014919671230018139,0.01588134765625,13187.8116662705,14672.343350490162,2.7389888393147822e-05,27295.3125,19137.348605141153,2.4363921027945086,3.093734724454795,5.481143723912448,18.597135394502654,11.13098409063671,13.56906951911976,52.436086776485524
308.669,308.7,USV_556,0.03100000000000591,1.0,,None,107.1283,,201.5407,,0.010142297483980656,0.027273995535714284,14114.470473028763,14324.144813174194,2.9955174194289798e-05,28687.5,17304.842877277384,2.15057307497462,5.1711986698183505,5.403936027046081,17.6620273562121,9.165367647044409,12.233823373223212,53.80827402431286
308.871,308.901,USV_557,0.03000000000002956,1.0,,None,107.1283,,201.74269999999999,,0.010597782209515572,0.014142717633928572,14782.397912395298,16396.66654560102,9.57354602800102e-05,28433.035714285714,24000.37169479316,2.414705958548858,5.237729694450236,4.611924195276019,14.336572832269557,9.27701203698794,15.265202151450481,53.488177778414936
310.206,310.235,USV_558,0.028999999999996362,1.0,,None,107.1283,,203.07770000000002,,0.01001280453056097,0.021052433894230768,15092.139252033438,16994.42496362984,0.0001514081860520362,30201.923076923078,15515.238067419668,1.338464135092067,6.137220300412192,7.421662121463661,17.063496502765965,10.075942025986254,15.412881201102506,51.78458878229415
310.321,310.345,USV_559,0.02400000000000091,1.0,,None,107.1283,,203.19270000000003,,0.012495476752519608,0.007191051136363636,13879.551713657913,17096.791073637403,0.00011440463004490494,28755.68181818182,16103.099013745972,2.554967052138061,4.072428649197199,5.381028839850693,17.440671983987038,11.635142706193022,14.999793821237065,50.97769977803678
310.422,310.45,USV_560,0.027999999999963165,1.0,,None,107.1283,,203.29370000000003,,0.007168665993958712,0.03564453125,16233.067844418907,15764.149814201637,0.000131711829373619,31081.73076923077,21003.367200914156,2.769329714158699,4.203093649303055,5.615688958897759,17.92256908809592,11.0804059917587,13.816614101309192,52.26019220944561
310.555,310.588,USV_561,0.03300000000001546,1.0,,None,107.1283,,203.4267,,0.010329597629606724,0.015397135416666667,14383.806831081349,15453.607078057814,6.092709607377065e-05,29243.75,16883.79912337459,2.4022021245954615,7.557884201473141,4.148535871884064,14.832142633304157,11.063873538308401,15.295861396023026,54.642277416247445
311.08,311.131,USV_562,0.05099999999998772,1.0,,None,107.1283,,203.9517,,0.009578652679920197,0.019368489583333332,14556.926140924234,16304.553209271562,0.0002578283469238443,30553.571428571428,22677.701971581442,4.9106090656397585,6.51773373805312,4.9228611710856995,17.416981535550814,11.423426978139533,14.481774291199363,56.411898742830004
311.246,311.26,USV_563,0.014000000000010004,1.0,,None,107.1283,,204.11769999999999,,0.009801419451832771,0.01361083984375,17167.51660175871,22796.173059376495,0.0006617957148974823,31382.8125,17961.80332000318,1.884606444735664,5.105936313460164,4.815042804873528,14.740430153615698,8.133222666309075,14.24826660149558,42.84368953746717
312.181,312.22,USV_564,0.03900000000004411,1.0,,None,107.1283,,205.0527,,0.013445712625980377,0.021125344669117647,13124.81972143955,15479.175741175672,6.784260863812036e-05,28406.25,23785.46708960838,2.1752027310782047,4.574075793058582,5.1397260177239925,16.589336263383718,11.540008418540742,14.297875907378684,53.316833769809755
312.582,312.61,USV_565,0.02800000000002001,1.0,,None,107.1283,,205.4537,,0.012506493367254734,0.015925480769230768,15957.058046531214,18312.917202775945,0.00023849597792785976,31456.73076923077,21603.380602573747,1.8110966148317937,7.201721694572579,5.113395825989459,14.790685438430447,10.519979761080357,11.33446223698622,50.21171019660664
312.733,312.786,USV_566,0.05299999999999727,1.0,,None,107.1283,,205.6047,,0.014382082968950272,0.018155184659090908,13611.560497842309,16508.255469493542,0.00010263549312061835,30217.329545454544,26170.835581975778,2.707490836493038,7.419485913250432,5.812145193179986,15.941220210199235,10.796457769333456,14.091350409414984,53.43572999642458
312.967,312.979,USV_567,0.012000000000000455,1.0,,None,107.1283,,205.8387,,0.013702715747058392,0.010707310267857142,15658.195155954952,19264.6897653593,0.0005089367025091137,30535.714285714286,21057.29574250592,2.0137674698174766,5.049827537279159,6.243227648738933,16.55888664270591,8.840800490454223,12.863121397751303,41.6755974593424
313.01800000000003,313.112,USV_568,0.09399999999999409,1.0,,None,107.1283,,205.88970000000003,,0.009695030748844147,0.030299136513157895,16236.261747297889,15350.573579653314,0.0004029585996336073,31593.75,23044.886989139493,2.6576300295895083,4.673805714998334,5.544342035505327,17.730616503171017,11.149065093949076,15.544969530266416,58.53056227494216
313.2,313.262,USV_569,0.06200000000001182,1.0,,None,107.1283,,206.0717,,0.007830381393432617,0.04461200420673077,18156.62948007922,15625.741626804716,0.0003815541208069475,32332.93269230769,18954.335211649002,1.881370501301825,4.470782362199554,5.8580009545337965,18.116525164660196,11.070396132518198,15.23478557614603,59.749913225463075
313.398,313.431,USV_570,0.03299999999995862,1.0,,None,107.1283,,206.26970000000003,,0.010447089560329914,0.021484375,17379.339546821746,17928.76194912423,0.00028163696286220727,32206.25,22273.468436718496,2.85089977558654,5.122243079282239,4.920759218158198,15.861394768745894,9.522752784706677,13.118398496525742,52.87549533837717
313.487,313.509,USV_571,0.02199999999999136,1.0,,None,107.1283,,206.35870000000003,,0.009144935756921768,0.01358309659090909,16323.595240724417,19648.368662824712,0.0003581305295515687,31107.954545454544,19288.898422977396,2.129920086939147,5.001963992244091,4.615386405632993,14.60923617776025,10.56027976463533,14.531843489160103,48.14871301977643
313.665,313.722,USV_572,0.05699999999995953,1.0,,None,107.1283,,206.53670000000002,,0.010930567048490047,0.024129231770833332,14303.235803154506,14794.641563075658,4.280088305291921e-05,30046.875,24071.67855695671,2.4948348302479704,7.138173155631333,5.6679566122274245,16.80774675690235,11.278035797992969,14.205935901904397,55.767199335659434
314.016,314.054,USV_573,0.03799999999995407,1.0,,None,107.1283,,206.88770000000002,,0.00934573169797659,0.03125,16344.57939184958,15759.191606182705,0.00016742262538143048,31042.279411764706,20338.364498274485,2.8920732340136546,4.521550312789256,5.742046586903194,15.822589351845298,10.38802448493786,14.504521036837716,54.038478614958365
314.18,314.252,USV_574,0.07200000000000273,1.0,,None,107.1283,,207.0517,,0.00989944115281105,0.025424299568965518,15629.699480543655,15334.109322927443,8.50269895085326e-05,31095.905172413793,25277.601622486385,2.9004751526931853,5.948602215068954,5.637851007810801,19.2791960260918,11.488778269335441,14.619308784727714,58.00760326733619
314.444,314.469,USV_575,0.024999999999977263,1.0,,None,107.1283,,207.31570000000002,,0.009892403148114681,0.02197265625,16225.125658650455,19636.204319640976,0.0007065372354174126,31757.8125,16928.922755454732,1.848386464341095,6.438555857475599,8.520254636907522,15.973543873324651,12.252136535209027,13.2991013357751,48.36959317502201
314.581,314.613,USV_576,0.031999999999982265,1.0,,None,107.1283,,207.45270000000002,,0.009434269741177559,0.018955775669642856,13932.294039755498,16246.347211238779,0.0001522056774663385,30180.803571428572,19935.44229532492,2.4219459686028846,4.143618353043103,5.68509272349098,15.630964330736376,10.753595744107498,13.578148349694418,52.836466740249584
314.956,314.986,USV_577,0.029999999999972715,1.0,,None,107.1283,,207.82770000000002,,0.013095363974571228,0.012189592633928572,15203.328850870686,17896.20011159941,0.0005053038081107703,29497.76785714286,21454.49083701562,2.419258223849787,5.126407153675987,5.8249789212688174,14.657331064068714,10.20210994149807,13.344236275312822,52.15012832166802
315.804,315.845,USV_578,0.04100000000005366,1.0,,None,107.1283,,208.67569999999998,,0.009119652211666107,0.021999782986111112,15075.084923926654,15744.382769444683,0.00016784749821994376,30937.5,20749.026755832434,1.942783978458571,4.8303378729129784,5.741070698782089,18.224950523627438,11.027822482356036,14.65450430519192,54.466724992011244
315.94,316.007,USV_579,0.06700000000000728,1.0,,None,107.1283,,208.8117,,0.010214191861450672,0.027605329241071428,15609.847322627,15029.36547287197,0.000133719834368868,29909.598214285714,22911.823895660727,2.47086358693134,5.089974918588126,6.5605819536388115,16.659823641407502,12.526354790326911,15.266120149361369,58.37622354319433
316.236,316.308,USV_580,0.07200000000000273,1.0,,None,107.1283,,209.1077,,0.009701292030513287,0.02549164870689655,15115.848130471113,14887.611539005664,4.6938202854859846e-05,30239.224137931036,22405.54228050574,3.0080190054558167,5.183096047628886,5.867315930067848,18.03667196481683,10.959002975974421,13.335512667452837,58.30152279445744
316.872,316.881,USV_581,0.008999999999957708,1.0,,None,107.1283,,209.74370000000002,,0.003309086663648486,0.052083333333333336,18923.099235029265,15181.382755050321,0.00011283363442270179,33484.375,23966.843049700412,1.2847200226496864,1.9317803272469243,6.021205733613393,14.864033558744948,7.156864333123926,12.183848263733253,47.94361403722598
322.94,322.971,USV_582,0.03100000000000591,1.0,,None,107.1283,,215.8117,,0.010361715219914913,0.012974330357142858,15316.907758519026,17291.655457912766,0.00019184696105103063,31104.910714285714,24380.627475589405,1.9870484307703133,4.372827160485349,5.473539765829195,14.807432791001446,11.171491837655067,13.521025208991535,52.14070676597833
323.497,323.56,USV_583,0.06299999999998818,1.0,,None,107.1283,,216.36870000000002,,0.009838353842496872,0.026808518629807692,15469.369514486018,15570.819972199997,0.00019488673367607895,30681.490384615383,19411.313355284783,1.6495435697137593,4.62856168829342,5.335585928797967,15.767668489349914,11.415023943334509,14.375434672994505,58.47441903130364
323.812,323.834,USV_584,0.02199999999999136,1.0,,None,107.1283,,216.68370000000002,,0.00958431139588356,0.026256214488636364,17045.60294054791,18025.575861750418,0.00035794757309340623,30068.18181818182,16703.2110688569,2.0615138302346563,3.7155270299385976,4.991863842654105,12.96964299979117,9.876852779575128,13.219189065397323,50.72545886929063
323.967,323.981,USV_585,0.014000000000010004,1.0,,None,107.1283,,216.8387,,0.00839089136570692,0.02667236328125,20367.441641314486,21216.79088102957,0.0006941509669480432,32390.625,27509.928399271626,4.559010041981157,5.818925570361755,4.822115027073452,13.514522819364366,9.478982687100753,13.090987750451331,45.466321566292606
326.574,326.583,USV_586,0.009000000000014552,1.0,,None,107.1283,,219.44570000000002,,0.010012876242399216,0.0186767578125,16947.8346407588,19273.881099824852,0.000370717279524011,32250.0,24709.95209916946,3.4459949466211373,5.586411412703275,4.680102592113447,11.758106667793383,8.565718096381376,13.255970358714642,38.80829472666225
329.314,329.325,USV_587,0.010999999999967258,1.0,,None,107.1283,,222.18570000000003,,0.007416903972625732,0.02294921875,18892.189132762713,22385.53983722683,0.001354568470610304,35875.0,17534.665903628782,2.512223106304041,4.685786431720286,6.074553239320703,12.511231259821832,8.039123079026544,13.205024596700506,43.31994825635403
331.256,331.274,USV_588,0.018000000000029104,1.0,,None,107.1283,,224.12769999999998,,0.008016168139874935,0.029649522569444444,17259.019100376117,18229.243648349086,0.0006271437272856987,31197.916666666668,23130.254996570093,3.0413280504512477,5.67685733365121,5.144031191918583,15.575267925964782,10.722603246458824,12.380135853047884,47.87357735316266
332.053,332.108,USV_589,0.05500000000000682,1.0,,None,107.1283,,224.9247,,0.009002148173749447,0.02116593070652174,15472.052366183105,16831.932747388084,0.0004222256488897659,31165.760869565216,25215.301840316293,2.2269611607463453,5.2710474637905795,4.598247585879001,18.337285025623046,11.434747265469886,13.53192593293691,56.080665740684985
332.44,332.514,USV_590,0.07400000000001228,1.0,,None,107.1283,,225.3117,,0.010770793072879314,0.023274739583333332,15662.800093410964,15503.80601551025,0.0003234020184168384,31043.75,24051.74159069054,2.229497440637863,4.052233292762497,5.254262872734535,16.175257310882532,11.282372475781578,15.056566629306229,56.74218016659183
333.196,333.257,USV_591,0.06099999999997863,1.0,,None,107.1283,,226.06770000000003,,0.011382589116692543,0.018056640625,14460.403974303375,14354.220663573133,4.7267144133589095e-06,30420.0,26493.738639354022,3.1260481537071714,7.260009469164817,4.759789354129116,15.05579983344231,10.887153038648536,14.62960952141178,58.186655287270604
333.646,333.665,USV_592,0.019000000000005457,1.0,,None,107.1283,,226.51770000000002,,0.008468776941299438,0.028857421875,17228.950891200326,19296.20304050971,0.0002489124994428691,32606.25,22476.005479142892,0.8728009516244917,4.861966382037233,4.996180642889833,15.6851085210142,10.404153622237818,12.024018161271403,47.51550249258413
334.047,334.086,USV_593,0.03899999999998727,1.0,,None,107.1283,,226.91870000000003,,0.0119908032938838,0.03307387408088235,17662.875475334324,16242.494335819423,0.00038205518444626047,30204.04411764706,23606.72823933662,3.3814423687252475,6.458448428818357,5.18997357771779,13.816994433748892,9.91584830098094,13.40454837297579,55.17318516602591
334.152,334.199,USV_594,0.047000000000025466,1.0,,None,107.1283,,227.0237,,0.013862237334251404,0.01734619140625,14456.03705386011,16138.257358150837,0.0002789031176698993,29400.0,23778.103769628877,2.6389025579321936,6.434828423818383,4.8343797861569815,16.913688860792856,10.096003090750626,14.248957819556384,54.69661090905758
334.289,334.326,USV_595,0.03700000000003456,1.0,,None,107.1283,,227.1607,,0.01122286356985569,0.028533935546875,15847.952593998454,15985.849329583774,0.0002843014674046632,30123.046875,23479.81892169797,2.0743752234246515,4.353817541703688,5.280690776725678,16.609798853735548,11.883306285953045,13.984638850595811,54.88923118737318
334.36,334.441,USV_596,0.08099999999996044,1.0,,None,107.1283,,227.23170000000002,,0.008604064583778381,0.03034002130681818,15394.14616270983,14511.493789550728,2.1973110371291775e-05,30255.68181818182,20988.93938687278,3.567878086122186,6.046366015827194,4.976222429369724,17.14931280254846,11.983372196204714,13.441678150254923,59.44397561520333
334.534,334.607,USV_597,0.07300000000003593,1.0,,None,107.1283,,227.4057,,0.012391039170324802,0.012296549479166667,13675.427811671589,15240.368328971472,0.00010624385933158764,29259.375,21213.634743570718,2.3811102501008823,4.9564498798810765,5.544486076856302,17.149025047677462,13.269922674233033,14.966474988045146,56.91597306514214
334.788,334.832,USV_598,0.04399999999998272,1.0,,None,107.1283,,227.65970000000002,,0.012944729998707771,0.013080797697368422,14462.171770542784,17099.421588546313,0.00044628887583831646,29792.763157894737,23041.849101327083,3.592325104906105,5.26632630514569,5.468236752957213,15.32709229490351,11.15357376131251,13.130607579063643,53.052909140372044
334.912,334.937,USV_599,0.025000000000034106,1.0,,None,107.1283,,227.78369999999998,,0.015431106090545654,0.027506510416666668,16703.851646040723,18833.95160690744,0.0002510389424521451,29726.5625,21681.09927366759,1.927527814243079,5.670344733246769,6.050100217924413,16.763761490444796,8.350630850816414,11.57264111499707,48.54127573899952
335.366,335.482,USV_600,0.11600000000004229,1.0,,None,107.1283,,228.2377,,0.010378070175647736,0.025502080502717392,15630.384813455452,14410.646796277893,2.4423431362139815e-05,30436.141304347828,21222.874283066234,2.9119117118738367,5.815885937716673,5.481216696040038,16.925180935596753,10.60113776537101,13.693088655750906,59.98977963271753
335.516,335.537,USV_601,0.020999999999958163,1.0,,None,107.1283,,228.38770000000002,,0.013793908059597015,0.0274658203125,17227.003206890186,19170.212142747587,0.0003835574136353885,31434.375,22571.645494108914,1.0613266686865246,6.233654721036007,4.69713042987949,15.125173650148778,8.543377279541037,15.00319927494968,47.60012812538396
335.659,335.684,USV_602,0.025000000000034106,1.0,,None,107.1283,,228.5307,,0.00728946877643466,0.03192138671875,18133.12056959654,19072.875007664017,0.0008265510765739637,34132.8125,22493.66966761734,3.011492702347159,4.628738616327366,4.743627632564911,12.881167125606716,10.329689022400643,14.080508689527987,49.74080558808394
336.425,336.435,USV_603,0.009999999999990905,1.0,,None,107.1283,,229.29670000000002,,0.007630222011357546,0.029744466145833332,16473.124254490474,15864.134669499179,0.0001294623163299992,29921.875,18764.425690947897,2.866211108780488,7.2938812862478954,3.649012945301634,18.52705377386184,11.131929875042468,13.65683242074825,42.98829681555151
336.59,336.65,USV_604,0.060000000000002274,1.0,,None,107.1283,,229.46169999999998,,0.00971335917711258,0.04763671875,15810.5122760172,12609.177995633003,1.261072548962223e-05,28263.75,19402.733395359748,2.900046577235392,4.825070493250929,6.088561865015513,18.821718157354113,12.040571763959594,13.766738431523308,60.79453056639245
336.814,336.859,USV_605,0.04499999999995907,1.0,,None,107.1283,,229.68570000000003,,0.025568895041942596,0.011513157894736841,9863.673967785262,14479.493174859095,7.014397771132669e-05,24054.276315789473,25158.182571324076,2.4510217185854426,3.38898007248092,8.034257323810504,17.127564883077998,10.028634675473489,14.896578460807548,54.3824363087315
336.899,336.927,USV_606,0.02800000000002001,1.0,,None,107.1283,,229.7707,,0.018617967143654823,0.0126953125,13134.706164973093,18871.615550719376,0.0004724410637983514,28882.21153846154,26015.00565474015,2.4641654822372883,4.707027966488075,6.813397482230271,20.151089816217013,9.720472278564753,15.368448701824871,51.04211458008898
337.041,337.092,USV_607,0.05099999999998772,1.0,,None,107.1283,,229.9127,,0.00854184478521347,0.023588634672619048,14430.93397899088,15867.329733072049,0.00018714668788553427,30602.678571428572,25579.537560533307,2.691219776002176,3.6897670037599504,5.5876441956722305,19.120150800097267,10.511950077645507,14.684758446775355,58.46512836795252
337.139,337.192,USV_608,0.05299999999999727,1.0,,None,107.1283,,230.0107,,0.034689340740442276,0.011064009232954546,9475.415533137138,14203.060360019095,0.00034410114667796484,22811.079545454544,28455.744340223537,3.0668474943237025,2.4673217317848612,8.986759706886444,18.98589517757385,9.310751775600217,14.308261610631037,56.037259372549826
337.599,337.653,USV_609,0.05400000000003047,1.0,,None,107.1283,,230.4707,,0.0897597000002861,0.003736413043478261,6444.516158337853,13414.703145101712,0.0001099734173215764,13149.45652173913,31648.293687874026,4.070609466116894,1.848954093348575,7.535803392807177,15.842447224178786,11.36203552933568,13.714540100799764,46.71318683923384
339.378,339.414,USV_610,0.036000000000001364,1.0,,None,107.1283,,232.2497,,0.008448388427495956,0.0213623046875,16260.447252099078,17143.6403592474,0.00012731372399843718,31535.15625,22962.33866519377,4.033165527865693,7.0291547746984016,4.606813628138963,16.161256861599018,11.6484642099504,13.832498256971654,53.68131541507206
340.309,340.33,USV_611,0.020999999999958163,1.0,,None,107.1283,,233.18070000000003,,0.008731833659112453,0.022705078125,15528.522984875462,14782.620277839436,1.7570056819644783e-05,30206.25,24011.450008355714,4.346539206782868,7.029610377750581,4.216248195127861,15.402191525085064,13.864933437373443,12.988578419483332,51.3187456942258
341.283,341.348,USV_612,0.06499999999999773,1.0,,None,107.1283,,234.15470000000002,,0.011881208047270775,0.023654513888888888,14755.407593722455,15837.655083077898,0.00011812780398953112,30184.027777777777,23447.715614275745,3.3065863713479806,4.755537159256737,6.0261908028176725,17.00640331006977,10.738064082275116,14.956801223102696,55.940904763527605
341.403,341.544,USV_613,0.1409999999999627,1.0,,None,107.1283,,234.27470000000002,,0.00979059748351574,0.02551935369318182,13650.582257657805,14457.59126759053,3.7744376436657714e-05,29434.090909090908,20127.491337566455,2.144540135340018,4.587778744605102,6.186701458115499,17.628440873662182,10.631778768464104,14.722640462419424,58.840591124182296
344.319,344.33,USV_614,0.010999999999967258,1.0,,None,107.1283,,237.19070000000002,,0.00782199390232563,0.035237630208333336,20029.361953891126,22572.722203470883,0.0008475078734175479,34828.125,16651.361061740437,2.043984622467116,4.780034808141214,4.6032316647527045,12.856594630351545,11.754755372893698,13.083065220035564,43.79537474883792
344.757,344.768,USV_615,0.010999999999967258,1.0,,None,107.1283,,237.6287,,0.0088667506352067,0.022501627604166668,16977.430904859702,19645.92035955897,0.00018743852927256876,32343.75,16687.20737351972,2.6374830466945123,4.232350001218407,4.752882793489513,13.050988834484066,9.3659706080922,16.08320642955715,44.003256501669576
345.202,345.317,USV_616,0.1150000000000091,1.0,,None,107.1283,,238.0737,,0.015986407175660133,0.03130307404891304,11055.791614108017,11665.136275903134,7.71286349138107e-05,22495.92391304348,18451.964509247016,2.8950368405832556,4.90715469656481,4.816155119216992,13.626583990906102,11.368816860083433,18.02647342587339,63.16977396344232
345.375,345.513,USV_617,0.1379999999999768,1.0,,None,107.1283,,238.2467,,0.015585415065288544,0.02330638744212963,10743.203176151146,12416.785414291351,3.079280431710781e-05,24378.472222222223,23072.377292926252,2.1767759342342496,4.861264368721779,6.952438799678328,15.545246766494722,10.611966330257427,17.14383456931453,60.81670065349084
355.272,355.392,USV_618,0.12000000000000455,,,None,,,,,0.012464897707104683,0.02603993517287234,11569.126827439512,12581.984306201497,1.1038308775138303e-05,25422.207446808512,16222.401964932646,2.543366553783237,4.6542255400276025,6.88405441420168,15.8058583177088,10.571163124856739,15.076955859458014,61.151916490472374
355.788,355.921,USV_619,0.13299999999998136,,,None,,,,,0.04393279552459717,0.008573091947115384,6721.141149657011,10894.72105280414,0.0001572396728045792,16271.033653846154,29390.177295927184,3.631328943409791,2.6958829492733827,6.08232950886442,18.048816728180864,10.68549106791153,14.863286585584774,59.02142672795877
365.492,365.595,USV_620,0.10300000000000864,,,None,,,,,0.011116579174995422,0.03489424542682927,16359.641001304453,15222.505393617863,5.816323441564584e-05,31815.548780487807,26934.845061669712,2.428128373627113,4.820472675079833,6.130303601409174,16.62954298496593,11.32127829668365,15.183813546271395,58.67711364946998
372.954,373.098,USV_621,0.14400000000000546,,,None,,,,,0.010520427487790585,0.031620570591517856,14880.98301130299,14013.725697505175,0.00016220905921862693,29189.73214285714,21282.407333929634,2.811375091540373,4.043293819016948,4.9523101209131495,14.436801628445446,10.428580265767298,15.475885511016232,60.274420287339794
373.364,373.418,USV_622,0.05400000000003047,,,None,,,,,0.010253903456032276,0.020401664402173912,14119.79266918736,16460.59364002283,0.0006334007477048632,29584.239130434784,20230.705500640463,2.2533552460374,3.1357646059192446,4.532412397004897,14.479310763335105,9.718957547521242,14.663130198938525,55.44899107875042
424.625,424.696,USV_623,0.07100000000002638,,,None,,,,,0.01565363071858883,0.03243702855603448,12443.063842277354,12475.372375895075,0.00017160556190097488,24672.41379310345,14769.230769230768,3.287616766632677,6.529562278934691,4.918497974391787,14.14281675947812,12.19851292795617,18.917208470765612,62.681984824961816
424.921,425.005,USV_624,0.08400000000000318,,,None,,,,,0.015388216823339462,0.016256893382352942,11387.834645418025,14066.3435239231,9.853111314703305e-05,25965.992647058825,17942.654723607764,2.6776643317467723,2.092595919711112,5.878008728049913,17.745229818351767,11.396375773360946,14.336425842380605,58.735336338322206
425.102,425.162,USV_625,0.060000000000002274,,,None,,,,,0.012537586502730846,0.01837890625,13145.649289372399,13356.584246444158,4.5083591304400595e-06,27952.5,19810.288867300173,2.8009334561604122,5.303414582925221,5.840698832760511,16.692782644582078,11.242906908076822,15.088797709215223,58.47339094311182
425.222,425.284,USV_626,0.06200000000001182,,,None,,,,,0.011061073280870914,0.029803936298076924,15746.122496058097,15954.92003421752,0.000129103262284897,30223.55769230769,19505.26743051418,2.1717544761825534,6.142323357993243,3.931910958540986,14.924289039926531,10.400899257747977,15.80022348185195,57.338879363489646
425.742,425.796,USV_627,0.053999999999973625,,,None,,,,,0.01039191335439682,0.025687839673913044,14232.945759335113,14887.76131801776,0.0006386036399570203,28426.630434782608,17872.409401791898,2.0254284630940576,4.591501938900452,5.0701837521569795,16.7257788026054,11.7703958717097,14.774086160662057,57.18657993844609
428.149,428.22,USV_628,0.07100000000002638,,,None,,,,,0.011882231570780277,0.02037311422413793,13687.448885868715,13906.88094344696,0.00013946322354229914,28991.379310344826,20012.71323576875,2.455335660753244,4.155346628152949,5.161059060250275,16.029649353654854,12.07287910122241,15.597218786572627,58.35374814741827
432.029,432.107,USV_629,0.07800000000003138,,,None,,,,,0.03907553851604462,0.026153564453125,12527.362604592949,12595.658252859434,5.975649832649247e-05,24881.8359375,18729.88381900225,2.8124621043239384,2.630438122708957,5.7096221442079305,17.480771852621928,11.529761084377668,15.748871872232632,55.63904714239942
433.208,433.217,USV_630,0.008999999999957708,,,None,,,,,0.014053556136786938,0.018351236979166668,14510.270206113288,21126.02058659883,0.00035295342531120453,29109.375,18289.836075463307,2.044260384311125,2.1639573598243915,4.670956725836223,15.513933129096548,11.868154532346386,14.255846225775997,37.34452765602712
439.271,439.343,USV_631,0.07200000000000273,,,None,,,,,0.015953898429870605,0.026796538254310345,12145.727420029067,14028.650576412903,8.865010301261291e-05,26851.293103448275,25388.907612872277,3.609135993851859,3.038807433948067,5.040879479064388,16.885602051793835,10.244906428450633,14.619726003837497,61.00954118545645
441.513,441.527,USV_632,0.014000000000010004,,,None,,,,,0.009616647846996784,0.02716064453125,16429.43103409275,20935.04220016023,0.0010257334802568998,32003.90625,26648.277997066376,1.237135340564964,7.872615941447666,5.493144095370356,11.125763834971904,11.000038968024148,14.586884397726024,42.54588592401859
443.147,443.166,USV_633,0.019000000000005457,,,None,,,,,0.007434513419866562,0.026025390625,15843.514653695049,15726.2773928618,0.00015664782725686,30243.75,22196.441928078682,2.980548708633716,2.8212339941333227,4.920377574217049,13.888171525041951,13.635802714089277,15.053411482331992,51.49570937611038
444.915,445.037,USV_634,0.12199999999995725,,,None,,,,,0.011585846543312073,0.021581013997395832,13571.328580347537,14189.613090168934,0.0005166322168298212,28617.1875,18291.956697668586,2.396330258505888,5.659682720609339,5.106776208378677,14.918704881891877,12.041374194542671,16.285758854788792,59.08085346879532
448.9,449.013,USV_635,0.11299999999999955,,,None,,,,,0.016466688364744186,0.028727213541666668,11992.12444935382,12560.085033855787,5.153129090818562e-05,24016.666666666668,15697.872172256411,2.748786211758299,4.26278652967062,6.393162497876208,14.365640722679995,14.015729657784643,16.44244274598961,62.07145054202029
454.77,454.797,USV_636,0.027000000000043656,2.0,,None,450.10130000000004,,4.668699999999944,,0.008412512019276619,0.024151141826923076,16110.101457917412,18642.392657903347,0.0005803074677140763,31442.30769230769,24308.353349422854,2.754316243843473,3.8431228957076797,5.5397062658052985,16.68299206118492,9.24501354278804,14.7756712531047,50.48794109937799
455.307,455.328,USV_637,0.020999999999958163,2.0,,None,450.10130000000004,,5.205699999999979,,0.020468268543481827,0.02548828125,14874.196218464098,17087.144908106806,4.1322127609477505e-05,30459.375,25194.33281631739,1.2275461231497808,5.430306771405678,6.420077169249373,14.106816716181976,11.147848108772813,14.004770153902138,49.26523106599934
455.391,455.465,USV_638,0.07399999999995543,2.0,,None,450.10130000000004,,5.289699999999982,,0.013461491093039513,0.022021484375,12543.905470024387,14311.614208108831,5.3203855795705215e-05,28287.5,22592.79804928472,1.8027324995805762,4.519121269489813,4.684133701228614,16.930605316668053,11.190662492590969,14.876880628159483,56.893723175485086
458.917,458.956,USV_639,0.03900000000004411,2.0,,None,450.10130000000004,,8.815699999999936,,0.009902206249535084,0.015064912683823529,14516.725601703127,16409.614637377133,0.00034205515581271106,29641.54411764706,20890.529845389043,3.675587262323097,6.141492668856856,5.527930612020783,14.888743466957129,9.851270752243261,14.132659394463579,54.389366225672966
459.125,459.169,USV_640,0.04399999999998272,2.0,,None,450.10130000000004,,9.023699999999963,,0.01125702727586031,0.011680201480263159,15361.55970392495,16599.351012097683,0.00012435704645989156,31529.605263157893,25795.230818593904,2.523018141895344,7.203672237908002,6.563492151313565,16.064510027194494,12.08986479465564,14.433237223852629,54.94387601322485
460.718,460.771,USV_641,0.05299999999999727,2.0,,None,450.10130000000004,,10.61669999999998,,0.012925829738378525,0.021206942471590908,14665.497649894502,15192.193545304757,0.00017316125624333202,29518.465909090908,21997.256699418085,2.7389429368775495,5.398827482396099,5.7645423232959425,15.894595346200054,10.770900910259561,15.947257212023665,56.67378831527908
461.264,461.377,USV_642,0.11299999999999955,2.0,,None,450.10130000000004,,11.162699999999973,,0.008959381841123104,0.040196397569444445,17166.32478428066,14842.952534235725,0.00016359062411363726,32147.916666666668,26029.575430614565,2.331781395338167,5.17357356313077,6.251049986843418,15.456950415984137,11.377703401206853,14.945086399475915,60.44165273029677
461.428,461.447,USV_643,0.019000000000005457,2.0,,None,450.10130000000004,,11.32669999999996,,0.022730031982064247,0.0186767578125,16406.637217570707,21784.16140435764,0.0005888551988730764,33196.875,22598.71720470936,2.4374420896127704,1.4638097216336106,5.477981168617467,16.273138916338535,8.315542365889522,13.644237973366312,46.97942216002026
462.975,463.002,USV_644,0.026999999999986812,2.0,,None,450.10130000000004,,12.873699999999985,,0.013747550547122955,0.01519775390625,14216.593875961089,16963.384777424642,0.0004913083733710902,30125.0,24003.0283294602,2.1478879382355287,3.3443846531846346,6.145068864413493,16.91988033629386,10.727598101169649,15.648783576602801,52.579007797128035
463.41,463.432,USV_645,0.02199999999999136,2.0,,None,450.10130000000004,,13.308699999999988,,0.014372337609529495,0.006547407670454545,13654.70338163851,18069.560665761695,0.0004960069329078561,30426.136363636364,19549.171227737377,2.098310944384667,7.08699336308318,4.87158079461371,15.312643332492941,10.732250201335615,13.27912022702531,47.31703897669353
463.693,463.712,USV_646,0.019000000000005457,2.0,,None,450.10130000000004,,13.591699999999946,,0.011604136787354946,0.0147216796875,16506.953504078432,20311.307464522277,0.00041551168005091724,30984.375,24019.944055154003,1.7684506000044968,3.8616347146317893,4.364384642146659,12.222515100778814,10.257796287479646,12.977469787050467,46.75500309605308
463.742,463.78,USV_647,0.03799999999995407,2.0,,None,450.10130000000004,,13.640699999999981,,0.009627672843635082,0.02587890625,15658.961110879065,16816.51733409759,0.00018429609428890863,31483.45588235294,21479.792336254886,3.6216821943276676,5.867340224440987,4.214684437616775,12.515119045012355,11.22379320670992,14.610002545318647,52.35188572501726
464.146,464.249,USV_648,0.10300000000000864,2.0,,None,450.10130000000004,,14.044699999999978,,0.009725728072226048,0.02667087461890244,15578.927196807123,15412.537861458657,0.00025286153593942864,31410.823170731706,19536.86030154729,2.580977335906521,6.157609906835329,6.404073462788156,17.169914277852136,11.757962813580487,14.569426570314038,59.90599276295339
464.604,464.635,USV_649,0.03100000000000591,2.0,,None,450.10130000000004,,14.502699999999948,,0.008405028842389584,0.016008649553571428,15873.379103685467,16832.694560899894,0.00032465321141305085,31486.60714285714,22103.22463028416,2.9475337497092324,4.349461693707059,5.239236957376816,15.402752534205845,10.772845491942276,16.841482832730943,52.75798239718513
467.614,467.631,USV_650,0.016999999999995907,2.0,,None,450.10130000000004,,17.51269999999994,,0.0100856376811862,0.026774088541666668,17459.880649884042,17986.802752886975,0.00037037320656781365,30885.416666666668,24406.706772824997,2.170302788124767,4.497160311283818,6.23494692773677,16.162445078387012,11.929016213054847,18.166951837268105,47.91501551875311
493.989,494.044,USV_651,0.05500000000000682,2.0,,None,450.10130000000004,,43.88769999999994,,0.01259254664182663,0.024297299592391304,15134.096415962395,15029.076942531186,0.00011403515270078255,28451.08695652174,22777.207223572503,2.8485717465794393,5.800953514337079,5.705654476536713,16.024441959758736,10.853581174582304,14.457062224389436,56.637386678071735
504.421,504.431,USV_652,0.009999999999990905,2.0,,None,450.10130000000004,,54.319699999999955,,0.009896683506667614,0.0142822265625,16727.47304066923,21313.629686700417,0.0007449110508404083,32578.125,24195.93225079707,2.4311093112322064,5.988177759595583,4.098179773424114,12.77911133447295,10.983767405539814,16.310912272837715,37.67098473052919
529.386,529.426,USV_653,0.04000000000007731,2.0,,None,450.10130000000004,,79.28469999999993,,0.030833125114440918,0.007841222426470588,9882.40451748557,15430.508522441363,8.783450942586091e-05,24088.235294117647,25588.766919670114,2.5660055970607005,2.4732844312490414,4.676060950377619,18.58186851369777,10.353680059342574,12.623276098738087,52.57457054786482
534.121,534.129,USV_654,0.008000000000038199,2.0,,None,450.10130000000004,,84.01969999999994,,0.011490794830024242,0.012646484375,15616.964888168392,21056.04537167513,0.00028346970592840737,30243.75,26007.195228872726,2.852305496918761,3.782111503129485,6.746973024236811,15.142212685334147,8.472915134526081,12.760767249568087,34.74532872997481
547.695,547.786,USV_655,0.0909999999998945,2.0,,None,450.10130000000004,,97.59370000000001,,0.011711088940501213,0.022969563802083332,13259.350573999916,13944.746343943983,3.548277059519537e-05,28403.645833333332,23473.002714767135,3.011815843355581,5.074961234658965,6.849563828601376,18.422706418177878,10.985593498784034,15.099628247313218,59.567565271504044
549.72,549.752,USV_656,0.03199999999992542,2.0,,None,450.10130000000004,,99.61869999999999,,0.006808269303292036,0.026820591517857144,16151.710138225197,15642.779180931131,0.0001346465231000528,31359.375,21440.832701000734,4.224121915728313,5.7489479379071025,4.837554063939599,16.830453646427575,9.858569877900377,16.361630436442656,55.550895266841486
554.217,554.323,USV_657,0.10599999999999454,2.0,,None,450.10130000000004,,104.11569999999995,,0.01210129726678133,0.025030226934523808,14657.21292786124,13842.12931757037,5.2919817522229023e-05,29169.64285714286,22629.398796866117,2.0389879200753698,6.397438536479574,6.275843950466689,16.074788198658485,11.257648466310414,14.07910683832433,60.87171492193133
570.346,570.366,USV_658,0.01999999999998181,2.0,,None,450.10130000000004,,120.24469999999997,,0.010196644812822342,0.017138671875,15384.722156494492,17772.31689476725,0.0001256748611260092,30196.875,23248.306175836715,2.453013504976888,3.9296914759521693,5.190569206000178,14.231555120642264,11.388094740150661,14.774843788751571,48.42654459679386
570.767,570.783,USV_659,0.01599999999996271,2.0,,None,450.10130000000004,,120.66570000000002,,0.014219493605196476,0.0181884765625,15889.4620015168,18880.531253463534,0.00041218394333185197,29589.84375,23772.9668302082,1.9440915985131708,7.936446357696729,9.36215651288639,16.382098075538863,11.619577689532338,14.216132841795753,45.337679394125004
572.319,572.365,USV_660,0.04600000000004911,2.0,,None,450.10130000000004,,122.21769999999992,,0.008404813706874847,0.029443359375,16176.029422845628,15789.224413686137,0.0002832273846246,30848.4375,24628.912063149997,3.930288047000938,5.662675951449922,7.074339097137984,17.835416351129794,11.242120855088466,15.322738811096253,57.00595636179571
572.567,572.575,USV_661,0.008000000000038199,2.0,,None,450.10130000000004,,122.46569999999997,,0.01002493780106306,0.01474609375,15726.150244291726,21315.025978139165,0.0005490007263673517,30337.5,23999.88872150525,4.517973278857275,4.419062927379936,5.911838126913676,13.864883624947135,8.156102668654178,12.969248015837916,33.75493874876681
575.063,575.072,USV_662,0.009000000000014552,2.0,,None,450.10130000000004,,124.96169999999995,,0.009467952884733677,0.016357421875,16560.274572761544,21735.21400924513,0.00017207692428214435,31031.25,21869.970222309566,2.305981100685497,6.280062687286208,4.6608329440743885,11.730561522173003,9.680630303803305,13.11233716994989,36.23708273621756
577.955,577.98,USV_663,0.024999999999977263,2.0,,None,450.10130000000004,,127.8537,,0.00959900114685297,0.014607747395833334,16067.039868356624,20411.631136191332,0.0010181098074862206,32632.8125,22065.36507681374,2.3933035257469224,4.042290421547233,4.90051881691818,13.66860553773972,9.00545857756048,13.052199268092155,48.467232082830826
584.063,584.074,USV_664,0.010999999999967258,2.0,,None,450.10130000000004,,133.96169999999995,,0.00900376308709383,0.018310546875,16378.255243745867,20077.687340586683,0.0005740414283806781,31468.75,20199.60695308716,1.4685060243034076,6.281300151639653,5.354744319868861,17.82905097855973,9.209244922491981,15.285007117110807,43.4533442267438
597.227,597.247,USV_665,0.01999999999998181,2.0,,None,450.10130000000004,,147.12569999999994,,0.014519358985126019,0.0227783203125,15457.848735093663,20190.16404257927,0.000370571708698487,30525.0,15148.06255915922,1.550878357134223,6.237479386159827,4.694939446426015,12.727908765216474,8.614747087300142,14.363130176786276,45.98629996727532
597.663,597.676,USV_666,0.013000000000033651,2.0,,None,450.10130000000004,,147.56169999999997,,0.011448392644524574,0.017508370535714284,15110.614567180792,17813.575651624877,0.0002469891778541644,30294.64285714286,23487.860770748546,2.5056814441286144,5.536702369629428,4.860524119564857,16.051564741190077,9.646371035198923,13.80274364428349,43.48651951641784
601.761,601.788,USV_667,0.027000000000043656,2.0,,None,450.10130000000004,,151.65969999999993,,0.020705120638012886,0.013822115384615384,13096.40021844651,16644.21297702377,6.038253951284235e-05,29408.653846153848,25943.139330981856,2.83779063831061,6.039461701515179,4.731431152495035,16.19410074926581,11.142623731277677,14.372424935301602,49.53777333243991
604.771,604.783,USV_668,0.012000000000057298,2.0,,None,450.10130000000004,,154.66969999999992,,0.0070372531190514565,0.03431919642857143,18720.355712889195,22349.738310539444,0.0013307320710341454,33120.53571428572,24952.614507879967,2.106281935708807,4.370266936233891,5.739930155782227,12.87930447592493,9.557939837829114,13.625814815200073,40.1521379488388
606.324,606.342,USV_669,0.018000000000029104,2.0,,None,450.10130000000004,,156.22269999999992,,0.00869304221123457,0.020643446180555556,14766.074560902605,16954.040796633024,5.3372449031463715e-05,30895.833333333332,16255.66328686272,2.214712610237919,5.035228333331498,5.163841726625893,14.98623661703288,14.360971672413463,13.751249600522288,46.617953776271044
608.066,608.075,USV_670,0.009000000000014552,2.0,,None,450.10130000000004,,157.9647,,0.014950939454138279,0.011800130208333334,17325.494289595397,25451.795820441228,0.0010097354444780812,33546.875,16706.2615859224,1.341088924072494,4.695300896434246,5.777750265845654,12.490956768800752,9.43530351777214,14.430060549162135,33.75304418963966
611.627,611.669,USV_671,0.04200000000003001,2.0,,None,450.10130000000004,,161.52569999999992,,0.011967790313065052,0.015679253472222224,14870.320949937515,17525.481826306604,0.00023347292174403193,31015.625,23497.323915636025,2.314754302368578,6.193577973651786,5.7155734394006075,17.192744110881904,11.409798974099763,14.777072411061564,52.050149583387714
616.414,616.441,USV_672,0.027000000000043656,2.0,,None,450.10130000000004,,166.31269999999995,,0.013285551220178604,0.006159855769230769,13962.919302779446,19706.817974900747,0.000603652184519128,30670.673076923078,23192.048411279837,2.2048361112095938,4.45319105098457,4.816218233737702,15.109317929044968,11.15909141038713,13.853749596333996,47.90388433698968
618.01,618.031,USV_673,0.020999999999958163,2.0,,None,450.10130000000004,,167.90869999999995,,0.009998773224651814,0.015576171875,15717.267691651365,17804.046163389838,0.00017940886585498806,30928.125,25581.4559039726,5.375660625119099,8.317721749173032,5.934263383545822,16.060988932420106,8.905319501046064,13.302629285399195,48.25420434453627
618.43,618.493,USV_674,0.06300000000010186,2.0,,None,450.10130000000004,,168.3286999999999,,0.017749717459082603,0.031146709735576924,12693.383349598498,13509.752511482939,9.4215600597877e-05,25049.278846153848,20204.780383843146,2.721054443263143,3.6836699048788972,5.662892698493284,14.811640974231938,10.881720580967793,15.19543438129302,60.36021583332421
623.204,623.274,USV_675,0.07000000000005002,2.0,,None,450.10130000000004,,173.1026999999999,,0.010047859512269497,0.018403151939655173,14767.140680135804,15653.009961862814,0.00015909444075775286,30720.905172413793,21683.950522028947,2.4201131745078817,4.414942686895194,5.829228180013954,17.46722945762165,12.162703501108425,15.30551665136285,57.6263808872967
629.025,629.054,USV_676,0.028999999999996362,2.0,,None,450.10130000000004,,178.92369999999994,,0.008183464407920837,0.022442157451923076,16248.743879853955,18875.76769522282,0.0003410001949182169,32668.26923076923,21965.78442246248,1.504974604269679,4.07774381999998,4.629092987618647,14.925179254457317,9.301229812145094,13.07174685547963,49.43531634226198
630.324,630.337,USV_677,0.013000000000033651,2.0,,None,450.10130000000004,,180.22269999999992,,0.0115218386054039,0.013323102678571428,15727.931254783503,19564.07885326399,0.000521706159664253,30816.964285714286,24505.23867696975,2.177799570215844,4.685971611242608,5.316379982343401,15.809945643135213,11.916531758595479,12.520993650594558,41.44451636774532
630.602,630.622,USV_678,0.01999999999998181,2.0,,None,450.10130000000004,,180.50069999999994,,0.010380083695054054,0.018310546875,16881.44050517829,20256.658457242218,0.0010375215661189508,32193.75,25631.976929090833,2.205777849824945,5.054277080978638,6.4275801296470645,13.9309755500849,11.216566186878769,15.013002563483758,46.43388235302582
630.749,630.76,USV_679,0.010999999999967258,2.0,,None,450.10130000000004,,180.6477,,0.010473974980413914,0.009358723958333334,16006.911315144294,18689.05392283858,0.00027133444240239627,30718.75,25326.820945470274,2.346197763560245,5.132446514498023,5.0253861035698195,15.677069741251955,9.566378586163951,12.460906246868099,45.362174726117615
631.295,631.308,USV_680,0.013000000000033651,2.0,,None,450.10130000000004,,181.19369999999992,,0.009605256840586662,0.028145926339285716,18499.471860167832,21281.19029900194,0.0006776019186694751,32906.25,26273.34550528252,2.5539596583021997,6.992919597500832,4.636081457075657,15.916209110294934,11.505450667772697,12.104850256369625,41.00956902890225
631.746,631.754,USV_681,0.008000000000038199,2.0,,None,450.10130000000004,,181.64469999999994,,0.013981575146317482,0.015087890625,16032.070676660904,21904.46061684133,0.0001587449245476082,31181.25,23977.511445718796,1.3509841404289997,9.89741251254662,4.892176393071287,12.75575418002918,8.107289380382959,10.878584822175402,32.74382061733245
631.901,631.913,USV_682,0.012000000000057298,2.0,,None,450.10130000000004,,181.79969999999992,,0.0077924104407429695,0.03574916294642857,18598.173950605014,19931.135197710573,0.0005803044565607266,33897.32142857143,26710.296204406168,1.5800829080737866,4.1487132881521465,5.188054547694818,14.00316073317653,10.315644601029403,12.127502606501762,41.439802049374116
634.892,634.906,USV_683,0.013999999999896318,2.0,,None,450.10130000000004,,184.79070000000002,,0.018918253481388092,0.022430419921875,14703.348976552003,18232.306443619123,0.00017554244369025364,29730.46875,26944.54377922501,1.0726375621019275,1.4556161470403277,6.847574455612751,15.905349064373631,10.93137272740093,12.876763741793372,45.64372728759501
635.143,635.158,USV_684,0.014999999999986358,2.0,,None,450.10130000000004,,185.0417,,0.029591400176286697,0.017486572265625,12236.727007063795,17220.38203725433,0.00028254378697914413,26964.84375,28382.936120792743,2.509192288688462,3.152823788752931,5.34714752519255,18.26414127215184,9.28091525941542,15.219534125121381,44.406889598473114
636.006,636.024,USV_685,0.018000000000029104,2.0,,None,450.10130000000004,,185.90469999999993,,0.012553524225950241,0.012966579861111112,13880.030715200177,17742.84710458697,0.00017934385569862876,29437.5,21382.56517943331,2.000813602341152,4.72426765758021,5.465812627345852,16.660922329240307,11.444175391656033,13.336241705416684,45.65273342162336
638.213,638.232,USV_686,0.019000000000005457,2.0,,None,450.10130000000004,,188.11169999999993,,0.012848918326199055,0.012744140625,13864.168999101204,18072.458680178555,9.877260629975076e-05,29034.375,22897.473269188296,2.5456921976742213,4.781898643211068,5.739197368297777,15.836095234202867,10.977656460641322,13.26209816499431,46.15857227109974
638.323,638.348,USV_687,0.024999999999977263,2.0,,None,450.10130000000004,,188.22169999999994,,0.01053004339337349,0.008341471354166666,15498.406196942016,17618.786842975085,0.0003590089595733193,31296.875,21331.058001141548,2.6609923669929425,3.514370376981139,4.288953443251877,15.750807774600892,10.10115588822231,13.958530834309057,50.44209077355745
643.915,643.952,USV_688,0.03700000000003456,2.0,,None,450.10130000000004,,193.81369999999993,,0.01126192044466734,0.02764892578125,15008.934816960413,14952.76304357911,0.00012846350540609568,29009.765625,25410.361565317955,2.9298318594029498,3.5091855592237406,5.441219207492429,18.16115383861387,10.225770909668004,15.346096301609808,54.450386315552095
645.211,645.231,USV_689,0.01999999999998181,2.0,,None,450.10130000000004,,195.10969999999998,,0.013610963709652424,0.0172607421875,13257.30811907138,15491.140330682896,3.291696851668002e-05,28190.625,23014.616255682453,2.3364338406534886,4.356655099333328,3.3414749667960577,13.818985367912926,10.67331659912099,11.334830602602292,50.20749416667097
646.964,647.022,USV_690,0.057999999999992724,2.0,,None,450.10130000000004,,196.86270000000002,,0.010063263587653637,0.021687825520833332,13996.4454965192,15255.781681133703,9.566500244182682e-05,29339.84375,21389.006270849448,2.59516500234244,3.9717530336254536,5.494681183939773,16.097258893911995,10.357644190720867,15.56568682812089,57.02693754710285
647.974,647.985,USV_691,0.010999999999967258,2.0,,None,450.10130000000004,,197.8727,,0.005461901891976595,0.034708658854166664,15925.394111628068,16819.93878036331,0.0002723848559389031,31359.375,17015.69314936988,1.1664497607651219,5.216328140454919,3.765752359565605,16.29153916989832,10.883290696124794,14.787642546664435,46.55526554002858
648.13,648.177,USV_692,0.047000000000025466,2.0,,None,450.10130000000004,,198.02869999999996,,0.0073022604919970036,0.033642578125,15789.701072286185,14975.082921438428,2.2145341136032965e-05,31007.8125,23364.538324194324,2.839689632215433,4.953555887403424,7.47769480556268,17.857037908959192,10.793249137302398,15.22266262339067,56.579904202450074
648.294,648.316,USV_693,0.022000000000048203,2.0,,None,450.10130000000004,,198.19269999999995,,0.008252554573118687,0.03233753551136364,16396.055061344334,17422.393372471663,0.0002740022400132772,32096.590909090908,23676.455754679235,2.1465123575327563,5.26664456651531,6.015846212452186,18.08557064644931,10.40255608125923,11.98072589279944,49.60851758451433
648.86,648.899,USV_694,0.03899999999998727,2.0,,None,450.10130000000004,,198.75869999999998,,0.011080157943069935,0.022087545955882353,14279.784478946996,17089.254330115946,0.00016754417332775823,30270.220588235294,17050.952164774197,1.6282711585939857,5.789482711402369,4.687994381487636,16.02382830294987,10.2427901625646,13.4626097631178,52.50426151698204
648.984,648.995,USV_695,0.010999999999967258,2.0,,None,450.10130000000004,,198.8827,,0.013328841887414455,0.013875325520833334,12897.659192800924,15956.070528741553,4.6297709807851196e-05,28921.875,27084.3889275945,1.8944293492552902,7.354575394598537,6.516930651587322,14.171827030284069,11.961964718639736,12.060290834894152,45.062799134098555
649.075,649.186,USV_696,0.11099999999999,2.0,,None,450.10130000000004,,198.9737,,0.010016607120633125,0.0250244140625,14841.619709280521,14620.557821439876,6.621858708806083e-05,30588.06818181818,22050.522900488908,2.818227699894994,3.989219069049756,5.679624142874141,15.773324928265975,10.826410795549831,15.163569138033381,58.714097679677735
649.276,649.334,USV_697,0.057999999999992724,2.0,,None,450.10130000000004,,199.17469999999992,,0.012203791178762913,0.025990804036458332,15278.081243683357,16294.280141309724,0.00017411645413565832,30421.875,22786.22218337077,3.289012177262517,6.074086477047788,5.48972312404074,14.731261959906348,9.549912036830351,14.977824546419036,56.45643137177222
649.37,649.472,USV_698,0.10199999999997544,2.0,,None,450.10130000000004,,199.26869999999997,,0.014458565041422844,0.018000905106707318,13405.148285435112,15798.752563744962,0.0001160415670929845,30576.219512195123,25354.51293180569,2.576849042046201,4.387503667400101,5.679927471207384,15.940234329044495,11.565542853832753,14.403778853515696,56.987588587381765
649.609,649.625,USV_699,0.01599999999996271,2.0,,None,450.10130000000004,,199.5077,,0.09348371624946594,0.01483154296875,12650.272677965684,19247.860185402555,0.0008980817106237008,25652.34375,32729.599583767562,3.7858882571161656,2.7308193112407917,7.394071243973874,16.1414826391868,8.88841000107255,15.342151285698314,43.81249527520346
651.411,651.453,USV_700,0.04200000000003001,2.0,,None,450.10130000000004,,201.3096999999999,,0.01497422531247139,0.043633355034722224,20665.789103208564,15449.311793980987,0.00028610756181804344,33270.833333333336,26851.834777513148,3.0775371362295325,6.050457309214007,6.589421747101044,17.138453811221424,11.292571452361152,15.233069058075074,58.7493038463589
651.595,651.711,USV_701,0.11599999999998545,2.0,,None,450.10130000000004,,201.4937,,0.012386450543999672,0.030597189198369564,15547.538007882937,13632.90538576394,0.0001816470588960876,28559.103260869564,16364.293118726791,2.930368366001022,4.391635460252792,6.258801202923511,16.66393765925223,12.367500802607115,14.972604574050331,61.678455858322394
651.81,651.912,USV_702,0.10200000000008913,2.0,,None,450.10130000000004,,201.7086999999999,,0.012338000349700451,0.0386694931402439,16232.592520916054,14107.766192289291,0.00015782669925782026,28984.756097560974,21049.974312123202,2.6393026166830467,5.051228318497716,5.433672571545976,16.99105578185632,11.37702975175993,13.910571117401235,60.95718300411564
652.029,652.098,USV_703,0.06899999999995998,2.0,,None,450.10130000000004,,201.92769999999996,,0.012436749413609505,0.029366629464285716,15917.250856032555,14217.4922639275,9.00452723750703e-05,28469.866071428572,21388.35960917828,2.608920137598393,5.02041766468684,5.001648097233991,18.176377537642562,11.993222907677055,14.782756185309461,60.07188948708798
652.227,652.294,USV_704,0.06700000000000728,2.0,,None,450.10130000000004,,202.12569999999994,,0.010213339701294899,0.05232456752232143,16959.615441670056,15969.561904338005,0.000358578848571086,29363.839285714286,24740.76445693286,2.3210096433934218,4.927922828880979,5.947347243262304,17.733835206832502,10.531952191676922,13.770272222687254,59.02671267103339
652.743,652.784,USV_705,0.04099999999993997,2.0,,None,450.10130000000004,,202.64170000000001,,0.010696813464164734,0.009480794270833334,14540.663421810996,17834.262788925244,0.00043373427833868057,30567.708333333332,20215.111697091736,2.7446806710087586,6.238097170356778,5.165846279198263,13.883222156849943,10.385420492972742,13.940864497664661,52.86095123882559
652.969,652.982,USV_706,0.012999999999919964,2.0,,None,450.10130000000004,,202.8677,,0.011442887596786022,0.022077287946428572,17256.303353229643,22778.776459757908,0.0004958584030155402,32919.642857142855,19807.456281427236,1.4354928883984481,6.940467345684695,3.884549222848203,11.541599667375156,9.4227686968538,11.277699244450405,40.14971301193676
653.726,653.762,USV_707,0.03599999999994452,2.0,,None,450.10130000000004,,203.62469999999996,,0.011993877589702606,0.0146331787109375,15089.877033945877,17170.255050359083,0.00019573273113451502,31371.09375,21750.071983600887,2.236563645986399,7.683867030369757,5.001565922274699,14.481543434935173,10.899257102621256,12.024348017662552,51.9355678311145
653.88,653.912,USV_708,0.03200000000003911,2.0,,None,450.10130000000004,,203.77869999999996,,0.010809823870658875,0.025041852678571428,14309.4163480175,14951.647441870029,7.205945168187883e-05,29959.821428571428,19276.252856456944,2.61010405874286,4.967158460817905,6.5663908617735105,16.315255932396415,10.708732719914877,13.704566834175223,53.54415540480481
654.785,654.797,USV_709,0.012000000000057298,2.0,,None,450.10130000000004,,204.68369999999993,,0.01043623499572277,0.022391183035714284,15684.12492569545,16990.227538327366,7.648908696800747e-05,29678.571428571428,23199.943119338655,2.934001927213004,7.107796199180242,3.7186815374014195,13.342363376219026,8.08080364834616,13.153693068960598,43.28596702905429
655.024,655.033,USV_710,0.009000000000014552,2.0,,None,450.10130000000004,,204.92269999999996,,0.008925891481339931,0.021565755208333332,20324.99040472573,24132.956445609354,0.000784415253353586,35093.75,24917.56081773856,1.7474896973185066,7.380798955985319,6.836224403763307,12.943921619419681,9.475465890177187,15.068454503921172,36.35283264598241
657.484,657.522,USV_711,0.038000000000010914,2.0,,None,450.10130000000004,,207.3827,,0.012273886241018772,0.02395450367647059,14933.630918994395,16049.592644093438,0.000242035772351809,28136.029411764706,17975.80148502622,2.4619745765730734,3.984270102987217,7.352329687635523,14.224323395165628,11.090007307320306,13.460679389422637,55.34694531712934
658.987,659.001,USV_712,0.014000000000010004,2.0,,None,450.10130000000004,,208.88569999999993,,0.010119711980223656,0.025787353515625,17344.678826873547,20298.60001796416,0.0014284607914449314,31300.78125,20926.7665908876,0.8005877884844028,5.538602190978358,5.3570681330912855,16.89543866169308,10.004075141008219,14.38266250775337,44.25306816453066
659.105,659.119,USV_713,0.014000000000010004,2.0,,None,450.10130000000004,,209.00369999999998,,0.010161396116018295,0.016937255859375,16163.880078415936,21757.286488967417,0.0010909995428030424,33164.0625,21603.79663424744,1.5462148455277602,4.971001716248546,6.412203573435953,15.929079248803598,8.077746735764475,12.360299218043227,41.96948324204331
659.519,659.619,USV_714,0.10000000000002274,2.0,,None,450.10130000000004,,209.41769999999997,,0.010808328166604042,0.03836669921875,15902.944911694718,14162.537156060658,8.103044537677101e-05,29826.5625,21608.62604426283,2.6104799667559266,4.615999319009161,5.403353406769992,17.910025719889372,11.261300265121443,14.901259738240224,59.81324389295594
659.946,659.971,USV_715,0.024999999999977263,2.0,,None,450.10130000000004,,209.8447,,0.009097426198422909,0.03900146484375,16790.842977820303,15199.500183306247,9.458142994208793e-05,29421.875,20551.685826044646,2.4487807322131983,6.869124214412033,5.388509133510109,17.2272317367842,9.173207402616443,13.843623378783962,52.398894369959216
660.039,660.074,USV_716,0.03499999999996817,2.0,,None,450.10130000000004,,209.93769999999995,,0.009169376455247402,0.017513020833333334,15065.06526444172,16392.005123487965,9.8823940686745e-05,30262.5,21190.14710181635,2.915643143567024,6.45368367110138,7.096031222004265,15.047656768536287,10.992168442854995,13.680061701427386,55.06413566705679
660.194,660.222,USV_717,0.02800000000002001,2.0,,None,450.10130000000004,,210.09269999999992,,0.009594393894076347,0.01250751201923077,14251.417324651537,16772.09219376989,6.95404795981049e-05,29855.76923076923,16899.38035475657,2.280571223872422,4.108184414288747,4.782808062165454,14.03887491781003,11.050855820122969,12.680219046186561,51.334817735917305
662.023,662.037,USV_718,0.014000000000010004,2.0,,None,450.10130000000004,,211.9217,,0.010465367697179317,0.01373291015625,18370.18788451764,24420.94212282995,0.0010200917455221736,34582.03125,25802.384547235088,2.3858822432503226,5.163161842773285,5.713986962780152,13.316267543394325,7.464492326827289,15.266973089358183,40.44840355994104
662.107,662.169,USV_719,0.06200000000001182,2.0,,None,450.10130000000004,,212.00569999999993,,0.012088381685316563,0.019972581129807692,14461.959296773708,14431.711560364261,5.70018363262346e-05,28712.740384615383,22532.9275293402,2.83082857831962,6.015363270732559,5.920996447513649,17.58579177850675,12.179526921485397,15.202284417519472,57.91877837018001
663.362,663.438,USV_720,0.07600000000002183,2.0,,None,450.10130000000004,,213.26069999999993,,0.01075910497456789,0.028564453125,14437.075179579517,15730.250983987464,0.00015046134740567897,29700.604838709678,24587.286519144913,3.0109141844560487,6.3109591172061155,4.991988969870471,18.026405045797187,11.80428357736315,15.144206100521592,57.581067766023715
663.755,663.777,USV_721,0.022000000000048203,2.0,,None,450.10130000000004,,213.65369999999996,,0.010840804316103458,0.03604403409090909,16151.47849518329,19447.877957947472,0.0002182483426455412,30340.909090909092,24035.500545615083,2.5730022618490622,5.871881556315605,5.01431311483693,11.83218010302412,10.203502688977395,14.153700364565402,49.55778517164482
664.11,664.161,USV_722,0.05099999999993088,2.0,,None,450.10130000000004,,214.00869999999998,,0.009906008839607239,0.030947730654761904,14127.98935057392,14083.92190802252,1.3199512023957003e-05,28910.714285714286,23586.130681374456,2.0057411000711425,6.530043999663578,4.929785561081024,16.93347146655454,11.473305449211072,13.919000471173243,59.56230779323612
664.272,664.306,USV_723,0.033999999999991815,2.0,,None,450.10130000000004,,214.1707,,0.007340343203395605,0.0333984375,15927.518861293249,15376.638650023775,0.00010384985287555448,30318.75,19440.20828545831,3.5716142712174106,5.0945017676413995,7.1567347319477905,18.43822115398537,12.038464185080853,14.385323643273841,55.49911404999511
664.465,664.524,USV_724,0.05899999999996908,2.0,,None,450.10130000000004,,214.3637,,0.00968109630048275,0.049886067708333336,16033.276970902245,15110.348363583582,0.00018014219316749326,28859.375,22179.693987188748,2.5958789348944653,4.476362838100365,6.001617142061034,16.907225935977255,12.34198485457211,12.587153500426282,60.2130255789123
664.655,664.713,USV_725,0.057999999999992724,2.0,,None,450.10130000000004,,214.55369999999994,,0.009592566639184952,0.02392578125,15002.594724314424,15091.926166433754,9.637758177342088e-05,29265.625,20240.92858722644,2.349343063013075,5.991395173658044,5.935932481126098,16.650087059554263,10.435901996732612,14.856745427279977,58.13299676576397
664.851,664.923,USV_726,0.07200000000000273,2.0,,None,450.10130000000004,,214.74969999999996,,0.01093375962227583,0.017552869073275863,14397.935720604948,15024.90566151647,4.0008851386873606e-05,28784.48275862069,23172.875940665836,2.7239871273038307,3.992692045643249,6.151976629347793,16.857520961485992,12.36817024368108,15.701017619608454,58.619285925550976
665.016,665.053,USV_727,0.03700000000003456,2.0,,None,450.10130000000004,,214.91469999999993,,0.008331594988703728,0.0300750732421875,16388.901163147064,17859.796179674817,0.0004227672556287744,32753.90625,18206.43165840633,2.5104089325420444,3.7616662629135886,4.766546422326918,17.715298050351297,10.203118674083466,13.927310202584543,52.094465395729294
665.234,665.279,USV_728,0.04499999999995907,2.0,,None,450.10130000000004,,215.1327,,0.010409003123641014,0.025390625,14526.996266818967,15930.816403397685,7.553751824264778e-05,30078.947368421053,20020.446695151066,1.5822466263846848,6.520477397131678,4.768374355409754,16.394830447044882,11.838925806544253,16.280489157244357,55.00427098170238
665.405,665.467,USV_729,0.06200000000001182,2.0,,None,450.10130000000004,,215.30369999999994,,0.010677706450223923,0.043992262620192304,15672.078168005644,14379.54903144814,0.00012561498560515453,28348.55769230769,20882.05705191728,1.9774451134091617,4.860228883858756,6.570950808577942,17.01270189138377,11.87443207011857,14.42971195279463,59.72860862364111
665.583,665.645,USV_730,0.06200000000001182,2.0,,None,450.10130000000004,,215.48169999999993,,0.010251093655824661,0.03480881911057692,15964.100895443717,15186.059920672667,0.00030212153143743554,29253.60576923077,22281.20365281191,2.9334084139829275,4.919612790687256,5.924899931988856,14.869829548390943,11.472104154969875,13.362361810761502,60.28253084426697
666.095,666.118,USV_731,0.023000000000024556,2.0,,None,450.10130000000004,,215.9937,,0.008660701103508472,0.03304776278409091,16475.291737499,15937.841670310614,0.00020467612412842942,30562.5,20033.42016145863,2.411954929781558,5.584474483985745,5.457691288473985,17.58160466013931,9.600719228253855,14.352157409926617,52.34315916103169
666.177,666.189,USV_732,0.011999999999943611,2.0,,None,450.10130000000004,,216.07569999999998,,0.00985840056091547,0.02490234375,16756.88269875305,20715.836360342364,0.00048216468880846696,31741.071428571428,19519.11569953598,1.639761834121199,6.055478731416945,6.05398899074447,15.240196091407407,8.543202465721196,12.126561996800174,40.635587875243395
666.557,666.567,USV_733,0.009999999999990905,2.0,,None,450.10130000000004,,216.45569999999998,,0.008464290760457516,0.022420247395833332,17849.96049642692,22977.06528919814,0.0006418434476276115,34140.625,24862.232687775617,2.017550401414046,2.108203635226315,6.219707461462921,13.758630699349624,9.61653653590645,13.52992649013177,37.52901373506671
666.853,666.868,USV_734,0.015000000000100044,2.0,,None,450.10130000000004,,216.75169999999991,,0.026294296607375145,0.034515380859375,14111.50676752429,17459.232990660377,5.882174676180362e-05,29812.5,31713.227665528022,2.0205968617326198,2.898013058477258,8.991511477590432,19.850378402140464,9.989678652498682,17.257217155138065,45.226520773367156
667.001,667.034,USV_735,0.03300000000001546,2.0,,None,450.10130000000004,,216.89969999999994,,0.0069874972105026245,0.0298828125,16736.45815095,18710.77680413626,0.0003387988994245821,33193.75,23510.237580753845,2.155361823964989,5.146698707815433,5.853298327749029,16.02311998104022,10.448985345583278,12.431600429868825,53.329779024428674
667.159,667.22,USV_736,0.06100000000003547,2.0,,None,450.10130000000004,,217.05769999999995,,0.01087934710085392,0.017958984375,14882.282505704714,15929.63343583066,0.00011475275373756214,31406.25,25054.731655150823,2.177521738766956,5.4759741187827675,5.192498395565434,16.990243046232695,10.759457709561978,14.680342998432916,56.267514525226
667.823,667.842,USV_737,0.019000000000005457,2.0,,None,450.10130000000004,,217.72169999999994,,0.014299869537353516,0.01015625,15874.115505674063,17963.387708300477,0.0005510747971198572,29165.625,19572.402324541075,2.3443494699137952,2.896097708993604,5.844876472579665,16.01594451679512,10.823351494265157,14.659594736886323,48.75495286179025
668.131,668.189,USV_738,0.057999999999992724,2.0,,None,450.10130000000004,,218.02969999999993,,0.011613138020038605,0.019215901692708332,14121.738364170766,15865.846999751297,0.0002650177517012147,29906.25,20532.81047366947,2.3638213555324863,5.227565028515973,5.021567337761698,16.94752320737088,11.344967122265649,15.962518001166018,55.866462743905934
668.553,668.572,USV_739,0.019000000000005457,2.0,,None,450.10130000000004,,218.45169999999996,,0.008811521343886852,0.0308349609375,19185.693673936647,18184.28104289709,0.000759259031523562,33196.875,17419.64662941319,2.097283983506756,3.808888406277643,4.934493783524943,14.284262435983516,9.122865331559646,11.902909328655328,49.36358290692639
669.447,669.467,USV_740,0.01999999999998181,2.0,,None,450.10130000000004,,219.34569999999997,,0.008316067978739738,0.02587890625,16825.07649502671,17171.38300825381,0.00014022814321854661,31087.5,21320.406988011648,1.3901104329748892,4.672709553430262,5.7110219984281985,17.044512823072164,12.999306472579178,14.256607600652796,48.87721325779871
670.523,670.549,USV_741,0.025999999999953616,2.0,,None,450.10130000000004,,220.4217,,0.013093150220811367,0.021402994791666668,17135.277224266814,17020.869736542096,0.00047433987544565786,30687.5,22511.417387473924,2.1678767346425456,4.57460933053964,6.187712586377721,15.63670133488016,10.072909012689252,12.914602750966205,52.494403622836394
670.752,670.785,USV_742,0.03300000000001546,2.0,,None,450.10130000000004,,220.65069999999992,,0.010577201843261719,0.013899739583333333,13801.345609127475,15725.00314138162,9.08907436424069e-05,30112.5,20483.577402513132,2.151226108256117,4.531260851905278,5.299395878403348,16.619510745611915,10.92017357636588,13.505211011666864,52.47224084298931
674.476,674.588,USV_743,0.11199999999996635,2.0,,None,450.10130000000004,,224.37469999999996,,0.010651356540620327,0.03021240234375,16302.397474505666,14884.891763255682,8.99453511856426e-05,31527.698863636364,23947.373793138937,2.6037003074920344,6.291069463867208,6.334127728418761,15.639881290466748,11.701217175118048,14.714943964072567,60.34495866910441
674.626,674.696,USV_744,0.07000000000005002,2.0,,None,450.10130000000004,,224.52469999999994,,0.01147170178592205,0.01965752963362069,13503.004051595392,14780.436091464484,2.421916481866383e-05,29789.870689655174,19032.54784590886,2.323734768144068,5.26750390045987,6.551799648722768,17.925369724371798,11.623789063610618,14.643947018531602,57.091479257937785
675.935,675.956,USV_745,0.02100000000007185,2.0,,None,450.10130000000004,,225.8336999999999,,0.010767098516225815,0.03330078125,17453.142066733428,20793.328475996277,0.0014231036865603995,34828.125,17246.1648478269,1.52128891559578,5.373190541238985,3.518789668379982,14.499943542230293,11.529411948438325,12.707936002890014,47.00967043319373
676.089,676.128,USV_746,0.03899999999998727,2.0,,None,450.10130000000004,,225.98770000000002,,0.010654622688889503,0.025160845588235295,15154.468205718127,16744.00716846725,9.198486803872928e-05,29266.54411764706,23097.159348603553,2.929239936155621,3.2931400664591517,4.9499720304802945,15.594533304177332,12.894651710657971,15.30578515903234,55.14844225095459
676.297,676.381,USV_747,0.08399999999994634,2.0,,None,450.10130000000004,,226.1957,,0.010992342606186867,0.03509880514705882,15331.726306786066,14344.31913468428,0.0001363429192270862,28083.639705882353,21945.089445309804,3.2811759619967225,5.368028868479612,4.883327407178463,16.170511025595687,11.998886068189693,14.328676477621617,60.78418768006891
676.527,676.577,USV_748,0.049999999999954525,2.0,,None,450.10130000000004,,226.4257,,0.0077513596042990685,0.060267857142857144,17213.37711008186,14670.996621534334,0.0001473120808720854,30325.89285714286,24266.438945591945,2.6644140098917015,5.126192499639458,6.1033633733414066,19.075402289007652,11.627481025652187,13.598048828735314,58.73671930928731
676.715,676.791,USV_749,0.07600000000002183,2.0,,None,450.10130000000004,,226.6137,,0.009954988025128841,0.04059034778225806,15311.247532800347,14765.968512147152,7.09737448715825e-05,29222.782258064515,23214.0337665634,2.087103007825342,5.116959534939611,5.170635764642859,15.513904797471804,12.12649583397775,13.57991261883668,58.95716726993595
676.952,676.998,USV_750,0.04600000000004911,2.0,,None,450.10130000000004,,226.85069999999996,,0.009422739036381245,0.03492431640625,15282.390756456783,16295.719141656755,0.0002209378523832045,30093.75,22778.398194331578,1.8027416190287195,4.783997630032152,5.561588869211233,16.86918144920065,11.520202019142802,16.179322448360296,56.51865757189447
677.159,677.181,USV_751,0.022000000000048203,2.0,,None,450.10130000000004,,227.05769999999995,,0.0116720637306571,0.015980113636363636,14964.062928598949,18772.81829644906,0.0001646723963227506,29599.43181818182,24051.524168417676,2.4982647318612865,2.989097385157285,5.25460581743178,13.607707347289123,11.651902324500139,15.118834168989542,49.69370065195855
677.53,677.604,USV_752,0.07400000000006912,2.0,,None,450.10130000000004,,227.42869999999994,,0.010318647138774395,0.050276692708333334,17574.535142928937,15093.375250646579,0.00040391438819643106,29931.25,24463.082161066413,2.7310914960799613,7.492206253148396,5.660406696143449,16.97839792891748,11.028856305506789,13.92737764102847,60.45745923158814
677.715,677.808,USV_753,0.09299999999996089,2.0,,None,450.10130000000004,,227.6137,,0.011899296194314957,0.061371674408783786,17291.74750350432,13017.688222138067,0.00010505222984372203,28431.587837837837,19812.188363240883,2.107174794744266,5.693168791144056,5.599546437570992,16.90377833004889,10.89557009545732,14.46905980624997,63.07923182874009
677.934,677.997,USV_754,0.06299999999998818,2.0,,None,450.10130000000004,,227.83269999999993,,0.00851695891469717,0.043428861177884616,16053.862789725586,13821.709249608703,7.736689056240308e-05,28543.26923076923,21200.937274487867,2.3681374160776305,4.277715402485898,4.427107531615719,16.92233036941791,12.087287615253455,14.710441323238333,61.09171163755601
678.075,678.101,USV_755,0.025999999999953616,2.0,,None,450.10130000000004,,227.9737,,0.008954228833317757,0.027445475260416668,17480.909175164503,18280.944717249175,0.0005529633880627918,30890.625,23334.555294881182,2.094494435655588,4.886587719977516,7.498210516680893,17.452963248072432,9.27651236839119,14.87642249175363,51.51690797623123
678.75,678.764,USV_756,0.014000000000010004,2.0,,None,450.10130000000004,,228.64869999999996,,0.007803641725331545,0.040313720703125,17981.838440109997,16607.225352036538,0.0001823068286628796,30796.875,25703.751675095522,1.2651321810653011,6.01935084283715,3.5596413204523247,15.328846023240374,10.740534847472606,15.376935981421688,47.49731070877573
678.858,678.873,USV_757,0.015000000000100044,2.0,,None,450.10130000000004,,228.7566999999999,,0.014709442853927612,0.0322265625,15189.839607783262,17023.550333922365,8.890488524987617e-05,29765.625,15170.98684954439,2.7140294079663585,2.8868348701619686,8.030560471645527,15.85079116994791,8.943864796165116,13.301231715236373,46.55721727277664
679.285,679.293,USV_758,0.008000000000038199,2.0,,None,450.10130000000004,,229.18369999999993,,0.01147889532148838,0.01494140625,15549.987320135906,21986.360390865382,0.00014917150863525587,31050.0,21689.523992928946,2.5075737391800543,4.013504327701493,6.304203364542148,14.11507730234978,12.146413537581834,12.655401975202873,33.56542752340164
679.733,679.809,USV_759,0.07600000000002183,2.0,,None,450.10130000000004,,229.6316999999999,,0.012401864863932133,0.05022208921370968,17726.336136691807,14612.769389271341,0.00025237696119619773,31103.83064516129,22744.021330622476,2.6842168386831218,3.924390490242112,3.9613353342671913,16.196753377764406,10.667968854209498,15.383182493552681,61.26047629280518
683.033,683.053,USV_760,0.01999999999998181,2.0,,None,450.10130000000004,,232.93169999999998,,0.009715886786580086,0.027978515625,15911.261666406726,16349.484624533414,0.00013656334468647793,29887.5,18679.813362083853,2.2159336672463588,5.367643538246296,5.147463557665479,15.136992688133745,12.497408851173265,12.545021797772481,49.23528597925484
683.232,683.26,USV_761,0.02800000000002001,2.0,,None,450.10130000000004,,233.13069999999993,,0.012972086668014526,0.011249248798076924,14405.011275349609,17860.3412740852,0.0003482719111074865,29668.26923076923,21782.990437737193,3.4999063132394923,2.365494714153827,5.177104860668726,12.906647885602025,9.370542914368645,14.271874877039725,50.92388202327357
683.699,683.709,USV_762,0.009999999999990905,2.0,,None,450.10130000000004,,233.59769999999992,,0.013611197471618652,0.020751953125,15717.318270362395,18481.45280900579,0.0004418309365476934,29562.5,19955.03055630316,2.326920922411911,4.161151543915731,6.719874988266589,13.579561436895561,9.069035965720417,12.628048686645338,39.30343823552614
685.099,685.126,USV_763,0.02699999999992997,2.0,,None,450.10130000000004,,234.9977,,0.014019188471138477,0.0048828125,12858.386120210258,16860.104412377143,5.502881407200746e-05,28398.4375,17886.392002035536,2.4962179410519725,5.1577104404025915,5.412321112620796,15.440813382439865,11.148614895862432,14.452582880590528,51.65752226421302
685.58,685.637,USV_764,0.056999999999902684,2.0,,None,450.10130000000004,,235.4787,,0.010843582451343536,0.022013346354166668,15113.92202835079,15944.551133035484,0.0006557652035359915,30199.21875,25067.735545315303,1.7485099951322798,6.185192244565809,5.627702728487848,16.63942557671481,11.940422847971442,13.960324840496178,56.40374644693463
685.682,685.752,USV_765,0.06999999999993634,2.0,,None,450.10130000000004,,235.58069999999998,,0.008770245127379894,0.049627896012931036,17632.038618898663,14436.030930950074,7.957415286903553e-05,31904.094827586207,23283.672279629416,2.48188570367956,4.820029360333662,4.806610559895886,15.846200110293553,11.071196308319925,14.5707168350545,61.088466993349606
686.191,686.287,USV_766,0.09600000000000364,2.0,,None,450.10130000000004,,236.0897,,0.009459791705012321,0.029881527549342105,14525.058696490494,14353.578630946775,0.00010883554524881391,29570.723684210527,16771.067331085113,2.833031081707106,6.533538057050354,5.994745668085002,17.036055891457323,10.570506962383183,14.108382145708761,59.21653202000394
689.345,689.474,USV_767,0.1290000000000191,2.0,,None,450.10130000000004,,239.2437,,0.011860639788210392,0.021637561274509803,11684.366156417671,13012.305144443677,5.828167388333375e-05,26108.45588235294,20879.992243281024,2.563966683937145,5.27726525522079,6.53361601685991,15.55954124977698,11.605672553380616,16.078748364209854,60.556267261900864
690.754,690.79,USV_768,0.03599999999994452,,,None,,,,,0.012285687029361725,0.01007080078125,13370.56752644184,15544.69009611926,7.913240152555465e-05,28195.3125,21979.759557275145,2.6592202748276357,3.898412164562959,4.8513558734790605,14.11674653308768,10.762790275676512,15.870661953872313,53.37198595594857
691.139,691.179,USV_769,0.03999999999996362,,,None,,,,,0.014065716415643692,0.019775390625,13116.684119201143,14265.62786824462,6.162484274316456e-05,27623.16176470588,18756.164742403493,1.8492222658603865,7.821174626778496,5.71003784358442,16.21730524474109,11.05590190127617,13.990128200969583,55.00289068331796
691.526,691.566,USV_770,0.04000000000007731,,,None,,,,,0.009871713817119598,0.04749253216911765,18504.243140949944,16032.590981804009,0.00024348793301586668,32084.558823529413,25242.792199066993,2.235632466564913,4.061422335241243,6.356615872513622,15.145714819865725,9.510359330192534,15.192164802044,57.61775899495846
692.507,692.52,USV_771,0.013000000000033651,,,None,,,,,0.008609005250036716,0.018171037946428572,15835.334635588353,16788.401604598155,0.00013143959146376795,29852.678571428572,20329.133103789743,2.1076485188978724,3.496386611549995,5.320905310350594,12.592771382772819,13.121043856562498,15.688133448698768,44.0450341677675
693.518,693.56,USV_772,0.041999999999916326,,,None,,,,,0.011071106418967247,0.026692708333333332,15940.312608577819,16948.145092530358,0.0004819270936505878,30984.375,23237.816155455486,2.600194688390666,4.423495907893316,5.549037962966235,15.315819764671764,9.889505201710612,15.49422374706592,53.726922393694586
694.172,694.27,USV_773,0.09799999999995634,,,None,,,,,0.00963710155338049,0.028401692708333332,14673.67165698017,14239.465864687012,0.00019295980848719593,29735.576923076922,17440.671004875054,3.1666226674310933,4.303853554637253,5.413895453029882,15.794994198015653,11.07331072719472,15.356261241490541,59.290366064927476
694.641,694.697,USV_774,0.05600000000004002,,,None,,,,,0.01175644900649786,0.022354789402173912,14080.582226338163,15055.100610180518,0.00014595795259295254,28059.782608695652,18076.38046944999,2.217469560277638,5.577062033337876,4.8753874612815205,14.621130565096287,11.685908347043311,14.615741702122824,57.211535114104485
696.808,696.854,USV_775,0.04600000000004911,,,None,,,,,0.02062031999230385,0.01280517578125,10375.86678301659,14462.328026179192,0.00038043996896323896,21735.9375,15566.413174285535,2.3735247640340638,3.190742326001224,6.078840684002032,15.614872935671482,10.53374921919374,14.747194771483617,55.79337239192036
698.007,698.039,USV_776,0.03200000000003911,,,None,,,,,0.013065757229924202,0.014822823660714286,15064.018734420557,17848.92853455509,0.0003216915899611728,30281.25,23828.151537599908,2.4568817651692325,4.29071198150815,5.1996731762787745,16.255338328256144,11.104547062949353,14.382926657402967,53.649332044624146
698.098,698.11,USV_777,0.012000000000057298,,,None,,,,,0.013250341638922691,0.016915457589285716,14851.62917635474,22800.926204930554,0.0007117807972891053,29424.10714285714,23250.268022739558,2.5770932657590797,2.479902764480468,6.817946071396389,12.17872788617577,9.542108808913008,12.845485979870233,39.83224514342864
698.599,698.668,USV_778,0.06899999999995998,,,None,,,,,0.021492118015885353,0.016305106026785716,9736.280433004838,12050.630881589139,9.82028871956311e-06,22784.598214285714,19086.296772751582,3.012860530015384,2.540503974709871,4.7265826836621425,17.32829030021584,10.285287898960842,15.10013468084506,59.42464680138338
698.752,698.84,USV_779,0.08800000000007913,,,None,,,,,0.06377208232879639,0.0069684709821428575,6186.861061148223,10639.40372943988,0.00011392255045894027,13992.857142857143,25068.301111961733,5.9508419145457525,2.847404037006622,5.773433788000852,19.05352274376349,10.15021220157775,14.49478653158304,58.70745742409599
704.334,704.441,USV_780,0.10700000000008458,,,None,,,,,0.011360845528542995,0.019786746002906978,13960.367569546726,14651.156989943223,0.00019643314019294366,30039.24418604651,26559.549605998276,2.8335163395916747,5.407163740261768,6.199204996399822,17.24011348548099,11.175878142765612,15.438542650894247,58.202179161242974
704.594,704.646,USV_781,0.05199999999990723,,,None,,,,,0.009562665596604347,0.02704412286931818,15653.459853463179,15489.214630955266,9.151670353435538e-05,31048.295454545456,24301.379732356952,3.2525740721608347,3.3519773457795834,4.3693462685122615,16.280653355524972,11.53664820122313,15.961166736973546,57.79568316968657
707.549,707.606,USV_782,0.05700000000001637,,,None,,,,,0.013405341655015945,0.061625162760416664,20690.292154008086,15518.87898372951,0.0002811114207024331,33843.75,26692.672841987263,2.70748741112836,4.159395084738921,5.657460128200888,14.847168461815025,10.898684060132679,15.895135498656048,60.04643685269246
708.513,708.558,USV_783,0.04499999999995907,,,None,,,,,0.013935975730419159,0.029708059210526317,18639.597330247503,16073.791840929376,0.0001044630067142531,33582.23684210526,27237.873421399414,2.1766517519738815,4.886363039589095,4.30539511240631,13.560647298334038,9.869276275741361,15.736118182232289,56.98352799286085
719.853,719.96,USV_784,0.10700000000008458,,,None,,,,,0.01366518810391426,0.01622115734011628,13112.11461406833,14686.486629435161,0.00018310671289433576,28347.383720930233,21988.67579894378,3.187345988160519,7.357056112984302,4.253565290209731,15.425177126279827,10.564929740367202,14.7328206918395,58.20959921195767
720.361,720.408,USV_785,0.047000000000025466,,,None,,,,,0.022551221773028374,0.00919189453125,9248.919560823018,14248.895449055348,0.00020842836541992018,22228.125,25556.98573400743,1.7346115369266175,2.342435550741945,5.542045742382978,18.203958232029454,9.478567780742422,14.237710941027638,54.52533668605319
720.454,720.581,USV_786,0.1270000000000664,,,None,,,,,0.025337832048535347,0.0110791015625,8460.025740923547,12641.499423949477,0.00012291844091861303,21341.25,26001.038180369324,2.260370552429571,2.2066460247566515,4.436912333770693,18.816744525276047,11.3421869015796,14.882106086607486,60.16603770010065
722.452,722.545,USV_787,0.09299999999996089,,,None,,,,,0.03359323367476463,0.010346283783783784,8067.589140818862,12551.27869784899,0.00014766484111709922,20683.277027027027,25178.347350385528,4.127329851818946,2.7811355519824663,5.5934893450825145,17.50893702316625,10.20365578700226,16.5470874657643,56.44984301537522
722.779,722.862,USV_788,0.08299999999996999,,,None,,,,,0.10109654068946838,0.004956794507575758,4302.159283648048,8922.700348274784,8.834753564276751e-06,8119.318181818182,38156.67707837236,3.4353188718061367,3.4020927382886845,5.587588606605006,20.9829340463742,11.196576604508842,14.909629107876805,57.23760070358187
767.712,767.82,USV_789,0.10800000000006094,,,None,,,,,0.009396671317517757,0.03596815952034884,16275.928350668157,14426.235562597158,2.7730876590383567e-05,31183.866279069767,25552.215303900393,1.9298763620207962,5.129971984568979,5.449936275842902,17.109193329534218,10.676114611668908,14.81435214040779,59.95190133298231
767.85,767.894,USV_790,0.04399999999998272,,,None,,,,,0.010518357157707214,0.02530067845394737,15242.95238965851,16496.623028968042,0.00025539462820181873,30917.763157894737,22872.988150869925,1.5012550263768052,5.020278784411462,5.7406464224544544,18.454446475886257,10.532718306408341,15.210541872559391,54.75064944048915
768.088,768.098,USV_791,0.009999999999990905,,,None,,,,,0.00811572652310133,0.023478190104166668,16859.309061720942,17397.956608590597,0.00035220303414126066,31203.125,23749.45760627232,1.8231978227073562,5.765675330176617,3.7524705795058306,15.981080150335913,10.751328888004112,14.379460012640477,40.75061229143686
768.362,768.398,USV_792,0.03600000000005821,,,None,,,,,0.012323783710598946,0.0243682861328125,16093.316050183972,18196.741469721746,0.0004479490173161965,31916.015625,27237.30146900381,1.4158637828962544,5.838518137466212,5.808003792353147,15.03047641900422,9.441545265618434,13.628364377537542,52.02426361313785
768.594,768.662,USV_793,0.06799999999998363,,,None,,,,,0.009553111158311367,0.023515973772321428,14927.343371518422,16071.070117390676,0.00029328272473045264,30940.848214285714,23593.638956068597,2.9338784218443625,4.676356893633884,5.6362385858055175,16.2087391883369,10.910836127092077,13.9748203487859,56.55101330443563
775.04,775.074,USV_794,0.033999999999991815,,,None,,,,,0.021815059706568718,0.011197916666666667,8878.251001017345,13766.71393384328,0.0001873263266064532,21212.5,26081.43622365085,3.503236239857629,2.4156038025152244,3.6854081291809466,15.055929330951813,11.99607566881206,13.587896374081584,53.65298591637179
779.207,779.278,USV_795,0.07100000000002638,,,None,,,,,0.011836264282464981,0.026375606142241378,13671.920291523329,13167.383486198696,1.2439583539040586e-05,28603.44827586207,17806.452644282337,2.030796171178181,5.877206193391549,4.314058326047412,15.279310140471187,12.253846342158191,13.86981650363907,59.313442476788275
781.294,781.441,USV_796,0.1470000000000482,,,None,,,,,0.011431660503149033,0.033506196120689655,14566.771627187345,12934.50938736034,3.500409224040841e-05,27840.51724137931,17491.367402886342,3.0860123166650495,5.578623888474848,5.074097390887298,16.00832608589032,11.035734320979186,15.671725750413586,62.63198989571888
781.502,781.573,USV_797,0.07100000000002638,,,None,,,,,0.01174188032746315,0.01853785021551724,13320.870690473741,14434.709599368338,7.511786358659028e-05,27762.931034482757,14921.203014012379,2.687653392519064,5.457366657949581,5.404343758725647,14.58433130255979,11.06027865516049,14.990294317590694,57.50791681578086
783.571,783.651,USV_798,0.07999999999992724,,,None,,,,,0.00836668536067009,0.0266876220703125,15201.805594884983,14730.247916065382,5.988524691861938e-05,31318.359375,21583.69876814988,2.1734058065562913,3.4376594683655033,5.277716741492097,15.427798208101175,10.698064171838684,15.410062209792038,58.0367895550027
783.712,783.754,USV_799,0.04200000000003001,,,None,,,,,0.010058115236461163,0.026502821180555556,15213.380328135487,16724.119739018424,0.00045633806404967787,30989.583333333332,23628.254160579465,2.5287246595246575,3.550787081402879,4.885500737790014,16.20127921682611,9.671301427531343,14.269581555380467,54.17342503609111
785.975,786.068,USV_800,0.09299999999996089,,,None,,,,,0.026435641571879387,0.019260715793918918,10555.741945247537,12702.827100949507,4.111782642234584e-05,24438.344594594593,21656.45447712919,3.1465322692503648,2.1481822226681007,5.1699011421506365,14.523295924020891,11.914796598062008,15.9431388170099,56.70023899812643
786.166,786.212,USV_801,0.045999999999935426,,,None,,,,,0.013580262660980225,0.0185546875,14308.94837462765,15720.284047034507,0.00014764069943165334,28940.625,21889.217069684695,3.41337086675395,3.789684719990519,5.940507814113365,15.545708163242534,10.18473256602123,15.563998664093507,56.6894093358293
786.251,786.261,USV_802,0.009999999999990905,,,None,,,,,0.008944720961153507,0.025146484375,16647.84303738796,16483.10255465071,0.0005491559211379213,29578.125,25056.51021073856,2.8773784619782634,4.242999310642716,4.694896661501772,13.197222906121118,12.168954741109955,13.127116253908037,47.18454931507077
787.01,787.083,USV_803,0.07299999999997908,,,None,,,,,0.010266916826367378,0.029996744791666665,14897.148197464832,14930.366647405708,6.6975641635671e-05,29846.875,15765.823818454166,2.877513408637399,4.424075115238856,5.327160567519503,17.40931522039274,9.83458255091252,14.497647127620183,59.19136002992284
787.193,787.249,USV_804,0.05600000000004002,,,None,,,,,0.04623398184776306,0.021006708559782608,10483.663713832293,12530.842318492823,0.000135993883669358,21619.565217391304,16894.099726615976,1.9904027729409706,2.5681375433616513,5.889507370357207,17.295964923643556,11.329745623291734,15.063943292611542,55.72304062533527
787.541,787.574,USV_805,0.032999999999901775,,,None,,,,,0.01245938427746296,0.02109375,12687.064519591939,15691.70430658817,8.236082469291559e-05,26856.25,16229.93677936343,1.7881873813528872,3.714591875493366,4.172432065210568,14.155634839846227,9.129328417583748,13.598758149479513,53.37620792610133
788.514,788.565,USV_806,0.051000000000044565,,,None,,,,,0.020900778472423553,0.018776633522727272,11205.080161105381,13972.352767079592,0.0001404539773907701,24643.465909090908,15985.904396478583,3.1075700156395545,3.498121905589468,5.494640667500061,17.88730806708525,12.627451100365095,15.718263474140612,58.22260939677949
789.773,789.843,USV_807,0.06999999999993634,,,None,,,,,0.0258405189961195,0.011306236530172414,9295.855603297694,13896.003179267844,0.00019528589192910998,21720.905172413793,26242.191006565463,2.6308582402684646,2.920996050796247,4.674529567236192,17.623551941399676,11.76095110939482,14.88292891403767,58.51156319085136
790.286,790.298,USV_808,0.012000000000057298,,,None,,,,,0.01231702882796526,0.014508928571428572,17241.317177956713,23822.315428896807,0.0007110465202008219,32209.821428571428,24508.271732555837,2.1803739192706826,5.3246047977390765,4.464268120535624,9.188490357216736,7.864088568608152,14.020805416417872,38.13588187400092
790.474,790.61,USV_809,0.13599999999996726,,,None,,,,,0.017280694097280502,0.0406471108490566,14563.516228608205,11901.691985199912,2.185266471060646e-05,26874.41037735849,16256.456143119798,2.6727563595032495,3.3073875016717285,5.82805075958123,16.045582638296207,10.273120448589848,15.849392119594759,65.1811140468327
791.174,791.256,USV_810,0.08199999999999363,,,None,,,,,0.024849092587828636,0.02402935606060606,11893.023350489608,12938.64358628306,0.0001131466311323835,25071.022727272728,19269.195841316996,2.664801008445191,2.6794886731639878,4.990401865486628,18.320674988592955,11.674792408415737,16.276338290391447,59.44445737432979
797.204,797.246,USV_811,0.04200000000003001,,,None,,,,,0.012650832533836365,0.029975043402777776,12761.320152735121,13930.24443371251,1.5530391746365326e-05,27250.0,25638.85886331266,3.334317543736387,4.844354078399643,6.211044581797129,18.172286520672955,11.020429469688933,16.00086839426179,57.247203148721965
797.384,797.459,USV_812,0.07499999999993179,,,None,,,,,0.010537635535001755,0.04864095052083333,15904.798172470324,15011.326317296227,0.0002843200976606254,29112.5,25823.881351340187,2.678764973821267,4.610186067807255,6.206461856889543,15.70981654619987,11.026340084213496,14.969315220928088,60.79265287069368
797.51,797.61,USV_813,0.10000000000002274,,,None,,,,,0.056921422481536865,0.008740234375,6719.948884854872,11062.491303867788,7.404026933513299e-05,15253.125,21504.22185733813,2.9619560523296418,2.0618884877185955,6.523163952229405,18.013625202838533,10.996707539699106,14.658862735998436,58.084373488190145
797.735,797.818,USV_814,0.08299999999996999,,,None,,,,,0.0410274937748909,0.016313032670454544,7250.735451369621,11738.896641376925,1.0256085760415369e-05,18511.363636363636,30566.866288715293,2.4189188625225775,2.1465147823614124,5.820056158231959,18.540547213710294,11.322908330335652,13.924355843569025,59.335916786719196
797.934,798.013,USV_815,0.07900000000006457,,,None,,,,,0.01871633343398571,0.01700592041015625,10185.107137586492,13530.072967820259,3.806450946155078e-05,24568.359375,23407.68412359232,4.228891949587275,2.565749758999239,5.435915987823939,18.302938117208736,10.052919439622652,15.148889911115134,59.29247797551916
798.199,798.225,USV_816,0.026000000000067303,,,None,,,,,0.010555087588727474,0.032491048177083336,16096.764361856125,17534.504096074972,0.00042916944502332713,28851.5625,18683.306639682403,1.0121697393354674,4.013400811763833,4.777300374153541,14.184664957916327,10.027185578396908,15.66142821892955,52.712751690600584
798.359,798.431,USV_817,0.07200000000000273,,,None,,,,,0.009097004309296608,0.033388335129310345,14857.88998462354,14280.237381035015,3.580396576513081e-05,28778.01724137931,18636.337838537205,2.7512655172741587,3.4086336597131974,5.162371044471864,15.86087115801265,11.973416180757228,14.424829101640992,59.7785131160397
799.004,799.044,USV_818,0.03999999999996362,,,None,,,,,0.009630287997424603,0.023293887867647058,14588.750848317392,15340.174322159812,0.0001664633190395961,28273.897058823528,19112.016759186765,2.2361755097868126,2.907195469446308,6.176706325588764,12.942714991995828,10.629761749202654,13.27981384095572,56.66440013056236
799.585,799.669,USV_819,0.08399999999994634,,,None,,,,,0.010072730481624603,0.022963579963235295,13799.523203475042,14617.175549817415,7.630634560068861e-05,29004.595588235294,21864.124470590352,2.8721118561676398,5.743790502819481,5.0011495706589555,14.839786567893995,11.472189160751146,14.511267516651786,59.463690279306824
801.727,801.838,USV_820,0.11099999999999,,,None,,,,,0.012298389337956905,0.04202547940340909,14211.424519409826,12329.025211447115,5.7879794632744316e-05,26190.340909090908,15582.70382677288,2.6364822359561004,4.2081622432446615,5.04865745188988,14.347058907138544,12.699428323438822,15.463705010645997,63.164733952837715
801.92,801.939,USV_821,0.019000000000005457,,,None,,,,,0.016600269824266434,0.00986328125,14134.345668281061,18261.20258427064,0.00019404496602856073,28771.875,23335.96973626638,4.516552225463182,6.677481373949396,3.429460499169172,14.444267732855076,9.858792634627681,16.015974360529558,46.31900427993428
802.107,802.188,USV_822,0.08100000000001728,,,None,,,,,0.009546510875225067,0.026633522727272728,14197.091342945696,13899.313875398977,1.7014524472701495e-05,29673.295454545456,20859.272633946137,2.0195715302814428,3.874984450273683,5.842923430216977,15.92602968153261,11.240252338127338,16.418331940651264,58.81334156181103
806.58,806.684,USV_823,0.10399999999992815,3.0,,None,802.2583000000001,,4.321699999999964,,0.015993870794773102,0.023020674542682928,10968.97145466314,12445.346814470438,3.450156880843522e-05,24276.676829268294,16732.910638297453,2.90939453246141,4.076224332649812,6.006118640147508,15.351340216098224,11.707535931937553,14.425144604402991,61.15682143524728
806.87,806.898,USV_824,0.02800000000002001,3.0,,None,802.2583000000001,,4.611699999999928,,0.0120265893638134,0.01842322716346154,12603.320235898987,15147.766565396481,9.630189434075056e-05,27548.076923076922,16487.558043461988,4.334474393383488,6.463461992975483,5.915100835809454,14.693112166403834,11.058267915263762,14.848283785123794,51.96442396150952
808.451,808.46,USV_825,0.009000000000014552,3.0,,None,802.2583000000001,,6.192699999999945,,0.005863391328603029,0.029622395833333332,20328.870088142732,19248.927783330237,0.0002927099871151392,35312.5,30872.190396680966,2.2133040644333213,1.6043093800452741,5.76531620351555,13.559990847699495,15.610486602090404,13.12860721837273,40.61718654165737
809.08,809.091,USV_826,0.010999999999967258,3.0,,None,802.2583000000001,,6.821699999999964,,0.006308609154075384,0.029541015625,16880.543510129457,19412.159142805493,0.0005752378902220473,31250.0,24790.370067529908,1.7263350285241508,1.6158012383012927,5.8737584521929085,17.760110184656074,9.501437577089247,15.398892998355757,46.02370984331653
809.17,809.184,USV_827,0.014000000000010004,3.0,,None,802.2583000000001,,6.9116999999998825,,0.010946784168481827,0.02679443359375,18882.280902445156,22478.100541061085,0.001289700691932014,34394.53125,21738.354721899545,1.6939342779019202,7.136252358769305,5.641825930862121,11.496549348223223,9.730159117813031,13.232972139483559,43.03316040494137
810.109,810.135,USV_828,0.025999999999953616,3.0,,None,802.2583000000001,,7.850699999999961,,0.007960519753396511,0.024251302083333332,17550.669207350442,16796.370233180245,0.0002567380740314583,32164.0625,24796.72011655512,2.446145921491119,5.835733953433178,5.805854447171868,16.908852400837954,8.758036438803723,13.610109939548783,51.918127278145725
810.424,810.476,USV_829,0.05200000000002092,3.0,,None,802.2583000000001,,8.165699999999902,,0.011266541667282581,0.021129261363636364,14590.262516539822,15531.419426356193,8.984224802677478e-05,29795.454545454544,19336.112325661725,2.466989514674484,4.7011301658632645,5.2140921012865995,16.135620662009114,12.068027070832652,15.297650992738689,55.15976193939982
811.165,811.202,USV_830,0.03700000000003456,3.0,,None,802.2583000000001,,8.906699999999887,,0.012732123956084251,0.0272369384765625,15709.58076473841,15607.035408313537,0.00011546962494990774,30550.78125,21395.97654234337,2.199644572504776,4.579759160331898,3.9028898287585387,16.641092533670705,9.101338733717668,14.82747781624819,55.26268625020141
811.29,811.328,USV_831,0.038000000000010914,3.0,,None,802.2583000000001,,9.031699999999887,,0.010522658005356789,0.01960305606617647,12581.606134756781,15243.751066587005,0.00026818407222358544,27137.867647058825,17472.3726554465,2.2596720162336728,4.0132392171387385,5.78945267458278,15.126012046987562,14.227185515053346,13.101840061386673,54.29235997511046
813.723,813.755,USV_832,0.03200000000003911,3.0,,None,802.2583000000001,,11.46469999999988,,0.14707352221012115,0.012747628348214286,9346.082271468385,13972.729097776168,2.9639511044477944e-05,20725.446428571428,31719.344138449786,2.877347803878543,3.798318222764505,8.209443774983297,17.219743248554582,8.407067172342488,15.297168553916185,54.44853018948915
814.805,814.822,USV_833,0.01700000000005275,3.0,,None,802.2583000000001,,12.546699999999873,,0.009282005950808525,0.019639756944444444,15708.950219531347,17514.954312809186,0.00022703705188405055,29729.166666666668,18626.263612225823,2.6323042518785407,8.129497158220964,4.971541367752536,19.064413242742052,12.658519297561167,13.638747046089561,46.81488586339933
814.897,814.958,USV_834,0.06099999999992178,3.0,,None,802.2583000000001,,12.638699999999972,,0.01378406397998333,0.019404296875,13389.246494514695,14450.807048990722,4.4294164261563024e-05,29126.25,19016.47117034313,1.9351306321133621,7.616063786296795,4.786234237568279,15.521936561814805,11.42342980848636,16.304416281298177,55.90525920281295
826.266,826.277,USV_835,0.011000000000080945,3.0,,None,802.2583000000001,,24.007699999999886,,0.007486641872674227,0.025320870535714284,20673.318427908172,20968.820620193237,0.0006011594687215663,34178.57142857143,26327.195465178265,3.9341909586108494,4.971367253886524,3.993240121794544,10.388720901466314,10.15382787578103,12.88608649600326,42.54762495067878
829.928,829.963,USV_836,0.03499999999996817,3.0,,None,802.2583000000001,,27.66969999999992,,0.012743616476655006,0.012288411458333334,14018.05945565119,16901.174940271892,0.0001764197379740744,30981.25,25883.99427032327,2.5276896436420255,4.797672868918143,7.4564710482935395,16.07221013855083,12.453639717012356,14.22812035685315,53.75725733602378
830.286,830.319,USV_837,0.03300000000001546,3.0,,None,802.2583000000001,,28.027699999999868,,0.011408998630940914,0.020621744791666667,14724.860446065695,15032.671093985,5.02417621798261e-05,30868.75,25609.048810924523,3.233758830463321,7.8227318408249005,4.65095628080832,14.342995273126375,11.684169989151647,14.108931535991733,54.60528644515328
831.188,831.199,USV_838,0.010999999999967258,3.0,,None,802.2583000000001,,28.92969999999991,,0.009622767567634583,0.023234049479166668,14561.552052426312,16790.41593224641,5.3193771914356786e-05,29906.25,25945.03060759491,4.837998003507526,3.606696209523175,4.439015786956428,15.643036837900015,10.037083099140778,13.438259486075738,46.48692934463821
831.553,831.566,USV_839,0.013000000000033651,3.0,,None,802.2583000000001,,29.29469999999992,,0.01324873510748148,0.027553013392857144,15679.113671618257,18327.35106494734,0.0004102846382856227,27656.25,22536.801893380034,1.2213332795418264,6.7968985991958,5.831532335265228,15.50974467134333,12.155686785995783,12.810566506057693,44.10056954812596
831.913,831.999,USV_840,0.08600000000001273,3.0,,None,802.2583000000001,,29.654699999999934,,0.015825927257537842,0.029471261160714284,12035.164685773003,12484.012381252125,0.00013811695710745777,24441.964285714286,20524.67741017645,2.3576701673262397,2.6265085290592696,6.435466903944304,15.647419858857035,11.128115511978498,17.772059175940907,62.54349840021076
834.366,834.376,USV_841,0.009999999999990905,3.0,,None,802.2583000000001,,32.10769999999991,,0.003824709914624691,0.04443359375,19138.656527921125,16305.857501530118,0.0003632230323086508,33312.5,23899.256753452548,3.9186988938629796,2.4123622356976795,6.170538314556041,15.208120945444355,10.19570259401273,14.009492237418035,44.49096803166157
835.081,835.127,USV_842,0.045999999999935426,3.0,,None,802.2583000000001,,32.82269999999994,,0.010263324715197086,0.04066162109375,15327.825144857765,15695.806648916356,0.00014780759409737008,29001.5625,25588.213490015747,1.6463644531498154,6.174671583770634,6.410309339364531,18.856428883429697,12.19659875639696,14.177866544744713,55.951782142967986
835.249,835.299,USV_843,0.049999999999954525,3.0,,None,802.2583000000001,,32.99069999999995,,0.01203758642077446,0.015997023809523808,14059.497419709076,16611.19928947124,6.550490280268754e-05,29683.035714285714,22826.85065459711,2.625380220536402,5.862809413507186,4.981876633030099,15.29847296498759,12.507150455546887,14.511643209439383,54.723006809122516
835.435,835.513,USV_844,0.07800000000008822,3.0,,None,802.2583000000001,,33.17669999999987,,0.0099053755402565,0.05312347412109375,16580.31921683924,15870.147227321117,0.000571242464995801,30846.6796875,25751.265866286798,3.764041971600131,3.1957708582065356,5.170184652167657,16.21118057351577,10.691248036997742,13.920792156848558,59.06202029757529
835.617,835.671,USV_845,0.05400000000008731,3.0,,None,802.2583000000001,,33.358699999999885,,0.008953327313065529,0.02353303328804348,15512.249716958017,16107.076195595118,0.00030316188528630984,30627.717391304348,24168.18428576605,2.9522982694657007,5.589714294176581,5.115229397367603,15.060407798593605,9.77421155377379,14.072299230721539,58.08556096909764
835.799,835.867,USV_846,0.06799999999998363,3.0,,None,802.2583000000001,,33.5406999999999,,0.011493210680782795,0.04292515345982143,16629.671887201945,16027.955214091615,0.00021213237145064845,29779.01785714286,24274.04364039976,2.1707127915077087,5.389487331491579,5.662746259899729,14.286724438631428,12.163618764503196,15.256987363716306,58.7158609461445
836.231,836.243,USV_847,0.012000000000057298,3.0,,None,802.2583000000001,,33.97269999999992,,0.008475915528833866,0.036097935267857144,16635.369232177276,20390.755129200385,0.00032654163713779165,32169.64285714286,17147.20682531781,3.2007613601701945,5.374320037219468,5.680490369683469,15.841256140108014,8.732245563790347,13.810680139587786,40.852657138610994
838.073,838.086,USV_848,0.013000000000033651,3.0,,None,802.2583000000001,,35.8146999999999,,0.010151462629437447,0.017857142857142856,16143.718413595854,19463.66500559104,0.0004920251426803063,31674.10714285714,18546.22355768087,1.4065024474522982,3.883075876286481,5.227043772594892,16.242397285678756,9.716117321884168,12.2015468902626,45.317955088652475
838.219,838.257,USV_849,0.03799999999989723,3.0,,None,802.2583000000001,,35.960699999999974,,0.009660881012678146,0.028894761029411766,15585.674049001553,17225.332838713002,0.00023228736157903594,30170.95588235294,20181.140107577765,2.0715383927170476,4.220596833372558,4.677544338105848,14.45469215348243,10.19732107699711,12.91047028758831,53.65012877329785
838.402,838.434,USV_850,0.03199999999992542,3.0,,None,802.2583000000001,,36.14369999999997,,0.008162305690348148,0.044677734375,15427.093851198288,14223.913103311575,1.0221857006892002e-05,29685.26785714286,24025.21436797847,2.124989354823151,4.92762453605894,5.751282011067476,17.16013634471606,11.853335445214627,13.620812588722115,58.92382895911386
839.462,839.494,USV_851,0.03200000000003911,3.0,,None,802.2583000000001,,37.20369999999991,,0.009552446193993092,0.03252301897321429,17421.161115221337,14476.142241999769,5.343071079899177e-05,31694.196428571428,20268.014875281715,1.780293752960714,5.385843182672153,5.355808468703613,15.825322987388473,12.017331611321547,14.998105709767698,59.47223197875029
839.602,839.673,USV_852,0.07100000000002638,3.0,,None,802.2583000000001,,37.3436999999999,,0.009038194082677364,0.022747171336206896,15808.418144015155,16200.360622791417,0.0006110043936333322,31697.19827586207,24897.264927611242,2.5913437683271363,4.457586592176688,5.286242649850605,18.071863803434574,11.624619293327108,14.535108569814456,57.122176784106266
839.741,839.758,USV_853,0.01700000000005275,3.0,,None,802.2583000000001,,37.48269999999991,,0.009716040454804897,0.03811306423611111,17531.55089726742,18146.004590967852,0.00022648220051294977,31260.416666666668,22686.222566891836,2.359538215840626,4.758110705717461,4.539632085405677,14.66193546367694,9.48762444164796,11.170110763781269,47.206092615989036
839.917,839.946,USV_854,0.028999999999996362,3.0,,None,802.2583000000001,,37.65869999999995,,0.008560596965253353,0.03314678485576923,16305.556939451357,16458.63101980609,0.00020121492299833658,30072.115384615383,18816.363226589587,2.0299681238575866,5.502715499078762,4.742801901282178,15.582548278880342,11.185813034017706,13.031257181720909,52.4722239698223
840.732,840.74,USV_855,0.008000000000038199,3.0,,None,802.2583000000001,,38.473699999999894,,0.01526276208460331,0.0078125,13067.330937203249,17505.539102622064,4.680909433429013e-05,27937.5,20313.851875913482,2.1754753741802686,7.805288303197815,7.248663218484066,13.883373782141371,11.006607454053029,13.753298301681951,35.94635551516862
841.261,841.274,USV_856,0.013000000000033651,3.0,,None,802.2583000000001,,39.00269999999989,,0.011589662171900272,0.04987444196428571,18961.85458997331,20180.440302168394,0.00036597592746698504,33776.78571428572,31246.956080422304,3.1683524036145476,3.4816764065218044,4.591206152688273,18.513210452764895,8.500356274177397,13.797276699500282,43.05998094347087
842.036,842.179,USV_857,0.1430000000000291,3.0,,None,802.2583000000001,,39.77769999999987,,0.010564695112407207,0.03812953404017857,16344.14517708594,14344.989146516567,6.93662235562074e-05,31011.160714285714,20543.428157082195,3.4290797037823064,5.450883016115616,5.600740976923249,16.356890181245408,11.277217646852302,14.814114146512777,61.384967239372926
842.284,842.294,USV_858,0.009999999999990905,3.0,,None,802.2583000000001,,40.025699999999915,,0.009708813391625881,0.0252685546875,15532.981987234081,16132.997704531057,9.254760030257187e-05,30843.75,22597.661420086963,1.6223923854134366,6.437029271620563,6.432711712123727,13.60813439195749,9.446206436304905,14.191829255308301,43.04838030160533
842.542,842.553,USV_859,0.010999999999967258,3.0,,None,802.2583000000001,,40.28369999999995,,0.010513462126255035,0.009765625,15580.950220235658,17734.9552439408,0.00010746912104931895,30968.75,18094.93585898824,2.4927596078895156,5.5785555140693965,4.236666382973918,12.641146478351386,13.370023633913151,15.30420994156407,44.550637283736684
842.663,842.687,USV_860,0.02400000000000091,3.0,,None,802.2583000000001,,40.404699999999934,,0.005837888922542334,0.035400390625,15777.363534383483,15004.216570276103,2.9611866087312753e-05,31670.454545454544,16741.425562934746,1.5271568604993313,3.662469226300162,5.8490948354654595,16.639710521962375,9.534647172087913,14.957854890252138,54.84328598784109
843.216,843.25,USV_861,0.033999999999991815,3.0,,None,802.2583000000001,,40.95769999999993,,0.02298438549041748,0.017740885416666668,11105.67908512927,13328.758766468753,9.605292730438595e-07,27175.0,26283.948071771993,3.6895863208976563,4.853344371516582,6.818330814339381,19.76459962979875,12.599339656795662,15.001299635824829,55.625816618632825
847.314,847.34,USV_862,0.026000000000067303,3.0,,None,802.2583000000001,,45.05569999999989,,0.008848863653838634,0.030436197916666668,16741.374202421433,17082.806421067347,0.000469446428899126,31468.75,17589.243144527863,1.4979763778346513,6.996933205554718,4.164361094419088,14.047454007601855,10.80413747542647,13.265816880249178,51.184604372938026
847.614,847.626,USV_863,0.011999999999943611,3.0,,None,802.2583000000001,,45.355699999999956,,0.014173592440783978,0.008370535714285714,14480.691353109778,21276.77969568281,0.00017221572098561225,29464.285714285714,21298.553536381685,2.2391679307185437,4.450844041971054,6.352045520046116,12.768826302341916,10.707895103166228,14.030613460564869,39.09791557498748
847.709,847.721,USV_864,0.012000000000057298,3.0,,None,802.2583000000001,,45.45069999999987,,0.00869172252714634,0.017822265625,16919.538563884787,21027.172092824352,0.0002121978851146709,31767.85714285714,23729.701174852853,1.9487630081032445,4.48874636355002,6.015392790561537,12.328154104329728,10.011742851937933,14.034153660164014,40.913208112138214
853.575,853.584,USV_865,0.008999999999900865,3.0,,None,802.2583000000001,,51.31669999999997,,0.008214958943426609,0.023640950520833332,20637.77121995171,25796.955495723134,0.0016666536109061839,34656.25,21399.74671678776,2.0308532759629307,3.8789476920039694,5.697362944609076,10.41413360076699,6.625796139107603,11.787231687598407,36.39543607706201
853.695,853.717,USV_866,0.021999999999934516,3.0,,None,802.2583000000001,,51.43669999999997,,0.006225115153938532,0.03615500710227273,17443.652932594196,16903.907162050597,0.0002587480615653814,32607.954545454544,18678.763601421877,1.8043856575445005,2.5202619653076037,3.7867349565479262,10.61660201532029,10.70826721117467,15.59314042685058,50.21385827698227
854.57,854.579,USV_867,0.008999999999900865,3.0,,None,802.2583000000001,,52.31169999999997,,0.011832449585199356,0.014404296875,16360.290745485412,20656.482644519285,0.00041075828341535607,29296.875,21230.508345318125,2.00420727797817,5.845578152648835,3.6274519004664794,12.259352017599596,6.909293963239162,11.26086688265771,38.132130874314335
855.554,855.568,USV_868,0.014000000000010004,3.0,,None,802.2583000000001,,53.2956999999999,,0.011026193387806416,0.025482177734375,16405.61335196072,17818.02647096441,0.0003774549325729407,27574.21875,17296.83638878344,1.9467892118349899,4.046208034998048,7.096109799056784,14.066474380067977,10.244053813446017,14.059760769929943,46.045162099902264
856.664,856.684,USV_869,0.01999999999998181,3.0,,None,802.2583000000001,,54.40569999999991,,0.0049287485890090466,0.0757080078125,21257.074616104892,18852.736541117814,0.002424737614187082,34706.25,24400.60840363559,2.5014257747041366,2.7554526711559975,5.781607570276171,10.810721567388194,9.322650111966595,13.149069352623489,50.493468223305996
856.801,856.833,USV_870,0.03199999999992542,3.0,,None,802.2583000000001,,54.54269999999997,,0.011354326270520687,0.019513811383928572,14583.339350203376,16874.26878275848,0.00036847036628362976,30716.51785714286,17615.94125112078,1.580093870513167,6.6250183163097045,5.022100370379851,15.404113271431456,11.77752840872813,13.148657859301329,52.95436594846506
857.174,857.21,USV_871,0.03600000000005821,3.0,,None,802.2583000000001,,54.9156999999999,,0.008011268451809883,0.02691650390625,16578.020657197336,17091.87188511306,0.00038294751399198593,31857.421875,23015.115601467434,3.7398811742066482,4.746669054193798,4.972049624072445,14.443997916962058,11.83735950461643,14.672073645992581,53.145064620291386
858.141,858.155,USV_872,0.014000000000010004,3.0,,None,802.2583000000001,,55.882699999999886,,0.01100868545472622,0.01702880859375,16447.03561628553,20453.30909060408,0.00026867754021350597,32167.96875,26627.980161473366,1.7621502831332698,6.710211223630507,5.184184511858522,11.786668096407514,7.240875072722757,14.206986713130528,43.090015250673005
858.553,858.567,USV_873,0.014000000000010004,3.0,,None,802.2583000000001,,56.29469999999992,,0.014572803862392902,0.008697509765625,16117.901364778336,22214.639440670733,0.0006311322467336834,31664.0625,27407.020097503366,2.6089691016764367,5.090780266917399,4.341514013493223,12.08420550680114,9.761302045112624,11.337971894019852,41.549632972884666
858.848,858.898,USV_874,0.05000000000006821,3.0,,None,802.2583000000001,,56.58969999999988,,0.009425693191587925,0.016915457589285716,15143.866116356543,16697.800000250834,0.00022446569207774643,30959.821428571428,21347.03847034462,2.706504419539439,4.9655001108093915,5.364214022581487,14.653741454171755,10.694730149163888,15.034489321431444,54.30074733369873
859.818,859.828,USV_875,0.009999999999990905,3.0,,None,802.2583000000001,,57.55969999999991,,0.009875399060547352,0.020426432291666668,17673.156723265998,23125.883741484096,0.0004403060925069335,32250.0,23353.08175192808,2.177377730449852,4.961867083803454,6.734912083380515,12.550249173969895,8.669370161885038,11.373029686176599,37.388594929450754
861.605,861.624,USV_876,0.019000000000005457,3.0,,None,802.2583000000001,,59.34669999999994,,0.011078794486820698,0.01953125,16525.02133240073,21520.934415937594,0.0011712125151123161,31903.125,23625.740198156294,2.0905152384770878,4.672016398918532,4.933416547486676,14.048341286949007,11.097244221349367,11.977388391644665,46.196741275140184
861.779,861.788,USV_877,0.009000000000014552,3.0,,None,802.2583000000001,,59.52069999999992,,0.009225658141076565,0.0023600260416666665,16879.62979767635,25281.523070716124,0.0004582938973312708,32656.25,24275.523825031676,1.87334983163179,4.337927496263226,3.6932275400408976,12.700541774012825,10.129571982160906,12.226234068946368,34.67720156641513
861.958,861.982,USV_878,0.02400000000000091,3.0,,None,802.2583000000001,,59.69969999999989,,0.010308152996003628,0.024214311079545456,16291.534897881427,18157.336466748882,0.00017728961670801602,29948.863636363636,24908.37276137599,2.6408746095014215,6.078337502359315,3.948088529514432,13.121657859384129,10.192642751674224,13.049765623143793,50.67097336028323
862.274,862.321,USV_879,0.047000000000025466,3.0,,None,802.2583000000001,,60.015699999999924,,0.010091764852404594,0.03927001953125,15599.117238989036,15444.197888950284,4.8033383668233305e-05,28753.125,23754.230311405587,2.376584746592542,5.850190288261025,4.439870632955536,15.70933510806116,11.271534307073257,14.844879061506996,56.388744104087934
864.3,864.329,USV_880,0.028999999999996362,3.0,,None,802.2583000000001,,62.04169999999988,,0.008200674317777157,0.026461087740384616,16177.283078445635,18010.15574635303,0.00025206658837934645,32264.423076923078,23552.19885479909,4.078232125528952,5.835183344352516,6.87446809659998,16.042420345936304,10.027934714469442,13.056045091643224,50.56574059208821
892.632,892.648,USV_881,0.016000000000076398,3.0,,None,802.2583000000001,,90.37369999999987,,0.012084780260920525,0.027862548828125,17160.33816318911,16153.456120600185,0.0005966114779150037,29367.1875,21810.742691878862,3.331189879611837,8.19218372304288,3.2523188326612384,13.487744716675932,10.511277771945451,16.19395546828016,48.92529819231534
905.561,905.574,USV_882,0.012999999999919964,3.0,,None,802.2583000000001,,103.30269999999996,,0.011309759691357613,0.024204799107142856,16334.981297078013,18069.312336550098,0.00036196715563369396,30669.64285714286,19276.388727534202,0.9864451552710385,7.479609553157693,6.4448068547408335,15.457221617260611,11.062334728364997,13.42378342601933,43.728002271252656
906.689,906.711,USV_883,0.022000000000048203,3.0,,None,802.2583000000001,,104.43069999999989,,0.012423464097082615,0.018266157670454544,13840.509383642011,15649.057052201793,0.00011430906073193575,28278.409090909092,17384.755380144532,1.110307014075817,7.447364306646994,5.837142122995122,15.18834027205992,11.269339060058199,14.359475047789807,50.039831999676856
906.846,906.908,USV_884,0.06200000000001182,3.0,,None,802.2583000000001,,104.58769999999993,,0.00967046432197094,0.03155048076923077,15631.721704230204,14308.795046314424,9.535258403462596e-05,29112.98076923077,18688.655409783314,3.5501900962956223,6.054353888262197,5.659724679620492,16.762505837425138,10.704986922846457,14.050656796585686,58.53222318613477
906.963,906.978,USV_885,0.014999999999986358,3.0,,None,802.2583000000001,,104.70469999999989,,0.011183230206370354,0.01617431640625,17259.03160399296,20055.467915494046,0.00029711355316796516,30515.625,21255.324172458306,1.536038990877846,4.803486909408912,3.833419447721562,13.976862896358043,9.666045987722502,13.652465975547479,44.44224376219554
907.083,907.098,USV_886,0.014999999999986358,3.0,,None,802.2583000000001,,104.8246999999999,,0.011704301461577415,0.021240234375,16200.806917573216,17925.629609067873,0.0004634375563394329,28371.09375,21547.340905144778,2.287667192730132,6.2439245889381585,6.054722319194621,16.39171631725432,9.09759743041315,16.279735880977135,46.45250209019491
907.226,907.3,USV_887,0.07399999999995543,3.0,,None,802.2583000000001,,104.96769999999992,,0.010078726336359978,0.031656901041666664,15169.994154863547,14578.589131151404,0.00012400065516930851,28978.125,18170.134369120035,2.964855254059583,4.488808912034887,6.478066649867523,16.541919769555857,11.494372603747484,14.708720181445335,59.10219297496663
908.907,908.943,USV_888,0.03599999999994452,3.0,,None,802.2583000000001,,106.64869999999996,,0.008853678591549397,0.0218353271484375,16280.37933773415,17560.882358022547,0.0006559582572289725,31242.1875,21909.64476656087,1.5945337215511395,6.0222138910977705,5.347972026757828,15.893653425996472,10.095685482686548,13.890120770645325,52.45887822705499
912.027,912.07,USV_889,0.043000000000006366,3.0,,None,802.2583000000001,,109.76869999999997,,0.009710298851132393,0.01571494654605263,15955.217664997841,17776.9740260491,0.0005655862814630272,31588.815789473683,23156.998121538578,2.1762315871349127,4.246509947941277,5.537072064475449,13.714154252960887,11.790323922102209,14.52536947588241,53.47851627099595
912.121,912.135,USV_890,0.014000000000010004,3.0,,None,802.2583000000001,,109.8626999999999,,0.012239530682563782,0.021270751953125,14354.585847579945,16335.245314333022,6.782044469028435e-05,29566.40625,19096.237174487153,1.2395860330035675,4.820782387671144,4.828911644252836,13.806398972686601,10.726761394420016,15.271855543627758,47.68725168599391
916.981,916.995,USV_891,0.014000000000010004,3.0,,None,802.2583000000001,,114.72269999999992,,0.007310511078685522,0.012481689453125,18824.10064104112,22878.16283820929,0.0008396659599111238,33691.40625,19065.234270426103,2.584877944139939,4.553086675481017,6.571249426602446,13.431880855555297,9.126453602840954,12.775214420344689,42.624654206535794
917.498,917.533,USV_892,0.03499999999996817,3.0,,None,802.2583000000001,,115.23969999999997,,0.010120103135704994,0.015478515625,14726.919519103194,17936.974203499103,0.0002914195360905262,31150.0,21877.675379826476,2.1703866647210335,4.6482900276859365,5.943351329505798,15.603240346766272,10.466859299920829,12.8833984043474,53.77904663029371
918.776,918.812,USV_893,0.03600000000005821,3.0,,None,802.2583000000001,,116.51769999999988,,0.011859245598316193,0.01971435546875,15473.137165984139,18153.538425752813,0.00041257028375972006,31435.546875,25767.25513286533,2.08664430344784,5.67352543856431,4.876275811686151,15.022723881731654,12.895774911778926,13.757750286612488,51.19485289378403
922.269,922.283,USV_894,0.014000000000010004,3.0,,None,802.2583000000001,,120.01069999999993,,0.005591515451669693,0.036529541015625,21203.370955080878,22670.091084921693,0.002076017693185014,34382.8125,25228.40236178081,2.3970022957165824,2.6404234873930337,6.719517461836874,14.946111465984426,8.561712675962776,14.206212709704653,44.16627174823821
922.608,922.626,USV_895,0.018000000000029104,3.0,,None,802.2583000000001,,120.34969999999987,,0.010096884332597256,0.024739583333333332,17031.193737032907,20762.864941645894,0.000544003819586967,32718.75,26539.723064994134,3.36662107993054,5.281298645090533,5.293635132242522,16.18455149497637,9.119787795267333,13.170860011098553,45.03205508387903
925.775,925.809,USV_896,0.033999999999991815,3.0,,None,802.2583000000001,,123.5166999999999,,0.010701878927648067,0.028548177083333334,15840.750184564195,15279.912764177005,7.347051159704175e-05,29275.0,21679.758377410875,2.222437147878431,4.6611913100171884,6.5480140634066055,18.947591186002033,10.776493024583093,14.134923481925684,55.942161708478686
925.909,925.928,USV_897,0.019000000000005457,3.0,,None,802.2583000000001,,123.65069999999992,,0.01022612676024437,0.028515625,17278.082319387806,18762.04052763237,0.0003119476001237335,30421.875,23483.989017844706,2.034684621511045,7.0246715243072,5.704194236202644,12.174614019185977,10.44932919537286,13.434655986478125,48.744800834049414
926.031,926.065,USV_898,0.0340000000001055,3.0,,None,802.2583000000001,,123.77269999999987,,0.009655344299972057,0.033040364583333336,16944.72828245795,16794.516051843,0.0005911080735383693,31587.5,24909.680107221408,2.0200315940617957,4.67975535601851,5.428050173120762,15.904900201392898,10.604222650516293,14.882443312976731,53.95577678130438
926.155,926.184,USV_899,0.028999999999996362,3.0,,None,802.2583000000001,,123.8966999999999,,0.011847248300909996,0.018479567307692308,15061.819999447189,16514.447435107904,0.0002605640342981982,29163.46153846154,22885.77235317826,1.9361420046462676,5.719624247827806,5.195048549149197,15.638227115662717,10.161820483397282,14.58635448841579,51.426819179516016
926.987,927.024,USV_900,0.03700000000003456,3.0,,None,802.2583000000001,,124.72869999999989,,0.00748612591996789,0.03564453125,16222.354430375506,15755.51546026738,0.00023695943387651603,31564.453125,19517.273363002703,1.4252118530832019,4.73979396460104,5.6345102702281515,18.729861001894392,10.86880659354841,13.790459212296941,56.66889896863701
927.652,927.666,USV_901,0.014000000000010004,3.0,,None,802.2583000000001,,125.39369999999997,,0.006172868423163891,0.032745361328125,19266.055745447266,20647.10951228244,0.0010240390657535628,33175.78125,22772.512773060138,2.0249713258529005,3.820382370039961,4.313481096849506,11.803484059796693,9.590372513037103,12.306611686853614,44.62991129365852
928.154,928.177,USV_902,0.023000000000024556,3.0,,None,802.2583000000001,,125.89569999999992,,0.011842319741845131,0.01424893465909091,14780.010117117017,18777.871282756063,0.00022723643408992133,29573.863636363636,18942.41891135504,1.8253280814180572,6.450071164648557,4.964207920847129,13.297430483457525,8.766279821541405,12.338359087617125,47.67382913040353
930.411,930.433,USV_903,0.022000000000048203,3.0,,None,802.2583000000001,,128.15269999999987,,0.009784034453332424,0.009721235795454546,14641.009464019124,18545.817144782202,0.00023107352028685506,30767.045454545456,17239.780958100284,1.836713323568411,6.812991618763306,3.9966277043824308,13.736836646720185,10.698412816377685,14.658092043120256,48.08729077560782
939.647,939.661,USV_904,0.013999999999896318,3.0,,None,802.2583000000001,,137.38869999999997,,0.012462854385375977,0.020263671875,18219.38486332049,22180.53117629579,0.000582958349616903,30890.625,20746.756078229417,3.6224394622105693,6.7786639041199495,5.906610336692596,11.368550276594,10.040695890967347,11.430891321627001,42.94748217484181
939.984,939.998,USV_905,0.014000000000010004,3.0,,None,802.2583000000001,,137.72569999999996,,0.007017511874437332,0.032989501953125,18580.91288439101,18303.744525510316,0.0006365708233938467,33480.46875,22491.06127039092,3.7661296402408584,4.5348482324302,4.183995897502005,18.133004293359544,10.13514039607411,13.542111846148039,47.40369868575643
943.494,943.515,USV_906,0.020999999999958163,3.0,,None,802.2583000000001,,141.23569999999995,,0.014909720048308372,0.0158447265625,14804.301746233537,18039.937252635744,0.00016204131671586325,28546.875,23427.591124699276,1.8677667357867107,6.232540206934122,4.344896141580661,15.880974152836336,8.992993951995372,13.505093036612816,46.99910722510637
943.998,944.011,USV_907,0.012999999999919964,3.0,,None,802.2583000000001,,141.73969999999997,,0.007366202771663666,0.02685546875,18005.171061902198,20986.544243771586,0.0006605259044928397,33013.392857142855,25647.68081649474,2.2023597422971433,3.920937697898931,6.006012953700564,12.464996935308639,11.918216210422077,14.251916435453156,41.63212272982389
944.911,944.922,USV_908,0.011000000000080945,3.0,,None,802.2583000000001,,142.65269999999987,,0.008331372402608395,0.016566685267857144,17067.95032135578,21821.971698620247,0.0007252129412662318,31821.428571428572,23060.409986281225,2.0087019353492988,3.7076123333849957,5.442550234179978,13.171849249556374,10.100595061291262,13.691771049056074,40.39615892060126
946.719,946.733,USV_909,0.013999999999896318,3.0,,None,802.2583000000001,,144.46069999999997,,0.007980430498719215,0.022705078125,18644.507522147185,20342.599215148643,0.0006106626916627367,32636.71875,15304.711761203322,2.420672334157091,2.631383368894536,5.219014373135266,14.567593677332138,11.413655863581917,13.526246728214332,44.06033638215882
949.248,949.279,USV_910,0.03099999999994907,3.0,,None,802.2583000000001,,146.98969999999997,,0.014591461978852749,0.0078125,12241.958413170187,15973.291223216906,3.505599066020046e-05,29116.071428571428,18957.66881785989,2.1654486977706813,3.783870177681309,5.134476633904413,14.99879749739266,11.903132670569514,15.112354209391196,50.72243956590935
950.268,950.282,USV_911,0.014000000000010004,3.0,,None,802.2583000000001,,148.00969999999995,,0.006370172835886478,0.018310546875,17875.623554825437,21281.12919554964,0.0003884385633373607,32718.75,24123.207719145583,2.1404743869912863,3.0166679295403984,4.103768952453898,12.406607671468779,10.220320911589642,12.82940211500043,43.59634155670233
953.035,953.049,USV_912,0.014000000000010004,3.0,,None,802.2583000000001,,150.7766999999999,,0.013459300622344017,0.009796142578125,19334.03714106319,23251.829489673903,0.0008486233101149,33222.65625,24122.072001320827,2.441132830542368,4.021208261151331,5.757063511336717,10.909909079726468,9.410347562241988,11.166553051342365,43.1870442870288
953.143,953.184,USV_913,0.04099999999993997,3.0,,None,802.2583000000001,,150.88469999999995,,0.012536369264125824,0.015055338541666666,13280.057934762677,14810.912330541556,7.499538585824143e-05,28833.333333333332,19425.665226592195,2.534676307521306,5.829643706599931,4.613321743344406,14.88182398806396,11.72902906958195,15.020070796939539,53.606776574941335
957.579,957.597,USV_914,0.018000000000029104,3.0,,None,802.2583000000001,,155.32069999999987,,0.007305858191102743,0.016655815972222224,17316.853822046003,21080.839667416487,0.0015060790703199196,33531.25,24933.744385081623,1.4897326770321289,2.780156252490107,4.170501362444231,14.765933221520454,12.531957229952413,11.884699582669917,45.455950282310134
959.448,959.458,USV_915,0.009999999999990905,3.0,,None,802.2583000000001,,157.1896999999999,,0.010449036955833435,0.0126953125,17268.84649873566,21539.335312356387,0.00031394213114724974,30125.0,21624.757935316407,2.3179910110321535,1.8287037572014266,3.361040460849191,15.014188091393038,7.663014754421366,13.496663773000124,37.56930267421193
959.598,959.625,USV_916,0.027000000000043656,3.0,,None,802.2583000000001,,157.33969999999988,,0.01085666473954916,0.026292067307692308,15228.118970377189,15176.008748111177,1.775119493660193e-05,30230.76923076923,26115.946642166786,2.066259177809134,4.807057658564992,5.209416215182521,14.569351227138656,12.392061160911426,14.91473769350382,53.07701682480683
959.741,959.753,USV_917,0.012000000000057298,3.0,,None,802.2583000000001,,157.4826999999999,,0.01763547770678997,0.017124720982142856,13931.892513781253,19642.744430488285,0.000957283093445215,29424.10714285714,19704.103671293327,2.3907227648987592,2.1004442534570376,5.277343389507669,12.553992268037776,8.58478193512691,11.786363606227647,40.06878700044388
960.554,960.569,USV_918,0.014999999999986358,3.0,,None,802.2583000000001,,158.2956999999999,,0.010003511793911457,0.01824951171875,17421.917643029596,19908.811990590133,0.0016621781470889613,32238.28125,23539.537078119803,2.199386322165031,6.668360879540435,6.511421384240004,14.51861250211109,9.775639299225027,16.47531548764499,43.85822388167155
960.969,961.072,USV_919,0.1029999999999518,3.0,,None,802.2583000000001,,158.71069999999997,,0.011426902376115322,0.026355278201219513,15020.81345139419,14540.097950980082,0.00010880685373806368,30171.493902439026,24107.127205627552,2.3539243822051144,5.489697855912112,5.925991204330723,17.655343984626054,11.11704937650707,14.9548074470573,59.23735392730696
961.646,961.669,USV_920,0.023000000000024556,3.0,,None,802.2583000000001,,159.38769999999988,,0.01269079651683569,0.014093572443181818,14150.66021739652,16462.2371514597,0.00020790792613205927,29343.75,24447.811583726663,3.0082033065762785,6.239768496478849,7.8694655136230205,22.007227822214954,10.498007173257816,14.481494228012355,48.964970940682996
961.707,961.762,USV_921,0.05499999999994998,3.0,,None,802.2583000000001,,159.44869999999992,,0.011352010071277618,0.015688688858695652,14915.621731656409,17136.75933827575,0.00022457663223130798,31039.402173913044,25030.0731094299,2.0479648682168694,6.126660086758224,5.900806825437702,17.524735521290072,10.143445332991158,13.113687987974407,54.789749891467004
962.122,962.151,USV_922,0.028999999999996362,3.0,,None,802.2583000000001,,159.86369999999988,,0.009592910297214985,0.03294020432692308,16089.333057586407,16873.123353030238,0.00018040528288988512,31290.865384615383,19906.019378824378,2.3464340903135272,6.504457416638843,5.92393535752796,15.457935856615137,11.131202977060205,15.705761990286126,52.01805877730461
962.657,962.707,USV_923,0.049999999999954525,3.0,,None,802.2583000000001,,160.39869999999996,,0.011692367494106293,0.024786086309523808,15745.33315070428,15893.034882987362,0.00015620623719511114,30598.214285714286,21846.16856593309,2.4250482751069407,5.101676831970361,5.865521605278565,17.77660756067135,11.674360506310123,13.614822848565733,56.38456935132602
962.939,962.981,USV_924,0.04200000000003001,3.0,,None,802.2583000000001,,160.6806999999999,,0.013148114085197449,0.015299479166666666,14251.236191836568,14949.98987053672,9.450200685013497e-05,28890.625,23181.625341563627,2.519449645491386,5.199302320312625,5.275577308103258,15.589315278989305,11.420026249823565,14.670979254651598,55.611211727082484
963.236,963.248,USV_925,0.012000000000057298,3.0,,None,802.2583000000001,,160.9776999999999,,0.00819454900920391,0.012381417410714286,17293.72948686013,18649.52552195806,0.00018822463549998447,32129.464285714286,22479.070107124488,2.1856558818861136,3.017643829201077,4.355674477805023,15.785006569457083,10.02066175948915,12.42515831130896,43.41477744370137
963.507,963.554,USV_926,0.047000000000025466,3.0,,None,802.2583000000001,,161.24869999999987,,0.011859985999763012,0.0142578125,15876.413368601952,17482.892550162367,0.00017638607697580139,32503.125,23813.83720450956,2.003475339117054,6.21442403638203,5.298428021023072,14.709550880631777,11.456426212934064,13.127525121287118,54.19042582940922
963.721,963.787,USV_927,0.06600000000003092,3.0,,None,802.2583000000001,,161.46269999999993,,0.012794296257197857,0.012858072916666666,13045.194367117614,14636.30953822952,2.5625199612011205e-05,29006.944444444445,18168.18946607671,2.0819512207718245,5.495597140445008,5.573552348177747,17.61291227172679,11.913883036745126,13.832963340679344,56.352355299223646
963.831,963.842,USV_928,0.010999999999967258,3.0,,None,802.2583000000001,,161.57269999999994,,0.011110368184745312,0.016682942708333332,15980.122811327426,19712.938262212694,0.000391706292366134,30750.0,22312.737800549367,3.2094460941928156,7.7110583182296475,4.769566372687243,15.49090816886762,9.703051765001511,13.116470977109154,43.33790449498832
963.895,964.015,USV_929,0.12000000000000455,3.0,,None,802.2583000000001,,161.6366999999999,,0.011040833778679371,0.019074135638297872,14380.24510814792,14781.239870890653,1.3992639084145212e-05,30277.260638297874,23966.54676680749,1.9457105649367303,5.476165081133725,5.533162783950733,16.328234167616948,12.102367749155325,15.031605969887284,58.971065317514444
964.15,964.158,USV_930,0.008000000000038199,3.0,,None,802.2583000000001,,161.8916999999999,,0.008858000859618187,0.023388671875,18926.248527456628,24239.85737563879,0.0008954546701906083,33881.25,21079.258465060877,2.0618560850048384,4.720129622242978,3.7239757323286846,12.113190025606482,8.588514212570505,13.537814287786267,33.718081122753674
964.394,964.442,USV_931,0.04800000000000182,3.0,,None,802.2583000000001,,162.13569999999993,,0.011233730241656303,0.0179443359375,14260.86068611903,15568.593178144516,6.34439618640643e-05,29854.6875,20640.278101773838,2.950689841516461,4.952614025834494,6.866020044209587,18.353209592508325,13.994916152666946,13.018579682611712,55.524045611968084
964.576,964.594,USV_932,0.018000000000029104,3.0,,None,802.2583000000001,,162.31769999999995,,0.009833257645368576,0.019965277777777776,16033.324391217237,16738.520190981428,0.00015620520047839533,30322.916666666668,23731.010195299237,2.2583653747506043,5.395610730533575,4.785791463398848,12.750663166908481,9.936192543244045,12.655657945322718,47.915580855901844
964.638,964.719,USV_933,0.08100000000001728,3.0,,None,802.2583000000001,,162.37969999999996,,0.008186420425772667,0.030628551136363636,16583.071516951964,15066.021234912136,0.0001868152768224962,31247.159090909092,23465.138931581758,2.9287827918018436,4.9895823291429675,5.864035661491065,16.205636590014446,11.025755711809758,15.219955790187461,59.508322404835035
964.953,965.003,USV_934,0.05000000000006821,3.0,,None,802.2583000000001,,162.6946999999999,,0.013729237020015717,0.017008463541666668,13984.86013447656,15884.820257737498,4.742514580164154e-05,29741.071428571428,23939.587379711356,2.5075553315884522,7.486228188862692,4.924393584454719,13.878739894894576,11.407776233955044,12.562648108120817,54.44141173163253
966.92,966.994,USV_935,0.07400000000006912,3.0,,None,802.2583000000001,,164.66169999999988,,0.01079274620860815,0.020320638020833334,15444.559193477591,15666.69139177814,9.500141086205562e-05,30946.875,23567.444141976208,3.1637830669801814,6.151158155326,5.045837662489378,13.88165336511631,11.633299802036658,14.301179682505326,57.661066784402614
967.045,967.118,USV_936,0.07300000000009277,3.0,,None,802.2583000000001,,164.78669999999988,,0.013249187730252743,0.016276041666666668,13679.867019711055,15797.972359457624,5.5010976376230514e-05,29600.0,24181.778080582757,3.2418826750130387,6.227597752761062,5.308769051595799,16.74716005364431,10.958338468982758,13.999591357562531,56.6072197778637
968.662,968.774,USV_937,0.11199999999996635,3.0,,None,802.2583000000001,,166.40369999999996,,0.011701781302690506,0.020091663707386364,14133.70978542108,14463.535741446654,5.436526427432574e-05,29948.863636363636,24114.401159514895,2.5839120116520204,5.345999364871342,6.200806838711006,18.06855509888141,12.171514043035295,13.872060306604437,59.369103840796804
968.976,969.034,USV_938,0.057999999999992724,3.0,,None,802.2583000000001,,166.71769999999992,,0.013266034424304962,0.008331298828125,14224.923959981736,16424.70343725424,0.00013000146135435829,30140.625,26262.20898929091,2.81271745134109,5.391251119583356,6.195215077210832,16.811555104029775,11.957615002912169,13.436411502757501,54.62594331793857
969.147,969.22,USV_939,0.07299999999997908,3.0,,None,802.2583000000001,,166.88869999999997,,0.009495418518781662,0.02041015625,15023.355011043432,15693.15342820854,0.00013600542886722477,31018.75,23414.027635189603,3.8859682565341007,4.7981124536902335,6.036881107985495,16.954790376820164,10.877650867542933,14.429896951047903,57.14262081657944
969.26,969.276,USV_940,0.01599999999996271,3.0,,None,802.2583000000001,,167.00169999999991,,0.010168612003326416,0.015380859375,15744.871256364175,19179.12981232265,0.000241987397543572,30714.84375,20367.47465357007,2.6959395897419762,4.468482005102441,5.548914020033213,11.985186325834455,9.184767254672227,12.159172734035309,45.222687321056085
969.711,969.767,USV_941,0.05600000000004002,3.0,,None,802.2583000000001,,167.45269999999994,,0.011370115913450718,0.02204695991847826,15931.962487217406,15686.038562363763,0.0001174977883754995,30595.108695652172,24601.538614802634,2.5979544203352956,5.514761283034008,5.480112458771214,16.02518063803905,11.734172014048314,14.253669196527122,57.37894524060779
970.109,970.245,USV_942,0.13599999999996726,3.0,,None,802.2583000000001,,167.85069999999996,,0.015977326780557632,0.0311901164504717,12602.977901935925,12348.101925725416,2.2898616121192564e-05,25576.061320754718,22077.0844070455,2.336493362548155,4.1238927053499275,6.049211325698274,16.129066936113386,11.165246296382934,16.687536094993504,63.50868709809588
970.315,970.363,USV_943,0.04800000000000182,3.0,,None,802.2583000000001,,168.05669999999998,,0.011845744214951992,0.01119384765625,13605.153777141784,15223.55565692238,0.00015761547013499973,28218.75,20003.74807505469,3.262710503607129,4.780223424189023,3.9875227950511016,12.702830266981795,10.58568922623253,16.741306123647473,55.866387630445914
970.426,970.454,USV_944,0.027999999999906322,3.0,,None,802.2583000000001,,168.16769999999997,,0.007972834631800652,0.017728365384615384,16544.8802150412,18028.67696079399,0.0003988275948965513,32819.71153846154,19488.85774986175,3.134215232386369,5.0966360608600265,4.428374174853426,14.713721102707705,11.66389692673403,13.93993416343888,51.3850733838943
970.7,970.726,USV_945,0.025999999999953616,3.0,,None,802.2583000000001,,168.44169999999997,,0.008881360292434692,0.019083658854166668,15967.565696828793,16601.230634825657,0.0002866167343190992,29492.1875,20663.42832291155,3.2535062416854674,4.519027855576771,6.405482015976671,17.49623742017058,9.89945760372267,13.633256746363363,52.7521143916689
973.681,973.702,USV_946,0.020999999999958163,3.0,,None,802.2583000000001,,171.42269999999996,,0.014101432636380196,0.0148681640625,15635.66204106845,19517.05043029924,0.0006732760441303222,29784.375,22141.555484888057,1.8028225329923964,6.205606384919993,6.476990701287688,13.31183578712211,9.664372665475677,13.394307775304918,46.59622590157728
973.747,973.765,USV_947,0.018000000000029104,3.0,,None,802.2583000000001,,171.48869999999988,,0.006532514467835426,0.045491536458333336,19116.245076614417,17449.999992579513,0.00040859611636037224,33020.833333333336,20034.696557894582,2.2951438288544015,3.4038522440082177,5.9115827848149385,13.221017900393948,10.497002133468747,12.31254230861642,50.206462372624266
973.808,973.838,USV_948,0.029999999999972715,3.0,,None,802.2583000000001,,171.54969999999992,,0.012511405162513256,0.023210797991071428,15333.701979703652,16626.40784695269,0.00014134004053101976,30348.214285714286,20255.122841580298,2.011914580335119,5.038469464676638,5.056281146138694,14.157009278932804,11.148139885004953,13.484230421112944,52.008217355335375
974.462,974.492,USV_949,0.029999999999972715,3.0,,None,802.2583000000001,,172.2036999999999,,0.010302290320396423,0.018589564732142856,15220.794257579237,17048.904772268575,0.00019323164125245192,30924.10714285714,25546.82787737031,1.3938161350265703,6.633943128608025,5.4010838070124185,14.061818639676732,11.396640185380331,15.368049083286042,51.758759586326505
976.572,976.6,USV_950,0.02800000000002001,3.0,,None,802.2583000000001,,174.31369999999993,,0.009879222139716148,0.032113882211538464,18288.21386744279,18841.914656560133,0.00021763232697380143,31737.98076923077,26283.75894739107,2.5701009275567634,3.535045506310597,6.578038021801787,17.08303994512108,10.82456124505798,13.57623006652517,50.805027889338476
977.423,977.489,USV_951,0.06600000000003092,3.0,,None,802.2583000000001,,175.16469999999993,,0.009216523729264736,0.021204065393518517,15158.696340785315,16037.939699812074,0.00012881457313614257,31284.722222222223,22919.364997192868,2.692158501952838,4.46667532859086,6.9465099754971265,17.882163524575137,11.538274955296144,14.540365489333396,56.92218281552731
977.835,977.849,USV_952,0.014000000000010004,3.0,,None,802.2583000000001,,175.57669999999996,,0.012020181864500046,0.0128173828125,15346.953764378108,20929.64407569379,0.00016678120556087904,29683.59375,22818.95527656587,2.1251729649779616,6.68756948810532,3.826278061163574,13.243656661173247,11.240161148172112,13.491272284391606,42.102426817136816
977.908,977.949,USV_953,0.04099999999993997,3.0,,None,802.2583000000001,,175.64969999999994,,0.009597786702215672,0.021321614583333332,16233.882472063518,17535.572879098374,0.0002853687177806445,31864.583333333332,24588.03954752796,2.4238993786856473,6.781733563607634,6.020026831741161,17.092703963160602,10.46744965198284,14.18748738851998,53.26678427302626
978.206,978.215,USV_954,0.009000000000014552,3.0,,None,802.2583000000001,,175.94769999999994,,0.007757813204079866,0.019002278645833332,19429.18085707322,25197.10260080321,0.001633121845415693,34937.5,23509.731116660343,2.4794241718061683,6.163115497801321,5.803500026746749,12.627602490757015,9.114306836673068,14.556472989949448,35.57788464642922
978.284,978.351,USV_955,0.06700000000000728,3.0,,None,802.2583000000001,,176.02569999999992,,0.012319543398916721,0.027413504464285716,15953.394790968512,15064.258105020765,0.00012332356402794718,30291.29464285714,22348.239815033907,2.242437521548181,7.015793893158146,4.907435022430943,14.967677116616064,10.634914446820067,15.37977202701012,57.42336642302025
978.393,978.411,USV_956,0.017999999999915417,3.0,,None,802.2583000000001,,176.13469999999995,,0.006854179780930281,0.028049045138888888,19207.788943150546,20014.87616570464,0.0005624040903600267,32989.583333333336,23883.404160605056,2.528632601294656,4.39320193376844,3.875158961051767,15.544762068210584,9.095216052036927,15.24845696500594,48.08739623245364
978.686,978.701,USV_957,0.014999999999986358,3.0,,None,802.2583000000001,,176.42769999999996,,0.008311813697218895,0.01763916015625,18735.048869998245,22477.69941238813,0.0008051302265597145,35261.71875,19404.274579047298,2.653109271142288,5.514590788364262,5.1861736566464085,11.40965917174799,9.175360273177064,11.583211093943293,42.75158785230083
978.783,978.806,USV_958,0.023000000000024556,3.0,,None,802.2583000000001,,176.52469999999994,,0.01495032012462616,0.014115767045454546,13907.246965804905,14381.81685931021,1.8002397699834597e-05,28678.977272727272,22282.48277208091,2.2105965097055136,4.56311957953921,4.30766692678068,17.524161881570667,10.640297822831164,12.530328099743203,51.98086521100081
979.402,979.417,USV_959,0.014999999999986358,3.0,,None,802.2583000000001,,177.14369999999997,,0.009619035758078098,0.005401611328125,15762.893822822421,19960.78391932036,0.0002589794271541555,29765.625,24044.132764541187,2.474433982362099,2.9481199161348917,6.395783669239281,14.914383329512312,12.407496097236171,14.996236210772006,44.12685011378096
979.847,979.86,USV_960,0.013000000000033651,3.0,,None,802.2583000000001,,177.5886999999999,,0.006645038723945618,0.023332868303571428,18035.049196984557,17828.091563585185,0.00026691290811161255,31995.535714285714,23463.979069494435,2.293067285992067,4.0279170348097635,5.699785515158717,17.289865672801703,12.348555524469345,14.445168994064867,44.86626119027375
980.251,980.293,USV_961,0.04200000000003001,3.0,,None,802.2583000000001,,177.9926999999999,,0.01086264569312334,0.0294189453125,16210.941442461248,17363.629996958254,0.00037404570211980374,31302.083333333332,24091.37729818358,2.326005038782028,5.378997143837023,5.486787925707674,16.4837953665213,11.72003268350149,14.837136106314082,54.06523694473733
980.421,980.435,USV_962,0.013999999999896318,3.0,,None,802.2583000000001,,178.16269999999997,,0.01489806454628706,0.013946533203125,14501.241072021345,20655.735813143983,0.0008104722926340925,29460.9375,25936.66129981806,2.6661958920113467,5.209104694546399,8.940832286189611,16.463081944001104,8.71578709137355,13.740280202936928,41.9165194390652
980.657,980.667,USV_963,0.009999999999990905,3.0,,None,802.2583000000001,,178.39869999999996,,0.011031471192836761,0.023763020833333332,14844.018985817305,15929.051784932337,4.61574280934706e-05,27953.125,24475.48970789491,2.7019658394228525,6.70398173601247,5.351099681909868,17.50452329953079,10.30387363557693,12.623604764469023,42.70151239753404
980.713,980.75,USV_964,0.03700000000003456,3.0,,None,802.2583000000001,,178.4546999999999,,0.011090289801359177,0.0219879150390625,15306.794245199964,16764.09264117324,0.00010300948792560297,30544.921875,25215.46494061572,2.892270219287428,5.833910650002307,5.355349003045153,17.653838531406763,10.110817191466902,14.20010649262419,53.217518182510574
981.147,981.168,USV_965,0.020999999999958163,3.0,,None,802.2583000000001,,178.88869999999997,,0.010211395099759102,0.021337890625,16212.303670242016,17327.682190249434,0.0001353785788256753,30965.625,26000.675148979575,2.2069223774229068,6.4864762967419995,6.293249477685871,16.13304403115875,10.833966194109442,12.448087198843691,48.30097466066158
981.481,981.507,USV_966,0.025999999999953616,3.0,,None,802.2583000000001,,179.22269999999992,,0.010731637477874756,0.0247802734375,14131.751802007779,15437.185314929926,0.00011224399816497071,29804.6875,21044.17520974993,2.022178256377655,4.85148738751003,6.282807388723711,18.984614596207916,12.003783942653923,13.97486566603566,51.70989628419156
981.779,981.794,USV_967,0.014999999999986358,3.0,,None,802.2583000000001,,179.52069999999992,,0.0060915579088032246,0.03033447265625,18612.41344242185,20420.29837695755,0.0008868905936241172,32343.75,21188.885826461352,2.093616224666877,3.4143439397858284,5.493357127502833,14.653903453101496,8.888713595147847,14.602981679130131,44.41323202348794
982.164,982.223,USV_968,0.05899999999996908,3.0,,None,802.2583000000001,,179.9056999999999,,0.013722476549446583,0.021728515625,14223.812796910448,14317.031937932557,1.1244385763560297e-05,28753.90625,24918.93313381377,2.266109556916701,6.32616868670349,4.049274219649521,16.219888226671994,11.50352158256446,14.068838443077619,59.367660545410075
982.439,982.478,USV_969,0.03899999999998727,3.0,,None,802.2583000000001,,180.1806999999999,,0.011076319962739944,0.020364200367647058,16640.71350544328,17847.40217891872,0.0005074961097221386,31825.367647058825,26935.09914872234,2.7149965473385924,4.899530755795829,4.981887388823117,11.853017237513274,12.7591353667171,14.592535664715271,53.39259473080455
982.539,982.551,USV_970,0.012000000000057298,3.0,,None,802.2583000000001,,180.2806999999999,,0.009179884567856789,0.017159598214285716,16374.66604440275,18714.488042482633,0.00019916575067042012,30107.14285714286,23726.285006318387,1.4483833928104721,6.6419980520997415,6.981699347781515,13.384838698678218,11.992613510537748,15.216566228066796,42.54012970105147
982.66,982.74,USV_971,0.08000000000004093,3.0,,None,802.2583000000001,,180.4016999999999,,0.01047956570982933,0.02564239501953125,16227.712678874323,14704.565054423449,0.00033245278440848815,29733.3984375,23785.408266013168,2.866018010790095,6.329535297366629,6.266176993700967,18.35292558543396,12.394278743728227,14.229298339279335,59.60457573698908
983.017,983.033,USV_972,0.01599999999996271,3.0,,None,802.2583000000001,,180.75869999999998,,0.008630694821476936,0.018096923828125,17727.951192443565,18600.730583828645,0.00017402239557775788,32320.3125,28245.130625171623,2.05574706771228,2.939234326816508,4.266207802162906,12.72709927627783,13.896893014366032,13.091777987986484,46.9453708629812
984.408,984.423,USV_973,0.014999999999986358,3.0,,None,802.2583000000001,,182.14969999999994,,0.009618720971047878,0.017486572265625,17359.688726357883,21709.71009223139,0.0004964132120582807,31710.9375,22477.867826385434,2.3450936482715523,6.523975698511076,6.744536157920106,13.889072902404683,9.77749572595485,11.362720538490152,42.64170495213334
985.084,985.132,USV_974,0.04800000000000182,3.0,,None,802.2583000000001,,182.82569999999987,,0.00968511775135994,0.01497802734375,13898.613471443672,16556.62989108786,0.00011865567170349042,30501.5625,18306.331876914144,2.369543872361266,4.934173369808372,5.769330375171444,16.09934565271173,12.134716758256022,13.211589731628248,54.58750912127073
985.164,985.203,USV_975,0.03899999999998727,3.0,,None,802.2583000000001,,182.9056999999999,,0.011022841557860374,0.023494944852941176,16668.048859437073,16647.184903164776,0.0005023809508792226,31505.514705882353,22589.07652978129,2.7681502564954936,5.476975043138985,4.7718099895465365,15.87655724891431,13.345476696915899,11.846523889474284,54.457282795580056
985.603,985.616,USV_976,0.013000000000033651,3.0,,None,802.2583000000001,,183.34469999999988,,0.006943904794752598,0.03745814732142857,16094.098950956655,16788.514663569273,0.00046383462605526345,31044.64285714286,19807.63064493058,3.2392055791244916,1.7868841480751934,6.069547367008588,15.744465611160944,9.707925657080173,14.462183107795022,46.805972793154226
985.768,985.777,USV_977,0.009000000000014552,3.0,,None,802.2583000000001,,183.50969999999995,,0.009446719661355019,0.014200846354166666,15087.520827096427,17725.46171720097,0.00034746172097707755,29671.875,19713.722912231064,2.979054998036697,5.937006252099227,3.5245076673052105,14.115082660090442,10.198998083582568,13.673583726221247,41.425156785623585
986.624,986.637,USV_978,0.012999999999919964,3.0,,None,802.2583000000001,,184.36569999999995,,0.014138764701783657,0.015276227678571428,16022.50265146525,20337.770837162523,0.0009539914554246258,29477.678571428572,20319.287273741127,2.9294120630496474,6.454223798332577,8.454073964078804,13.563114508890505,10.344512356423,13.960890715643286,41.027671494347096
986.988,987.002,USV_979,0.013999999999896318,3.0,,None,802.2583000000001,,184.72969999999998,,0.008234623819589615,0.01641845703125,19007.944624686494,23305.433768169212,0.0007740997263677748,34593.75,23948.42482074959,1.727103238395406,2.9419851927737644,5.773387159205238,12.207241737397991,10.89119626529624,13.775720513068412,41.68166033726457
987.206,987.218,USV_980,0.011999999999943611,3.0,,None,802.2583000000001,,184.94769999999994,,0.007834929041564465,0.023123604910714284,16670.7874455116,18517.21254447179,0.0004114738607304411,30589.285714285714,21441.59391377003,1.0561763106692952,4.091468630398276,6.1498140078622034,14.174833447164975,7.97364080400483,14.944002953335858,42.65355929180374
987.31,987.372,USV_981,0.06200000000001182,3.0,,None,802.2583000000001,,185.05169999999987,,0.011567086912691593,0.027625450721153848,17317.206557180987,16924.459932875383,0.0003233918986009008,32473.55769230769,24554.598429600283,2.32137463457573,5.643520682444513,5.171159724641372,15.042238716113799,11.268099356908454,14.0697673541093,56.99251968041539
987.545,987.583,USV_982,0.038000000000010914,3.0,,None,802.2583000000001,,185.28669999999988,,0.008103162981569767,0.017807904411764705,15841.184907234698,15993.773012871865,0.00021938241867694192,30937.5,24882.6196180196,2.786258807172243,3.7421537692851827,5.6644546719187545,17.106428469183246,11.043567393726075,13.72064294813462,55.43696789798771
987.648,987.686,USV_983,0.038000000000010914,3.0,,None,802.2583000000001,,185.38969999999995,,0.006721799261868,0.03216911764705882,17806.117779434655,16207.205398137723,0.00013863851194460046,32327.20588235294,18617.724695858265,4.021838311956365,4.043123659788178,5.455968204144801,15.697985005883856,12.856707547966888,13.713212045947948,55.069725901271525
987.95,988.034,USV_984,0.08399999999994634,3.0,,None,802.2583000000001,,185.69169999999997,,0.009048170410096645,0.033432904411764705,16777.6094784716,14442.359148652395,7.549815957343354e-05,31102.941176470587,25062.34270534735,2.7748802721330046,5.872844893848767,6.0531005619126095,16.954660998823666,12.41197836103395,14.626617890870042,60.82755264753541
988.387,988.431,USV_985,0.044000000000096406,3.0,,None,802.2583000000001,,186.12869999999987,,0.009521394036710262,0.040013363486842105,17216.06177207747,15166.078478538431,0.00017662872898200203,30848.684210526317,24561.86974096364,1.9961047387445852,6.779524912148868,4.519540971642198,17.089704295208577,12.532509286672662,15.729526210367498,56.601802267361336
988.566,988.588,USV_986,0.021999999999934516,3.0,,None,802.2583000000001,,186.30769999999995,,0.009505280293524265,0.016224254261363636,16981.896871811514,19095.242427614165,0.00033140403456245206,31500.0,17777.577933170855,2.443845132621963,4.567179729146314,7.36545775245439,15.588712404181036,10.717725370227143,14.375866279027248,49.31416976799404
988.826,988.84,USV_987,0.014000000000010004,3.0,,None,802.2583000000001,,186.56769999999995,,0.00508113345131278,0.05316162109375,19772.32872543497,18475.709174522908,0.001482445314599173,32472.65625,17914.81211388492,1.9916214949923323,1.2940757701353425,4.202848005563755,16.05109903240034,10.541837668536235,13.87492814168181,47.63444806044331
989.146,989.189,USV_988,0.043000000000006366,3.0,,None,802.2583000000001,,186.88769999999988,,0.010911134071648121,0.015008223684210526,14555.910877938677,15548.311148881916,0.00018479273339782088,29565.78947368421,20865.170564647276,2.5303930602215994,5.457570970396449,5.25069289958294,13.743752944595464,12.576406463786551,14.676351339098888,54.446615306041224
989.46,989.473,USV_989,0.012999999999919964,3.0,,None,802.2583000000001,,187.20169999999996,,0.012832214124500751,0.009974888392857142,15985.058192850292,18600.315978492123,0.0006165723374523994,28151.785714285714,21778.523677304674,2.249026936596587,5.007416572909024,7.227685740155873,14.348092682972725,9.933495461259787,13.368847497584426,43.673662826794136
989.532,989.635,USV_990,0.1029999999999518,3.0,,None,802.2583000000001,,187.27369999999996,,0.009090565145015717,0.024789205411585365,16205.791019800483,15132.019445115842,9.534468105968815e-05,31136.432926829268,23913.057374094275,2.5329271198341625,4.058213671244985,5.938371794290903,16.75280248845405,11.383899967906169,14.544822159366129,59.647347933038596
990.018,990.065,USV_991,0.047000000000025466,3.0,,None,802.2583000000001,,187.75969999999995,,0.01099683903157711,0.0205078125,14490.689616153579,15277.824498863527,3.696678314288379e-05,30196.875,23497.968492557568,1.7200281928108727,6.890626555127469,6.316334781649347,18.017810897276853,10.470344782961424,14.588148856926054,55.0058242948938
990.205,990.262,USV_992,0.056999999999902684,3.0,,None,802.2583000000001,,187.94669999999996,,0.008913236670196056,0.024943033854166668,16223.357816825215,16212.859440043481,0.0003554932407057409,31359.375,26347.427573362394,2.875027013386029,4.718498360764346,6.904188613953326,17.548256491900677,11.090635222229308,13.359263887723438,57.48601131589732
990.313,990.351,USV_993,0.038000000000010914,3.0,,None,802.2583000000001,,188.0546999999999,,0.010848483070731163,0.014433019301470588,15303.28398137347,17468.47267768081,0.0002468507135648495,29652.573529411766,21726.660569463653,2.3095526376804334,4.9724021921424635,4.589590789074272,16.170770987870682,11.212325721367101,13.300271328005486,54.096238735265565
990.387,990.404,USV_994,0.01700000000005275,3.0,,None,802.2583000000001,,188.12869999999987,,0.008470525965094566,0.018880208333333332,16901.526528843577,21399.430755936424,0.0002917063110293478,32270.833333333332,24018.986906674538,2.159060651141188,5.113868383833479,5.946453428245264,13.923249349295967,9.133117485431637,12.094857836728606,44.616699894451216
990.636,990.673,USV_995,0.03700000000003456,3.0,,None,802.2583000000001,,188.3776999999999,,0.012428496032953262,0.0427703857421875,17391.62760008684,15266.950498771017,0.00013851968699879182,29167.96875,23708.040123429448,1.829413282822826,6.1978132874366025,7.357788031423324,17.410444570865103,11.044922734959133,13.561026514903576,56.14088833965498
990.767,990.793,USV_996,0.025999999999953616,3.0,,None,802.2583000000001,,188.50869999999998,,0.0094779497012496,0.025777180989583332,16295.793162584747,16431.345864362647,0.00016644753948107574,29976.5625,22227.049543041878,1.8658296375641144,4.237212515436775,6.101821195654593,20.01322699994644,9.028660569955866,14.040952629717674,52.91042138036423
990.888,990.931,USV_997,0.043000000000006366,3.0,,None,802.2583000000001,,188.62969999999996,,0.010543017648160458,0.04156815378289474,16946.658636429627,15417.570661620734,0.00014413807205236273,29575.657894736843,20698.398456389416,1.5435269872640984,4.030167124694132,5.938352729880087,14.896574477702359,10.05926960993997,14.173128749344436,57.80458426220907
991.007,991.035,USV_998,0.02800000000002001,3.0,,None,802.2583000000001,,188.74869999999987,,0.01281791552901268,0.012770432692307692,15539.260762938393,18011.860173948397,0.00020499150464853074,29141.826923076922,22302.046731468214,2.419995728823234,7.582059415070351,5.721674824260812,13.317557671208805,11.222403981938097,14.636126894620473,51.166431250547944
991.134,991.171,USV_999,0.03700000000003456,3.0,,None,802.2583000000001,,188.87569999999994,,0.009537799283862114,0.0263519287109375,16840.23637281449,16827.167127574226,0.00023014142594038903,30580.078125,21984.94849894018,2.992291444000985,5.733012235237373,5.468625957490943,16.420433734713058,11.256263571176458,15.11954754785642,54.82113048143222
991.268,991.297,USV_1000,0.028999999999996362,3.0,,None,802.2583000000001,,189.00969999999995,,0.010973576456308365,0.017164963942307692,14506.505836479042,14885.433079883396,3.388726784996067e-05,29567.30769230769,24596.556756859933,2.2282395518259337,6.913012769725977,5.460257938156517,16.421047718124694,9.538167828164644,14.803167426565743,53.476716203511884
991.43,991.462,USV_1001,0.03200000000003911,3.0,,None,802.2583000000001,,189.17169999999987,,0.01364434789866209,0.016060965401785716,13758.30248938675,17572.649946132122,0.00013302960839082129,29558.035714285714,22726.976051691134,2.3585740583656194,4.527522420126298,5.1203095346388725,13.968726421973512,10.270349360477736,15.64741322401259,51.41998682036438
991.905,992.017,USV_1002,0.11200000000008004,3.0,,None,802.2583000000001,,189.6466999999999,,0.010488747619092464,0.02991277521306818,15209.15990534502,13124.367745985843,6.582286223800483e-05,28794.034090909092,15704.88126547915,3.1595347109350103,5.739816488840683,5.7662531228142395,16.959733988585523,11.386205622038226,13.570700983184457,62.538743778537516
992.279,992.289,USV_1003,0.009999999999990905,3.0,,None,802.2583000000001,,190.02069999999992,,0.0068303667940199375,0.0225830078125,16213.867655520664,14782.418104065162,2.820920548519433e-05,31015.625,24251.426932302682,2.680027001960797,5.445305717422522,2.9370526014839293,13.807317652181943,8.74885123059191,12.782324963859152,45.58979080885504
992.724,992.76,USV_1004,0.03599999999994452,3.0,,None,802.2583000000001,,190.46569999999997,,0.011134087108075619,0.01409912109375,15028.753626631022,17416.59067787636,0.00016095626085351828,30146.484375,20676.351164840533,2.6709298091559592,5.414915568799866,5.900705573840455,14.40629479213013,10.345894167099168,13.224600306602195,51.79481159016243
997.882,997.897,USV_1005,0.015000000000100044,3.0,,None,802.2583000000001,,195.62369999999987,,0.009866032749414444,0.019805908203125,16802.8350061101,19370.81015527102,0.0005210816030522491,31371.09375,24849.767468748636,2.0110141199719553,5.801795335705307,7.874558023191542,14.676636941321952,10.366538994986655,14.872682120586939,44.66511288436395
998.168,998.176,USV_1006,0.008000000000038199,3.0,,None,802.2583000000001,,195.90969999999993,,0.010472867637872696,0.01591796875,17582.151028424825,24470.50704255774,0.0003809028180356528,32531.25,23337.083006289053,2.3299219839388625,2.0904216815062933,5.311982796113041,8.730165031819189,6.511587533161368,13.573502775023172,31.547869345244532
998.843,998.868,USV_1007,0.02500000000009095,3.0,,None,802.2583000000001,,196.58469999999988,,0.015271651558578014,0.016357421875,13117.69618577133,16589.955974356508,7.260867189414183e-05,27625.0,15063.052942999857,0.8692295109457363,8.921108716061983,4.224433409762399,14.774995451742674,10.994353839141011,15.07914724423678,49.34531200363076
999.149,999.162,USV_1008,0.013000000000033651,3.0,,None,802.2583000000001,,196.89069999999992,,0.009729449637234211,0.019147600446428572,16484.950398103716,19089.90217484692,0.0012274388110083219,30870.535714285714,19785.11142424134,2.276490828535773,5.618842405681684,6.3831126292165,13.271872103613076,10.723621853319221,12.609688571622275,42.87312082307323
1000.557,1000.577,USV_1009,0.01999999999998181,3.0,,None,802.2583000000001,,198.29869999999994,,0.012820476666092873,0.010107421875,14642.628478101751,20918.964586799342,0.0003330293668669019,30956.25,18307.225159770813,2.403331471735771,4.0879997193044435,5.496901654964834,15.11653738520825,8.49672267203707,12.497854050776258,44.91543534199595
1001.258,1001.284,USV_1010,0.025999999999953616,3.0,,None,802.2583000000001,,198.99969999999996,,0.006735797505825758,0.03375244140625,16264.615539193497,16132.21270968965,6.135058855220125e-05,32023.4375,19385.326148174583,2.7711163487211565,7.00461077255257,4.281046556250026,13.123027044074847,11.902110910666714,14.425406536300743,51.85635857569807
1002.541,1002.565,USV_1011,0.02400000000000091,3.0,,None,802.2583000000001,,200.28269999999998,,0.012186541222035885,0.010986328125,15168.220119118994,18857.422435774693,0.0003696020403490024,32130.68181818182,27810.048880533537,2.655062750188239,8.316140781169814,5.39182946707342,15.218500448481029,11.91254589251987,14.871001973550051,48.35296438765126
1002.848,1002.857,USV_1012,0.009000000000014552,3.0,,None,802.2583000000001,,200.58969999999988,,0.00939416978508234,0.0234375,21919.021299721364,25073.862034894944,0.0010860521160667167,34687.5,25967.98585922854,2.0149752813060378,3.6895478521424345,4.616257712732005,10.119345319247868,9.544580628229989,11.59918127238045,36.80715840727904
1003.1,1003.144,USV_1013,0.04399999999998272,3.0,,None,802.2583000000001,,200.84169999999995,,0.009173775091767311,0.019107216282894735,14707.564191647174,14852.655717625328,3.777228194894863e-05,30074.013157894737,21320.51698554407,3.2421559839308487,7.423007577070758,5.177317130370957,18.596214257393285,11.981185284512877,15.654263314943995,59.117733054885775
1003.35,1003.375,USV_1014,0.024999999999977263,3.0,,None,802.2583000000001,,201.09169999999995,,0.011559435166418552,0.016276041666666668,13274.254037853085,15498.436169121094,8.94163561836711e-05,29890.625,21343.861467261682,2.096085961277128,4.571005811251614,5.704539084954646,19.973996863758323,10.18968146808776,13.17509729942289,50.78162681981337
1003.584,1003.611,USV_1015,0.027000000000043656,3.0,,None,802.2583000000001,,201.32569999999987,,0.006310011260211468,0.025803786057692308,16708.593088898637,18281.099546387377,0.00018751405270376817,32358.173076923078,19005.074916213365,2.6890422909119116,4.2148166681084644,4.933627312734382,13.994351794486628,8.70508809140873,13.224120884223659,50.77640864764408
1009.687,1009.738,USV_1016,0.051000000000044565,3.0,,None,802.2583000000001,,207.42869999999994,,0.009298198856413364,0.022960316051136364,15123.486928271626,15194.993521842152,0.00024720316698721126,30485.795454545456,15341.701801592104,3.2967063491017488,4.32864735582651,6.037984328037103,14.641912578572144,10.252854123255851,13.715216151175213,57.49520705282753
1009.901,1009.945,USV_1017,0.044000000000096406,3.0,,None,802.2583000000001,,207.64269999999988,,0.009274814277887344,0.03465511924342105,16693.963526063733,15982.479409629363,0.00036966095044573444,29935.855263157893,19491.940922665322,3.415107106735285,4.123632679438516,4.985354240063553,16.42841019632644,10.499040113333324,14.128130381007185,56.252547874674505
1010.845,1010.857,USV_1018,0.011999999999943611,3.0,,None,802.2583000000001,,208.58669999999995,,0.02181471697986126,0.012067522321428572,14850.493764579776,23054.218646342408,0.0008539758957645931,30776.785714285714,22213.844690672147,0.9192394142873551,2.602205140960037,6.466163583415586,15.33183544027282,8.720955101940985,11.613417434102116,37.0580060039831
1023.546,1023.61,USV_1019,0.06399999999996453,3.0,,None,802.2583000000001,,221.28769999999997,,0.009940564632415771,0.027146559495192308,14721.951846238611,14736.215735605576,0.000159169781718613,28792.06730769231,18312.55531629996,2.067005203316964,5.470637890820002,5.202583090985781,13.870602196462439,11.007935918995859,13.941253116300448,58.16682319698843
1024.89,1024.915,USV_1020,0.024999999999863576,3.0,,None,802.2583000000001,,222.63170000000002,,0.011556234210729599,0.031717936197916664,17531.340462154232,18811.60640313799,0.0006184886955613206,31132.8125,17530.432058772047,1.5295885847623154,3.686811478888353,5.849890928143039,12.624004419816478,10.31188449779121,13.665183546704668,51.923771369399795
1027.638,1027.652,USV_1021,0.014000000000123691,3.0,,None,802.2583000000001,,225.37969999999984,,0.012284386903047562,0.0064697265625,14167.001971460177,17851.167537997662,0.00017939542625437072,28968.75,22368.22515585766,2.15375038155617,4.717489912588128,6.04008822053193,13.493961455670336,10.963657201362054,14.806261852423289,44.50456868887167
1029.326,1029.347,USV_1022,0.020999999999958163,3.0,,None,802.2583000000001,,227.06769999999995,,0.015824947506189346,0.0005859375,13280.40400054818,18313.71596415415,0.00015069715592969874,29146.875,21001.73168998387,2.5163264636048055,4.476717196279308,6.01671969447576,16.549070149343358,9.574705771539621,13.498122302605154,46.197613674708975
1029.633,1029.721,USV_1023,0.08799999999996544,3.0,,None,802.2583000000001,,227.37469999999996,,0.0099479453638196,0.023311941964285713,15556.69192390083,15178.044695334216,0.0001949584815677045,30886.60714285714,20938.601008193447,3.930248739674941,4.460241454138785,5.603104967138345,15.78312311045521,11.27534448188283,14.657009124605962,59.50674971866087
1029.758,1029.829,USV_1024,0.07099999999991269,3.0,,None,802.2583000000001,,227.49969999999996,,0.00950463954359293,0.02099609375,14830.197018752024,15513.922261589092,0.00012645443225906236,30345.905172413793,20975.598291325765,2.409856513564754,5.515392819484501,6.244551317926445,15.42633880572979,11.771267319622021,14.365606504127813,57.509074360248675
1033.953,1034.002,USV_1025,0.04899999999997817,3.0,,None,802.2583000000001,,231.6946999999999,,0.011061623692512512,0.021786644345238096,16366.939319406045,16603.931416714382,0.0007181983299215847,31629.464285714286,22471.77502266121,2.843094065771662,4.385923848204354,4.721182163983373,14.475069564704976,12.158316098920952,13.73545664361843,55.38974310571299
1036.554,1036.581,USV_1026,0.026999999999816282,3.0,,None,802.2583000000001,,234.2957,,0.009563371539115906,0.043416341145833336,17544.08459942483,15263.976506332621,3.155987365392002e-05,31007.8125,27152.40103929455,2.2236810688470405,4.08854958531525,7.093238588181684,16.415581371346374,12.408380713386252,16.177940192297257,56.71042944674995
1038.241,1038.255,USV_1027,0.014000000000123691,3.0,,None,802.2583000000001,,235.9826999999999,,0.010009238496422768,0.02252197265625,16532.07029310313,18293.62635783209,0.000170625475331302,32167.96875,28234.748972795536,1.8047582459395137,6.141351708014176,5.454056148669531,15.937141732005486,9.502697862409573,15.312048546736879,45.82595406003053
1038.308,1038.33,USV_1028,0.021999999999934516,3.0,,None,802.2583000000001,,236.04969999999992,,0.012140019796788692,0.020640980113636364,13945.54258731525,16624.053957467597,8.758936484130019e-05,30485.795454545456,22517.700172563775,1.3563359280220448,8.374048532683462,4.6267473995518635,15.981246977446823,9.760392677821768,14.445569192265213,48.59863064568965
1038.449,1038.465,USV_1029,0.015999999999849024,3.0,,None,802.2583000000001,,236.1907,,0.008695969358086586,0.026458740234375,16427.05373416657,18862.363349614152,0.0005812985194369156,31195.3125,19592.361287269516,1.6633573162870006,3.399377721906116,5.719002822223427,13.66367699586715,9.667404091301602,14.16323573606908,45.39507207763075
1038.882,1038.934,USV_1030,0.05199999999990723,3.0,,None,802.2583000000001,,236.62369999999999,,0.01294528879225254,0.039262251420454544,16230.326844118112,14714.209469083313,0.00011858390825666408,29373.579545454544,26158.450774114044,3.0215228237238563,5.506084517983233,5.036503611198481,15.719567306936547,10.915267406909447,14.98268541186884,58.432584624488555
1041.459,1041.575,USV_1031,0.11599999999998545,3.0,,None,802.2583000000001,,239.20069999999998,,0.01021647546440363,0.023888629415760868,14380.096798239749,14875.29904702813,8.715365909696732e-05,30468.75,24722.697862116765,1.9978478046031973,4.11388666632806,5.700854419063186,16.955070902818985,11.512024012819419,14.349781841156728,58.59925641791887
1043.399,1043.471,USV_1032,0.07200000000011642,,,None,,,,,0.009479369968175888,0.030702788254310345,14492.916560708793,14360.701712449165,6.882043653631305e-05,29540.94827586207,18033.073741406013,2.466821975273207,5.027278054072038,5.833077542148022,16.523476385195167,11.212978756206622,14.01542228314326,58.45580005509454
1043.704,1043.806,USV_1033,0.10200000000008913,,,None,,,,,0.011018048971891403,0.020900819359756097,13109.373322905212,13641.646624708816,9.008233307570806e-05,27418.44512195122,15945.128351731151,2.881118252814021,5.741202504078095,5.3271566819027125,14.21631249918631,11.641982819865458,14.791668429942725,59.51334845855304
1044.191,1044.308,USV_1034,0.1169999999999618,,,None,,,,,0.011990589089691639,0.018926205842391304,11782.190573525906,13616.909510035066,6.933024449523989e-05,27124.320652173912,24508.205649082105,2.3623686734195157,4.816651681039561,7.573591886074882,17.15753529067734,11.330399623940332,16.38284415993011,59.146565695434624
1044.415,1044.495,USV_1035,0.07999999999992724,,,None,,,,,0.011478535830974579,0.0258026123046875,13387.162451462757,14382.561068977036,3.442451843345377e-05,29358.3984375,23535.952525470108,2.2790686504828503,4.974189315460089,4.062386969440917,16.01253708232965,11.959030319485606,15.698306137793486,58.14670382797689
1044.68,1044.802,USV_1036,0.12199999999984357,,,None,,,,,0.01235468965023756,0.025660196940104168,12807.834918635484,13820.35117921651,0.00015142728985771228,27589.84375,21687.888142955173,2.738407916774109,5.260838332674209,5.214777948330848,14.916191957699931,11.924931669642774,15.716852587100547,59.969906048443185
1045.075,1045.12,USV_1037,0.044999999999845386,,,None,,,,,0.01465384941548109,0.01239977384868421,12026.01415784132,14036.964443408802,3.6568264682990896e-06,28031.25,24729.47366365746,2.0735825563841006,4.3379206681485,5.271703249754387,17.43543009465514,11.56206945365683,15.023021480433053,54.25193641328411
1045.273,1045.348,USV_1038,0.07500000000004547,,,None,,,,,0.012338737025856972,0.024807837701612902,12655.659039065784,13803.209545159834,8.086062780273206e-05,27190.524193548386,22269.635625783536,2.495505550431491,4.556234833098081,6.90923929651105,15.601456012090516,11.740781454025628,15.216191523674748,58.44966694413897
1048.663,1048.745,USV_1039,0.08199999999987995,,,None,,,,,0.016509154811501503,0.014744614109848484,12034.304160116606,13547.13645614222,6.644371040435496e-05,26338.06818181818,17982.766275308335,2.67058473735053,6.610325738520673,6.271158301974509,17.452328192110134,12.550066738349688,14.357570195219969,57.59671091540878
1048.896,1049.024,USV_1040,0.12799999999992906,,,None,,,,,0.010229936800897121,0.0304248046875,13746.458593675741,13318.48299453466,0.00014482350541092715,27710.625,19146.864193507798,3.3426860061460655,4.165592304992216,7.014337907238585,15.508974412933902,11.485842474994998,14.751203444425164,61.89937802977258
1049.542,1049.577,USV_1041,0.035000000000081855,,,None,,,,,0.007366510108113289,0.037811279296875,16220.988405684922,15668.806387235076,0.00026958787922993566,30732.421875,16782.101274361845,2.1718080201307384,2.863168658838597,6.535044970094846,15.03793197858553,13.45474717068609,16.897004065349165,56.67396253827639
1049.814,1049.89,USV_1042,0.07600000000002183,,,None,,,,,0.011346571147441864,0.034423828125,15095.489574280778,14633.787839175939,0.0003470925532166556,29256.048387096773,18679.19143191213,2.353345636896174,5.893091496929165,5.808903931510684,15.598556260797672,11.350966780721592,18.08395337914416,59.8932845803019
1049.958,1050.069,USV_1043,0.11099999999987631,,,None,,,,,0.02543877810239792,0.01083096590909091,9212.966296915376,13304.83603550217,5.503767785965487e-05,22924.00568181818,16698.361252059953,3.5254738219374677,3.588854381814076,6.887871789221674,17.69139978619883,10.845839038581252,13.873792542947013,57.86522659920433
1051.429,1051.46,USV_1044,0.03099999999994907,,,None,,,,,0.009656363166868687,0.025460379464285716,15723.439913405566,16699.350272314037,0.00010488572048283353,30475.446428571428,18193.008091836928,1.7278517076270616,4.561486879438584,6.072252647107859,16.037128826999158,10.952027689583078,14.827623572977737,53.017706888422744
1051.601,1051.706,USV_1045,0.10499999999979082,,,None,,,,,0.008818591944873333,0.026384626116071428,14683.077651612039,14977.72860837507,0.00020440244569741936,29892.85714285714,16387.662123692473,2.490708356215739,4.375390772836423,5.785617837144209,15.854342632271477,10.500167962134446,14.487862498945633,58.783740581379085
1055.13,1055.149,USV_1046,0.018999999999778083,,,None,,,,,0.008712303824722767,0.035725911458333336,16990.145468306717,17297.083532763594,0.0005188005793554539,31750.0,26178.743512443794,1.3689640969070045,5.4511989460596935,4.748952777805824,14.908162909507146,10.575996510240282,15.268785922630542,51.92208093307388
1055.289,1055.339,USV_1047,0.049999999999954525,,,None,,,,,0.012479113414883614,0.021205357142857144,10373.437745651121,12516.328166918856,3.953868438680413e-06,24544.64285714286,18882.21684548654,2.930595587400925,2.407467403223932,4.621728165940078,16.477955974796956,10.761569489241495,13.407884629934363,59.22918049040242
1055.807,1055.872,USV_1048,0.06500000000005457,,,None,,,,,0.03512663394212723,0.00972945601851852,7526.348975158106,11858.399085392193,7.404122354122144e-05,17875.0,24503.43758963323,2.120142885681644,2.4531996358818264,4.449213346067681,16.66039701699491,11.512100644777881,16.28847356797407,59.21586332343981
1058.058,1058.145,USV_1049,0.08699999999998909,,,None,,,,,0.013090354390442371,0.025669642857142856,13258.603688786648,13005.376799591111,4.780520435271246e-05,27230.35714285714,19055.75807358818,1.8097461414198481,5.25904453971179,5.587890846515123,16.490454683142822,12.124079249343529,15.38270269098238,60.018914402780204
1063.338,1063.461,USV_1050,0.1230000000000473,,,None,,,,,0.010874491184949875,0.02574936224489796,13546.183783741693,14310.040262877928,0.00015732272677414002,28752.551020408162,20086.988089151895,2.297182216465973,5.0319723408207375,5.244061017923299,16.514904114043624,13.262412101323159,14.858431571392785,59.513831599379735
1075.383,1075.516,USV_1051,0.1330000000000382,,,None,,,,,0.010943202301859856,0.03760235126201923,15081.968795776913,13741.96697504505,8.24776521460036e-05,29091.346153846152,20349.75324860856,3.255756639311209,4.474296942520067,5.1834601047211075,15.892527437462947,10.73405631577473,15.551074224325056,61.00458047094397
1121.405,1121.479,USV_1052,0.07400000000006912,,,None,,,,,0.0458083301782608,0.006941731770833333,6624.25536528017,11830.31576802854,9.297281636503753e-05,15109.375,31876.090976511197,3.5254609847033245,2.77212781449765,5.453270877031204,19.141613167315256,10.305717730880593,15.026216781449948,56.90546355843868
1123.632,1123.709,USV_1053,0.07699999999999818,,,None,,,,,0.014682266861200333,0.030651461693548387,14433.302117067407,13939.144967130274,0.00020045061601442778,28252.016129032258,22949.188568855505,2.3612424377191075,7.3180941694143735,4.485483135769181,17.714816903786087,10.95653466963558,14.445220367140513,58.89697391584291
1124.303,1124.451,USV_1054,0.14799999999991087,,,None,,,,,0.011390453204512596,0.0349542025862069,14778.819348557006,13457.098015842055,4.460666475575749e-05,29117.456896551725,20669.07075321287,2.1619168619281846,6.245904037596982,4.501992811222845,16.895216533155992,11.599302141184122,14.692146785753298,61.254101884337445
1129.251,1129.306,USV_1055,0.055000000000063665,,,None,,,,,0.012894714251160622,0.018607761548913044,13367.131537998413,15106.998111826904,5.042189321433019e-05,28993.206521739132,21696.31545646241,3.273608635314144,5.172247477036552,5.203188236895641,16.09950647894009,10.754459061917988,15.762002509525308,55.72446707722
1129.639,1129.779,USV_1056,0.14000000000010004,,,None,,,,,0.012266464531421661,0.034876598011363634,15666.951524387157,13599.644203061573,8.371453803310527e-05,28718.18181818182,17214.242774795177,2.8346139938277783,4.305740413821527,5.193667027253343,15.286423018832545,11.83716557537931,14.849320842769531,61.88199155470959
1129.842,1129.874,USV_1057,0.03199999999992542,,,None,,,,,0.01489916443824768,0.015938895089285716,12156.8659626065,15349.510773058177,6.565169391626372e-05,27274.553571428572,18340.32524969901,2.658444986611621,2.4343957542676447,5.797024333406976,18.62019973447781,11.551503804030514,13.364730814335038,53.943026771843634
1129.919,1130.02,USV_1058,0.1009999999998854,,,None,,,,,0.0494377464056015,0.027703857421875,12144.963670953062,11748.913020902663,2.698376807945546e-06,24963.28125,18968.305504836688,3.017625357901559,3.359722025391558,5.356602601258913,17.686774067360638,11.96463261990603,15.473054538966547,57.13105537984266
1131.589,1131.616,USV_1059,0.027000000000043656,,,None,,,,,0.018933111801743507,0.02576622596153846,14779.358238501505,15733.325965647738,0.00015417495015576844,27894.23076923077,20895.392044397096,1.707550279934994,2.3305236781440284,4.720386809858024,15.947135920604289,8.574072574102148,14.749778246685135,54.97085541363598
1132.077,1132.143,USV_1060,0.06600000000003092,,,None,,,,,0.010450143367052078,0.02009186921296296,14028.943308659309,16198.091601481157,0.0002785958581725044,30652.777777777777,21256.2923727211,2.620461051146931,4.851959678667737,4.817670560050379,16.805321623385833,10.553093547136491,15.751017962749037,56.39686955523145
1132.785,1132.916,USV_1061,0.13099999999985812,,,None,,,,,0.013500740751624107,0.020359413296568627,12680.585582135953,14128.242468770068,2.2790106398082053e-05,28612.132352941175,21261.832293618547,2.7726724762554573,4.763199235982251,5.822513759786485,17.538645844913603,11.117414994224063,15.344138733119866,59.83657094053936
1137.907,1138.052,USV_1062,0.1449999999999818,,,None,,,,,0.012050271034240723,0.03142132675438596,14313.06418551415,13310.083089859696,5.345307165538677e-05,28223.684210526317,18539.30220540022,2.5060788380787358,4.195702249735734,5.484344784331358,16.48704010457177,11.717464107230235,14.011365979794245,60.93109354849313
1138.933,1138.961,USV_1063,0.02800000000002001,,,None,,,,,0.01431305706501007,0.022611177884615384,13909.105028482598,18424.629947508038,0.000985072540535819,29084.134615384617,22222.30517556684,3.0991311459386757,2.2104544699811393,5.2512041281991735,14.76860901586942,10.240116196380377,14.354935669313242,49.79373479822803
1140.459,1140.502,USV_1064,0.04299999999989268,,,None,,,,,0.012675002217292786,0.021077473958333332,12993.249127381707,13726.071280533772,2.37602792486748e-05,26401.041666666668,17164.716987857526,1.6230186423507982,6.350147998643092,5.077814357593672,16.675162595745846,10.615158824173726,14.852894030055218,57.73989606442871
1140.996,1141.099,USV_1065,0.10299999999983811,,,None,,,,,0.010634362697601318,0.01834032012195122,13653.277960367084,14390.752406871497,0.00012184261452424515,28936.73780487805,18557.18415905437,2.4852023465356305,5.776061293794946,5.92297239637957,17.17416843644381,10.815771282566134,15.505676962566696,59.55090812135772
1152.361,1152.454,USV_1066,0.0929999999998472,4.0,37.91000000000008,True,1144.1693,1182.0793,8.191700000000083,-29.7183,0.012006822042167187,0.029389252533783782,15209.710676869037,14625.748204732543,8.939923949892746e-05,29868.243243243243,24614.770853625483,2.0859771254407664,4.704356831194629,5.663120594425133,15.417901210645676,10.776132443843569,13.23577911124023,59.24103469594659
1152.548,1152.557,USV_1067,0.009000000000014552,4.0,37.91000000000008,True,1144.1693,1182.0793,8.37869999999998,-29.5313000000001,0.014917860738933086,0.013590494791666666,16776.670832344997,23240.047232016757,0.00036043129168997304,29171.875,18592.53805085938,2.128528613427428,4.781400290290254,3.816841051238891,10.454350301180837,7.5018751864761555,13.534138746680076,36.267933854663994
1156.801,1156.878,USV_1068,0.07699999999999818,4.0,37.91000000000008,True,1144.1693,1182.0793,12.63169999999991,-25.278300000000172,0.010806012898683548,0.028131300403225805,16274.990718194069,13818.086737414744,0.00013508463743234388,29682.459677419356,21147.513236074155,2.429276667860387,3.667173681294929,5.817956488713834,17.905559067991486,11.356456482094401,13.651618282122296,60.94849340868275
1156.978,1157.007,USV_1069,0.028999999999996362,4.0,37.91000000000008,True,1144.1693,1182.0793,12.808700000000044,-25.101300000000037,0.007955599576234818,0.030611478365384616,16844.5340967436,17026.167523288765,0.00016775163325323658,31492.78846153846,21459.39362281039,3.1067974956280278,3.5107289414034692,3.616651262317319,16.180421783439133,12.853704770083773,13.852629474019402,52.8028359319447
1159.522,1159.536,USV_1070,0.014000000000123691,4.0,37.91000000000008,True,1144.1693,1182.0793,15.352699999999913,-22.55730000000017,0.008012109436094761,0.017974853515625,17935.062941736993,19127.04046576578,0.00031366048175572006,33515.625,28681.02741083787,2.219211666896595,2.617878059121898,5.093278142613261,16.05832753403556,10.585129118352985,15.36221657304988,44.97970734888517
1159.674,1159.693,USV_1071,0.019000000000005457,4.0,37.91000000000008,True,1144.1693,1182.0793,15.504699999999957,-22.405300000000125,0.009580363519489765,0.0163330078125,14443.814181667167,16964.52604474669,0.00017435781827944955,29887.5,21757.543877157586,2.039284196732625,3.260227843092202,4.685824247979095,16.299815158325377,10.665503341263584,13.889720328182989,47.733080237617614
1160.277,1160.301,USV_1072,0.023999999999887223,4.0,37.91000000000008,True,1144.1693,1182.0793,16.107700000000023,-21.80230000000006,0.0149467084556818,0.0015980113636363637,13284.485700459592,16477.631019191038,4.916385630457287e-05,29301.136363636364,20947.726460322425,2.545959965342184,4.7630078419891895,8.100636823844775,15.82676547322893,12.330382076466835,12.78710390769113,51.26369697467344
1162.476,1162.514,USV_1073,0.03799999999978354,4.0,37.91000000000008,True,1144.1693,1182.0793,18.30670000000009,-19.60329999999999,0.008248656056821346,0.021182789522058824,16047.95089723756,17070.150802809883,0.0007828631012342375,32360.29411764706,22246.993003400086,3.6100224062765816,4.455910357741258,5.1343398350299605,15.549001038515398,11.222791726363752,13.468193847337002,54.1788471779144
1162.678,1162.697,USV_1074,0.018999999999778083,4.0,37.91000000000008,True,1144.1693,1182.0793,18.50870000000009,-19.401299999999992,0.014111197553575039,0.019721137152777776,14109.637850022209,18045.580577453555,7.075191311563229e-05,30260.416666666668,27629.30836501073,0.9327722474147652,9.43305708404851,4.793633661259204,12.883110265265124,10.358516351368985,14.23239726710007,48.590244392344204
1165.455,1165.501,USV_1075,0.04600000000004911,4.0,37.91000000000008,True,1144.1693,1182.0793,21.285699999999906,-16.624300000000176,0.01163316797465086,0.05474853515625,16013.555057909496,15744.515374403412,0.00014256958451780275,27843.75,21492.22442376627,1.8746112249733664,4.165582056872585,6.643831585678936,15.257897510754498,10.954716746633867,14.340936523651612,58.8916320873637
1165.66,1165.699,USV_1076,0.03899999999998727,4.0,37.91000000000008,True,1144.1693,1182.0793,21.49070000000006,-16.41930000000002,0.0060318042524158955,0.045151654411764705,17507.455817534566,14806.388786525851,0.00017002343944257626,31494.485294117647,18877.840933576837,2.856752314199175,4.0760927801447595,4.964625436599087,15.968026398232567,12.145976074928944,12.360587836309648,57.09540592627906
1165.762,1165.863,USV_1077,0.10100000000011278,4.0,37.91000000000008,True,1144.1693,1182.0793,21.592699999999923,-16.31730000000016,0.011944142170250416,0.02777099609375,13823.156406145843,14620.42462722992,2.8906871380036395e-05,28446.09375,21134.080168992637,2.314517742900761,5.068274727902692,5.588010219472631,17.133147311783844,11.432633992146732,15.152610705977121,58.91048122493637
1165.98,1166.06,USV_1078,0.07999999999992724,4.0,37.91000000000008,True,1144.1693,1182.0793,21.810699999999997,-16.099300000000085,0.0077216443605721,0.03365325927734375,15672.384897146894,14918.49763630665,7.454436784851807e-05,30477.5390625,20222.010500888737,3.040387283834256,5.344378490710181,5.139178748637712,16.138452225554957,10.190165801284584,14.052106621037188,59.20211072071877
1166.157,1166.253,USV_1079,0.09600000000000364,4.0,37.91000000000008,True,1144.1693,1182.0793,21.987699999999904,-15.922300000000178,0.008997872471809387,0.034578022203947366,15229.653394792367,13749.314814311538,3.6269381481756016e-05,29597.861842105263,21008.538363291664,3.404790852556265,4.401995948685175,6.261794038520818,17.155229524700356,12.104325168814961,13.50879750012716,61.55174583298593
1166.355,1166.42,USV_1080,0.06500000000005457,4.0,37.91000000000008,True,1144.1693,1182.0793,22.185699999999997,-15.724300000000085,0.008037901483476162,0.043384693287037035,16373.782596043275,15959.424473249157,0.0003103812077032971,30638.88888888889,23126.708909273937,2.1333118128956996,5.438957245488094,6.47548817559421,17.948836079871423,11.582944948362867,15.048436968618594,58.53441678189729
1166.536,1166.616,USV_1081,0.07999999999992724,4.0,37.91000000000008,True,1144.1693,1182.0793,22.366700000000037,-15.543300000000045,0.009854103438556194,0.0550384521484375,16557.789205101973,13885.799092620036,0.00012372437895643993,28139.6484375,24898.04555490821,2.6019625966463673,5.421332680644861,6.8417437723312755,16.704209498968304,11.035040111023353,15.227903323844595,60.89344661623869
1166.717,1166.792,USV_1082,0.0749999999998181,4.0,37.91000000000008,True,1144.1693,1182.0793,22.547700000000077,-15.362300000000005,0.009101862087845802,0.04747721354166667,16286.766318687378,14752.074922668118,0.00019214129147678756,29075.0,22125.904739240592,2.8097831180882906,5.3950983385382285,5.271641452577582,14.585580727718538,9.89607692224009,14.398203491481835,61.85191375837538
1166.911,1166.973,USV_1083,0.06199999999989814,4.0,37.91000000000008,True,1144.1693,1182.0793,22.741700000000037,-15.168300000000045,0.012657440267503262,0.04075270432692308,15611.444076667229,14269.669836537245,0.00014944469892703603,27209.134615384617,22745.356372209328,2.339779248992336,4.818158435923326,5.390601060850396,15.321504060841114,10.720426483054675,14.329304834103546,60.67532068352632
1167.092,1167.16,USV_1084,0.06799999999998363,4.0,37.91000000000008,True,1144.1693,1182.0793,22.922700000000077,-14.987300000000005,0.012091070413589478,0.020036969866071428,14292.351666508408,15212.708315998021,0.0002039931824342963,27950.89285714286,19312.2147054961,2.8196926166470875,4.767340976085366,5.8072460559679815,16.524347928077876,12.705585561849857,14.298417328928,59.18937544290459
1167.291,1167.372,USV_1085,0.08100000000013097,4.0,37.91000000000008,True,1144.1693,1182.0793,23.12169999999992,-14.788300000000163,0.011386221274733543,0.05836440577651515,16415.100439513277,14308.675172480287,0.0001319598662033446,28048.295454545456,24952.133530559753,2.387516439092751,4.640195932053476,6.481403639188045,17.648404165520365,11.258108663789224,14.164685238268767,61.861975476768684
1167.477,1167.562,USV_1086,0.084999999999809,4.0,37.91000000000008,True,1144.1693,1182.0793,23.307700000000068,-14.602300000000014,0.012744675390422344,0.03379193474264706,14873.828754663704,14346.714782500268,0.00020152283322012542,28072.610294117647,22594.17624847162,3.097484639332949,5.454498017762339,6.907463295246431,16.83106907178437,11.909556332955907,15.664161187148538,59.89911471514196
1167.679,1167.753,USV_1087,0.07399999999984175,4.0,37.91000000000008,True,1144.1693,1182.0793,23.509700000000066,-14.400300000000016,0.011958788149058819,0.0432373046875,15751.445458801278,13616.028239506248,9.985903446827855e-05,27071.875,24100.426663290258,2.968314112044362,4.773160297018621,7.215843411364507,17.136504357075296,10.639000391978929,14.900859091946087,60.8150383955361
1167.872,1167.895,USV_1088,0.02299999999991087,4.0,37.91000000000008,True,1144.1693,1182.0793,23.70270000000005,-14.207300000000032,0.012984075583517551,0.011518998579545454,13385.153023751585,17547.498906189554,0.0002801649024814552,27639.204545454544,19051.144121860507,2.337421376078902,6.027303581938824,8.968744322490487,15.122828913030206,10.600363137809563,12.86395328095524,48.927846073293814
1168.084,1168.129,USV_1089,0.044999999999845386,4.0,37.91000000000008,True,1144.1693,1182.0793,23.91470000000004,-13.995300000000043,0.0101473955437541,0.059416118421052634,16305.808210415707,14574.714599729094,7.105710491556616e-05,28465.46052631579,23472.30727611008,2.6254357552462437,4.982079975386067,5.78034325225881,15.12201277837031,9.164481351966081,15.445826659657515,57.07646671533425
1168.264,1168.296,USV_1090,0.032000000000152795,4.0,37.91000000000008,True,1144.1693,1182.0793,24.094699999999875,-13.815300000000207,0.0106043741106987,0.018223353794642856,14876.014377885405,17017.77506950412,0.00020354942708222977,29618.303571428572,21997.054430814005,2.527403103062561,3.711599134960735,6.112480423217215,15.457002172301037,10.74284221819752,15.50354609805348,53.26427988224122
1168.466,1168.483,USV_1091,0.01700000000005275,4.0,37.91000000000008,True,1144.1693,1182.0793,24.296699999999873,-13.613300000000208,0.010610929690301418,0.013102213541666666,15200.936784163005,20256.437168449032,0.00037480318363174343,30718.75,16651.64702442773,2.517631765325662,0.8119026354205882,4.818258684776471,13.129911109760876,7.746165155972569,13.27760098773242,46.91339800490509
1168.66,1168.673,USV_1092,0.012999999999919964,4.0,37.91000000000008,True,1144.1693,1182.0793,24.49070000000006,-13.419300000000021,0.008396121673285961,0.012765066964285714,15327.030039653639,19767.170138986545,0.00023877181149959214,31272.321428571428,18269.570374629162,2.2849523334303607,4.041426171385764,8.240570355109597,13.392253201507145,9.06437561614543,12.997469841783465,42.6304216623152
1168.989,1169.009,USV_1093,0.01999999999998181,4.0,37.91000000000008,True,1144.1693,1182.0793,24.81970000000001,-13.09030000000007,0.010335562750697136,0.0181640625,15952.255979143349,18752.534503736468,0.00025840304207066166,30778.125,19080.807936872185,2.270048325403467,5.091723586888265,5.74185553367401,15.651305906274809,9.932799538360637,12.686672721358491,47.10989111511848
1169.161,1169.176,USV_1094,0.01499999999987267,4.0,37.91000000000008,True,1144.1693,1182.0793,24.991700000000037,-12.918300000000045,0.010256065055727959,0.01629638671875,14551.998232982347,15971.801417739789,0.0002657023531031956,29671.875,16664.07168243525,2.9654191160609447,6.066613083658116,4.864548234896009,13.553208910283209,11.964257436407628,13.673794905999456,45.96298345234614
1169.444,1169.496,USV_1095,0.052000000000134605,4.0,37.91000000000008,True,1144.1693,1182.0793,25.27469999999994,-12.635300000000143,0.014599543996155262,0.006902521306818182,11942.484594948986,15581.678611428726,7.197410896910368e-05,28171.875,18187.130542250343,2.5781654633881956,5.172883775446538,6.782304016058531,16.64743772830102,12.768286044081623,14.332508061103635,54.045128631740134
1171.852,1171.88,USV_1096,0.02800000000002001,4.0,37.91000000000008,True,1144.1693,1182.0793,27.682700000000068,-10.227300000000014,0.009300020523369312,0.018329326923076924,14992.344402763,17737.356790060152,0.00013910097600203892,31456.73076923077,15332.107553382688,2.8806004185590433,3.2571025397711777,6.072204106593247,16.19963415739696,11.47529319429314,13.14663517407186,50.81551518667512
1172.074,1172.092,USV_1097,0.018000000000029104,4.0,37.91000000000008,True,1144.1693,1182.0793,27.904700000000048,-10.005300000000034,0.00982612743973732,0.022677951388888888,16673.388541609755,18320.806039930627,0.0003420426210206281,30562.5,15925.264527629719,2.4626868958011428,3.9084819717602546,6.2803427385337685,18.1177800966342,10.415437985709584,16.15548910776135,48.01927984792274
1173.207,1173.217,USV_1098,0.009999999999990905,4.0,37.91000000000008,True,1144.1693,1182.0793,29.037700000000086,-8.872299999999996,0.012798803858458996,0.026204427083333332,17987.006734126888,22764.617420595623,0.0014039755660104302,34031.25,30376.415352413587,2.7096886420498514,4.62581169208213,2.4840149630959,11.079755581162459,7.75542047426833,14.031750187866516,35.859624847740854
1175.251,1175.29,USV_1099,0.03899999999998727,4.0,37.91000000000008,True,1144.1693,1182.0793,31.081699999999955,-6.828300000000127,0.011700309813022614,0.02741555606617647,15471.930596929722,15876.834305893637,0.0001353883975581564,28814.33823529412,19623.11483327687,1.9071718843930403,5.60856478041332,5.7492390530053115,16.48110645315254,12.575138720811777,13.73747534242146,55.2139151881435
1175.421,1175.467,USV_1100,0.04600000000004911,4.0,37.91000000000008,True,1144.1693,1182.0793,31.251700000000028,-6.658300000000054,0.006698437035083771,0.03525390625,16208.346109227528,15560.280620944171,0.00018761858738505262,30656.25,24932.757581353027,2.2574376182144826,4.501071812298446,6.82451516540925,17.25444385195376,11.090084597202852,14.887923585918633,58.925447269403904
1175.616,1175.668,USV_1101,0.05199999999990723,4.0,37.91000000000008,True,1144.1693,1182.0793,31.446699999999964,-6.4633000000001175,0.011588003486394882,0.021107066761363636,14791.335304258142,15618.398271611042,0.0001442466533047878,28951.704545454544,22509.97429836399,2.8107438507825124,5.5419557396818,6.214792085755699,16.365659195546232,10.17260401922799,14.62731257826494,56.47145223988029
1177.224,1177.247,USV_1102,0.023000000000138243,4.0,37.91000000000008,True,1144.1693,1182.0793,33.05469999999991,-4.85530000000017,0.012240209616720676,0.016823508522727272,13478.066826666713,16869.796838504775,0.0003785724851738776,28627.840909090908,25356.941504719176,0.7876839790742584,3.0684712070132716,8.306869660791403,18.308759918898456,10.012509693585157,16.007245225419663,49.38813547410837
1177.949,1178.02,USV_1103,0.07099999999991269,4.0,37.91000000000008,True,1144.1693,1182.0793,33.77970000000005,-4.130300000000034,0.009207149967551231,0.022629310344827586,15564.604543071573,14662.430356697681,5.603603772484201e-05,30792.025862068964,21993.11588357738,2.435857171073766,4.263704372148547,5.267471969326779,17.001463961838564,12.895989873139762,15.944705960174856,58.356868162068864
1178.763,1178.879,USV_1104,0.11599999999998545,4.0,37.91000000000008,True,1144.1693,1182.0793,34.5936999999999,-3.316300000000183,0.010416802018880844,0.02128800101902174,14972.603577276108,15524.886258009861,0.0001420203617313301,30953.804347826088,22123.93706535246,2.5346280058962454,4.750655918164782,7.0537742815771205,19.093742808803263,11.232890658769998,14.846169700311105,58.28486161383312
1178.915,1178.975,USV_1105,0.05999999999994543,4.0,37.91000000000008,True,1144.1693,1182.0793,34.74569999999994,-3.1643000000001393,0.014738351106643677,0.016875,14396.14028483348,16483.288104539144,0.0001294169296076747,30093.75,22562.02427459382,2.213658759156287,6.491826568321585,5.372166136100352,16.682875037519054,10.770189150004489,12.86716063090518,56.033748058052005
1179.117,1179.136,USV_1106,0.019000000000005457,4.0,37.91000000000008,True,1144.1693,1182.0793,34.94769999999994,-2.962300000000141,0.009729430079460144,0.0206298828125,17157.775506782877,21794.89797615035,0.0012325432647258866,34012.5,25045.714715384634,2.1271229968078074,5.584476024420306,5.169396844537415,12.840236418230802,8.898729451431548,13.395750155432973,45.295298960818066
1179.184,1179.242,USV_1107,0.057999999999992724,4.0,37.91000000000008,True,1144.1693,1182.0793,35.01469999999995,-2.895300000000134,0.00956003088504076,0.025868733723958332,16165.227535052145,16641.34173767683,0.00042983787088503295,32066.40625,21436.08967620118,2.4527926335772268,5.505916330029251,5.899531431323318,15.673772191463286,10.166689442969385,13.438680507619459,56.27779912868052
1179.761,1179.771,USV_1108,0.009999999999990905,4.0,37.91000000000008,True,1144.1693,1182.0793,35.591699999999946,-2.3183000000001357,0.010285633616149426,0.01171875,15118.972861999331,19451.11048864765,0.0001778048367805402,30906.25,23895.861324333324,2.111318646679241,6.879671949958452,5.6382935092060755,14.795283662774212,9.119765499335903,14.547280968675983,37.87938495753327
1179.951,1179.967,USV_1109,0.016000000000076398,4.0,37.91000000000008,True,1144.1693,1182.0793,35.7817,-2.128300000000081,0.01378230843693018,0.006256103515625,15581.974872175864,22715.755057879862,0.0007932108313562299,34640.625,23991.501378296278,2.300739058017201,4.22729777285679,7.382838660513833,12.075970974862782,9.737103635316219,12.31232462632119,41.52736370210637
1180.416,1180.425,USV_1110,0.009000000000014552,4.0,37.91000000000008,True,1144.1693,1182.0793,36.24669999999992,-1.663300000000163,0.009967277757823467,0.005574544270833333,16642.954253695836,22231.375279980388,0.00045545561194326067,32015.625,23068.23991281726,2.4167588233625,2.56304023484474,4.0025382084041325,13.34612652062563,9.568321388895312,15.98750058706623,35.98180082642021
1180.891,1180.937,USV_1111,0.04599999999982174,4.0,37.91000000000008,True,1144.1693,1182.0793,36.721700000000055,-1.1883000000000266,0.011873732320964336,0.01788330078125,14230.401091951242,16931.991348611744,0.00014525315273066194,30215.625,26512.724454925017,2.533504577479468,5.875924045048431,6.3446585935102195,17.021759759475543,10.639011123313267,14.531683391822948,53.82799459051175
1181.281,1181.361,USV_1112,0.08000000000015461,4.0,37.91000000000008,True,1144.1693,1182.0793,37.11169999999993,-0.7983000000001539,0.012699717655777931,0.023529052734375,14432.674730604074,14706.419399304501,3.316616667897359e-05,30629.8828125,23855.25909971192,2.3502715289305796,3.333928263429873,6.064180073738956,19.030941808352253,11.251142248134709,15.500933011544568,59.5889286385878
1181.566,1181.698,USV_1113,0.13200000000006185,4.0,37.91000000000008,True,1144.1693,1182.0793,37.39670000000001,-0.513300000000072,0.010221567004919052,0.021080603966346152,15071.95016433959,15470.1238718472,0.0001755475413294251,31490.985576923078,25023.269027790167,2.308635691323188,4.769889148156338,6.3793854736184175,16.9996079591656,12.14108352999496,15.452952216081712,58.82679657453564
1181.734,1181.78,USV_1114,0.04600000000004911,4.0,37.91000000000008,True,1144.1693,1182.0793,37.5646999999999,-0.34530000000017935,0.010431937873363495,0.014697265625,15477.78134524063,16442.68492108434,0.00015805652376729273,31650.0,21556.65318438308,2.390684197100132,4.4932126693695595,4.544671326078127,14.08709902266402,10.761051884036409,14.156478459961628,54.95794062261973
1181.819,1181.913,USV_1115,0.09400000000005093,4.0,37.91000000000008,True,1144.1693,1182.0793,37.64969999999994,-0.260300000000143,0.009516713209450245,0.02255088404605263,14500.747836337798,15094.335541698427,7.7153490044153e-05,30259.04605263158,22092.175528221993,2.471444183194517,4.459031976584286,6.343917844317277,17.820157226457354,12.324745296431118,13.622922700787521,57.70524488310857
1183.333,1183.393,USV_1116,0.05999999999994543,4.0,37.91000000000008,False,1144.1693,1182.0793,39.16370000000006,1.2536999999999807,0.010902291163802147,0.02611328125,15110.17953121406,16159.964150207175,0.0002440119301530619,31275.0,23078.314302581995,2.7414666223834065,5.372268145545148,5.905145816959822,16.768138826071603,9.985592790428704,16.285037936714257,56.369883956040546
1184.068,1184.097,USV_1117,0.028999999999996362,4.0,37.91000000000008,False,1144.1693,1182.0793,39.89869999999996,1.9886999999998807,0.009873006492853165,0.017596905048076924,15683.433567523416,15923.309026856647,5.6898426209173406e-05,31824.51923076923,21701.409638669822,2.947672300836803,7.087516792200209,5.9694613711858535,18.893508809382844,11.783863770105235,14.181510967475894,52.430542289667464
1184.288,1184.395,USV_1118,0.1069999999999709,4.0,37.91000000000008,False,1144.1693,1182.0793,40.11869999999999,2.208699999999908,0.012347960844635963,0.02598935081845238,16369.18025559688,14861.11962529038,7.152544751482614e-05,31091.51785714286,24353.049474250533,1.8523187821718718,3.975497143446673,7.466775121364763,17.380332644046632,11.040820553665307,14.467848473027205,62.274593053446985
1184.62,1184.641,USV_1119,0.021000000000185537,4.0,37.91000000000008,False,1144.1693,1182.0793,40.45069999999987,2.540699999999788,0.007239192724227905,0.0281494140625,16077.450778461742,16479.10110522732,0.0001440237514769435,32231.25,24962.654847678597,2.167908267870233,5.432148308073156,8.629131162397732,20.367073620211265,9.619635386142162,14.84889184781539,51.5520021909406
1184.991,1185.006,USV_1120,0.015000000000100044,4.0,37.91000000000008,False,1144.1693,1182.0793,40.821699999999964,2.9116999999998825,0.009598305448889732,0.0245361328125,18328.87472046366,22545.412620542505,0.0011439055045264603,34851.5625,24331.57076404377,1.5161644531823142,2.8720299339685633,4.826469443172861,14.045010393933424,8.93654751811344,12.90325482393063,42.62893061494189
1185.716,1185.815,USV_1121,0.09900000000016007,4.0,37.91000000000008,False,1144.1693,1182.0793,41.54669999999987,3.6366999999997915,0.010444053448736668,0.041204833984375,18371.151507225484,15374.138125577467,0.0001903178953510933,32540.625,25868.699233619085,2.4694512203687147,5.86224864216656,6.093544422786752,16.459588366649267,10.410638188524443,13.847747689069726,61.22616238657984
1185.924,1185.96,USV_1122,0.03600000000005821,4.0,37.91000000000008,False,1144.1693,1182.0793,41.75469999999996,3.844699999999875,0.010683268308639526,0.01141357421875,15004.70502032218,17642.768092374128,0.00033182726473113646,30726.5625,23966.848005185522,2.818146209982787,4.1791413268841575,4.895007122368979,15.757190936602559,10.709970128042187,13.897686582046362,52.60873457600441
1186.437,1186.454,USV_1123,0.01700000000005275,4.0,37.91000000000008,False,1144.1693,1182.0793,42.26769999999988,4.357699999999795,0.007318069692701101,0.033148871527777776,18470.764575701636,20944.651648493687,0.00068671680501386,33927.083333333336,25464.160920687085,2.152575998316297,4.955110790917469,4.787675421990649,14.054650165314364,10.027910271697152,12.44554765415063,45.41865602866133
1188.195,1188.211,USV_1124,0.016000000000076398,4.0,37.91000000000008,False,1144.1693,1182.0793,44.025699999999915,6.115699999999833,0.01802908070385456,0.00738525390625,13749.845982323759,15442.327011494852,2.2822010126754652e-05,29156.25,21484.04814285202,2.4659296952182466,4.634161580056897,5.300681345338823,14.96393741244163,12.095812302999601,17.16230740831537,47.52870583956539
1188.328,1188.354,USV_1125,0.026000000000067303,4.0,37.91000000000008,False,1144.1693,1182.0793,44.15869999999995,6.248699999999872,0.014064650982618332,0.0084228515625,14145.673075528468,16369.017079425399,3.226049386332788e-05,29937.5,26497.211144828074,3.831029209674838,4.715034501605714,4.5895358206416255,13.560016571676035,11.761217484426782,13.23947112187287,51.05293479892478
1188.985,1189.051,USV_1126,0.06600000000003092,4.0,37.91000000000008,False,1144.1693,1182.0793,44.81569999999988,6.905699999999797,0.010344319976866245,0.019567418981481483,13599.529945599648,15123.988886962039,2.1221588268419155e-05,30079.86111111111,19449.087722840562,2.8405191522390605,5.67975347949289,4.593302808210061,15.75627437286419,11.248808713175643,14.121849106736763,56.50333673151916
1189.189,1189.209,USV_1127,0.01999999999998181,4.0,37.91000000000008,False,1144.1693,1182.0793,45.01970000000006,7.109699999999975,0.006474649999290705,0.03076171875,16001.932217223391,15194.26577979253,6.405803196114024e-05,31209.375,21789.960271451226,2.4933834741822167,3.7135158285203715,7.212444261810575,20.54175907752236,9.903353397498709,14.369004323699452,51.820371874867966
1189.714,1189.722,USV_1128,0.008000000000038199,4.0,37.91000000000008,False,1144.1693,1182.0793,45.54469999999992,7.634699999999839,0.01055004633963108,0.00732421875,16401.069118383468,21044.72144181694,0.0005167480722516715,31275.0,26426.219750544336,1.5115553119339875,4.238220746119944,3.3519370244423667,9.899364542505058,8.744226084343172,12.472773191534678,34.11760664153051
1190.43,1190.472,USV_1129,0.041999999999916326,4.0,37.91000000000008,False,1144.1693,1182.0793,46.26070000000004,8.35069999999996,0.006775885820388794,0.046956380208333336,17830.726668260457,16362.180419287648,0.00044453356621302297,32588.541666666668,20623.266737301667,2.4262776786376348,4.712364360898909,4.061481221505271,14.61078399677355,10.512640303487359,13.212659236039595,55.607980815534304
1190.545,1190.584,USV_1130,0.03899999999998727,4.0,37.91000000000008,False,1144.1693,1182.0793,46.37570000000005,8.46569999999997,0.00937663484364748,0.022547104779411766,15542.743000678563,16749.558636025493,0.00027394926758760437,31125.0,20597.629978552013,2.4642593373014483,6.299039477409176,5.573636313630802,15.407363017150631,12.454802073520725,14.298050650936844,52.63243997163965
1190.958,1190.978,USV_1131,0.01999999999998181,4.0,37.91000000000008,False,1144.1693,1182.0793,46.78870000000006,8.87869999999998,0.0099949911236763,0.029541015625,18163.73636255686,18765.970489847838,0.000373818377722927,32662.5,23616.159128047475,4.146944507682104,3.1217829808956257,5.511672814796682,12.282075730931842,9.333113250865768,15.882368731083616,49.1817989728733
1191.618,1191.657,USV_1132,0.03899999999998727,4.0,37.91000000000008,False,1144.1693,1182.0793,47.44869999999992,9.538699999999835,0.009459353983402252,0.021671070772058824,14681.019628288532,15050.355310594328,8.81334710866907e-05,30612.132352941175,17956.10443170179,2.407151320277192,6.306741249228693,5.103626478824479,16.755642528013862,10.273639830336842,15.033562062076376,55.19520794246094
1191.951,1192.017,USV_1133,0.06600000000003092,4.0,37.91000000000008,False,1144.1693,1182.0793,47.7817,9.871699999999919,0.012304394505918026,0.02448640046296296,14341.762495149866,14866.00833086054,0.00023865249743509575,29274.305555555555,20074.024810216604,2.5700032878415184,5.739953259448543,6.539090348223511,15.252757779329496,11.755915402577832,14.08955159135171,56.372194698562446
1192.447,1192.523,USV_1134,0.07600000000002183,4.0,37.91000000000008,False,1144.1693,1182.0793,48.27769999999987,10.367699999999786,0.013341504149138927,0.018160912298387098,12959.947015840624,14523.428353907062,1.147265114239224e-05,28965.725806451614,20448.06160119107,2.105473491674044,6.250171580829212,6.820241294524919,16.133296987670075,11.050826483685537,14.145551000995212,57.96191512193815
1194.032,1194.048,USV_1135,0.016000000000076398,4.0,37.91000000000008,False,1144.1693,1182.0793,49.862699999999904,11.952699999999822,0.014284718781709671,0.010009765625,14261.499247331347,16755.252346588313,0.0002978286794336542,29015.625,21885.76577334313,1.9761626077550782,8.740621338799702,4.5492517904483165,16.84844461594241,13.149422133473266,14.803968168950053,46.40081609297939
1194.621,1194.634,USV_1136,0.012999999999919964,4.0,37.91000000000008,False,1144.1693,1182.0793,50.45170000000007,12.541699999999992,0.007296725641936064,0.019949776785714284,16953.619387739625,18073.659101581183,0.00033388648785656963,31299.10714285714,15943.182987781209,2.2404840221550306,3.4001658597680446,5.627048355218337,15.065532628339385,11.189797362987107,15.985034898387397,43.396124700004755
1194.762,1194.773,USV_1137,0.010999999999967258,4.0,37.91000000000008,False,1144.1693,1182.0793,50.59269999999992,12.68269999999984,0.006143374368548393,0.040852864583333336,17897.972928775613,20398.666134783536,0.0007020916755236988,31250.0,24052.17955300114,4.919948626917733,2.0326262741180066,4.159480038903253,13.30541195795164,11.77217795213823,15.821020644678063,45.58617345765423
1194.866,1194.96,USV_1138,0.09400000000005093,4.0,37.91000000000008,False,1144.1693,1182.0793,50.696699999999964,12.786699999999882,0.01897934265434742,0.05516935649671053,16181.697193507285,13724.891319815748,0.00020728264213180705,28660.361842105263,25357.051161868545,2.7266180541969267,5.535654824165654,6.511394109433033,15.741745532687258,12.728708963857546,19.42396075072693,63.734979348491485
1195.383,1195.456,USV_1139,0.0729999999998654,4.0,37.91000000000008,False,1144.1693,1182.0793,51.21370000000002,13.303699999999935,0.01036397460848093,0.019970703125,14354.77841825425,14741.004443921907,4.456523467622796e-05,30040.625,23756.10696112459,2.0475762276078666,4.457051829451083,5.255696614928939,16.214530686278046,12.823979951870967,14.81032567485017,59.08469817511331
1195.905,1195.976,USV_1140,0.07100000000014006,4.0,37.91000000000008,False,1144.1693,1182.0793,51.73569999999995,13.82569999999987,0.00882257241755724,0.038835196659482756,17058.984775755664,15515.406548021738,0.0002931606330666439,32094.827586206895,25004.80678497464,2.4081386131928144,4.077642399516801,5.813457254458523,17.05295326692706,11.416323027679868,14.787472215884971,58.67217670160098
1196.026,1196.116,USV_1141,0.08999999999991815,4.0,37.91000000000008,False,1144.1693,1182.0793,51.856700000000046,13.946699999999964,0.009990425780415535,0.03697374131944445,15957.311733255732,14827.327055123253,0.0003016398575594636,30528.645833333332,25733.027327479973,2.181013478883483,4.501166572183897,5.537158286484704,16.18148537729695,10.499836125991688,14.568503951152922,59.48505248338923
1196.266,1196.296,USV_1142,0.029999999999972715,4.0,37.91000000000008,False,1144.1693,1182.0793,52.096700000000055,14.186699999999973,0.01293130498379469,0.011474609375,16442.456360955355,18674.280659521395,0.0002669620012305237,31787.946428571428,23267.357299208834,2.6102165811009423,5.895525900243101,5.588526989212194,15.721384014849463,9.638526906668346,13.426261388289253,51.08129175571493
1196.509,1196.607,USV_1143,0.09799999999995634,4.0,37.91000000000008,False,1144.1693,1182.0793,52.33969999999999,14.429699999999912,0.015456967055797577,0.03778545673076923,13507.392829134198,13135.134628404223,8.145132442956374e-05,25882.21153846154,21087.762808170643,2.5709020951523565,3.547787612678368,5.9696831074229255,15.651345724714666,11.026939272241991,15.98234931205539,62.06286269050392
1196.941,1196.954,USV_1144,0.012999999999919964,4.0,37.91000000000008,False,1144.1693,1182.0793,52.77170000000001,14.861699999999928,0.014309696853160858,0.012486049107142858,14327.77834925306,14565.101330155818,9.515908982466846e-05,28004.464285714286,22713.7261254212,2.2058839336271796,7.5059520306260685,3.987798815306515,14.836736907974606,11.252158428162108,13.250720583665442,46.81180178059084
1198.389,1198.411,USV_1145,0.02200000000016189,4.0,37.91000000000008,False,1144.1693,1182.0793,54.219699999999875,16.309699999999793,0.011207513511180878,0.013427734375,15485.415951860488,18394.344031786004,0.00030614998596303986,31321.022727272728,24872.77119399769,1.9635318334459342,5.846152341513243,5.3749300072040445,15.869926718473236,10.780275345595852,13.462792830792802,48.28918205063825
1198.479,1198.503,USV_1146,0.023999999999887223,4.0,37.91000000000008,False,1144.1693,1182.0793,54.30970000000002,16.39969999999994,0.012230214662849903,0.017822265625,15729.058618495177,18366.539174665577,0.00017759585589928155,30443.18181818182,23180.758866446708,1.5547735464457375,6.165903706619473,5.712602321493684,14.23151557989717,9.625716900893899,13.730313017319913,49.33963950439238
1198.668,1198.729,USV_1147,0.06100000000014916,4.0,37.91000000000008,False,1144.1693,1182.0793,54.49869999999987,16.58869999999979,0.008352365344762802,0.02943359375,16187.76823174086,15792.334240470342,0.00013837830639844284,31455.0,26320.184197513787,2.0257777414669125,4.980661238173873,6.071873436990159,15.457216730978086,12.898432675007061,13.86671703933728,57.36341121580088
1198.811,1198.875,USV_1148,0.06400000000007822,4.0,37.91000000000008,False,1144.1693,1182.0793,54.6416999999999,16.73169999999982,0.010725091211497784,0.030498798076923076,16536.187425563356,14905.160746187375,0.0002150322741093893,31546.875,23406.9544400971,1.5471820125846163,5.999443500313175,5.435655993732886,16.194116482213666,11.533794990547262,13.734103899952974,58.38026829941918
1200.147,1200.204,USV_1149,0.05700000000001637,4.0,37.91000000000008,False,1144.1693,1182.0793,55.97769999999991,18.06769999999983,0.009492010809481144,0.024119059244791668,15088.97661729937,14257.320645803657,5.202655880366626e-05,30054.6875,20292.824243462786,3.114690292155494,4.0391730530033305,4.37775546690072,16.656159541692777,12.01567301330185,14.037148786650407,57.06100589226204
1200.368,1200.394,USV_1150,0.026000000000067303,4.0,37.91000000000008,False,1144.1693,1182.0793,56.19869999999992,18.288699999999835,0.00995967909693718,0.022440592447916668,15807.68923063571,17908.924701833166,0.000385957250685898,30406.25,18083.58340224241,2.6866828142954002,3.1981147439476225,4.210087311903394,14.951276480690302,11.978506135886931,13.7905873515587,50.93948717753165
1200.553,1200.637,USV_1151,0.08399999999983265,4.0,37.91000000000008,False,1144.1693,1182.0793,56.38370000000009,18.473700000000008,0.012748208828270435,0.02165670955882353,13733.027285063688,14304.762485811356,3.026176505741213e-05,29134.191176470587,21490.677907614303,2.929858035509735,6.922093513426572,5.502370024931956,17.35599068856225,11.714937766872533,14.799733323107874,58.08127993369414
1200.675,1200.75,USV_1152,0.07500000000004547,4.0,37.91000000000008,False,1144.1693,1182.0793,56.50569999999993,18.59569999999985,0.010685541667044163,0.01721585181451613,14347.232958811815,15441.242564691973,0.00035674425372843804,30326.612903225807,21202.392275219972,2.4070525574384347,4.672295112143831,5.671798240095066,17.832176914359213,10.398539511529002,15.012213705612927,57.73987822010311
1200.841,1200.881,USV_1153,0.040000000000190994,4.0,37.91000000000008,False,1144.1693,1182.0793,56.67169999999987,18.76169999999979,0.013415860012173653,0.018224379595588234,13376.006879956485,15680.892016548445,0.00015646942986723025,28891.54411764706,23137.14782122968,3.6966519361013264,5.084684555657695,5.351144037348283,16.393472845391866,10.930360144818906,14.40405026079988,53.30685917026274
1201.066,1201.216,USV_1154,0.14999999999986358,4.0,37.91000000000008,False,1144.1693,1182.0793,56.89670000000001,18.986699999999928,0.015512297861278057,0.042364605402542374,14468.381281869608,13107.289637097661,7.095602677129453e-05,27897.775423728814,26075.41902137868,2.6025836660903052,4.08684040656463,7.382726674673996,15.247939577449287,11.643195164893585,17.69672194590282,64.7693558107167
1201.253,1201.384,USV_1155,0.1310000000000855,4.0,37.91000000000008,False,1144.1693,1182.0793,57.08369999999991,19.173699999999826,0.020803380757570267,0.05303955078125,15056.315265867073,13063.948008563195,0.00011950967267796659,27621.99519230769,27134.493053909002,3.138071141217197,5.473851841196932,6.095213818653102,15.641404732794854,12.527141278686097,18.713516676886904,64.52148679758548
1201.522,1201.668,USV_1156,0.14599999999995816,4.0,37.91000000000008,False,1144.1693,1182.0793,57.35269999999991,19.44269999999983,0.010215658694505692,0.03359717653508772,14957.799147230104,14185.659910901599,0.00010910209725807747,29401.315789473683,22966.40327771,2.3231359999707513,5.160413857130748,5.59911039054991,15.597708237920987,15.706625343479686,16.941662957976504,61.565081478209216
1202.192,1202.255,USV_1157,0.06300000000010186,4.0,37.91000000000008,False,1144.1693,1182.0793,58.022699999999986,20.112699999999904,0.009445455856621265,0.030977689302884616,14801.224409388682,15188.083670316755,3.233811319361308e-05,30342.548076923078,26148.636870892995,1.8831522152918738,5.647021403825335,5.484281543290085,16.736012397865096,14.892734100006802,17.42575826641979,57.96184062426501
1202.591,1202.605,USV_1158,0.014000000000123691,4.0,37.91000000000008,False,1144.1693,1182.0793,58.42169999999987,20.51169999999979,0.00821791123598814,0.015869140625,17164.429982124835,18699.816143534536,0.00032103353916607114,31945.3125,24703.895968798402,2.413399362847292,5.918573349603339,6.8602228533300345,14.091157408106287,9.576605540207263,15.993638710659265,44.90456096501076
1202.724,1202.779,USV_1159,0.055000000000063665,4.0,37.91000000000008,False,1144.1693,1182.0793,58.55469999999991,20.64469999999983,0.011007530614733696,0.032258406929347824,15297.597845026186,15906.018100884978,0.00012003053953764614,29245.92391304348,26618.778839750517,3.1797209481955333,4.622365105616857,5.516606400086302,16.493486928723645,17.655901768000234,20.943380130948164,57.861557329463906
1202.869,1202.882,USV_1160,0.013000000000147338,4.0,37.91000000000008,False,1144.1693,1182.0793,58.69969999999989,20.78969999999981,0.006050565280020237,0.037353515625,18131.28411794787,18766.785448445655,0.0007347871403668091,31272.321428571428,21589.989270002163,2.200564754366826,1.5886066652928652,3.9055030927627854,16.292877479091352,10.76126295251728,14.827037082769385,44.74390263199291
1202.922,1202.97,USV_1161,0.04800000000000182,4.0,37.91000000000008,False,1144.1693,1182.0793,58.752700000000004,20.842699999999923,0.018213992938399315,0.01807861328125,12712.275236271253,14702.218652938129,9.787321311971041e-05,27506.25,24224.004580936056,2.9877219723633686,2.7812125388313134,4.89815083383108,18.60932660045653,8.84739769607768,15.37608653178033,57.24255286156225
1203.284,1203.308,USV_1162,0.023999999999887223,4.0,37.91000000000008,False,1144.1693,1182.0793,59.114700000000084,21.204700000000003,0.016652271151542664,0.006036931818181818,12289.014335160698,17051.477003505635,0.00020251919437635636,27681.81818181818,25655.77102696344,2.594096700942653,2.1261433689505385,4.599435203125801,14.309801781386085,9.938916525117627,12.886580955676072,48.507692058571074
1203.504,1203.537,USV_1163,0.03300000000012915,4.0,37.91000000000008,False,1144.1693,1182.0793,59.334699999999884,21.424699999999802,0.011549022048711777,0.0294921875,14293.97733843969,15337.54190620276,7.325039973917467e-05,27787.5,14908.97918604715,2.0119902384884405,5.53005627898425,4.486990228491471,14.463870141167973,10.128881244635433,15.758202994537735,53.776334071332215
1203.589,1203.652,USV_1164,0.06300000000010186,4.0,37.91000000000008,False,1144.1693,1182.0793,59.41969999999992,21.50969999999984,0.027939584106206894,0.009371243990384616,9440.36289260899,14544.081780348468,5.382509605711633e-05,23697.115384615383,21608.341574685597,3.953692941216244,4.81440227440819,5.699694807422464,18.151499623287403,9.973314519769076,14.732213588560775,53.78600787179903
1203.76,1203.812,USV_1165,0.05199999999990723,4.0,37.91000000000008,False,1144.1693,1182.0793,59.59069999999997,21.680699999999888,0.007528889458626509,0.037187056107954544,15712.946394926128,14309.16778353472,0.00023964745313841907,29676.136363636364,16195.695645497042,2.4833407787835284,5.732060801897621,5.1440058546024545,17.153099296203415,10.839337930815999,15.382049478060809,59.759818289493744
1203.871,1203.947,USV_1166,0.07599999999979445,4.0,37.91000000000008,False,1144.1693,1182.0793,59.70170000000007,21.79169999999999,0.013347050175070763,0.02444556451612903,13941.653735635397,13939.221233873239,0.00010434563542481973,27444.5564516129,15893.871850944459,2.845603408934887,5.387377761998377,5.073261121794202,14.868154785498076,10.974765650071708,14.742454616139751,59.52966475572914
1204.021,1204.046,USV_1167,0.02500000000009095,4.0,37.91000000000008,False,1144.1693,1182.0793,59.85169999999994,21.941699999999855,0.031121209263801575,0.011332194010416666,10150.940124757588,15223.466018064253,0.00010356095198292884,24578.125,23343.70333662161,1.3698342614015597,3.7731596231608866,5.541125089648342,19.02672467894953,10.799634497755774,14.55279482834677,51.40714807262466
1204.114,1204.13,USV_1168,0.016000000000076398,4.0,37.91000000000008,False,1144.1693,1182.0793,59.94470000000001,22.03469999999993,0.0206521674990654,0.01361083984375,11769.83161067321,16891.126541442856,0.00010076131043542402,25207.03125,15766.461640578995,2.6789650782113306,1.9466892081556002,6.131931132647169,18.222383351029475,9.261352463494891,14.291290895923,45.29335501041342
1204.697,1204.721,USV_1169,0.024000000000114596,4.0,37.91000000000008,False,1144.1693,1182.0793,60.52769999999987,22.617699999999786,0.011655488982796669,0.025834517045454544,15503.169398398602,17644.6864017426,0.00015198955222458903,30400.56818181818,19313.24113940559,1.8604135098057972,6.689899353210856,4.47875356174061,14.033121167392107,9.252987998602267,13.876464346261168,49.972967847199286
1208.475,1208.574,USV_1170,0.09900000000016007,4.0,37.91000000000008,False,1144.1693,1182.0793,64.30569999999989,26.395699999999806,0.009605444967746735,0.034393310546875,15834.522102568584,13536.835007221793,0.0002236923168059731,29554.6875,19159.16833063365,2.6875260039975437,5.135424869902549,5.73318615858486,15.308852753523613,9.897479480270713,13.81749668672351,61.98299374829685
1209.539,1209.632,USV_1171,0.09300000000007458,4.0,37.91000000000008,False,1144.1693,1182.0793,65.36969999999997,27.459699999999884,0.010382439009845257,0.033810177364864864,16048.261235522055,13795.359656764453,2.0517374607479795e-05,30765.202702702703,23055.53445042289,2.3745823137334674,6.05006484306048,6.930710546984459,18.369315332857926,12.061061536155258,15.15706945018114,60.61434803496397
1209.836,1209.883,USV_1172,0.047000000000025466,4.0,37.91000000000008,False,1144.1693,1182.0793,65.66669999999999,27.75669999999991,0.01167697086930275,0.02132568359375,13405.156296761837,15548.385664226182,0.00010170205785055408,29582.8125,18281.6234660074,3.1423935223433697,7.302262729003917,6.150893257896811,17.600239743644416,9.651819322641497,15.516313624994925,53.717485262874426
1209.925,1209.997,USV_1173,0.07200000000011642,4.0,37.91000000000008,False,1144.1693,1182.0793,65.75569999999993,27.84569999999985,0.01426943950355053,0.020440463362068964,13173.925878167765,14444.008839536633,0.00014000404975934744,27362.068965517243,15809.822562475487,2.266555653235509,6.042735851413538,6.551597793753015,16.379007332327934,11.421165574874646,14.50309368763167,57.98869704165548
1210.153,1210.197,USV_1174,0.04399999999986903,4.0,37.91000000000008,False,1144.1693,1182.0793,65.9837,28.073699999999917,0.01055743359029293,0.013890316611842105,13402.849196334588,15287.361749074202,3.571016272463218e-05,29481.907894736843,17208.6545254625,2.6906236193216753,3.433392184565566,4.906177391170345,16.020103936254653,9.86615607693311,15.852261553279714,55.95059246433978
1210.309,1210.345,USV_1175,0.03600000000005821,4.0,37.91000000000008,False,1144.1693,1182.0793,66.13969999999995,28.229699999999866,0.010359127074480057,0.024444580078125,17880.720543193573,17592.975906627165,0.00028312786878400783,31669.921875,27059.973692913267,4.138247064150818,4.837973829863244,5.191229894284831,15.895550138531133,11.749366440728103,14.184946247168739,54.63806321759462
1210.506,1210.52,USV_1176,0.013999999999896318,4.0,37.91000000000008,False,1144.1693,1182.0793,66.33670000000006,28.426699999999983,0.0076681566424667835,0.032745361328125,19253.607774186414,19541.70355817744,0.0007997193561255914,32695.3125,26478.076139003213,2.1595135328281785,6.166928445693968,6.347020858093928,13.737870628128881,7.938877818086951,14.599072991364768,44.642671616011384
1210.625,1210.667,USV_1177,0.041999999999916326,4.0,37.91000000000008,False,1144.1693,1182.0793,66.45569999999998,28.545699999999897,0.009783442132174969,0.034383138020833336,15584.29913891588,14788.39053976886,2.285597131831054e-05,30421.875,22507.408824062375,2.2377813184156694,5.135667893077606,6.945692939482042,15.847131067093764,13.078746469148948,12.135422561960997,55.94449829257835
1212.395,1212.423,USV_1178,0.02800000000002001,4.0,37.91000000000008,False,1144.1693,1182.0793,68.22569999999996,30.31569999999988,0.010436728596687317,0.019700270432692308,16340.617048942211,19485.02308457418,0.0005327226847487349,32906.25,23659.82395969436,1.4560406939535406,3.628277487237888,6.806479323354067,15.77364010067326,11.222118122089807,13.83140266218666,48.9870642948195
1212.841,1212.861,USV_1179,0.020000000000209184,4.0,37.91000000000008,False,1144.1693,1182.0793,68.67169999999987,30.76169999999979,0.009894104674458504,0.015771484375,16858.022216056816,19756.64058050421,0.0003865956946600929,31256.25,22989.200795495457,2.4357395829313027,3.6759793618989507,6.872912353401385,12.723635368709273,9.326029794149099,12.81028913857962,47.17174902888813
1213.895,1213.905,USV_1180,0.009999999999990905,4.0,37.91000000000008,False,1144.1693,1182.0793,69.72569999999996,31.81569999999988,0.009135759435594082,0.023274739583333332,17615.39203127706,19943.30828785596,0.0003955926797442803,31203.125,18656.032720767216,2.849984331749269,4.059642338410742,4.2070151220605085,13.943444411926022,10.905898304422527,12.989128412964208,39.131464791548844
1213.927,1214.076,USV_1181,0.1490000000001146,4.0,37.91000000000008,False,1144.1693,1182.0793,69.75769999999989,31.847699999999804,0.013143050484359264,0.021160257273706896,13838.74352977825,14119.580819546465,7.191685387873392e-05,29361.530172413793,22537.05585086062,2.561804195235663,2.8374677212999133,5.998942931142104,16.51801363551557,12.36103133932248,15.179897096845457,59.71733501336271
1214.163,1214.234,USV_1182,0.07099999999991269,4.0,37.91000000000008,False,1144.1693,1182.0793,69.99369999999999,32.08369999999991,0.007983236573636532,0.024262526939655173,15662.536148734793,14482.887863387845,7.344272640054514e-05,31112.068965517243,21553.0526269803,2.583656953216311,4.1377691972751895,4.730511460718757,17.917957308230267,12.207784090665543,15.496222768777951,59.59058567773196
1214.812,1214.827,USV_1183,0.015000000000100044,4.0,37.91000000000008,False,1144.1693,1182.0793,70.64269999999988,32.732699999999795,0.005848914850503206,0.03179931640625,18725.206345061037,21440.92710915509,0.0011612934772976223,33140.625,23928.57173561871,4.20838032329292,2.6422457384214506,5.420402382305117,12.566479050708184,10.770315546068392,14.052375708255447,43.74686101577302
1214.926,1214.995,USV_1184,0.06899999999995998,4.0,37.91000000000008,False,1144.1693,1182.0793,70.75669999999991,32.84669999999983,0.012203909456729889,0.017360142299107144,14459.750396182406,13960.729449205375,1.0712072265025124e-05,29119.41964285714,21491.13720903238,2.1668180774147916,5.0858115198169065,5.908454442609623,17.77369314626473,12.48679123083801,15.051539852138237,58.55098378520571
1215.308,1215.322,USV_1185,0.013999999999896318,4.0,37.91000000000008,False,1144.1693,1182.0793,71.13869999999997,33.22869999999989,0.010039972141385078,0.012542724609375,16594.443922789626,22261.71100346758,0.0008300683641273668,31183.59375,17918.350240438027,5.094566435457395,6.044230492745346,5.430586557921165,11.163185262003726,7.99874770593963,12.410565844600498,40.773800281519144
1215.383,1215.397,USV_1186,0.013999999999896318,4.0,37.91000000000008,False,1144.1693,1182.0793,71.21370000000002,33.303699999999935,0.012209467589855194,0.006683349609375,16623.22671374824,21136.8172312956,0.0006797362983989475,30574.21875,23529.412607147893,2.0143387574947846,4.224433269140057,5.625965567376497,15.894783650400054,9.387067698384996,17.307931695191208,42.594124737145194
1215.734,1215.747,USV_1187,0.013000000000147338,4.0,37.91000000000008,False,1144.1693,1182.0793,71.5646999999999,33.65469999999982,0.011738473549485207,0.012730189732142858,15224.193752219318,20840.42138589304,0.00037654500304664556,30107.14285714286,21191.479032910076,2.5368714128397145,5.451311092093916,5.539269893835396,10.996592439639553,9.325891707736224,11.520674379170742,39.92779594907404
1216.028,1216.086,USV_1188,0.057999999999992724,4.0,37.91000000000008,False,1144.1693,1182.0793,71.8587,33.94869999999992,0.012462924234569073,0.017293294270833332,13893.069618004802,14898.599131162977,7.433544927542689e-05,29148.4375,24538.86607069599,2.1189219262485772,5.111863690107881,5.212932353199206,16.95463485971979,11.41382034925473,12.823833649309947,56.71356310153689
1216.662,1216.802,USV_1189,0.13999999999987267,4.0,37.91000000000008,False,1144.1693,1182.0793,72.49270000000001,34.58269999999993,0.01011702697724104,0.025346235795454544,14884.909858882405,14688.161520589052,0.00012955887061822055,30032.386363636364,23101.85339605097,2.8857651411236476,5.820523420057383,5.5786546879961705,17.49591703012761,10.718190488225897,15.557689207783099,60.04443194055718
1217.523,1217.536,USV_1190,0.013000000000147338,4.0,37.91000000000008,False,1144.1693,1182.0793,73.35369999999989,35.44369999999981,0.014881452545523643,0.012869698660714286,15555.493594100235,22183.91998478484,0.0004364621716402115,31593.75,26052.726045110747,5.0689690812014225,7.974817665506153,6.815294921897112,13.991914596549424,9.270875023218462,11.767499297864175,38.937662596266044
1218.326,1218.334,USV_1191,0.008000000000038199,4.0,37.91000000000008,False,1144.1693,1182.0793,74.1567,36.24669999999992,0.009513763710856438,0.010107421875,15198.122917435216,20201.2359298111,0.0002262943434162658,30150.0,26713.978110571286,1.8256004152372316,5.825729406090581,4.426642491779387,17.192302433647114,9.553531368642075,14.016581993813244,35.24328788054253
1218.651,1218.736,USV_1192,0.08500000000003638,4.0,37.91000000000008,False,1144.1693,1182.0793,74.48170000000005,36.571699999999964,0.008749348111450672,0.029648724724264705,15966.343548994577,15616.29819031603,0.00014305880386799417,31215.992647058825,23735.690728014855,3.2443327020155914,3.9533518909841368,6.295424028753379,16.50929354943438,10.836765383062392,13.077607294621842,56.94153039035677
1219.141,1219.224,USV_1193,0.0829999999998563,4.0,37.91000000000008,False,1144.1693,1182.0793,74.97170000000006,37.06169999999997,0.012245292775332928,0.029511422821969696,15991.457098382783,13858.467064135764,7.133582697584401e-05,29403.409090909092,23335.44218070325,3.0396082001060996,6.533441554233073,6.13819811347673,16.283840909460707,12.507930789075925,13.695073936226684,60.97256211160217
1219.422,1219.563,USV_1194,0.1410000000000764,4.0,37.91000000000008,False,1144.1693,1182.0793,75.2527,37.34269999999992,0.010342616587877274,0.023335404829545454,15195.422811308255,14015.049728578439,7.506554721105064e-05,29795.454545454544,19898.372776899974,2.572824623525507,5.198787191434949,5.2073941220607365,16.499095291132654,11.354274549465558,14.578186950744476,61.25198163812603
1220.205,1220.305,USV_1195,0.10000000000013642,4.0,37.91000000000008,False,1144.1693,1182.0793,76.0356999999999,38.125699999999824,0.013371002860367298,0.036993408203125,15782.958316449793,13703.41698579203,4.786327725766606e-05,28858.59375,25134.951950805553,2.9054349112132494,5.1051135930808815,4.085034652066584,13.903385461771581,10.6778750419041,15.945078622359475,61.983142404862654
1220.621,1220.653,USV_1196,0.03199999999992542,4.0,37.91000000000008,False,1144.1693,1182.0793,76.45170000000007,38.54169999999999,0.009357409551739693,0.029872349330357144,14754.464505399588,14348.47061499668,3.720973027457103e-05,28533.48214285714,20531.190432778872,2.9857209229345165,5.254305074876688,5.789929383714112,16.519604115944578,10.367662067743952,14.733706986648233,55.10386454988382
1220.699,1220.741,USV_1197,0.041999999999916326,4.0,37.91000000000008,False,1144.1693,1182.0793,76.52970000000005,38.619699999999966,0.009567376226186752,0.016642252604166668,12998.882469029935,14147.015957322328,2.8277677338459144e-06,29765.625,19571.341131404173,2.363306366519401,4.955283263639941,4.805858746779098,14.461360471956315,10.327792079404132,14.272947192553978,56.74486798779857
1220.798,1220.882,USV_1198,0.08400000000006003,4.0,37.91000000000008,False,1144.1693,1182.0793,76.62869999999998,38.7186999999999,0.020747968927025795,0.01076372931985294,10070.149403830663,13696.94514922901,6.449142359330281e-06,25546.875,22028.443230997716,2.839910380615902,4.454954949359539,5.355592219427794,16.902203534105702,10.37851821448381,12.581456001729476,56.15645887571866
1222.323,1222.351,USV_1199,0.02800000000002001,4.0,37.91000000000008,False,1144.1693,1182.0793,78.15370000000007,40.24369999999999,0.011474193073809147,0.028076171875,17452.20009625856,15779.962394137043,0.00014931601913552116,31961.53846153846,26972.450883587862,3.0061133354927723,5.651290902207325,4.871152489531607,17.953522699163855,10.267988560746318,15.212792111100121,56.12897077358178
1222.587,1222.635,USV_1200,0.04800000000000182,4.0,37.91000000000008,False,1144.1693,1182.0793,78.41769999999997,40.507699999999886,0.008427481167018414,0.027099609375,15940.585984112451,15611.982558600092,0.00021868589409753205,31040.625,24515.905386316306,1.8219274550197677,5.393677050695812,6.810354970304243,16.987269042487103,10.869270247692661,15.678656390880992,56.88177287250907
1222.838,1222.903,USV_1201,0.06500000000005457,4.0,37.91000000000008,False,1144.1693,1182.0793,78.66869999999994,40.75869999999986,0.016563735902309418,0.013807508680555556,12457.685753141475,14833.453770662121,9.82820110068658e-05,28701.38888888889,24056.077333037887,3.532702203900899,5.919116544145289,4.95470031972295,16.010935671311103,10.85843866112309,15.503069105700572,55.06750511207679
1223.03,1223.133,USV_1202,0.10300000000006548,4.0,37.91000000000008,False,1144.1693,1182.0793,78.86069999999995,40.95069999999987,0.009800777770578861,0.024360470655487805,15418.103381817045,14357.567058524739,1.8324786016652708e-05,30157.774390243903,22179.98164714357,2.5066720002818315,4.5552557438609735,5.767362556258539,16.638545571577815,11.66304599994788,14.77624129994106,59.956424551383066
1223.713,1223.78,USV_1203,0.06700000000000728,4.0,37.91000000000008,False,1144.1693,1182.0793,79.54369999999994,41.63369999999986,0.009474486112594604,0.03497314453125,17126.76737131222,16563.320057868426,0.0003712084946478681,31945.3125,21629.85765824585,2.6467641369768353,4.069939456612668,5.605825916361445,15.637333014928853,10.432246069834987,12.58902773011799,57.466087071463
1223.998,1224.06,USV_1204,0.06199999999989814,4.0,37.91000000000008,False,1144.1693,1182.0793,79.82870000000003,41.918699999999944,0.009802230633795261,0.028864933894230768,15873.249112929936,16272.86495048021,0.0001909461045217109,30789.66346153846,23485.922877334233,2.5479401964714734,5.166523121872782,4.881021606139788,15.833579868669203,12.12638566143162,13.424007222961633,56.221493000238716
1224.175,1224.198,USV_1205,0.023000000000138243,4.0,37.91000000000008,False,1144.1693,1182.0793,80.00569999999993,42.09569999999985,0.006241646595299244,0.052800958806818184,18594.41675118614,15159.465800891969,4.449433005088794e-05,31781.25,26014.546487883686,4.466235475522897,2.124360403489342,3.742651429461206,13.027149525472815,9.539845314577697,13.328607454324425,52.865514812568684
1224.665,1224.675,USV_1206,0.009999999999990905,4.0,37.91000000000008,False,1144.1693,1182.0793,80.49569999999994,42.58569999999986,0.010413398034870625,0.022054036458333332,18962.440270814983,22613.306334733654,0.0006861425636476118,34187.5,24239.15072632283,2.2481293255749826,1.9280379787881712,3.5206462825626885,12.669667763524972,9.706026843366102,12.239893377032429,37.489554062232344
1225.252,1225.295,USV_1207,0.04300000000012005,4.0,37.91000000000008,False,1144.1693,1182.0793,81.08269999999993,43.17269999999985,0.012702498584985733,0.011924342105263159,12856.644271249814,16627.218084946933,9.510065375750316e-05,29319.07894736842,24540.368854920245,2.0528943012793226,5.8622500362383105,4.320042166919767,15.674942736676462,10.643750369948819,13.869225545055201,52.81411880600371
1226.257,1226.286,USV_1208,0.028999999999996362,4.0,37.91000000000008,False,1144.1693,1182.0793,82.08770000000004,44.17769999999996,0.009269730187952518,0.021277794471153848,16535.856808364486,16966.071648626672,0.00013049343782111668,32242.78846153846,27679.264009463932,2.505220344636519,5.569742426250728,5.63854102511272,14.36180616627746,12.488926925830514,14.548084699362542,52.065229328385264
1227.009,1227.04,USV_1209,0.03099999999994907,4.0,37.91000000000008,False,1144.1693,1182.0793,82.8397,44.92969999999991,0.012883416377007961,0.015468052455357142,14118.94584674234,17171.21434258653,0.0002670136100106782,30013.39285714286,24217.12653523406,1.3199111292806454,7.9125343099934495,4.606043995669359,16.811105678716217,10.960724049260117,14.020580197158864,50.42947129733924
1227.119,1227.174,USV_1210,0.055000000000063665,4.0,37.91000000000008,False,1144.1693,1182.0793,82.9496999999999,45.03969999999981,0.009607342071831226,0.024541440217391304,15302.359397439855,15700.57742887573,5.510081348167856e-05,30538.043478260868,20811.32421798624,3.6340981234107694,5.960535685568756,5.83852119868924,15.77963031172601,10.439180869924808,16.509995260206605,56.04248136042379
1227.238,1227.342,USV_1211,0.10400000000004184,4.0,37.91000000000008,False,1144.1693,1182.0793,83.06870000000004,45.15869999999995,0.012283066287636757,0.03114281631097561,15822.303548273128,14348.520467823555,5.7872891445556645e-05,30537.34756097561,22379.17841174187,2.8093493389351627,4.764274963420331,5.595045543776686,16.57127911797308,12.121386017359335,14.845595517433837,58.94201101511034
1227.405,1227.431,USV_1212,0.026000000000067303,4.0,37.91000000000008,False,1144.1693,1182.0793,83.23569999999995,45.32569999999987,0.011152788996696472,0.0198974609375,14562.423079212822,15980.168758814063,5.354129530592641e-05,29476.5625,15885.081930156244,2.6351314342382004,6.656817557104748,5.428425724915243,16.263114201625303,11.964834827478205,14.45662525590773,50.61435877610163
1228.291,1228.326,USV_1213,0.035000000000081855,4.0,37.91000000000008,False,1144.1693,1182.0793,84.12169999999992,46.21169999999984,0.011547114700078964,0.022674560546875,15198.071112647316,16464.899833777436,0.0001259020588052092,29806.640625,18998.120819663567,1.8569918514694688,3.9191535102765998,5.582307346104076,16.159187400043862,10.068925492159314,13.199439088014131,53.90903651191873
1228.363,1228.376,USV_1214,0.012999999999919964,4.0,37.91000000000008,False,1144.1693,1182.0793,84.19370000000004,46.28369999999995,0.009210044518113136,0.034144810267857144,19082.11728060967,20087.736421158963,0.0011124605225151202,32062.5,22609.95461259523,2.2588765054940114,1.4412890321141156,3.7166461406049023,11.641146200793148,9.27102579784381,16.101789338738374,43.66169159092293
1228.687,1228.695,USV_1215,0.008000000000038199,4.0,37.91000000000008,False,1144.1693,1182.0793,84.51769999999988,46.607699999999795,0.006251397076994181,0.0373046875,18942.485620347365,17122.47276057282,0.0003546445828464705,33300.0,25697.54048686069,1.9286688135870205,3.177297868063941,5.107234324762866,13.692475150927653,12.090440862007018,14.260009376057955,39.24525397917159
1228.936,1228.945,USV_1216,0.009000000000014552,4.0,37.91000000000008,False,1144.1693,1182.0793,84.7666999999999,46.85669999999982,0.011066433042287827,0.002197265625,17226.14097472497,20876.98227633429,0.00022520875343552812,31750.0,24781.260014343683,2.129015819549536,4.659982160879296,4.364021816628481,9.585587652369282,8.599026934217862,12.3559434787636,37.771033021442804
1229.635,1229.68,USV_1217,0.04500000000007276,4.0,37.91000000000008,False,1144.1693,1182.0793,85.46569999999997,47.55569999999989,0.017097050324082375,0.011371813322368422,14943.75770911698,17109.672317832505,0.0001421729474748576,30503.28947368421,25368.83437034448,2.4762684416789615,5.0241531940659545,5.2612444469434765,17.607591862860637,11.867039066214057,15.116393381225809,54.05170496301013
1230.011,1230.042,USV_1218,0.03099999999994907,4.0,37.91000000000008,False,1144.1693,1182.0793,85.84169999999995,47.931699999999864,0.007748470176011324,0.025146484375,16296.972353536044,15379.539067681326,5.674426910257485e-05,30970.98214285714,21629.775670116225,3.23779950825181,6.7864217174326305,5.91238684014886,15.930433457739422,10.739447050933029,14.69030503094032,53.99970791310096
1232.615,1232.631,USV_1219,0.016000000000076398,4.0,37.91000000000008,False,1144.1693,1182.0793,88.44569999999999,50.535699999999906,0.013992064632475376,0.01519775390625,17254.43478597484,22261.82363617304,0.0003146707218172529,33996.09375,26316.65177253609,2.891254939771952,3.8112767813028583,3.3792989236211115,11.175800549141492,10.428338870460077,12.125776699894416,43.01791343518245
1232.932,1232.971,USV_1220,0.03899999999998727,4.0,37.91000000000008,False,1144.1693,1182.0793,88.7627,50.85269999999991,0.007364714052528143,0.03249942555147059,17614.46942153615,17306.135248633047,0.00034251878302657087,32928.30882352941,22366.22869619608,1.9027417055112803,4.0364885728401365,4.742085864178687,14.648853059593558,10.208388121101482,13.115751040217777,55.173768129340246
1233.087,1233.154,USV_1221,0.06700000000000728,4.0,37.91000000000008,False,1144.1693,1182.0793,88.91769999999997,51.007699999999886,0.012852017767727375,0.019784109933035716,14811.47067723874,15666.553173159393,9.714518794048713e-05,30304.6875,24396.733737552433,2.097300894826514,6.11943588810736,5.177990751457558,16.72947257863053,11.506198671299677,14.041850454553986,57.07695894573027
1233.408,1233.464,USV_1222,0.05600000000004002,4.0,37.91000000000008,False,1144.1693,1182.0793,89.23869999999988,51.3286999999998,0.010804359801113605,0.02309782608695652,14611.542046221233,15008.812369592311,1.3088076421987678e-05,30550.271739130436,25757.682665427477,1.8862938824182454,6.637430581132584,6.102444134787061,15.975256990013806,11.771180675795234,13.940175502213378,56.66018291842743
1233.499,1233.512,USV_1223,0.012999999999919964,4.0,37.91000000000008,False,1144.1693,1182.0793,89.3297,51.41969999999992,0.010058976709842682,0.01806640625,17880.488137796605,16763.856468817827,0.00011693282071363293,31714.285714285714,23306.526677702048,2.3832304456563707,2.5724673280155543,4.918815704064462,15.541855036022671,9.589273238525916,10.741387759172156,45.535540410636884
1233.631,1233.681,USV_1224,0.049999999999954525,4.0,37.91000000000008,False,1144.1693,1182.0793,89.46170000000006,51.55169999999998,0.01605748012661934,0.03457496279761905,17206.01753318762,14015.114727397888,4.0842067881008634e-05,30549.10714285714,23006.532788055505,2.718287110331837,5.603111182837592,5.831372727454853,17.13966111825869,11.863713597605962,13.114949242224977,58.79084164957857
1233.721,1233.734,USV_1225,0.012999999999919964,4.0,37.91000000000008,False,1144.1693,1182.0793,89.55169999999998,51.6416999999999,0.01003295462578535,0.029227120535714284,15833.5999085737,16232.312809307277,6.318250811899635e-05,29625.0,20134.29810675816,2.11790235205718,6.16717141559186,4.648194838011011,18.24532607834357,10.749686427538762,12.876937436251568,45.006693518351824
1233.809,1233.862,USV_1226,0.05300000000011096,4.0,37.91000000000008,False,1144.1693,1182.0793,89.63969999999995,51.729699999999866,0.008778928779065609,0.031938032670454544,16833.76471027315,15064.624458087736,0.0004634238195143608,31440.340909090908,22343.071174598328,2.3976669198581977,6.853853015559872,6.8917910693235305,19.075081272137798,12.494613726513187,14.784259813794419,58.70987833761057
1234.0,1234.05,USV_1227,0.049999999999954525,4.0,37.91000000000008,False,1144.1693,1182.0793,89.83069999999998,51.9206999999999,0.008988919667899609,0.024751209077380952,16780.611049388375,16658.042839371134,0.00015009063406731674,32299.10714285714,24422.034049423684,3.7229881422491387,6.421396565673457,4.615124612822389,15.070836928320334,10.12515760089759,13.959345771892126,56.128614209789305
1234.325,1234.358,USV_1228,0.032999999999901775,4.0,37.91000000000008,False,1144.1693,1182.0793,90.15570000000002,52.24569999999994,0.010331729426980019,0.030029296875,17000.266377008124,16064.289563092876,0.00026462973343806213,30431.25,21746.660797742716,2.2502431282855984,5.1708820113158,5.540731217127843,13.338737503416409,11.805639707694361,14.746118882383108,53.93784281890698
1234.715,1234.765,USV_1229,0.0500000000001819,4.0,37.91000000000008,False,1144.1693,1182.0793,90.5456999999999,52.635699999999815,0.010653210803866386,0.025204613095238096,15510.160299862893,15164.197953360843,8.258356746168843e-05,29888.39285714286,18176.137778303797,1.958458728295089,4.1706342731308155,7.1828676958516535,15.918465136876634,10.869175421436779,15.03465569126442,56.96092043622288
1234.863,1234.872,USV_1230,0.009000000000014552,4.0,37.91000000000008,False,1144.1693,1182.0793,90.69370000000004,52.78369999999995,0.007059736177325249,0.024088541666666668,16436.868943770805,18632.92189634564,0.00022296837043014794,29953.125,19837.38612528527,3.889558655998012,4.611231507779735,5.200596237903997,15.318963892004142,12.24926488519378,14.591546510667698,39.34312021360912
1234.94,1234.948,USV_1231,0.008000000000038199,4.0,37.91000000000008,False,1144.1693,1182.0793,90.77070000000003,52.86069999999995,0.007644421420991421,0.035400390625,21005.550546031496,23436.41712694779,0.0007924805519256665,35325.0,23433.654902224993,4.035186232994957,3.126867691875389,4.673379048034798,13.164665503553072,11.9935252100045,13.666113696586034,35.054987684288285
1235.159,1235.189,USV_1232,0.029999999999972715,4.0,37.91000000000008,False,1144.1693,1182.0793,90.98970000000008,53.0797,0.008940646424889565,0.03147670200892857,19401.208787326974,20109.528074478072,0.001249176009422809,36669.642857142855,25125.54992786032,1.7379330782448152,5.615248207165197,4.98401598194563,14.416321053696242,10.136541296163932,15.507347283560808,51.21526270330388
1235.563,1235.603,USV_1233,0.03999999999996362,4.0,37.91000000000008,False,1144.1693,1182.0793,91.39370000000008,53.4837,0.013184594921767712,0.008386948529411764,14880.239323067473,17055.251289113075,0.00017052310508169983,30909.926470588234,21362.80330015071,3.240392603806601,6.009558939332741,5.604657922753252,16.48493181491248,11.559831527127363,15.820384766230962,54.1609870957194
1236.894,1236.91,USV_1234,0.016000000000076398,4.0,37.91000000000008,False,1144.1693,1182.0793,92.72469999999998,54.8146999999999,0.010695049539208412,0.03399658203125,17485.0026065485,16665.072282237503,0.0003694783782784331,29062.5,17909.61301758841,2.4871714233426414,3.429509852553393,4.376567391947182,13.600973834758936,10.46051188890569,13.644932605790192,49.42678638554116
1236.966,1237.0,USV_1235,0.0340000000001055,4.0,37.91000000000008,False,1144.1693,1182.0793,92.79669999999987,54.88669999999979,0.009583640843629837,0.020719401041666665,15217.047029731064,16431.256933833374,0.000324411762072572,30175.0,19309.16634245311,1.7798973839787195,5.79945792724298,5.693043368340538,15.965207709829999,12.984209708023123,13.687188861869593,52.165177810490825
1237.221,1237.23,USV_1236,0.009000000000014552,4.0,37.91000000000008,False,1144.1693,1182.0793,93.05169999999998,55.1416999999999,0.010938621126115322,0.021484375,17103.643442989433,22341.390224330487,0.0007125857394235384,29875.0,20598.6974418278,1.6371864358093122,5.59001151259616,5.032629849967813,13.595144916741333,9.468190088544452,10.857513683978688,37.51787006258318
1237.337,1237.346,USV_1237,0.009000000000014552,4.0,37.91000000000008,False,1144.1693,1182.0793,93.16769999999997,55.257699999999886,0.005767551716417074,0.029988606770833332,17015.012458578218,17126.55015164697,0.0007210897550840333,30171.875,19128.480457068687,1.9258411058170397,6.162620772164132,4.520875317637151,14.61761671454233,10.594500598352758,15.210690340179037,42.54867774327933
1237.702,1237.751,USV_1238,0.04899999999997817,4.0,37.91000000000008,False,1144.1693,1182.0793,93.53269999999998,55.622699999999895,0.01491828914731741,0.025553385416666668,14467.777056801931,14724.574102987888,7.351152843644577e-05,27928.571428571428,17909.445365260293,3.2933521968558743,6.609589828266907,4.839581801660358,16.406141563978906,12.065351038055262,14.137413920412639,56.16465093822165
1237.899,1237.921,USV_1239,0.02200000000016189,4.0,37.91000000000008,False,1144.1693,1182.0793,93.72969999999987,55.819699999999784,0.010485722683370113,0.0087890625,16556.678871766864,18891.196086178614,0.0002827405058099583,29752.840909090908,20710.717258651086,2.4996756768732578,5.581766131292855,5.715815710808696,13.483943233695566,10.461191341330814,12.380554569949963,49.83609130132356
1237.989,1238.003,USV_1240,0.013999999999896318,4.0,37.91000000000008,False,1144.1693,1182.0793,93.81970000000001,55.90969999999993,0.013329732231795788,0.019287109375,17462.72838617325,21478.596594922325,0.0003552788863144707,29906.25,18894.147099243746,2.593028453473281,3.9514697393081804,5.174326616583837,9.614622828125265,7.970146331536174,12.325231540456087,43.89842575684189
1238.105,1238.139,USV_1241,0.03399999999987813,4.0,37.91000000000008,False,1144.1693,1182.0793,93.9357,56.025699999999915,0.01032207626849413,0.03365885416666667,16003.74307775744,13697.340625753142,5.54499725341594e-05,28912.5,18737.461204871557,2.0803297476855596,5.594312899524402,4.683968740052531,16.618501992443807,11.207929018908448,14.081034132430974,56.8507187270397
1239.401,1239.413,USV_1242,0.011999999999943611,4.0,37.91000000000008,False,1144.1693,1182.0793,95.23170000000005,57.321699999999964,0.011742919683456421,0.013113839285714286,18149.763157163245,23084.90622721322,0.00043115598408878693,31633.928571428572,19789.88979602783,2.1970896108736353,3.50814905551344,5.511039560846556,14.490098237426452,8.829789121989574,13.01540711471219,40.30606358867592
1239.52,1239.543,USV_1243,0.02299999999991087,4.0,37.91000000000008,False,1144.1693,1182.0793,95.35069999999996,57.44069999999988,0.007120251655578613,0.01897638494318182,14647.892723620736,15699.116075864249,5.754751948573367e-05,30477.272727272728,16036.758609111217,3.7550191429035538,4.85267446185002,4.721860910004389,18.349731792520874,13.19318477635648,15.918146868730338,52.3162953305899
1239.651,1239.704,USV_1244,0.052999999999883585,4.0,37.91000000000008,False,1144.1693,1182.0793,95.48170000000005,57.571699999999964,0.00829464290291071,0.027188387784090908,14260.499838433618,14268.759983561178,0.00011040321343163468,29612.215909090908,15232.992293829388,2.4173330141879115,4.930430999534221,6.280362549446132,16.101342834594774,12.114249287865698,15.664844103554902,59.10038763717289
1240.417,1240.442,USV_1245,0.02500000000009095,4.0,37.91000000000008,False,1144.1693,1182.0793,96.2476999999999,58.33769999999981,0.011096666567027569,0.033610026041666664,16551.657108082745,16628.273803128803,0.0003616452038197181,29468.75,22753.469911365,0.9340252618593662,5.858322343418823,7.093474507764571,15.99043600582678,9.946788085106027,13.283383969513343,52.64828774986062
1240.541,1240.586,USV_1246,0.04500000000007276,4.0,37.91000000000008,False,1144.1693,1182.0793,96.37169999999992,58.46169999999984,0.010085196234285831,0.03150699013157895,14129.621786592175,14119.628336960674,2.311771512225177e-05,29679.276315789473,20301.489917376304,2.3449359317744536,5.315301139566944,5.481155700281942,19.13319234621746,11.652703842416182,13.96127583454787,55.889317575859145
1240.749,1240.764,USV_1247,0.01499999999987267,4.0,37.91000000000008,False,1144.1693,1182.0793,96.5797,58.66969999999992,0.009872139431536198,0.016998291015625,16717.854925328225,19222.09898598105,0.0002606880508184005,29648.4375,17585.75430782202,2.3456793612365026,6.685493423678998,3.3961349890323276,12.296804126381417,10.21633243936988,14.827327211699851,45.01946206501121
1241.551,1241.563,USV_1248,0.012000000000170985,4.0,37.91000000000008,False,1144.1693,1182.0793,97.38169999999991,59.47169999999983,0.007807307876646519,0.020577566964285716,18606.321306355807,21007.781999349314,0.0006064799479262551,33830.357142857145,23439.735672193226,1.3647770471303875,3.2480122424352325,5.028746817753539,11.474810316715232,10.494051254566015,14.702151298427406,41.60226280838526
1241.674,1241.71,USV_1249,0.03600000000005821,4.0,37.91000000000008,False,1144.1693,1182.0793,97.50469999999996,59.594699999999875,0.009719636291265488,0.0229644775390625,14532.450162888163,16101.91666184513,0.00013534960248350094,30322.265625,20665.886422636413,3.0902492280247413,5.493719612477005,5.311311825687397,17.81620167925787,11.720746724357229,13.305375968478227,53.65580799760358
1241.79,1241.843,USV_1250,0.05300000000011096,4.0,37.91000000000008,False,1144.1693,1182.0793,97.62069999999994,59.71069999999986,0.009870685636997223,0.02753240411931818,14638.007268223822,14813.164841887485,0.00018704968279537585,29825.284090909092,18327.119153933538,2.373728943518197,4.2873463600300346,6.210054820406185,18.320805934376338,10.869506237964485,14.194913002302316,57.30160303964902
1241.878,1241.893,USV_1251,0.015000000000100044,4.0,37.91000000000008,False,1144.1693,1182.0793,97.70869999999991,59.798699999999826,0.008480917662382126,0.02215576171875,16662.731563603855,19895.40516518774,0.00030109448909892744,32953.125,21488.323572709793,1.9392616193660581,3.187868075741549,6.4302821361729645,16.27570608047827,11.372071238275002,15.535368803837716,44.49043505207436
1242.081,1242.091,USV_1252,0.009999999999990905,4.0,37.91000000000008,False,1144.1693,1182.0793,97.91169999999988,60.0016999999998,0.010138001292943954,0.017049153645833332,17963.037223192692,22155.460770582034,0.0007012848658614676,33031.25,26612.885196907508,3.55165920637009,6.227334783826245,5.826761347394419,13.711987012585077,11.490796643200085,13.143731818349538,36.62975749442123
1242.527,1242.54,USV_1253,0.012999999999919964,4.0,37.91000000000008,False,1144.1693,1182.0793,98.35770000000002,60.44769999999994,0.010410713963210583,0.021868024553571428,16356.641158534514,21006.16677022378,0.00037349473099310474,31767.85714285714,22316.054096201286,0.8646742862386086,5.39530036113578,4.087260177908028,12.484127614491987,9.968127760110077,13.579911519063684,40.02560043576408
1243.213,1243.268,USV_1254,0.055000000000063665,4.0,37.91000000000008,False,1144.1693,1182.0793,99.04369999999994,61.13369999999986,0.013406842947006226,0.026345957880434784,14633.695890032881,14766.497801377698,0.0004657861352483637,28455.16304347826,19536.75493523015,2.1822173204561004,3.7705456390370635,4.844723296402641,15.932635803587637,10.518757221823137,13.821201909428503,56.89098762566896
1246.201,1246.215,USV_1255,0.013999999999896318,4.0,37.91000000000008,False,1144.1693,1182.0793,102.0317,64.12169999999992,0.009544871747493744,0.01995849609375,16484.503676854518,19854.590514426825,0.00048327477769352867,30843.75,20126.928258901342,1.3764401907333426,4.6613105805022315,6.025764673514505,15.75811837183598,10.632498646591003,12.742904724094588,43.75939862189924
1246.691,1246.71,USV_1256,0.019000000000005457,4.0,37.91000000000008,False,1144.1693,1182.0793,102.52170000000001,64.61169999999993,0.012670442461967468,0.0146484375,15316.305717402796,18423.080390753774,0.00014070434620520848,28565.625,20955.980256219475,2.3293807312354486,4.59029113186484,6.352883790275653,12.17702045884241,10.617739455606749,12.52870104949745,47.90303521232728
1246.836,1246.882,USV_1257,0.04600000000004911,4.0,37.91000000000008,False,1144.1693,1182.0793,102.66669999999999,64.75669999999991,0.009831211529672146,0.0255859375,15527.600051717909,16735.43289339467,0.0003808390642798522,31495.3125,22049.698921007635,2.286614978849996,3.426865311256916,5.580829821568816,17.13434172485758,11.842227027096637,15.569207115406305,54.68484855041046
1247.933,1247.985,USV_1258,0.05199999999990723,4.0,37.91000000000008,False,1144.1693,1182.0793,103.76369999999997,65.85369999999989,0.012022656388580799,0.026722301136363636,15023.51592297423,14685.99538339438,5.036142399905443e-05,30728.69318181818,22515.653268646278,1.9388275425129202,4.627471342875041,5.936108533527075,17.404183022329782,12.764917679068498,14.603453774955154,56.88185447119065
1248.1,1248.121,USV_1259,0.021000000000185537,4.0,37.91000000000008,False,1144.1693,1182.0793,103.93069999999989,66.0206999999998,0.01642468571662903,0.005126953125,12209.046057907814,16651.951446137005,5.1757676335672166e-05,27834.375,24371.561834470274,1.726133767217911,7.741696249572522,5.034063288311162,15.26361058017173,11.202638967383734,13.613746502596324,46.9750498752352
1248.363,1248.388,USV_1260,0.024999999999863576,4.0,37.91000000000008,False,1144.1693,1182.0793,104.19370000000004,66.28369999999995,0.007496427278965712,0.0255126953125,17304.37144255609,17852.87336388726,0.00025137040019238146,32765.625,19361.965462527824,1.2211119010494433,4.287426941675599,6.8907739902166165,15.301459678017787,9.844939791789182,13.618714116071635,51.57578711098881
1248.983,1249.018,USV_1261,0.035000000000081855,4.0,37.91000000000008,False,1144.1693,1182.0793,104.81369999999993,66.90369999999984,0.010290822014212608,0.0165557861328125,15471.701621855056,19844.309911352022,0.0004787479297780704,33146.484375,25594.369690844585,1.9677577663596604,5.790497679090883,5.3662542346577435,15.096161984096033,10.043477951256747,14.689266515567596,51.14433616837515
1249.127,1249.172,USV_1262,0.04500000000007276,4.0,37.91000000000008,False,1144.1693,1182.0793,104.95769999999993,67.04769999999985,0.010990111157298088,0.020327919407894735,15012.502043788336,16319.929941732888,0.0002779499425121452,30804.276315789473,21467.217714152634,2.4296463125195693,5.138820181528948,6.620465089952312,15.81549886553899,11.114736792803944,14.760076623030145,54.009700534283795
1249.82,1249.875,USV_1263,0.055000000000063665,4.0,37.91000000000008,False,1144.1693,1182.0793,105.65069999999992,67.74069999999983,0.009842457249760628,0.018321161684782608,15945.841603462703,16257.729922320194,0.0001942987552116886,30896.739130434784,24830.50728834933,2.7126466497021577,4.415620260895495,6.949095232113989,18.053316954813983,12.136009911938276,13.48038733484104,56.84721430986206
1251.617,1251.66,USV_1264,0.04300000000012005,4.0,37.91000000000008,False,1144.1693,1182.0793,107.44769999999994,69.53769999999986,0.00977813545614481,0.02626439144736842,16391.361435424547,16357.858262944424,0.0003630838098600865,30828.947368421053,24848.808734492664,2.2300766749665115,6.728918585380536,5.063264098119093,14.33148130635374,12.302066351362992,14.612798594581578,54.69657898887098
1251.914,1251.941,USV_1265,0.027000000000043656,4.0,37.91000000000008,False,1144.1693,1182.0793,107.74469999999997,69.83469999999988,0.011559268459677696,0.012244591346153846,13737.237310790764,17361.63568829821,0.00023638334109617147,29250.0,18839.786408191332,2.1790903431641793,6.213663300199088,6.555715056081079,17.04797365878045,10.961382809008311,13.97680610113208,49.94573746030232
1252.062,1252.07,USV_1266,0.008000000000038199,4.0,37.91000000000008,False,1144.1693,1182.0793,107.89269999999988,69.9826999999998,0.013555308803915977,0.01025390625,13574.745082980913,17167.794779713324,8.103648851356474e-05,27431.25,21824.888473444866,2.0929387334048437,4.72947901735475,4.834335684346549,11.500341542576349,6.75502801179766,12.022235242527028,37.23544772719082
1253.898,1253.924,USV_1267,0.026000000000067303,4.0,37.91000000000008,False,1144.1693,1182.0793,109.72869999999989,71.81869999999981,0.015604287385940552,0.024678548177083332,15858.207589489102,15286.690363299485,5.044654073406109e-05,30585.9375,24980.934128167628,2.682673174801644,2.0591340038645054,5.891703148208144,16.687307314676328,10.264614966545818,12.433731204309952,54.09470331539308
1254.195,1254.264,USV_1268,0.06899999999995998,4.0,37.91000000000008,False,1144.1693,1182.0793,110.02569999999992,72.11569999999983,0.010887141339480877,0.017168317522321428,14814.49205584279,15093.671308994768,7.485984310489515e-05,30405.133928571428,21482.640014419285,2.4025533829324863,6.279251800244765,5.696590174354744,16.129099448702636,10.964102049158374,14.159303961423586,57.29437915452201
1254.826,1254.841,USV_1269,0.01499999999987267,4.0,37.91000000000008,False,1144.1693,1182.0793,110.6567,72.74669999999992,0.011744641698896885,0.01971435546875,17554.382166004758,20219.095239637623,0.00048511074011154786,32671.875,21065.874388726457,2.0699114060502737,4.346561235031933,7.209235759318521,14.80996312866537,10.815808156519529,12.554171739667357,43.81734776375469
1255.133,1255.16,USV_1270,0.027000000000043656,4.0,37.91000000000008,False,1144.1693,1182.0793,110.96370000000002,73.05369999999994,0.01238835696130991,0.016451322115384616,12984.778673576084,15376.253045812246,6.922057237902926e-05,30028.846153846152,22205.761832296026,2.382257815575432,5.029711658024364,5.020319048675029,16.143520071069972,10.49322984931022,13.441473754417778,51.615486150560315
1255.191,1255.208,USV_1271,0.01700000000005275,4.0,37.91000000000008,False,1144.1693,1182.0793,111.02170000000001,73.11169999999993,0.0075998250395059586,0.022840711805555556,17672.05931035019,19621.819112229747,0.00035828484837421566,32187.5,26202.496627890054,2.5861651364711764,2.4384212883243057,4.9483924458756485,14.118765413701047,11.229723088851866,17.90419660797242,46.44514117935937
1255.43,1255.464,USV_1272,0.03399999999987813,4.0,37.91000000000008,False,1144.1693,1182.0793,111.26070000000004,73.35069999999996,0.008887529373168945,0.021484375,15105.98589962372,16315.477479749456,9.986020876553602e-05,30325.0,17620.32774804429,2.7546215717678533,4.234585228968032,5.2995024033549445,15.29953192843262,8.834979709433247,13.662528334997043,53.092340208055134
1255.612,1255.653,USV_1273,0.04099999999993997,4.0,37.91000000000008,False,1144.1693,1182.0793,111.44270000000006,73.53269999999998,0.00814423244446516,0.03342013888888889,17445.42099081937,16883.65147290592,0.0003557978542182743,31729.166666666668,21201.898000794452,1.680566119293903,3.7148322058701972,6.556478515940713,16.14322241048631,11.628193821157815,14.280413401411913,54.800888177627684
1255.838,1255.897,USV_1274,0.05899999999996908,4.0,37.91000000000008,False,1144.1693,1182.0793,111.66869999999994,73.75869999999986,0.015500448644161224,0.027384440104166668,15330.13926831688,13592.764385782686,5.267010855533832e-05,28882.8125,17962.97284347937,2.3747555549862445,5.093506541215027,5.955939834020324,15.667354357820708,12.298048548271657,15.816221368763365,59.95624772391454
1256.069,1256.105,USV_1275,0.03600000000005821,4.0,37.91000000000008,False,1144.1693,1182.0793,111.89969999999994,73.98969999999986,0.011739574372768402,0.041290283203125,18143.50652257319,15524.243088898016,0.0001049280271900083,31769.53125,21839.724618357242,2.4247239363443507,5.1804799981257466,6.543752994358158,15.521876527569413,10.937850419760236,15.269289812616226,57.26595438849038
1256.138,1256.163,USV_1276,0.02500000000009095,4.0,37.91000000000008,False,1144.1693,1182.0793,111.9686999999999,74.05869999999982,0.013731601648032665,0.0125732421875,12077.599458182514,14834.16402196083,3.4431903860630306e-05,27117.1875,20863.211444576173,2.1499037737407467,3.7323255203839683,5.11754338374601,16.1090621328601,11.822114131726217,14.896390811418868,52.77119428377471
1256.211,1256.221,USV_1277,0.009999999999990905,4.0,37.91000000000008,False,1144.1693,1182.0793,112.04169999999999,74.13169999999991,0.009694743901491165,0.023396809895833332,17098.587728865357,22507.177893624725,0.0007725641728878716,31765.625,15252.335987621067,2.2863983078796366,3.007375741208621,3.1544175896533972,11.538776799999676,7.737329394430845,13.843817242852545,37.81141137527627
1257.244,1257.256,USV_1278,0.012000000000170985,4.0,37.91000000000008,False,1144.1693,1182.0793,113.0746999999999,75.16469999999981,0.0063627962954342365,0.0361328125,16674.75740636644,18680.211038496247,0.000524432165602685,30361.60714285714,23019.06510329809,3.358747578943504,5.1088919646408995,3.9006361938848895,10.938862547817823,11.671699645269925,12.829334776459405,43.91534919977143
1257.389,1257.453,USV_1279,0.06400000000007822,4.0,37.91000000000008,False,1144.1693,1182.0793,113.21969999999988,75.3096999999998,0.013071300461888313,0.016573392427884616,13557.014642678841,14925.325811972949,0.00011928262608377747,28752.403846153848,22511.05331411708,2.4978735495863655,4.707269236442669,5.50713242826483,15.722490321022349,12.53428820543567,14.154933053111916,57.963190732146344
1258.096,1258.11,USV_1280,0.013999999999896318,4.0,37.91000000000008,False,1144.1693,1182.0793,113.92669999999998,76.0166999999999,0.009277045726776123,0.02386474609375,16734.562818137398,16852.341897185026,0.00011867744924983548,31687.5,24545.499478187478,2.1530847566283606,8.880937348568835,3.9773049209210445,15.743096623597019,9.450720547761584,15.620970844919373,45.53804443703365
1259.729,1259.741,USV_1281,0.011999999999943611,4.0,37.91000000000008,False,1144.1693,1182.0793,115.55970000000002,77.64969999999994,0.006756159011274576,0.03076171875,17623.55772594727,20062.172136202542,0.0002263578945230629,32477.678571428572,18349.364567168686,2.4895285979777104,3.9700109303120543,6.708068731251329,15.709811164109956,10.45435993175232,15.317144558092396,42.020965192763676
1262.509,1262.556,USV_1282,0.047000000000025466,4.0,37.91000000000008,False,1144.1693,1182.0793,118.3397,80.42969999999991,0.0100791547447443,0.02762451171875,14917.426327324874,15792.835458158155,0.0003255301785823543,30510.9375,25124.356624721775,2.6580306497695565,4.138289994921064,4.741363262409746,14.969441788472892,11.929124880160037,13.794361791357023,54.45601879476236
1262.801,1262.828,USV_1283,0.027000000000043656,4.0,37.91000000000008,False,1144.1693,1182.0793,118.63169999999991,80.72169999999983,0.015194563195109367,0.011925330528846154,13717.207803900917,17870.586779395802,0.00015867494560028235,28968.75,23352.441830639305,2.319534067626651,4.584748164207185,6.077200162177814,12.536626244245646,10.601380585321529,12.471661836764472,49.09810912019495
1262.938,1263.02,USV_1284,0.08199999999987995,4.0,37.91000000000008,False,1144.1693,1182.0793,118.76870000000008,80.8587,0.01221778616309166,0.028201941287878788,15753.34317317581,15078.42855781714,9.602756412218842e-05,30573.863636363636,25167.45713615039,2.276549748044439,5.031833677502667,5.317894118276392,16.4214816580875,10.48912736983989,14.688841617469752,58.68930125596814
1263.257,1263.314,USV_1285,0.05700000000001637,4.0,37.91000000000008,False,1144.1693,1182.0793,119.08770000000004,81.17769999999996,0.011394716799259186,0.0242919921875,14166.464775150554,14200.097901839385,6.081032846979225e-05,28085.9375,20145.927099453038,2.0756770642726865,5.331403453883694,5.025425898418091,17.385611282336523,11.477137621631604,15.705726748281817,58.45109246379544
1263.804,1263.819,USV_1286,0.01499999999987267,4.0,37.91000000000008,False,1144.1693,1182.0793,119.63470000000007,81.72469999999998,0.009431765414774418,0.0113525390625,15839.718795903387,19858.016994050653,0.00021687238172343138,31160.15625,21989.81351262977,2.2861811151216775,7.513802487360534,5.027525885708697,11.450090129737792,8.973756479734352,12.692664472020542,42.89317890114209
1265.63,1265.704,USV_1287,0.07399999999984175,4.0,37.91000000000008,False,1144.1693,1182.0793,121.46070000000009,83.5507,0.009934578090906143,0.025496419270833334,14062.326474334915,14535.99191730487,4.9486810397107615e-05,29781.25,19752.07616020481,2.6387872931881295,4.955358039858144,6.669510032125994,18.336530977380068,11.991878130681695,15.86088498342469,57.592180889532386
1266.426,1266.458,USV_1288,0.032000000000152795,4.0,37.91000000000008,False,1144.1693,1182.0793,122.25669999999991,84.34669999999983,0.010610686615109444,0.029837472098214284,15918.289503281432,15695.085568053242,8.559118117164896e-05,29517.85714285714,19454.120253926892,1.7430805312597162,7.139417980450872,4.755864389180578,14.698118138892593,13.363599387214222,12.96394303235497,54.97853374776559
1266.488,1266.507,USV_1289,0.019000000000005457,4.0,37.91000000000008,False,1144.1693,1182.0793,122.31870000000004,84.40869999999995,0.008745083585381508,0.0170654296875,16132.40346810651,19775.128147730615,0.00046951241954053534,31275.0,21589.20934610511,2.360342680050436,3.9011496582204854,7.183779235898081,13.092404226556392,10.311471365826879,13.588371799896631,46.82271027122714
1267.003,1267.023,USV_1290,0.01999999999998181,4.0,37.91000000000008,False,1144.1693,1182.0793,122.83369999999991,84.92369999999983,0.009088832885026932,0.0244873046875,16734.819545714498,18762.86868652266,0.0006368259985776722,31593.75,25012.92995728029,2.8562478885654925,5.9505975154722535,4.95570551890517,12.228203016606184,9.74165496445934,13.367583336261992,47.16699604272912
1268.201,1268.242,USV_1291,0.04099999999993997,4.0,37.91000000000008,False,1144.1693,1182.0793,124.0317,86.12169999999992,0.011516020633280277,0.017496744791666668,15728.469356407577,18355.912670578506,0.0004177091249542867,31750.0,22943.256340677883,2.1600446960781507,5.88118124420206,6.4232365365285355,16.20919239856388,10.03050837065314,12.981479944633039,52.846239763587185
1269.612,1269.704,USV_1292,0.09199999999987085,4.0,37.91000000000008,False,1144.1693,1182.0793,125.44270000000006,87.53269999999998,0.011077780276536942,0.025258657094594593,14280.768891885791,13514.687026775187,2.3596269523559445e-05,28340.37162162162,20752.5438849165,2.437173524721621,4.2073182584851745,5.530306229937763,17.33717073948742,11.624725784240031,15.48857610801434,60.56271164731773
1269.836,1269.891,USV_1293,0.055000000000063665,4.0,37.91000000000008,False,1144.1693,1182.0793,125.66669999999999,87.75669999999991,0.01018278393894434,0.029838230298913044,16007.745043558645,15722.629767594568,0.00030061090335351264,30407.608695652172,21889.898904142527,2.8301332372144086,4.337700445021156,6.727121548958657,16.158354469980445,11.226601171820379,15.264762245574243,56.43817612101185
1269.921,1270.016,USV_1294,0.09500000000002728,4.0,37.91000000000008,False,1144.1693,1182.0793,125.75170000000003,87.84169999999995,0.01200845092535019,0.020983244243421052,13570.522844201496,14502.00350654548,3.7096746215401664e-05,29000.822368421053,19244.328670892915,2.588899795241277,5.219578593192823,5.683814321943611,16.622431786461437,12.11593560707156,15.948856789637292,57.741872796058736
1270.264,1270.288,USV_1295,0.024000000000114596,4.0,37.91000000000008,False,1144.1693,1182.0793,126.09469999999988,88.1846999999998,0.00786522962152958,0.028941761363636364,16476.29279863452,16878.437191913377,0.0003445088026611117,31303.977272727272,24396.70417472725,1.4254497381407607,4.266478425938781,5.167253310020964,15.28758288366626,10.446010641705191,14.401763333877746,51.0193488774703
1270.927,1270.94,USV_1296,0.013000000000147338,4.0,37.91000000000008,False,1144.1693,1182.0793,126.75769999999989,88.8476999999998,0.010388968512415886,0.010498046875,16986.702654564167,21872.64930628325,0.00052146323772357,33575.892857142855,22378.994040424495,2.6198377980837484,7.6591414267733615,6.368162446274961,13.310144208507806,8.447482374113362,13.223714341615509,40.53565267253848
1271.404,1271.435,USV_1297,0.03099999999994907,4.0,37.91000000000008,False,1144.1693,1182.0793,127.23469999999998,89.3246999999999,0.014658666215837002,0.019321986607142856,14335.726107094923,16004.65508228206,0.00011218535096571447,26825.89285714286,20776.869139720304,2.1869931256931276,4.290582208836116,5.171689217598933,13.380273688641116,11.384099693040557,15.343871438647536,53.37669213817842
1271.657,1271.665,USV_1298,0.008000000000038199,4.0,37.91000000000008,False,1144.1693,1182.0793,127.4876999999999,89.57769999999982,0.006691076792776585,0.048046875,17930.278425325618,16523.57100562616,0.0010190779495378769,30862.5,14969.941285690016,1.405592834553063,2.338652587170697,2.838889159426093,16.941830448074008,14.141957942811212,15.816973465164688,40.17518756719289
1271.778,1271.812,USV_1299,0.03399999999987813,4.0,37.91000000000008,False,1144.1693,1182.0793,127.6087,89.69869999999992,0.009241350926458836,0.020833333333333332,16065.62616492606,17176.27411472415,0.00040006169394366447,31518.75,20460.304279972923,2.144198882341875,4.279427572868575,4.952425993620266,16.66698801838325,11.783070114523554,12.010998191452893,52.58899682314573
1271.885,1271.899,USV_1300,0.013999999999896318,4.0,37.91000000000008,False,1144.1693,1182.0793,127.71569999999997,89.80569999999989,0.0069614555686712265,0.04681396484375,16869.227422728407,16228.177639531668,0.0003350233774398362,28968.75,20409.458946733077,2.419087408391345,3.9576694395892793,5.2334315108979785,15.564526756376036,8.247377856812479,12.702423361901843,48.2519087224794
1271.972,1271.985,USV_1301,0.012999999999919964,4.0,37.91000000000008,False,1144.1693,1182.0793,127.80269999999996,89.89269999999988,0.010564091615378857,0.028355189732142856,17117.31293337877,17167.057057397353,8.300460729062483e-05,32772.32142857143,26941.23772727169,3.954035969197055,4.538429317208618,3.8800404727381697,16.44729508234393,8.588725206137998,12.827244292765032,44.56738131582809
1272.135,1272.282,USV_1302,0.14699999999993452,4.0,37.91000000000008,False,1144.1693,1182.0793,127.96569999999997,90.05569999999989,0.01109825074672699,0.03247498629385965,15630.540865489536,13338.57241575098,5.307751055755951e-05,29337.17105263158,19910.577871937632,2.248608627933648,5.211557768572268,6.3621847304057315,16.79321037484766,11.81684557535264,14.148139003192195,62.222122540477905
1272.365,1272.378,USV_1303,0.012999999999919964,4.0,37.91000000000008,False,1144.1693,1182.0793,128.1957,90.2856999999999,0.00936329085379839,0.017229352678571428,15783.262840556783,16019.201396791232,3.628226298178598e-05,31058.035714285714,25010.830702773215,2.22946988577577,1.4895883411550639,5.185015831105064,16.942800280774204,11.867361428180624,15.1597779607922,47.55494569638764
1272.646,1272.732,USV_1304,0.08600000000001273,4.0,37.91000000000008,False,1144.1693,1182.0793,128.47669999999994,90.56669999999986,0.010223505087196827,0.018896484375,15545.480560660113,14591.01542594737,4.3481776999973455e-05,30053.571428571428,21740.635732516028,2.97132570740102,4.806192915471866,4.757301949694712,15.829045008057616,11.68262681515977,15.24314073338263,60.70895031781461
1273.019,1273.055,USV_1305,0.03600000000005821,4.0,37.91000000000008,False,1144.1693,1182.0793,128.84969999999998,90.9396999999999,0.010659316554665565,0.02801513671875,14741.340964108203,14344.968449581245,8.65818954637461e-06,29648.4375,22124.888577687067,1.7754770142113736,4.428052924500857,4.623568763838744,17.650397294218646,11.496745432621392,15.20987226914745,54.37143938932363
1273.328,1273.344,USV_1306,0.016000000000076398,4.0,37.91000000000008,False,1144.1693,1182.0793,129.15869999999995,91.24869999999987,0.006567648611962795,0.04345703125,20406.130102987314,17599.2022931245,0.0005594519465020936,33609.375,25984.70609506486,1.4376529907662845,3.607853686206986,5.31875332779972,16.14503361320101,11.074275598058417,15.603117260214571,49.75235542525452
1273.373,1273.381,USV_1307,0.008000000000038199,4.0,37.91000000000008,False,1144.1693,1182.0793,129.20370000000003,91.29369999999994,0.013480233028531075,0.00869140625,16693.828770982953,23654.42907162189,0.00030254422094118865,32493.75,23677.14032969775,2.318454502562332,6.626120389106939,4.957017950942895,11.949909306257656,7.497185289531191,12.28554250911624,31.689807929662273
1273.447,1273.534,USV_1308,0.08700000000021646,4.0,37.91000000000008,False,1144.1693,1182.0793,129.27769999999987,91.36769999999979,0.012692948803305626,0.03168247767857143,15485.491332952572,14169.367513749643,9.032995130146178e-05,30179.464285714286,19474.22454228806,2.022334727322299,5.309278318530602,6.08044644006766,16.949107645323355,11.889145839338758,14.376656714278958,61.39649512310524
1273.575,1273.615,USV_1309,0.03999999999996362,4.0,37.91000000000008,False,1144.1693,1182.0793,129.40570000000002,91.49569999999994,0.011306315660476685,0.02302102481617647,16436.323007029492,13538.90917987776,9.103596123741969e-06,30215.073529411766,21197.121314532305,2.8927403575589596,4.738854788869121,6.694770643660976,17.073661173655942,13.157285629127962,15.185828882363577,59.77777425673345
1273.702,1273.718,USV_1310,0.016000000000076398,4.0,37.91000000000008,False,1144.1693,1182.0793,129.53269999999998,91.6226999999999,0.008313623256981373,0.027099609375,17950.832257738955,16818.526679309587,0.00018784718928235183,30632.8125,25751.908710535045,2.050229160158799,2.23253146434419,5.1020122672681065,15.375139574514797,9.382732960950863,14.350197486694835,49.41980322758045
1273.812,1273.879,USV_1311,0.06700000000000728,4.0,37.91000000000008,False,1144.1693,1182.0793,129.64269999999988,91.7326999999998,0.008827782236039639,0.03193882533482143,16451.046262358283,15752.00636246352,0.00010083684175557022,31171.875,23160.828864818595,3.200649699605156,5.966462577579378,6.60817266905294,15.546396830727828,11.440368677968964,15.12046132415986,57.4243573054726
1274.566,1274.651,USV_1312,0.08500000000003638,4.0,37.91000000000008,False,1144.1693,1182.0793,130.3967,92.48669999999993,0.012570532970130444,0.02788229549632353,15614.505045712443,14451.40435034179,6.654305352074029e-05,30377.757352941175,25130.012868186146,2.4310193391980666,6.3985770113258384,6.396501671198107,16.405229620904752,12.479432290708916,14.535862248505115,58.85473234067688
1274.721,1274.743,USV_1313,0.021999999999934516,4.0,37.91000000000008,False,1144.1693,1182.0793,130.55169999999998,92.6416999999999,0.010938609018921852,0.03189364346590909,19177.89813929438,18357.672341313428,0.0024609823695085206,32062.5,23109.8152379383,3.4150018275979406,8.511032691906207,4.5055905709008295,15.355054824016939,10.367262534001656,14.544807295589083,50.5272687173447
1274.793,1274.837,USV_1314,0.044000000000096406,4.0,37.91000000000008,False,1144.1693,1182.0793,130.62369999999987,92.71369999999979,0.00981660932302475,0.01996813322368421,16701.518224603264,14912.372433398587,3.904865622071625e-05,31273.026315789473,19908.52319194716,3.086457260256572,5.018287221197572,6.267385767703487,14.96552780808579,11.42630168089019,16.699304361743717,57.321652641748344
1274.867,1274.887,USV_1315,0.01999999999998181,4.0,37.91000000000008,False,1144.1693,1182.0793,130.69769999999994,92.78769999999986,0.01190427877008915,0.020068359375,16746.673665456772,18367.904799189633,0.00021726035181000454,31087.5,23639.995540061507,2.133194895907413,2.53447497716288,6.3300072458036905,17.884258743892097,11.25403285395235,15.200461146443638,49.187877779776784
1276.088,1276.097,USV_1316,0.009000000000014552,4.0,37.91000000000008,False,1144.1693,1182.0793,131.91869999999994,94.00869999999986,0.004906810820102692,0.027384440104166668,20772.857984756974,24241.27090497775,0.0022657775597598856,34656.25,15150.520223419946,3.146006781903676,3.6438182991691974,6.114940916766579,11.77759725872204,9.661740683256184,13.53036551209697,37.43425542538428
1276.407,1276.432,USV_1317,0.02500000000009095,4.0,37.91000000000008,False,1144.1693,1182.0793,132.2376999999999,94.32769999999982,0.01209340151399374,0.017008463541666668,15545.605466926858,18826.43766398171,0.00031067446093214823,31179.6875,24246.932154981612,2.0804634610239128,3.518374865540405,5.808528048589328,17.19420638553684,9.709707490468928,13.801060589660452,47.69529411637462
1276.608,1276.675,USV_1318,0.06700000000000728,4.0,37.91000000000008,False,1144.1693,1182.0793,132.43869999999993,94.52869999999984,0.011491848155856133,0.015834263392857144,15002.575720712568,15404.579066071256,9.338001910849586e-05,30602.678571428572,21726.48847366675,2.2000853738886454,4.852938093643376,5.826377425900745,16.44062340897721,11.441144317407074,13.340217991738784,57.06240639680216
1277.801,1277.819,USV_1319,0.018000000000029104,4.0,37.91000000000008,False,1144.1693,1182.0793,133.6316999999999,95.72169999999983,0.01054771151393652,0.013075086805555556,15377.214361372708,18370.799054826894,0.0001550243844357369,31833.333333333332,26559.581797895782,3.3495766765052983,7.07836520435834,7.872208599531599,18.46232329200722,12.183868052030896,16.5074559520301,45.58084238291835
1277.946,1277.984,USV_1320,0.038000000000010914,4.0,37.91000000000008,False,1144.1693,1182.0793,133.7766999999999,95.86669999999981,0.0099124601110816,0.01884191176470588,15923.698816242771,17149.614417535973,0.00039844508642472186,32415.441176470587,21429.92111190105,1.7804904042863097,5.755480071757249,5.8437612233689,14.42864953705011,11.630825401287797,15.151294508224021,53.12979177223273
1278.031,1278.061,USV_1321,0.029999999999972715,4.0,37.91000000000008,False,1144.1693,1182.0793,133.86169999999993,95.95169999999985,0.01130248885601759,0.011928013392857142,14040.912884970352,17872.104584682664,0.00032141063201434684,31399.553571428572,24970.230038098107,1.4753577195193326,8.506136654192373,5.606350990332265,15.92980677965312,11.861820662143316,14.74604138780896,49.76555312636656
1278.46,1278.565,USV_1322,0.10500000000001819,4.0,37.91000000000008,False,1144.1693,1182.0793,134.29070000000002,96.38069999999993,0.009830738417804241,0.029889787946428572,16067.875853316144,15080.480066914231,0.00010863741876448967,30716.51785714286,23640.934461150617,2.256741646147882,4.542017784161785,5.0117542125326855,14.266079580819579,11.99630810206533,14.043612410170253,59.10307637658734
1278.718,1278.743,USV_1323,0.024999999999863576,4.0,37.91000000000008,False,1144.1693,1182.0793,134.54870000000005,96.63869999999997,0.009588165208697319,0.032918294270833336,17877.0228275345,16821.74703297253,0.00030011696342660126,31937.5,26255.036059029935,3.245342881704237,2.3955095723496456,4.271948707653941,16.46135934934498,10.188661610775235,14.13662382826915,53.10089715285536
1278.861,1278.872,USV_1324,0.010999999999967258,4.0,37.91000000000008,False,1144.1693,1182.0793,134.69170000000008,96.7817,0.013813608326017857,0.010172526041666666,17776.42283608649,21170.5263698514,0.00022700356119576245,35953.125,31575.568737835783,1.9851842151481611,4.171415573509274,7.932312696886083,13.518143063434104,10.368876513506187,14.285721352296742,42.73079184160965
1279.028,1279.045,USV_1325,0.01700000000005275,4.0,37.91000000000008,False,1144.1693,1182.0793,134.8587,96.94869999999992,0.005239119287580252,0.043999565972222224,19866.034357564135,20357.82950114135,0.0010542347933925904,34010.416666666664,24553.5668972432,2.0182800991439254,2.4537439366331366,4.234905876201371,13.72523477180925,10.61979390783768,14.73495700756188,46.760841489276594
1281.384,1281.41,USV_1326,0.026000000000067303,4.0,37.91000000000008,False,1144.1693,1182.0793,137.2147,99.30469999999991,0.005726289004087448,0.030802408854166668,15890.40774663762,15445.489211343394,3.918499843184708e-05,31929.6875,19329.0400920822,1.2414079982252582,3.040852849141372,5.069378671352153,16.791412448667334,12.384072064941089,15.091677805125236,52.930607175266346
1283.067,1283.093,USV_1327,0.026000000000067303,4.0,37.91000000000008,False,1144.1693,1182.0793,138.8977,100.9876999999999,0.011218556202948093,0.035725911458333336,19905.653429806513,17749.12266966596,0.0002675588791562743,35507.8125,27555.577569406887,3.0998545812468863,6.006026002255434,5.797355911393336,15.580012507687002,10.311589275685419,13.953751976340731,53.05251887827006
1283.181,1283.221,USV_1328,0.03999999999996362,4.0,37.91000000000008,False,1144.1693,1182.0793,139.01170000000002,101.10169999999994,0.007105323486030102,0.027674057904411766,16754.479970961544,16533.570324998138,0.00017883912800868107,32531.25,25923.307065064786,4.282335224350979,5.446380605426312,5.721947205219458,18.03278484109164,10.106905310180348,13.727061527938375,55.42143460800297
1283.433,1283.449,USV_1329,0.016000000000076398,4.0,37.91000000000008,False,1144.1693,1182.0793,139.26369999999997,101.35369999999989,0.007596348412334919,0.044158935546875,19262.71296985198,15853.945623130108,0.00025303755435423446,33703.125,27333.253144071256,2.879657367973434,4.62215936041383,6.2024184594410805,14.232635293782593,12.251110457315733,15.368180164710763,49.96207241587571
1283.58,1283.642,USV_1330,0.06200000000012551,4.0,37.91000000000008,False,1144.1693,1182.0793,139.4106999999999,101.50069999999982,0.010244320146739483,0.018413837139423076,15389.602313855063,16770.769716061975,0.0002563313318260118,31745.19230769231,26563.724805508824,2.1649769808383925,7.0679960424144985,5.86535741771828,15.854704969843587,10.02223437613794,13.710775215801773,56.545617986741085
1284.088,1284.157,USV_1331,0.06899999999995998,4.0,37.91000000000008,False,1144.1693,1182.0793,139.91869999999994,102.00869999999986,0.009956197813153267,0.026846749441964284,16084.608489340275,15876.415081324332,6.125449772410316e-05,32223.214285714286,24710.398140444977,2.4345685083746784,6.253505032153832,6.588988899432125,16.309290289490907,11.017271218664755,13.301540491567993,56.584005118330616
1284.246,1284.3,USV_1332,0.05399999999985994,4.0,37.91000000000008,False,1144.1693,1182.0793,140.07670000000007,102.16669999999999,0.010633672587573528,0.030751103940217392,15699.767558043712,16228.970498498336,0.00016374279181521776,31410.32608695652,21165.270825088097,1.8390004381116374,5.155190481097184,5.147546431537756,15.45279880660238,11.637971574701712,13.986057896777512,55.27078120523556
1284.491,1284.578,USV_1333,0.08699999999998909,4.0,37.91000000000008,False,1144.1693,1182.0793,140.32169999999996,102.41169999999988,0.011082381941378117,0.020431082589285714,15165.270460598653,15276.589959351595,8.436363602193287e-05,32161.60714285714,24056.034183118423,2.2043265225718245,7.170027742220654,6.040850768975157,16.423482515476604,10.622475026897938,14.54626201557226,57.310344089303655
1284.651,1284.713,USV_1334,0.06199999999989814,4.0,37.91000000000008,False,1144.1693,1182.0793,140.48170000000005,102.57169999999996,0.01295497827231884,0.024104191706730768,16973.636396351798,14836.426622479756,7.033798808587183e-05,31730.76923076923,23532.372704997328,2.080739064437218,6.227762311556272,5.694041472070759,15.509775270358736,11.835117350869329,15.188854304959095,58.210222140578296
1284.934,1285.029,USV_1335,0.09500000000002728,4.0,37.91000000000008,False,1144.1693,1182.0793,140.76469999999995,102.85469999999987,0.009659754112362862,0.02336682771381579,15981.687314613893,14840.75165975066,0.00033758230768989836,30273.848684210527,19045.025033640908,2.2894277707972783,4.607637436210332,6.503252133097143,16.633127165767416,11.473598985626802,14.810088715600246,59.78326968919117
1285.148,1285.191,USV_1336,0.04300000000012005,4.0,37.91000000000008,False,1144.1693,1182.0793,140.9786999999999,103.06869999999981,0.010674676857888699,0.013851768092105263,15540.375218716355,16605.692219019344,0.00015415870996474636,29679.276315789473,20182.52419504749,2.456231440124712,4.943758677312914,5.217463426750879,15.657493550229743,9.966453962671979,13.91525602142569,55.04359075750758
1285.313,1285.34,USV_1337,0.026999999999816282,4.0,37.91000000000008,False,1144.1693,1182.0793,141.14370000000008,103.2337,0.01356073934584856,0.0111083984375,13154.183028628584,14960.902653309078,7.250765409510844e-05,27656.25,18979.93013755981,2.077909919690829,6.812770071232023,5.160456495258914,17.409399558298773,11.162059685881266,15.178257805916862,53.53143585319091
1288.171,1288.182,USV_1338,0.010999999999967258,4.0,37.91000000000008,False,1144.1693,1182.0793,144.00170000000003,106.09169999999995,0.007812294643372297,0.0164794921875,16359.286281355804,20534.222990496408,0.0007406281401631182,31968.75,26966.68482345137,1.216883049564973,4.671619852837723,7.220686166379877,16.844508583754877,9.309129344688355,13.750115370573477,42.160204179337065
1288.262,1288.274,USV_1339,0.011999999999943611,4.0,37.91000000000008,False,1144.1693,1182.0793,144.09269999999992,106.18269999999984,0.012144944630563259,0.008231026785714286,18928.500515521817,26175.22863576931,0.0010187801569645238,36763.392857142855,26471.304695764753,2.3478289576250697,4.8873057565413545,5.913336029846598,13.680728853528548,9.151587689896862,11.926481931150878,37.373721394521475
1288.307,1288.353,USV_1340,0.04600000000004911,4.0,37.91000000000008,False,1144.1693,1182.0793,144.1377,106.22769999999991,0.011096588335931301,0.02847900390625,15359.744536746473,15117.404281900986,0.00024717575973628254,28565.625,15553.374097409664,1.95502170268936,4.137551996198952,4.78527733703269,14.801170278642278,10.409287069492283,15.274113589240196,56.893817398040724
1288.599,1288.631,USV_1341,0.032000000000152795,4.0,37.91000000000008,False,1144.1693,1182.0793,144.4296999999999,106.51969999999983,0.008838439360260963,0.016252790178571428,15344.2543770909,18094.77541717476,0.00025306503832953824,31680.803571428572,24486.667965171207,3.726789835502216,8.64179895383756,6.95531637194186,15.992196373881786,11.291967601182256,15.814920282833825,51.25863548374375
1289.646,1289.657,USV_1342,0.010999999999967258,4.0,37.91000000000008,False,1144.1693,1182.0793,145.47669999999994,107.56669999999986,0.008223596960306168,0.014078776041666666,16438.167371475993,19976.018548960885,0.0002877444385997123,31125.0,20018.402176873566,2.081771011590472,4.90084971373335,5.32397802280154,14.317621034610731,8.709762016681173,11.717096974867955,44.35018980866909
1290.423,1290.437,USV_1343,0.013999999999896318,4.0,37.91000000000008,False,1144.1693,1182.0793,146.25369999999998,108.3436999999999,0.007786651141941547,0.027069091796875,17233.33862183157,18262.322226550572,0.00047964232148237405,29976.5625,14836.604596025096,2.2071225229611535,7.005458301895968,3.9641953356141677,12.566029219380773,10.93277342900933,12.182207214428331,45.607247617643715
1290.484,1290.595,USV_1344,0.11100000000010368,4.0,37.91000000000008,False,1144.1693,1182.0793,146.3146999999999,108.40469999999982,0.013253774493932724,0.017927689985795456,14186.956032275984,14437.862423786859,4.9515418161872685e-05,29865.767045454544,23444.98289712546,2.7389828567148715,4.679058032623815,5.60154942658838,17.44101388486292,11.999797807109951,14.36933362691264,58.499573466173246
1291.821,1291.835,USV_1345,0.014000000000123691,4.0,37.91000000000008,False,1144.1693,1182.0793,147.6516999999999,109.74169999999981,0.004992786794900894,0.04022216796875,19614.18516733861,21620.77568701891,0.002143343955629856,33949.21875,16952.224965649355,4.314512105106223,4.478336749753023,5.554241125541971,15.239905577441572,8.064699803414815,13.20032823292307,45.36834215343258
1296.381,1296.416,USV_1346,0.03499999999985448,4.0,37.91000000000008,False,1144.1693,1182.0793,152.21170000000006,114.30169999999998,0.011506683193147182,0.023274739583333332,15237.229307431327,16157.401548033504,0.00016250198844182677,30000.0,22437.548478242927,2.81753118766561,4.911240828484354,4.826099203684862,16.409369402184385,10.568635852543535,14.975738095441852,55.305787488351285
1296.659,1296.787,USV_1347,0.12799999999992906,4.0,37.91000000000008,False,1144.1693,1182.0793,152.48970000000008,114.5797,0.010428870096802711,0.0231787109375,14542.667873500184,15224.692729282866,0.00017231188137118588,30810.0,22345.885510277374,2.601003859219503,5.561704377020135,5.067532868539768,15.476047792202687,11.888327141372907,14.696997722554961,58.11540051489292
1297.084,1297.113,USV_1348,0.028999999999996362,4.0,37.91000000000008,False,1144.1693,1182.0793,152.91470000000004,115.00469999999996,0.007472410332411528,0.027418870192307692,16236.964497230005,17652.04350537318,0.00018647069784024213,31983.173076923078,22421.718104579042,2.811567896068061,3.2655346742153815,5.256203375520963,16.251110326926646,10.725397626935118,14.114481082277708,50.98203796593706
1298.543,1298.559,USV_1349,0.016000000000076398,4.0,37.91000000000008,False,1144.1693,1182.0793,154.37369999999987,116.46369999999979,0.008090938441455364,0.02288818359375,17661.115542029896,20884.146047779657,0.0003816764192369459,33246.09375,24901.405774114734,2.3353979224549573,2.3583174077523097,4.952748368797387,12.128933178555723,8.097564241705129,12.810468141961456,44.66115857186379
1298.762,1298.795,USV_1350,0.03300000000012915,4.0,37.91000000000008,False,1144.1693,1182.0793,154.59269999999992,116.68269999999984,0.009670681320130825,0.01787109375,13535.406873587488,15661.249559870124,0.00010217855012602759,30112.5,21526.222262204406,3.4483212784976294,6.564660092190162,6.651275505661798,16.453436499199025,10.132598956993585,13.906306965388982,52.66304232315334
1298.982,1299.009,USV_1351,0.027000000000043656,4.0,37.91000000000008,False,1144.1693,1182.0793,154.81269999999995,116.90269999999987,0.00770788686349988,0.029371995192307692,14971.837397031002,15861.528793387899,0.00011358913312061074,30483.173076923078,19615.295100894244,1.4859497489210964,3.995727217373712,5.149845115423767,14.920148260743705,12.324439691950449,14.445071589273677,53.84732096832982
1299.624,1299.65,USV_1352,0.026000000000067303,4.0,37.91000000000008,False,1144.1693,1182.0793,155.4547,117.54469999999992,0.010086068883538246,0.031168619791666668,16970.345878520788,17268.270956650074,0.0003612686976063625,31085.9375,20620.872611382627,2.6070940299633514,4.6772107811239865,7.554256360347925,16.481954129206454,10.722118163527028,12.877065897009464,51.94703031684974
1299.946,1299.958,USV_1353,0.012000000000170985,4.0,37.91000000000008,False,1144.1693,1182.0793,155.7766999999999,117.86669999999981,0.009854823350906372,0.018659319196428572,14956.482602455635,18604.086641731727,0.00025533506196032146,30133.928571428572,21212.18035003146,1.9875835698127726,2.1723211651029812,5.384542209766925,13.492888073774562,11.86455401294796,14.20006455351741,42.62519063910533
1300.172,1300.209,USV_1354,0.03700000000003456,4.0,37.91000000000008,False,1144.1693,1182.0793,156.0027,118.09269999999992,0.010620773769915104,0.02032470703125,15518.231917768779,17198.772847627635,0.001016793514187992,31916.015625,17114.35595676303,2.4174477634445872,5.000395272483001,4.8195672201008035,16.893727279804107,11.180176263924373,13.628840432858794,52.46144117980644
1300.555,1300.581,USV_1355,0.02599999999983993,4.0,37.91000000000008,False,1144.1693,1182.0793,156.38570000000004,118.47569999999996,0.04489663615822792,0.0093994140625,10142.30871247315,16235.459112304854,0.00022855668058073674,23515.625,24655.664139462762,2.977288995457237,1.6997524468620036,5.496989232432266,16.88151005258398,7.8223334263667885,14.981590961066898,47.37502697585851
1300.647,1300.687,USV_1356,0.03999999999996362,4.0,37.91000000000008,False,1144.1693,1182.0793,156.4776999999999,118.56769999999983,0.009492484852671623,0.03130744485294118,15048.313638440879,16452.04124938452,0.00022858130833888367,30220.58823529412,23626.157226729385,3.7986123492807526,2.0480620786062587,6.378877942128262,16.43358185371651,11.083168396762645,13.625312729608886,55.60115355404174
1300.801,1300.939,USV_1357,0.13800000000014734,4.0,37.91000000000008,False,1144.1693,1182.0793,156.6316999999999,118.72169999999983,0.010323571972548962,0.02080168547453704,14536.561468294753,15433.065318326842,0.00024393743790098555,31269.097222222223,23397.887319251688,2.9256288796032814,5.097894632891312,5.463000159526151,17.232722177798944,12.183180292004815,13.916905079524701,57.93592915942153
1301.08,1301.132,USV_1358,0.052000000000134605,4.0,37.91000000000008,False,1144.1693,1182.0793,156.9106999999999,119.00069999999982,0.011048628017306328,0.02276056463068182,15983.012841606851,17184.374930064918,0.00027765460100783357,31772.727272727272,27293.561028701453,2.235063069681171,6.005094831610691,5.006718047182395,16.69227127593557,10.532311518724445,13.741011922512614,55.228065871206915
1301.667,1301.737,USV_1359,0.07000000000016371,4.0,37.91000000000008,False,1144.1693,1182.0793,157.4976999999999,119.58769999999981,0.011669907718896866,0.018723060344827586,13599.441931098683,14670.95410124286,4.0697824038875506e-05,29372.844827586207,17803.420052523026,2.486564818252716,6.955775849954429,6.952331492147483,17.715197139497523,11.109333322042803,13.360717720979329,56.00429001387867
1302.52,1302.633,USV_1360,0.11300000000005639,4.0,37.91000000000008,False,1144.1693,1182.0793,158.35069999999996,120.44069999999988,0.010502050630748272,0.022271050347222224,15106.56455340862,14446.867754338185,0.0001929608727453047,29812.5,21200.82298520547,2.8484092245963573,3.7494582404059327,6.018965382637286,17.30659833982333,11.929318220625664,14.783626723296276,60.33500418884208
1302.671,1302.763,USV_1361,0.09199999999987085,4.0,37.91000000000008,False,1144.1693,1182.0793,158.50170000000003,120.59169999999995,0.010304668918251991,0.02735694679054054,15862.963085919093,14811.794842799805,0.00014535069562136938,30425.675675675677,21576.175144651526,2.143711446671481,6.181727706753683,5.186339513916871,15.906248336208158,11.625324907602486,14.292157134854001,59.12299898784913
1302.834,1302.9,USV_1362,0.06600000000003092,4.0,37.91000000000008,False,1144.1693,1182.0793,158.66470000000004,120.75469999999996,0.010087610222399235,0.018256293402777776,14363.52903894454,16023.772718021282,0.0002796433365752079,30895.833333333332,23889.236459732158,2.6273173202741607,4.475383637538686,5.698021259899657,15.267720915427606,11.652096343792081,15.774844434710083,55.91540515065377
1303.226,1303.235,USV_1363,0.008999999999787178,4.0,37.91000000000008,False,1144.1693,1182.0793,159.0567000000001,121.14670000000001,0.007117571774870157,0.04833984375,21085.64659176813,20297.323930606562,0.0007921451209435565,32734.375,25543.22254121845,2.942135802744652,5.390129452481625,5.542263304371427,12.819269737519015,8.031982874905083,12.978380026214195,39.67672239129863
1303.784,1303.829,USV_1364,0.044999999999845386,4.0,37.91000000000008,False,1144.1693,1182.0793,159.61470000000008,121.7047,0.010478118434548378,0.01288805509868421,13596.775465197383,16029.938047554258,0.00035429069125350756,29245.065789473683,22297.76718644923,2.879265538138337,3.7255077273832464,7.2271580648429365,16.414382240454714,11.028679208927217,15.226203715849167,55.7024237731583
1305.144,1305.175,USV_1365,0.03099999999994907,4.0,37.91000000000008,False,1144.1693,1182.0793,160.97469999999998,123.0646999999999,0.013091078959405422,0.0186767578125,14164.473284341078,14232.138405978194,3.987051315897728e-05,28419.64285714286,21495.467388801706,3.0667537876929365,6.709381855451888,5.9121718517122535,18.388257778827388,10.663769149821116,16.02874326674478,54.467395316693185
1305.769,1305.779,USV_1366,0.009999999999990905,4.0,37.91000000000008,False,1144.1693,1182.0793,161.59969999999998,123.6896999999999,0.010685826651751995,0.005533854166666667,15095.641974961281,21386.948602309858,0.00020570768188930594,30093.75,19905.685112713563,2.2779197605066988,4.075566011631838,5.968567498404621,15.933548826149801,8.622029281581748,11.62758731564337,36.29546637355219
1305.938,1305.983,USV_1367,0.044999999999845386,4.0,37.91000000000008,False,1144.1693,1182.0793,161.76870000000008,123.8587,0.007903923280537128,0.026007401315789474,15265.876066182911,16136.185064155461,0.0001262623061132575,30898.026315789473,20730.944351941704,2.453669645293265,4.552255598832026,5.64415405448006,16.256840992749158,12.90303208180132,15.848629027635154,55.64567209881506
1306.076,1306.136,USV_1368,0.05999999999994543,4.0,37.91000000000008,False,1144.1693,1182.0793,161.9067,123.99669999999992,0.010205579921603203,0.0203125,14564.801567148112,16413.218027464292,0.00018942576624595363,30495.0,22706.39949720962,2.8203988289308137,4.588104561410922,7.222176087772479,18.632828874543335,10.314080338256355,14.016094361820697,55.99938068275008
1306.182,1306.205,USV_1369,0.02299999999991087,4.0,37.91000000000008,False,1144.1693,1182.0793,162.0127,124.10269999999991,0.009694905020296574,0.02130681818181818,14646.886967418697,16024.908707693314,7.401216507500501e-05,29727.272727272728,16568.847631011366,1.9352716704599209,4.9806672752411,5.072769209182705,15.811559605651382,10.37634073639483,13.433110398376295,51.01253850046505
1306.262,1306.303,USV_1370,0.04100000000016735,4.0,37.91000000000008,False,1144.1693,1182.0793,162.09269999999992,124.18269999999984,0.009955601766705513,0.025282118055555556,16689.31953052913,17088.170224601796,0.0005013711292706855,31515.625,25818.914265320585,3.1310889623256295,4.695488481892023,5.545362112742396,14.51454594105068,11.57671098052243,14.999253360200619,54.577972870410036
1306.829,1306.873,USV_1371,0.044000000000096406,4.0,37.91000000000008,False,1144.1693,1182.0793,162.65969999999993,124.74969999999985,0.012597166001796722,0.016241776315789474,14906.946448565452,16137.547989564908,0.0006518023839156093,29348.684210526317,22353.637266302714,3.099511994541986,5.1227818045085165,5.9429190063936135,13.281605489619183,9.953778136471607,14.706446837930235,54.60335275318653
1307.326,1307.342,USV_1372,0.016000000000076398,4.0,37.91000000000008,False,1144.1693,1182.0793,163.1567,125.24669999999992,0.010381821542978287,0.011199951171875,17310.614777272276,20774.089030024406,0.0007428823197402645,32285.15625,25881.68019546722,2.5656650495096467,2.2939429857255775,6.629574104387867,15.693006438324675,11.218348594234811,13.384308690729632,45.40791986028521
1307.466,1307.482,USV_1373,0.016000000000076398,4.0,37.91000000000008,False,1144.1693,1182.0793,163.29669999999987,125.38669999999979,0.013771027326583862,0.00714111328125,16073.316478362738,20839.062789838146,0.00021435239328250689,32847.65625,26561.87474415466,2.205724349642523,5.076880100450838,3.57866164229978,12.027880897093667,10.81535292997487,13.458168362839757,43.582309405183715
1307.522,1307.581,USV_1374,0.05899999999996908,4.0,37.91000000000008,False,1144.1693,1182.0793,163.3526999999999,125.44269999999983,0.007221434731036425,0.033355712890625,17041.486976964563,15561.908911771612,0.00013315814017310134,32957.03125,26098.77639323575,3.1317200132898066,4.994770578819473,5.922526014047364,14.571558000720797,11.067078950927453,16.15917423644403,58.226954635617936
1307.764,1307.791,USV_1375,0.027000000000043656,4.0,37.91000000000008,False,1144.1693,1182.0793,163.59469999999988,125.6846999999998,0.01010710559785366,0.014742337740384616,14486.968550840376,17042.03955073908,0.00016048787600664028,30677.884615384617,25132.916976412373,1.8513299835654047,3.6771838409399162,5.786423906335395,15.411215961168544,10.280569685808661,14.359103699803963,51.43500121404199
1308.214,1308.225,USV_1376,0.010999999999967258,4.0,37.91000000000008,False,1144.1693,1182.0793,164.04469999999992,126.13469999999984,0.01080507505685091,0.012898763020833334,15388.831164961208,20123.78633557105,0.0003978994546634973,30500.0,20181.65885783712,2.5785700312840474,5.871245423493808,5.633441438941245,12.663967055083205,9.671467641047553,15.427968555317301,42.7188476028119
1308.526,1308.558,USV_1377,0.03199999999992542,4.0,37.91000000000008,False,1144.1693,1182.0793,164.35670000000005,126.44669999999996,0.008471748791635036,0.025216238839285716,17275.09387581219,17145.279880631755,0.00018724507835528724,32343.75,25337.208866685247,2.686055572185846,5.685442280829032,5.1054292241480335,15.570224805664662,10.124207861328284,11.647649409062995,54.16521897195814
1308.808,1308.837,USV_1378,0.028999999999996362,4.0,37.91000000000008,False,1144.1693,1182.0793,164.63869999999997,126.72869999999989,0.009090730920433998,0.025390625,17863.405674211677,18281.704981630468,0.00042033512913009353,33598.557692307695,26505.61544417889,3.9648529279799174,6.375992900633111,4.0126094574125695,12.383161612361677,10.758481770890903,14.819205952847579,51.849486688519896
1309.39,1309.413,USV_1379,0.02299999999991087,4.0,37.91000000000008,False,1144.1693,1182.0793,165.22070000000008,127.3107,0.012426369823515415,0.01034268465909091,14567.141549296097,18249.827835081163,0.00026511152171448574,29215.909090909092,21690.266413380272,1.8711115261393756,4.521758299373904,7.672345950237499,15.582314876344991,10.432143908327458,15.593099192438983,47.91896700211764
1310.808,1310.832,USV_1380,0.024000000000114596,4.0,37.91000000000008,False,1144.1693,1182.0793,166.63869999999997,128.7286999999999,0.010262642055749893,0.016468394886363636,15817.605129743153,18654.131041275235,0.0007952644522436531,31014.204545454544,21394.434255731645,2.73570892389728,3.689067247571825,7.138789930535915,16.05237261010491,11.855687423821102,13.653567727237311,49.22901567130798
1311.401,1311.495,USV_1381,0.09399999999982356,4.0,37.91000000000008,False,1144.1693,1182.0793,167.23170000000005,129.32169999999996,0.015620850957930088,0.009669253700657895,14205.378823985962,14540.748166482785,2.726661782043804e-06,30641.447368421053,27286.263115335827,2.5952913874734382,6.032949466038712,5.60339376688891,16.16727869796759,10.94633285433212,14.201533952533001,58.90016012137726
1311.656,1311.681,USV_1382,0.02500000000009095,4.0,37.91000000000008,False,1144.1693,1182.0793,167.48669999999993,129.57669999999985,0.00988131295889616,0.02423095703125,16299.338990001945,18961.793159555138,0.0005680846933042986,32429.6875,21994.65257008873,3.2898403817336024,3.9111323883202496,7.639707228237898,14.492445132051364,10.106883520827429,15.142983978702468,48.467675891791394
1312.03,1312.082,USV_1383,0.052000000000134605,4.0,37.91000000000008,False,1144.1693,1182.0793,167.86069999999995,129.95069999999987,0.010440783575177193,0.018898703835227272,14043.013954471548,16788.79119134058,0.00017554499568079308,31159.090909090908,24358.870539338186,2.077694025882904,5.062535802202678,6.89160560992724,16.390230392036436,10.208196942283804,15.563450117834192,54.77301874459131
1313.742,1313.846,USV_1384,0.10400000000004184,4.0,37.91000000000008,False,1144.1693,1182.0793,169.57269999999994,131.66269999999986,0.010638820007443428,0.025033346036585365,14507.239319930819,15067.190315658625,6.279064101489875e-05,31271.341463414636,25649.64580642507,2.6405378531419452,6.392318410637566,6.106511881654703,17.76118783476551,11.453856576949386,14.05843819123968,57.69797120453403
1313.891,1313.905,USV_1385,0.013999999999896318,4.0,37.91000000000008,False,1144.1693,1182.0793,169.72170000000006,131.81169999999997,0.0067532858811318874,0.024658203125,17175.78163305966,20170.132215830963,0.0009352158041374997,32472.65625,17879.186560622467,2.2774366182302983,4.328865774675827,4.162788418405826,13.26904758625832,10.164404793800538,13.821463530227954,42.93101493277357
1315.401,1315.419,USV_1386,0.018000000000029104,4.0,37.91000000000008,False,1144.1693,1182.0793,171.23170000000005,133.32169999999996,0.013145221397280693,0.024956597222222224,15940.152276998348,18090.615371983862,0.0001543208290114617,29156.25,18479.61930748197,1.8546965463876153,7.871413084537219,5.826526416299196,13.041220687499566,10.49796384695049,13.979435252842864,47.34460108594313
1315.886,1315.894,USV_1387,0.008000000000038199,4.0,37.91000000000008,False,1144.1693,1182.0793,171.71669999999995,133.80669999999986,0.010485279373824596,0.0109375,17553.261486803152,22928.047589407844,0.0002689845338540187,33318.75,28327.362943797052,2.2079301896978683,5.4827611798868485,5.945682459070941,9.51547645144615,8.52534619470884,12.865947765188361,32.374153923020074
1316.285,1316.297,USV_1388,0.011999999999943611,4.0,37.91000000000008,False,1144.1693,1182.0793,172.11570000000006,134.20569999999998,0.023609602823853493,0.0068359375,13035.590456148317,21353.8142739355,0.00037402319596399456,27616.071428571428,22278.699171505177,2.1734408998186563,1.0269266705595321,5.4769819147940995,12.151362217910334,6.551422853659643,13.841788154763334,38.08524038053038
1316.626,1316.674,USV_1389,0.04800000000000182,4.0,37.91000000000008,False,1144.1693,1182.0793,172.45669999999996,134.54669999999987,0.01087159849703312,0.03802490234375,16608.684207086353,15289.67152925758,0.000911414761159845,29864.0625,20567.48775559323,2.5610477276881918,6.151435749359974,6.894663352907537,17.477125785297385,10.605107377773349,13.394856457371578,56.888843505999105
1317.209,1317.227,USV_1390,0.018000000000029104,4.0,37.91000000000008,False,1144.1693,1182.0793,173.03970000000004,135.12969999999996,0.010202821344137192,0.018256293402777776,18342.895097345026,18647.573277233027,0.0009811176192692844,31281.25,23126.829644214347,2.1293106325475026,5.915371984984012,5.198029102641295,13.314876798173806,11.372369545396941,13.852568760655986,47.45155007080464
1317.328,1317.345,USV_1391,0.01700000000005275,4.0,37.91000000000008,False,1144.1693,1182.0793,173.15869999999995,135.24869999999987,0.007317835930734873,0.030137803819444444,18030.455340245735,19555.744091310753,0.0005628977820377292,32895.833333333336,27914.955870549,3.110158952522596,4.678447262623995,8.708134887166718,16.478153640824875,10.442043506286186,11.636335855505873,45.9662008606397
1318.929,1319.031,USV_1392,0.10199999999986176,4.0,37.91000000000008,False,1144.1693,1182.0793,174.75970000000007,136.84969999999998,0.011813665740191936,0.033935546875,16954.767523030216,14423.945174192564,0.00022969872095976739,30457.317073170732,20404.507810778174,2.1667394933271256,5.6328767267494255,5.816033727870145,16.231993115432683,11.437919274949154,13.990925016461123,60.17394592442362
1319.176,1319.254,USV_1393,0.07799999999997453,4.0,37.91000000000008,False,1144.1693,1182.0793,175.0066999999999,137.09669999999983,0.01017433125525713,0.0229034423828125,15393.811527140466,15575.488321831632,0.0003934064297893222,30966.796875,21369.09883702312,2.2885308845346453,5.1482605716496455,5.631881765678037,17.764311981722564,12.337366081665873,14.525188249157525,57.89343021320231
1320.819,1320.834,USV_1394,0.015000000000100044,4.0,37.91000000000008,False,1144.1693,1182.0793,176.64969999999994,138.73969999999986,0.011650743894279003,0.005401611328125,15328.36819991527,18956.790560683177,0.00020190043452561569,29636.71875,22354.800016653317,2.2067716369440666,4.224479785249001,6.075074199818135,12.836504232582481,10.674598069990484,14.093588713065287,43.54432761981972
1320.887,1320.939,USV_1395,0.052000000000134605,4.0,37.91000000000008,False,1144.1693,1182.0793,176.71769999999992,138.80769999999984,0.009357811883091927,0.023404208096590908,14780.095971090208,16141.321393754199,0.0002555424999161026,31201.704545454544,22448.74872497967,3.2131374185115407,5.558435623280334,4.99734232638448,15.76580005746501,11.042930827731968,12.319529972610649,54.812684364465184
1320.972,1320.991,USV_1396,0.019000000000005457,4.0,37.91000000000008,False,1144.1693,1182.0793,176.80269999999996,138.89269999999988,0.01028115302324295,0.0179931640625,15183.102066355481,19060.877930473758,0.00023585143513432763,30553.125,18825.41238287687,2.352856228154895,2.7451964318382465,4.8896716109128535,15.051248181752461,8.88423439026269,12.906135531348776,45.57526080920922
1321.529,1321.539,USV_1397,0.009999999999990905,4.0,37.91000000000008,False,1144.1693,1182.0793,177.35969999999998,139.4496999999999,0.009926704689860344,0.023844401041666668,19646.109995360108,21386.023123020284,0.0011153714174570602,31640.625,21138.726625228595,2.7385219443761564,2.53987928970565,6.829700939382369,12.986844162106445,8.607724506267528,14.25993496327159,37.96866109649901
1321.588,1321.639,USV_1398,0.05099999999993088,4.0,37.91000000000008,False,1144.1693,1182.0793,177.41869999999994,139.50869999999986,0.009669656865298748,0.020124162946428572,14689.907069641304,15599.463068813557,0.0003371881049938617,30571.428571428572,16901.55700457624,3.056394815162995,5.184760147658654,4.718437823083769,15.971117641679728,10.80272139986344,13.99057637674993,56.235154537025316
1322.061,1322.111,USV_1399,0.0500000000001819,4.0,37.91000000000008,False,1144.1693,1182.0793,177.8916999999999,139.98169999999982,0.011035993695259094,0.013334728422619048,14900.272135501991,16914.067883501393,0.0003392616032651295,31281.25,24767.41183391839,1.961568432149456,5.618252434188232,6.021071130504583,17.67312795453331,10.928795088711883,15.588869150040885,54.511249317587236
1322.967,1322.976,USV_1400,0.009000000000014552,4.0,37.91000000000008,False,1144.1693,1182.0793,178.79770000000008,140.8877,0.0159508865326643,0.004557291666666667,15160.907543107323,21383.12058818019,0.00023399579448514504,27734.375,18971.614180082546,2.118310064854402,3.097892984080579,6.551483486087643,11.626178751417582,9.521138713508869,12.902603538552583,37.2938293136276
1323.552,1323.588,USV_1401,0.03600000000005821,4.0,37.91000000000008,False,1144.1693,1182.0793,179.3826999999999,141.4726999999998,0.009643303230404854,0.0385589599609375,17400.432081969295,15981.01902540058,0.00019693074720738467,30791.015625,21942.027741133763,2.20060122835098,4.683922454998436,5.047974843571648,14.885100318801593,10.532808011886736,12.75531517928898,55.55312560784161
1324.974,1325.021,USV_1402,0.047000000000025466,4.0,37.91000000000008,False,1144.1693,1182.0793,180.8046999999999,142.89469999999983,0.010967835783958435,0.02161865234375,14152.890774758867,15652.919932889414,8.813262869608517e-05,29700.0,22007.514420120384,2.173569049484664,3.825832567106045,7.535124917778974,16.835162885916958,11.388677289886605,15.782234424800857,55.31390662607117
1327.764,1327.777,USV_1403,0.013000000000147338,4.0,37.91000000000008,False,1144.1693,1182.0793,183.59469999999988,145.6846999999998,0.024480577558279037,0.008684430803571428,11438.304241674117,18548.716008763753,0.00024136546104374103,26089.285714285714,23033.02691107947,2.271210959633411,2.258228758470763,4.181061215068604,15.844748814028588,10.35734404981928,15.312327447426437,40.03138372249765
1329.76,1329.796,USV_1404,0.03600000000005821,4.0,37.91000000000008,False,1144.1693,1182.0793,185.59069999999997,147.6806999999999,0.007262346334755421,0.0316009521484375,17166.183810642266,16344.324947258861,0.00018847598891099082,32595.703125,27285.271571800913,2.2281571669510276,4.819684201717001,6.019539338299719,18.286129507127843,11.820619626014738,14.358604051655561,54.60858020085139
1331.213,1331.245,USV_1405,0.03199999999992542,4.0,37.91000000000008,False,1144.1693,1182.0793,187.04369999999994,149.13369999999986,0.009644274599850178,0.013253348214285714,15420.797194135494,16234.371124811989,0.00010213687622510482,31044.64285714286,20463.990136150438,2.404824193315857,5.994602821660807,6.243234748230894,17.666527100340467,11.130343850679917,13.198686300565896,54.67548280039606
1333.026,1333.04,USV_1406,0.013999999999896318,4.0,37.91000000000008,False,1144.1693,1182.0793,188.85670000000005,150.94669999999996,0.011431396007537842,0.022186279296875,18488.687248255017,23455.281530062006,0.0005671502861413611,33574.21875,23836.978424907273,2.5638071382338596,4.351461354588816,5.860340668543475,13.825643101150522,9.22150364246208,13.31731932320814,42.44340230995749
1333.132,1333.149,USV_1407,0.016999999999825377,4.0,37.91000000000008,False,1144.1693,1182.0793,188.96270000000004,151.05269999999996,0.0076553407125175,0.027967664930555556,15813.047208678938,16082.794540069583,0.0002659302327286078,30770.833333333332,16676.174518892265,4.487154098555596,5.608521448233483,6.147028237795516,18.164994641919552,11.095174720257079,13.99860606400019,48.42761964650024
1334.325,1334.345,USV_1408,0.01999999999998181,4.0,37.91000000000008,False,1144.1693,1182.0793,190.15570000000002,152.24569999999994,0.011637730523943901,0.007666015625,15234.507733900395,18866.30143998663,0.00017504669950219298,30468.75,25528.8650713427,2.338985978793727,6.237796895285535,4.639148889321452,14.436241066945453,9.9520970498408,13.935329716775296,47.28659027379876
1338.174,1338.238,USV_1409,0.06400000000007822,4.0,37.91000000000008,False,1144.1693,1182.0793,194.00469999999996,156.09469999999988,0.010082229971885681,0.018780048076923076,16468.07188229724,15409.737003353794,5.4327946011585294e-05,32859.375,24106.671046205858,3.306737980583909,5.648618537135945,5.183969835403845,16.025797857211067,11.247771734565113,14.357521396250185,58.28735259757894
1338.348,1338.381,USV_1410,0.03300000000012915,4.0,37.91000000000008,False,1144.1693,1182.0793,194.17869999999994,156.26869999999985,0.01079411618411541,0.01533203125,17335.18789099137,17802.80576561806,0.00046544626592030254,32356.25,22002.410239909645,2.707175833462092,4.740662980515253,4.977764427247328,14.48839001389634,11.542816544711895,13.33139885986274,53.373335283750045
1339.146,1339.161,USV_1411,0.015000000000100044,4.0,37.91000000000008,False,1144.1693,1182.0793,194.97669999999994,157.06669999999986,0.013329843059182167,0.0047607421875,16000.882080935036,19971.160642008996,0.0004627010462073009,31113.28125,23186.85438616588,1.912867880755397,4.098606331487481,4.610343998732475,15.144046892161168,11.170533299429998,11.3420288102844,43.74698538108852
1339.989,1340.041,USV_1412,0.05199999999990723,4.0,37.91000000000008,False,1144.1693,1182.0793,195.8197,157.90969999999993,0.010836686007678509,0.030040394176136364,17917.694842628323,15308.981836565332,0.00027457063856164927,32224.43181818182,25014.50878347808,3.218735603583272,5.366161658490601,6.073328490239087,16.42241479087606,11.000076905834414,14.311021151882573,56.66341549085686
1342.973,1342.992,USV_1413,0.019000000000005457,4.0,37.91000000000008,False,1144.1693,1182.0793,198.80369999999994,160.89369999999985,0.009178711101412773,0.0181640625,14818.708759867795,15122.06675906883,1.4575516476458632e-05,29343.75,24190.404771643796,3.758459965699816,7.314286892991395,4.676521222118149,16.072319348813103,11.740590469783218,12.240999778019512,52.817990931516626
1345.756,1345.795,USV_1414,0.03899999999998727,4.0,37.91000000000008,False,1144.1693,1182.0793,201.58670000000006,163.67669999999998,0.008924326859414577,0.031005859375,15904.008768626167,16233.769888667564,0.0003957380577681712,30159.926470588234,14926.494905796766,2.662491747096592,5.57349321090602,6.394344282363065,15.382232051240969,11.06825427595094,13.767459699891045,56.14839707321837
1346.023,1346.087,USV_1415,0.06400000000007822,4.0,37.91000000000008,False,1144.1693,1182.0793,201.8536999999999,163.9436999999998,0.011658341623842716,0.01903357872596154,13978.089934526815,14863.319736253632,5.233095153077545e-05,29570.91346153846,22064.37642715542,2.7464554811450475,4.692790039396117,5.757241463436354,16.75764941719061,12.643368352776154,14.23703247284391,57.45219961459391
1348.283,1348.305,USV_1416,0.02200000000016189,4.0,37.91000000000008,False,1144.1693,1182.0793,204.11369999999988,166.2036999999998,0.010778398253023624,0.029918323863636364,18855.29329554405,17499.169941096297,0.00015573645197116578,33647.72727272727,23802.35104180542,0.9578317612629427,4.978550897911886,3.5049681880988093,13.386973891810015,10.969872525451954,15.476480909454516,50.79133781112437
1349.667,1349.743,USV_1417,0.07600000000002183,4.0,37.91000000000008,False,1144.1693,1182.0793,205.4976999999999,167.5876999999998,0.008016513660550117,0.02487084173387097,15143.58756968167,16167.467100586347,0.0003399341526881125,32201.612903225807,17339.50539047202,2.787543278951821,4.78472926046788,5.773251325952487,17.42924067109391,12.434667674116104,14.526225845143161,57.38468057970958
1349.933,1349.941,USV_1418,0.008000000000038199,4.0,37.91000000000008,False,1144.1693,1182.0793,205.76369999999997,167.8536999999999,0.0049642398953437805,0.04248046875,19553.44960935,22257.032290595598,0.0009662662811095952,33693.75,16614.284289403633,3.2470566447501326,0.9139475685229472,6.039253100725463,13.501115429753742,11.28204515383877,14.992913146940372,34.31330992685725
1350.633,1350.644,USV_1419,0.010999999999967258,4.0,37.91000000000008,False,1144.1693,1182.0793,206.46370000000002,168.55369999999994,0.010732331313192844,0.021077473958333332,15626.455871432212,19911.470416514177,0.0001403876293929706,29671.875,16182.45239641142,2.089595298447688,4.107315850080778,5.7339714551613605,11.496496705097329,9.819458646848007,15.062799053726403,43.424982752442986
1350.914,1350.924,USV_1420,0.009999999999990905,4.0,37.91000000000008,False,1144.1693,1182.0793,206.74469999999997,168.83469999999988,0.009153838269412518,0.023396809895833332,17833.94031065882,21026.734533732244,0.00030532687391892515,31484.375,21759.28712522262,2.2682418209082926,3.966473614386638,6.127612620461783,11.655879832899918,11.229960843364038,13.705105105038802,37.69466446218295
1353.213,1353.284,USV_1421,0.07100000000014006,4.0,37.91000000000008,False,1144.1693,1182.0793,209.04369999999994,171.13369999999986,0.009092227555811405,0.02978515625,17103.468622024426,16197.068180035483,0.00014887411584172685,32376.077586206895,25615.282245378166,3.1746043700153543,4.402441629428646,6.4650258984090385,16.522039341569315,12.045562042647347,13.073739229615708,58.68118254714057
1353.324,1353.374,USV_1422,0.049999999999954525,4.0,37.91000000000008,False,1144.1693,1182.0793,209.15470000000005,171.24469999999997,0.011170592159032822,0.022391183035714284,15035.543291879638,14883.547788297821,1.9920942994240598e-05,30366.071428571428,19523.64811623725,2.402534387984697,5.163804640298122,6.724025011305942,18.008629165591923,11.086382584187081,14.117165008652918,57.01220554972157
1353.455,1353.508,USV_1423,0.05300000000011096,4.0,37.91000000000008,False,1144.1693,1182.0793,209.2856999999999,171.37569999999982,0.007685899268835783,0.034257368607954544,16887.907286456353,15583.184945048271,0.0002974018447707298,31116.477272727272,20569.232112680147,3.4090925746891654,6.060391646485866,5.075450752029335,15.628452362461637,11.224642165989659,14.64341169763086,58.02871731162953
1353.628,1353.66,USV_1424,0.032000000000152795,4.0,37.91000000000008,False,1144.1693,1182.0793,209.4586999999999,171.54869999999983,0.009619287215173244,0.019688197544642856,16516.16933946961,16763.843499879276,0.0004323554143360257,30575.89285714286,17068.826756917144,2.829796939220646,3.8944928206374088,5.70196244357134,13.278542273005838,10.217696639323885,14.847349067403698,54.376812083488865
1354.099,1354.123,USV_1425,0.024000000000114596,4.0,37.91000000000008,False,1144.1693,1182.0793,209.9296999999999,172.01969999999983,0.009745084680616856,0.015957919034090908,14280.151039173403,17378.368032531576,0.00025793775511163096,30170.454545454544,20371.13495603847,2.5868463215879696,5.363450802895149,5.785819733540989,16.40788532184497,11.178022791727168,14.497738195998307,49.96829980477989
1361.663,1361.74,USV_1426,0.07699999999999818,4.0,37.91000000000008,False,1144.1693,1182.0793,217.4937,179.5836999999999,0.009855364449322224,0.023492628528225805,15756.904681943395,15648.710374675074,0.0002946591515331331,30985.887096774193,22355.328839320333,2.4819289702743026,5.641856704186916,5.367625355930169,16.57015985862994,11.52156986295358,15.556932690349784,58.365091468882106
1361.865,1361.888,USV_1427,0.02299999999991087,4.0,37.91000000000008,False,1144.1693,1182.0793,217.6957,179.7856999999999,0.008857210166752338,0.026012073863636364,17021.961683333735,17434.529199692468,0.0003024611464207488,30630.68181818182,24276.611662582607,3.2350249405415883,6.003021453654302,5.453394170076209,16.374611478995096,10.884247455184829,13.17211419564348,50.59376969537379
1361.965,1361.985,USV_1428,0.01999999999998181,4.0,37.91000000000008,False,1144.1693,1182.0793,217.7956999999999,179.88569999999982,0.011321854777634144,0.0071533203125,13875.517604247481,16671.357358940953,8.599403989590631e-05,28443.75,20870.18912907581,2.2532757636663243,3.594311777473994,6.402245124634291,15.28482618100654,12.122567826656391,13.774408246783016,49.84527215403351
1362.103,1362.186,USV_1429,0.0829999999998563,4.0,37.91000000000008,False,1144.1693,1182.0793,217.93370000000004,180.02369999999996,0.010880079120397568,0.018014618844696968,14764.58497121238,15652.42784192561,0.0002804017663329532,31071.022727272728,21779.74427835588,3.7807007545142444,6.602390382208157,6.755516411101917,17.071827343691684,10.71875369774816,14.424364813564631,58.80707000380128
1363.318,1363.335,USV_1430,0.01700000000005275,4.0,37.91000000000008,False,1144.1693,1182.0793,219.14869999999996,181.23869999999988,0.013763266615569592,0.010904947916666666,19117.216390322967,18652.936939769264,0.0001812664610819664,33708.333333333336,28163.928675268835,2.341375690475535,4.50421229091147,6.178664655172792,15.124750130877885,9.67599237266688,16.424453394041155,48.185587024745786
1367.785,1367.829,USV_1431,0.04399999999986903,4.0,37.91000000000008,False,1144.1693,1182.0793,223.61570000000006,185.70569999999998,0.010645434260368347,0.01543225740131579,13880.80823592246,15481.343935379213,0.0001343955450370154,30192.434210526317,19846.641138494902,3.325207922156797,6.194073887602511,5.117766448153257,17.242651457239003,9.749064941355412,13.28245727149492,54.54365719159299
1369.72,1369.741,USV_1432,0.020999999999958163,4.0,37.91000000000008,False,1144.1693,1182.0793,225.5507,187.64069999999992,0.011449200101196766,0.01376953125,15698.995025834773,17301.29251478297,0.00015290878011790484,29550.0,23218.314173726056,3.279918631825363,6.236560650092705,7.796359799957041,13.955346110969014,10.278555744959974,15.017287146283877,49.421681134268546
1370.235,1370.275,USV_1433,0.040000000000190994,4.0,37.91000000000008,False,1144.1693,1182.0793,226.06569999999988,188.1556999999998,0.01242028921842575,0.007898667279411764,13492.6859093967,16119.176909338967,0.00010558278750291827,29481.617647058825,23507.964330514173,2.6473550009700357,4.982466900444287,5.506755555483033,16.22698388978241,11.080506494987185,14.64070419389883,54.47677017676661
1371.656,1371.665,USV_1434,0.009000000000014552,4.0,37.91000000000008,False,1144.1693,1182.0793,227.48669999999993,189.57669999999985,0.013569913804531097,0.009684244791666666,13393.44295159275,14676.838618097654,7.2532565655476385e-06,28640.625,22544.77891927549,3.32973070374891,6.3265813097930215,5.932246331655716,14.016529394155663,11.56013198039963,15.469947372171871,43.23413118749813
1372.094,1372.159,USV_1435,0.06500000000005457,4.0,37.91000000000008,False,1144.1693,1182.0793,227.92470000000003,190.01469999999995,0.012669116258621216,0.015046296296296295,14956.716327568893,15227.816938847513,0.0001947771035774044,29326.38888888889,21385.801206349723,2.6011862522421376,4.45194454388435,6.135755309460642,15.132683408478291,11.269595838816375,13.049854794893552,57.14665626955806
1372.825,1372.859,USV_1436,0.03399999999987813,4.0,37.91000000000008,False,1144.1693,1182.0793,228.65570000000002,190.74569999999994,0.01131531409919262,0.017350260416666666,15758.231784331454,16770.522319630378,0.00011828515310549775,30106.25,22081.06414413495,2.25082082507951,7.123266927467911,6.93711230060771,14.42049547143248,10.607963985063792,13.710821563364474,54.011072927886524
1374.197,1374.249,USV_1437,0.052000000000134605,4.0,37.91000000000008,False,1144.1693,1182.0793,230.02769999999987,192.1176999999998,0.011282512918114662,0.023171164772727272,15809.629418950983,15559.561666709824,0.0003595322064921091,29786.93181818182,21757.98142198503,2.212007678164882,6.12470722987442,5.391559438696229,15.303338435627143,10.977045128463038,14.90034252868998,56.88461527058439
1374.986,1375.035,USV_1438,0.04899999999997817,4.0,37.91000000000008,False,1144.1693,1182.0793,230.81670000000008,192.9067,0.007766287308186293,0.020682198660714284,15510.31471471418,16047.83202268399,0.0001924174213810923,31102.678571428572,18383.492984973753,3.194567120636633,4.918780419941662,4.785049512655463,15.776475967920533,12.08292612131624,13.545576063309035,55.7901880888323
1375.291,1375.339,USV_1439,0.04800000000000182,4.0,37.91000000000008,False,1144.1693,1182.0793,231.12169999999992,193.21169999999984,0.008568021468818188,0.02388916015625,16955.602124709276,16265.397371340528,0.0004313108939571385,32643.75,21538.838298088096,3.346011037755955,4.069146578418153,5.494951683649689,16.262662545492326,11.398316128885558,13.588678251562039,56.12752206281145
1375.702,1375.722,USV_1440,0.01999999999998181,4.0,37.91000000000008,False,1144.1693,1182.0793,231.53269999999998,193.6226999999999,0.013090699911117554,0.0212890625,16699.491166500047,20253.89329112847,0.0007080767511994905,31659.375,18026.03057314086,1.4451118722947056,6.179730850379155,5.0214174965604865,11.671589844377824,10.273457171281851,13.456987199012179,46.53902759889003
1375.81,1375.834,USV_1441,0.024000000000114596,4.0,37.91000000000008,False,1144.1693,1182.0793,231.64069999999992,193.73069999999984,0.007738456595689058,0.027121803977272728,17219.902675061432,18411.215128520063,0.0004070301258224402,33656.25,24319.53353671869,3.59422999077651,3.1537794620593527,4.377857354201748,15.632363329748621,10.43859875486648,13.132756502919857,49.84193289664136
1377.129,1377.176,USV_1442,0.047000000000025466,4.0,37.91000000000008,False,1144.1693,1182.0793,232.95969999999988,195.0496999999998,0.008688734844326973,0.03052978515625,16634.306127897737,16469.696878910676,0.0005804692721749005,32643.75,18517.445317487378,2.54819027829896,5.83480957970496,6.145738383869989,16.392683769803874,12.8957506657788,13.692337014113923,55.84316400611321
1377.28,1377.315,USV_1443,0.035000000000081855,4.0,37.91000000000008,False,1144.1693,1182.0793,233.11069999999995,195.20069999999987,0.010989080183207989,0.0167236328125,15299.006628513787,18798.344750000055,0.00035955463203542654,31570.3125,22268.960537837258,1.944418723375589,4.869505458037531,4.292924382915484,14.06053537186797,11.28196140625761,12.106343491381516,51.26216082408338
1377.387,1377.447,USV_1444,0.05999999999994543,4.0,37.91000000000008,False,1144.1693,1182.0793,233.21769999999992,195.30769999999984,0.008552486076951027,0.022275390625,15984.74861913168,17085.842233311057,0.000337309982908553,32696.25,25888.88958172257,3.1128025300015416,6.493388521622237,5.124561004382847,15.157495806735133,11.750737580414967,14.664917583958626,56.24798055264095
1377.696,1377.712,USV_1445,0.016000000000076398,4.0,37.91000000000008,False,1144.1693,1182.0793,233.5266999999999,195.6166999999998,0.013328990899026394,0.01605224609375,16670.702403770272,20687.15877501089,0.0006591860089488716,31582.03125,24182.450738864638,1.7286893408223845,2.7725895131855984,5.195363647440783,17.124663517690102,10.267576631356913,13.458349025374774,45.13561646590846
1378.314,1378.333,USV_1446,0.019000000000005457,4.0,37.91000000000008,False,1144.1693,1182.0793,234.14470000000006,196.23469999999998,0.011570577509701252,0.0377685546875,18544.889135234174,17065.755997618144,0.00032080511307793115,31003.125,23751.327586404597,1.082285447461273,6.088496704447014,4.937531900847908,14.440093907224854,9.614107277852327,12.65252782009033,50.45169136420871
1378.433,1378.502,USV_1447,0.06899999999995998,4.0,37.91000000000008,False,1144.1693,1182.0793,234.26369999999997,196.3536999999999,0.009818347170948982,0.021702357700892856,15082.441468736275,15088.890255792523,8.912115124324397e-05,30910.714285714286,23815.393188607362,1.8715923637806984,4.171700580746525,7.097323035234971,18.247123436769115,11.24604815701859,14.414984869067263,58.881556486904515
1378.893,1378.906,USV_1448,0.012999999999919964,4.0,37.91000000000008,False,1144.1693,1182.0793,234.7237,196.81369999999993,0.012161551974713802,0.008231026785714286,14835.984807650708,19511.92865787365,0.00016007042429598602,29571.428571428572,20621.68012117026,2.2344168227661316,4.8006865967811,4.428883830413948,16.831132418886348,8.694989312911469,13.012418601469664,41.589104384097695
1379.192,1379.243,USV_1449,0.05099999999993088,4.0,37.91000000000008,False,1144.1693,1182.0793,235.0227,197.1126999999999,0.014179926365613937,0.017706008184523808,13102.356622771455,13406.748020123623,1.761276000153391e-05,27120.535714285714,17954.004441649486,2.1831820246695193,6.842646321125428,6.001817630894432,15.442509135110848,9.688862344718801,14.275683629859218,58.9393983696269
1379.441,1379.459,USV_1450,0.018000000000029104,4.0,37.91000000000008,False,1144.1693,1182.0793,235.2717,197.36169999999993,0.009821702726185322,0.03919813368055555,17567.926273130324,15189.225309664413,0.00025623172418181336,29520.833333333332,18966.854338654903,3.871530460218735,5.228473813480827,7.484719503921598,15.92450198338078,11.087163566855274,13.036217816281223,52.152030909160985
1379.605,1379.617,USV_1451,0.011999999999943611,4.0,37.91000000000008,False,1144.1693,1182.0793,235.4357,197.52569999999992,0.015899771824479103,0.018345424107142856,16905.20652216777,21785.096663237066,0.0007765741497375913,33468.75,26973.28104063156,2.5807961961376944,7.119727746320832,5.0383101658573555,11.502457087861638,5.67251351027637,13.301220657654097,40.1665449245509
1379.88,1379.915,USV_1452,0.03499999999985448,4.0,37.91000000000008,False,1144.1693,1182.0793,235.7107000000001,197.8007,0.009161671623587608,0.02861328125,15289.347366297028,15953.017059705215,0.00023397025322355978,30212.5,18107.03067519296,2.3221100405333472,5.218630290459588,5.757284426442253,17.81610897231855,12.154517874795355,13.81619327807839,56.471023254309166
1382.855,1382.864,USV_1453,0.009000000000014552,4.0,37.91000000000008,False,1144.1693,1182.0793,238.6857,200.77569999999992,0.017069397494196892,0.021728515625,13295.322862172725,15197.307598119152,3.3084392015580306e-05,28109.375,23650.240914753915,3.7043710438823054,1.3202288504167528,4.492478039316865,17.600448681585746,9.670247866791842,15.935957419409087,40.83300212861105
1383.165,1383.297,USV_1454,0.13200000000006185,4.0,37.91000000000008,False,1144.1693,1182.0793,238.99569999999994,201.08569999999986,0.011411206796765327,0.023414024939903848,13855.083792688567,13662.654073743535,0.00011244201784488371,28420.673076923078,20847.559267169876,2.6840781897902732,3.3979664543897807,5.15554436565735,14.732348326467921,10.414464691201298,15.342657474138178,60.83139190203219
1383.496,1383.545,USV_1455,0.04899999999997817,4.0,37.91000000000008,False,1144.1693,1182.0793,239.32670000000007,201.4167,0.008159022778272629,0.036900111607142856,16364.692920775455,15659.095027433013,0.0001456831358309531,31410.714285714286,26341.09110582746,1.86952208399354,4.447297018995265,4.827376971072488,16.84630717895033,11.938790794439479,14.117421931343126,56.20169354483679
1384.013,1384.073,USV_1456,0.060000000000172804,4.0,37.91000000000008,False,1144.1693,1182.0793,239.8436999999999,201.93369999999982,0.010122551582753658,0.02375,14344.147357813521,14095.416642261005,1.8766268556108513e-05,30198.75,20712.631078232862,3.5410597469676044,3.6008618219655024,5.36284084948613,15.652457685986619,10.28738642275058,12.901796685335299,57.47539573924357
1387.355,1387.477,USV_1457,0.12200000000007094,,,None,,,,,0.01180035900324583,0.028422037760416668,13224.554040464462,13289.606536990812,8.543475075599627e-05,27306.640625,18991.565406062557,3.019987865528679,4.708929087704962,5.0724014140949825,15.36045186252556,11.419735046290734,15.805491443431828,60.3430150982772
1401.453,1401.539,USV_1458,0.08600000000001273,,,None,,,,,0.010393694043159485,0.03242885044642857,14523.768624446386,14004.286856162134,0.00017155089134447771,28856.25,17636.650000718306,3.1421236916547812,6.601245294914213,5.272912251849385,15.574360071098756,11.643978992008913,14.046317404158534,58.91425469010684
1402.234,1402.308,USV_1459,0.07400000000006912,,,None,,,,,0.016551798209547997,0.021663411458333334,10769.479626267841,12686.606303513594,8.037893563172804e-05,22593.75,15787.916984624024,3.0950828873436445,6.346862115593866,5.478940616332,13.324509173777924,9.444610219736775,14.370174749528218,60.20636281568923
1402.753,1402.822,USV_1460,0.06899999999995998,,,None,,,,,0.042268116027116776,0.009059361049107142,7044.779580976324,11097.166991822762,4.379822016742917e-05,15833.705357142857,19230.61851265814,3.5174866810310044,1.9048974903733609,5.054598963133325,16.490040241275448,10.917030929193322,14.030476592733734,59.09488981248911
1402.914,1403.015,USV_1461,0.10100000000011278,,,None,,,,,0.04839930310845375,0.01204833984375,7402.702266368314,11087.82902266122,8.412297528891146e-05,17092.96875,20783.41562926875,2.2578006117308336,3.47264265095816,4.877381057202567,17.095748195154624,10.702941927068938,14.053936226251148,60.005560612352134
1405.372,1405.491,USV_1462,0.11899999999991451,,,None,,,,,0.010674957185983658,0.02095973238031915,13545.754746475159,14293.712228580307,0.00010188661421666565,28496.010638297874,17767.223296151977,2.46920519917106,4.290916086314087,4.891939995693605,16.816210208028973,11.353326639137075,14.829781271223162,60.07345538766464
1405.845,1405.981,USV_1463,0.13599999999996726,,,None,,,,,0.008924374356865883,0.029927955483490566,13684.752170639258,13069.337224180152,1.9207448059802654e-05,28436.32075471698,17070.195756883677,2.8120569819601147,3.0986852980716337,5.037696136985108,14.900700238782772,10.687864293087184,15.238948200897457,61.81269206506839
1448.007,1448.157,USV_1464,0.14999999999986358,,,None,,,,,0.029508525505661964,0.02382233183262712,9375.274857754144,10634.50481935023,3.136864163857809e-05,20094.27966101695,20723.705445664702,3.046442164756741,3.98132312513538,5.27263489616068,17.442617446034628,12.20167934224298,14.815364966344733,62.98692466709747
1451.066,1451.174,USV_1465,0.10799999999994725,,,None,,,,,0.011377560906112194,0.023670285247093022,14474.428764092048,14590.82752005572,7.64164341447664e-05,29888.808139534885,23285.151299901776,2.754638355651277,5.40786528871786,5.709782004630805,16.431056700651265,11.084187210994804,15.281687076172314,57.517575605359916
1451.765,1451.881,USV_1466,0.11599999999998545,,,None,,,,,0.010197799652814865,0.029334026834239132,13917.422278934468,13609.908803301121,3.228066548917998e-05,28520.380434782608,17407.29124721999,2.0430040624416312,4.446236504129718,5.058544650427644,14.905842794227777,11.678265868559613,14.694666096133593,59.74959992965659
1457.379,1457.405,USV_1467,0.026000000000067303,,,None,,,,,0.010743674822151661,0.018086751302083332,13101.337813345699,14650.241143294159,0.0001626755618824187,28304.6875,21727.664088395195,2.328021005430631,4.829437757150827,5.303031900691161,14.69746720555672,10.89191229882694,15.81212282505637,51.58036765193746
1461.928,1461.983,USV_1468,0.05499999999983629,,,None,,,,,0.010969947092235088,0.023405655570652172,13292.10521311896,15104.795957412169,8.089537985312659e-05,28076.08695652174,19600.676196469456,4.134990338733978,4.778304005856984,5.1384572869465135,15.811882700472134,11.661947611020057,15.56381028716687,56.6548483621668
1462.948,1462.98,USV_1469,0.03199999999992542,,,None,,,,,0.009563491679728031,0.018537248883928572,14119.124494580437,15232.539165809914,9.620824698998712e-05,28680.803571428572,17807.719211600426,2.2902462928020375,5.710922510529632,5.8699701086222715,15.32003867948337,11.976844339608794,15.277566786042758,53.84200063951635
1463.557,1463.656,USV_1470,0.0989999999999327,,,None,,,,,0.021220842376351357,0.047695062099358976,14805.602033200725,13910.600807750401,0.00028256126049414006,29389.423076923078,22371.926846589373,3.4672773005370687,3.0130304112256776,4.944930579734806,15.936589289168714,10.468090511810402,15.655657124044364,64.69206230803178
1468.46,1468.474,USV_1471,0.013999999999896318,,,None,,,,,0.010919362306594849,0.01324462890625,16059.810866838254,20312.185384304656,0.00036913988051599767,32003.90625,26228.896427373857,2.0490505215110195,4.173898626139641,5.1779280376416255,13.79113333482254,9.87766073084357,13.106203496680141,43.298436369511606
1469.183,1469.198,USV_1472,0.015000000000100044,,,None,,,,,0.04139186441898346,0.01641845703125,12974.651432430674,19838.50431798427,0.0008402820323393218,27937.5,34153.88880739368,4.786036506403786,1.7180943473851344,5.314172071742968,18.223281724551196,8.83221979923852,13.874190104619732,41.93143060259047
1470.187,1470.196,USV_1473,0.009000000000014552,,,None,,,,,0.022359879687428474,0.016031901041666668,16258.283702609078,23618.648595903138,0.0004910451502167648,31093.75,26400.583567282887,2.12043117770211,4.316006209165472,6.076904253769769,9.88645160819353,6.160202761962229,15.994864873889206,36.148269217594724
1471.115,1471.198,USV_1474,0.08300000000008367,,,None,,,,,0.014612311497330666,0.05173627068014706,15333.607380454527,13668.600183375358,5.614679528499917e-05,27093.75,25256.422239974512,2.4387148100022698,4.851201685940561,5.756347180570472,15.754629615173402,10.713054234461005,14.84355260908408,61.25984933518069
1471.681,1471.781,USV_1475,0.09999999999990905,,,None,,,,,0.010677246376872063,0.037811279296875,14648.622891028814,12837.365147251094,2.905973857173652e-05,27349.21875,18725.650997394412,2.704085183216937,5.9131480343444505,5.806340938611497,15.689762177224026,11.0105234436383,14.978808981234318,61.35638815653094
1471.88,1471.984,USV_1476,0.10399999999981446,,,None,,,,,0.008899422362446785,0.040324885670731704,15194.472306667858,13422.385111361873,3.161532906973437e-05,29661.585365853658,17888.526737233442,2.5071363445948585,5.283609582934168,5.222685461098168,15.595393887664539,11.864635438048264,16.049827953210734,61.55000706055665
1477.369,1477.487,USV_1477,0.11800000000016553,5.0,35.72000000000003,True,1472.9893,1508.7093,4.379699999999957,-31.34030000000007,0.013524679467082024,0.028720287566489363,12838.046867166775,13660.42797558044,0.00022194129841872806,26866.356382978724,17009.84428354668,2.492148450871411,4.126876286729589,5.332071771376719,14.556226349871222,10.619891262723897,16.165277191196797,60.86392660954799
1478.779,1478.844,USV_1478,0.06500000000005457,5.0,35.72000000000003,True,1472.9893,1508.7093,5.789700000000039,-29.93029999999999,0.009943763725459576,0.028700086805555556,13839.232288399991,15043.827994307687,0.00010059762243720646,28927.083333333332,16752.354480032885,2.441385713123885,5.583081020909169,4.483062200886003,15.08757925254834,10.781809213528279,16.98180858364722,58.03369304517657
1479.149,1479.202,USV_1479,0.05300000000011096,5.0,35.72000000000003,True,1472.9893,1508.7093,6.15969999999993,-29.560300000000097,0.011188792064785957,0.028897372159090908,14935.61227756943,15658.489944316207,0.00016345221756639504,29671.875,15768.700203773222,2.779897832685493,6.222449874063278,7.716523307085972,17.142270952866976,10.12640391219598,14.136168983400854,56.8618325568666
1479.324,1479.397,USV_1480,0.0729999999998654,5.0,35.72000000000003,True,1472.9893,1508.7093,6.334700000000112,-29.385299999999916,0.010890700854361057,0.028621419270833334,14011.888612180048,14674.743364612896,5.4525708889983095e-05,28284.375,18066.803701188284,2.485546845473766,5.821834837773468,6.9708645646342715,15.044767007285355,11.719663117232503,15.52206652462216,58.29779092019449
1480.395,1480.408,USV_1481,0.012999999999919964,5.0,35.72000000000003,True,1472.9893,1508.7093,7.405700000000024,-28.314300000000003,0.00965997762978077,0.013044084821428572,14218.610202336522,16654.237902745597,0.00010086336028281563,28687.5,27059.289484688255,2.4208537176033187,1.6971811918033008,5.083102041029706,13.212399047708674,11.520050679457398,14.382270619235078,46.503064061818556
1485.441,1485.473,USV_1482,0.03199999999992542,5.0,35.72000000000003,True,1472.9893,1508.7093,12.451700000000073,-23.268299999999954,0.008656912483274937,0.025390625,14682.816924041344,14421.02445511388,2.499194850211283e-05,29584.821428571428,19971.44687601167,2.257493023235511,4.82938810765429,4.363018643760698,15.44992444734435,10.920421564513203,15.494632472543142,54.47585005819085
1485.505,1485.556,USV_1483,0.05099999999993088,5.0,35.72000000000003,True,1472.9893,1508.7093,12.515700000000152,-23.204299999999876,0.011985749006271362,0.015183221726190476,13697.555600628732,16353.384363441515,6.26769092600431e-05,30348.214285714286,20076.266522622624,2.022040267049953,6.369988662957613,6.704080779503284,16.2528286817674,11.737789763734334,14.15094964581529,55.476742495314014
1485.593,1485.614,USV_1484,0.020999999999958163,5.0,35.72000000000003,True,1472.9893,1508.7093,12.603700000000117,-23.11629999999991,0.007754448801279068,0.027001953125,16213.477368371296,16542.069843223977,0.0002615321320875853,31031.25,23090.27048443783,2.109619187344859,5.162306264162697,5.425731756018316,16.581665653358066,12.66083288203869,15.068836564235742,48.986136009329286
1487.704,1487.712,USV_1485,0.008000000000038199,5.0,35.72000000000003,True,1472.9893,1508.7093,14.714699999999993,-21.005300000000034,0.008898881264030933,0.026171875,16143.58517144145,18323.941734130138,8.261278935297642e-05,30600.0,24794.092920329538,0.9619037945507924,7.045131628381053,7.524032838251385,15.414569322057407,10.32645812841614,14.312898508599847,37.112293452232976
1490.78,1490.837,USV_1486,0.05700000000001637,5.0,35.72000000000003,True,1472.9893,1508.7093,17.790700000000015,-17.929300000000012,0.010061320848762989,0.031158447265625,16152.555535231522,14381.485075739329,0.00017071612463724989,29679.6875,20114.608575943716,2.3133698205774484,6.197869224685673,5.135282431400672,14.9247151130643,11.200568571321936,15.077820748692792,57.629775460821655
1490.937,1490.965,USV_1487,0.02800000000002001,5.0,35.72000000000003,True,1472.9893,1508.7093,17.94769999999994,-17.772300000000087,0.012608172371983528,0.005934495192307692,16123.24913978398,18859.649772251996,0.00031748061590680253,31189.903846153848,21942.77355278022,2.60935441415819,5.43354798435826,6.1709359205763485,16.266129838173654,9.21061286526855,15.213852793557532,50.40320394452024
1494.037,1494.046,USV_1488,0.009000000000014552,5.0,35.72000000000003,True,1472.9893,1508.7093,21.047700000000077,-14.67229999999995,0.007662694901227951,0.025431315104166668,17085.77648827247,18132.350406634618,0.00062635877113112,31125.0,24695.07772865056,1.165620195809763,3.9152871096417905,3.7581598153470317,13.441878062447003,11.82838528315473,13.4802953138704,39.586433808260004
1494.084,1494.093,USV_1489,0.009000000000014552,5.0,35.72000000000003,True,1472.9893,1508.7093,21.094700000000103,-14.625299999999925,0.008457628078758717,0.017903645833333332,18598.307115039246,21764.975974468613,0.00039786063722183274,31218.75,22985.330924423266,1.0135089327660707,2.898105851546634,3.658020533683795,10.363627111035445,9.02566286346226,13.640520683392802,37.244638794419785
1494.512,1494.522,USV_1490,0.009999999999990905,5.0,35.72000000000003,True,1472.9893,1508.7093,21.522699999999986,-14.197300000000041,0.009349326603114605,0.017293294270833332,17923.77689634881,20588.988110831775,0.0002712267986956327,32328.125,21261.619209386557,2.9426412001929854,6.0271568612135695,2.6613501157752046,11.354655358411742,10.193602534666942,12.847024710120147,39.900007509466015
1494.711,1494.73,USV_1491,0.019000000000005457,5.0,35.72000000000003,True,1472.9893,1508.7093,21.721700000000055,-13.998299999999972,0.008493220433592796,0.034716796875,16320.521216466896,14461.961980450651,4.511495192598086e-05,30975.0,17047.287272237638,1.7568248996475777,4.567136474993885,5.123743147303052,16.826220818870212,10.886166388462554,14.453283776759136,53.462743960945794
1494.908,1494.917,USV_1492,0.009000000000014552,5.0,35.72000000000003,True,1472.9893,1508.7093,21.918699999999944,-13.801300000000083,0.009639829397201538,0.024698893229166668,17807.277235465077,20732.427373472838,0.0003108125163689196,32781.25,26136.686386871672,2.0261297875390354,2.3114978196602216,4.935239246491073,13.728027376003546,11.77097383757265,15.415331578243475,38.08769577724143
1495.964,1496.017,USV_1493,0.05300000000011096,5.0,35.72000000000003,True,1472.9893,1508.7093,22.974699999999984,-12.745300000000043,0.013467335142195225,0.016268643465909092,13019.467249202273,14687.787675955706,2.148935728918955e-05,28875.0,21193.927036315123,2.544980028998653,6.07306208788884,6.886336173793366,17.538198918894455,12.084951454027623,14.249219962538609,55.19393813151537
1496.153,1496.19,USV_1494,0.03700000000003456,5.0,35.72000000000003,True,1472.9893,1508.7093,23.163700000000063,-12.556299999999965,0.015133845619857311,0.007843017578125,14559.612095352428,16560.04539976616,6.238140545687809e-05,30515.625,26762.871520302768,2.242471222595695,6.552963904782342,5.256445279246684,15.32802303031755,10.623313701326216,14.02530411033134,52.2089662055553
1496.361,1496.386,USV_1495,0.024999999999863576,5.0,35.72000000000003,True,1472.9893,1508.7093,23.371700000000146,-12.348299999999881,0.00807202234864235,0.0299072265625,19001.306171865002,17318.165307989053,0.00025072794867348917,32742.1875,25867.24780154914,1.7564787846233525,5.310766826254791,5.053485699715282,15.482073822599064,10.424325570795766,13.964096067368828,52.60787549497519
1496.537,1496.555,USV_1496,0.018000000000029104,5.0,35.72000000000003,True,1472.9893,1508.7093,23.547700000000077,-12.17229999999995,0.010408372618258,0.03200954861111111,20070.225684075525,17690.698841128316,0.00023687031926909684,32687.5,26348.52104797429,2.245082122747046,5.676937169605525,6.45170468466798,14.029416083149982,11.094883224153882,14.715115169114092,49.618384728445484
1496.675,1496.735,USV_1497,0.05999999999994543,5.0,35.72000000000003,True,1472.9893,1508.7093,23.685699999999997,-12.03430000000003,0.008610706776380539,0.0273828125,17612.106375787327,16527.46839191012,0.0003815332520919778,32595.0,24706.467276357744,4.1368347027607,4.397789423522128,5.886258509828615,16.870285641911018,11.713935509540146,15.1983010414975,58.550573455950804
1496.849,1496.913,USV_1498,0.06400000000007822,5.0,35.72000000000003,True,1472.9893,1508.7093,23.859699999999975,-11.860300000000052,0.013329660519957542,0.015352689302884616,14273.207307634053,16825.43585292733,0.000152414532598401,31503.60576923077,27218.105219947814,1.991939755098078,8.090617097037601,4.788433606962526,16.311664156028446,11.553945334673442,13.505385677651436,54.969702914795135
1498.257,1498.271,USV_1499,0.013999999999896318,5.0,35.72000000000003,True,1472.9893,1508.7093,25.267700000000104,-10.452299999999923,0.09413967281579971,0.015167236328125,11709.40002770919,19004.99141993391,0.00021509945516000862,23109.375,30624.413400933972,1.4514635804077576,2.665573645772517,7.667502489397304,16.9569842300511,8.067126759968986,14.839768855912652,42.409195089805564
1500.748,1500.784,USV_1500,0.03600000000005821,5.0,35.72000000000003,True,1472.9893,1508.7093,27.75870000000009,-7.961299999999937,0.009972412139177322,0.018951416015625,14645.390676806312,14465.759460047848,1.8712007412511888e-05,29929.6875,22581.386941941582,2.5039479150251323,3.090556767542351,5.3305099448994095,17.648553478515744,11.018154544348873,14.217973966297425,54.97972646833697
1501.224,1501.272,USV_1501,0.04800000000000182,5.0,35.72000000000003,True,1472.9893,1508.7093,28.234699999999975,-7.485300000000052,0.014410304836928844,0.016162109375,14680.805169928417,16737.1656848511,0.00017768894945630436,30956.25,22452.837214140156,2.0182716205522047,5.870875812541754,4.4999619262481305,13.625105574962223,11.13372096146319,14.661033451076353,53.97878901286377
1502.439,1502.459,USV_1502,0.01999999999998181,5.0,35.72000000000003,True,1472.9893,1508.7093,29.44970000000012,-6.2702999999999065,0.009309733286499977,0.0384765625,19049.684737676293,19379.95995220315,0.0007680669570837004,34003.125,24541.392501529852,1.562518509947298,3.866219403356182,5.094859503407404,15.445667163117438,11.019212447643632,12.972705316830044,49.42511422808085
1503.252,1503.368,USV_1503,0.11599999999998545,5.0,35.72000000000003,True,1472.9893,1508.7093,30.262699999999995,-5.457300000000032,0.011576973833143711,0.019690472146739132,13555.545932224193,14871.376304011466,1.6549040662999366e-05,29993.885869565216,25247.542767471103,2.2438707323334,5.1858550792743285,6.270144160994809,17.959927018590243,12.282320263511169,15.364033838171697,58.78880551454202
1503.481,1503.507,USV_1504,0.026000000000067303,5.0,35.72000000000003,True,1472.9893,1508.7093,30.491700000000037,-5.22829999999999,0.00891654472798109,0.021016438802083332,15609.76707676537,17654.664657438367,0.0002226097753398797,31421.875,24328.143672857143,2.2708231019466285,3.070015336258512,5.966820378587179,17.121859870875895,10.864099277411588,13.744963918245885,50.203672084717915
1503.637,1503.717,USV_1505,0.08000000000015461,5.0,35.72000000000003,True,1472.9893,1508.7093,30.647699999999986,-5.072300000000041,0.010934622958302498,0.01964569091796875,15464.766135632079,15643.985784668548,0.00012997425703152563,31374.0234375,24467.78636970307,2.3141569094232493,4.124443015357727,5.4691301887538355,15.433833985431818,10.95481678800661,15.005178730861985,57.76826726664625
1504.176,1504.197,USV_1506,0.020999999999958163,5.0,35.72000000000003,True,1472.9893,1508.7093,31.186699999999973,-4.533300000000054,0.01414991170167923,0.0158447265625,13123.651334504993,17812.390417553488,5.997725812134842e-05,28856.25,25086.125002469496,2.5581190311028785,5.873394632339024,5.869877514922693,13.63833351080253,11.414922338720904,14.502201357377913,47.089651067201274
1504.236,1504.286,USV_1507,0.049999999999954525,5.0,35.72000000000003,True,1472.9893,1508.7093,31.246700000000146,-4.473299999999881,0.012200270779430866,0.01805478050595238,13975.57376971137,14921.464871344073,3.433602590461859e-05,29928.571428571428,23217.880399608268,3.1789807715880842,4.47918093855414,7.928512859624783,21.75097249285708,9.161532875464964,13.816043060154376,57.66444896264103
1504.853,1504.887,USV_1508,0.03399999999987813,5.0,35.72000000000003,True,1472.9893,1508.7093,31.863700000000108,-3.8562999999999192,0.010691429488360882,0.019352213541666666,14093.379491926695,16423.98188585864,6.19263221280632e-05,29956.25,25556.08668405624,2.1204765904922893,6.09225000730146,5.352974302086697,15.913948694636558,12.375953741436767,14.196483120968134,52.51689499212116
1505.015,1505.031,USV_1509,0.015999999999849024,5.0,35.72000000000003,True,1472.9893,1508.7093,32.02570000000014,-3.6942999999998847,0.00758350919932127,0.02313232421875,16497.50082111684,19506.338034542136,0.0006475128309568071,32179.6875,21396.70911558601,2.7123747312634143,4.140784025618787,6.940745728120119,17.560169935740973,10.385679812241925,15.719548332898924,46.0859828655542
1505.744,1505.786,USV_1510,0.0420000000001437,5.0,35.72000000000003,True,1472.9893,1508.7093,32.75469999999996,-2.96530000000007,0.013203910551965237,0.023301866319444444,13073.941900052623,14787.349128754398,8.040777426759015e-06,29635.416666666668,26721.568665394312,1.8498410622912402,5.785000684326551,5.680992215560813,18.179360002093496,10.595120483057748,15.829358729994071,54.38132582201646
1505.817,1505.828,USV_1511,0.010999999999967258,5.0,35.72000000000003,True,1472.9893,1508.7093,32.82770000000005,-2.8922999999999774,0.010548288933932781,0.022216796875,16813.11461097141,16301.757911281107,4.7045865466472476e-05,32156.25,24212.35913285616,1.4954270238550864,4.113607352212438,6.5193504943608405,16.157929450454443,11.163998721801184,14.115667775438267,47.36003766720737
1505.988,1506.064,USV_1512,0.07600000000002183,5.0,35.72000000000003,True,1472.9893,1508.7093,32.9987000000001,-2.7212999999999283,0.00984489917755127,0.01900359122983871,15135.971002606015,15916.680007468407,0.00017427851861175658,31303.427419354837,20336.804938974852,2.909507930857362,5.756831764142931,5.7448974425784085,16.477404381712294,11.705404266014614,15.142090406170343,56.84109264171148
1506.172,1506.196,USV_1513,0.023999999999887223,5.0,35.72000000000003,True,1472.9893,1508.7093,33.18270000000007,-2.5372999999999593,0.007819519378244877,0.017112038352272728,16309.206200191833,18018.021037599603,0.00027060967950593047,32224.43181818182,19635.31012342329,3.024739029650122,4.200581647298159,4.177100295155506,14.66343008988738,10.648109224889078,12.8434895189406,50.048243322650755
1506.311,1506.391,USV_1514,0.08000000000015461,5.0,35.72000000000003,True,1472.9893,1508.7093,33.321699999999964,-2.398300000000063,0.015309994108974934,0.01764678955078125,13869.130172745648,14308.827293389293,4.327376546602749e-05,29712.890625,23585.06629924763,1.9538718090318026,6.223625760979762,9.153005066202994,20.317730411761733,11.81192016902515,14.135448883899443,59.20022495792531
1506.488,1506.51,USV_1515,0.021999999999934516,5.0,35.72000000000003,True,1472.9893,1508.7093,33.4987000000001,-2.2212999999999283,0.011657040566205978,0.01617986505681818,17363.999946169308,20273.230992211997,0.0009494083083450799,34159.09090909091,26202.133357575894,2.305795836308135,3.41258082533794,6.27244196153677,14.668213902968773,12.335050039102283,14.550492060967,47.87932107362348
1506.577,1506.704,USV_1516,0.1269999999999527,5.0,35.72000000000003,True,1472.9893,1508.7093,33.58770000000004,-2.1322999999999865,0.012314176186919212,0.03865234375,17759.14814418992,14685.914057114505,5.972885882042281e-05,32718.75,27066.769461946467,2.478105849576266,4.569068116632381,7.417476262642285,19.42072835170097,10.894934637315648,15.33473846117349,61.166810380531196
1506.92,1506.972,USV_1517,0.05199999999990723,5.0,35.72000000000003,True,1472.9893,1508.7093,33.930700000000115,-1.789299999999912,0.00883997231721878,0.03382457386363636,17713.0014963733,15851.9642391757,0.00010364280712645406,32296.875,27569.48679915456,2.130993546771231,5.505949923960122,4.916568722170852,14.643609788431597,11.42814937853887,12.727571817707702,56.7287422757421
1507.056,1507.112,USV_1518,0.05600000000004002,5.0,35.72000000000003,True,1472.9893,1508.7093,34.06670000000008,-1.6532999999999447,0.009188724681735039,0.024817425271739132,14182.674717478494,14290.939583541238,5.0156286000602885e-05,29812.5,22332.726277316953,2.211115600065632,5.269622674520778,4.525549968501191,18.64107222732746,11.207698468621446,15.384762122122902,57.926087409622774
1507.301,1507.313,USV_1519,0.012000000000170985,5.0,35.72000000000003,True,1472.9893,1508.7093,34.31169999999997,-1.4083000000000538,0.006106268614530563,0.031529017857142856,19552.043144674488,22639.4090267387,0.0009516352426103931,33857.142857142855,24664.281883277206,1.391026916422194,1.6806551267813448,5.923443419916297,14.992224982602336,10.669117149475062,13.659012570729564,41.487401180019496
1507.449,1507.457,USV_1520,0.008000000000038199,5.0,35.72000000000003,True,1472.9893,1508.7093,34.45970000000011,-1.2602999999999156,0.009731188416481018,0.01572265625,21190.546987125133,25427.666502550866,0.0013887070103986428,38737.5,28695.31481859077,4.531312422181168,5.483814856889431,4.568249096302051,10.16939619906365,8.140367866006162,11.301786443764623,34.43022110532364
1507.567,1507.597,USV_1521,0.029999999999972715,5.0,35.72000000000003,True,1472.9893,1508.7093,34.57770000000005,-1.1422999999999774,0.008173392154276371,0.0257568359375,15530.86454922506,15814.393370384281,8.055129247567224e-05,31767.85714285714,20970.982095531257,2.1415924921786,4.886391479751458,5.854665226839342,17.39276182503563,11.26667037064666,13.917107374259801,52.76705192225843
1508.118,1508.214,USV_1522,0.09600000000000364,5.0,35.72000000000003,True,1472.9893,1508.7093,35.12869999999998,-0.5913000000000466,0.01375869195908308,0.025262129934210526,15797.827229926485,13741.68148542721,2.272809027281206e-05,29171.052631578947,22319.421585068423,3.3673502883239763,5.328359916601345,6.17510811565315,19.405825240855567,11.573345753558549,15.225871316985144,60.726147882645556
1508.324,1508.446,USV_1523,0.12199999999984357,5.0,35.72000000000003,True,1472.9893,1508.7093,35.33470000000011,-0.3852999999999156,0.011687849648296833,0.023381551106770832,15770.923504822422,14822.97453327053,2.941351188810743e-05,30916.015625,23883.510565089,4.19776920229905,5.8142284445451695,5.456292424841361,16.821150953768264,11.80095645994709,14.81736932083085,59.76043504356935
1508.616,1508.749,USV_1524,0.1330000000000382,5.0,35.72000000000003,True,1472.9893,1508.7093,35.62670000000003,-0.09329999999999927,0.015146315097808838,0.034475473257211536,16160.1271046069,13678.551453985881,3.0998273471558424e-05,30025.240384615383,23018.143543851613,2.5297181465743686,5.72745834944952,7.837470118185787,20.862507999086162,11.684012198728807,16.45272552091973,62.35091631034814
1508.862,1508.932,USV_1525,0.06999999999993634,5.0,35.72000000000003,False,1472.9893,1508.7093,35.87270000000012,0.15270000000009532,0.012589480727910995,0.022149447737068964,13732.001907434173,14916.074552560913,4.966948604049139e-05,29114.224137931036,23528.43841698842,1.8277378201958803,4.688778975291013,7.9812631241390495,18.492119299185713,10.612234830476094,14.973456046549087,56.49703178333017
1509.678,1509.729,USV_1526,0.05099999999993088,5.0,35.72000000000003,False,1472.9893,1508.7093,36.68870000000015,0.9687000000001262,0.011344184167683125,0.025785900297619048,14013.18676512672,15786.841054992572,0.00020589274222613903,29714.285714285714,21692.47753545044,1.747828188755688,4.70286717546033,7.055170414635856,15.181314464192564,11.851449741788436,15.036610619033251,57.95372630098838
1509.887,1509.919,USV_1527,0.032000000000152795,5.0,35.72000000000003,False,1472.9893,1508.7093,36.897699999999986,1.177699999999959,0.01086338609457016,0.023193359375,14394.141519987488,14264.225336562919,1.3561685812148796e-05,29263.39285714286,23988.40045547078,2.768364529051212,3.2486765281286374,6.4162994373807125,16.943341654512597,11.509652022555105,16.31209482064542,55.962106873648615
1510.562,1510.582,USV_1528,0.020000000000209184,5.0,35.72000000000003,False,1472.9893,1508.7093,37.57269999999994,1.8526999999999134,0.010087698698043823,0.016455078125,15463.026386364218,19337.759688187096,0.00021404347928393586,30637.5,25172.370789020926,2.0912007606434826,3.3458806301155604,4.785853574358859,12.729581761586362,9.889651260705723,13.936525513762145,46.91057338798722
1510.956,1510.965,USV_1529,0.009000000000014552,5.0,35.72000000000003,False,1472.9893,1508.7093,37.966699999999946,2.246699999999919,0.009733139537274837,0.01123046875,16461.33064110372,22032.351580227052,0.00026159975988598156,32468.75,26625.618027868535,2.0925072547804873,2.373432348808427,5.473183099289687,17.162289365646757,9.951309092322402,12.239790747019326,36.4909732965664
1511.017,1511.032,USV_1530,0.01499999999987267,5.0,35.72000000000003,False,1472.9893,1508.7093,38.027700000000095,2.307700000000068,0.005681758280843496,0.047882080078125,20843.465328278537,19314.616011735918,0.0013903405158104713,38308.59375,24199.53046892464,1.895117174465231,3.8814899327799584,3.964779782571947,16.430249306061363,12.480328178587072,13.508255991257691,46.69966024065056
1511.068,1511.119,USV_1531,0.05099999999993088,5.0,35.72000000000003,False,1472.9893,1508.7093,38.078700000000026,2.358699999999999,0.012867433950304985,0.009358723958333334,13904.099295151638,15206.914467155122,3.186107446291681e-05,30125.0,22368.269452362132,3.0422565114019284,5.687250060660791,5.243936045881675,14.900659400893929,11.98319057454901,14.81048704392839,56.662109649742305
1512.125,1512.165,USV_1532,0.03999999999996362,5.0,35.72000000000003,False,1472.9893,1508.7093,39.13570000000004,3.4157000000000153,0.010076791048049927,0.023911420036764705,13989.173563224538,15249.147317107205,0.00011257829561581342,30937.5,21844.98152336531,2.524044425670507,2.953311028718961,5.192992175969251,15.473302676035686,11.312431791593141,15.797976441967137,54.35932066965386
1512.528,1512.569,USV_1533,0.04099999999993997,5.0,35.72000000000003,False,1472.9893,1508.7093,39.53870000000006,3.8187000000000353,0.008230510167777538,0.035400390625,17265.2636897212,16550.997958378503,0.00020277602735545972,32421.875,19399.274847673638,4.281158190712093,4.942723839730395,7.190758305975491,15.155848803992557,10.916693286694834,15.14722343158115,55.55821574861057
1512.771,1512.899,USV_1534,0.12799999999992906,5.0,35.72000000000003,False,1472.9893,1508.7093,39.7817,4.061699999999973,0.013814692385494709,0.0255078125,14541.070546508772,13617.642659907136,0.00014847251286470524,28498.125,18391.179815164433,3.4003759823929465,6.897847194942183,6.68098347181229,18.114383378082472,11.515009634542762,14.980315970645211,60.759135669216
1512.95,1513.052,USV_1535,0.10199999999986176,5.0,35.72000000000003,False,1472.9893,1508.7093,39.96070000000009,4.240700000000061,0.010525473393499851,0.02156178544207317,14130.051301396035,14673.276652173003,0.00010200879088810211,29641.006097560974,21608.478997132304,2.505130109426723,6.105444591425136,5.317278279678926,16.452755588182566,10.409267128039062,15.326549147014832,58.539598665956206
1513.155,1513.178,USV_1536,0.023000000000138243,5.0,35.72000000000003,False,1472.9893,1508.7093,40.165700000000015,4.445699999999988,0.03152451291680336,0.004727450284090909,10032.61096384037,14817.287250944333,1.2098939618771153e-05,26096.590909090908,28068.682343445613,3.0531757327952493,5.855574489499821,6.2139473470214455,13.183368087104077,10.811626912557331,16.407835417234203,47.083808605788676
1513.502,1513.56,USV_1537,0.057999999999992724,5.0,35.72000000000003,False,1472.9893,1508.7093,40.512699999999995,4.792699999999968,0.02252216637134552,0.023111979166666668,11067.309246786064,13091.945702596457,3.3169147979814085e-05,22937.5,20398.849039109933,2.4923976052334393,3.1972684676388123,5.305813129680448,13.56914822091757,11.401093300199648,15.771997834539476,58.90056060860737
1513.665,1513.749,USV_1538,0.08400000000006003,5.0,35.72000000000003,False,1472.9893,1508.7093,40.675700000000006,4.955699999999979,0.012670986354351044,0.01729090073529412,14171.796080924894,14396.943416986947,3.780918614035234e-05,29159.007352941175,23756.588725807407,3.0570588664461704,4.5131795129657055,6.972489473527157,14.953721728793143,11.089545948897566,15.204758983787348,58.80479330222212
1513.888,1513.963,USV_1539,0.07500000000004547,5.0,35.72000000000003,False,1472.9893,1508.7093,40.89869999999996,5.178699999999935,0.009571262635290623,0.025099231350806453,15475.359420956342,16179.020600213773,0.00010804504960134525,31968.75,24562.336184236516,3.196150473025229,5.67396437695331,4.857415758028876,16.19133331805289,11.105446640949076,13.83689480283287,56.42733160769802
1514.273,1514.295,USV_1540,0.02200000000016189,5.0,35.72000000000003,False,1472.9893,1508.7093,41.28369999999995,5.563699999999926,0.0073071676306426525,0.02179509943181818,16288.839028487595,17850.505984680345,0.0004526375252902864,31338.06818181818,16840.482050533887,1.7975382293411022,3.997858360162845,6.461789875028121,16.546176716640485,10.186457906825497,13.900521039026986,49.78039284523784
1514.459,1514.595,USV_1541,0.13599999999996726,5.0,35.72000000000003,False,1472.9893,1508.7093,41.4697000000001,5.749700000000075,0.013706349767744541,0.01823684404481132,13830.572372276847,15027.708482294174,2.8624217593746802e-05,30907.42924528302,26162.782822136727,2.4508915315563096,4.999067819239337,7.141396107011219,19.68162581753129,12.514791675620286,14.142002116828126,59.551518106386126
1514.721,1514.866,USV_1542,0.1449999999999818,5.0,35.72000000000003,False,1472.9893,1508.7093,41.731700000000046,6.011700000000019,0.012253724969923496,0.02948961759868421,16521.210067018565,15083.81902251817,9.793028248841918e-05,32370.065789473683,25543.47716925181,2.843002957855104,3.9009543530604347,6.19477612796843,16.99317045474384,11.38360258616727,16.969850078649298,61.19625141244644
1514.902,1514.962,USV_1543,0.05999999999994543,5.0,35.72000000000003,False,1472.9893,1508.7093,41.912700000000086,6.192700000000059,0.011916007846593857,0.012958984375,13898.709650307523,15333.539315546159,0.0001109322852079607,29816.25,22409.354490390044,2.416273369451237,5.082725192442074,7.87556476359368,18.720141757661334,10.314951334346393,16.392922435252807,57.53253829234999
1515.025,1515.065,USV_1544,0.03999999999996362,5.0,35.72000000000003,False,1472.9893,1508.7093,42.03570000000013,6.315700000000106,0.009720002301037312,0.018712660845588234,16569.48296901799,16521.93883791288,0.000291026185142429,32536.764705882353,27330.818113469963,2.8801805134337557,5.642689859414616,6.831137074156914,16.48846324269806,11.864354899435126,16.768055306555844,55.641853932577604
1515.48,1515.519,USV_1545,0.03899999999998727,5.0,35.72000000000003,False,1472.9893,1508.7093,42.49070000000006,6.7707000000000335,0.009541247971355915,0.02737247242647059,17093.205720594666,15755.413676700942,0.00012177935292720848,30943.014705882353,24917.312810788662,2.0779331193867074,4.342846627431263,6.0316937270737565,16.6537798823328,10.242921252867044,15.307843277478572,55.201828842287235
1516.063,1516.105,USV_1546,0.041999999999916326,5.0,35.72000000000003,False,1472.9893,1508.7093,43.073700000000144,7.353700000000117,0.01162729412317276,0.0189208984375,15222.075928474615,17713.082971693264,0.0003203326623466549,33000.0,29803.10784161316,2.3801203709079655,4.38309238627939,4.976350653789582,14.362551943032347,11.609204686529488,15.425991451746265,52.65971985232422
1516.263,1516.343,USV_1547,0.08000000000015461,5.0,35.72000000000003,False,1472.9893,1508.7093,43.27369999999996,7.553699999999935,0.009657219052314758,0.032989501953125,16591.00506042783,15498.527246613088,0.00012308539071285323,31628.90625,25016.05087003811,2.198259099640918,4.62446431888778,6.36050136069807,17.621268049959895,12.284720349144457,13.90446412368745,58.63806859112113
1516.687,1516.771,USV_1548,0.08400000000006003,5.0,35.72000000000003,False,1472.9893,1508.7093,43.69769999999994,7.977699999999913,0.01093197800219059,0.0380859375,17345.08160563928,14590.58731383631,2.8910213352636755e-05,31406.25,24895.26544331471,1.8037014973277423,5.351766941018295,5.938410502645896,16.36734245518606,10.982784899899585,16.16932697283541,59.99937732738966
1516.905,1516.925,USV_1549,0.01999999999998181,5.0,35.72000000000003,False,1472.9893,1508.7093,43.915700000000015,8.195699999999988,0.012182528153061867,0.0193359375,18756.58758431051,19483.928703776797,0.0002876752865142473,32812.5,24736.726142142983,2.104285650760238,4.4438089661502405,5.996843255889848,14.81300697152829,10.20190607672843,12.417194473919215,48.783856794127345
1517.074,1517.108,USV_1550,0.03399999999987813,5.0,35.72000000000003,False,1472.9893,1508.7093,44.08470000000011,8.364700000000084,0.008977869525551796,0.022102864583333333,16056.810650691565,17638.481454090655,0.0004964453126460549,33268.75,26545.76232247215,2.056356328133445,4.229608833442499,3.938427885683774,16.371947099956387,11.80883572519117,16.313286970590934,53.04329752862869
1517.2,1517.213,USV_1551,0.012999999999919964,5.0,35.72000000000003,False,1472.9893,1508.7093,44.21070000000009,8.49070000000006,0.012289616279304028,0.0166015625,16992.87329561024,17766.760325977066,0.00016972445814887474,30870.535714285714,24321.38716702062,2.267291375667129,4.78036028252182,9.157075872435499,18.166424718034087,11.020996228084325,13.704767832402208,45.07862256043869
1517.256,1517.271,USV_1552,0.01499999999987267,5.0,35.72000000000003,False,1472.9893,1508.7093,44.26670000000013,8.5467000000001,0.013471104204654694,0.022186279296875,16596.652893623585,19550.230891939842,0.00025282615648829476,32121.09375,25158.179879575793,2.393762085437772,5.446932351115331,6.2239878498881165,15.565281313746393,10.832800078915579,13.448969994782683,43.985302555435105
1517.343,1517.447,USV_1553,0.10399999999981446,5.0,35.72000000000003,False,1472.9893,1508.7093,44.35370000000012,8.63370000000009,0.011953314766287804,0.028707364710365852,16066.747176349496,14790.761755417769,4.1113991089386914e-05,31438.26219512195,23982.31704953619,2.3529513099148898,4.2265773658999555,6.789454375442579,18.2958934040453,11.061287170632552,15.078073424579301,59.99243441118828
1517.591,1517.702,USV_1554,0.11100000000010368,5.0,35.72000000000003,False,1472.9893,1508.7093,44.60169999999994,8.88169999999991,0.012241021730005741,0.020646528764204544,14001.797833151446,14686.475453172128,8.123064803588539e-05,29473.721590909092,22672.88073701258,2.6689195481855013,5.370189076566291,5.22302624535453,15.535766294031719,11.931336707491198,16.147627392688136,58.367534363451426
1517.731,1517.775,USV_1555,0.044000000000096406,5.0,35.72000000000003,False,1472.9893,1508.7093,44.74170000000004,9.02170000000001,0.01123665552586317,0.014481393914473685,14461.3546807568,17485.914057326765,0.00024717299229226863,30893.092105263157,22266.355628387846,2.3031532547387763,3.9027695377428198,5.714607309291794,17.397600141852543,10.284147298245818,14.821139835528902,54.08708208264212
1517.941,1517.983,USV_1556,0.041999999999916326,5.0,35.72000000000003,False,1472.9893,1508.7093,44.95170000000007,9.231700000000046,0.010466300882399082,0.0157470703125,14966.623228125503,16202.121247343159,0.00012842583954282024,31317.708333333332,24804.24599491315,2.1486754234520387,6.120754797666357,6.148827501851614,15.90866542371189,12.446679943833361,13.961945425918262,54.796348932389115
1518.037,1518.051,USV_1557,0.013999999999896318,5.0,35.72000000000003,False,1472.9893,1508.7093,45.04770000000008,9.32770000000005,0.007681596092879772,0.023681640625,15627.096794137107,17749.78659433011,0.0003231690124339739,30714.84375,25648.642095698473,2.725700037115567,2.789866833040043,6.153034110984276,15.53572155139774,10.395679364365472,15.824227848427576,46.371915163481795
1518.285,1518.33,USV_1558,0.044999999999845386,5.0,35.72000000000003,False,1472.9893,1508.7093,45.295700000000124,9.575700000000097,0.009780220687389374,0.021227384868421052,15078.302189277252,15737.338691215837,9.890838856982503e-05,30828.947368421053,26171.941014339365,3.4144153138795983,5.185492762572701,5.745889477178269,15.419368671234023,9.395844499214475,15.272670117321766,55.70397028379758
1518.403,1518.499,USV_1559,0.09600000000000364,5.0,35.72000000000003,False,1472.9893,1508.7093,45.41370000000006,9.693700000000035,0.01356127392500639,0.02744654605263158,14233.869956840981,14314.501274395672,3.215154499664919e-05,29810.032894736843,22324.04053970163,2.3614324871314754,4.718965699942807,7.5171688650120485,18.320391899292463,10.685801079606582,15.245431278462448,60.40720330161709
1518.599,1518.686,USV_1560,0.08699999999998909,5.0,35.72000000000003,False,1472.9893,1508.7093,45.609699999999975,9.889699999999948,0.009938595816493034,0.023821149553571428,14923.539194046116,15257.517935844508,0.00012469762727790115,31025.89285714286,23825.816151429495,2.371377770901593,5.234102063113385,5.948038299815302,17.71769281096789,11.16477627236492,15.374020051350586,58.58664126999082
1519.035,1519.18,USV_1561,0.1449999999999818,5.0,35.72000000000003,False,1472.9893,1508.7093,46.045700000000124,10.325700000000097,0.012296359054744244,0.030453330592105265,16333.256197282459,15185.95146639206,1.999117264259491e-05,32953.94736842105,24003.860774547247,2.9437919589171266,5.414362703628274,5.841410537344423,17.597412088515178,11.901704349632594,15.64067614233316,61.824104130131374
1519.622,1519.638,USV_1562,0.015999999999849024,5.0,35.72000000000003,False,1472.9893,1508.7093,46.63270000000011,10.912700000000086,0.018751278519630432,0.017730712890625,14347.230749437053,19436.040655137997,0.00019757443651997954,30714.84375,23034.25631097575,2.192552287728535,2.9474371616624513,8.069467957432835,15.788997727492788,8.945751567603967,16.2172285689636,44.40682516727098
1520.139,1520.22,USV_1563,0.08100000000013097,5.0,35.72000000000003,False,1472.9893,1508.7093,47.14969999999994,11.429699999999912,0.008752149529755116,0.022142814867424244,15732.942505906916,15709.219955598293,0.00025061957164387204,31275.56818181818,19928.002562208658,3.038333365944887,4.905181526346605,5.339189142691019,17.631557320471998,11.829462057252782,14.726331758607712,57.87834206157152
1520.31,1520.424,USV_1564,0.11400000000003274,5.0,35.72000000000003,False,1472.9893,1508.7093,47.32069999999999,11.60069999999996,0.013004522770643234,0.05413953993055556,17869.538407625547,13272.381131003569,8.560464162793571e-06,31683.333333333332,23490.794051910827,2.094861838366799,6.15591437926117,5.834722194967738,17.03397140658121,10.07944200149821,16.07598277367717,62.41089747601453
1520.519,1520.61,USV_1565,0.0909999999998945,5.0,35.72000000000003,False,1472.9893,1508.7093,47.52970000000005,11.80970000000002,0.011777750216424465,0.035271538628472224,16526.395805761964,14811.911907279216,4.271398836046298e-05,31476.5625,23888.395916639376,2.1649915438989775,4.6683375210933855,5.403391005478498,16.86501529187135,10.94031565347804,15.309831804183391,60.579016757747205
1520.642,1520.687,USV_1566,0.044999999999845386,5.0,35.72000000000003,False,1472.9893,1508.7093,47.652700000000095,11.932700000000068,0.009860402904450893,0.01953125,15657.463318671951,16253.50623663526,0.00018307602633843104,31652.96052631579,21630.154760196117,2.027786611294172,6.329828205170787,5.5924146718219445,16.921859167793105,10.563006994434705,15.109548754580697,55.96395130627569
1521.034,1521.073,USV_1567,0.03899999999998727,5.0,35.72000000000003,False,1472.9893,1508.7093,48.04470000000015,12.32470000000012,0.008465846069157124,0.03456744025735294,15772.531701279106,14339.704072302458,5.7985550006233525e-05,30419.117647058825,24425.351980123392,2.2183471375129815,3.276570626083397,6.238168782270653,16.564557798670737,10.628632303076806,16.00157693707785,56.59320426280638
1521.181,1521.194,USV_1568,0.012999999999919964,5.0,35.72000000000003,False,1472.9893,1508.7093,48.19170000000008,12.471700000000055,0.007765267975628376,0.027727399553571428,16660.145149184023,18938.618056707808,0.0007537356205029158,31781.25,22589.14571541812,2.567317182962931,3.309196807273943,9.321580538782097,17.54488866742464,10.438912779615135,15.066378302765935,42.60177553083941
1521.687,1521.708,USV_1569,0.021000000000185537,5.0,35.72000000000003,False,1472.9893,1508.7093,48.69769999999994,12.977699999999913,0.013931231573224068,0.009033203125,15319.438110591364,16696.906891352097,0.00011542637433479529,28265.625,21006.96743516076,2.4535645902408385,2.523597867971208,5.433930789560116,13.366872863372212,10.47529982760496,14.263415302757164,49.44390476677525
1521.74,1521.795,USV_1570,0.055000000000063665,5.0,35.72000000000003,False,1472.9893,1508.7093,48.75070000000005,13.030700000000024,0.0111915348097682,0.028352156929347828,15398.430212392495,14799.567549594838,9.09838688864866e-05,29290.760869565216,19426.53424006736,2.726097178428704,3.510690020245955,6.649698974865545,18.310585448090404,10.646593535646234,15.707854777529956,58.04588361548309
1521.848,1521.955,USV_1571,0.1069999999999709,5.0,35.72000000000003,False,1472.9893,1508.7093,48.8587,13.138699999999972,0.01014381181448698,0.03793480282738095,16819.362513730426,15039.033652330803,6.189697541085286e-05,32622.76785714286,25401.907296719084,3.1180548082966144,4.094468568318225,6.183373912234951,16.52837063006454,11.317930862158219,14.714445859739712,62.045349496195094
1522.084,1522.214,USV_1572,0.12999999999988177,5.0,35.72000000000003,False,1472.9893,1508.7093,49.0947000000001,13.374700000000075,0.012840106151998043,0.03126914828431373,16587.711338573252,14366.553179625682,0.00028208178694332496,31165.441176470587,25790.78281464082,2.566440922893487,5.294325104989723,6.102345914843584,16.786063779808025,11.345828613107647,15.461283965479865,61.43894901226649
1522.612,1522.701,USV_1573,0.08899999999994179,5.0,35.72000000000003,False,1472.9893,1508.7093,49.62270000000012,13.902700000000095,0.014961142092943192,0.023505316840277776,15444.484820378879,15473.980011920325,0.00023088550307914454,30536.458333333332,26957.96473589879,2.309396187545483,5.707500022579286,8.097377550198011,18.28454733968795,10.459158921729191,15.166519635889557,58.502480135702136
1522.841,1522.954,USV_1574,0.11300000000005639,5.0,35.72000000000003,False,1472.9893,1508.7093,49.85169999999994,14.13169999999991,0.015479112043976784,0.03543294270833333,16935.346329125903,14705.86949623468,0.00016397149858664886,31370.833333333332,24022.7524310596,2.7260072826091704,5.545667111258159,7.549157855660101,19.184271624737384,10.576484832751627,14.990599272098759,61.66597606035296
1522.999,1523.026,USV_1575,0.027000000000043656,5.0,35.72000000000003,False,1472.9893,1508.7093,50.009700000000066,14.289700000000039,0.008731571957468987,0.019775390625,13940.475112649581,16840.7457683699,0.0001683782434751576,30158.653846153848,23228.88057442895,0.7002951314270665,5.553954065783728,6.497498777688947,18.10376412680168,11.439397510667117,14.645571207233443,51.249346476044096
1523.134,1523.276,USV_1576,0.14200000000005275,5.0,35.72000000000003,False,1472.9893,1508.7093,50.14470000000006,14.42470000000003,0.014782401733100414,0.042994907924107144,16703.63837107781,13772.736161505716,2.5718804128385166e-05,30574.21875,22624.07155310292,2.5594188416253068,4.527694100543115,6.672782797849351,18.32767058434494,9.71554965323838,16.223786967585315,62.778594048332536
1523.328,1523.415,USV_1577,0.08699999999998909,5.0,35.72000000000003,False,1472.9893,1508.7093,50.33870000000002,14.61869999999999,0.010790918953716755,0.026039341517857143,15207.348521771471,15066.41824214659,9.817672660820244e-05,30618.75,22938.825534294152,2.7103203813285104,3.2639504170322127,6.648038943981359,16.028192750006085,9.996559089708553,14.920717597320602,58.35690413909347
1523.575,1523.591,USV_1578,0.015999999999849024,5.0,35.72000000000003,False,1472.9893,1508.7093,50.58570000000009,14.86570000000006,0.008812874555587769,0.02197265625,17421.760051877936,17484.984781096467,0.0005101289494618912,31242.1875,18507.471022815193,1.4845568564817044,3.4990026445801403,5.010260211136516,14.908950692469201,8.42238207620773,13.813038615744459,47.32680734742972
1523.718,1523.741,USV_1579,0.02299999999991087,5.0,35.72000000000003,False,1472.9893,1508.7093,50.72870000000012,15.00870000000009,0.010953751392662525,0.027121803977272728,16416.91054769796,18233.60605302663,0.00024769296074972217,30605.113636363636,26527.88995123281,2.768963853165063,7.14871729242924,3.9782633317124696,13.158748851066667,9.935613623103073,14.777655874362198,49.087844461416246
1523.822,1523.932,USV_1580,0.11000000000012733,5.0,35.72000000000003,False,1472.9893,1508.7093,50.83269999999993,15.112699999999904,0.01430350262671709,0.041215376420454544,17637.320525658884,13999.302828273916,3.7929748287549e-05,31446.732954545456,25088.271826545195,2.7076121194293408,5.641045136071481,6.529540749604272,17.205709793676142,10.070005726655777,15.585871461075595,62.62790376066202
1524.029,1524.073,USV_1581,0.044000000000096406,5.0,35.72000000000003,False,1472.9893,1508.7093,51.03970000000004,15.319700000000012,0.00808352418243885,0.036107113486842105,19708.002477705162,17379.15615667517,0.0011412874741218374,34460.52631578947,26400.32873202195,3.5138145353750474,4.318657892868013,4.735101309334993,14.935274940623216,11.104777933897854,14.43196967516783,56.10323790179831
1524.106,1524.221,USV_1582,0.1150000000000091,5.0,35.72000000000003,False,1472.9893,1508.7093,51.11670000000004,15.39670000000001,0.012850048951804638,0.053838315217391304,17752.89814380838,15321.966351897248,3.614595843221926e-05,33807.065217391304,23968.41420741661,2.3137592379291614,5.384342927216605,6.215342472658723,16.689995565508905,11.277014709259813,14.7985910344442,61.59980950683502
1524.349,1524.408,USV_1583,0.05899999999996908,5.0,35.72000000000003,False,1472.9893,1508.7093,51.359699999999975,15.639699999999948,0.01592542789876461,0.04473876953125,16482.555513680374,12837.988170158054,5.057938370315516e-05,28972.65625,22620.858494960175,2.5929099695683497,5.3544228351377114,6.2286329073035605,19.756632691102247,10.878640231230555,15.363631616118004,63.46189525260403
1524.52,1524.607,USV_1584,0.08699999999998909,5.0,35.72000000000003,False,1472.9893,1508.7093,51.530700000000024,15.810699999999997,0.015838108956813812,0.04720982142857143,18013.080383356286,13485.935423274834,8.041702767941934e-05,31087.5,26116.47785785583,2.4310512713423544,4.751230135162842,7.490904687367616,19.140045286567975,11.307531474293588,16.301718823135765,62.26302575243247
1524.748,1524.819,USV_1585,0.07099999999991269,5.0,35.72000000000003,False,1472.9893,1508.7093,51.75870000000009,16.038700000000063,0.013658752664923668,0.032538052262931036,17746.62445305713,14743.69752570692,8.296135366605757e-05,31231.681034482757,25529.0309215405,2.844223621521211,6.181501010352411,7.141809796515767,16.90228421822068,9.379512983440694,15.8211168719462,61.032679813636335
1524.891,1524.975,USV_1586,0.08399999999983265,5.0,35.72000000000003,False,1472.9893,1508.7093,51.90170000000012,16.18170000000009,0.013299830257892609,0.030452952665441176,17630.73114993003,15011.515101658426,0.00016247959016650642,31839.154411764706,25978.704594885137,2.3669942372482278,4.59988871116906,5.546646661605976,18.089648547877022,10.210348832074075,14.816803052395201,59.01332120551073
1525.364,1525.403,USV_1587,0.03899999999998727,5.0,35.72000000000003,False,1472.9893,1508.7093,52.374700000000075,16.654700000000048,0.008959506638348103,0.024299172794117647,16599.322332333035,17592.56169610934,0.0006287214396335057,32487.132352941175,27512.489435943502,4.511582445161805,6.044303135575971,4.274437169327499,14.570247018591559,11.40163203481345,15.197763199942514,54.4549720208817
1525.488,1525.582,USV_1588,0.09400000000005093,5.0,35.72000000000003,False,1472.9893,1508.7093,52.4987000000001,16.77870000000007,0.010474524460732937,0.045506527549342105,17741.583799456053,15137.382378733537,3.959598453750476e-05,33599.50657894737,23143.138592276944,3.0450041042980733,6.167068391095012,4.716136140767016,16.523007255935898,10.923733218665213,14.65197077609556,60.38036825546631
1526.305,1526.406,USV_1589,0.1009999999998854,5.0,35.72000000000003,False,1472.9893,1508.7093,53.315700000000106,17.59570000000008,0.011013602837920189,0.0296875,15867.427210361615,14291.164146626887,3.705041870117978e-05,29285.15625,24641.927210513,2.783441215275793,4.707876533488571,7.728681217973227,18.923664755509144,10.780807891740423,16.340860320438217,61.63572575964084
1526.539,1526.588,USV_1590,0.04899999999997817,5.0,35.72000000000003,False,1472.9893,1508.7093,53.54970000000003,17.829700000000003,0.012055961415171623,0.026250930059523808,15022.312142111985,15323.501991759947,0.00028781599888208747,28848.214285714286,21974.874656500135,3.3958365267134716,5.767585614919354,8.18959707575166,18.03046428587343,10.116843258967265,16.29742283815597,56.51179065046434
1526.738,1526.848,USV_1591,0.10999999999989996,5.0,35.72000000000003,False,1472.9893,1508.7093,53.7487000000001,18.02870000000007,0.010364657267928123,0.02844793146306818,14906.927010743064,14440.550981211878,2.7937581787095432e-05,30296.164772727272,23806.89923766511,3.1581159111583745,4.660148855868239,7.42945509458276,19.308079638325726,10.493337745322393,16.142097417650977,60.08027631140392
1526.954,1527.018,USV_1592,0.06400000000007822,5.0,35.72000000000003,False,1472.9893,1508.7093,53.96469999999999,18.244699999999966,0.010819635353982449,0.016263521634615384,12849.62431762631,14783.674320233411,8.377057717410086e-05,28427.884615384617,19154.052070433856,1.8974491914240101,3.331832779508331,6.163767834892615,18.41053051740096,11.03737547171102,14.53246187399144,57.68101246343674
1527.353,1527.444,USV_1593,0.0909999999998945,5.0,35.72000000000003,False,1472.9893,1508.7093,54.36370000000011,18.64370000000008,0.011200294829905033,0.015374077690972222,13181.93990528276,14588.532234108412,8.766017046109025e-05,28846.354166666668,23140.308554024647,2.5864482553782233,4.05341278293188,6.615295826447897,17.51042902317248,10.46953807893666,15.242480474100843,59.391682741738805
1527.983,1528.1,USV_1594,0.1169999999999618,5.0,35.72000000000003,False,1472.9893,1508.7093,54.99369999999999,19.273699999999963,0.010714120231568813,0.05599312160326087,17666.90603447563,14369.664854962577,3.2462606364048757e-05,33144.70108695652,23493.78961786946,3.092655551276672,5.744670060356097,5.5799000903448706,16.90516340697819,12.720105616810676,14.991907189219527,62.943206156587344
1528.273,1528.291,USV_1595,0.018000000000029104,5.0,35.72000000000003,False,1472.9893,1508.7093,55.28369999999995,19.563699999999926,0.006709159351885319,0.029812282986111112,16900.000157672162,18880.955529052317,0.0012640189363178204,32979.166666666664,27298.594156487237,1.8845872935302532,3.384344585599589,5.714539769550067,17.8161296094483,10.592025335223292,14.651882023296102,47.49654986404555
1528.488,1528.497,USV_1596,0.009000000000014552,5.0,35.72000000000003,False,1472.9893,1508.7093,55.4987000000001,19.77870000000007,0.007952944375574589,0.022867838541666668,20132.262918749748,23971.33146927479,0.0007613730464922334,33781.25,26515.963756452944,1.620918900791806,4.459531407586355,4.2452730418228475,7.822321795062013,6.754663662669621,12.087555370877853,36.406748263450204
1528.599,1528.607,USV_1597,0.008000000000038199,5.0,35.72000000000003,False,1472.9893,1508.7093,55.609699999999975,19.889699999999948,0.009205438196659088,0.016064453125,15206.998533867358,17988.409539292745,0.0002843691930309318,29681.25,16465.32405681532,2.102243625224135,3.1537093252720103,4.281364309015482,15.353345147900253,7.967000672417704,9.452613530992323,37.123046072855644
1528.878,1528.925,USV_1598,0.047000000000025466,5.0,35.72000000000003,False,1472.9893,1508.7093,55.88869999999997,20.168699999999944,0.00847619492560625,0.020703125,15072.066874653197,16750.488062265104,0.00021481442031425993,31954.6875,22175.063085099573,2.852254591018162,5.137046145397795,5.695323658425042,16.009314623805807,10.85157559440609,15.014941422982076,55.293237358677786
1529.061,1529.081,USV_1599,0.01999999999998181,5.0,35.72000000000003,False,1472.9893,1508.7093,56.071699999999964,20.351699999999937,0.010934896767139435,0.019677734375,16867.598296616645,20994.20415188931,0.0011044254622817236,32531.25,22603.249950600504,1.5912832846070755,5.020361476194763,5.675573548511767,16.09130724707589,9.322229678781568,13.509630296778145,45.670283403237804
1529.146,1529.276,USV_1600,0.13000000000010914,5.0,35.72000000000003,False,1472.9893,1508.7093,56.1567,20.436699999999973,0.009842624887824059,0.022695503982843136,13643.329111970037,14803.409301296972,4.02276775851796e-05,30568.014705882353,26135.74218705787,1.971727840815307,5.029615437804721,6.723128502870465,17.57268937432854,11.041497222249765,14.689406597898092,59.08302607284336
1529.348,1529.372,USV_1601,0.024000000000114596,5.0,35.72000000000003,False,1472.9893,1508.7093,56.3587,20.63869999999997,0.012720514088869095,0.01205166903409091,13676.287040271993,17696.91176637908,0.00017102853408418176,30230.113636363636,21259.45553399709,1.515842162888984,6.708517525722429,8.210717354292647,16.55444666224157,8.67149382151482,16.235460038395047,48.16782456017983
1529.711,1529.831,USV_1602,0.11999999999989086,5.0,35.72000000000003,False,1472.9893,1508.7093,56.721700000000055,21.001700000000028,0.013014252297580242,0.020663646941489363,12773.755732880467,14693.749223963712,8.829360860130922e-05,29150.26595744681,26256.512357235206,2.78409995399384,4.613053440464297,6.8181572704030575,16.47287568650186,10.901486579340865,14.047029205769679,59.66651745023786
1529.865,1529.891,USV_1603,0.026000000000067303,5.0,35.72000000000003,False,1472.9893,1508.7093,56.87570000000005,21.155700000000024,0.00982554629445076,0.0224609375,15619.231167071228,17464.70794577248,0.0001533882343364895,31929.6875,21182.554429923777,1.539748052346274,6.05734329648454,7.43255194802665,16.52505096225777,9.50116568107306,12.707325930364945,51.576043274483716
1529.954,1529.973,USV_1604,0.019000000000005457,5.0,35.72000000000003,False,1472.9893,1508.7093,56.96469999999999,21.244699999999966,0.013519594445824623,0.023095703125,14463.346331146246,19027.86197470598,0.0005287383543385175,29906.25,23716.252501071787,1.0096280755506633,3.94052370022111,8.068482715675133,16.006911029630004,10.360655689164183,16.09514418101491,47.69041242255383
1530.12,1530.201,USV_1605,0.08100000000013097,5.0,35.72000000000003,False,1472.9893,1508.7093,57.13069999999993,21.410699999999906,0.013909008353948593,0.033809777462121215,16158.495623914307,15448.411204809814,0.00019664821590694706,31417.613636363636,25074.299212014666,3.691292444075232,5.991578153045438,9.270318931444246,16.446762024858824,10.361487456764513,13.852705187192909,59.136683216990235
1530.252,1530.27,USV_1606,0.018000000000029104,5.0,35.72000000000003,False,1472.9893,1508.7093,57.262699999999995,21.542699999999968,0.03738408535718918,0.015109592013888888,12682.289551334916,19169.565710778676,0.00043921284855023374,27104.166666666668,27040.879772312146,2.4672750094387763,2.089761158250449,6.735651274823997,17.8526493563122,9.422364605842711,14.97649700634437,46.04414032737171
1530.349,1530.365,USV_1607,0.016000000000076398,5.0,35.72000000000003,False,1472.9893,1508.7093,57.359699999999975,21.639699999999948,0.015441013500094414,0.01214599609375,13683.07050846449,19076.134363174657,0.0004462434189187273,28921.875,25858.692275345733,4.9418360097923415,2.905146683305791,8.191030822057211,17.327504893486037,9.192072899389167,14.444158120062061,45.36957252302015
1530.449,1530.493,USV_1608,0.04399999999986903,5.0,35.72000000000003,False,1472.9893,1508.7093,57.45970000000011,21.739700000000084,0.014407355338335037,0.017565275493421052,12144.182080004628,15105.081597136848,3.485075219407491e-05,27384.86842105263,19601.157850510932,1.885251073499045,6.899265187230149,6.982482520862056,17.102430772022387,10.367773009819945,15.339633522781666,54.31747154808935
1531.086,1531.128,USV_1609,0.041999999999916326,5.0,35.72000000000003,False,1472.9893,1508.7093,58.096700000000055,22.376700000000028,0.010949995368719101,0.014499240451388888,14815.29821201566,16372.549933014347,0.0001475323435650753,29854.166666666668,18889.533111974164,2.406240397147749,4.829060413025876,6.239299936971665,15.552690229173127,10.608856400802603,14.05769763276936,55.15573586334136
1532.449,1532.504,USV_1610,0.05499999999983629,5.0,35.72000000000003,False,1472.9893,1508.7093,59.45970000000011,23.739700000000084,0.009278479032218456,0.026239809782608696,14595.776810952328,16051.56293661037,6.483848117217336e-05,30794.83695652174,19511.53081385003,2.039224829367705,4.917929756859127,4.7674310139535665,15.602257035293954,11.505699439550046,15.693775454334943,54.44666414485568
1533.204,1533.279,USV_1611,0.07500000000004547,5.0,35.72000000000003,False,1472.9893,1508.7093,60.21469999999999,24.494699999999966,0.011804387904703617,0.023618636592741934,15742.02810093696,15107.470685404402,6.538557142481502e-05,31412.298387096773,24586.21246641836,2.3353964641928875,4.257176815046375,6.261774716272506,16.117554241573245,11.549553153204108,16.32158418566105,60.07291809408908
1533.44,1533.455,USV_1612,0.01499999999987267,5.0,35.72000000000003,False,1472.9893,1508.7093,60.4507000000001,24.73070000000007,0.011912484653294086,0.015899658203125,15459.673449875265,19724.51608510497,0.00019877891625369814,31652.34375,26551.784026047444,1.2892241081894593,4.251460384238465,6.075620838986703,12.148063449655453,10.591240781993228,13.352920137716453,42.43337278041781
1533.542,1533.577,USV_1613,0.035000000000081855,5.0,35.72000000000003,False,1472.9893,1508.7093,60.55269999999996,24.83269999999993,0.009608510881662369,0.023101806640625,17193.208036838463,19599.36877563333,0.0003251865311721836,35167.96875,25154.43632955399,3.2117716974067405,4.111217710551103,6.582038591471267,16.217540222345143,9.362165880259218,14.473140345704348,51.50327133608713
1533.673,1533.714,USV_1614,0.04099999999993997,5.0,35.72000000000003,False,1472.9893,1508.7093,60.683700000000044,24.963700000000017,0.012301246635615826,0.03176540798611111,16629.469494139237,16177.736593418675,0.0003703015092164982,31515.625,21791.485700628124,2.9023277761604764,3.81040116494381,5.500025391386561,16.11972479044136,11.086030535225992,15.52830858833566,54.535997233832866
1533.827,1533.84,USV_1615,0.012999999999919964,5.0,35.72000000000003,False,1472.9893,1508.7093,60.83770000000004,25.117700000000013,0.009649946354329586,0.029122488839285716,14204.01474948711,13415.44122045096,2.388205163906595e-05,28821.428571428572,16115.95687704704,2.87136629233457,5.496324125400648,6.100297091489041,19.48522648636118,9.785292352977763,13.302595436737324,50.293366728453194
1534.348,1534.398,USV_1616,0.049999999999954525,5.0,35.72000000000003,False,1472.9893,1508.7093,61.3587,25.63869999999997,0.010675202123820782,0.018019903273809524,14713.132648117371,14860.758909262104,0.0001627302698558873,29513.39285714286,22789.83257570577,2.972083801211185,8.181344060497752,4.692898065062862,15.112360108768636,10.993325685932465,13.014741995208643,56.34973832736572
1534.428,1534.491,USV_1617,0.06299999999987449,5.0,35.72000000000003,False,1472.9893,1508.7093,61.43870000000015,25.718700000000126,0.013788591139018536,0.025484525240384616,15878.80732788969,14654.20503437445,3.0862099640847714e-05,31467.548076923078,25092.867766681185,1.9445911539422955,6.399799496656152,5.850518529760606,15.476794660548281,10.686530822072815,16.554151763160796,58.90493544363187
1534.522,1534.584,USV_1618,0.06200000000012551,5.0,35.72000000000003,False,1472.9893,1508.7093,61.53269999999998,25.81269999999995,0.009169822558760643,0.022442157451923076,16085.023574398328,15942.10280465173,0.00013494497966579932,32123.798076923078,24889.640763277093,3.777035367364401,5.065212042806727,5.556722248954461,13.285372017332513,9.937137798010664,14.689060280766878,56.97122759347303
1534.702,1534.814,USV_1619,0.11200000000008004,5.0,35.72000000000003,False,1472.9893,1508.7093,61.71270000000004,25.992700000000013,0.011332575231790543,0.030561967329545456,15738.671550245954,14888.788524905918,0.00015428097430892113,32305.397727272728,20181.817640278165,2.202440737271093,5.777561635858346,6.463841313584538,16.89920615459224,10.267221955448592,14.333815854652109,60.05668084509589
1535.715,1535.776,USV_1620,0.06100000000014916,5.0,35.72000000000003,False,1472.9893,1508.7093,62.72569999999996,27.005699999999933,0.011684995144605637,0.02115234375,16169.752821929276,17552.80315575314,0.0002684031803818362,34608.75,26479.258620873956,2.775395555655722,5.304139316390449,5.429670009071028,17.758611939701964,10.26435987599179,15.0929826244146,55.65726970016891
1535.862,1535.88,USV_1621,0.018000000000029104,5.0,35.72000000000003,False,1472.9893,1508.7093,62.87270000000012,27.152700000000095,0.00703281257301569,0.027018229166666668,18357.15885569899,20049.7858414978,0.0006850407398666661,34177.083333333336,23936.1742524579,2.438872273855298,2.334108929915176,7.430667194656937,15.206374303472185,9.279304635695418,15.4757252803284,46.74660909974174
1535.934,1535.943,USV_1622,0.009000000000014552,5.0,35.72000000000003,False,1472.9893,1508.7093,62.94470000000001,27.224699999999984,0.01360753457993269,0.016316731770833332,16594.14661754863,24307.252430138167,0.000516401963624664,33750.0,18218.751760510888,1.5545816916914843,6.823342373723452,4.173851019799124,14.536988406660194,10.457020172276183,10.692020486583045,34.65683152310452
1536.032,1536.113,USV_1623,0.08100000000013097,5.0,35.72000000000003,False,1472.9893,1508.7093,63.04269999999997,27.32269999999994,0.011067104525864124,0.018044211647727272,15947.909489833626,15869.342967274351,0.00016952199095604737,33127.84090909091,23944.28792279126,2.344118253386279,4.9000133810510365,6.497235134576737,18.38046995279471,11.075840623345501,15.440643904335944,58.001550091550584
1536.205,1536.239,USV_1624,0.0340000000001055,5.0,35.72000000000003,False,1472.9893,1508.7093,63.21569999999997,27.495699999999943,0.01140825729817152,0.017138671875,14261.194177689758,17041.686026659183,0.00029456925745183313,30387.5,22860.022859455046,2.205482543156195,6.155250378346543,5.420131774707388,16.263946915271354,10.32292999582339,13.570755504489172,51.52450971462632
1536.853,1536.87,USV_1625,0.016999999999825377,5.0,35.72000000000003,False,1472.9893,1508.7093,63.86370000000011,28.14370000000008,0.008652273565530777,0.020643446180555556,17590.19181291844,22577.07763751798,0.0005807190853051233,33208.333333333336,25166.808752351993,2.3239873471576495,2.760254591625327,6.904976847748827,13.378633220268105,7.671592922313167,11.85576010025434,44.656272669023
1537.249,1537.319,USV_1626,0.06999999999993634,5.0,35.72000000000003,False,1472.9893,1508.7093,64.25970000000007,28.53970000000004,0.013310249894857407,0.026400862068965518,16592.284269994267,15710.0777706626,0.0001561118047136544,33707.974137931036,22956.148840671987,2.015249667922588,6.6627577708290975,7.437128403919565,18.671258674730055,11.490958347475578,16.93412649058479,57.779037047992034
1537.365,1537.381,USV_1627,0.016000000000076398,5.0,35.72000000000003,False,1472.9893,1508.7093,64.37570000000005,28.655700000000024,0.011872613802552223,0.00592041015625,13764.74796248473,17771.130704234838,0.00023592381408261303,30468.75,19520.805687071268,2.2348160669555144,3.0994428185804277,3.4830678258192806,15.429445010388722,11.789049479492299,15.406107142832504,47.14654188048736
1537.488,1537.579,USV_1628,0.0909999999998945,5.0,35.72000000000003,False,1472.9893,1508.7093,64.4987000000001,28.77870000000007,0.012246489524841309,0.03388807508680555,17017.73599216274,16131.335206484959,0.0003321308027537007,34921.875,21283.921986983376,3.602658715821393,4.818412641401514,6.069224920806895,17.669433536890203,11.063607711531214,15.810552196553175,60.17927763744475
1537.785,1537.826,USV_1629,0.04099999999993997,5.0,35.72000000000003,False,1472.9893,1508.7093,64.79570000000012,29.075700000000097,0.009173620492219925,0.02978515625,17750.247989300646,16758.17290311023,0.000218000105130447,34619.791666666664,28965.202384100885,2.258615301467985,5.365448731440396,5.259895050176993,14.372516296645351,10.853363323385429,13.937043848577629,55.16002646613204
1538.001,1538.069,USV_1630,0.06799999999998363,5.0,35.72000000000003,False,1472.9893,1508.7093,65.01170000000002,29.29169999999999,0.01003409456461668,0.05694580078125,19816.231200091624,17160.43033575415,7.484413358348956e-05,37992.1875,26242.130768451905,2.3624767486444407,4.886771236653573,6.338740060441077,15.799165019445661,10.656012901206768,14.787076476071974,58.40339701616076
1538.122,1538.139,USV_1631,0.016999999999825377,5.0,35.72000000000003,False,1472.9893,1508.7093,65.13270000000011,29.412700000000086,0.014441583305597305,0.016927083333333332,14113.910952860497,18516.821508737583,0.00038514384233167306,28385.416666666668,17568.455356245264,1.1666860060976179,6.7416207558603345,3.7085778899270156,12.390186377505174,9.826975130447813,11.145504961603397,46.19565449066561
1538.289,1538.39,USV_1632,0.10100000000011278,5.0,35.72000000000003,False,1472.9893,1508.7093,65.29970000000003,29.579700000000003,0.012460744008421898,0.032574462890625,17909.290625037065,14933.497868868715,6.38719661727025e-05,32540.625,26818.11150467524,2.2448354412483256,6.421189460891732,6.220180016572856,16.742734451025456,11.544312686300907,15.835639979129349,61.09885461724862
1538.529,1538.548,USV_1633,0.019000000000005457,5.0,35.72000000000003,False,1472.9893,1508.7093,65.53970000000004,29.81970000000001,0.012010179460048676,0.0146728515625,15198.292042579598,19198.658348694993,0.0004607914319058015,31021.875,25045.41422739998,2.285239789539589,1.4874200886242182,7.339932656788844,16.199050160805246,8.867268185719805,13.912411028224687,47.2635838002779
1538.61,1538.687,USV_1634,0.07699999999999818,5.0,35.72000000000003,False,1472.9893,1508.7093,65.62069999999994,29.900699999999915,0.011125818826258183,0.04102350050403226,17829.42327501893,14516.914911632837,7.555894241743292e-05,31947.58064516129,27313.012406049555,2.658257429091685,4.937677007868156,8.053885216972246,17.589649506249163,9.17923098424091,16.465701354328505,61.73179319008661
1538.872,1538.957,USV_1635,0.08500000000003638,5.0,35.72000000000003,False,1472.9893,1508.7093,65.88270000000011,30.162700000000086,0.011299283243715763,0.02986414292279412,15271.501022400518,14117.05329809009,2.9873978361938458e-05,30733.45588235294,24940.474271621933,2.7913905734357596,5.225804822291413,5.993405476524578,18.306203969803263,10.907844020552265,16.217577136436542,59.45678274533103
1539.673,1539.698,USV_1636,0.02500000000009095,5.0,35.72000000000003,False,1472.9893,1508.7093,66.68370000000004,30.963700000000017,0.008741100318729877,0.04754638671875,19135.858069292575,17048.759447540364,0.00021341146779526462,35351.5625,21657.293715724507,2.860676722232755,4.557176764766235,6.078107240466077,18.171291340420755,13.393414569618566,13.90661334366183,52.34585147446768
1539.849,1539.951,USV_1637,0.10200000000008913,5.0,35.72000000000003,False,1472.9893,1508.7093,66.85969999999998,31.139699999999948,0.013359696604311466,0.02923732850609756,15222.739453144213,14291.187953008279,0.00019824231837545014,29881.09756097561,21527.301797480304,2.3031438612505664,4.756664799333137,7.041030181299358,18.621715935703936,10.71964244947828,16.149857431471318,60.84605845147748
1540.097,1540.148,USV_1638,0.05099999999993088,5.0,35.72000000000003,False,1472.9893,1508.7093,67.10770000000002,31.387699999999995,0.011133173480629921,0.02048456101190476,14410.475923641437,15627.004051249698,0.00018933779524638893,30964.285714285714,23058.29491673632,2.6555255035871284,6.3228086011984335,4.901532553948243,15.511050876049538,10.113041149142836,14.122316718822054,56.653168391989006
1540.205,1540.261,USV_1639,0.05600000000004002,5.0,35.72000000000003,False,1472.9893,1508.7093,67.21569999999997,31.495699999999943,0.011935918591916561,0.024774966032608696,16160.439263935523,15436.723314672456,0.00011482379136077344,31345.108695652172,24213.796225992915,2.9720155503989014,6.522923726950527,6.134583449183178,17.51189634005086,10.223067803890437,16.49213469478129,58.47613899510068
1540.318,1540.363,USV_1640,0.04500000000007276,5.0,35.72000000000003,False,1472.9893,1508.7093,67.32870000000003,31.6087,0.01010680478066206,0.027806332236842105,15279.194794827248,15207.332206919042,7.352352202510407e-05,30932.565789473683,26848.342599372972,2.5469631737238414,5.365645721253576,6.608834431038517,17.436414204829372,10.43023911463528,14.681789410174522,55.377258996806944
1540.571,1540.618,USV_1641,0.047000000000025466,5.0,35.72000000000003,False,1472.9893,1508.7093,67.58169999999996,31.861699999999928,0.012653151527047157,0.00927734375,14029.366158524557,17655.451962521573,0.00013922472295695637,30571.875,22653.394733868936,2.060581573537718,4.919980149913103,4.807895467403294,15.238620394654367,10.74986336384422,14.778932351686176,53.32386908919784
1540.707,1540.72,USV_1642,0.012999999999919964,5.0,35.72000000000003,False,1472.9893,1508.7093,67.71770000000015,31.997700000000123,0.007162744645029306,0.023332868303571428,17006.26600082058,18825.788932372543,0.00025189780535249726,30482.14285714286,19919.462112679503,2.785832299392607,6.785533958542402,5.292449182127991,14.82390368520301,11.426086400763195,14.20956105353748,42.75282114737556
1540.829,1540.967,USV_1643,0.13800000000014734,5.0,35.72000000000003,False,1472.9893,1508.7093,67.8397,32.119699999999966,0.011185050010681152,0.02879050925925926,16194.803354404381,14748.227798956332,0.00012709204743426117,31753.472222222223,19303.888653992562,2.9132741472848562,5.948996214357245,6.12251472234135,16.988899179220287,11.59099915381589,14.734803239466666,60.352625516293216
1541.043,1541.094,USV_1644,0.05100000000015825,5.0,35.72000000000003,False,1472.9893,1508.7093,68.05369999999994,32.33369999999991,0.010186654515564442,0.022993607954545456,15333.379925654917,17267.492387603237,0.0001221154873298621,32190.340909090908,22399.72670062242,2.0350453628539134,5.658638097804739,6.683178048954863,17.268466202769414,11.622393871506667,14.564475098919582,55.35409195491099
1541.128,1541.196,USV_1645,0.06799999999998363,5.0,35.72000000000003,False,1472.9893,1508.7093,68.13869999999997,32.418699999999944,0.008946004323661327,0.027448381696428572,14606.116152210101,15696.437462181113,0.00011754988865797287,30863.839285714286,25828.67797925705,1.4703221326581961,4.9936504867763905,5.093625985540947,15.861055084968047,11.665657461094776,14.38567308340509,57.176539480920674
1541.363,1541.472,USV_1646,0.1089999999999236,5.0,35.72000000000003,False,1472.9893,1508.7093,68.3737000000001,32.65370000000007,0.010713239200413227,0.028121593386627907,14098.255117948578,14454.389364721497,0.00010425409086880518,29167.1511627907,17976.109662475377,1.9712099642004477,5.249377340306986,5.541143575042871,16.27472913775156,11.501334063181671,14.357110561515809,58.98580398095234
1541.534,1541.602,USV_1647,0.06799999999998363,5.0,35.72000000000003,False,1472.9893,1508.7093,68.54470000000015,32.82470000000012,0.011399365030229092,0.030107770647321428,14014.746252300145,13833.188348677442,3.219071649305646e-05,28985.491071428572,19725.66146047781,2.5947845358957657,5.971306786137641,6.052655384855721,14.922120419626841,12.144753709957408,15.561133065061659,58.489857140221766
1541.64,1541.652,USV_1648,0.011999999999943611,5.0,35.72000000000003,False,1472.9893,1508.7093,68.65070000000014,32.930700000000115,0.007276751101016998,0.028634207589285716,15831.011409446955,15885.145674468988,0.00015834818200240183,30549.10714285714,26000.111456428178,1.9965531225787352,6.871344102921334,5.774432382536976,14.418507110547365,11.317026448335612,13.917351180411215,44.86035523744116
1541.692,1541.764,USV_1649,0.07199999999988904,5.0,35.72000000000003,False,1472.9893,1508.7093,68.70270000000005,32.98270000000002,0.012074881233274937,0.019825902478448277,14201.926479495656,14365.701593156899,0.00010761404741228067,28668.103448275862,17763.273331030905,2.362777266844015,5.839447021176744,6.594714684990945,14.926493327039694,10.434898207132544,13.148309930849917,59.278825642818354
1541.815,1541.927,USV_1650,0.11199999999985266,5.0,35.72000000000003,False,1472.9893,1508.7093,68.8257000000001,33.10570000000007,0.009514439851045609,0.027549050071022728,13608.36025369274,14272.991929074955,2.0503705020718645e-05,29362.926136363636,19486.791724992836,2.3718230562934934,6.035776480040806,5.491184104259141,14.99071319385604,10.599236894030836,13.771873482373543,59.44594992883058
1542.603,1542.708,USV_1651,0.10500000000001819,5.0,35.72000000000003,False,1472.9893,1508.7093,69.61370000000011,33.89370000000008,0.020050611346960068,0.030558268229166668,14285.578812543214,14140.732561611463,3.70757708766212e-05,28975.446428571428,21133.982099400175,2.1054484545651024,3.9626298009670906,6.09341688151246,16.79249453285414,11.568747670436652,14.486615513704859,60.341988250524594
1542.76,1542.868,USV_1652,0.10799999999994725,5.0,35.72000000000003,False,1472.9893,1508.7093,69.77070000000003,34.050700000000006,0.013708931393921375,0.020768986191860465,11751.41637245229,13782.631853524175,9.334037449537618e-05,25755.087209302324,19539.360150858818,3.3863399233805045,4.2116133525029085,6.780929334812951,15.719491433637343,10.20854682550899,14.31080334034935,59.74745525672539
1543.764,1543.89,USV_1653,0.12600000000020373,5.0,35.72000000000003,False,1472.9893,1508.7093,70.77469999999994,35.05469999999991,0.01122241746634245,0.0272412109375,15668.950073850447,14645.299482456523,6.846167630967025e-05,31031.25,22105.171126996283,2.920166536174553,4.891071120683085,5.562214491450202,18.10670043692784,11.514034439038605,13.796048263991509,60.10768248653224
1544.069,1544.155,USV_1654,0.08600000000001273,5.0,35.72000000000003,False,1472.9893,1508.7093,71.0797,35.359699999999975,0.011255299672484398,0.03207310267857143,16821.33756285723,15849.714815432402,0.00022492230129631912,32341.071428571428,22768.529500451346,2.274044644159715,4.954210890937289,7.108836898204086,18.134081635103513,11.30160098750891,14.187108233283395,59.31951523949408
1544.577,1544.645,USV_1655,0.06799999999998363,5.0,35.72000000000003,False,1472.9893,1508.7093,71.58770000000004,35.86770000000001,0.009045793674886227,0.036106654575892856,17460.861565963707,14790.05217777986,9.819061795849777e-05,32032.366071428572,19754.129799975803,1.8892527579780813,5.6946317062454055,5.598411033427135,16.8803787636701,12.277449720967907,14.40778589256509,59.29554022859002
1545.146,1545.162,USV_1656,0.016000000000076398,5.0,35.72000000000003,False,1472.9893,1508.7093,72.1567,36.43669999999997,0.017136752605438232,0.002685546875,16516.765995614074,20913.66296740431,0.0004021807143077287,33058.59375,25148.910207706187,2.4612575728942696,4.077391885668394,6.620448584748781,14.79078641144055,12.202051560970578,12.34256391308296,44.32767353855928
1545.194,1545.268,USV_1657,0.07400000000006912,5.0,35.72000000000003,False,1472.9893,1508.7093,72.2047,36.484699999999975,0.011493997648358345,0.019580078125,15779.26746293223,16102.249372361073,6.589226555773303e-05,32293.75,28029.564829379673,2.0704049096199255,5.674059891902884,7.318385998998395,18.23934692974734,10.015390054910258,14.424874564913242,57.6893669843355
1545.488,1545.511,USV_1658,0.02299999999991087,5.0,35.72000000000003,False,1472.9893,1508.7093,72.4987000000001,36.77870000000007,0.01155951339751482,0.02263849431818182,16954.48816346341,15352.529075297121,0.00020011326765459402,30323.863636363636,25484.781237397496,2.932169453654167,3.854309122078196,8.969618625965317,20.769557670604254,8.573950236131706,15.65757621100151,54.54416493600952
1545.716,1545.774,USV_1659,0.057999999999992724,5.0,35.72000000000003,False,1472.9893,1508.7093,72.72669999999994,37.00669999999991,0.0216342955827713,0.031443277994791664,13247.314621388608,15974.694560878628,0.00022322067377944524,30316.40625,28921.708653865935,2.1367872057129564,2.224747837102608,8.381311560462112,22.06655582623918,10.503087473632135,15.548597635760641,56.3402427937221
1545.897,1545.961,USV_1660,0.06400000000007822,5.0,35.72000000000003,False,1472.9893,1508.7093,72.90769999999998,37.18769999999995,0.012044603005051613,0.02464881310096154,15765.0405502695,15103.757545741462,5.5437152575599275e-06,32387.01923076923,25417.182586359857,2.7285015408631788,4.616902122346821,6.300856821689328,19.376320259992433,11.942814219530861,14.046912149796546,58.431729230795746
1545.992,1546.015,USV_1661,0.023000000000138243,5.0,35.72000000000003,False,1472.9893,1508.7093,73.0027,37.28269999999998,0.012720399536192417,0.016867897727272728,15437.389283541987,20348.474210403863,0.00014617627879185492,32616.477272727272,25728.74686598843,1.470116533207724,4.213956070639718,6.068573027942917,15.030572283218266,12.715128417395512,14.449875191943852,46.37863406371281
1546.234,1546.283,USV_1662,0.04899999999997817,5.0,35.72000000000003,False,1472.9893,1508.7093,73.24469999999997,37.52469999999994,0.011191065423190594,0.028483072916666668,17250.29483650596,15485.13533767989,0.00016393371063097646,33955.357142857145,21567.8765148202,2.42333556450605,4.820777712399856,4.316698965216501,14.979141931999484,12.64929436223071,14.116123259229079,58.76215694522022
1546.465,1546.535,USV_1663,0.07000000000016371,5.0,35.72000000000003,False,1472.9893,1508.7093,73.47569999999996,37.75569999999993,0.011466008611023426,0.02113921066810345,14409.895149627877,15513.57951098527,0.00013403182497843187,30688.577586206895,19566.69636919213,1.981937707140324,4.667061581997721,5.082339028347368,17.93471829815362,12.251176998964688,14.353779838448075,57.94715546172574
1546.565,1546.612,USV_1664,0.047000000000025466,5.0,35.72000000000003,False,1472.9893,1508.7093,73.5757000000001,37.85570000000007,0.012509283609688282,0.02347412109375,15146.396223181448,14981.610342595315,0.00012292486575767037,29746.875,25229.44597190379,1.5336598840502607,5.567762749474102,5.8166298327824855,16.72415380384544,11.889112516408074,14.861804910890706,55.694508264123535
1546.651,1546.678,USV_1665,0.027000000000043656,5.0,35.72000000000003,False,1472.9893,1508.7093,73.66170000000011,37.94170000000008,0.006865417584776878,0.029334435096153848,17900.070979744298,17913.485220959126,0.0004463229525456278,32177.884615384617,17081.9874848059,4.341564410656172,4.7350188833291105,4.952239398804894,13.9450758753365,10.751486996158526,14.352506370754554,51.714373242363884
1546.808,1546.859,USV_1666,0.05099999999993088,5.0,35.72000000000003,False,1472.9893,1508.7093,73.81870000000004,38.09870000000001,0.011120026931166649,0.017636253720238096,14116.300621328051,14504.634846267794,3.791995593306184e-05,30160.714285714286,21493.3442949115,2.9631619075327156,5.866479096842375,5.60986044183278,18.996295561035367,11.919846501425557,15.435044302928326,57.40543768956265
1547.156,1547.187,USV_1667,0.03099999999994907,5.0,35.72000000000003,False,1472.9893,1508.7093,74.16669999999999,38.446699999999964,0.008929082192480564,0.025582449776785716,16654.866568231064,16240.74724837359,0.00029952752382218236,31700.89285714286,23222.709700984316,2.752247346597071,5.005749189972811,5.338398899640249,18.743886667555863,11.000953792250273,14.475326154365613,54.87813928771006
1547.412,1547.433,USV_1668,0.020999999999958163,5.0,35.72000000000003,False,1472.9893,1508.7093,74.42270000000008,38.70270000000005,0.007373228669166565,0.041455078125,17342.704539659077,15977.584022599407,0.00011120717478605224,32540.625,21268.580443508592,6.0537176826004835,2.7301280096914624,5.7612991315277124,16.691876866742298,9.655451985936427,12.024575143524558,50.363972480321095
1548.089,1548.16,USV_1669,0.07100000000014006,5.0,35.72000000000003,False,1472.9893,1508.7093,75.09969999999998,39.37969999999996,0.011831909418106079,0.021417025862068964,16033.715462463653,15899.672469523344,0.00022539180342727582,32728.44827586207,22118.66973137394,2.776921243277735,5.853787630589194,6.216456119949888,15.924378628726599,11.984782393504462,14.430690912009467,56.981995269779084
1548.348,1548.422,USV_1670,0.07400000000006912,5.0,35.72000000000003,False,1472.9893,1508.7093,75.3587,39.63869999999997,0.015272185206413269,0.019962565104166666,14162.144535911928,14192.171017408013,5.1440959801543916e-05,28906.25,24858.744932181165,2.839875740236449,8.567570716330275,6.873906029492132,17.156779387410815,10.107276338542556,14.347928819677326,57.964853578748304
1548.471,1548.515,USV_1671,0.044000000000096406,5.0,35.72000000000003,False,1472.9893,1508.7093,75.48170000000005,39.76170000000002,0.008214754052460194,0.03109580592105263,16078.618470219792,15224.648174864255,0.0001463228904312283,30942.434210526317,20806.56744626705,2.2748107339816244,5.875559822143543,7.4566289522584706,18.20044484160546,11.67914401714774,14.45505079925423,55.01288455999221
1548.793,1548.803,USV_1672,0.010000000000218279,5.0,35.72000000000003,False,1472.9893,1508.7093,75.80369999999994,40.08369999999991,0.01040420401841402,0.008382161458333334,16660.49089681709,21893.328474124613,0.0008489992940915124,29875.0,19209.744659121014,2.351981271195537,2.3302512444970316,3.4978608961654154,13.192676914790612,9.219150793632881,14.211631337404535,36.777932915192025
1548.893,1548.978,USV_1673,0.08500000000003638,5.0,35.72000000000003,False,1472.9893,1508.7093,75.90370000000007,40.183700000000044,0.00999350193887949,0.036865234375,16257.1499376757,14005.072621635554,4.207829627192257e-05,30347.426470588234,24180.5813179857,2.2787794799773775,5.749385329941397,6.655442246452883,17.14848326562907,10.994287009276082,13.203321388715736,60.43724360089333
1549.526,1549.54,USV_1674,0.013999999999896318,5.0,35.72000000000003,False,1472.9893,1508.7093,76.53670000000011,40.81670000000008,0.00730954110622406,0.01959228515625,17233.32495611243,18360.419568000987,0.0004009938798181119,31371.09375,22428.689496410774,3.0762399448001796,6.42181825157321,4.216916110982732,13.827233889269976,9.752442261782429,13.085904870818414,45.250956111039564
1549.78,1549.794,USV_1675,0.014000000000123691,5.0,35.72000000000003,False,1472.9893,1508.7093,76.79070000000002,41.07069999999999,0.015815556049346924,0.001953125,14215.867837803795,22313.431350296814,0.00032857734159505284,29121.09375,18244.04259161342,2.349770839604278,4.593273029894492,5.13761757284295,10.981801566897527,8.396996031096176,13.035592449924751,40.94541476920257
1549.853,1549.899,USV_1676,0.04599999999982174,5.0,35.72000000000003,False,1472.9893,1508.7093,76.86370000000011,41.14370000000008,0.010901765897870064,0.0173583984375,13705.604029390117,15609.07325581641,0.00011976368847571895,29521.875,17386.54873377988,2.601186270198839,5.707192840330797,6.228136641058112,17.48517089664788,11.11093115659814,15.18314333342021,54.69360167287895
1549.988,1550.013,USV_1677,0.024999999999863576,5.0,35.72000000000003,False,1472.9893,1508.7093,76.9987000000001,41.27870000000007,0.010997085832059383,0.011555989583333334,14523.199837317627,17689.386968679763,0.0001168990381109894,29921.875,21882.625164901827,4.890494961703792,7.5365918025612,5.45115413274334,16.532198369959577,9.152206428113205,12.744042209498382,49.355932791646474
1550.413,1550.508,USV_1678,0.09500000000002728,5.0,35.72000000000003,False,1472.9893,1508.7093,77.42370000000005,41.703700000000026,0.011387609876692295,0.03340871710526316,15909.09047649813,14247.841771200921,0.00014400619606908113,29696.54605263158,22792.180689547185,2.2661508030140594,4.948350030400248,6.451698900553378,15.216581616161985,10.557740930237816,13.687747923205091,61.54165118417042
1550.595,1550.639,USV_1679,0.04399999999986903,5.0,35.72000000000003,False,1472.9893,1508.7093,77.60570000000007,41.88570000000004,0.011216186918318272,0.03369140625,17003.6945352307,15719.799731539657,0.0001758928483691383,30636.513157894737,22010.495670865388,2.0859652151947943,4.082614207819788,6.349323603173471,14.681178334385846,10.015552882989466,13.466696128806923,56.111717615642036
1550.675,1550.773,USV_1680,0.09799999999995634,5.0,35.72000000000003,False,1472.9893,1508.7093,77.6857,41.96569999999997,0.012301147915422916,0.03362254607371795,17623.073148203788,15536.823934816519,0.00012008200321138085,33057.692307692305,23616.532512522677,2.063153856449835,5.553150076377201,6.137349320563195,16.28301164911905,11.490114695324198,13.147252602929612,61.66845713861318
1550.842,1550.981,USV_1681,0.13899999999989632,5.0,35.72000000000003,False,1472.9893,1508.7093,77.85270000000014,42.13270000000011,0.012526188045740128,0.022316261574074073,14045.52568272083,13361.758056349427,9.810224094423241e-05,28574.652777777777,20431.174746715842,2.8155349745767797,4.812158603531749,7.625880018486195,15.879609222260054,10.096492532491522,14.153403231677375,62.6501024083239
1551.145,1551.273,USV_1682,0.12799999999992906,5.0,35.72000000000003,False,1472.9893,1508.7093,78.15570000000002,42.4357,0.013590322807431221,0.0294384765625,15423.29770385364,13319.005839746003,7.022769549606011e-06,29868.75,21562.07740843531,2.385098888134665,5.357514897385219,5.895723932726821,16.048095113481132,11.655453570348753,14.52526713560462,62.75488860311102
1551.347,1551.376,USV_1683,0.028999999999996362,5.0,35.72000000000003,False,1472.9893,1508.7093,78.35770000000002,42.637699999999995,0.012686539441347122,0.011887770432692308,14137.827707501236,18299.562933493748,0.0005704754443828066,31442.30769230769,25597.58541301108,2.331306970433747,7.4986672966524335,7.12642140893635,17.58387264684385,9.607383105749616,12.155642286423028,49.87599363426037
1551.423,1551.539,USV_1684,0.11599999999998545,5.0,35.72000000000003,False,1472.9893,1508.7093,78.43370000000004,42.71370000000002,0.015645479783415794,0.046991762907608696,18186.021273903392,13276.929868151426,1.4860337542591168e-05,31143.342391304348,25706.66913892313,2.0973929233849766,5.947631564058176,6.367061919001946,17.28672423641393,12.490529153361253,13.933907809360115,62.81727021956663
1551.603,1551.753,USV_1685,0.14999999999986358,5.0,35.72000000000003,False,1472.9893,1508.7093,78.61370000000011,42.89370000000008,0.011983196251094341,0.022287142478813558,15577.926016188509,13801.25146282784,5.1395830490533086e-05,29890.360169491527,23177.583793551697,3.327041561071534,6.522494135699768,5.746939581445176,15.767856726089512,10.510400962780286,14.884404430956767,60.37000189728539
1551.874,1551.919,USV_1686,0.04500000000007276,5.0,35.72000000000003,False,1472.9893,1508.7093,78.88470000000007,43.16470000000004,0.011634459719061852,0.019544099506578948,14030.40403599399,15513.327809980094,0.00023681634392205418,29166.11842105263,16068.238471497223,3.198724684330993,6.854494590296845,4.7287160914958,12.44271322252627,11.670510169491076,15.808607790882183,55.98326076945714
1551.958,1552.056,USV_1687,0.09799999999995634,5.0,35.72000000000003,False,1472.9893,1508.7093,78.96870000000013,43.2487000000001,0.01483034435659647,0.03338466546474359,17835.44609814296,13798.128036362805,4.015881742734866e-05,31264.423076923078,24561.534462955344,3.081690795191468,5.937223704241163,7.061278734365152,18.247872004039515,11.40942193057535,14.083596282984596,62.345621205157
1552.315,1552.35,USV_1688,0.03499999999985448,5.0,35.72000000000003,False,1472.9893,1508.7093,79.3257000000001,43.60570000000007,0.012448491528630257,0.012060546875,15074.155150149709,17034.895657527177,0.0001308812777860352,31762.5,25884.38058400121,2.265520170960309,6.992218809235895,6.080737512549084,14.741123984966444,10.725291506503142,14.146280986363376,54.56387873599995
1552.69,1552.698,USV_1689,0.008000000000038199,5.0,35.72000000000003,False,1472.9893,1508.7093,79.7007000000001,43.98070000000007,0.006775267422199249,0.0326171875,18144.965440226533,20974.593926608777,0.0003532469816284137,33150.0,25202.752296856335,1.488787483604515,4.318800692430064,3.934974465344685,15.317226812050219,10.509602592975055,13.983358592466036,36.01953721626866
1552.728,1552.744,USV_1690,0.015999999999849024,5.0,35.72000000000003,False,1472.9893,1508.7093,79.73870000000011,44.01870000000008,0.007612437475472689,0.034454345703125,18571.93800097172,18028.754691786704,0.0011141629800776782,32449.21875,20575.288452113437,2.9896160546970654,6.427006950612335,4.965752077482942,16.374932184158922,9.73032969876672,14.978298994337631,48.135478607402945
1554.021,1554.153,USV_1691,0.13200000000006185,5.0,35.72000000000003,False,1472.9893,1508.7093,81.0317,45.31169999999997,0.016924075782299042,0.03684175931490385,17008.854803409296,14223.364556541994,0.0001262793794716535,31249.39903846154,26137.47006358028,3.0318977495645245,4.17565817812747,8.399596790596688,19.461477918750006,11.385023030605982,14.611466200228115,62.50015963312834
1554.225,1554.366,USV_1692,0.1410000000000764,5.0,35.72000000000003,False,1472.9893,1508.7093,81.23569999999995,45.515699999999924,0.017937254160642624,0.028773082386363637,15255.305516079054,13565.0973571103,1.3141023508559777e-05,30240.340909090908,28723.406284681703,2.4338732465743997,5.29367060967647,8.46616522240785,21.131173663178128,10.905565588951982,14.774585229187132,62.85547738963202
1554.526,1554.658,USV_1693,0.13199999999983447,5.0,35.72000000000003,False,1472.9893,1508.7093,81.53670000000011,45.81670000000008,0.012969562783837318,0.03044715294471154,16944.652651550754,14384.178615265377,0.0002427748292640252,31417.06730769231,25489.193043432566,2.675568188275472,5.205799722278556,6.813714427588233,17.935669076001872,11.470926715245026,13.311288541643478,60.36299689838113
1554.76,1554.835,USV_1694,0.07500000000004547,5.0,35.72000000000003,False,1472.9893,1508.7093,81.77070000000003,46.050700000000006,0.015776367858052254,0.02698147681451613,15572.733689609413,15128.133685700588,0.0001411380177059207,30414.314516129034,22624.029177975735,3.120017085660114,4.959049733784644,8.28228710507229,19.03320707435422,9.85599411055975,13.079388710306047,60.081833675366255
1554.988,1555.105,USV_1695,0.1169999999999618,5.0,35.72000000000003,False,1472.9893,1508.7093,81.9987000000001,46.27870000000007,0.016891419887542725,0.026282269021739132,14998.638593204098,14420.054351658553,5.610931172071043e-05,30297.554347826088,24536.0400146585,2.64637472808148,4.893186542676693,7.488002138693031,18.560761655888427,11.499738500284062,14.531684334755361,60.12594435657512
1555.262,1555.282,USV_1696,0.01999999999998181,5.0,35.72000000000003,False,1472.9893,1508.7093,82.27269999999999,46.55269999999996,0.017588645219802856,0.022412109375,17457.880094192715,17643.434380389823,0.0006680205515716745,32531.25,28572.67845341695,5.46009735577929,5.301675472984238,10.47042698050148,19.7847710042223,10.329424246165269,14.231129647406808,51.28927138082308
1555.324,1555.335,USV_1697,0.010999999999967258,5.0,35.72000000000003,False,1472.9893,1508.7093,82.33470000000011,46.614700000000084,0.01419057697057724,0.0137939453125,16255.856332527264,22429.530330401194,0.00042758766056070157,31609.375,26851.90044609224,0.9199336681671114,6.983174666989235,7.3051894512980375,14.646354735011123,9.142353315872752,12.611858179081805,41.629705432176266
1555.858,1555.935,USV_1698,0.07699999999999818,5.0,35.72000000000003,False,1472.9893,1508.7093,82.86869999999999,47.14869999999996,0.018377216532826424,0.022145917338709676,13076.790676566217,13983.35496534738,9.104659212461461e-05,27396.16935483871,17431.10391150738,2.8689447489887887,5.009312972213058,10.804832566001396,17.43522539802034,10.23951374586822,13.730600866190729,60.68587974548405
1556.079,1556.097,USV_1699,0.018000000000029104,5.0,35.72000000000003,False,1472.9893,1508.7093,83.0897,47.369699999999966,0.009510371834039688,0.012044270833333334,15927.420775237704,17447.88457156134,0.00026874625263993896,31802.083333333332,26606.415853582315,2.1379323864576736,3.747658607623775,4.369713584138617,15.93445815709701,11.372210163952191,14.225137319552696,47.31604325435848
1556.398,1556.438,USV_1700,0.040000000000190994,5.0,35.72000000000003,False,1472.9893,1508.7093,83.40869999999995,47.688699999999926,0.011792391538619995,0.023250804227941176,15368.45696310656,16637.70779682497,0.00016322150675254484,31483.45588235294,27067.231627386416,2.066738599628367,8.030697010984404,5.050253819917486,15.539595144338277,10.81558760009007,17.558841172382202,53.192036664835726
1556.485,1556.531,USV_1701,0.04600000000004911,5.0,35.72000000000003,False,1472.9893,1508.7093,83.49569999999994,47.775699999999915,0.010751250199973583,0.02542724609375,15293.370761165692,15383.77563578037,0.00017109099380791497,31237.5,23852.89973620473,2.9383258328282027,6.495631605536381,6.243098412928065,16.388947258545578,11.054986020409501,14.329509005448969,56.775568577580565
1556.589,1556.604,USV_1702,0.015000000000100044,5.0,35.72000000000003,False,1472.9893,1508.7093,83.59969999999998,47.87969999999996,0.010763389989733696,0.029296875,20116.03091676397,19369.720573993647,0.00033551807476575916,35542.96875,27991.93379756138,1.1484469338825503,5.832912075468967,5.97788267952151,15.614920129901776,9.123505015746069,13.934991204524897,45.97892867616653
1556.652,1556.672,USV_1703,0.01999999999998181,5.0,35.72000000000003,False,1472.9893,1508.7093,83.66270000000009,47.94270000000006,0.010484524071216583,0.0197021484375,14340.487828105712,17399.19029543743,0.00016321471699205033,29934.375,16183.423993072898,2.061967820607338,5.491231316467966,5.0793108203738,16.155180552610624,9.776103635486454,14.098029809808702,47.48933140711093
1556.727,1556.828,USV_1704,0.1009999999998854,5.0,35.72000000000003,False,1472.9893,1508.7093,83.73770000000013,48.017700000000104,0.01037132553756237,0.02054443359375,14593.143005232818,15191.479369562057,2.545523732126789e-05,30841.40625,24710.33466036492,2.4742307980029374,5.68085141273348,5.578035044916737,15.766874292982228,11.719189533418156,15.727713107538369,58.21303763696638
1557.302,1557.413,USV_1705,0.11100000000010368,5.0,35.72000000000003,False,1472.9893,1508.7093,84.31269999999995,48.59269999999992,0.014669283293187618,0.03865744850852273,15973.07602577017,13551.140565830312,2.591666345916801e-05,30208.80681818182,21001.504840650934,2.51088558380263,7.095640884746036,6.7731544420880745,17.41720233867797,9.895166432118222,14.51564221808203,62.274388919743494
1557.483,1557.561,USV_1706,0.07799999999997453,5.0,35.72000000000003,False,1472.9893,1508.7093,84.49369999999999,48.77369999999996,0.01144823431968689,0.04077911376953125,19307.69187525769,15183.117369905889,0.00011665585133221359,33966.796875,27079.40235109024,2.1837488510784926,4.487858638040957,6.220041910346441,15.534201919971146,11.070661821354038,12.805782046362776,60.777102762363825
1557.701,1557.719,USV_1707,0.018000000000029104,5.0,35.72000000000003,False,1472.9893,1508.7093,84.71170000000006,48.99170000000004,0.010815238580107689,0.020182291666666668,17181.860314234244,19796.28002405335,0.00015040819638267844,32833.333333333336,26504.322868945077,2.0688206665832674,6.5905128596445115,4.604294805494906,13.457527418713939,10.180145738188273,11.94557110458394,44.78455089544161
1557.762,1557.77,USV_1708,0.008000000000038199,5.0,35.72000000000003,False,1472.9893,1508.7093,84.77269999999999,49.05269999999996,0.01605154573917389,0.00673828125,18383.829749166023,21529.7567367983,0.00016916589073676073,33506.25,24335.60004436468,2.1475130704118652,5.553640576186049,5.959730179151985,16.52309667295064,8.584955829802222,12.301953331718753,34.84822198275875
1558.008,1558.106,USV_1709,0.09799999999995634,5.0,35.72000000000003,False,1472.9893,1508.7093,85.01870000000008,49.29870000000005,0.010126717388629913,0.029634915865384616,16931.33390086971,15425.977314082198,0.0001138935564952347,32055.28846153846,26313.749713938665,2.2219346127468023,5.732344428248462,5.945276984616241,16.607467774621178,11.95450670483909,14.654558274627465,59.880017004922706
1558.254,1558.339,USV_1710,0.08500000000003638,5.0,35.72000000000003,False,1472.9893,1508.7093,85.26469999999995,49.54469999999992,0.010129580274224281,0.02228860294117647,15539.508934894344,14824.96854391615,2.5892746904401228e-05,31069.852941176472,22455.36115382203,2.8424484989115575,4.145206407615984,6.948969679796504,17.500882423063675,10.633090617271206,15.741320542329488,59.75614328994519
1558.521,1558.583,USV_1711,0.06200000000012551,5.0,35.72000000000003,False,1472.9893,1508.7093,85.5317,49.81169999999997,0.011748462915420532,0.028170072115384616,17126.15527311504,14975.566881969145,0.00010616240442529647,32332.93269230769,24992.879094944416,3.076641311975524,5.673505477525093,7.517144725910244,18.47927369238154,10.738308261259883,17.07226662412322,59.21339480257708
1560.953,1560.971,USV_1712,0.018000000000029104,5.0,35.72000000000003,False,1472.9893,1508.7093,87.96370000000002,52.24369999999999,0.01265588030219078,0.019856770833333332,17908.180922473664,20082.489073864228,0.00025025446289145444,33583.333333333336,26618.053552067067,2.2926673200614776,7.14897218068898,6.173052551112795,16.12675227411823,10.742960864932295,14.258986590204545,45.50940248906641
1561.066,1561.122,USV_1713,0.05600000000004002,5.0,35.72000000000003,False,1472.9893,1508.7093,88.07670000000007,52.356700000000046,0.01068260706961155,0.020762567934782608,14716.147651435194,14370.8646236457,7.416280784593607e-05,30256.793478260868,24610.00587885552,2.172166983488194,6.338193428775961,7.714299226756725,16.78998725719152,10.171466804147636,15.419936616528592,58.18455846154764
1561.438,1561.463,USV_1714,0.024999999999863576,5.0,35.72000000000003,False,1472.9893,1508.7093,88.44870000000014,52.72870000000012,0.008730193600058556,0.0185546875,16320.993850299948,19622.680797964345,0.0005578557118893457,33062.5,20819.1759049289,2.341626175071527,3.137371951624121,4.226623198324758,14.214811280481618,10.247420426290619,15.055189358426661,48.31200955760348
1561.599,1561.617,USV_1715,0.018000000000029104,5.0,35.72000000000003,False,1472.9893,1508.7093,88.60969999999998,52.88969999999995,0.017389750108122826,0.012641059027777778,17042.855447357433,18017.205891938058,0.0001503094336652644,31760.416666666668,27628.39060444924,2.328525207509495,4.705143812808702,5.928743805145839,10.885987633299116,9.157366870929662,12.316717398670342,46.96624101305148
1561.709,1561.718,USV_1716,0.009000000000014552,5.0,35.72000000000003,False,1472.9893,1508.7093,88.7197000000001,52.999700000000075,0.007228241767734289,0.024576822916666668,20796.143455799745,19673.95754814387,0.00048406107136569725,34046.875,28492.585096683164,1.6524200080710874,2.97081630671191,7.183802335991774,12.714208882112374,10.630273112667359,15.41724707039936,39.92106019300723
1561.852,1561.918,USV_1717,0.06599999999980355,5.0,35.72000000000003,False,1472.9893,1508.7093,88.86270000000013,53.142700000000104,0.011546620167791843,0.018437138310185185,13919.302893305578,14825.617724002886,0.00016656005470037203,28781.25,17716.951138929984,2.0955508908635068,4.2738306165350854,6.147012654066138,17.72110751155517,11.08259639137062,14.382649651496896,57.19775453324433
1561.95,1561.965,USV_1718,0.01499999999987267,5.0,35.72000000000003,False,1472.9893,1508.7093,88.96070000000009,53.24070000000006,0.006231348495930433,0.032745361328125,18773.420244462584,17414.15003556697,0.0002551269518001729,33785.15625,25939.00950712371,1.8021452057650267,4.556769500707787,6.3905668577180785,15.370958551680154,9.932452940202005,13.997022433209262,46.93076043613678
1562.25,1562.301,USV_1719,0.05099999999993088,5.0,35.72000000000003,False,1472.9893,1508.7093,89.26070000000004,53.540700000000015,0.00898386538028717,0.025634765625,16076.335813757227,16276.741326077043,4.789054121842663e-05,32647.321428571428,21241.814610309684,1.98085531296736,4.015632856642405,5.917223005972572,15.747174314443791,10.769116209393344,14.735885638843353,56.870174586220095
1562.386,1562.476,USV_1720,0.09000000000014552,5.0,35.72000000000003,False,1472.9893,1508.7093,89.39670000000001,53.67669999999998,0.010375462472438812,0.025119357638888888,17863.5920531455,15009.99255089039,5.175310865587078e-05,33093.75,28201.68938067907,3.3870036817204063,6.376322864920244,6.169117777254446,17.767970476401352,11.629344045141842,14.341061804806563,59.556885548387854
1562.59,1562.598,USV_1721,0.008000000000038199,5.0,35.72000000000003,False,1472.9893,1508.7093,89.60069999999996,53.88069999999993,0.014221507124602795,0.012451171875,14609.932916171558,20111.434673018033,0.0003106934449214183,30037.5,23524.325923035845,2.3056262625599637,7.709428731635799,3.9913779161715395,13.677007090412994,9.653066267812155,14.676524473886497,34.262361046044234
1562.825,1562.931,USV_1722,0.10599999999999454,5.0,35.72000000000003,False,1472.9893,1508.7093,89.83570000000009,54.11570000000006,0.012148015201091766,0.028488885788690476,16113.771757434402,14701.811383561364,0.0002172168849636249,31241.071428571428,24756.461682530244,2.718402480923178,5.345212169675236,5.990936623199315,17.529749599966927,13.04866541431662,13.85622451310152,59.622651047013655
1562.985,1563.029,USV_1723,0.044000000000096406,5.0,35.72000000000003,False,1472.9893,1508.7093,89.99569999999994,54.275699999999915,0.011242841370403767,0.01762952302631579,15991.9907255308,15609.162416125468,7.025498095809169e-05,31016.447368421053,26639.20804681294,2.8753260482568557,4.451440466179588,4.914158568094099,16.728252588300574,13.420560413288282,14.543924625183825,55.762629768354
1563.121,1563.139,USV_1724,0.01799999999980173,5.0,35.72000000000003,False,1472.9893,1508.7093,90.13170000000014,54.41170000000011,0.012702411971986294,0.030192057291666668,16791.41659517518,19586.453325611717,0.00015811382687362015,31781.25,26609.580303266925,0.7705034246317389,7.271026174181717,5.609343968709883,15.105265408092741,11.563540440084262,12.360860456039726,45.24919482557629
1563.232,1563.243,USV_1725,0.010999999999967258,5.0,35.72000000000003,False,1472.9893,1508.7093,90.24270000000001,54.522699999999986,0.011642779223620892,0.019327799479166668,16204.384368870282,18210.992036143096,0.0004648628534098707,31187.5,26646.975951268065,3.0431061879494794,4.830916651928249,5.2887982598466685,13.470616087330086,10.589646347690056,14.610574638348131,43.708246601098104
1564.355,1564.381,USV_1726,0.026000000000067303,5.0,35.72000000000003,False,1472.9893,1508.7093,91.36570000000006,55.64570000000003,0.009588033892214298,0.017557779947916668,14354.529855106535,16707.873434111276,7.541520854245088e-05,30515.625,17574.347261312814,3.090166153953327,7.0143488196872275,7.740079502365622,18.371589908881518,11.886738216356386,13.468729849049204,50.34962962525035
1566.166,1566.175,USV_1727,0.009000000000014552,5.0,35.72000000000003,False,1472.9893,1508.7093,93.17669999999998,57.456699999999955,0.007718079257756472,0.032430013020833336,19193.84911152592,21498.31623473333,0.0005721433537899187,33453.125,26071.284437082173,1.6062895917441795,3.486903681545259,5.928657042080029,15.371687216379433,9.589076444103505,13.259464079394384,37.039732922235764
1566.725,1566.798,USV_1728,0.07300000000009277,5.0,35.72000000000003,False,1472.9893,1508.7093,93.73569999999995,58.015699999999924,0.00885546114295721,0.028304036458333334,16153.864213296216,15469.767089201012,7.04025700086018e-05,31337.5,23634.93333129088,2.1412977765277983,4.5345377722861775,5.905624129320368,15.146776935091188,11.519329594158105,12.815163592695653,58.51715447680588
1566.923,1567.005,USV_1729,0.08200000000010732,5.0,35.72000000000003,False,1472.9893,1508.7093,93.93370000000004,58.21370000000002,0.012667651288211346,0.015647194602272728,15426.093186002487,14903.395949525762,0.00021881464765771553,31042.613636363636,23836.995611977472,2.9384815630343044,4.205197521216678,5.751912798332247,16.57169822368409,11.684937039366378,14.289694671599237,57.946170819584864
1567.108,1567.153,USV_1730,0.04500000000007276,5.0,35.72000000000003,False,1472.9893,1508.7093,94.11869999999999,58.39869999999996,0.016586976125836372,0.019839638157894735,17631.51695934306,15334.375649033862,0.00014489027870705567,31583.88157894737,25104.23737192678,2.3364910806390027,5.892303467473136,5.244082529000524,14.86754032578016,11.223055927013412,16.71084828015901,57.921078509727174
1567.241,1567.292,USV_1731,0.05099999999993088,5.0,35.72000000000003,False,1472.9893,1508.7093,94.25170000000003,58.5317,0.01063547283411026,0.01404389880952381,15283.660804039837,15648.32689436706,4.313646423474325e-05,31053.571428571428,23329.99835303694,2.9087034196935058,5.150292127400255,5.33171751159218,16.217569132881867,12.677503575935857,14.431641719183498,57.51619970550663
1567.395,1567.447,USV_1732,0.05199999999990723,5.0,35.72000000000003,False,1472.9893,1508.7093,94.40570000000002,58.6857,0.010604233480989933,0.026156338778409092,15158.128420536343,16495.143870331427,0.00022465037411561507,30856.534090909092,22924.64056979893,2.515830441371493,3.5374051298322082,5.121316820010066,14.632961858322535,11.795466284003338,13.659115085867386,54.9014329101968
1567.546,1567.682,USV_1733,0.13599999999996726,5.0,35.72000000000003,False,1472.9893,1508.7093,94.55670000000009,58.836700000000064,0.008540489710867405,0.028117629716981132,15818.461990860342,14961.996412072287,4.1228797203281645e-05,31323.11320754717,22649.571631053775,2.476207753802188,4.91866383484822,4.579337622623599,16.477049359062555,12.36678320987167,15.454387611387023,60.573163967464474
1567.724,1567.772,USV_1734,0.04800000000000182,5.0,35.72000000000003,False,1472.9893,1508.7093,94.73469999999998,59.01469999999995,0.007827718742191792,0.023095703125,15503.647754930567,15742.337622662006,8.779881773345486e-05,31875.0,23004.927107316493,2.888398344859446,4.399179039284956,5.777357008934887,16.9707293577401,11.648982218962153,15.86973353856356,57.30433982309296
1568.797,1568.929,USV_1735,0.13200000000006185,5.0,35.72000000000003,False,1472.9893,1508.7093,95.80770000000007,60.08770000000004,0.011876361444592476,0.019451434795673076,13492.875475067249,14214.587892097214,2.2504534578669502e-05,29250.0,23669.11213048648,2.3248295834531656,5.197311465574886,6.25464571403837,17.481625729663374,11.807241961426438,15.726191108752232,58.87920073990286
1569.767,1569.801,USV_1736,0.03399999999987813,5.0,35.72000000000003,False,1472.9893,1508.7093,96.7777000000001,61.05770000000007,0.009406969882547855,0.020166015625,15628.750221057215,18044.622543480542,0.00010538448856453938,32262.5,26992.580639880518,1.9145226862706894,7.177696761859166,6.124236388007236,15.605918249115923,11.377032591860852,13.571826776689813,51.597256452005624
1570.762,1570.801,USV_1737,0.03899999999998727,5.0,35.72000000000003,False,1472.9893,1508.7093,97.77269999999999,62.05269999999996,0.021462921053171158,0.01859777113970588,13941.505906297274,15609.822838507429,0.00014499409166232702,29625.0,23341.627778290254,1.5865508702394642,3.2444310901242734,8.191431145521312,17.785092300320656,8.77886071324112,13.265878149108364,56.093680458566496
1570.85,1570.869,USV_1738,0.019000000000005457,5.0,35.72000000000003,False,1472.9893,1508.7093,97.86069999999995,62.140699999999924,0.009594259783625603,0.03017578125,16443.05013164892,15660.368870711123,0.00011017112972360832,30703.125,24602.43982609526,1.86264402463187,4.495840548860251,7.657251506163864,19.720524894143633,11.861115183362884,14.936383171966302,51.99734383132015
1571.013,1571.032,USV_1739,0.019000000000005457,5.0,35.72000000000003,False,1472.9893,1508.7093,98.02369999999996,62.303699999999935,0.01138694491237402,0.0281005859375,16999.777683027227,19485.769887719947,0.000918336857442058,31312.5,24005.494218915588,4.014339574026341,5.115572837871577,7.689397058464019,16.21023401351388,9.542766686199675,15.438703984894683,48.66486602099436
1572.691,1572.736,USV_1740,0.04500000000007276,5.0,35.72000000000003,False,1472.9893,1508.7093,99.70170000000007,63.981700000000046,0.009555574506521225,0.04886667351973684,20486.4922588197,17385.269430851728,0.00028654144522119825,38269.73684210526,24566.336619067868,1.9774074977869593,5.125471449307263,6.835380140455291,16.642276485077264,11.544385572210329,15.789749980521794,57.46174679045016
1572.783,1572.809,USV_1741,0.026000000000067303,5.0,35.72000000000003,False,1472.9893,1508.7093,99.79369999999994,64.07369999999992,0.016896476969122887,0.0054931640625,15378.390920235535,17246.420569302794,8.380429185691705e-05,32945.3125,30612.809415316162,2.556067542792336,3.3003202852652884,6.488177181964121,17.04913105614784,10.987772164878583,15.567435235687773,50.61435880759081
1572.893,1572.905,USV_1742,0.011999999999943611,5.0,35.72000000000003,False,1472.9893,1508.7093,99.90370000000007,64.18370000000004,0.010867482051253319,0.03205217633928571,19323.050710088723,15951.273212910673,6.977938855530819e-05,33683.03571428572,26311.960038656667,3.3746102698955815,4.020177227325413,5.772231893424741,13.465576162621733,10.205553847584724,15.018738900347484,46.2530815294488
1573.035,1573.071,USV_1743,0.035999999999830834,5.0,35.72000000000003,False,1472.9893,1508.7093,100.04570000000012,64.3257000000001,0.0127274040132761,0.0066680908203125,13387.100144930755,16611.35327204132,7.869130252474736e-05,29941.40625,25955.803792178856,2.511384088688329,3.519503828115334,5.399021670908014,16.422735099303463,12.370540071954686,14.657442316613459,52.427407616397616
1573.194,1573.323,USV_1744,0.1290000000001328,5.0,35.72000000000003,False,1472.9893,1508.7093,100.2047,64.48469999999998,0.012351027689874172,0.020976945465686275,15225.377081398314,15507.671243423527,0.0001016730893664401,32459.558823529413,29581.814579018377,2.9822436764852873,7.334777705757352,6.235746278897139,16.95020134671993,11.591347835705498,14.803813888423283,58.51427979248825
1573.43,1573.462,USV_1745,0.03199999999992542,5.0,35.72000000000003,False,1472.9893,1508.7093,100.4407000000001,64.72070000000008,0.008026901632547379,0.03435407366071429,19976.279145170145,17982.876198155696,0.00031144544402893014,36448.66071428572,28687.972786283546,3.6087549323737256,3.6248831367955825,6.043635417499927,17.285293724820963,10.037326599690557,14.035714508788526,55.634267857426345
1573.587,1573.616,USV_1746,0.028999999999996362,5.0,35.72000000000003,False,1472.9893,1508.7093,100.59770000000003,64.8777,0.01064599584788084,0.020526592548076924,16703.9773132654,17856.2614153309,0.00030419394365458933,33245.192307692305,25890.541247752677,2.519658448681592,6.326227350941675,5.263962237312585,17.026971793128396,11.107045184584472,14.08475455443058,51.04983734894829
1573.783,1573.84,USV_1747,0.05700000000001637,5.0,35.72000000000003,False,1472.9893,1508.7093,100.79369999999994,65.07369999999992,0.009816820733249187,0.0242919921875,16798.520505102566,18108.248897709174,0.00026838329858573683,34566.40625,28988.853410636013,2.153871945120805,4.363526239495518,5.943266810910029,16.222834466903787,10.955105021375596,12.612887247157678,54.81310854755793
1574.31,1574.403,USV_1748,0.09300000000007458,5.0,35.72000000000003,False,1472.9893,1508.7093,101.32069999999999,65.60069999999996,0.014155249111354351,0.03173828125,16134.96558772904,14211.820506939825,8.849276408306884e-06,31730.574324324323,26155.30794341647,2.1813753512764964,5.509145451970872,7.103787448779024,19.583651272131316,10.294401039759698,15.799278505232014,60.828370887806415
1574.599,1574.665,USV_1749,0.06600000000003092,5.0,35.72000000000003,False,1472.9893,1508.7093,101.60969999999998,65.88969999999995,0.012749244458973408,0.04453305844907408,17921.435603283593,15098.956502929554,2.0352695777046957e-05,34829.86111111111,24078.419630426117,2.1498342741390144,3.815928661910531,6.234531759054172,17.08251655754191,10.337884206709889,17.60120040779984,60.887484704252444
1575.491,1575.522,USV_1750,0.03099999999994907,5.0,35.72000000000003,False,1472.9893,1508.7093,102.50170000000003,66.7817,0.00925733894109726,0.023123604910714284,15155.234005887121,17337.76543693644,0.000105619622148805,30421.875,19492.936669732397,2.741828636534362,4.848465914683911,5.664325270723311,16.048164407414315,12.04489058398899,13.15007012304108,52.687190326853354
1575.555,1575.595,USV_1751,0.03999999999996362,5.0,35.72000000000003,False,1472.9893,1508.7093,102.5657000000001,66.84570000000008,0.014330056495964527,0.00390625,12659.843522433943,14584.45787182362,4.451426850270344e-06,29884.191176470587,26995.61244395154,3.339664191917759,4.5154305336165175,5.407674278892669,15.323359964162826,12.928136565721218,13.609743963003703,55.62680555107139
1575.626,1575.649,USV_1752,0.02299999999991087,5.0,35.72000000000003,False,1472.9893,1508.7093,102.63670000000002,66.91669999999999,0.008288553915917873,0.020951704545454544,16419.399958422677,17769.63348798275,0.0003843792370372488,32190.340909090908,24770.757345237143,2.2376759350261297,4.878016818153669,4.96231386727345,17.042765837613132,10.850752576600247,12.741454837999475,49.00252825128037
1575.816,1575.839,USV_1753,0.02299999999991087,5.0,35.72000000000003,False,1472.9893,1508.7093,102.82670000000007,67.10670000000005,0.009194931946694851,0.024769176136363636,16619.25706490097,17030.102991261647,0.00026670805810216907,31653.409090909092,27057.479616753393,2.843596962512686,5.640069494163658,5.471823782322795,12.900824159317297,12.548510346683702,13.043542478683507,50.133214120344
1575.932,1575.979,USV_1754,0.047000000000025466,5.0,35.72000000000003,False,1472.9893,1508.7093,102.94270000000006,67.22270000000003,0.010918501764535904,0.019873046875,15035.363424210937,15747.067579464256,0.00016100465576834015,31115.625,21848.08283185999,2.1747182854402105,6.896800617148602,4.472313070588258,14.516406791106174,10.810499397427643,14.440612422222927,54.77943629356097
1576.833,1576.854,USV_1755,0.020999999999958163,5.0,35.72000000000003,False,1472.9893,1508.7093,103.84370000000013,68.1237000000001,0.007980388589203358,0.0255615234375,16770.7304287782,17305.351153428124,0.00016034682060141618,31987.5,26660.453123067116,3.207620940688514,5.121506221677074,5.507564161510474,15.951611538101,9.84552076514303,13.236654099283882,49.86547508527898
1577.267,1577.28,USV_1756,0.012999999999919964,5.0,35.72000000000003,False,1472.9893,1508.7093,104.2777000000001,68.55770000000007,0.011188289150595665,0.012834821428571428,15183.016404158485,17155.892575581944,5.743226967902562e-05,30656.25,26769.650926810136,2.200900807481972,5.046108992066777,8.398882423080277,17.07239834326685,10.099279282631102,14.176146284131985,43.90743318006839
1577.478,1577.496,USV_1757,0.018000000000029104,5.0,35.72000000000003,False,1472.9893,1508.7093,104.48870000000011,68.76870000000008,0.008299285545945168,0.017252604166666668,17383.810520110565,19486.84574483624,0.0002532136019086652,32302.083333333332,25414.337869962375,2.3065888647844734,6.654910974364302,6.175099205995756,13.228041589944986,7.845554015393059,14.127352336630587,44.99667209576447
1577.648,1577.712,USV_1758,0.06400000000007822,5.0,35.72000000000003,False,1472.9893,1508.7093,104.65869999999995,68.93869999999993,0.01147853210568428,0.019606370192307692,14661.099943387338,15851.88509694711,0.00011527390597482071,30421.875,22816.031314559576,3.0505521885826523,6.392347346236857,5.704611341285555,16.111993865270147,10.536226183511728,14.734218145484014,56.39588417661551
1578.855,1578.92,USV_1759,0.06500000000005457,5.0,35.72000000000003,False,1472.9893,1508.7093,105.86570000000006,70.14570000000003,0.010721860453486443,0.01750578703703704,14547.918446455013,16007.186085190182,0.0001292069985000557,30565.972222222223,22778.743555603032,2.4550356563742346,4.244564637077249,5.804566686638034,16.293813009550053,10.043038751494956,14.739347649424198,57.044892287919986
1579.197,1579.236,USV_1760,0.03900000000021464,5.0,35.72000000000003,False,1472.9893,1508.7093,106.20769999999993,70.4876999999999,0.014580723829567432,0.008013556985294117,11709.812433234758,14761.275747829435,6.153683344688373e-05,26658.08823529412,16169.539199530856,2.3973716987111064,6.31268934948663,7.052889957517392,17.23670784780634,11.16069141666492,16.13272551868394,54.78198315254119
1579.826,1579.897,USV_1761,0.07099999999991269,5.0,35.72000000000003,False,1472.9893,1508.7093,106.83670000000006,71.11670000000004,0.01128452643752098,0.02208209859913793,14757.900189521979,15520.644874958643,0.0001492833097481442,30724.137931034482,26077.933789466446,2.175823124238118,4.887344508622244,5.960519150672703,16.702093339959344,12.698753172497952,14.459740089970923,57.74804316409669
1579.939,1580.002,USV_1762,0.06299999999987449,5.0,35.72000000000003,False,1472.9893,1508.7093,106.94970000000012,71.2297000000001,0.008660607971251011,0.026348407451923076,16639.665226107703,16585.926193871805,9.209208718184769e-05,32257.21153846154,26893.494121409563,3.17631796760795,5.586030194184754,5.4930569615963725,16.95444581244821,11.000965690762229,13.967292424728601,57.07998216189784
1580.059,1580.132,USV_1763,0.07300000000009277,5.0,35.72000000000003,False,1472.9893,1508.7093,107.06970000000001,71.34969999999998,0.008716164156794548,0.029793294270833333,17568.583087969004,16347.836440498033,0.0001785308900620606,34425.0,24705.36566516075,4.221324581685314,6.0285935188285205,6.47662740562662,15.91319901877977,9.753708397184893,13.856493061815945,57.276507054437154
1580.176,1580.249,USV_1764,0.07300000000009277,5.0,35.72000000000003,False,1472.9893,1508.7093,107.18669999999997,71.46669999999995,0.011365086771547794,0.0212646484375,14910.250180959118,16260.388106778588,0.0002390756901042872,31043.75,24099.789324229918,3.831582256804785,6.042715054075796,6.257628055515896,17.05271135441094,11.631903985314814,15.034324149355777,56.87442606895754
1580.423,1580.487,USV_1765,0.06400000000007822,5.0,35.72000000000003,False,1472.9893,1508.7093,107.43370000000004,71.71370000000002,0.013034180738031864,0.020705003004807692,14034.547721453215,16032.969274670244,7.596455166574212e-05,30850.96153846154,27051.18880324299,2.4987268994074605,5.751313750109452,6.23287178336949,17.183878983590382,11.276211220154872,14.398255509741885,57.05644535865083
1580.651,1580.785,USV_1766,0.13400000000001455,5.0,35.72000000000003,False,1472.9893,1508.7093,107.66170000000011,71.94170000000008,0.00897668581455946,0.031742887676886794,16183.083192270118,14644.735207847138,8.557931126540427e-05,31241.745283018867,25586.04351477118,3.1039476274455358,4.961881529210585,5.805720979517356,16.99970723756724,12.282422516732199,15.089825797335452,61.26137755190681
1581.258,1581.318,USV_1767,0.05999999999994543,5.0,35.72000000000003,False,1472.9893,1508.7093,108.26870000000008,72.54870000000005,0.011177216656506062,0.017705078125,15580.442876122494,17192.029526125345,0.00027733042128509167,31500.0,26314.902090672465,2.4484023697627775,4.344358394369032,6.1659762095685995,15.667650641184709,10.5591320893263,12.188089332655297,55.45104342647905
1581.364,1581.451,USV_1768,0.08699999999998909,5.0,35.72000000000003,False,1472.9893,1508.7093,108.37470000000008,72.65470000000005,0.013688333332538605,0.022007533482142856,14695.486004346689,15115.605362649143,6.539310182714368e-05,30326.785714285714,24866.054683234117,2.819403471716708,6.137426568428191,6.5635767141670485,17.06014291510521,10.344793903501282,13.72156389334931,58.34150610972214
1581.484,1581.507,USV_1769,0.023000000000138243,5.0,35.72000000000003,False,1472.9893,1508.7093,108.49469999999997,72.77469999999994,0.009026735089719296,0.0283203125,17424.13433697945,18355.16414534693,0.00019299498135191319,31713.06818181818,26057.02739531655,0.719523223687482,5.903495320888337,6.393757238648859,14.548172742534382,9.265619935115943,14.348343336060566,50.14323702250943
1582.223,1582.253,USV_1770,0.029999999999972715,5.0,35.72000000000003,False,1472.9893,1508.7093,109.2337,73.51369999999997,0.008466065861284733,0.0235595703125,16834.988935362526,18474.79633310392,0.0004495058135903054,32357.14285714286,25730.488437250508,2.308423129887948,4.665191603802983,5.218787427828645,13.815795534885282,10.330885549094376,12.569865626803145,52.52170863319198
1582.288,1582.407,USV_1771,0.11899999999991451,5.0,35.72000000000003,False,1472.9893,1508.7093,109.29870000000005,73.57870000000003,0.011512511409819126,0.023629695811170214,14774.577120230937,14051.982232098915,0.0001169791302656522,29702.792553191488,19587.513921562106,2.721791129928126,3.4959069690517444,5.911246824606744,16.5524994878197,11.515666588654598,15.238924698621473,61.298520561602366
1582.49,1582.539,USV_1772,0.04899999999997817,5.0,35.72000000000003,False,1472.9893,1508.7093,109.50070000000005,73.78070000000002,0.012895229272544384,0.01760137648809524,13333.163123680852,17024.737797825255,0.00016538947146211753,29776.785714285714,26838.46043355636,2.430504340057049,2.9446372404789964,6.837794894473112,16.299140335101377,11.095017097596436,14.891751204452296,53.506337587398214
1582.728,1582.745,USV_1773,0.016999999999825377,5.0,35.72000000000003,False,1472.9893,1508.7093,109.73870000000011,74.01870000000008,0.00736404862254858,0.023084852430555556,18585.274651294185,21446.808357314716,0.0008999274585130603,34104.166666666664,22946.684511566,2.7307653447958677,5.886707592539306,4.219958461244807,13.109545755643847,10.176919977096604,11.640510421377703,44.73682139648873
1583.427,1583.445,USV_1774,0.018000000000029104,5.0,35.72000000000003,False,1472.9893,1508.7093,110.43769999999995,74.71769999999992,0.01010520663112402,0.023898654513888888,17415.493854136763,20684.044396816786,0.0008361054642867554,32750.0,16090.008342059242,3.5716889587215297,4.277111307143786,5.53201389233379,14.042199870152178,7.780008474447933,11.384255143732997,46.049080537051424
1583.638,1583.716,USV_1775,0.07799999999997453,5.0,35.72000000000003,False,1472.9893,1508.7093,110.64869999999996,74.92869999999994,0.010205494239926338,0.02051544189453125,15784.57845787982,15227.069240189698,0.00015866589814953182,31119.140625,22703.812151075952,2.644176380823419,3.512801365172911,5.585910077239642,17.561872819524396,11.482576904091648,14.988334259904835,58.83490529955544
1583.954,1584.059,USV_1776,0.10500000000001819,5.0,35.72000000000003,False,1472.9893,1508.7093,110.9647,75.24469999999997,0.011212443001568317,0.021013532366071428,14700.920703646309,15301.692193757784,9.378380033945871e-05,31004.464285714286,25948.56394190593,2.11419520163852,7.53946534678448,5.9276397904949425,17.449388348391363,11.54740410031334,14.752014724096247,57.09773274839664
1584.17,1584.207,USV_1777,0.03700000000003456,5.0,35.72000000000003,False,1472.9893,1508.7093,111.18070000000012,75.46070000000009,0.013544952496886253,0.018310546875,16360.860513981166,16508.547439819544,0.0002134331285711975,29894.53125,24782.87062579624,2.712516233478277,5.876681858636659,4.383944630219164,15.258715335952218,10.882684157562093,12.88076231335469,54.959322468518465
1584.798,1584.845,USV_1778,0.047000000000025466,5.0,35.72000000000003,False,1472.9893,1508.7093,111.80870000000004,76.08870000000002,0.012790580280125141,0.0208740234375,15822.546963689849,16423.737396122393,4.045878763652344e-05,32151.5625,26088.706001654,1.8970650758393215,6.429235055464015,7.113832257202523,17.971324727641736,10.907385631687053,13.330432670745276,55.5481348899984
1585.269,1585.278,USV_1779,0.009000000000014552,5.0,35.72000000000003,False,1472.9893,1508.7093,112.27970000000005,76.55970000000002,0.008613643236458302,0.020467122395833332,18037.98782004642,21276.620723729076,0.0004890878628189343,31531.25,17489.206004048112,2.2570477129645687,4.872775659098267,5.296575515686051,11.808306338391398,8.449204116141013,10.511805848505817,38.75680271910877
1585.576,1585.657,USV_1780,0.0809999999999036,5.0,35.72000000000003,False,1472.9893,1508.7093,112.58670000000006,76.86670000000004,0.011393019929528236,0.030221650094696968,16366.042630440754,14922.748614459675,4.5708729636708044e-05,31352.272727272728,19829.17824210542,3.2574705823615395,5.348142477773593,5.5563529971360825,16.425391631228994,11.02670887186317,14.56840485285862,58.429463899271845
1586.379,1586.435,USV_1781,0.05600000000004002,5.0,35.72000000000003,False,1472.9893,1508.7093,113.38969999999995,77.66969999999992,0.0099686523899436,0.01309867527173913,15241.69114851323,15927.534992688088,0.00016480043116521344,31243.206521739132,25050.20369297777,2.488490706439165,5.341837400358272,6.499502272502269,16.491301466397978,13.644041060085891,15.196627364366563,57.08776499681852
1586.647,1586.729,USV_1782,0.08200000000010732,5.0,35.72000000000003,False,1472.9893,1508.7093,113.65769999999998,77.93769999999995,0.01069153193384409,0.019901160037878788,14944.308439432782,15672.618778011289,0.00010195218619321292,31639.204545454544,24319.330073231667,1.97487118997739,6.6510974944735235,6.106471444498779,16.611482309912034,12.185367119051614,14.727257453352362,57.21116961189045
1586.8,1586.823,USV_1783,0.023000000000138243,5.0,35.72000000000003,False,1472.9893,1508.7093,113.8107,78.09069999999997,0.010347322560846806,0.020885120738636364,16399.186440550704,17072.86218985972,0.00022569052905037191,31235.795454545456,18588.40395360295,3.9936835096702823,6.272942589910386,8.026089850801243,16.948156269862423,10.425117437039775,13.833533664105628,51.42697811275429
1587.041,1587.114,USV_1784,0.07300000000009277,5.0,35.72000000000003,False,1472.9893,1508.7093,114.05169999999998,78.33169999999996,0.009278785437345505,0.027791341145833332,16227.815602976294,15249.453545318853,0.0002526528647928935,31240.625,22932.43495524068,3.288477294828911,5.144430609522662,5.602066787360057,16.486468599904775,11.750823340806006,14.19448320094852,58.07884256948187
1587.639,1587.705,USV_1785,0.06600000000003092,5.0,35.72000000000003,False,1472.9893,1508.7093,114.64969999999994,78.92969999999991,0.010714326053857803,0.029975043402777776,16363.34754028394,15701.933584631406,0.0002650431898285061,31593.75,22783.569631269063,2.9035058302982155,4.632995127974205,4.736339456634909,15.309120210854868,10.065060026203783,14.010425369992886,57.24991635319389
1587.768,1587.8,USV_1786,0.03199999999992542,5.0,35.72000000000003,False,1472.9893,1508.7093,114.77870000000007,79.05870000000004,0.008985745720565319,0.022321428571428572,16326.892452105656,17604.059966137072,0.000321186046170585,31647.321428571428,26383.199135437317,2.2690803878272936,4.442395719518617,5.410436959572718,13.55107424734713,11.670908475611082,14.298800487407993,52.827778426319
1588.152,1588.207,USV_1787,0.055000000000063665,5.0,35.72000000000003,False,1472.9893,1508.7093,115.16270000000009,79.44270000000006,0.009247015230357647,0.022206182065217392,14806.297267993383,15423.941586453888,0.00020421977101695745,30558.42391304348,21768.677042772073,2.4188674822731047,5.553879636641741,5.74391300054206,17.15292621632176,12.082012916164844,15.67124074698834,56.530130238732774
1588.318,1588.326,USV_1788,0.008000000000038199,5.0,35.72000000000003,False,1472.9893,1508.7093,115.32870000000003,79.6087,0.00747746741399169,0.0177734375,19123.434536607514,22347.412688884833,0.0005783553569683007,33806.25,20843.940035915613,2.2428654026284582,1.8987588151480235,2.7037752379573208,15.10061188603172,11.386039490995728,14.158987725098802,34.074489147082645
1588.374,1588.513,USV_1789,0.13899999999989632,5.0,35.72000000000003,False,1472.9893,1508.7093,115.38470000000007,79.66470000000004,0.011336292140185833,0.02241120515046296,14189.941192346098,14748.847941421403,4.31333028919973e-05,30276.041666666668,23801.258123882584,2.87620634987899,4.479840025016496,6.552975663794681,16.70545247067232,11.670973364323599,14.633209806792516,60.498439410787164
1588.75,1588.854,USV_1790,0.10400000000004184,5.0,35.72000000000003,False,1472.9893,1508.7093,115.76070000000004,80.04070000000002,0.011136122979223728,0.021817835365853657,16548.448847521086,15149.204013456043,3.1904880714805994e-05,32810.21341463415,28439.09806018837,3.605366294798681,5.271207898631309,5.769950384225441,16.94633024656761,12.411490824386705,14.802965119694013,60.28732645739563
1588.907,1588.941,USV_1791,0.0340000000001055,5.0,35.72000000000003,False,1472.9893,1508.7093,115.91769999999997,80.19769999999994,0.01248752512037754,0.008528645833333333,16278.431451676131,18333.52861815679,0.00015966296909229735,32793.75,24504.2920801623,2.7499524263024093,4.025545468575612,5.556814850541623,14.914924372462911,11.718811443877364,13.028608667352074,51.816134672940315
1588.994,1589.008,USV_1792,0.014000000000123691,5.0,35.72000000000003,False,1472.9893,1508.7093,116.00469999999996,80.28469999999993,0.009154969826340675,0.0303955078125,21207.37988009271,21370.74894199331,0.0007241107606645479,35683.59375,26367.63138291858,1.9656892993220314,3.3012142677909697,4.448352608618513,13.095232042705215,8.279992297090894,15.437769889999668,44.10405951438977
1589.046,1589.181,USV_1793,0.1349999999999909,5.0,35.72000000000003,False,1472.9893,1508.7093,116.05670000000009,80.33670000000006,0.011660031974315643,0.021212595813679246,15660.728542968802,14995.472905623772,3.698155376253001e-05,31844.92924528302,21857.468039502997,2.9113638741958163,6.924336917642236,6.0462567597860986,18.224512144829013,11.658434012807923,15.139411485836138,59.32043096806486
1589.871,1589.992,USV_1794,0.12099999999986721,5.0,35.72000000000003,False,1472.9893,1508.7093,116.88170000000014,81.16170000000011,0.011527986265718937,0.030095418294270832,16285.450205097004,14577.42843004055,8.623909190629224e-05,31279.296875,24542.89350114117,2.198401500249943,4.200839989536057,6.090574406778309,17.770975004729618,11.643483495857959,14.418514990126281,61.457261106057466
1590.279,1590.297,USV_1795,0.018000000000029104,5.0,35.72000000000003,False,1472.9893,1508.7093,117.28970000000004,81.56970000000001,0.012762932106852531,0.008978949652777778,17108.748068660418,19746.747059290676,0.0004217135662775479,33885.416666666664,29790.718821316284,2.269388972094494,4.290681099666114,4.4009059612447,12.84178598930706,10.157872361753952,14.135313664910797,46.701765789749544
1591.348,1591.363,USV_1796,0.015000000000100044,5.0,35.72000000000003,False,1472.9893,1508.7093,118.3587,82.63869999999997,0.007408136501908302,0.043609619140625,19720.14219681798,17286.421048297387,0.000332071764991277,34582.03125,29585.645283395264,2.492575491867858,5.6417079357397215,4.998269751399261,17.675221940169052,9.99224419458207,17.03107783722986,47.17296657973878
1591.802,1591.904,USV_1797,0.10200000000008913,5.0,35.72000000000003,False,1472.9893,1508.7093,118.81269999999995,83.09269999999992,0.010320231318473816,0.018274818978658538,15196.305876716284,15329.92390867637,5.6196651688585395e-05,31403.963414634145,26334.907684412796,3.6166281918458236,5.383197605705675,6.324437528553582,16.67184864534721,11.84250963414615,14.659815536582963,59.59085924562121
1592.218,1592.23,USV_1798,0.011999999999943611,5.0,35.72000000000003,False,1472.9893,1508.7093,119.22870000000012,83.50870000000009,0.0057256282307207584,0.030168805803571428,20685.288027456518,24160.16825047768,0.0009747419628113242,35785.71428571428,27930.770513132124,1.6429111085554002,3.8463734166875967,3.736454134323805,14.585931771186264,10.507039824010686,15.712062881002694,39.682929837444604
1592.307,1592.386,USV_1799,0.07899999999995089,5.0,35.72000000000003,False,1472.9893,1508.7093,119.31770000000006,83.59770000000003,0.011558640748262405,0.03702545166015625,17822.444389187644,14781.166814281805,0.00015768599286982262,31371.09375,24155.01191887218,3.082354558852062,4.954780395388494,6.0767668089403575,15.754662908797464,11.905854681928881,13.532948354175842,59.910278212407874
1594.013,1594.038,USV_1800,0.02500000000009095,5.0,35.72000000000003,False,1472.9893,1508.7093,121.02369999999996,85.30369999999994,0.013916339725255966,0.02020263671875,16366.440207158455,17317.800600395505,0.0001344365921047547,29578.125,22903.61463581554,2.5364259049938913,3.5232968366133974,5.343807919886937,16.417773280036208,11.195527151287308,14.128346359960169,51.88454452004557
1594.084,1594.104,USV_1801,0.01999999999998181,5.0,35.72000000000003,False,1472.9893,1508.7093,121.0947000000001,85.37470000000008,0.013045650906860828,0.01728515625,15738.416593237314,16085.342399773017,0.00010567175811410018,31528.125,20564.110303218207,2.140119752212087,6.029693474358129,5.154477920005453,14.78972128495219,12.089511315835551,16.426278780700883,48.924376191104535
1594.28,1594.33,USV_1802,0.049999999999954525,5.0,35.72000000000003,False,1472.9893,1508.7093,121.29070000000002,85.57069999999999,0.009142333641648293,0.03722563244047619,16318.150342437779,14525.722130322756,4.792325494327603e-05,30754.464285714286,18029.43567668622,2.6994012593977295,5.120392915134012,6.537359276688798,17.781788698240778,12.301660413683557,14.838899300401167,58.00722812179439
1594.37,1594.428,USV_1803,0.0580000000002201,5.0,35.72000000000003,False,1472.9893,1508.7093,121.38069999999993,85.6606999999999,0.010790177620947361,0.029744466145833332,15556.645330463982,15380.613402640161,5.046111616743651e-05,32062.5,20257.295234231304,2.7203278711075156,4.768525098963009,5.89479657851943,15.705687941194704,11.538807403919302,14.941513767295092,56.03520726013596
1594.514,1594.538,USV_1804,0.024000000000114596,5.0,35.72000000000003,False,1472.9893,1508.7093,121.52469999999994,85.80469999999991,0.010386564768850803,0.022372159090909092,16458.570843269954,16152.304856024402,5.2670312774379336e-05,31798.295454545456,22342.887537024293,2.269851139954911,4.280859316224022,4.844684464284075,16.308954501662527,10.531815774580751,13.830617042255126,51.5661411191119
1594.597,1594.62,USV_1805,0.02299999999991087,5.0,35.72000000000003,False,1472.9893,1508.7093,121.60770000000002,85.8877,0.008710043504834175,0.03058416193181818,18083.752376680815,18635.647389319274,0.0005937381116680545,31764.204545454544,20023.72902283463,2.48224833011779,4.113974521927614,5.095146181486701,14.071154037672006,9.804617449924715,14.108565306334565,50.67612007968457
1594.701,1594.715,USV_1806,0.013999999999896318,5.0,35.72000000000003,False,1472.9893,1508.7093,121.71170000000006,85.99170000000004,0.01769847236573696,0.00799560546875,15279.792692755476,20313.901259811428,0.0004964044694814795,31230.46875,27528.25049648397,2.4369431691312493,6.346360012844058,6.953042650046667,14.671126418945182,10.033889168505615,12.534055139289954,41.64762310107244
1594.797,1594.818,USV_1807,0.020999999999958163,5.0,35.72000000000003,False,1472.9893,1508.7093,121.80770000000007,86.08770000000004,0.008320912718772888,0.02109375,16266.063768197444,18663.610410441477,0.0004447662420756073,32165.625,21283.60358476014,3.47506873278392,4.719959202458586,4.753372257442637,14.142762185506507,8.896745668498948,14.948140315891019,47.410969828676414
1594.965,1595.091,USV_1808,0.12599999999997635,5.0,35.72000000000003,False,1472.9893,1508.7093,121.97569999999996,86.25569999999993,0.011995251290500164,0.0358935546875,16324.140362887238,14390.300529012522,2.896525110647535e-05,31368.75,22579.259195216753,2.469391276921716,5.38423022227183,5.18603364684627,16.46411406552231,11.078393679196997,14.468217642925554,60.72528830872131
1595.127,1595.214,USV_1809,0.08699999999998909,5.0,35.72000000000003,False,1472.9893,1508.7093,122.1377,86.41769999999997,0.010404380038380623,0.01928013392857143,14893.677171365247,15412.58393732273,0.00017226806426879092,30591.964285714286,20864.73265722092,4.337133602423743,5.009995071450253,5.852477001820191,16.850478242981126,11.11477684509835,14.32092125402568,58.982609156180324
1595.26,1595.299,USV_1810,0.03899999999998727,5.0,35.72000000000003,False,1472.9893,1508.7093,122.27070000000003,86.5507,0.009828343987464905,0.015423943014705883,15265.092846328114,17157.69836255504,0.00021848232220584326,31158.08823529412,26205.288534986736,2.52780135581973,3.0603217222401566,5.76107534568309,17.04763218630081,10.67393209828957,13.222682353524263,53.20104684169432
1595.363,1595.46,USV_1811,0.09699999999997999,5.0,35.72000000000003,False,1472.9893,1508.7093,122.3737000000001,86.65370000000007,0.012021683156490326,0.017922425881410256,14624.956371944809,15390.814520561142,8.784750998709905e-05,30774.03846153846,21137.026886698284,2.4905616769181114,5.334095398108401,6.234108746813317,17.68964854099614,11.599650075257053,15.071428392066164,58.16931324647967
1595.671,1595.718,USV_1812,0.047000000000025466,5.0,35.72000000000003,False,1472.9893,1508.7093,122.68170000000009,86.96170000000006,0.011807085014879704,0.02010498046875,14946.122409820027,16997.029588238664,0.00010429557545629816,31087.5,24874.562878683886,2.2539527159980226,6.7822690862995625,4.922787556809248,14.99590607003915,11.13167293206531,14.799985660576018,53.81814885391897
1595.79,1595.898,USV_1813,0.10799999999994725,5.0,35.72000000000003,False,1472.9893,1508.7093,122.8007,87.08069999999998,0.009737317450344563,0.01980945675872093,14644.562188318092,14995.178169119084,9.444535744990265e-05,30383.720930232557,20120.366183532416,3.1895870698706164,5.289216213842868,5.838096567712446,16.60908066286484,11.25664378657713,14.410084812787632,57.90098624664449
1596.047,1596.057,USV_1814,0.009999999999990905,5.0,35.72000000000003,False,1472.9893,1508.7093,123.05770000000007,87.33770000000004,0.007615285459905863,0.0296630859375,17031.6066920624,19861.764664443614,0.0004961323804360461,30718.75,19781.42893092233,3.5222015541946363,5.941431660591223,6.536256305875576,17.25129043007973,8.599451019830203,12.331196670479649,38.0886740821014
1596.142,1596.152,USV_1815,0.009999999999990905,5.0,35.72000000000003,False,1472.9893,1508.7093,123.1527000000001,87.43270000000007,0.012801808305084705,0.005045572916666667,14986.555677726925,18303.27883580545,0.00012132734111201149,30953.125,18828.193264789898,1.6913004149745772,5.203925348646144,5.594191451782456,12.9995943412929,7.775288281161727,14.08390201695502,38.983331401358555
1596.897,1596.919,USV_1816,0.02200000000016189,5.0,35.72000000000003,False,1472.9893,1508.7093,123.90769999999998,88.18769999999995,0.012143049389123917,0.02361505681818182,18865.783280459593,22373.913882341425,0.000815764540828537,36553.97727272727,25590.773209405572,1.6375196443477866,5.650934592237181,6.009143932134833,14.238475230952616,10.639831778525231,12.828488380986782,47.70002197284143
1597.038,1597.075,USV_1817,0.03700000000003456,5.0,35.72000000000003,False,1472.9893,1508.7093,124.04870000000005,88.32870000000003,0.010823478922247887,0.0210418701171875,16497.00799861281,17156.695114945942,0.00010809449193915582,32701.171875,21604.214838493812,2.460227896852075,5.197339093024563,6.012012954826551,17.289227082224134,11.487720050828987,14.67184916076213,54.60900822213118
1597.421,1597.44,USV_1818,0.019000000000005457,5.0,35.72000000000003,False,1472.9893,1508.7093,124.43170000000009,88.71170000000006,0.00813269428908825,0.025390625,20917.974073572626,21852.499739881383,0.0009275659212289761,36328.125,24941.544681581327,1.561203078415537,3.608877309075423,5.478107704579264,11.180326386215212,10.213377194068528,12.144497076058736,47.24154655789681
1597.516,1597.631,USV_1819,0.1150000000000091,5.0,35.72000000000003,False,1472.9893,1508.7093,124.52670000000012,88.80670000000009,0.01172659732401371,0.024721891983695652,14876.633045152637,14728.264107201592,7.974522928587519e-05,30134.510869565216,21322.91553364085,3.093771266262348,4.914468129498913,5.4320345787003115,16.359029230267556,11.701473909076016,15.285017125585593,59.09421238518492
1597.686,1597.794,USV_1820,0.10800000000017462,5.0,35.72000000000003,False,1472.9893,1508.7093,124.69669999999996,88.97669999999994,0.009408573620021343,0.024016624273255814,15552.805417028922,14640.018129901704,2.8084296705911936e-05,31253.633720930233,22168.9655124793,2.5509566390353466,4.733557929431166,6.033382686715959,16.98637690748956,11.16838610379879,15.126381364697377,59.10296721436256
1597.867,1597.891,USV_1821,0.024000000000114596,5.0,35.72000000000003,False,1472.9893,1508.7093,124.8777,89.15769999999998,0.012189486064016819,0.019020774147727272,16250.621809763283,18422.927556129194,0.00025348657456985863,31440.340909090908,25385.77424068862,3.0875664376049645,5.506250717057292,7.112955810436256,14.893629123314632,9.960136554546303,13.871979085812344,49.285307360312395
1597.932,1597.948,USV_1822,0.016000000000076398,5.0,35.72000000000003,False,1472.9893,1508.7093,124.94270000000006,89.22270000000003,0.007647432386875153,0.057464599609375,20976.681207036978,18901.341471114727,0.0009887788840688564,34652.34375,27511.341695341252,1.3888554958813564,3.1069357311623405,7.022594347048306,16.115567990625422,10.713247045120411,14.656878858725147,47.25303576111872
1598.047,1598.08,USV_1823,0.032999999999901775,5.0,35.72000000000003,False,1472.9893,1508.7093,125.05770000000007,89.33770000000004,0.00977754034101963,0.037369791666666666,17413.243901221915,15550.419892594286,0.00030935983370606934,30581.25,19694.35306247169,2.653897831812135,4.7588659759235385,5.722168650342925,16.40184344849531,12.067674369223768,14.436160285065158,55.454687421796976
1601.136,1601.145,USV_1824,0.009000000000014552,5.0,35.72000000000003,False,1472.9893,1508.7093,128.1467,92.42669999999998,0.009053857997059822,0.01904296875,19229.641892198084,20751.462576150905,0.0004747397805199475,33656.25,25845.47569799717,1.9683116293378304,5.570213074215485,2.3499214570428966,13.669510980908887,9.673836909419618,14.946730172668985,38.518986524548765
1601.174,1601.231,USV_1825,0.05700000000001637,5.0,35.72000000000003,False,1472.9893,1508.7093,128.18470000000002,92.4647,0.010288250632584095,0.017100016276041668,15480.208532747652,15921.085843531604,0.00020460859573101191,31574.21875,23548.657968899683,2.330533390677856,4.088397685658431,5.485314743364701,16.0143977435993,11.904080198483976,14.12823175209902,56.800864188920436
1602.101,1602.112,USV_1826,0.010999999999967258,5.0,35.72000000000003,False,1472.9893,1508.7093,129.11170000000016,93.39170000000013,0.008429300971329212,0.020100911458333332,19819.73135579198,21672.373219469166,0.0011318278018792665,34593.75,27507.84670739107,2.188458338023614,1.195880778276993,5.386250996888488,10.179317221405269,8.384397605814558,13.63052662997257,43.8842754703061
1602.195,1602.212,USV_1827,0.01700000000005275,5.0,35.72000000000003,False,1472.9893,1508.7093,129.20569999999998,93.48569999999995,0.011306848376989365,0.028021918402777776,19945.92810511453,20575.480861974553,0.0007169779678637007,33947.916666666664,26374.704852628736,2.366360412264733,6.163839701362878,5.434171021344355,15.85488885555645,9.976161034203212,14.822990086408172,46.24122565809875
1602.74,1602.794,USV_1828,0.05400000000008731,5.0,35.72000000000003,False,1472.9893,1508.7093,129.75070000000005,94.03070000000002,0.006309375166893005,0.03574006453804348,16822.495492969203,16044.226002951067,0.0002353429748996767,32095.108695652172,16522.478120359374,2.396528719198723,4.720659311645298,5.639332664184566,16.15144907941474,10.453988630905055,14.75917677147261,56.72169054694907
1602.868,1602.963,USV_1829,0.09500000000002728,5.0,35.72000000000003,False,1472.9893,1508.7093,129.87869999999998,94.15869999999995,0.010512133128941059,0.021143863075657895,14395.426116500994,15759.075472221733,0.00015832771220461816,31065.78947368421,21770.687901767247,2.4105515885335933,5.351402912302178,5.353863008685349,16.214901506382414,10.760770016442704,13.869740306629383,57.14341856518147
1603.056,1603.083,USV_1830,0.027000000000043656,5.0,35.72000000000003,False,1472.9893,1508.7093,130.06670000000008,94.34670000000006,0.008871515281498432,0.024113581730769232,15226.72140185653,18517.55580301852,0.0002712728433609615,31939.903846153848,21062.166960259885,1.9188560745344805,3.3366285613847326,4.833221712315429,14.264731423976274,11.22680027789381,12.759293128915617,50.160768870175716
1603.174,1603.253,USV_1831,0.07899999999995089,5.0,35.72000000000003,False,1472.9893,1508.7093,130.18470000000002,94.4647,0.011364690028131008,0.0340118408203125,16380.609308020339,15055.924647285698,5.6179951389804346e-05,31725.5859375,24449.40628862212,2.7358825427801685,6.899912635837529,6.257631431715565,16.20526255354589,11.440330181059092,13.836168247855525,58.10476419817221
1603.484,1603.505,USV_1832,0.021000000000185537,5.0,35.72000000000003,False,1472.9893,1508.7093,130.49469999999997,94.77469999999994,0.012858125381171703,0.011279296875,13517.812475509509,16878.924165579272,7.435426338831272e-05,29456.25,19456.203857503577,2.137955600004359,4.69324335045354,4.873166282211557,13.967928486698693,10.933344406214417,13.952754208353587,49.42554795008149
1603.646,1603.661,USV_1833,0.015000000000100044,5.0,35.72000000000003,False,1472.9893,1508.7093,130.6567,94.93669999999997,0.010002023540437222,0.01806640625,17072.8967399643,16902.90323920345,0.0006775758266084025,30761.71875,21953.35081216278,4.8374733423337,4.032860446742056,5.148127708035626,12.526740682962856,9.550273180067194,15.097277796304816,45.98829785297159
1603.878,1603.898,USV_1834,0.01999999999998181,5.0,35.72000000000003,False,1472.9893,1508.7093,130.88869999999997,95.16869999999994,0.014297276735305786,0.0300048828125,17272.808705584335,19477.32727836531,0.0007356757638349885,34481.25,26826.867756191154,3.290094090615768,1.8404807419810674,5.2835384152152,15.329347150195218,9.175935546375197,14.432098801590632,48.810983093266614
1604.417,1604.43,USV_1835,0.013000000000147338,5.0,35.72000000000003,False,1472.9893,1508.7093,131.42769999999996,95.70769999999993,0.007217308972030878,0.028948102678571428,18151.940496642135,19406.988095891003,0.0006288522165285718,33133.92857142857,26176.687548009322,1.2729538306448889,3.107157176286223,4.29890967505243,15.401517742137099,8.44425578773797,14.376607739831686,43.14321225457319
1604.678,1604.745,USV_1836,0.0669999999997799,5.0,35.72000000000003,False,1472.9893,1508.7093,131.68870000000015,95.96870000000013,0.025783095508813858,0.013897931134259259,9842.926579651425,13761.419736852296,0.00015005917432830837,24326.38888888889,29273.018561293935,3.2155384860545833,3.068619746529847,7.508799538495982,15.227466436422278,9.870786069660072,16.401130751276657,58.100754289299665
1605.623,1605.636,USV_1837,0.012999999999919964,5.0,35.72000000000003,False,1472.9893,1508.7093,132.6337000000001,96.91370000000006,0.08195074647665024,0.016775948660714284,13932.021352212894,20433.39072435611,0.0002525885381860162,29062.5,31896.241048616015,1.7844947368647215,1.9824629339842839,7.275733339466809,15.227675403447668,10.914366281965739,12.505672988198894,40.936793336060326
1606.291,1606.327,USV_1838,0.03600000000005821,5.0,35.72000000000003,False,1472.9893,1508.7093,133.30169999999998,97.58169999999996,0.06910599023103714,0.0271148681640625,12288.971002551463,13671.388477970633,0.00018056526931180473,22552.734375,30075.718033236953,3.940478085931372,2.40236488005163,6.869661656543585,17.725232004478023,9.765956702362018,15.627976783539193,55.85902395770913
1606.562,1606.605,USV_1839,0.04300000000012005,5.0,35.72000000000003,False,1472.9893,1508.7093,133.57269999999994,97.85269999999991,0.05205997824668884,0.009251644736842105,10099.221043575293,14418.288053154878,0.0002359471432325833,23792.763157894737,28009.77645458542,2.2310096269921402,2.5112216386145065,8.664295954117007,16.336727162162564,10.927192451898696,14.09165289205076,55.760875419052304
1606.772,1606.785,USV_1840,0.013000000000147338,5.0,35.72000000000003,False,1472.9893,1508.7093,133.78269999999998,98.06269999999995,0.01408716943114996,0.022007533482142856,13763.107584776744,16233.491883743103,3.7142379066822126e-05,31178.571428571428,28968.63802474009,1.1006385108435872,6.954772945058094,8.469764532002108,20.65788826382107,10.407706058837205,16.666554106720906,45.125416288507985
1607.158,1607.193,USV_1841,0.035000000000081855,5.0,35.72000000000003,False,1472.9893,1508.7093,134.16869999999994,98.44869999999992,0.007296407595276833,0.0263824462890625,16587.04175873395,16165.892018639195,0.000300022795570484,31669.921875,21501.54349499951,3.3071078290321756,4.241749959676403,5.668226406261489,16.7953108869386,10.718051129017052,14.593102930051256,54.554132556993366
1607.555,1607.582,USV_1842,0.027000000000043656,5.0,35.72000000000003,False,1472.9893,1508.7093,134.5657000000001,98.84570000000008,0.0076576764695346355,0.02208533653846154,17801.558378026697,20147.68692897978,0.0004007772781218039,33685.096153846156,27605.26885253753,2.4717039621775942,3.538375645842075,5.8578732075079065,14.568294351737032,11.242083946071066,14.782196152943767,51.13435932449314
1608.796,1608.816,USV_1843,0.01999999999998181,5.0,35.72000000000003,False,1472.9893,1508.7093,135.8067000000001,100.08670000000006,0.006627865135669708,0.030517578125,16467.6323859411,15229.21813123713,5.974740388998454e-05,31743.75,24839.955563998068,2.239238428257098,4.5567187937024345,4.9623522464003695,14.498785191125398,9.597219898406737,14.428696064466484,52.29846966125005
1608.978,1608.988,USV_1844,0.009999999999990905,5.0,35.72000000000003,False,1472.9893,1508.7093,135.9887000000001,100.26870000000008,0.010874197818338871,0.020955403645833332,17394.551133883768,23582.44820731941,0.0004271106629394398,32765.625,26178.227094813858,3.1413397051757523,4.7691856407254285,5.210524443909713,16.537071680077748,9.016687548046853,12.416428427365938,35.7797181263657
1609.111,1609.22,USV_1845,0.1089999999999236,5.0,35.72000000000003,False,1472.9893,1508.7093,136.12170000000015,100.40170000000012,0.012275734916329384,0.029870321584302327,15248.82138771302,15183.825630510608,7.871616765578027e-05,31846.656976744187,24517.266560941123,2.0279263511523835,6.752238362524857,5.514169240304281,15.165886929425403,10.981986539779752,14.70172378446823,57.933143866689385
1609.297,1609.329,USV_1846,0.03199999999992542,5.0,35.72000000000003,False,1472.9893,1508.7093,136.30770000000007,100.58770000000004,0.011543790809810162,0.021013532366071428,15427.34708371424,17562.327128416047,0.00042586108515156926,32397.321428571428,26758.34604164294,1.5951871311700125,6.721982211127864,8.112631535450618,17.655916304427656,9.274944616017004,14.603798563622318,52.485699044731575
1609.508,1609.547,USV_1847,0.03899999999998727,5.0,35.72000000000003,False,1472.9893,1508.7093,136.51870000000008,100.79870000000005,0.012411580421030521,0.01716164981617647,16687.094241212366,17726.41976364368,0.00015353538435594093,32773.89705882353,27096.26797609599,2.455223765259668,4.215108155938401,5.027735553661507,13.654208209263622,12.20137815019224,14.543324043687928,53.64092612877107
1610.102,1610.167,USV_1848,0.0649999999998272,5.0,35.72000000000003,False,1472.9893,1508.7093,137.11270000000013,101.3927000000001,0.012522561475634575,0.02082429108796296,17491.919716944984,16206.974400359668,0.0004101989839514621,34434.02777777778,28074.330121562947,2.5837239416597746,4.744676438536193,6.973958062598888,15.74636749216974,11.250556827549163,15.165930153168462,58.21226845496076
1610.884,1610.9,USV_1849,0.016000000000076398,5.0,35.72000000000003,False,1472.9893,1508.7093,137.89470000000006,102.17470000000003,0.01803573966026306,0.0130615234375,13435.089493868742,20070.08721538114,0.00017007136406635556,29671.875,27295.513765909665,0.7742456935524562,7.104094311498621,8.603118375307348,15.086276218441567,9.424347038344393,14.895345405495164,41.15231871975945
1611.306,1611.368,USV_1850,0.06199999999989814,5.0,35.72000000000003,False,1472.9893,1508.7093,138.31670000000008,102.59670000000006,0.012379699386656284,0.016507662259615384,14961.198773842005,16159.044686185709,0.00025965744516165314,30548.076923076922,25697.929844293158,3.1028914116898125,4.540738881566782,5.339860391353077,18.1902985714469,12.537510077458368,15.06427596742365,55.93103092849555
1611.491,1611.606,USV_1851,0.1150000000000091,5.0,35.72000000000003,False,1472.9893,1508.7093,138.50170000000003,102.7817,0.009524133056402206,0.04073433254076087,17222.67529503741,15116.097342583196,3.7909620959311e-05,31993.206521739132,25118.8821051705,2.1313582681708874,5.100568935588534,5.890203237231374,16.6613373652492,10.936469622517228,15.93913422815955,59.93957638333902
1611.823,1611.832,USV_1852,0.009000000000014552,5.0,35.72000000000003,False,1472.9893,1508.7093,138.83370000000014,103.11370000000011,0.008627424016594887,0.010335286458333334,18775.836498915185,24552.68565616116,0.0005544691458871029,34250.0,23414.3733592748,2.1643555138330197,2.563403972291612,4.093394709471638,15.02562569150553,9.64143075936661,12.129749822268913,35.99169145429815
1612.953,1612.967,USV_1853,0.014000000000123691,5.0,35.72000000000003,False,1472.9893,1508.7093,139.96370000000002,104.24369999999999,0.07856819778680801,0.01409912109375,12184.809840148147,18316.683434585364,0.0004823447504390788,28382.8125,30186.77998773349,3.0070600636858247,2.872375492895899,9.331902401600153,18.30460398743849,8.436827028008102,13.84834415724837,45.394776767499366
1613.05,1613.067,USV_1854,0.01700000000005275,5.0,35.72000000000003,False,1472.9893,1508.7093,140.0607,104.34069999999997,0.016806408762931824,0.012668185763888888,13286.273239980403,22011.617830759256,0.0005121338648376599,30135.416666666668,26249.452294055358,2.4204230700789484,6.885553827834772,7.156527671024234,16.92822258522618,9.01659836314721,14.969059023546123,43.56625486023804
1615.034,1615.086,USV_1855,0.05199999999990723,5.0,35.72000000000003,False,1472.9893,1508.7093,142.04470000000015,106.32470000000012,0.01205207034945488,0.02057439630681818,14432.223723568675,15897.653173616412,5.413927375574515e-05,30848.011363636364,20069.527918271204,2.1115987489115198,4.701839109884793,5.529235728159258,15.257770386020077,11.084516214878645,12.997410791846864,55.871100956493905
1615.329,1615.344,USV_1856,0.015000000000100044,5.0,35.72000000000003,False,1472.9893,1508.7093,142.3397,106.61969999999997,0.009652439504861832,0.01751708984375,18553.386405371028,22221.644595610567,0.0017147816301640393,35109.375,21371.162080448456,4.113636517227846,4.878785146799375,5.253574038062547,14.315074801574346,9.775092566108995,11.87057946031237,42.635449065267196
1615.378,1615.488,USV_1857,0.11000000000012733,5.0,35.72000000000003,False,1472.9893,1508.7093,142.38869999999997,106.66869999999994,0.011034861207008362,0.03502308238636364,15605.943585919682,13900.81121914753,2.9605871508599572e-05,29603.69318181818,20072.15607066503,2.44212380955035,4.055843302834387,5.3335721901434265,17.61576091188934,11.77621094253019,14.411192126740598,60.792148918089794
1615.523,1615.569,USV_1858,0.04600000000004911,5.0,35.72000000000003,False,1472.9893,1508.7093,142.53369999999995,106.81369999999993,0.009625367820262909,0.025244140625,17102.18023815965,18673.495647864056,0.00035694475996422446,34396.875,22949.06497456797,2.362906629757011,3.8523366199207856,5.202399409275386,14.581546851590824,9.642831337762102,14.023005862672212,53.746455864311486
1616.058,1616.12,USV_1859,0.06199999999989814,5.0,35.72000000000003,False,1472.9893,1508.7093,143.06870000000004,107.34870000000001,0.014149514958262444,0.035250150240384616,17044.464730786778,14936.935757917088,0.00010165199819459571,30811.298076923078,17313.78712840979,2.518744335873873,3.4049821626028702,7.509004660931291,18.85967996237771,10.743318008672308,15.275213375838003,60.889140705252935
1616.194,1616.214,USV_1860,0.01999999999998181,5.0,35.72000000000003,False,1472.9893,1508.7093,143.2047,107.48469999999998,0.00910220853984356,0.028076171875,14988.743363863152,15108.041506136191,2.7599019147238887e-05,30506.25,24736.256758737618,2.6610137028448717,2.7383937231120585,7.7191075623360685,19.016892139112286,10.257810730781003,13.26274990324048,52.21442396943367
1616.309,1616.401,USV_1861,0.09200000000009823,5.0,35.72000000000003,False,1472.9893,1508.7093,143.3197,107.59969999999998,0.012684741988778114,0.022546716638513514,15641.957210124949,15944.283173263992,8.975399106637861e-05,31859.797297297297,23391.56872113753,2.8474367031265855,5.616230355648612,4.924683273511917,15.461785364717663,11.085166673453935,13.5408608621087,57.281961320523365
1616.494,1616.595,USV_1862,0.10100000000011278,5.0,35.72000000000003,False,1472.9893,1508.7093,143.50469999999996,107.78469999999993,0.012026866897940636,0.0156494140625,14588.715398134314,15163.131643881696,5.4106841048441266e-05,30466.40625,23739.707802302037,2.697458787963638,3.7594031083452166,5.452327834701926,16.56557682829296,11.534509027647252,14.246961038729742,59.75579366334362
1617.168,1617.267,USV_1863,0.09900000000016007,5.0,35.72000000000003,False,1472.9893,1508.7093,144.17869999999994,108.45869999999991,0.01590155065059662,0.03951416015625,16956.978827214367,14191.05687315166,0.0001876181527214537,30700.78125,23082.162576833864,1.7180156905751047,5.283166531525088,7.115613985873624,18.132962248018607,11.259949265616804,14.285254086886908,61.593375414584685
1617.299,1617.363,USV_1864,0.06400000000007822,5.0,35.72000000000003,False,1472.9893,1508.7093,144.30970000000002,108.5897,0.016883399337530136,0.028057391826923076,13920.781092764268,14387.619085310154,2.0876270997456617e-05,29949.51923076923,26553.402613572827,2.376736117721348,3.8585097583222723,6.25377539801649,17.18887056557876,10.414819770849524,14.201926532575472,59.0732057553431
1617.451,1617.477,USV_1865,0.026000000000067303,5.0,35.72000000000003,False,1472.9893,1508.7093,144.46170000000006,108.74170000000004,0.011623435653746128,0.030782063802083332,16960.856456884936,15874.449537761457,0.00042806643496418067,29390.625,21642.49276176395,1.8588790272795055,8.81440584214383,6.584658545693053,16.91621884327108,10.478024847679759,13.807791954482774,53.45473665272839
1618.66,1618.674,USV_1866,0.013999999999896318,5.0,35.72000000000003,False,1472.9893,1508.7093,145.67070000000012,109.9507000000001,0.0062894197180867195,0.03570556640625,18449.355593600372,19713.79527335998,0.0002762416845611321,33843.75,27749.20108616341,1.9417675296186991,4.382294994988453,5.074180670499983,12.73099234936539,8.673504802191214,13.693027293059911,44.7998327088665
1618.703,1618.741,USV_1867,0.038000000000010914,5.0,35.72000000000003,False,1472.9893,1508.7093,145.71370000000002,109.99369999999999,0.007634907029569149,0.02902401194852941,16977.21997772033,16824.066858012036,0.0009175765944165863,31886.029411764706,18177.298680138876,2.6098614381449257,4.958118879899432,5.0282930242256585,14.572292241280218,11.24011764594469,15.132890378012993,54.750425431709175
1619.144,1619.167,USV_1868,0.02299999999991087,5.0,35.72000000000003,False,1472.9893,1508.7093,146.15470000000005,110.43470000000002,0.015116178430616856,0.009321732954545454,17842.827663853008,19929.020837190215,0.00040503626248156177,34167.61363636364,27958.69424637037,2.235353603895648,4.541864152250962,6.155125322213346,14.975780376798726,11.631579987083994,14.43212957696919,47.78684099637665
1619.259,1619.304,USV_1869,0.04500000000007276,5.0,35.72000000000003,False,1472.9893,1508.7093,146.26970000000006,110.54970000000003,0.010953053832054138,0.023745888157894735,16212.66153634554,17141.61466044515,0.00012368862302325178,32605.263157894737,20719.217744906004,2.4583009860450176,5.332646637211275,5.443980420575823,14.328317529290219,11.03301302563103,15.360469926003082,53.43160591130343
1619.646,1619.692,USV_1870,0.04600000000004911,5.0,35.72000000000003,False,1472.9893,1508.7093,146.6567,110.93669999999997,0.008701265789568424,0.02235107421875,16360.10179347602,16828.57683193338,0.000641668435620814,32306.25,25657.6662374692,2.021532499793506,5.098064876911161,5.978000075488385,14.63260730667252,10.29221456111896,14.729097575661791,54.7700038359038
1620.095,1620.123,USV_1871,0.02800000000002001,5.0,35.72000000000003,False,1472.9893,1508.7093,147.10570000000007,111.38570000000004,0.009705758653581142,0.023681640625,16022.091586763663,19518.417662571523,0.0004890342750776536,33519.230769230766,22460.14490297691,1.8290922925910027,5.456549141555784,5.999487786127842,14.664918282695783,9.226550204656327,15.019317236499178,48.92483166544312
1620.211,1620.224,USV_1872,0.012999999999919964,5.0,35.72000000000003,False,1472.9893,1508.7093,147.22170000000006,111.50170000000003,0.00814264826476574,0.028599330357142856,19061.928008246665,19910.73801239484,0.0008245985575579288,34888.392857142855,21362.605849019135,4.512592825642708,5.31127386155133,7.834929233615516,15.405519459677818,10.105697248369253,13.041762868847721,45.283015168318805
1620.521,1620.63,USV_1873,0.10900000000015098,5.0,35.72000000000003,False,1472.9893,1508.7093,147.5317,111.81169999999997,0.011901799589395523,0.011815270712209303,13677.414253743378,15257.968639631052,0.00010727625537260256,30220.20348837209,23195.068547795025,2.3756941250545975,5.748757686942917,4.8921484796369255,17.00243620325384,11.859371686342934,14.659219291610151,57.628909450399775
1621.022,1621.054,USV_1874,0.032000000000152795,5.0,35.72000000000003,False,1472.9893,1508.7093,148.03269999999998,112.31269999999995,0.008032741956412792,0.0291748046875,16070.245097932033,15641.784716214726,4.7041134354590095e-05,32142.85714285714,25882.489042650093,3.1349424653277955,5.6643490412040185,6.465983597501521,16.62653902948471,12.360616953357267,13.75293097217069,55.495074444770005
1621.182,1621.193,USV_1875,0.010999999999967258,5.0,35.72000000000003,False,1472.9893,1508.7093,148.19270000000006,112.47270000000003,0.013553249649703503,0.009114583333333334,14399.566598896432,19269.552926697474,0.00021565680488393118,30109.375,23822.896132452926,2.143269165820872,5.770528325927857,4.692958398879327,12.56164492731248,10.279391482799738,12.738045126031244,43.49109206065651
1621.438,1621.468,USV_1876,0.029999999999972715,5.0,35.72000000000003,False,1472.9893,1508.7093,148.44870000000014,112.72870000000012,0.009477091021835804,0.022373744419642856,16179.402906421408,18284.23237671502,0.0004162023419180103,31741.071428571428,20394.985284273727,2.69434112319599,5.77946832965542,5.699399673747943,14.88257987144766,9.162327115025573,14.295445333446963,51.12050236674689
1621.547,1621.596,USV_1877,0.04899999999997817,5.0,35.72000000000003,False,1472.9893,1508.7093,148.55770000000007,112.83770000000004,0.012188779190182686,0.024448939732142856,15400.623228818777,14880.95057128953,0.00026839212198582113,29553.571428571428,20987.134277235687,2.8724193808453857,5.088737028113433,6.375153989049563,17.35178956259558,10.975913549439577,14.260461835117873,56.97810648406403
1621.679,1621.791,USV_1878,0.11199999999985266,5.0,35.72000000000003,False,1472.9893,1508.7093,148.68970000000013,112.9697000000001,0.009935521520674229,0.032426313920454544,16327.71732087483,13804.290868503316,5.4127510496391774e-05,30639.204545454544,21081.119702277334,2.7752854976560126,4.914068624180344,5.63484306074346,16.01461935380775,11.527356853831131,15.405499760894315,61.866095526877125
1621.844,1621.877,USV_1879,0.032999999999901775,5.0,35.72000000000003,False,1472.9893,1508.7093,148.8547000000001,113.13470000000007,0.014043177478015423,0.011865234375,14105.753720824823,19313.216834205276,0.00026203813524895426,31331.25,20365.846860310176,2.0772843910629613,4.660752986159371,4.6058720223650145,12.774064134806192,9.62643757344005,13.790585587839681,49.523725784773546
1622.031,1622.048,USV_1880,0.01700000000005275,5.0,35.72000000000003,False,1472.9893,1508.7093,149.0417,113.32169999999996,0.011348564177751541,0.01611328125,16789.998509085966,19585.71364708165,0.0002624184097063673,32468.75,20003.84389569748,2.4242849120296044,5.942685275092903,7.24570553647041,15.289488255525718,10.902116764936858,14.288717849226,45.59171970955699
1622.211,1622.308,USV_1881,0.09699999999997999,5.0,35.72000000000003,False,1472.9893,1508.7093,149.22170000000006,113.50170000000003,0.010017557069659233,0.019556290064102564,16298.752368518417,16114.061666043637,0.00014628865849844594,32769.230769230766,25627.514297672773,2.425208878169391,4.277445011256327,5.227161293344934,16.08004209459925,11.810650783459149,15.13865221099219,57.47081028964631
1622.487,1622.511,USV_1882,0.023999999999887223,5.0,35.72000000000003,False,1472.9893,1508.7093,149.49770000000012,113.7777000000001,0.007053099572658539,0.04978249289772727,20623.565649736327,16762.117097363156,0.00028704213887452613,34576.704545454544,26122.436828565762,2.0542615265486064,4.262034719233391,5.45232992905832,16.384120014288655,12.641959672183326,17.46609091254373,53.6771458755504
1622.609,1622.72,USV_1883,0.11100000000010368,5.0,35.72000000000003,False,1472.9893,1508.7093,149.61969999999997,113.89969999999994,0.010736441239714622,0.023115678267045456,15099.631838917227,14883.528889222,4.394797300402957e-05,30899.147727272728,22201.361846144715,2.19086435163054,5.307658927513914,5.9438404474175135,16.218286608875374,11.359713474738893,15.257400247685949,59.4097672117226
1622.752,1622.776,USV_1884,0.024000000000114596,5.0,35.72000000000003,False,1472.9893,1508.7093,149.7627,114.04269999999997,0.01078177709132433,0.019575639204545456,15884.765753709811,16811.198389000063,0.0003620386078449713,32147.727272727272,24511.542067273775,1.5468147094112232,4.152051742797134,5.864222749831427,17.292175307841095,11.071548116128886,13.73915318459861,50.6196017665188
1622.814,1622.892,USV_1885,0.07799999999997453,5.0,35.72000000000003,False,1472.9893,1508.7093,149.82470000000012,114.1047000000001,0.013339610770344734,0.0177001953125,15162.89496509868,14525.509754920538,2.690290069304145e-05,30190.4296875,23459.739326540224,2.393479903598928,6.505435610093427,5.599433037846914,16.176165795993782,11.420720007896726,14.270473501804691,57.834441419071354
1623.145,1623.154,USV_1886,0.009000000000014552,5.0,35.72000000000003,False,1472.9893,1508.7093,150.15570000000002,114.4357,0.009641154669225216,0.0169677734375,15789.237698443416,17090.115309715093,9.501809660573001e-05,30796.875,21263.47684587182,3.8936582722621496,7.180381713250597,5.0496171587836045,12.263909458687769,11.09603503974373,13.772061406058862,40.292735827736564
1623.246,1623.265,USV_1887,0.019000000000005457,5.0,35.72000000000003,False,1472.9893,1508.7093,150.25670000000014,114.53670000000011,0.009949622675776482,0.020849609375,17736.895126156414,20424.944147933013,0.0010141485289835832,33168.75,26929.70533435078,2.145053410428075,5.195412676593234,4.611821865779087,18.806960684695998,11.869741079583632,13.952197669229117,46.51337567816269
1623.341,1623.35,USV_1888,0.009000000000014552,5.0,35.72000000000003,False,1472.9893,1508.7093,150.35169999999994,114.63169999999991,0.01023522112518549,0.021484375,17598.953649738705,23427.41309856776,0.0005390465343360489,32437.5,19249.415278736204,1.2752992831656107,6.290610170655381,6.192215388393444,11.346410299244765,11.191226764206268,10.69795169489033,35.556466794267735
1623.379,1623.412,USV_1889,0.03300000000012915,5.0,35.72000000000003,False,1472.9893,1508.7093,150.38969999999995,114.66969999999992,0.009301531128585339,0.030777994791666666,18758.660738019902,17322.88374537609,0.0005947355145982564,35050.0,23005.652146155713,2.3101021588197983,4.533790463349288,6.020430144352621,13.3296653596229,11.34332378382257,15.323388163477567,54.23296251734822
1623.467,1623.484,USV_1890,0.016999999999825377,5.0,35.72000000000003,False,1472.9893,1508.7093,150.47770000000014,114.75770000000011,0.010635610669851303,0.015896267361111112,17972.11758253242,21292.6318932818,0.000370596312873424,34552.083333333336,28784.90959465153,2.4339218000520417,4.263683163321717,4.294343981522461,13.886746968970982,10.80290307363792,13.902765662358119,44.49657785697779
1623.591,1623.632,USV_1891,0.04100000000016735,5.0,35.72000000000003,False,1472.9893,1508.7093,150.60169999999994,114.88169999999991,0.013540495187044144,0.023179796006944444,17136.62461834235,16343.575266228187,0.0002813838700833858,30640.625,23265.3725182171,2.364684691675385,3.781680589321215,6.118518725853253,14.965185790449958,11.668101215488694,15.058814219422196,54.9935134052401
1623.706,1623.769,USV_1892,0.06300000000010186,5.0,35.72000000000003,False,1472.9893,1508.7093,150.71669999999995,114.99669999999992,0.009000767953693867,0.023747370793269232,14652.44592729849,14982.407070464087,8.432484385887658e-05,30093.75,21136.67964394022,2.512640775204681,5.965201782472298,5.493753240667216,16.04034201019041,11.360507033594045,14.029765036072972,57.108244129024875
1624.322,1624.404,USV_1893,0.08200000000010732,5.0,35.72000000000003,False,1472.9893,1508.7093,151.33269999999993,115.6126999999999,0.014238662086427212,0.03496389678030303,15828.484164445119,13667.014032352516,7.93752595969855e-05,29761.363636363636,24892.426688543303,3.373277319928558,5.867305248762577,6.12100690085327,16.029123771520492,10.633271525901996,15.413090385805509,60.65967622131632
1624.546,1624.631,USV_1894,0.08500000000003638,5.0,35.72000000000003,False,1472.9893,1508.7093,151.5567000000001,115.83670000000006,0.01306685246527195,0.022030101102941176,15347.334902627968,15799.522780498175,9.83242675486701e-05,31679.227941176472,25140.15533081343,2.884162672325904,5.32339760269487,5.018229536022278,16.450228469228453,11.797098011678344,15.15258154253515,57.963715147103066
1625.339,1625.397,USV_1895,0.057999999999992724,5.0,35.72000000000003,False,1472.9893,1508.7093,152.34969999999998,116.62969999999996,0.0111533896997571,0.057586669921875,20820.546391559397,14544.343681144828,8.253824133120876e-05,35015.625,28660.364688485464,2.725635054036873,5.222398172934049,5.218879952275757,16.069671641706137,10.803682712103857,15.698728230771811,60.100011118092745
1625.687,1625.778,USV_1896,0.09100000000012187,5.0,35.72000000000003,False,1472.9893,1508.7093,152.69769999999994,116.97769999999991,0.011669883504509926,0.05224609375,20051.335807462096,15259.936405618973,0.00023984839785853347,34842.06081081081,28320.962998145525,3.139154489500508,5.149202874471333,6.033893072670108,16.801108381625326,12.12099953314969,13.999106986544167,60.74638031229753
1625.812,1625.891,USV_1897,0.07900000000017826,5.0,35.72000000000003,False,1472.9893,1508.7093,152.82269999999994,117.10269999999991,0.011764276772737503,0.0434722900390625,18636.925886001576,15442.032980383407,4.8828141209266286e-05,34382.8125,28886.37190229917,2.6564680953871083,4.957136102272559,5.853890273677148,14.386770536361155,10.940799174697366,15.825075068016565,59.41677233942063
1626.363,1626.441,USV_1898,0.07799999999997453,5.0,35.72000000000003,False,1472.9893,1508.7093,153.3737000000001,117.65370000000007,0.009470971301198006,0.02509307861328125,14244.290963659594,13912.218302717536,1.6899584674041992e-05,29982.421875,17241.62336281727,2.3768950142290564,5.0240893916496905,5.056755847059279,17.087354439669866,12.177385037753423,14.229746764258541,58.48067529741584
1626.49,1626.523,USV_1899,0.032999999999901775,5.0,35.72000000000003,False,1472.9893,1508.7093,153.50070000000005,117.78070000000002,0.009123295545578003,0.022428385416666665,16093.696830023146,15151.909783553105,3.497343711063832e-05,32881.25,17954.87645293028,2.9246424968198497,4.338172061058069,4.639517305274776,17.034488969446816,11.015536398148553,13.82038625008199,54.92465822434156
1626.593,1626.706,USV_1900,0.11299999999982901,5.0,35.72000000000003,False,1472.9893,1508.7093,153.60370000000012,117.88370000000009,0.01101625245064497,0.02028537326388889,13672.0934406188,14506.649818615835,4.7307585165091654e-05,29562.5,20580.209924478728,2.788222414639055,4.119415956405153,5.602737686465339,16.169596623887674,10.876100803419064,14.591432194477767,59.64703891362174
1626.945,1626.955,USV_1901,0.009999999999990905,5.0,35.72000000000003,False,1472.9893,1508.7093,153.95569999999998,118.23569999999995,0.009552041999995708,0.030192057291666668,19257.60271852605,20189.79049922981,0.00035499106626882114,30890.625,21764.6549539352,2.429627667518762,4.310614331271179,9.467922940198761,18.911465791886368,10.135510973484687,13.46345084031148,38.697930327494
1627.094,1627.204,USV_1902,0.10999999999989996,5.0,35.72000000000003,False,1472.9893,1508.7093,154.1047000000001,118.38470000000007,0.010922137647867203,0.02794855291193182,15297.40083761558,14277.203502138202,1.0498607443552723e-05,30811.789772727272,23159.03298273934,2.3739547341603884,4.472319271543102,6.076873042154319,16.8797214504076,11.035480380256915,14.220673071281595,58.92261214395348
1627.366,1627.438,USV_1903,0.07200000000011642,5.0,35.72000000000003,False,1472.9893,1508.7093,154.37670000000003,118.6567,0.011701380833983421,0.01647528286637931,13473.559724752757,14772.582329496516,5.909104048289457e-05,29469.827586206895,17828.647396371485,2.3159740263335395,5.798664456500633,5.820595936814378,17.322876834938153,10.39467334740742,13.945053219738595,58.04743877814805
1627.626,1627.722,USV_1904,0.09600000000000364,5.0,35.72000000000003,False,1472.9893,1508.7093,154.63670000000002,118.91669999999999,0.01179282646626234,0.022640830592105265,14790.56475577759,14614.897595571883,4.4373008288584646e-05,31154.605263157893,21670.68446136439,2.48011922806702,5.511211109361365,6.220821629947038,17.767528036925455,12.12507245966438,15.157979502244192,58.18276151898389
1628.021,1628.163,USV_1905,0.14200000000005275,5.0,35.72000000000003,False,1472.9893,1508.7093,155.0317,119.31169999999997,0.011922511272132397,0.022103445870535716,14279.622983266878,14774.890564582394,2.3443035259333124e-05,30336.495535714286,25145.32384830892,2.4123714428914007,5.44755939631647,6.059376510512221,16.339894280451436,11.42568245337357,14.47703867340905,58.95102279834345
1628.482,1628.49,USV_1906,0.008000000000038199,5.0,35.72000000000003,False,1472.9893,1508.7093,155.4927,119.77269999999999,0.008563922718167305,0.032763671875,17919.693562609034,16989.521994849838,0.0002548234442246174,32212.5,17547.562776398354,2.2069361539267613,1.7168180688672166,8.321354859440133,16.638629408160373,8.556146267716656,11.437097784510556,40.573961266897875
1628.575,1628.592,USV_1907,0.01700000000005275,5.0,35.72000000000003,False,1472.9893,1508.7093,155.5857000000001,119.86570000000006,0.09335418790578842,0.013807508680555556,8672.942127717399,14347.854125226104,0.00012504708231212265,18385.416666666668,34028.822479422786,0.8647140896611878,3.036415060533026,7.898365852598392,14.96145841957647,8.566875855867638,15.667691184625438,46.90093075849112
1628.64,1628.702,USV_1908,0.06199999999989814,5.0,35.72000000000003,False,1472.9893,1508.7093,155.65070000000014,119.93070000000012,0.027968525886535645,0.010939378004807692,8960.700505821802,14360.345386598101,9.997891700355405e-05,23159.85576923077,29343.868921915786,2.314806494341357,4.026559694929129,8.192841839312317,17.32880091081823,10.225267096923314,16.319022207902712,54.95309577342911
1629.657,1629.696,USV_1909,0.03899999999998727,5.0,35.72000000000003,False,1472.9893,1508.7093,156.66769999999997,120.94769999999994,0.0114090321585536,0.019301470588235295,15500.37515641447,18052.97237629646,0.00025357397490398463,32569.852941176472,25407.090168204155,2.4073390201371345,6.060778830097103,5.341904626065933,15.932577814373557,10.615034525587147,12.945119121867013,51.98543734742055
1630.143,1630.156,USV_1910,0.012999999999919964,5.0,35.72000000000003,False,1472.9893,1508.7093,157.15370000000007,121.43370000000004,0.010414577089250088,0.03208705357142857,17497.273685808916,14581.354008797396,1.9967757624140328e-05,33053.57142857143,25240.081597573124,1.6772806101136726,7.375982949326315,4.702750815396781,18.060324586062,12.468396662807704,14.722959169935828,50.75320007354795
1630.213,1630.298,USV_1911,0.08500000000003638,5.0,35.72000000000003,False,1472.9893,1508.7093,157.2237,121.50369999999998,0.014382113702595234,0.029792336856617647,15233.869489231654,14231.240157393551,0.00011966732265782341,30325.367647058825,20006.618722310966,1.9530524690515154,5.451282940754715,6.802033074364671,17.85381760790875,11.155668591956662,15.33992665314041,60.101340785335985
1630.367,1630.376,USV_1912,0.009000000000014552,5.0,35.72000000000003,False,1472.9893,1508.7093,157.3777,121.65769999999998,0.012148923240602016,0.015218098958333334,16375.668902215344,21198.857844894726,0.0004982537395912446,31687.5,26050.88833249219,2.53463033099948,2.734046620054416,7.663642802714139,18.481664289913457,8.740966981375584,14.032001468103262,37.48083303596061
1630.765,1630.806,USV_1913,0.04099999999993997,5.0,35.72000000000003,False,1472.9893,1508.7093,157.77570000000014,122.05570000000012,0.011039418168365955,0.015285915798611112,15153.17199517747,15956.966285223556,6.86153173540706e-05,31875.0,23017.64957695093,2.8465037861492615,6.356926407656993,4.9688850451218425,14.525890291767759,10.899039063934099,16.00691779327444,54.596479583399294
1631.295,1631.32,USV_1914,0.024999999999863576,5.0,35.72000000000003,False,1472.9893,1508.7093,158.30570000000012,122.58570000000009,0.008579461835324764,0.025858561197916668,17020.51129051277,19263.971710920905,0.00041598308329111205,32484.375,22879.16251620385,1.2488654162694466,5.5301577395060635,4.55209849321952,14.129876633059686,10.594545948137142,14.439004112191126,49.38558847926695
1631.568,1631.641,USV_1915,0.07300000000009277,5.0,35.72000000000003,False,1472.9893,1508.7093,158.57870000000003,122.8587,0.009768804535269737,0.019034830729166667,15332.318833025487,14802.77014192883,9.200590703551006e-06,31646.875,24174.74065873923,2.5161010131417783,5.424266052219794,5.205661049923666,15.61754670724499,11.47940394651913,14.75570859194997,59.53894018170091
1631.694,1631.709,USV_1916,0.015000000000100044,5.0,35.72000000000003,False,1472.9893,1508.7093,158.7047,122.98469999999998,0.014421319589018822,0.00738525390625,17574.553235772335,21017.672794143622,0.0003246162028369543,33117.1875,27593.38678834987,2.2933284404662837,5.963756431161954,4.982014598300161,13.291526536166664,8.771922985589232,14.35907373306555,43.68636528474314
1632.039,1632.139,USV_1917,0.09999999999990905,5.0,35.72000000000003,False,1472.9893,1508.7093,159.04970000000003,123.3297,0.015225213952362537,0.01568603515625,13219.794571681134,15769.879849284374,0.00010295459942950047,30295.3125,28386.94920906938,2.3282607524193843,5.007672136253037,6.467804131035794,16.70978401002427,10.888881045936559,15.929757570490835,57.747923857031424
1632.504,1632.534,USV_1918,0.03000000000020009,5.0,35.72000000000003,False,1472.9893,1508.7093,159.51469999999995,123.79469999999992,0.04247744008898735,0.010881696428571428,11032.363806054198,15653.486706420506,0.00048138451664872647,25051.339285714286,30649.324524499105,2.877774232821777,4.479374883170791,7.792060166764139,17.08909934575407,10.549461463921412,18.037775044296634,52.62655634729219
1632.925,1632.979,USV_1919,0.05400000000008731,5.0,35.72000000000003,False,1472.9893,1508.7093,159.9357,124.21569999999997,0.016030067577958107,0.020879330842391304,14702.802241760764,15871.584314316779,6.114698830303444e-05,31577.445652173912,25665.96525193966,3.34092230829605,2.7484126807643428,4.1118449161514095,16.829835031852244,10.927968002904988,14.597133197905466,55.08848842372031
1633.13,1633.144,USV_1920,0.013999999999896318,5.0,35.72000000000003,False,1472.9893,1508.7093,160.14070000000015,124.42070000000012,0.007644204422831535,0.029052734375,19780.641942339913,21829.507330498647,0.0013752998009086271,34476.5625,28039.82942021552,1.6372414642544633,2.2982199415103244,7.620949671414129,14.51431226483164,8.468797783284947,12.293553957237341,42.88832651445865
1634.335,1634.343,USV_1921,0.008000000000038199,5.0,35.72000000000003,False,1472.9893,1508.7093,161.34570000000008,125.62570000000005,0.009104559198021889,0.006640625,16422.440213622285,21157.70418489069,0.00021424715641804948,31912.5,26850.98773027647,2.1498451424053493,5.643821330036673,3.7365401934609013,11.471218668233927,11.725782098117708,15.21789881929179,35.7602676437758
1634.434,1634.471,USV_1922,0.03700000000003456,5.0,35.72000000000003,False,1472.9893,1508.7093,161.4447,125.72469999999998,0.008466673083603382,0.0176544189453125,15796.254117884175,15934.691048886645,7.51697510101267e-05,31587.890625,25103.109487387243,2.3794977454140653,4.129981411931668,5.584624897075992,15.716929911544092,11.353097385031665,15.70970854785904,54.5573114060172
1634.906,1634.965,USV_1923,0.05899999999996908,5.0,35.72000000000003,False,1472.9893,1508.7093,161.9167,126.19669999999996,0.010322330519557,0.013285319010416666,13940.235029811856,16108.639489158188,9.544540739782384e-05,30722.65625,19917.14932555819,2.475506221606787,5.285820395421697,5.739782378864757,16.931407094510984,11.855308430735853,15.12697374505745,56.62449644495589
1635.003,1635.039,USV_1924,0.03600000000005821,5.0,35.72000000000003,False,1472.9893,1508.7093,162.01369999999997,126.29369999999994,0.010506818071007729,0.0302276611328125,16127.256526709542,14715.668882583197,1.6119824654123294e-05,31453.125,24683.677700498527,3.493290200364017,4.710600623908569,4.997321879584224,16.6423811193021,10.391902246291732,13.479101235549333,56.78228029281122
1635.139,1635.235,USV_1925,0.09600000000000364,5.0,35.72000000000003,False,1472.9893,1508.7093,162.14969999999994,126.42969999999991,0.011806952767074108,0.03166760896381579,14083.928736119908,14722.287033136738,0.00014147467889270103,29158.717105263157,26855.332575986908,2.01017739616519,4.502882362199588,7.461758542256939,16.371421886382006,12.595276196582663,18.75435469134212,59.974693086861265
1635.293,1635.393,USV_1926,0.10000000000013642,5.0,35.72000000000003,False,1472.9893,1508.7093,162.30369999999994,126.58369999999991,0.014605994336307049,0.02728271484375,13760.710824449585,15097.682160383429,8.239154108860357e-05,29903.90625,27609.659343672487,2.113035739339316,4.715813120453275,7.345535625175204,15.283878347459524,9.940238127085735,17.512491495903486,60.32598006587002
1635.463,1635.533,USV_1927,0.06999999999993634,5.0,35.72000000000003,False,1472.9893,1508.7093,162.4737,126.75369999999998,0.012598119676113129,0.02185479525862069,14587.334675812352,15360.23511821583,3.12289186601621e-05,31816.810344827587,29927.384545637637,2.394658436841371,5.9545775410266515,6.75201479645806,17.48185593034715,10.606630108132931,14.966177223601052,57.29266390097464
1635.926,1636.004,USV_1928,0.07799999999997453,5.0,35.72000000000003,False,1472.9893,1508.7093,162.93669999999997,127.21669999999995,0.011242327280342579,0.03078460693359375,17756.459723211592,16123.881070199433,0.00029054821627955954,33720.703125,27810.98341924849,2.130001703719684,5.021076710627485,6.329817707178698,18.044544660529606,12.007339693356311,15.895428926146625,58.44905098830625
1636.307,1636.35,USV_1929,0.04299999999989268,5.0,35.72000000000003,False,1472.9893,1508.7093,163.31770000000006,127.59770000000003,0.009298427030444145,0.0364990234375,18453.277308234236,15556.624574817797,7.24162175766634e-05,33869.791666666664,28193.77147976267,3.329808836585009,6.195457241106677,6.053644209097076,15.170042143534411,12.929435208420356,13.436499944669803,58.844311735035845
1637.208,1637.223,USV_1930,0.01499999999987267,5.0,35.72000000000003,False,1472.9893,1508.7093,164.21870000000013,128.4987000000001,0.009295038878917694,0.02020263671875,15538.750066065628,14697.111966596287,2.1899534626687168e-05,31511.71875,26745.981149913234,1.8671633741934366,4.654953269178125,3.9182719790658216,14.08915822072434,12.35785847282846,15.484157047776208,50.38193424514313
1637.521,1637.529,USV_1931,0.008000000000038199,5.0,35.72000000000003,False,1472.9893,1508.7093,164.5317,128.81169999999997,0.017974723130464554,0.003271484375,15676.557049272073,21837.80194405213,0.00043218003056191357,30637.5,25376.03824022953,2.163031971271954,2.5132032140377083,5.0229172388918055,13.811355399317069,9.677513232934686,10.26261905474195,33.0723893244198
1638.171,1638.187,USV_1932,0.015999999999849024,5.0,35.72000000000003,False,1472.9893,1508.7093,165.1817000000001,129.46170000000006,0.010054273530840874,0.01751708984375,16653.39361357279,17512.48602246206,0.000148807392523626,31804.6875,25604.472407268142,1.6013717031164794,4.81431900231163,5.709996429408173,14.59702757941107,12.274895828866011,16.458438367034653,47.450220567475036
1638.483,1638.538,USV_1933,0.055000000000063665,5.0,35.72000000000003,False,1472.9893,1508.7093,165.4937,129.77369999999996,0.011166628450155258,0.02360733695652174,13890.864847873472,15099.252637533904,3.1376782127528486e-05,30167.119565217392,23985.097417541834,2.372176973488403,3.7047474680042334,6.671228224316468,16.594211166749165,9.773904026964233,14.239724434398916,55.75810734966685
1638.602,1638.717,USV_1934,0.1150000000000091,5.0,35.72000000000003,False,1472.9893,1508.7093,165.61270000000013,129.8927000000001,0.01808525249361992,0.03426460597826087,14388.522906525306,13887.964409971262,7.52921092183268e-05,28634.510869565216,22980.06230316323,2.8950792014487754,3.5206282850720956,8.081583536099533,18.91302365393561,10.516372410825015,14.419299134400609,61.638430588926106
1638.794,1638.823,USV_1935,0.028999999999996362,5.0,35.72000000000003,False,1472.9893,1508.7093,165.80470000000014,130.0847000000001,0.009752804413437843,0.024094801682692308,15199.773519585493,16129.537160275679,0.0002678564783255473,30562.5,26318.865987366506,3.161540413622517,3.3627000996768923,5.072244823719221,14.830019800786737,10.963926189017757,15.558842241650154,51.657423699838596
1638.997,1639.05,USV_1936,0.052999999999883585,5.0,35.72000000000003,False,1472.9893,1508.7093,166.0077000000001,130.2877000000001,0.010329563170671463,0.024425159801136364,15338.030555021307,15433.226283369244,6.99484163728559e-05,31572.44318181818,26438.813006364104,1.9091321237945187,4.1449877434475955,5.667057702908382,14.092909318143638,12.151204307083175,14.795441557153817,56.13613612770752
1639.262,1639.302,USV_1937,0.03999999999996362,5.0,35.72000000000003,False,1472.9893,1508.7093,166.2727,130.55269999999996,0.009218096733093262,0.04250919117647059,17592.693076391683,17430.823726577673,0.00012093858729008974,34009.19117647059,26925.77833145721,2.882114734212742,4.548392064715999,6.496833015445522,18.618510192954034,11.021666122724552,13.599434911431718,55.32857275082039
1639.335,1639.35,USV_1938,0.01499999999987267,5.0,35.72000000000003,False,1472.9893,1508.7093,166.34570000000008,130.62570000000005,0.004880673252046108,0.037841796875,18288.820494814754,18061.12072551479,0.0004000266937660679,33609.375,24335.586054271997,1.2023286085799425,3.101515112876431,7.48215419585823,15.185340762451933,9.990590905675308,15.661143129242111,46.32665528411501
1639.463,1639.487,USV_1939,0.024000000000114596,5.0,35.72000000000003,False,1472.9893,1508.7093,166.4737,130.75369999999998,0.009753163903951645,0.029740767045454544,16527.791071057836,18889.875056506884,0.0008175564049378688,32795.454545454544,26047.622010399882,2.038114483208882,5.167914497117513,5.763082568674353,15.151214353409303,11.11039442569954,14.624650898922589,48.26699903630584
1639.671,1639.688,USV_1940,0.01700000000005275,5.0,35.72000000000003,False,1472.9893,1508.7093,166.6817000000001,130.96170000000006,0.013551746495068073,0.010606553819444444,18032.44138701835,22846.49733631026,0.0009925854632302626,35750.0,26302.10031441191,3.656011827952666,5.6145921304747235,5.664669375551133,13.702586719523628,10.496537608630426,14.770704607584637,43.474644969922785
1639.723,1639.781,USV_1941,0.057999999999992724,5.0,35.72000000000003,False,1472.9893,1508.7093,166.7337,131.01369999999997,0.007124824449419975,0.039967854817708336,16994.84223430562,14807.805580456401,0.00014132074164805805,31972.65625,21643.55231716896,2.4565594223002667,4.624412474252854,6.175294753972267,15.993358263307009,11.616956217453662,15.613589916811122,60.273541110640785
1640.119,1640.204,USV_1942,0.08500000000003638,5.0,35.72000000000003,False,1472.9893,1508.7093,167.12969999999996,131.40969999999993,0.011414963752031326,0.024816176470588234,15058.79169242592,15222.876983908205,0.00018614298263135344,31439.33823529412,24343.048927797656,2.4279549121068955,5.000074413701917,6.507881907758625,17.15963919099785,11.28606751566178,14.67457959524868,57.95859325505346
1640.235,1640.271,USV_1943,0.03600000000005821,5.0,35.72000000000003,False,1472.9893,1508.7093,167.24569999999994,131.52569999999992,0.012999331578612328,0.013641357421875,14491.773391002762,17956.52244133979,0.0001480006675685669,31775.390625,28638.10205496029,2.2404649999461306,4.911162587348482,5.572892556742397,17.586166669227644,10.71660210367451,13.906760061284022,51.987924603014264
1641.12,1641.181,USV_1944,0.06100000000014916,5.0,35.72000000000003,False,1472.9893,1508.7093,168.13069999999993,132.4106999999999,0.007731318939477205,0.027158203125,16399.629946294495,16326.420765232278,0.00014965450072279213,32347.5,22001.49835276428,3.165832724573883,4.115613648668438,6.317181393212777,16.288052348304426,11.121745145920183,13.624403315718624,57.81440596250663
1641.566,1641.656,USV_1945,0.08999999999991815,5.0,35.72000000000003,False,1472.9893,1508.7093,168.57670000000007,132.85670000000005,0.010968842543661594,0.02166748046875,15033.366146921828,14767.256937821188,1.8794805061441133e-05,31559.895833333332,26980.855605643155,2.405504592794335,4.856726923445935,6.818834022084808,17.81845425316262,11.56023755445992,13.57494113575981,58.96974327999086
1642.01,1642.052,USV_1946,0.041999999999916326,5.0,35.72000000000003,False,1472.9893,1508.7093,169.02070000000003,133.3007,0.009411370381712914,0.05117458767361111,18590.029030120793,14798.621422229953,0.00016676728416082918,31395.833333333332,24721.40912380977,2.1884590324893503,5.68383662732307,5.354167343517084,17.219369004956505,11.245335834107582,14.632291121437637,58.058029785006816
1643.415,1643.432,USV_1947,0.01700000000005275,5.0,35.72000000000003,False,1472.9893,1508.7093,170.4257,134.70569999999998,0.015062199905514717,0.015977647569444444,16692.48635082693,20472.144109141762,0.0007769774258634355,30895.833333333332,24832.788494832486,1.5800990973502678,6.426671041279333,5.955750910449875,14.351640216976623,11.330688552570924,14.171790232585254,44.46932972053656
1643.468,1643.487,USV_1948,0.019000000000005457,5.0,35.72000000000003,False,1472.9893,1508.7093,170.47870000000012,134.7587000000001,0.007280310150235891,0.0301513671875,17084.661114089482,17010.28436799185,8.03646316896992e-05,34068.75,23083.41342789012,2.0556833898234297,3.6825481908950137,5.892197908463079,16.258199413846132,9.435408377727036,13.592954459713445,50.640942986749835
1643.688,1643.699,USV_1949,0.010999999999967258,5.0,35.72000000000003,False,1472.9893,1508.7093,170.69870000000014,134.97870000000012,0.010667510330677032,0.02294921875,19058.944882255568,23265.98039281937,0.0005940711385897054,35265.625,29191.344496761634,1.5806954025523225,3.9607730403533274,5.952322878096312,13.390311604692302,7.888316074745923,13.738845334346623,41.387625631211115
1643.902,1643.929,USV_1950,0.027000000000043656,5.0,35.72000000000003,False,1472.9893,1508.7093,170.9127000000001,135.19270000000006,0.011405447497963905,0.02747521033653846,16835.56399447963,18610.086626239463,0.000340928577156916,32913.46153846154,26010.75459286604,1.767336499163372,4.006215793948477,6.655521644748878,15.165817038340823,11.180718390897038,12.85287932980859,50.45495876381774
1646.931,1647.02,USV_1951,0.08899999999994179,5.0,35.72000000000003,False,1472.9893,1508.7093,173.94170000000008,138.22170000000006,0.010846886783838272,0.021396213107638888,16607.075443841462,16005.660084986814,7.811374656285757e-05,32213.541666666668,26664.808450433466,2.3142329028190574,5.561904153202772,5.086096950809298,14.64172313485595,12.337505000408939,13.914241671449131,58.7984515498955
1647.823,1647.885,USV_1952,0.06199999999989814,5.0,35.72000000000003,False,1472.9893,1508.7093,174.83370000000014,139.1137000000001,0.00769383879378438,0.04068697415865385,18202.179097099455,15081.380872101323,0.00044531222420884773,33043.269230769234,26018.9665012582,3.2539677573261843,5.764303351051099,5.106345035485173,15.35268230584095,11.733605354881579,16.254089886817773,59.3210468402774
1648.262,1648.381,USV_1953,0.11900000000014188,5.0,35.72000000000003,False,1472.9893,1508.7093,175.2727,139.55269999999996,0.011157411150634289,0.028128116688829786,16653.433826691547,15048.817820872373,6.38545754773249e-05,32421.542553191488,26244.013969350068,2.315052326409995,7.067093379033531,5.645817757098353,14.789424316104693,11.250437774272235,15.569926381057343,60.25344101946324
1648.65,1648.689,USV_1954,0.03899999999998727,5.0,35.72000000000003,False,1472.9893,1508.7093,175.66070000000013,139.9407000000001,0.015252876095473766,0.02297794117647059,13640.275468588541,15756.623295782034,0.00033347613996500235,28301.470588235294,18945.06838342303,2.6535087037285785,2.7272811262426715,5.2900972384601,16.35728074881845,9.574413444786167,14.903720519987834,53.55740212541814
1649.271,1649.285,USV_1955,0.014000000000123691,5.0,35.72000000000003,False,1472.9893,1508.7093,176.2817,140.56169999999997,0.009887694381177425,0.01458740234375,16929.488611228124,17011.790963263345,0.00011488119845461117,32695.3125,27483.19075277239,2.42228209692157,6.772280895659363,4.778306805755836,16.204315050103407,9.70928860032014,13.35785484385734,45.712740181442896
1649.84,1649.913,USV_1956,0.07300000000009277,5.0,35.72000000000003,False,1472.9893,1508.7093,176.85069999999996,141.13069999999993,0.009232589043676853,0.03759765625,17050.130503045297,15448.408768713074,0.00021540823977264935,31859.375,25589.604670035835,2.9003571515009763,4.418401416946378,5.196032827673985,17.16312747725948,11.070172200091433,14.663998077132154,57.86230090209286
1649.955,1650.064,USV_1957,0.10900000000015098,5.0,35.72000000000003,False,1472.9893,1508.7093,176.96569999999997,141.24569999999994,0.009286923334002495,0.030619776526162792,15734.15529778532,14406.542578986231,3.779075661811843e-05,31423.691860465115,25836.134975689976,2.7780478951357135,4.32092763743566,5.604989320127253,15.84113023267886,12.311752947428735,15.616300896152751,59.15185413958151
1650.242,1650.252,USV_1958,0.009999999999990905,5.0,35.72000000000003,False,1472.9893,1508.7093,177.2527,141.53269999999998,0.009783868677914143,0.014404296875,17270.046834347853,23069.812651844244,0.0003233168637361799,31765.625,24510.78810730772,3.917917033914769,3.2408918662446844,4.545175747801781,13.215497316760064,7.153902115603622,14.345168931611676,35.92083649859461
1650.907,1650.988,USV_1959,0.08100000000013097,5.0,35.72000000000003,False,1472.9893,1508.7093,177.91769999999997,142.19769999999994,0.010449833236634731,0.02179509943181818,15747.422034108467,15651.943499342526,9.243162651778415e-05,32096.590909090908,24395.306344386347,2.9580860982549617,4.641066375984278,6.072233648870785,18.710065881013964,11.951123177775681,13.758846232282625,57.42974427898605
1651.054,1651.073,USV_1960,0.019000000000005457,5.0,35.72000000000003,False,1472.9893,1508.7093,178.06470000000013,142.3447000000001,0.007977182045578957,0.02021484375,19965.370744413736,21201.75179767501,0.001384276284880661,35925.0,23732.98107241592,2.6795027528826862,4.1774130316198175,7.1276337438674675,15.475895668037731,10.316811783440624,14.572184091303779,47.438923734269835
1651.249,1651.273,USV_1961,0.023999999999887223,5.0,35.72000000000003,False,1472.9893,1508.7093,178.25970000000007,142.53970000000004,0.009527899324893951,0.04152610085227273,18764.756920226257,16924.77448168667,0.0006485131334597132,31517.045454545456,22765.325555229225,2.275978356037534,5.126391690843739,4.602087151652591,15.30397996868784,10.213385977242607,13.645430059114538,52.23314677640895
1651.419,1651.481,USV_1962,0.06199999999989814,5.0,35.72000000000003,False,1472.9893,1508.7093,178.42970000000014,142.7097000000001,0.009214591234922409,0.018150916466346152,15863.70387674262,16716.259190020923,0.0010208818369224298,31929.08653846154,21889.96033120301,2.8848791958420255,4.309623405184222,5.926244540752342,14.436509341481749,11.714524419721597,14.39366906018575,56.33736788052427
1652.072,1652.106,USV_1963,0.0340000000001055,5.0,35.72000000000003,False,1472.9893,1508.7093,179.08269999999993,143.3626999999999,0.010442798025906086,0.016373697916666666,14594.983948757641,15209.921151914,6.488238451418184e-05,30443.75,25188.197179344897,2.9765012198385876,4.546005107441685,5.927719889001126,18.981198696879343,13.356546317467796,14.80091433290176,53.488109287446406
1652.184,1652.213,USV_1964,0.028999999999996362,5.0,35.72000000000003,False,1472.9893,1508.7093,179.1947,143.47469999999998,0.010444621555507183,0.023681640625,16237.53624154907,15965.75083839623,0.000264105381696913,30692.30769230769,21686.62713263207,2.4961239624896305,5.035421525607067,4.4897737262938895,14.287286881731855,10.607399270284976,12.984292609829819,52.657006252175044
1654.864,1654.899,USV_1965,0.03499999999985448,5.0,35.72000000000003,False,1472.9893,1508.7093,181.87470000000008,146.15470000000005,0.012958858162164688,0.008089192708333333,12768.211670625029,16464.023251743405,9.25722849674202e-05,29250.0,21786.95945215535,2.777970300384944,4.823086888271535,6.364222402331168,15.623370302070892,9.649522657938132,15.506676786776719,53.92041593446677
1661.112,1661.122,USV_1966,0.009999999999990905,5.0,35.72000000000003,False,1472.9893,1508.7093,188.12270000000012,152.4027000000001,0.012392241507768631,0.02587890625,15473.929014796051,17400.20980137206,7.451426044335748e-05,30515.625,16964.613947549955,2.142480077723665,6.865694466334822,5.643920531960101,16.101347186702878,9.482097714006661,13.209784084152568,42.009388005522524
1661.238,1661.247,USV_1967,0.009000000000014552,5.0,35.72000000000003,False,1472.9893,1508.7093,188.2487000000001,152.52870000000007,0.012878765352070332,0.019612630208333332,14291.406342137117,17071.38309834399,7.898697791026266e-05,30000.0,15450.677673605476,1.6862238169968637,5.693326991723699,3.945713618707684,14.915776726733464,11.297418768753664,15.788763651858195,40.78409615081205
1662.927,1662.977,USV_1968,0.0500000000001819,5.0,35.72000000000003,False,1472.9893,1508.7093,189.93769999999995,154.21769999999992,0.009858757257461548,0.05500139508928571,18429.03506338385,14918.613632065324,7.457172686913544e-05,33700.892857142855,21329.679525873926,2.3627822858399816,4.795964912960091,5.138941732798263,14.56194408017837,11.535716810309964,15.675381050775318,58.48995775471708
1663.843,1663.861,USV_1969,0.018000000000029104,5.0,35.72000000000003,False,1472.9893,1508.7093,190.85370000000012,155.1337000000001,0.016088776290416718,0.00048828125,12777.041425715168,16746.236951484294,7.290342587535419e-05,28760.416666666668,26396.823727797026,2.317693822932333,5.8110645020718685,4.5957380404561565,13.930116397785413,10.695855928940214,14.579600047088787,46.00568634934379
1664.141,1664.219,USV_1970,0.07799999999997453,5.0,35.72000000000003,False,1472.9893,1508.7093,191.15170000000012,155.4317000000001,0.012424257583916187,0.0289154052734375,15526.436244880602,14298.81175202187,0.0001204888616231713,29698.2421875,21142.760255874917,2.395783170591963,6.479853756875938,6.385623312358671,17.86729862396254,11.265885259347357,13.98135055326842,60.18711157136689
1664.311,1664.358,USV_1971,0.047000000000025466,5.0,35.72000000000003,False,1472.9893,1508.7093,191.32169999999996,155.60169999999994,0.009333942085504532,0.03865966796875,17295.995743538184,15722.745441757605,0.0003961679081504357,32212.5,24645.48217210397,2.989516832979083,5.076453551680493,5.6597136667058034,16.25665478528584,10.097987499067195,13.403338921769995,57.527555932213396
1664.46,1664.494,USV_1972,0.03399999999987813,5.0,35.72000000000003,False,1472.9893,1508.7093,191.47070000000008,155.75070000000005,0.010765453800559044,0.03201497395833333,16785.335794342238,15445.428069542528,0.00013838796232748776,30550.0,25120.38355205899,2.266075217804549,5.223102133311068,5.11287409981935,16.8472644263698,12.280560942982396,15.179300094019128,55.40166733324122
1664.544,1664.59,USV_1973,0.04599999999982174,5.0,35.72000000000003,False,1472.9893,1508.7093,191.55470000000014,155.8347000000001,0.013938471674919128,0.02423095703125,15518.926894314714,16124.34566723667,0.000291504157164742,29653.125,21030.01754698829,2.4303039878787565,4.625464122066501,6.723685262935859,17.508488393541754,11.259777020181424,13.3000042500463,55.556917331286016
1664.679,1664.727,USV_1974,0.04800000000000182,5.0,35.72000000000003,False,1472.9893,1508.7093,191.68970000000013,155.9697000000001,0.00887274369597435,0.02935791015625,17550.763665547973,16533.94610618332,0.0003822462687051326,32498.4375,25095.36887007559,2.6592072382149943,4.002389463213118,5.3035509331375525,15.470311119837698,11.33774318366098,14.20049157410229,57.685268150148445
1664.756,1664.831,USV_1975,0.0749999999998181,5.0,35.72000000000003,False,1472.9893,1508.7093,191.76670000000013,156.0467000000001,0.011721251532435417,0.0260009765625,14664.131401260702,14867.127114471428,5.6487759829201256e-05,29662.5,22215.399662743414,3.776713704016104,6.555315295311251,5.5467805684736184,16.527190384881454,10.6789110594102,13.914694781926451,58.52841642903119
1664.886,1664.943,USV_1976,0.05700000000001637,5.0,35.72000000000003,False,1472.9893,1508.7093,191.8967,156.17669999999998,0.011489818803966045,0.029927571614583332,16022.954634866277,15323.88975856587,0.0002327395419317747,29917.96875,22939.253187256796,2.2333738311649216,4.51959733536755,4.680553192668497,14.213872495423436,10.9759272800844,13.651047192237897,57.12668858640833
1665.154,1665.205,USV_1977,0.05099999999993088,5.0,35.72000000000003,False,1472.9893,1508.7093,192.16470000000004,156.4447,0.011105277575552464,0.03627232142857143,16937.322258252083,15678.805514905978,6.564676565032386e-05,31790.178571428572,23319.30069569957,2.2991106752755663,4.869009023237298,6.77845828738055,16.95095850112911,10.687012146577311,16.211103117447554,57.95120933648565
1665.532,1665.542,USV_1978,0.009999999999990905,5.0,35.72000000000003,False,1472.9893,1508.7093,192.54269999999997,156.82269999999994,0.00813804566860199,0.021891276041666668,19894.106479206657,22770.307168761516,0.00043777283432086317,35140.625,27277.261456844135,3.477851357306742,6.610959950615431,5.54045654842162,11.342167334784435,10.185690983782756,11.410207878941163,37.703210793773756
1665.675,1665.74,USV_1979,0.06500000000005457,5.0,35.72000000000003,False,1472.9893,1508.7093,192.6857,156.96569999999997,0.011114121414721012,0.021873191550925927,16266.561604565522,15055.278472386462,8.228385811484968e-05,30847.222222222223,26297.691380915498,3.8649585719801283,5.300763571037015,5.631501041576116,17.271306658039162,12.660894148572858,15.36931103592423,58.39376051798343
1665.842,1665.879,USV_1980,0.03699999999980719,5.0,35.72000000000003,False,1472.9893,1508.7093,192.85270000000014,157.1327000000001,0.012460880912840366,0.0149383544921875,14366.52454557184,16498.397394419786,0.0001040345051205786,29250.0,21172.283726651727,2.5670458177099524,6.122610371286644,5.354861427443405,16.36869956594767,9.759207365188436,13.72876820893545,52.74744759622732
1665.946,1665.987,USV_1981,0.04100000000016735,5.0,35.72000000000003,False,1472.9893,1508.7093,192.95669999999996,157.23669999999993,0.009028743952512741,0.021959092881944444,15972.20245087356,15910.598528162467,0.00010574692535488,31010.416666666668,23583.045780919492,2.240484121283498,5.216585909009144,5.363082137048291,15.4167712586787,10.737908840392569,13.775838061506464,55.05996955619121
1666.053,1666.094,USV_1982,0.04099999999993997,5.0,35.72000000000003,False,1472.9893,1508.7093,193.06370000000015,157.34370000000013,0.009295058436691761,0.023369683159722224,15434.34868597433,15277.90035077061,6.04139637926905e-05,30567.708333333332,26952.223683248798,1.8936923587179173,5.683761454146758,5.882406425757856,18.95058470510598,9.984765682928568,14.462345188330517,54.95299832410892
1666.13,1666.196,USV_1983,0.06599999999980355,5.0,35.72000000000003,False,1472.9893,1508.7093,193.14070000000015,157.42070000000012,0.01088144350796938,0.027298538773148147,15454.283547038809,15160.745337148208,0.00013557435755426824,29930.555555555555,20579.542423563027,2.448867410996911,5.003449519647886,5.997691050105815,17.08366638843437,10.896879903021473,13.492009910284189,57.942045299527734
1666.247,1666.299,USV_1984,0.05199999999990723,5.0,35.72000000000003,False,1472.9893,1508.7093,193.2577000000001,157.5377000000001,0.009970645420253277,0.031105735085227272,16015.311467107495,16265.754528474568,0.0002598541714589409,31700.284090909092,20764.148357780192,2.584602003378716,5.508137591626449,5.812734238983562,16.773047340554385,11.2644584262885,14.231483281792121,55.99151914087193
1666.352,1666.402,USV_1985,0.049999999999954525,5.0,35.72000000000003,False,1472.9893,1508.7093,193.36270000000013,157.6427000000001,0.012414970435202122,0.023763020833333332,15848.722491897166,15828.673120980951,0.0002964255854132571,30093.75,19350.75040936983,2.694326857178025,3.6208354942496603,4.767020203049914,15.876068335573347,10.905474066153735,13.19531386772115,56.71134568017917
1666.572,1666.621,USV_1986,0.049000000000205546,5.0,35.72000000000003,False,1472.9893,1508.7093,193.58269999999993,157.8626999999999,0.009013773873448372,0.0341796875,16403.522360820945,16818.09579326915,0.00016492094717189402,32352.678571428572,20600.889733076598,2.1737468528963513,5.43613393299759,6.392201830440391,15.48175054613718,11.75926280901758,13.830292270806808,54.14208495216601
1666.677,1666.723,USV_1987,0.04600000000004911,5.0,35.72000000000003,False,1472.9893,1508.7093,193.68769999999995,157.96769999999992,0.010169977322220802,0.01761474609375,15309.307003212602,15957.354301250618,0.0002670728710586475,30665.625,26414.462261618093,3.09040735009491,4.7518413560991295,5.3004609500961815,15.443567207504122,11.110348214524317,14.109971313815567,55.326761757050065
1666.812,1666.827,USV_1988,0.015000000000100044,5.0,35.72000000000003,False,1472.9893,1508.7093,193.82269999999994,158.1026999999999,0.006461337208747864,0.025360107421875,16852.320212906583,17128.615125396987,0.00013977943152534682,31347.65625,19623.20545228867,2.3260172269698387,2.993530824789975,4.146885534978005,12.156772393532393,10.61028047438479,11.520466839643113,46.379229306922085
1666.89,1666.923,USV_1989,0.032999999999901775,5.0,35.72000000000003,False,1472.9893,1508.7093,193.90070000000014,158.18070000000012,0.011450568214058876,0.03460286458333333,16283.389743806361,14889.58316218686,6.1000220331136594e-05,29893.75,18133.340733734574,1.5671574148603549,5.513859174402858,4.839451224917784,14.651737801391366,10.984548646982638,13.251001324001015,55.57928127475076
1667.806,1667.848,USV_1990,0.041999999999916326,5.0,35.72000000000003,False,1472.9893,1508.7093,194.81670000000008,159.09670000000006,0.00804692693054676,0.04025607638888889,18376.603773731364,15850.635576199116,0.000271892435879625,32447.916666666668,24526.327820985643,2.6142045618955536,2.414065556115601,5.936800008528041,18.024146147952358,11.519040585893178,14.541055705798279,58.16609434079631
1668.074,1668.097,USV_1991,0.02299999999991087,5.0,35.72000000000003,False,1472.9893,1508.7093,195.0847000000001,159.36470000000008,0.010360210202634335,0.02239435369318182,14995.901816821883,17879.367320437872,0.00010609799043541102,31482.954545454544,21583.29286581292,1.347407991039183,5.316870732951195,6.967966511828201,14.74248409896582,10.276615059867764,16.561426506287084,48.91065725338057
1668.158,1668.216,USV_1992,0.057999999999992724,5.0,35.72000000000003,False,1472.9893,1508.7093,195.16869999999994,159.44869999999992,0.015006924979388714,0.019816080729166668,13839.72382515243,15208.23954471462,4.818415094197737e-05,29085.9375,20594.69089164207,2.523054795415258,6.299815874869908,5.402933812638545,15.469369731741187,10.418217397112857,14.080657249811509,56.05501366847949
1668.333,1668.409,USV_1993,0.07600000000002183,5.0,35.72000000000003,False,1472.9893,1508.7093,195.34370000000013,159.6237000000001,0.00826853048056364,0.024831464213709676,15255.158294395509,14598.89030001487,0.00013448010881148966,30680.4435483871,20821.179887967737,3.654075272994523,4.52719655284653,5.74480237207006,16.516491245100124,11.9264030703673,14.308302942407163,59.64767151689789
1668.49,1668.507,USV_1994,0.01700000000005275,5.0,35.72000000000003,False,1472.9893,1508.7093,195.50070000000005,159.78070000000002,0.0073045832104980946,0.044243706597222224,17883.269413843635,16898.200622845183,0.0003545779394175106,31375.0,27351.371705284266,2.1036066374215374,3.469424212917845,5.988178340166025,17.108585191793807,11.340720935453945,14.00660044680669,48.398104272077425
1668.586,1668.608,USV_1995,0.021999999999934516,5.0,35.72000000000003,False,1472.9893,1508.7093,195.59670000000006,159.87670000000003,0.010209104977548122,0.021817294034090908,16013.373352178414,18973.799252135177,0.0005479718129732439,31517.045454545456,23768.816987905866,1.7904334484151816,3.5911903630591406,5.5784953187723385,15.53635824207784,11.539294993180908,13.030742383564347,48.694732289799255
1668.673,1668.799,USV_1996,0.12599999999997635,5.0,35.72000000000003,False,1472.9893,1508.7093,195.68370000000004,159.96370000000002,0.009884248487651348,0.02875,14469.854875952737,14235.235556560156,1.64160969391463e-05,30256.875,20240.239001406797,2.64109654688732,4.095517421745056,5.266943091618086,15.178089259651195,11.176460899724677,14.39616973972172,58.799826615001066
1668.838,1668.896,USV_1997,0.057999999999992724,5.0,35.72000000000003,False,1472.9893,1508.7093,195.8487,160.12869999999998,0.012763749808073044,0.022623697916666668,14097.546386504415,14507.782126734639,0.0001287265283791339,28480.46875,17037.446007683488,3.356933792415903,7.102860761421045,6.026765986314488,17.26399400981798,11.27545364838437,13.621882602907858,58.02478197742897
1668.973,1668.99,USV_1998,0.01700000000005275,5.0,35.72000000000003,False,1472.9893,1508.7093,195.9837,160.26369999999997,0.010147491469979286,0.014784071180555556,15886.014663148697,18017.957464271065,0.00025008328878569464,29593.75,23878.350236083854,2.1716994631140576,5.309667575093835,5.270045348809953,14.985548960546826,10.737081317789329,13.498617812305902,47.2470749283942
1669.34,1669.434,USV_1999,0.09400000000005093,5.0,35.72000000000003,False,1472.9893,1508.7093,196.35069999999996,160.63069999999993,0.009338813833892345,0.021201685855263157,15307.054057471087,15722.347179939326,0.00017983462803943515,30646.38157894737,21312.294414932403,2.623326786421882,5.166217800320062,6.214595509919947,17.486602147208714,11.001547140876665,14.541556093000867,57.811782957050774
1669.539,1669.609,USV_2000,0.06999999999993634,5.0,35.72000000000003,False,1472.9893,1508.7093,196.54970000000003,160.8297,0.009923696517944336,0.01700565732758621,14135.937318408203,14848.751303218705,3.1768250411956326e-05,29883.620689655174,20440.628320562424,2.28544529820582,6.30468867867998,6.198406101284187,17.135673048639607,10.450809842405478,15.531010257806592,57.03662583978968
1669.746,1669.85,USV_2001,0.10399999999981446,5.0,35.72000000000003,False,1472.9893,1508.7093,196.75670000000014,161.0367000000001,0.010881124064326286,0.028707364710365852,15523.094974922402,15079.840867096053,0.00025169153571534547,30795.731707317074,24545.48454835512,3.560920165744764,5.651518164292849,5.584707534381954,16.768675928166047,11.224352230507247,15.576592367394266,58.8153556466965
1669.929,1669.998,USV_2002,0.06899999999995998,5.0,35.72000000000003,False,1472.9893,1508.7093,196.93970000000013,161.2197000000001,0.011064802296459675,0.020603724888392856,15333.236887280927,15963.052236251393,0.00020127383595249632,30612.723214285714,24828.20395663818,2.7357773019992875,5.580060756657929,5.229904789455783,16.04028978416994,11.603161118117551,15.891815148774738,56.41632082344571
1670.546,1670.554,USV_2003,0.008000000000038199,5.0,35.72000000000003,False,1472.9893,1508.7093,197.5567000000001,161.83670000000006,0.010056428611278534,0.015625,14633.438918696362,19548.565333605417,0.00014869686543916995,29418.75,23922.06471449689,1.7783972335991365,4.2327757060644275,5.852205290210693,15.036387338191199,11.271542180576754,13.640417545038677,34.805218702416084
1670.629,1670.675,USV_2004,0.04600000000004911,5.0,35.72000000000003,False,1472.9893,1508.7093,197.63969999999995,161.91969999999992,0.01328879315406084,0.015869140625,14289.062494092806,16382.369587774598,0.00013627913085515237,29104.6875,20008.10625687583,3.1206755033731652,8.227871286190892,5.82746646284785,13.334654927603683,11.557426885780478,13.676107646026102,55.13859297143971
1670.778,1670.86,USV_2005,0.08199999999987995,5.0,35.72000000000003,False,1472.9893,1508.7093,197.78870000000006,162.06870000000004,0.0107021639123559,0.029614997632575756,15613.48080854925,14232.072602908227,1.4358677257833933e-05,31630.68181818182,19775.622466528013,2.184954848481394,5.713811090787261,5.107389455678982,16.633379625701156,12.194449477429806,14.839125441816215,59.29345890924403
1670.94,1670.95,USV_2006,0.009999999999990905,5.0,35.72000000000003,False,1472.9893,1508.7093,197.9507000000001,162.23070000000007,0.0047076367773115635,0.0380859375,18719.139101922643,19734.272762419103,0.000557177454027792,33156.25,21935.775533273078,1.6990058670899113,2.1762418008406423,4.65500906220085,18.815896943243104,10.462839280233185,13.413268096844092,39.812033452927786
1671.771,1671.8,USV_2007,0.028999999999996362,5.0,35.72000000000003,False,1472.9893,1508.7093,198.7817,163.06169999999997,0.011996230110526085,0.016075721153846152,15789.123898269509,19273.240253683154,0.00026428952749982433,32112.98076923077,19162.19200908437,2.784666851594234,5.515716560361863,4.666842784672759,12.87347956845118,10.538183479358715,12.894348278618107,47.65503576151837
1671.876,1671.971,USV_2008,0.09500000000002728,5.0,35.72000000000003,False,1472.9893,1508.7093,198.88670000000002,163.1667,0.00968976877629757,0.03912674753289474,18008.87146813115,14338.582221683253,0.00011786600834588635,31142.269736842107,23854.902551453455,2.4442018638799707,4.239060611584016,4.877660940212943,17.04936212135009,10.753781055002436,14.077060461853321,60.929136620252095
1673.237,1673.266,USV_2009,0.028999999999996362,5.0,35.72000000000003,False,1472.9893,1508.7093,200.24770000000012,164.5277000000001,0.012216233648359776,0.01397235576923077,13667.905705256051,15902.51630325711,0.00013323544752168604,29834.134615384617,21461.93742403452,2.0405235954849603,6.272004154135112,7.200208591938662,16.44662089512331,11.51808611916642,13.948507774339866,51.023857249885005
1673.547,1673.589,USV_2010,0.041999999999916326,5.0,35.72000000000003,False,1472.9893,1508.7093,200.55770000000007,164.83770000000004,0.01042951736599207,0.019246419270833332,15081.260700016466,14976.387333039414,7.424240094245602e-05,29864.583333333332,22808.94247271653,4.352483073314946,6.475565354447518,5.61563923359527,17.258457636090327,11.775520126131577,14.62727598536692,56.334749741524405
1674.154,1674.167,USV_2011,0.012999999999919964,5.0,35.72000000000003,False,1472.9893,1508.7093,201.16470000000004,165.4447,0.009088232181966305,0.025495256696428572,18847.449892484572,22663.867194113023,0.0008894939412852949,33642.857142857145,24984.016700046544,1.993940978582234,6.123393560380146,6.101163221497551,13.713006773630257,7.608239495311081,13.989443930832286,41.121485118248316
1674.403,1674.497,USV_2012,0.09400000000005093,5.0,35.72000000000003,False,1472.9893,1508.7093,201.41370000000006,165.69370000000004,0.01076377835124731,0.025107935855263157,15300.852896181872,14783.849653447298,9.231408327561096e-05,30648.848684210527,19171.573875493712,2.65217207717739,3.974248770831659,4.871114046287619,15.935971171271865,12.821299048949513,15.86093083413071,60.00788762081896
1675.476,1675.549,USV_2013,0.0729999999998654,5.0,35.72000000000003,False,1472.9893,1508.7093,202.48670000000016,166.76670000000013,0.012210245244204998,0.027864583333333335,15279.15761246284,14547.981549091734,4.837623567761007e-05,28890.625,23648.376936782453,2.2237625987565677,5.874063189138716,6.1519446407348255,16.640416517375158,11.416384406616073,14.412130682519319,57.94239116506548
1675.83,1675.972,USV_2014,0.14200000000005275,5.0,35.72000000000003,False,1472.9893,1508.7093,202.84069999999997,167.12069999999994,0.013261712156236172,0.020411900111607144,15507.790789313236,15296.900504635987,0.00015400083755836221,31310.82589285714,26099.5861907693,2.9562430232083563,6.2869737451165975,5.870650961977004,18.09809535005342,10.946149487342122,14.695658289698201,59.13260187552606
1676.065,1676.155,USV_2015,0.08999999999991815,5.0,35.72000000000003,False,1472.9893,1508.7093,203.0757000000001,167.35570000000007,0.03427295386791229,0.00537109375,9257.910886896985,13152.55557002296,9.234669077263689e-05,23377.604166666668,24283.106804471783,4.34346316528539,5.437463229012093,6.009774553187395,19.012194603140422,11.293387626026835,15.741156231597923,54.166420025369135
1676.365,1676.391,USV_2016,0.026000000000067303,5.0,35.72000000000003,False,1472.9893,1508.7093,203.37570000000005,167.65570000000002,0.006465954706072807,0.046875,20065.883112671916,17612.154485347597,0.002010516433347439,34421.875,22008.865151322432,1.766626010850915,4.866104502366614,5.108803007360689,15.37452371405572,11.286954688626183,15.149408458470626,52.102906325074024
1676.61,1676.645,USV_2017,0.035000000000081855,5.0,35.72000000000003,False,1472.9893,1508.7093,203.62069999999994,167.90069999999992,0.013263087719678879,0.0130767822265625,13332.136053325376,16674.239823427924,0.00015486216542875936,29560.546875,24638.569140431446,1.625518576614922,6.471468974139571,4.548543217627124,12.197676358883882,11.471181041323462,15.028960514005167,51.17198218717624
1677.001,1677.016,USV_2018,0.015000000000100044,5.0,35.72000000000003,False,1472.9893,1508.7093,204.01170000000002,168.2917,0.011180724948644638,0.023834228515625,17935.058901881166,20032.105967684463,0.0009301972850407435,32437.5,15012.687190785713,5.640608935969989,5.762102558424523,5.541147211115092,12.449681296797742,9.107157028403746,14.089514597434853,45.845668179507754
1677.073,1677.131,USV_2019,0.057999999999992724,5.0,35.72000000000003,False,1472.9893,1508.7093,204.08370000000014,168.3637000000001,0.015063961036503315,0.015614827473958334,14185.593820185853,15778.04783379043,0.00014415889364668633,31367.1875,27594.14968219074,2.4927279779799654,6.025617930183633,5.99987517856912,17.01149417623572,11.825194651356332,15.561380153439975,55.67721373699936
1677.234,1677.277,USV_2020,0.04300000000012005,5.0,35.72000000000003,False,1472.9893,1508.7093,204.24469999999997,168.52469999999994,0.01194247230887413,0.019608347039473683,15888.79665857396,17855.50314716683,0.00011719730205573239,32886.51315789474,28112.254564727395,2.6183184782966515,6.0689166541144814,5.286025718437116,13.76737027317516,9.847370477322642,15.786828623708109,52.77765391943218
1677.757,1677.768,USV_2021,0.010999999999967258,5.0,35.72000000000003,False,1472.9893,1508.7093,204.7677000000001,169.04770000000008,0.008452986367046833,0.0296630859375,19783.407194797775,20179.76920459267,0.0004801704968598285,31765.625,22429.520975945867,1.7882020669690162,2.026682159188633,6.1709740231903405,16.130105082713992,9.159508745786637,14.57442716159457,46.02897628738278
1678.098,1678.129,USV_2022,0.03099999999994907,5.0,35.72000000000003,False,1472.9893,1508.7093,205.1087,169.38869999999997,0.007902275770902634,0.022774832589285716,17176.725423797656,17723.359226821245,0.00029620851483967356,32986.607142857145,18543.439237286468,2.634474473666521,4.914140260142781,5.170121762275912,14.928585299198614,10.243833587266318,15.332482636655081,51.69207665879776
1678.267,1678.28,USV_2023,0.012999999999919964,5.0,35.72000000000003,False,1472.9893,1508.7093,205.2777000000001,169.55770000000007,0.006739442236721516,0.032505580357142856,17570.355670984143,17218.111078687238,0.00019532004939924887,32008.928571428572,21368.839583640154,1.6381140079444727,2.0457840582108995,7.39903520536532,17.666765636327113,12.298947818010234,15.156047107564863,45.204681167065694
1678.749,1678.811,USV_2024,0.06199999999989814,5.0,35.72000000000003,False,1472.9893,1508.7093,205.75970000000007,170.03970000000004,0.009572463110089302,0.023850661057692308,17384.651375298963,15600.781806717,0.00014818256432824308,31871.39423076923,22427.228424815876,2.9566125740289753,4.127232834326966,5.443700462611907,16.318837463161454,10.633871895390147,13.943989338342021,58.81512283182566
1678.93,1678.968,USV_2025,0.038000000000010914,5.0,35.72000000000003,False,1472.9893,1508.7093,205.9407000000001,170.22070000000008,0.012570767663419247,0.026352826286764705,16623.624047681056,17078.124843470814,0.00022792593988242107,31659.926470588234,24487.79718495322,3.0125790717261354,5.523613087379719,5.0412660631516255,15.64332283293785,11.139631819215921,15.891412671478948,54.73358936153364
1679.61,1679.642,USV_2026,0.032000000000152795,5.0,35.72000000000003,False,1472.9893,1508.7093,206.62069999999994,170.90069999999992,0.014415235258638859,0.013776506696428572,15589.207645789382,17391.03128143078,0.00030928754888036715,31828.125,26981.977312959403,2.6560343886814506,3.0798137186224523,6.25909692352091,16.643890829558977,11.848960032672466,14.849362179972989,52.70007344698417
1680.565,1680.595,USV_2027,0.029999999999972715,5.0,35.72000000000003,False,1472.9893,1508.7093,207.5757000000001,171.85570000000007,0.014287189580500126,0.021937779017857144,14990.894738271541,17220.258229527884,0.00035770774705383933,30843.75,19605.54786576962,1.8171213133727349,7.643248316066213,6.605002359338039,15.13030993250946,10.533351560306444,14.26927145748817,50.52495864912196
1680.766,1680.797,USV_2028,0.03099999999994907,5.0,35.72000000000003,False,1472.9893,1508.7093,207.77670000000012,172.0567000000001,0.012420522049069405,0.009870256696428572,14890.188503560643,17482.80848096603,0.00014711335839240626,30515.625,21707.914408397482,4.380324391623291,4.983985557343323,4.9657507653788215,17.397231295225684,9.659003915223577,13.183538962567571,51.7811077143084
1681.004,1681.117,USV_2029,0.11300000000005639,5.0,35.72000000000003,False,1472.9893,1508.7093,208.01469999999995,172.29469999999992,0.011709172278642654,0.03216145833333333,16626.282633617076,15177.792635883156,0.00010655175801094559,31464.583333333332,26169.37372221524,2.2128981033729467,5.822260409037047,6.0646962122615555,15.462619461697727,10.54244144053632,14.889987310826967,59.850812978326346
1681.639,1681.783,USV_2030,0.14400000000000546,5.0,35.72000000000003,False,1472.9893,1508.7093,208.64969999999994,172.9296999999999,0.01182046253234148,0.04488263811383929,17046.836658916494,13736.636912622269,4.715506538597115e-05,30974.33035714286,23395.143407747044,2.464100334703624,5.005834987637107,5.796447325091893,15.843225956332136,11.243075308965887,14.695579391887014,62.756002293778046
1681.908,1681.916,USV_2031,0.008000000000038199,5.0,35.72000000000003,False,1472.9893,1508.7093,208.91869999999994,173.19869999999992,0.006867426447570324,0.024853515625,17658.91941319815,17517.275737753138,0.0005378458636695124,30656.25,20709.23651139353,2.545707389731688,2.976615193897419,5.304962628465171,13.988926269544319,9.404590299937588,11.97367208444515,38.82679135021983
1682.104,1682.144,USV_2032,0.03999999999996362,5.0,35.72000000000003,False,1472.9893,1508.7093,209.11470000000008,173.39470000000006,0.011298009194433689,0.011316636029411764,15154.913353449416,17780.836392499685,0.00015765553637621456,32663.602941176472,24151.615121700303,2.5416446039817266,5.710354972213288,6.021386610264846,15.813628184990852,12.214697012651017,15.364737764760495,53.90859442696576
1682.46,1682.472,USV_2033,0.011999999999943611,5.0,35.72000000000003,False,1472.9893,1508.7093,209.47070000000008,173.75070000000005,0.011845833621919155,0.021449497767857144,18046.59171967094,19513.853813962614,0.0011630014546138725,32290.178571428572,24114.368407884995,2.1167552370819354,4.704988956605225,5.035832292092662,15.426834541299158,11.126969587221128,13.618437292614768,41.929330020584885
1683.965,1683.99,USV_2034,0.02500000000009095,5.0,35.72000000000003,False,1472.9893,1508.7093,210.97569999999996,175.25569999999993,0.00754298223182559,0.02410888671875,16847.895770063664,17051.6667161012,0.0001133787518721464,31953.125,23534.256532086165,2.226825822427342,3.694641619563509,6.679437895589661,13.637760441726224,10.197294152703787,15.74402680599158,50.921338659299884
1684.884,1684.901,USV_2035,0.01700000000005275,5.0,35.72000000000003,False,1472.9893,1508.7093,211.89470000000006,176.17470000000003,0.014039034955203533,0.009548611111111112,14829.41474004872,19466.67422484943,9.333177106936715e-05,30312.5,26372.042920044718,3.106423976083114,7.731125232417167,4.524023368241253,17.05746192167271,10.666626908530459,13.175976725196453,44.52921961222104
1685.025,1685.055,USV_2036,0.029999999999972715,5.0,35.72000000000003,False,1472.9893,1508.7093,212.03570000000013,176.3157000000001,0.008089258335530758,0.03294154575892857,19257.1398827199,16178.863548124431,0.0004553987838738772,33689.732142857145,27804.019050403866,1.8056052630533497,3.261491877296716,5.282627211586685,16.421830423728885,11.703401363045698,13.721815407532446,54.372823728445
1687.956,1687.966,USV_2037,0.009999999999990905,5.0,35.72000000000003,False,1472.9893,1508.7093,214.96669999999995,179.24669999999992,0.009826655499637127,0.019246419270833332,19868.64225501438,23178.80619674338,0.0007505101024067644,33640.625,23492.01987100457,2.6535176986784297,4.282214324566541,6.2026566664318095,9.363342317385564,10.474531350718662,16.02619729328245,36.252178525602126
1688.665,1688.697,USV_2038,0.03199999999992542,5.0,35.72000000000003,False,1472.9893,1508.7093,215.6757,179.95569999999998,0.010091221891343594,0.031581333705357144,15103.497794746892,16352.929302509068,0.0002020621592181062,30247.76785714286,26327.94208074233,2.3299652655767065,5.337745422732232,6.409409146838632,16.822672859137004,13.878269597355027,15.360021792114532,53.64603390143004
1688.749,1688.772,USV_2039,0.02299999999991087,5.0,35.72000000000003,False,1472.9893,1508.7093,215.75970000000007,180.03970000000004,0.051793430000543594,0.010719992897727272,10506.401222503004,15499.136006723706,0.00029449262841142016,23403.409090909092,28440.04876984994,2.173352453258851,3.003624756620539,8.571670148398326,15.993297605418062,10.262710193085002,15.105610115296606,49.666414737598714
1688.81,1688.831,USV_2040,0.020999999999958163,5.0,35.72000000000003,False,1472.9893,1508.7093,215.8207,180.10069999999996,0.017019936814904213,0.030419921875,16801.40855745068,17779.53753044805,0.00018186694760525174,30506.25,26434.122525593975,2.5461869493408686,4.379467414775611,6.0384833137409775,15.97409984534776,9.795232859779347,16.58267826046585,50.70424263045434
1690.618,1690.634,USV_2041,0.016000000000076398,5.0,35.72000000000003,False,1472.9893,1508.7093,217.62869999999998,181.90869999999995,0.017427872866392136,0.019775390625,14967.609940289454,20601.554662334296,0.00024565843468010083,30984.375,21153.38460576401,2.4416014761640055,6.22100344085702,4.2740749214544795,12.82358089268995,9.947674493756825,12.555917729966232,42.38470863887176
1690.766,1690.821,USV_2042,0.05499999999983629,5.0,35.72000000000003,False,1472.9893,1508.7093,217.77670000000012,182.0567000000001,0.015915656462311745,0.006602411684782609,12838.405540477357,17000.55634234586,0.00015362272606563637,30252.717391304348,22688.55434428188,2.79225714383702,3.359453227746262,6.054037631340063,16.36396998274888,10.879976264154491,14.002953291092608,54.26983513058626
1691.207,1691.253,USV_2043,0.04599999999982174,5.0,35.72000000000003,False,1472.9893,1508.7093,218.21770000000015,182.49770000000012,0.009094936773180962,0.02005615234375,15955.818966215995,16970.85887006355,0.00013254159280918433,31490.625,23057.39665606098,3.060600178235346,6.236609852506905,5.277740592996386,17.522630860708205,10.592389812761445,14.071876151306338,54.948526405521626
1691.375,1691.405,USV_2044,0.029999999999972715,5.0,35.72000000000003,False,1472.9893,1508.7093,218.38570000000004,182.66570000000002,0.006679318845272064,0.028076171875,16616.199961078524,17210.08839255544,0.00013905772302553123,32082.589285714286,26155.91868409291,3.0722059116601392,6.783793559257032,4.198967581470094,16.44525206004375,10.053789857512971,14.540306467724461,53.00527086929764
1691.68,1691.695,USV_2045,0.01499999999987267,5.0,35.72000000000003,False,1472.9893,1508.7093,218.6907000000001,182.97070000000008,0.010730603709816933,0.01153564453125,16629.8060954635,21305.966654264503,0.0008270455194024279,31289.0625,25824.00845323087,3.6334420954651727,6.976026692387502,5.175397158826675,17.255933470068324,10.466241008636075,13.598524215563572,42.89393327501284
1691.811,1691.836,USV_2046,0.02500000000009095,5.0,35.72000000000003,False,1472.9893,1508.7093,218.82169999999996,183.10169999999994,0.008913884870707989,0.026590983072916668,18387.969108117173,19435.399192935918,0.0005768725520247851,34101.5625,22549.34600782052,1.5927343399541989,5.476521205879965,6.205614881539134,12.451514481287168,11.115660271140328,14.410920711529812,49.59632992791993
1692.919,1692.997,USV_2047,0.07799999999997453,5.0,35.72000000000003,False,1472.9893,1508.7093,219.92970000000014,184.2097000000001,0.009343685582280159,0.02907562255859375,15633.517012495391,15672.996060519494,8.004227118827276e-05,31696.2890625,25029.72339920455,2.1413584676062722,5.049847449485823,4.57848522090543,16.798720764806287,11.4344049147806,13.533327664111024,57.46397986393468
1694.917,1694.952,USV_2048,0.035000000000081855,5.0,35.72000000000003,False,1472.9893,1508.7093,221.92769999999996,186.20769999999993,0.007096512243151665,0.0272979736328125,16945.250016301783,17898.817651721627,0.0009466978583003361,32238.28125,23252.56606327374,2.7010246889774177,3.136270368918453,5.289433405125685,17.573677673483132,10.474844617641121,13.94109703709934,53.84832833783142
1695.167,1695.221,USV_2049,0.05400000000008731,5.0,35.72000000000003,False,1472.9893,1508.7093,222.17769999999996,186.45769999999993,0.010517539456486702,0.02212126358695652,14522.177106839881,15432.399049214819,9.569749563147136e-05,29979.619565217392,21892.47125531772,2.559326682495384,3.8771080780552656,5.8220994476850185,16.093068766873877,11.48382273834568,15.627786714329538,55.355728059886516
1695.492,1695.513,USV_2050,0.020999999999958163,5.0,35.72000000000003,False,1472.9893,1508.7093,222.5027,186.78269999999998,0.01681845635175705,0.0165771484375,12590.51617451871,15987.50041065596,3.199149980953371e-05,29953.125,29140.386273059656,1.725439883983625,5.404355310584192,6.273625871300725,21.70927672139464,9.870298888344854,14.986845355936456,49.071596077700136
1696.593,1696.62,USV_2051,0.026999999999816282,5.0,35.72000000000003,False,1472.9893,1508.7093,223.60370000000012,187.8837000000001,0.01059685181826353,0.020304361979166668,15479.254307930954,17092.7872881975,0.0007131878014855859,30820.3125,20667.46480339471,2.2490034443401377,6.556958804362622,5.674606615382065,14.739393243991172,10.218826803272618,15.061244809513797,53.13349231773116
1696.675,1696.713,USV_2052,0.038000000000010914,5.0,35.72000000000003,False,1472.9893,1508.7093,223.6857,187.96569999999997,0.011846446432173252,0.015122357536764705,14812.498595797335,18103.252298855194,0.0002662291803476181,30711.397058823528,27294.16809669988,1.9727825912574104,5.458530025547953,6.572663649320264,16.17000771452056,11.637446190022363,13.392122891696342,51.868553280965955
1696.945,1697.068,USV_2053,0.1230000000000473,5.0,35.72000000000003,False,1472.9893,1508.7093,223.95569999999998,188.23569999999995,0.009884793311357498,0.022181919642857144,14787.562124639317,15430.175040415032,0.0002769106144726777,31266.581632653062,24217.73146689823,2.33175340531738,5.930131729087964,5.332934454607338,17.09117580137666,11.427228707733637,14.688207781269506,58.821496974859926
1698.023,1698.115,USV_2054,0.09200000000009823,5.0,35.72000000000003,False,1472.9893,1508.7093,225.03369999999995,189.31369999999993,0.010026899166405201,0.02851166596283784,15440.116412071045,14130.372197681436,5.364715838678361e-06,30907.094594594593,24758.414687126748,2.9248171645485104,5.11364840281506,4.151820844114204,16.895088178126507,11.91955584149781,15.498435887381417,58.145026414455096
1699.162,1699.231,USV_2055,0.06899999999995998,5.0,35.72000000000003,False,1472.9893,1508.7093,226.17270000000008,190.45270000000005,0.011540481820702553,0.019295828683035716,14204.368417110658,14649.631307352462,0.00016508360401388064,29521.20535714286,22720.896259579535,2.391795418516305,5.097696901631088,5.955124401162323,19.33260928007562,10.700745194244243,13.370896022144473,58.634838460446296
1699.363,1699.443,USV_2056,0.07999999999992724,5.0,35.72000000000003,False,1472.9893,1508.7093,226.3737000000001,190.65370000000007,0.009086555801331997,0.0295257568359375,16235.113898841506,15139.096082039134,0.00010861142381965665,31388.671875,24379.73891721977,3.453954842048317,5.684705532316901,5.691640185719779,17.40221275337273,11.180967661173256,15.085663023306576,59.57559813941306
1699.66,1699.677,USV_2057,0.016999999999825377,5.0,35.72000000000003,False,1472.9893,1508.7093,226.67070000000012,190.9507000000001,0.007495661731809378,0.018853081597222224,18838.344590078566,21883.172510299868,0.0010531049462127573,34281.25,20183.37516684454,2.2493889669818037,3.2241407071276558,4.818203586050692,13.753095919960408,9.115110798008901,13.16771040725991,45.9829872767974
1699.722,1699.759,USV_2058,0.03700000000003456,5.0,35.72000000000003,False,1472.9893,1508.7093,226.73270000000002,191.0127,0.010968554764986038,0.024261474609375,14557.75055382794,14914.393981847059,2.0638331046292e-05,30216.796875,23003.224770389083,2.6118159461883415,2.8860206235789976,5.812212174620138,16.027299405806076,11.583308629476146,14.307963616487806,55.275965296287225
1699.95,1699.984,USV_2059,0.03399999999987813,5.0,35.72000000000003,False,1472.9893,1508.7093,226.9607000000001,191.24070000000006,0.009757143445312977,0.020849609375,15937.989738382621,15810.364309543664,5.986299734929552e-05,30706.25,24202.33441619157,3.578807318239446,6.8583428206642765,5.005435111715784,18.494193481707864,11.628706761955746,13.442559086716301,54.233334080845694
1700.379,1700.404,USV_2060,0.02500000000009095,5.0,35.72000000000003,False,1472.9893,1508.7093,227.38969999999995,191.66969999999992,0.007989308796823025,0.042399088541666664,19749.849951898097,19374.055637640377,0.0007727371286995309,33359.375,24493.3373913558,1.5575674034867564,2.6284176538158293,4.26862240822958,14.205083364640345,10.882015897875524,14.614405740197299,51.69946222329494
1700.497,1700.509,USV_2061,0.011999999999943611,5.0,35.72000000000003,False,1472.9893,1508.7093,227.5077000000001,191.7877000000001,0.011334913782775402,0.013323102678571428,16334.395431917323,19597.081865281005,0.0002501955415387713,31258.928571428572,26183.75702749089,2.4039054166002494,4.528496115228076,5.836904089629214,13.21024705130492,10.953096761361872,13.712053310563716,41.33577611563063
1701.999,1702.025,USV_2062,0.026000000000067303,5.0,35.72000000000003,False,1472.9893,1508.7093,229.00970000000007,193.28970000000004,0.010664098896086216,0.01971435546875,14972.794810594702,18681.264201265392,0.0003152926017144811,31820.3125,24595.070114522958,2.0076438949967543,6.71730768448726,4.15883646886969,15.831010245863668,9.793331523232409,14.283805439170495,48.4969690402389
1702.089,1702.103,USV_2063,0.014000000000123691,5.0,35.72000000000003,False,1472.9893,1508.7093,229.09969999999998,193.37969999999996,0.008145458064973354,0.05340576171875,18519.294461447942,17731.482118597014,0.00016559759880020082,31335.9375,29874.49641156516,1.8615547434513506,5.311563649735946,5.876527366212786,16.93175793393486,10.909125613763297,15.14799780693447,47.99647031232955
1703.423,1703.487,USV_2064,0.06400000000007822,5.0,35.72000000000003,False,1472.9893,1508.7093,230.43370000000004,194.71370000000002,0.009852741844952106,0.03232985276442308,16239.333846815349,15094.324451141061,0.00014839043602949176,30576.923076923078,24076.19821705145,2.0737249941723754,5.334460304219159,6.495705092187545,19.582940456104406,10.788044582415681,15.36632461251197,57.79165913820836
1703.683,1703.828,USV_2065,0.1449999999999818,5.0,35.72000000000003,False,1472.9893,1508.7093,230.69370000000004,194.9737,0.009920747019350529,0.022353858278508772,15428.002897139013,15009.1132144298,0.00020110918909920303,31322.36842105263,22098.10641016988,2.3450926348948293,4.89794088496683,5.975674058708105,17.34950085123436,11.553169096932622,14.792010479706848,59.91273650656085
1704.112,1704.155,USV_2066,0.04299999999989268,5.0,35.72000000000003,False,1472.9893,1508.7093,231.12270000000012,195.4027000000001,0.00844311248511076,0.019259982638888888,16094.840606770533,15817.492145624296,0.00011062783049804597,32057.291666666668,27424.89170702169,3.0938800975615672,4.555387117558926,5.527600236179501,17.76008492251374,11.439369489135416,12.850462697251324,57.66463986252651
1704.393,1704.407,USV_2067,0.013999999999896318,5.0,35.72000000000003,False,1472.9893,1508.7093,231.40370000000007,195.68370000000004,0.0076137869618833065,0.0291748046875,19190.786408863336,21698.892831277153,0.0015266182820287714,34335.9375,17307.48780128123,1.711296408332038,2.5772646483792405,4.573261560688024,12.6689103145365,7.93987867995706,15.088040659374562,42.45049303860932
1704.499,1704.54,USV_2068,0.04099999999993997,5.0,35.72000000000003,False,1472.9893,1508.7093,231.50970000000007,195.78970000000004,0.006838218774646521,0.033976236979166664,17414.725952943016,16390.873709865482,0.0002576869792991326,33692.708333333336,27484.441923459497,2.285770307665589,3.619331028593707,4.973723078889473,15.115193183784344,11.211309648269737,14.753844519652928,55.427161667100336
1704.617,1704.685,USV_2069,0.06799999999998363,5.0,35.72000000000003,False,1472.9893,1508.7093,231.6277,195.90769999999998,0.009629116393625736,0.03971644810267857,17200.76271264819,14426.905751343389,4.762138961307358e-05,31138.39285714286,21265.210603097745,1.7937908417046118,3.6966670470894116,5.800917883864135,15.246430610454244,10.245198140523215,14.957366071385124,58.98775612987097
1704.828,1704.875,USV_2070,0.047000000000025466,5.0,35.72000000000003,False,1472.9893,1508.7093,231.83870000000002,196.1187,0.009338527917861938,0.0377685546875,16338.92674914424,15125.450688435012,2.1201084043085302e-05,32985.9375,25851.956857148332,1.6117315567184576,5.135795626819695,5.638518124743248,15.796784124943091,11.391553451346976,14.467872748425844,55.019207088645544
1705.798,1705.822,USV_2071,0.023999999999887223,5.0,35.72000000000003,False,1472.9893,1508.7093,232.80870000000004,197.08870000000002,0.013412208296358585,0.016313032670454544,13045.678972403508,16809.895834460403,6.18414540278423e-05,29803.977272727272,27610.380908160776,3.1451897580647117,6.803914963668564,7.763094572458912,20.31481408861961,10.7540074669172,12.821920299695025,49.562202437614
1705.86,1705.882,USV_2072,0.02200000000016189,5.0,35.72000000000003,False,1472.9893,1508.7093,232.87069999999994,197.15069999999992,0.011429941281676292,0.01220703125,14350.915683249581,18336.89633102866,0.00018701151301485106,31423.295454545456,23333.43988610447,2.4540535408363806,2.965841870440865,4.288186511319456,15.148014033539509,9.261109443242102,14.939673048384934,48.97379267975252
1706.483,1706.588,USV_2073,0.10500000000001819,5.0,35.72000000000003,False,1472.9893,1508.7093,233.4937,197.77369999999996,0.012461553327739239,0.021379743303571428,14816.36831687021,15315.33957762392,5.6727728373814375e-05,31350.446428571428,28178.37685633564,2.2894384687597444,3.694044174834519,5.234375144402678,17.122220903666555,10.29127084603481,15.755200154453949,58.65322665996566
1706.641,1706.748,USV_2074,0.1069999999999709,5.0,35.72000000000003,False,1472.9893,1508.7093,233.65170000000012,197.9317000000001,0.010855166241526604,0.027024042038690476,16728.289163218917,14419.456931559185,3.420617495810769e-05,32441.964285714286,27811.969279962028,3.1456148239205226,6.779089842176207,5.653536538480291,16.052394499092955,11.87765339810898,14.846863493396844,61.18899234598567
1707.561,1707.673,USV_2075,0.11200000000008004,5.0,35.72000000000003,False,1472.9893,1508.7093,234.57169999999996,198.85169999999994,0.011725923977792263,0.023110129616477272,15319.653431652558,15192.850437581574,0.00032196343603281357,31657.670454545456,26233.29522483216,2.860395210939557,5.619473534171992,7.007520566328873,17.635702435736885,11.506332400013463,15.100871110633346,59.693594264815836
1707.724,1707.86,USV_2076,0.13599999999996726,5.0,35.72000000000003,False,1472.9893,1508.7093,234.73469999999998,199.01469999999995,0.009946024976670742,0.021046764445754717,15067.569688498399,15323.198950269913,6.169361308371516e-05,31482.311320754718,25523.655697693015,2.4448301379770263,5.396921228390158,5.488326992657708,15.881310190635064,11.002909648264831,14.64877575852341,59.1066967662383
1708.018,1708.044,USV_2077,0.026000000000067303,5.0,35.72000000000003,False,1472.9893,1508.7093,235.02870000000007,199.30870000000004,0.010963786393404007,0.024861653645833332,17225.4316134258,17995.235724151393,0.0003698623394917776,32234.375,25816.22749525476,1.3915181311220148,7.092156948237272,4.997017350212611,14.680035919763514,10.63341573604542,13.367412739946673,50.83567500427552
1708.352,1708.398,USV_2078,0.04599999999982174,5.0,35.72000000000003,False,1472.9893,1508.7093,235.36270000000013,199.6427000000001,0.009998696856200695,0.02333984375,15862.024286449921,16492.614544279997,0.0007840724111527324,31382.8125,24291.315245635476,2.375667374370304,4.177220659203059,5.80216307735843,16.949909706292367,12.87684994437179,15.172799433433932,54.125078126401164
1708.427,1708.438,USV_2079,0.011000000000194632,5.0,35.72000000000003,False,1472.9893,1508.7093,235.43769999999995,199.71769999999992,0.0075469231233000755,0.035121372767857144,20797.51053050659,20686.347517518036,0.0010562420891952638,36040.17857142857,20807.92227098464,0.7456610097999625,2.6266239665349134,6.198882191958285,13.557041883782526,10.824317982248433,13.804506132683349,42.20899341473137
1708.844,1708.911,USV_2080,0.06700000000000728,5.0,35.72000000000003,False,1472.9893,1508.7093,235.8547000000001,200.13470000000007,0.010835631750524044,0.039097377232142856,17737.409341914426,15283.844123990611,0.00022918654602068536,31734.375,20532.166808259986,2.0999154668903564,4.801781605639724,5.196326576472588,14.685650540142092,10.575172867757159,14.049091518466781,60.437715183589326
1709.292,1709.316,USV_2081,0.024000000000114596,5.0,35.72000000000003,False,1472.9893,1508.7093,236.30269999999996,200.58269999999993,0.006918762344866991,0.047674005681818184,19104.565711057367,15859.39786053769,0.00011662729784086512,33204.545454545456,26330.398995188418,2.7810346149927136,5.166140504901883,5.372493195593565,16.549594484150557,10.589415996340115,13.257630823764561,54.62612039007927
1709.579,1709.608,USV_2082,0.028999999999996362,5.0,35.72000000000003,False,1472.9893,1508.7093,236.5897,200.86969999999997,0.0059464010410010815,0.03171950120192308,16407.374041426923,14954.209614155543,0.00010546887702364555,32206.73076923077,21524.22807118291,1.8280528039559685,2.828149219595546,5.299926903726921,15.036931557611915,10.606474530292974,14.278030863458016,55.193090809057324
1709.722,1709.794,USV_2083,0.07200000000011642,5.0,35.72000000000003,False,1472.9893,1508.7093,236.73270000000002,201.0127,0.010631762444972992,0.030214507004310345,16284.095446504813,14828.899042081639,0.00022997301923850927,31396.55172413793,25528.235709208653,2.44404912047251,5.3538067845990795,5.296123735043743,16.732288063448387,11.484420321072394,15.157388386782355,59.30680216212234
1709.832,1709.876,USV_2084,0.04399999999986903,5.0,35.72000000000003,False,1472.9893,1508.7093,236.84270000000015,201.12270000000012,0.010847926139831543,0.013170744243421052,14551.543619976424,16616.245808306867,0.0001084581136303106,31564.144736842107,23083.223557992125,2.859631355312121,5.277961256215925,5.412416096668842,15.6614251932689,9.874335930847774,16.081126777371082,54.36019700236999
1710.065,1710.093,USV_2085,0.02800000000002001,5.0,35.72000000000003,False,1472.9893,1508.7093,237.0757000000001,201.35570000000007,0.012001805938780308,0.014798677884615384,16632.747716641505,17249.97852298127,0.0001557617039578533,30367.78846153846,22807.769757346676,2.5108575905901342,3.45948508139467,6.0914195520398104,13.897164014212443,9.285224511908533,15.058742940961979,53.031593718846345
1710.264,1710.297,USV_2086,0.03300000000012915,5.0,35.72000000000003,False,1472.9893,1508.7093,237.27469999999994,201.5546999999999,0.012279465794563293,0.025634765625,14723.736850110286,15453.137091623774,4.885546694851177e-05,29375.0,19849.44437329735,2.6868274622696533,5.730737305532429,4.577585375371801,13.170358967106292,9.780100016827213,14.237290599729484,53.70073508280775
