start,stop,label,duration,trial_num,open_latency,before_open,trial_start,lever_press,prox_to_trial_start,prox_to_lever_press,rms,zcr,centroid,bandwidth,flatness,rolloff,f0,contrast1,contrast2,contrast3,contrast4,contrast5,contrast6,contrast7
1.339,1.404,USV_1,0.06499999999999995,,,None,,,,,0.012480465695261955,0.044858579282407406,15835.603958171478,13333.40547869834,2.5956698749208326e-05,27951.38888888889,19160.7398000708,2.1229732993108605,5.241957894441923,5.606693688757447,15.975753744434469,10.267704362956739,16.354607771844375,61.05900700932993
1.502,1.61,USV_2,0.1080000000000001,,,None,,,,,0.009795112535357475,0.049929596656976744,16040.04769267469,13731.537562013284,0.00028642919437388693,28724.56395348837,19516.812554142558,2.90153629341036,3.0006384549427434,6.796450562735494,16.761741632727308,10.041559568083914,17.137100757187444,62.56669431197456
3.843,3.903,USV_3,0.06000000000000005,,,None,,,,,0.09240580350160599,0.024189453125,10956.127254194089,12294.130796039202,0.0001767410722770965,20876.25,16976.52303230326,2.09232593704235,5.546899067940578,5.87698229644489,13.117024285938395,21.714444584318876,16.90336878719806,60.235415054909446
4.101,4.157,USV_4,0.05600000000000005,,,None,,,,,0.09618053585290909,0.026229194972826088,11160.93471796802,11716.459525432789,0.0004836229727443356,21615.489130434784,16390.269380781694,3.6873550922967335,3.5011270070397065,5.932460141638053,14.226383036736234,24.154621207816025,18.56271169543299,59.44143404861894
4.355,4.407,USV_5,0.0519999999999996,,,None,,,,,0.10126650333404541,0.023182262073863636,11032.612704257266,12675.251464134471,0.000263908150586498,21315.340909090908,17172.290597134634,2.2450704323456496,4.818400178074615,6.267543173604967,13.618709769783344,23.152069504507793,19.344182886670463,58.1068276636129
4.609,4.647,USV_6,0.038000000000000256,,,None,,,,,0.12466925382614136,0.02141256893382353,10965.422279453142,12779.890128975312,0.00016091476812284052,20376.83823529412,16864.417134950687,1.8087110174940677,2.571388400890672,4.3161084397180005,11.237191377333467,22.441976122120092,17.268929048360594,56.99220473853622
4.863,4.916,USV_7,0.052999999999999936,,,None,,,,,0.10051198303699493,0.026877663352272728,11117.09877516298,12165.913314724005,0.00018207367146230055,21370.738636363636,16434.8814982957,2.4630991709309376,3.3904037686181594,5.59593909603169,12.189819894320912,22.20906166497549,18.20974660155791,58.23370714085236
7.583,7.649,USV_8,0.06599999999999984,,,None,,,,,0.010288030840456486,0.06605360243055555,17352.31494619782,13895.125756811625,0.00024915733391851536,28770.833333333332,16478.766129274594,2.572719534624421,2.77814558648169,5.34175385399714,17.715992360411807,11.83876983560707,15.59730196873768,62.10008002025719
8.183,8.236,USV_9,0.053000000000000824,,,None,,,,,0.0073305401019752026,0.04256924715909091,15673.898709001944,14599.83912824614,0.00011951577744178385,29872.159090909092,23731.032319712773,4.782181541079649,3.6736159651834854,5.5435512277830945,16.025028772649648,12.365733203791093,16.085983938724638,57.24182328466356
8.445,8.519,USV_10,0.07399999999999984,,,None,,,,,0.013105872087180614,0.043359375,14735.087561823406,12638.720021545867,1.0920360488886613e-05,26712.5,23441.55633074554,2.974835823632131,6.722968916658518,6.666361924478122,17.017899057928084,10.757882134158434,17.10265795148821,61.07755832120219
9.73,9.802,USV_11,0.07199999999999918,,,None,,,,,0.012868485413491726,0.048280913254310345,15516.436746882036,12290.2918483333,4.7642852733179665e-06,27439.655172413793,23312.768810860383,2.7453155901575625,6.08993182191759,6.013715081332456,16.518917046749618,10.425067460448933,16.572068096502353,61.523689089473876
11.11,11.186,USV_12,0.07600000000000051,,,None,,,,,0.013097275979816914,0.04521326864919355,14804.982488585938,13342.262485753947,4.943260914877321e-05,26694.5564516129,18497.440714074583,2.0962514689889153,4.778089081574851,4.956108848638694,16.743209526413118,11.218790470909084,15.610969486451214,61.01668875228296
16.466,16.541,USV_13,0.07499999999999929,,,None,,,,,0.009615042246878147,0.030525716145833333,14569.845161264713,14067.213420972146,0.00014418994203875107,28271.875,18269.023771848544,2.817934267559207,3.3710467453814617,5.508695455370208,18.82700918341199,11.789603413241869,15.990141307121446,61.410558091362226
19.987000000000002,20.122,USV_14,0.134999999999998,,,None,,,,,0.02120700106024742,0.01428913620283019,9883.342403025503,12714.09591214912,9.107735210438575e-05,23080.188679245282,21548.388898565205,2.024064035704377,3.4007373755133874,4.749271602412605,18.070055464123048,11.431254688052336,15.129902014909948,59.66276478084973
22.602,22.631,USV_15,0.028999999999999915,,,None,,,,,0.029286514967679977,0.012451171875,8780.072603289176,13947.685250578537,0.00011262893311319971,21454.326923076922,24194.967720303648,3.8941430104014954,2.737745986911403,6.715360274773786,16.08821779932827,10.510763011426928,16.837888236394814,51.42117283672198
23.430999999999997,23.555999999999997,USV_16,0.125,,,None,,,,,0.01513818558305502,0.02670101243622449,11169.140365198788,11384.752948402942,2.0548245218079875e-05,23232.780612244896,14769.230769230768,2.2946303373158736,5.737247665385185,5.74266703246964,16.138246383515263,12.82309690815423,15.384238878578769,63.01769549551561
24.448999999999998,24.517,USV_17,0.06800000000000139,,,None,,,,,0.01273714192211628,0.029985700334821428,12306.423783986265,13425.231828860624,8.915848889485044e-05,25155.133928571428,19696.432972383696,3.0577874209740763,2.9407014613491786,6.454707345353236,15.525409748233814,14.06192791553293,17.827725210295227,60.71346447008998
25.629,25.646,USV_18,0.01699999999999946,,,None,,,,,0.010864919982850552,0.024359809027777776,14689.122068490302,17804.8298871022,0.00015361614157123843,28312.5,18649.840877034323,2.524574217789441,4.0021794985890375,4.828924426048819,12.79020208548065,8.295946446340102,15.149416000986207,47.05871700327826
26.963,27.039,USV_19,0.07600000000000051,,,None,,,,,0.015675630420446396,0.03432144657258065,14214.199575158997,14419.869135759602,0.0007741763743339399,27114.91935483871,20805.81058485863,2.314028991857697,2.540528491629352,4.932592841703864,16.20956467794978,10.093990188150114,14.85476350232374,60.23619897983088
31.103,31.18,USV_20,0.07699999999999818,,,None,,,,,0.01089559867978096,0.042181199596774195,16564.719930889252,13606.250210281924,3.796538205412873e-05,30175.40322580645,25210.974971672505,2.7129071731170833,3.5486263045622906,4.502961185114751,18.804165084695338,10.693407028361305,14.936236794602332,60.94491926885696
31.894,32.041,USV_21,0.14699999999999847,,,None,,,,,0.0098178805783391,0.03728926809210526,15515.246262488168,13636.374389331166,2.2590985465773467e-05,29817.434210526317,24265.744766730786,2.5455094057585153,4.665499870971539,5.375241586538234,17.471619337469722,11.249661093644653,16.53540577638649,61.914482755990335
32.194,32.275,USV_22,0.08099999999999596,,,None,,,,,0.018830839544534683,0.03498609138257576,13254.89763745345,12701.513231670448,0.0002307474725954258,24943.18181818182,15143.680429071519,2.721242452158318,4.02508447878116,5.90359423340206,16.89439267094035,10.757931768592638,13.412702259322003,63.16608815438626
32.355000000000004,32.409,USV_23,0.05399999999999494,,,None,,,,,0.009026708081364632,0.031005859375,15925.651329682487,15002.915877290412,5.3422243423167905e-05,31483.695652173912,21445.983601595057,3.0972409207129665,3.3541719059756074,4.873890815983361,14.264955646878274,9.825358544480107,16.28753938184068,58.41612698011494
32.541,32.564,USV_24,0.02300000000000324,,,None,,,,,0.016638344153761864,0.027632279829545456,13015.673513705982,12843.739912267727,0.00015656269993673144,24034.090909090908,15794.65544502648,2.2313723057228656,3.378173238756207,4.913900359285265,16.41339310286854,12.180866300980313,16.07585922445988,55.53919044668598
32.707,32.813,USV_25,0.10600000000000165,,,None,,,,,0.01235214900225401,0.02671014694940476,14393.774513757702,14042.670631278184,0.0003214145039543885,29294.64285714286,20432.9301766929,2.667976187402116,6.648473004099943,6.230577572378779,16.88515446834707,11.973238706903308,16.670016284034993,60.56326329909522
33.041,33.049,USV_26,0.008000000000002672,,,None,,,,,0.008709227666258812,0.034814453125,14594.500786180526,13585.08419892172,0.00017724843012546492,25837.5,14769.23076923077,2.180028412269083,1.4371179175275328,4.794019943868001,16.04141863839053,10.66102883991418,14.45124470222429,42.47009225426464
33.17,33.227,USV_27,0.056999999999995055,,,None,,,,,0.0217843446880579,0.047037760416666664,15266.230754291,13623.34358606276,8.670995114213341e-05,27242.1875,16265.592779147279,2.653178256684994,4.306513166378127,5.728815502574389,16.894446632581705,11.186930555374667,14.513042181402957,61.53390691701832
33.451,33.459,USV_28,0.008000000000002672,,,None,,,,,0.009105750359594822,0.028466796875,14452.949410740335,14047.202304637245,9.269846516327923e-05,25518.75,14769.23076923077,1.744318397824454,1.8912460780250318,6.856448889911571,13.236652375690634,9.928729844060818,15.834929024936832,42.23521709561186
33.653999999999996,33.684,USV_29,0.030000000000001137,,,None,,,,,0.015474222600460052,0.021745954241071428,12887.334801128603,16025.217299836731,0.0001593314742871598,26035.714285714286,21051.428348530208,1.617426456367325,5.3926186730685615,4.062894159110475,14.565305615629773,9.683042366606484,15.578470832012867,53.546750040756855
33.729,33.774,USV_30,0.045000000000001705,,,None,,,,,0.012592975981533527,0.016678659539473683,12774.138394071868,16062.065261047183,0.0003272417249953057,28667.763157894737,27532.642840290715,2.0699236073614,3.806837928837513,4.9779597232375155,17.05984688667061,10.7678155000738,15.308607422057941,54.045852132789726
33.878,33.951,USV_31,0.0730000000000004,,,None,,,,,0.03508285805583,0.0215576171875,12736.265818098902,14113.895546935923,4.506383987138142e-05,25937.5,20877.415587087857,3.883710967816312,5.385067913721089,4.167599413394336,19.58346408192624,11.899023319251135,15.00589279856908,59.447085020935205
34.089,34.156,USV_32,0.06700000000000017,,,None,,,,,0.01365663856267929,0.027361188616071428,12860.414571813457,14347.02903001211,0.00030621397095887727,26042.410714285714,21905.638867735597,3.230429144785254,5.947684689137863,5.230740120314208,15.081459271472616,14.20789522781108,14.36604839648658,58.5511877641928
34.463,34.546,USV_33,0.08299999999999841,,,None,,,,,0.016856366768479347,0.03162730823863636,13105.71325367508,13275.400161363139,6.346354391503057e-06,27585.227272727272,25314.404862272906,2.4152315911309223,3.108692443441656,6.006534831812477,14.118580415271303,11.296930629497963,14.936591813775454,60.654495072850104
34.781,34.87,USV_34,0.08899999999999864,,,None,,,,,0.013236697763204575,0.03414577907986111,13415.755570842233,13413.466972982455,0.000230281403941431,26255.208333333332,16899.69109687743,2.8002343921477166,6.744530637184486,5.270545674091341,18.273164094692,15.02605419713797,17.29551519312257,61.7601606302762
35.346000000000004,35.371,USV_35,0.02499999999999858,,,None,,,,,0.011883214116096497,0.005208333333333333,13074.4426441841,17100.91055463661,7.485864355748972e-05,28265.625,25452.65894128988,2.503126302388518,2.360791244915554,4.003730403232291,16.21190690425265,10.987435787624186,14.0023345110031,49.62079327133466
35.757,35.787,USV_36,0.030000000000001137,,,None,,,,,0.013168354518711567,0.022600446428571428,14041.412390287322,16563.12566274124,0.0007683553558954241,28908.48214285714,14988.16227283886,2.3405266671646605,5.088517395882454,5.86867519526458,15.683058080180349,11.341917031759944,14.37536270834272,53.7281601634608
35.942,36.001,USV_37,0.0589999999999975,,,None,,,,,0.03407996520400047,0.029296875,12085.140297042928,12719.165144345012,6.985803664374232e-05,23261.71875,17232.22936021673,2.4315401801216887,4.695146495009923,5.3393747918068515,16.763007611033128,11.399500750884185,14.88770107740094,58.77208203229872
36.546,36.571,USV_38,0.02499999999999858,,,None,,,,,0.013208281248807907,0.0279541015625,14992.888788909986,14863.049779643801,0.0002697873898518159,27875.0,17418.15350525653,2.1128937537608494,3.24085198798651,5.593868401501232,15.048172305223902,11.918739644358077,16.030404765950497,53.69218342847981
36.7,36.792,USV_39,0.09199999999999875,,,None,,,,,0.009884322062134743,0.021609744510135136,15332.689685841406,15005.536586714974,0.00016006891218584774,30894.425675675677,25405.332078211766,1.8355928610413152,4.504405208463551,5.321045628520727,16.77536263544983,11.629034089076363,16.6241534457598,59.96474646216843
40.892,41.039,USV_40,0.14699999999999847,,,None,,,,,0.018210243433713913,0.037135074013157895,13805.800501986883,11841.936669632509,3.841796137999048e-05,25649.67105263158,15497.879469205714,3.6218681756654654,3.3608032406594273,5.045684965006021,15.68492217299431,10.753255725186476,16.378333041368734,65.09136400344784
45.525,45.658,USV_41,0.13300000000000267,,,None,,,,,0.012300107628107071,0.04258375901442308,15322.712304658724,12931.79999787958,2.5685208015098496e-05,27778.846153846152,19251.734840685418,2.2170967384457865,6.727293638968353,5.824671497483994,16.02540486392257,11.194846617698031,15.673900503931245,62.33617712700724
45.798,45.854,USV_42,0.055999999999997385,,,None,,,,,0.014913329854607582,0.05165166440217391,15645.037302396273,13660.271578012882,0.00032165026791060216,26690.217391304348,17456.46901653421,3.1386498551434103,2.518909619488452,5.1482574665920655,16.305497197516996,10.878595303782475,17.282103210985177,61.217155530723865
46.88,46.99,USV_43,0.10999999999999943,,,None,,,,,0.011866936460137367,0.02521306818181818,13437.511039921681,13562.964949645115,4.85057257076218e-05,27266.335227272728,19522.134675152574,3.0669283084768053,6.612123348438704,5.369186793089551,16.3768931563833,9.801049749235094,15.998881418161279,60.3618387618491
48.359,48.375,USV_44,0.015999999999998238,,,None,,,,,0.010134055279195309,0.024505615234375,15236.824565454259,17284.495705130095,0.0003649666859078329,27902.34375,22239.947476830937,1.938975221425042,2.728625251877288,5.38989361870037,14.77458725769469,11.284492939301234,14.343923885354025,46.788744439713795
49.803,49.909,USV_45,0.10600000000000165,,,None,,,,,0.043635156005620956,0.00941103980654762,6939.6910408943895,10478.182779661873,2.925751257992454e-05,16361.607142857143,24877.14866875738,3.570685193571284,2.3831989706264576,5.034246805132079,18.839593709262566,11.409722532886567,15.08923388944009,61.24603917538142
49.976,49.988,USV_46,0.012000000000000455,,,None,,,,,0.015183390118181705,0.01904296875,12109.006759633168,15261.861198571201,0.00024149997318879658,24200.89285714286,19175.214852293317,0.9696542683173349,2.062807340886234,5.7500695870065694,16.69612766320685,8.678166611133742,13.568955968147176,45.62749965520671
50.265,50.312,USV_47,0.046999999999997044,,,None,,,,,0.011575164273381233,0.02955322265625,15759.085533063853,14549.442453424894,0.00019277775323639805,29296.875,18608.070714104168,2.066498667903489,5.537435740920464,5.179975124827231,14.423965323357347,10.833286389216818,14.958576136742789,57.04873399489661
51.836,51.862,USV_48,0.026000000000003354,,,None,,,,,0.007650109473615885,0.03790283203125,16426.622455627847,16790.298709448227,0.0002904155978093134,31039.0625,22051.48785371227,2.335532220545305,3.2875460967787773,5.141096862759614,14.29917455909203,11.701442872137058,13.10733357543844,53.3417894414681
52.063,52.171,USV_49,0.10799999999999699,,,None,,,,,0.010798927396535873,0.03465093568313953,15462.924264065157,13864.701548823512,4.6355415016222105e-05,29428.779069767443,23107.189194762723,2.987430022520931,5.490492942025989,5.803343934713368,15.44800721965624,11.117260441314496,15.981522202643932,60.03089692154221
52.29,52.372,USV_50,0.08200000000000074,,,None,,,,,0.012845797464251518,0.021957859848484848,13561.119106578573,14451.961255177326,0.00011357635224815732,27889.204545454544,19957.622382138325,2.008322016924093,6.318823073953886,5.276014558377818,15.510456547858967,10.328707233168803,14.41168848445382,58.93612876911635
52.454,52.539,USV_51,0.08500000000000085,,,None,,,,,0.012563773430883884,0.022037281709558824,13796.95458873974,14829.934103047059,0.00021853464434140648,28899.816176470587,25631.03962964618,2.1661661395999325,7.5662347431308925,5.582992806812336,16.388919334035208,10.307476196589336,16.166219275898683,58.171209715211695
52.85,52.992,USV_52,0.1419999999999959,,,None,,,,,0.01184229739010334,0.030774797712053572,13664.679007058843,12593.193393207783,3.0055524525939507e-05,26760.602678571428,19207.3374807314,2.551148321477817,5.854302688821436,5.4534649055061895,15.95237783757417,11.909087631523553,15.814766550689132,62.030935944092285
56.815,56.953,USV_53,0.13800000000000523,,,None,,,,,0.04099972918629646,0.01885760271990741,7336.438695920656,8848.7734213072,4.117543346038228e-06,14319.444444444445,18540.1555320108,2.6101377102869807,3.9972921188289376,5.458039274015577,16.465395390286016,13.157998107275706,15.439846888729319,66.24050652718341
57.643,57.653,USV_54,0.00999999999999801,,,None,,,,,0.011668686755001545,0.017740885416666668,14241.517344911175,17676.844031786102,0.0002948825749811733,27906.25,23620.098002815834,2.3575800499927015,3.350043132337925,6.896805264107525,16.99436245342685,9.815187535562186,16.702352951504086,41.839824643110184
57.706,57.782,USV_55,0.0759999999999934,,,None,,,,,0.013423576019704342,0.017168598790322582,11328.599419550794,14499.083237619352,0.00014313037520123618,26328.629032258064,26491.940818386767,2.5848661088520055,5.904195299115625,6.121198444474183,16.234152667398323,10.018582139584097,15.43256614780013,57.46545727196058
57.862,57.966,USV_56,0.1039999999999992,,,None,,,,,0.013455049134790897,0.022437118902439025,13423.152942274099,13814.740547860598,0.00024287496565220492,27342.98780487805,21747.89576337372,3.8844511246352242,5.971003517193226,5.1700453463613245,15.826678835373425,11.623442809602263,14.805101349408197,59.72080582797468
58.054,58.095,USV_57,0.04099999999999682,,,None,,,,,0.009809073060750961,0.025621202256944444,15513.472879199086,14348.320992232886,0.00012961281628963442,29552.083333333332,24378.445435352678,2.79070630230691,2.8866777688415857,4.403682943927043,12.660412087106756,10.801579356331066,16.478555291376306,57.85414390327652
58.658,58.691,USV_58,0.03300000000000125,,,None,,,,,0.013573032803833485,0.017692057291666667,13427.232678490358,15863.794296377717,0.00028594982009439904,28606.25,24494.382836200537,1.5851709834086143,7.357243895570496,5.395259835964376,14.674082060757577,12.443473618661415,16.748207779094603,52.26741128589279
58.78,58.793,USV_59,0.012999999999998124,,,None,,,,,0.007851771079003811,0.032191685267857144,16358.413440335831,17400.367207763054,0.00020385190978216143,29491.071428571428,25850.00337519265,3.8740757249888182,5.44521304204726,5.094063158947309,14.32576872275511,10.098230621228927,19.038083855745988,45.077558823437926
59.563,59.644999999999996,USV_60,0.08199999999999363,,,None,,,,,0.010136828757822514,0.04313890861742424,14965.408633003708,12944.719709170495,9.673121199404274e-05,27602.272727272728,17983.854714171157,3.3952247224061782,4.814985032399438,4.382391049536464,15.737592384101976,11.264641840952388,15.327819462497958,61.222225940372525
60.216,60.241,USV_61,0.02499999999999858,,,None,,,,,0.008646676316857338,0.02203369140625,16296.990815548512,18938.697585643684,0.0004581505660563408,30265.625,23298.297816360053,3.0856756622272976,5.169214644390266,3.9850593475342584,11.821303656072416,10.18818044074557,14.04615864555479,50.553235728508724
60.427,60.437,USV_62,0.00999999999999801,,,None,,,,,0.009877152740955353,0.0177001953125,14495.19687625383,17465.57761598476,0.00011199731910628325,28515.625,22363.02051230542,3.3450121748056465,4.943286168815578,4.370083947036077,12.633301350572603,9.901226099477983,13.742320684784607,39.294529581270524
61.867,61.877,USV_63,0.010000000000005116,,,None,,,,,0.008555641397833824,0.024983723958333332,17711.337089544526,21640.120814278795,0.0006580006290240127,30109.375,22884.34059346814,2.6189830424039346,3.569085992306805,6.327183445457121,13.123710320233831,12.946608199416056,13.036244456418581,38.41099995956386
62.01,62.105,USV_64,0.09499999999999886,,,None,,,,,0.00921661127358675,0.0394287109375,15151.865648093253,13721.208776231779,3.9328409193470896e-05,29590.46052631579,23280.707051366004,2.7158460334251275,6.918809860716709,5.735608413906881,15.790130468207376,10.301081993131158,16.13912193124342,60.21915990560417
62.182,62.287,USV_65,0.10499999999999687,,,None,,,,,0.010485504753887653,0.0301513671875,13801.211671647976,12673.7586069927,4.801674997068424e-06,27216.51785714286,18736.129410821184,2.255277091503506,5.202505344639437,5.646395523217021,16.510988974480053,11.64916074196568,15.12723588250959,62.00087546360452
62.935,62.948,USV_66,0.012999999999998124,,,None,,,,,0.013706118799746037,0.021693638392857144,13923.258901692074,16358.230651803435,0.00022194875223853383,26397.321428571428,18368.123035313973,2.0894152271099795,2.1443129973224777,4.805361677415199,13.287999467780468,10.263476062295522,16.483507647737646,47.49868519859273
63.058,63.089,USV_67,0.030999999999998806,,,None,,,,,0.015986056998372078,0.042689732142857144,14394.962435142637,13905.215919554748,3.675539736903989e-05,26323.660714285714,20291.998044427048,1.5675508741472353,3.4265457456146686,5.9660200298575745,17.35140264636256,11.920831327636538,16.2659318389844,56.224130461880215
73.604,73.64,USV_68,0.036000000000001364,1.0,,None,65.10849999999999,,8.495500000000007,,0.014917775988578796,0.013275146484375,13775.184680994895,16494.506559309535,0.00010762261747626776,27697.265625,23172.222445392283,2.582359257497392,6.7758085614802575,7.753568118766042,14.972205229659789,9.827660062363245,16.639244959613556,52.41612982834347
73.723,73.81700000000001,USV_69,0.0940000000000083,1.0,,None,65.10849999999999,,8.614500000000007,,0.020266056060791016,0.01597193667763158,9988.314130296734,12692.116013853272,4.547263929255961e-05,23541.11842105263,29296.524986320113,2.273806739071528,4.158370891232363,7.684454603786693,18.70572631227476,12.46643550048826,15.717543877955642,57.44772828450772
73.884,73.992,USV_70,0.10800000000000409,1.0,,None,65.10849999999999,,8.775500000000008,,0.016058258712291718,0.019928688226744186,10641.615044579888,12631.931887412118,7.863257275833512e-05,23941.133720930233,24646.0889806334,2.5061803126272855,4.092414820780121,6.562289470878549,17.406932541499273,12.841521742952356,15.229819412238038,59.69744647900957
74.034,74.084,USV_71,0.04999999999999716,1.0,,None,65.10849999999999,,8.925500000000014,,0.0239520575851202,0.020124162946428572,10810.360254702586,13299.043528104454,2.554151514080464e-05,24892.85714285714,24652.199878337437,1.6664087603036872,2.8618415469423293,5.8735443174492605,17.89063303615959,10.89198247821347,15.065955755311112,56.96166692222724
74.426,74.459,USV_72,0.03300000000000125,1.0,,None,65.10849999999999,,9.31750000000001,,0.022023530676960945,0.012613932291666666,8577.389601739475,12863.635899810384,6.368850564595297e-06,21931.25,25900.755967856552,2.0938533769034677,3.1272895027815832,7.3773991959824805,17.377970582537966,10.297828656565548,15.864765907081049,53.16412153348485
75.32300000000001,75.361,USV_73,0.0379999999999967,1.0,,None,65.10849999999999,,10.214500000000015,,0.014110385440289974,0.019545611213235295,13630.611050148998,15558.486452020636,0.00022372707422623858,28626.83823529412,19828.5438171349,2.6733432825808054,3.7166062229891654,4.383662366679225,14.630558843406181,10.316091144088302,19.004977255604544,54.477436512171266
75.589,75.716,USV_74,0.12699999999999534,1.0,,None,65.10849999999999,,10.480500000000006,,0.02606957033276558,0.017421875,9514.95373821203,11924.985686642427,9.797198067919393e-05,21442.5,18589.275013486884,3.016157509372454,2.634996740862371,5.250047718704875,16.956491816424712,9.865890084794191,15.519887138577918,62.93824971349436
77.604,77.663,USV_75,0.0589999999999975,1.0,,None,65.10849999999999,,12.495500000000007,,0.011164025403559208,0.036478678385416664,14121.205377195749,13077.33476711095,0.00035219778126257075,26402.34375,18812.626050532494,2.133977307263421,4.915114389044929,5.341444507221419,17.154753056357205,11.425253478457597,14.55112684464693,61.241327967912554
78.0,78.031,USV_76,0.03100000000000591,1.0,,None,65.10849999999999,,12.891500000000008,,0.011665563099086285,0.018415178571428572,14438.104066677455,18661.429165733796,0.0001425914503015917,30582.589285714286,22645.540825977187,2.26648806653681,4.832466190414263,5.405874128163018,15.610714208147161,10.052790324090028,14.688643294436128,49.87164072468706
79.142,79.161,USV_77,0.019000000000005457,1.0,,None,65.10849999999999,,14.033500000000004,,0.007254835218191147,0.023974609375,17031.19122616803,18504.934570269095,0.00031554361840368996,31190.625,17471.457153261923,1.5975085922821275,4.965073695500061,5.007650671060523,14.756757132495704,9.996579539215535,12.834873375563438,49.989909513273375
79.303,79.31700000000001,USV_78,0.014000000000010004,1.0,,None,65.10849999999999,,14.194500000000005,,0.012908060103654861,0.01202392578125,14672.922491981677,18272.23590962177,0.00010410299293710915,29496.09375,26327.610227468944,2.1455530717932527,5.860603408647326,3.246197607789011,10.799667132618655,9.811596819134639,15.982991738898017,43.787644642784336
79.401,79.443,USV_79,0.04200000000000159,1.0,,None,65.10849999999999,,14.292500000000004,,0.011906852014362812,0.022067599826388888,14540.068762794368,14541.714660627602,8.30000799403711e-05,27984.375,21523.894907245747,2.9887426689769496,6.762430301450545,5.184749686867914,13.652254426489302,11.444734587239004,14.067057883690195,56.50821583731636
79.52,79.549,USV_80,0.029000000000010573,1.0,,None,65.10849999999999,,14.411500000000004,,0.011546841822564602,0.025465745192307692,15429.547069616856,16650.773532592502,0.00014814145800608707,28875.0,18327.02032562519,2.974482105638197,4.917931942625514,5.72094067577389,15.520300646677667,10.21206491041431,13.164921771611834,53.15103332221166
80.632,80.654,USV_81,0.02199999999999136,1.0,,None,65.10849999999999,,15.523500000000013,,0.009389642626047134,0.024258700284090908,16180.40235983738,17385.35131907204,0.00025930641819577174,31235.795454545456,24055.880627115253,2.5774202637935497,7.343728695686633,3.4926402634949514,15.47150724435097,9.261144891454322,12.6956878105059,48.72239033961274
82.784,82.797,USV_82,0.012999999999991019,1.0,,None,65.10849999999999,,17.675500000000014,,0.01166617777198553,0.021379743303571428,14464.689719139089,19147.48394384263,0.00029899886039885364,27214.285714285714,18071.6701117775,2.262614798213085,4.092581960525157,4.443496871017042,13.898528680035165,11.4465507290974,12.345505331163967,42.02497962403298
85.93299999999999,85.957,USV_83,0.02400000000000091,1.0,,None,65.10849999999999,,20.8245,,0.01014666073024273,0.015602805397727272,14202.179666615615,15943.70489050371,0.00016710053799798982,28559.659090909092,18269.89803131507,3.2547392661159664,3.825523115102854,5.114996282346003,14.853910064935063,9.064721500549838,12.82138407983702,52.661632089655114
86.108,86.122,USV_84,0.013999999999995794,1.0,,None,65.10849999999999,,20.999500000000012,,0.00972341001033783,0.0191650390625,14210.41887856612,16415.873887435686,0.00019358319133085515,28464.84375,21682.11372594208,2.738460699876894,2.9077057930428047,4.812406280482115,15.810253282844862,9.093323959273178,15.492717190948259,46.93719738742081
86.326,86.342,USV_85,0.016000000000005343,1.0,,None,65.10849999999999,,21.2175,,0.01123762596398592,0.023651123046875,15469.408828426855,19331.3165662213,0.00033995559033596394,30187.5,18067.277550565865,1.053524075551464,3.5190490837730177,3.510319526807612,13.356679706938632,10.587270793937734,13.454061012179478,45.853852231414365
86.488,86.535,USV_86,0.046999999999997044,1.0,,None,65.10849999999999,,21.379500000000007,,0.015483220107853413,0.02745361328125,12458.702416220143,13940.177476719473,9.832633127580497e-05,24951.5625,15503.536777241461,5.0276725676525125,2.8609351563736283,4.855277275756479,17.79111979383358,12.328463285928141,13.923669682534044,59.3769789627165
87.213,87.254,USV_87,0.04100000000001103,1.0,,None,65.10849999999999,,22.1045,,0.011936536058783531,0.012681749131944444,13676.789407461158,16829.57698410234,0.00021096208353103488,29500.0,17477.102870909515,2.496541329703819,6.26921720650012,4.547014206542022,15.747618905154358,11.061160784866239,16.0033663708315,53.380326383548635
88.08,88.138,USV_88,0.058000000000006935,1.0,,None,65.10849999999999,,22.971500000000006,,0.018788715824484825,0.026194254557291668,12088.436425361137,11931.722381869511,1.647464417392041e-05,24410.15625,18975.278063213857,2.074136817310711,3.515024175336695,4.722964605894673,17.078443060379914,11.35435104701642,13.596522479622307,60.648317832874035
88.582,88.634,USV_89,0.05200000000000671,1.0,,None,65.10849999999999,,23.4735,,0.028218356892466545,0.016102183948863636,11353.183188025721,14458.43465759612,0.00022127229341995037,24677.55681818182,20718.981649311863,4.134301874622452,4.338802617361048,4.386968584985102,14.78344126989153,10.992009532417358,14.59282970017469,57.33318954985461
89.074,89.126,USV_90,0.05200000000000671,1.0,,None,65.10849999999999,,23.965500000000006,,0.014848151244223118,0.03627707741477273,14796.265937936421,15166.968452250787,0.0006994746818263113,27485.795454545456,17379.958908195465,3.4916076819134947,3.062114373967442,3.9386566270472856,16.764097784225577,11.04585842411408,14.434448539600567,59.00915804152988
89.189,89.242,USV_91,0.05300000000001148,1.0,,None,65.10849999999999,,24.0805,,0.01510876975953579,0.015724875710227272,12106.737611058721,14354.232139766134,0.00010579794149463946,26531.25,21160.06174088664,2.1738138061311214,3.2041145306807692,4.754623194900184,17.444090681292476,11.646833448431597,15.8459257446273,56.40002831959009
89.301,89.365,USV_92,0.06399999999999295,1.0,,None,65.10849999999999,,24.19250000000001,,0.018441874533891678,0.031710111177884616,13035.49904937874,13422.739794260615,0.0002545456400207303,25820.91346153846,20281.733514158826,3.2468825890247173,4.522101600772978,4.726310965781564,18.459944461731148,12.757404719978522,16.42090848755932,59.052224624149794
89.533,89.574,USV_93,0.04099999999999682,1.0,,None,65.10849999999999,,24.42450000000001,,0.011086664162576199,0.017347547743055556,14479.234678125835,16741.526424803797,0.00012602382092295937,31291.666666666668,22224.317181763494,1.7568633436874856,4.4011099057552245,4.411952134519589,14.058060320183976,12.033728004053236,15.328683542696902,53.47070092519322
89.922,89.95,USV_94,0.028000000000005798,1.0,,None,65.10849999999999,,24.813500000000005,,0.012883683666586876,0.04587965745192308,16064.947207809771,16596.947917445767,0.00012625575769425456,28218.75,23642.31095598994,3.7617088649920207,6.565911440111027,6.436857322606675,15.803110131260034,9.971155030255542,13.39075181009911,53.84300045519519
90.059,90.156,USV_95,0.09700000000000841,1.0,,None,65.10849999999999,,24.950500000000005,,0.013821542263031006,0.06641251001602565,17378.881618011485,13699.992821565751,8.133823313515834e-05,27951.923076923078,24225.797179553276,2.895131813922348,4.903346016752619,5.115820193059058,15.722501626611816,11.268475375922845,16.48779355538994,62.74320474114469
90.238,90.316,USV_96,0.07800000000000296,1.0,,None,65.10849999999999,,25.129500000000007,,0.012093352153897285,0.0302581787109375,14334.997898772643,13220.100965635378,9.40519676338622e-06,28042.96875,21126.97948501135,2.849737292828624,5.501222735075252,4.9610839601870484,15.874120870483843,11.334063662158627,15.812199391603922,60.57136936732358
90.446,90.565,USV_97,0.11899999999999977,1.0,,None,65.10849999999999,,25.337500000000006,,0.020235802978277206,0.0617935505319149,17071.087394622416,13471.415524360187,5.026796356563624e-05,27971.409574468085,23538.27177443943,2.5430471855591867,5.243312501864671,5.263719426019979,18.218006138396994,11.216689972432237,14.066361187304091,63.33429154121498
90.637,90.717,USV_98,0.0799999999999983,1.0,,None,65.10849999999999,,25.528500000000008,,0.012378361076116562,0.05550384521484375,15716.526693409829,14492.53822817573,0.00010717159748693252,28189.453125,22525.065075533035,2.166455235645755,5.824859237741911,5.5690390775084495,17.171044721966688,12.262178618517861,14.182430277894742,60.43055361119086
90.847,90.946,USV_99,0.09900000000000375,1.0,,None,65.10849999999999,,25.738500000000002,,0.015964586287736893,0.073699951171875,18574.880580416757,14034.792197754607,0.00017083110345456905,29678.90625,24148.04964411114,1.5136001773195003,5.234396286095368,5.130096202356427,15.1209572167862,10.761773442439116,15.276780451759635,64.09937932134436
91.061,91.127,USV_100,0.06599999999998829,1.0,,None,65.10849999999999,,25.952500000000015,,0.015918899327516556,0.06829607928240741,17921.432538083125,14931.963670784475,0.00024076265362655907,28493.055555555555,24995.95767892282,2.6792103401435536,7.189714766871799,5.850922144190907,16.296025938315868,10.47508517512721,15.790244393651733,61.09367964099721
91.272,91.351,USV_101,0.07899999999999352,1.0,,None,65.10849999999999,,26.163500000000013,,0.020039808005094528,0.0602569580078125,16648.850901224505,12494.590713267975,1.2707617785994328e-05,26126.953125,24201.806824589825,2.826534892490875,5.557104239662509,4.010319625659539,15.92688799072911,11.45782287177186,13.713519609169712,63.37038977497685
91.665,91.724,USV_102,0.0589999999999975,1.0,,None,65.10849999999999,,26.556500000000014,,0.016168277710676193,0.06536865234375,17858.106910095084,13709.544266031538,7.451298018742151e-05,27484.375,24934.094050545697,3.2583284933401786,5.101441410482587,6.095716019888126,16.452655692926886,11.65323082338931,14.254889851181915,63.17829566045551
91.846,91.884,USV_103,0.0379999999999967,1.0,,None,65.10849999999999,,26.73750000000001,,0.010711302049458027,0.012752757352941176,14075.39394105091,17746.724809496052,0.0001748488813566335,30601.102941176472,22298.745445413915,2.3654460787109968,5.606062206477638,3.2852002262824365,14.123979074771988,11.974374411229336,14.586554279734285,52.74649783988425
94.756,94.765,USV_104,0.009000000000000341,1.0,,None,65.10849999999999,,29.647500000000008,,0.009338612668216228,0.025553385416666668,19042.10806756643,23769.37716068211,0.0007649721666100032,32750.0,23744.766474018663,1.1373152278325638,3.072469663238073,3.9115345446688914,10.013134656412777,8.051051066251024,12.347969902830307,36.013791877930046
94.859,94.893,USV_105,0.034000000000006025,1.0,,None,65.10849999999999,,29.750500000000002,,0.010917124338448048,0.024739583333333332,15640.335141285963,18170.8154692212,0.00040642038755012687,31387.5,22990.026543383385,1.890292863688683,4.758816569502136,5.148321068756647,15.40398821548246,9.565534783285063,14.72522352332868,50.396802679957666
94.95400000000001,94.986,USV_106,0.031999999999996476,1.0,,None,65.10849999999999,,29.845500000000015,,0.00820730347186327,0.0401611328125,16357.275216463542,15542.637391482525,0.00012397393947221466,30997.76785714286,19563.670921254463,2.5184697915273095,3.5821222831330837,6.034628833707181,14.19869805979632,10.476655893371245,13.792336586649222,55.470818100997626
95.161,95.196,USV_107,0.03499999999999659,1.0,,None,65.10849999999999,,30.05250000000001,,0.013623698614537716,0.022672526041666665,17601.208336846903,18944.109191685562,0.0002858949838475228,36575.0,28282.120975361187,2.530285004681836,7.981292647886888,5.864137595603546,15.041275289999673,12.073628974297966,14.209630718424819,55.761394783438014
97.617,97.632,USV_108,0.015000000000000568,1.0,,None,65.10849999999999,,32.50850000000001,,0.007471325807273388,0.0372314453125,17365.898199232208,17996.25804304021,0.001017287950188017,32496.09375,16062.992211175804,2.3634659563671567,5.133815479394785,4.465436359544551,14.233925338950637,10.802436801304852,12.797001844558608,49.3563653668885
98.15,98.161,USV_109,0.01099999999999568,1.0,,None,65.10849999999999,,33.04150000000001,,0.013716389425098896,0.0211181640625,16330.078813200547,20677.783672944777,0.0006745980988936683,28828.125,17627.270667851026,2.063841575686003,3.499044178143962,4.27226444319915,15.103832033030267,8.751074115080582,14.537631684909234,44.47025202950913
98.305,98.35,USV_110,0.044999999999987494,1.0,,None,65.10849999999999,,33.196500000000015,,0.011308461427688599,0.04998458059210526,15884.82054740093,13996.087957705831,0.0002929135495193509,27370.065789473683,15665.988761857854,2.199918945272771,2.7251310996588125,4.7150513455595,16.48464387268159,11.261143698488077,14.465715882412242,61.212704709505644
99.07300000000001,99.087,USV_111,0.013999999999995794,1.0,,None,65.10849999999999,,33.964500000000015,,0.012184340506792068,0.028076171875,16590.4906756406,21076.903926059826,0.0009028050594676309,30292.96875,15914.446784357335,1.3758903862361946,4.697879433032781,4.445205794162675,15.994545253302327,9.37942292131671,13.846551728744677,44.88682241320032
99.906,99.935,USV_112,0.028999999999996362,1.0,,None,65.10849999999999,,34.797500000000014,,0.011005901731550694,0.008094200721153846,15532.782646283535,17021.865226537004,0.00025254389919304363,29798.076923076922,16197.113369513183,2.756544928750956,3.369633013056429,5.1317593769410115,13.91344870179477,12.3870534960498,15.123344276335699,53.24396955249185
100.491,100.515,USV_113,0.02400000000000091,1.0,,None,65.10849999999999,,35.38250000000001,,0.01051488146185875,0.027254971590909092,15561.710731867737,17027.58245970753,0.0007832466346500634,29906.25,17148.854488281726,1.8578434505546688,2.9389077999213282,4.788380416679281,16.046926781929837,11.523096014507168,13.473021060876976,50.95152573612928
101.202,101.28,USV_114,0.07800000000000296,1.0,,None,65.10849999999999,,36.093500000000006,,0.009155196137726307,0.03144073486328125,15678.05939092146,14885.831584263158,0.0001960145144063794,30720.703125,19248.44978896143,2.7782852728359773,4.566700936975636,5.560250713474902,15.411217487532896,10.797853431377476,16.18491984480591,59.497779017746666
103.452,103.462,USV_115,0.010000000000005116,1.0,,None,65.10849999999999,,38.343500000000006,,0.009190102107822895,0.0242919921875,15428.385108296503,17608.08584044262,0.00027924311047198186,28296.875,16335.04214903235,1.7341948303368724,2.6285368302975725,3.81717120908656,14.001150040257663,9.63981155523049,12.883969471923011,41.5599172391283
103.634,103.658,USV_116,0.02400000000000091,1.0,,None,65.10849999999999,,38.52550000000001,,0.01076684333384037,0.024147727272727272,14142.327763009142,17988.19988631178,0.000670550737296041,30042.613636363636,22141.38657483393,3.7909842582095252,2.6364334077739353,5.6559566228307965,14.920074977747566,12.41746570610374,13.831809893565604,50.09003778841247
105.579,105.602,USV_117,0.023000000000010346,1.0,,None,65.10849999999999,,40.4705,,0.009819626808166504,0.021284623579545456,16198.884988115055,16499.938328730954,0.0003871741182226856,30519.886363636364,17781.602845677506,2.7250241298943823,6.191085885275336,3.514329631195264,13.318686206588904,12.35089901840012,15.43721461515987,52.285913754100605
105.835,105.888,USV_118,0.05300000000001148,1.0,,None,65.10849999999999,,40.7265,,0.01276469323784113,0.024991122159090908,13742.188740875456,13946.08335838872,4.721343923604399e-05,27340.909090909092,17827.973839374998,2.1624620863797457,4.796320389735308,5.075459782487354,16.68151611442499,10.41286511624817,13.46512543499479,57.11004164051488
106.936,106.95,USV_119,0.013999999999995794,1.0,,None,65.10849999999999,,41.827500000000015,,0.011386009864509106,0.016693115234375,15259.129780502448,18138.15844472731,0.00015448805988708126,29707.03125,17564.91644065748,1.747049478658773,5.2862351473427776,5.363076158536109,13.535977558026158,10.809405799805694,13.39216009888269,44.5394283544592
112.596,112.628,USV_120,0.031999999999996476,1.0,,None,65.10849999999999,,47.48750000000001,,0.01031776424497366,0.02294921875,15899.012348157115,16474.20597925618,0.0006342807176599696,31513.39285714286,18530.760528699248,3.929516047973093,6.595259191653013,6.968018524536721,13.727094925083842,10.687674549119949,13.47421655001626,53.40827632777913
117.936,117.98,USV_121,0.04399999999999693,1.0,,None,65.10849999999999,,52.827500000000015,,0.00907987728714943,0.04029605263157895,16493.99591296045,14618.715314676923,0.00023195939758535714,29101.973684210527,17643.032810631994,2.8973222777145944,5.109085324234182,4.582719993678107,15.838471622832287,11.01739546138577,14.257484698763571,57.48749169374995
118.116,118.129,USV_122,0.01300000000000523,1.0,,None,65.10849999999999,,53.00750000000001,,0.011410917155444622,0.023263113839285716,16620.3079763228,18043.403581189505,0.0004737525140092215,28995.535714285714,19704.408736204063,1.6078396489543354,7.197445552188017,5.040335278066176,14.026303152422573,9.054135954830363,15.115076450981602,44.04504086642924
118.285,118.297,USV_123,0.012000000000000455,1.0,,None,65.10849999999999,,53.176500000000004,,0.006388344336301088,0.034633091517857144,18521.239147000404,17792.801286060745,0.00035209880206905735,31058.035714285714,20924.187560449813,2.7304439939775054,1.5780865431290185,4.505956241156698,15.663561902796687,10.601740621595777,12.312923673349152,44.807569247462446
118.457,118.514,USV_124,0.05700000000000216,1.0,,None,65.10849999999999,,53.3485,,0.0158610288053751,0.013570149739583334,13580.715698692708,14828.414965119862,8.202883980667354e-05,26519.53125,18872.786608875373,2.530493423687247,5.833597444050597,4.599493556764112,15.016660282265732,12.984823057577026,14.303567736514822,57.17988870741315
119.172,119.197,USV_125,0.025000000000005684,1.0,,None,65.10849999999999,,54.063500000000005,,0.009873215109109879,0.026082356770833332,13982.832004109403,15269.79827074479,0.00018170698269480968,28312.5,17113.800713464534,2.5611117556372758,5.1911577204432735,5.856844473086205,16.57985805465771,9.962558872545236,17.505199556138447,51.271558652962376
119.371,119.421,USV_126,0.05000000000001137,1.0,,None,65.10849999999999,,54.2625,,0.011130351573228836,0.04504975818452381,17848.64168087584,14743.972367269791,0.0005975159935118987,29383.928571428572,21493.152871235103,2.574628958000394,6.295665091743016,7.100691841840513,15.345402509023332,10.933031254328963,15.02443297795042,59.35844787859343
119.733,119.786,USV_127,0.05299999999999727,1.0,,None,65.10849999999999,,54.62450000000001,,0.010206512175500393,0.033979936079545456,18477.640244683033,17693.568489324967,0.00010535276118637451,36225.85227272727,25623.086031462204,2.207915814789992,3.6303369055929617,5.361914129052636,15.946669087446573,11.668704536183528,14.547822240784194,57.15098329309958
120.262,120.292,USV_128,0.030000000000001137,1.0,,None,65.10849999999999,,55.15350000000001,,0.012715808115899563,0.036097935267857144,18150.45459447901,20842.196181856652,0.00041774157280670486,38906.25,27039.65143498021,1.4427824693501883,6.296910132089592,4.9791646438904325,13.758114779561849,10.042682528297563,13.734326922877285,50.5998248514689
120.619,120.655,USV_129,0.036000000000001364,1.0,,None,65.10849999999999,,55.51050000000001,,0.012012558989226818,0.016021728515625,14652.380381648069,18072.817315703072,0.00035965743256704315,30398.4375,20409.19927422562,2.665754142280216,4.625623457021764,3.621442491437885,14.178984636242193,10.368824512557271,13.37803934109286,52.1497637470293
120.822,120.855,USV_130,0.03300000000000125,1.0,,None,65.10849999999999,,55.71350000000001,,0.013476794585585594,0.054459635416666666,18350.212635278578,16899.269996900322,0.000381762209962256,29850.0,23973.52411686021,2.2331946603407973,5.101147459758916,5.3170810863382885,14.043257313598128,10.528985701721856,14.127125345465522,55.32102081762353
121.208,121.244,USV_131,0.036000000000001364,1.0,,None,65.10849999999999,,56.099500000000006,,0.012754477560520172,0.0166168212890625,13614.865207825362,14545.517122286365,3.859266772260527e-05,27386.71875,23432.576736536234,3.5314093450736195,6.388871818228203,4.778175961029028,15.509241552357032,12.091453369549004,15.186072350888214,55.22814664570325
121.609,121.643,USV_132,0.034000000000006025,1.0,,None,65.10849999999999,,56.5005,,0.011813596822321415,0.03797200520833333,16202.091659645841,14570.839574890324,0.00023337413661554633,27756.25,20909.209788859225,1.8858390871893194,4.574235422707377,5.653611805836689,18.177717541012896,10.094364884503712,15.225320292113398,56.114501624307714
122.096,122.111,USV_133,0.015000000000000568,1.0,,None,65.10849999999999,,56.98750000000001,,0.010039398446679115,0.0262451171875,17338.40785988412,18783.76448024343,0.0002542158053395819,30597.65625,20118.774024411396,1.890949947843018,6.487289074185281,4.432798492715355,14.075189211398344,10.859336543821264,12.89366110874311,45.57313413756719
122.578,122.587,USV_134,0.009000000000000341,1.0,,None,65.10849999999999,,57.46950000000001,,0.010385819710791111,0.0164794921875,17152.651131044822,20542.910939193476,0.0006284636409072055,29203.125,16802.316470274305,1.795033769013082,4.988534471555352,5.01212166915579,14.243362568696485,7.923485272989333,16.26369125839357,38.25668124784814
122.891,122.902,USV_135,0.01099999999999568,1.0,,None,65.10849999999999,,57.78250000000001,,0.006957411300390959,0.049357096354166664,18102.30445037856,17782.815006476358,0.0006788662486202605,31906.25,22104.572581620912,1.949452813333071,3.745082793893669,5.33773151223721,14.394408002560729,8.247497386978331,15.273222648067184,46.762829766739884
123.262,123.284,USV_136,0.02200000000000557,1.0,,None,65.10849999999999,,58.15350000000001,,0.01419870462268591,0.016446200284090908,17310.829162003032,17200.349501849236,0.000575214321786638,29991.477272727272,19233.6395555191,2.1364841304406212,3.8324578188324154,6.800544542951813,14.478942666628605,10.156098882988847,12.308211697203832,51.38546698813973
123.478,123.49,USV_137,0.012000000000000455,1.0,,None,65.10849999999999,,58.3695,,0.007630687206983566,0.03581891741071429,16092.77615300309,16811.813730889287,8.514908141703453e-05,29075.89285714286,23773.440091761928,1.5433123287005517,5.351628444186474,6.431856055624147,12.818942813869414,11.367099521897476,13.811817460097597,46.1290623664499
123.827,123.868,USV_138,0.04099999999999682,1.0,,None,65.10849999999999,,58.718500000000006,,0.013144269585609436,0.029500325520833332,15388.488173453348,15446.249734600478,0.00048227611893614475,28302.083333333332,21001.137349940676,2.3769807551035576,5.42904072761524,5.8194245948631655,14.711330681128503,11.815422581595996,15.78645817631223,55.91100804308795
124.21000000000001,124.245,USV_139,0.03499999999999659,1.0,,None,65.10849999999999,,59.101500000000016,,0.011588581837713718,0.016015625,14236.457702429765,16754.03813827899,0.0002042947444823584,28481.25,23499.989517678197,2.4075799445692794,5.262379469314279,4.282720748355735,14.482195494569472,10.733955514493793,13.68811379566485,54.895800848656286
124.48,124.549,USV_140,0.06900000000000261,1.0,,None,65.10849999999999,,59.37150000000001,,0.012590904720127583,0.025285993303571428,14344.008270089807,14339.848952346458,1.5120984264874276e-05,29189.73214285714,24940.547533363588,1.656704135974556,6.608254082968417,5.113038021700333,18.183994021128736,11.863283265953878,13.890693236958318,57.53971222586527
124.741,124.778,USV_141,0.03700000000000614,1.0,,None,65.10849999999999,,59.63250000000001,,0.011601798236370087,0.0410003662109375,16639.059639171446,16739.552112334917,0.00024862285698567686,29912.109375,21178.756312977435,2.263962668433982,4.175390777446026,4.16326472446289,14.390666589673494,10.069343917719848,15.36482811742433,54.56430913107828
125.269,125.293,USV_142,0.02400000000000091,1.0,,None,65.10849999999999,,60.16050000000001,,0.009919141419231892,0.051336115056818184,16188.269104050101,16389.94817343737,0.000306748392182859,28815.340909090908,24305.53205181584,1.5641819244763662,4.706649286920509,4.1225377638053065,17.06820719568997,10.839102201717294,12.981557622052572,54.393143128113394
126.273,126.316,USV_143,0.043000000000006366,1.0,,None,65.10849999999999,,61.164500000000004,,0.011732305400073528,0.020970394736842105,16008.369590651673,17045.523416725777,0.00033620136898648427,30325.657894736843,24873.14479887021,2.4240750731332485,4.415783781582479,5.4317107227096075,14.570951508223823,10.234362038987602,13.863253512992063,53.89600470134745
131.318,131.352,USV_144,0.033999999999991815,1.0,,None,65.10849999999999,,66.20950000000002,,0.013767714612185955,0.008528645833333333,14557.196671160647,18882.927689598768,0.0005103806907229233,31143.75,24754.72761161555,2.3802101977535646,3.8175147839282464,4.6374556655479235,13.771477645878376,9.912232182237712,12.938906381199377,49.75779348630704
133.074,133.139,USV_145,0.06499999999999773,1.0,,None,65.10849999999999,,67.96550000000002,,0.01512974128127098,0.03640407986111111,14554.163253328341,13287.757161745852,0.00016842908524745162,26187.5,20928.771595370552,2.664342120235606,4.590194231157977,6.713424283899072,14.952585317016936,9.091453440513925,14.528157780722067,59.97711379588028
142.1,142.112,USV_146,0.012000000000000455,1.0,,None,65.10849999999999,,76.9915,,0.008353883400559425,0.028564453125,17519.93415040291,19226.763604960546,0.0006737319786067721,30602.678571428572,22225.84318958925,1.6711866183494195,7.121708888413208,8.02510648930384,15.941251300168148,7.563347551513116,14.526153294958664,42.55727583218749
142.31,142.343,USV_147,0.03299999999998704,1.0,,None,65.10849999999999,,77.20150000000001,,0.011461703106760979,0.019661458333333333,14571.56309149301,14922.415730631563,6.729889928261324e-05,28393.75,21308.41235117549,2.5016722427572415,7.775075450503143,6.090851283717305,15.23450945050405,12.104087006089726,16.36855621584017,55.33386277142777
144.823,144.891,USV_148,0.06799999999998363,1.0,,None,65.10849999999999,,79.71450000000002,,0.013218273408710957,0.03275844029017857,15244.559015407762,15092.329677887725,0.0002887944082829834,28633.928571428572,19367.06014577139,2.790341738753004,6.796614312569828,4.560741527656169,15.202588498328547,10.363284904746507,14.683282759227778,57.45224002459444
145.365,145.402,USV_149,0.03699999999997772,1.0,,None,65.10849999999999,,80.25650000000002,,0.013597224839031696,0.0129852294921875,13190.353055259779,16406.614673241103,0.0001386421030080064,28212.890625,16634.062739445013,2.7406313715755592,5.388893646039155,5.652470110968905,15.751498037692441,11.788803713874596,12.84537458088834,52.050343716430504
152.209,152.258,USV_150,0.049000000000006594,1.0,,None,65.10849999999999,,87.10050000000001,,0.010534374043345451,0.031982421875,15897.078667884538,16115.629753310133,0.0002957571677778148,29531.25,18591.867264488672,2.9396450033747645,3.5774484942431184,5.210452685925693,13.145286385345969,11.222602884621486,13.61165716651056,57.84666973704105
157.568,157.622,USV_151,0.054000000000002046,1.0,,None,65.10849999999999,,92.45950000000002,,0.012777131982147694,0.03034774116847826,12075.576147354957,13578.967172485849,8.160879369351816e-05,24831.521739130436,20971.264028563277,1.481701471294719,3.727312202575896,6.656666670144741,16.46790958180926,13.793770464969926,15.898643394869202,59.06960244436199
173.15,173.24,USV_152,0.09000000000000341,1.0,,None,65.10849999999999,,108.04150000000001,,0.01761973276734352,0.016011555989583332,11752.434650271216,14750.2308373332,0.00012832397664691326,27132.8125,23236.95647752209,2.38871732398735,2.30338648476941,4.217996084601142,18.017831870900824,10.794830814776619,14.881764022961663,56.89576178158225
174.715,174.738,USV_153,0.022999999999996135,1.0,,None,65.10849999999999,,109.60650000000001,,0.009601663798093796,0.039506392045454544,16656.614863343446,15358.812382646352,0.0002538559668201294,28491.477272727272,19073.279367666513,2.38651642292049,3.0588046324967326,4.172792892769866,12.31794376582502,11.079321552321149,13.998788318583296,52.06100735036609
174.796,174.896,USV_154,0.09999999999999432,1.0,,None,65.10849999999999,,109.6875,,0.03805530071258545,0.011529541015625,9246.873564049343,14146.69933971801,0.00017884681521583963,23435.15625,29395.27025098795,3.7899205604970065,2.3440536808547927,5.681822538123247,20.504549242043712,10.476944028520412,14.214082696504368,53.36667949480536
174.983,174.993,USV_155,0.009999999999990905,1.0,,None,65.10849999999999,,109.87450000000001,,0.007795239333063364,0.024820963541666668,15251.892360532938,18956.57590115856,0.0003404696317070395,30812.5,26213.743893590075,2.303751846253073,4.348800803869892,7.471059378111728,20.44930388264532,9.794600727471622,14.189733331209233,39.437328671245616
176.331,176.393,USV_156,0.06200000000001182,1.0,,None,65.10849999999999,,111.2225,,0.016297709196805954,0.043410081129807696,16313.000253079825,14616.160449717809,8.863807431755714e-05,28027.64423076923,19311.439421486124,1.7449412420579524,5.081624197898851,5.210628187360145,13.290523979900232,10.633708186889184,13.47273505350976,59.811628459784245
177.473,177.488,USV_157,0.014999999999986358,1.0,,None,65.10849999999999,,112.36450000000002,,0.011312093585729599,0.0361328125,16552.459730647584,17343.221276974113,0.0005550262472353883,28757.8125,23994.122565276404,1.9786837543272378,6.8219826817361895,4.811146323185955,13.779732117356318,10.945746851919147,14.611620856932916,47.321743791531134
177.891,177.904,USV_158,0.01300000000000523,1.0,,None,65.10849999999999,,112.7825,,0.008625773712992668,0.0302734375,17357.21615891172,18865.383303754825,0.00103960969779963,31794.64285714286,18929.881526617766,2.91395163812895,4.740751369640654,4.295972132827001,12.727143798115337,8.43671159854809,13.702050650732975,44.760478763914364
179.275,179.286,USV_159,0.01099999999999568,1.0,,None,65.10849999999999,,114.16650000000001,,0.014115873724222183,0.025553385416666668,16077.99007922122,19370.804625102464,0.00011676715311955512,30390.625,19953.024708549714,1.3358196631005088,5.400030510313473,5.81411481169836,12.384375829783863,10.519147390769078,12.449918453046243,43.78993727315441
179.37,179.38,USV_160,0.009999999999990905,1.0,,None,65.10849999999999,,114.26150000000001,,0.011049297638237476,0.03076171875,19340.92621192548,22967.10217058868,0.001715406044078394,36718.75,23750.708849950464,3.419689568816415,4.423174589956267,3.316650889420927,13.720017288607798,10.96796683737191,12.768341204391236,37.88306062104575
182.66,182.668,USV_161,0.008000000000009777,1.0,,None,65.10849999999999,,117.5515,,0.010848768055438995,0.005908203125,16542.326764360045,21615.695004936624,0.00038769780840265753,30412.5,21050.944113142035,2.4915411719800717,7.768096696469025,3.370458694191832,13.821922738493592,9.025791939090604,15.163446436037905,35.6410844587124
188.85399999999998,188.902,USV_162,0.04800000000000182,1.0,,None,65.10849999999999,,123.74549999999999,,0.012999467551708221,0.01865234375,14188.575017889458,15695.19117364462,0.00011352192103286177,29423.4375,23492.468295128107,2.678795879888103,3.1393469970457715,5.345566994461804,14.997290445760266,10.330436322037484,14.158192908067651,55.27529939503561
189.633,189.645,USV_163,0.012000000000000455,1.0,,None,65.10849999999999,,124.52450000000002,,0.007398372981697321,0.04021344866071429,17034.37126219042,14487.039484949262,0.00023765425163374288,30026.785714285714,18990.534797980596,1.9461967993471478,3.4121672045796285,6.440249674892013,15.81896373184404,9.87523722876905,13.629390732457733,47.85862472473196
192.941,192.961,USV_164,0.020000000000010232,1.0,,None,65.10849999999999,,127.83250000000001,,0.00971516314893961,0.0298095703125,15901.846340872173,16549.769011650467,0.00020707402241585646,30562.5,21404.383661311622,2.882045537232906,4.155434803561431,3.223699934388462,15.482055720562283,9.051680910704508,14.742078167628787,49.77470129008962
194.826,194.874,USV_165,0.04800000000000182,1.0,,None,65.10849999999999,,129.7175,,0.02037365548312664,0.013037109375,10541.533357877732,14066.89672672312,5.890753976642335e-05,24028.125,19172.234515856122,2.542376406037609,4.794803769209201,5.0912921713172326,15.275205633897713,10.100416747262084,16.529480622905687,55.76159479747213
197.205,197.256,USV_166,0.05099999999998772,1.0,,None,65.10849999999999,,132.09650000000002,,0.011828904040157795,0.03207542782738095,14689.78871597637,15168.641165179604,0.00029598920620712644,28491.071428571428,15270.94608812188,3.7330979990014077,6.039232485904256,4.408678874738006,15.667683927218267,10.988994134650621,15.489214625422127,59.32014112719435
201.172,201.185,USV_167,0.01300000000000523,1.0,,None,65.10849999999999,,136.0635,,0.01363452710211277,0.027901785714285716,16561.30047947342,22783.475101000575,0.0005372701732175967,32276.785714285714,18581.851817746105,2.4988469894069874,4.560474804823291,4.397096798628789,11.100047798549257,8.055794031289663,14.574131426472714,40.80015886312964
201.675,201.693,USV_168,0.018000000000000682,1.0,,None,65.10849999999999,,136.56650000000002,,0.012769480235874653,0.021918402777777776,14218.538078551033,17471.68382918876,0.0002364553738395297,30020.833333333332,17010.633495757087,1.465210032680282,5.030242566006419,4.905600158337601,15.652792065657628,11.044979080058283,13.66852009759423,47.024527658852804
207.889,207.958,USV_169,0.0689999999999884,1.0,,None,65.10849999999999,,142.78050000000002,,0.011695466004312038,0.04209681919642857,14008.891570950253,12516.57733388568,8.48309685616645e-05,25640.625,14840.864989668515,2.426060345066154,4.942997633677252,5.762362461943025,16.248231215718636,10.842343112067416,16.841651764779396,60.41782847143638
208.19,208.244,USV_170,0.054000000000002046,1.0,,None,65.10849999999999,,143.0815,,0.013729413039982319,0.018830672554347828,13885.865804094994,14654.571409203621,0.00012469422128211954,27595.108695652172,19427.616407587855,1.9251347276472521,5.429832890322644,6.586124438647544,17.20585553009592,9.438451153757333,12.917827168254545,58.14198974144235
208.297,208.384,USV_171,0.08699999999998909,1.0,,None,65.10849999999999,,143.1885,,0.031049037352204323,0.025948660714285716,11225.437701897974,11025.468091350322,9.726141855519428e-06,22360.714285714286,15247.141068069079,2.8608674871574653,4.646059788591407,5.968361494574969,18.383782742192572,12.128651397893234,16.245423798175867,61.853873719827284
212.406,212.42,USV_172,0.013999999999981583,1.0,,None,65.10849999999999,,147.2975,,0.010204966180026531,0.03131103515625,17666.723557881814,18576.422554258344,0.00020113018450461143,30691.40625,24561.348545006433,2.0486360250664686,4.831392126932609,6.182288779968391,11.309380872147727,11.218799193845108,10.87549378026808,45.61119960435347
212.535,212.55,USV_173,0.01500000000001478,1.0,,None,65.10849999999999,,147.4265,,0.0059037283062934875,0.045074462890625,20512.25622767392,20073.714786228633,0.0010072041718753348,34535.15625,25655.432294556806,2.538049698378163,2.9199829834222872,5.157326025598897,12.765426148118292,10.447706292920444,14.063656558669011,46.08609151912819
213.934,213.951,USV_174,0.016999999999995907,1.0,,None,65.10849999999999,,148.8255,,0.0056998711079359055,0.049723307291666664,20937.61956878584,19684.48218778401,0.001292033531977652,34343.75,27458.86898724716,3.1759212319808747,2.921472562712049,5.379347258698693,15.860934913143208,8.957921698725421,12.474075030927152,47.68235915167177
216.013,216.022,USV_175,0.00899999999998613,1.0,,None,65.10849999999999,,150.9045,,0.009195971302688122,0.0264892578125,18317.432028399176,23381.577199271473,0.0006550383886309883,31859.375,24945.47853830148,2.8337146068748758,1.517689757885228,6.110189882143477,9.814794885641687,7.253064120955886,13.068337792502959,36.04382353905692
216.258,216.331,USV_176,0.07299999999997908,1.0,,None,65.10849999999999,,151.14950000000002,,0.013050154782831669,0.017008463541666668,15250.814179184521,16457.86266373166,0.00014859250407848635,31078.125,23308.32335450327,1.9947087107368158,7.012364511181795,5.311606498599185,15.766595569790756,10.626296477064933,13.736679712065062,56.55559867938766
216.548,216.557,USV_177,0.00899999999998613,1.0,,None,65.10849999999999,,151.4395,,0.008933933451771736,0.036946614583333336,19584.0742909115,22118.818422601995,0.00038076502688504755,33578.125,25187.42848734953,2.329895221622458,4.249037666797243,4.392632905530847,9.863654546874068,8.55735774231981,14.05986220033916,37.25663567592504
217.001,217.056,USV_178,0.05500000000000682,1.0,,None,65.10849999999999,,151.8925,,0.009125940501689911,0.03012483016304348,16484.27448708557,15393.298408640012,5.4417348713937565e-05,31789.402173913044,24238.17764048652,2.850761488764962,5.694237210636817,5.614281798286957,17.498425474338507,10.40691533814706,16.570797806642798,58.18150690826387
217.18,217.253,USV_179,0.07299999999997908,1.0,,None,65.10849999999999,,152.07150000000001,,0.0107568996027112,0.020613606770833334,15666.006339479825,15357.22125597642,0.00014017809014551385,30668.75,20783.491827689682,3.843643214353294,5.8910293493664065,4.506180583257193,16.822022240704744,11.541158318630607,16.11914225446731,58.183369210599395
217.802,217.82,USV_180,0.018000000000000682,1.0,,None,65.10849999999999,,152.6935,,0.011628429405391216,0.020263671875,17191.704304094867,17365.067138739265,0.0002156005634328346,30208.333333333332,25120.711429268005,2.3072803679518716,4.976292837404103,4.287790095181257,13.505779549296678,11.52754526502829,14.98521823400615,48.35739259378178
218.947,219.001,USV_181,0.054000000000002046,1.0,,None,65.10849999999999,,153.8385,,0.01236005313694477,0.023458729619565216,15892.410773722715,17293.94235815268,0.0006023904696113098,31296.195652173912,23674.922649510467,3.0025036645356438,5.191302280875788,5.553491025141541,16.90635725339448,9.920314363415219,13.9629332573592,54.733956389113324
220.633,220.648,USV_182,0.014999999999986358,1.0,,None,65.10849999999999,,155.52450000000002,,0.01188378781080246,0.016632080078125,18534.79987783663,18848.085438799557,0.0004149542043979949,32601.5625,26327.58178944345,1.9642009647560683,4.544443899774312,4.137014977959344,14.264159382821525,10.985821625048896,12.02056564869039,45.376689021830146
226.255,226.29,USV_183,0.03499999999999659,1.0,,None,65.10849999999999,,161.1465,,0.009159191511571407,0.026790364583333334,16413.106308156242,16674.702870049347,0.00018301329094403906,31425.0,21757.063500362954,2.4262144529506893,6.933258450430263,5.645290194728039,15.281462125719369,12.0623878439038,15.511245816000946,55.78087092447254
228.313,228.333,USV_184,0.020000000000010232,1.0,,None,65.10849999999999,,163.2045,,0.010165455751121044,0.0136962890625,15872.071880779558,18884.566160961967,0.000537543447377744,30328.125,19492.34394555126,1.4936646386850565,4.7516960516755935,5.4249118384121875,14.649117318124098,12.21043512327767,15.275267278201156,46.87996247783187
228.378,228.423,USV_185,0.045000000000015916,1.0,,None,65.10849999999999,,163.2695,,0.009902061894536018,0.019274259868421052,14447.33809042192,14757.519927570578,4.623093055706039e-05,29284.53947368421,17673.84716230442,2.3275363152580426,5.543984531514039,5.624428256982272,14.85362498864604,12.710008814512166,14.09104909429751,57.423244348896176
228.62,228.64,USV_186,0.01999999999998181,1.0,,None,65.10849999999999,,163.5115,,0.010867493227124214,0.0151611328125,14741.908929586521,18850.37271596283,0.00023298023656956253,29212.5,15131.772982063896,1.1954305119270172,5.442661882758934,4.701703917169348,14.130626969992495,10.74191169396691,13.415779105493181,46.4467728986607
230.893,230.989,USV_187,0.09600000000000364,1.0,,None,65.10849999999999,,165.7845,,0.009617014788091183,0.032926860608552634,16421.080416620218,14880.746726990907,7.710929868155114e-05,30880.75657894737,22337.4507528515,2.8192540218172413,5.461668016747426,5.7301230915267665,17.57889234543758,11.773936797076624,14.55710412867858,60.524894011067865
231.099,231.156,USV_188,0.05700000000001637,1.0,,None,65.10849999999999,,165.9905,,0.011420938186347485,0.02008056640625,15850.026516659016,16615.33399167436,0.0001833872566899331,32000.0,22378.574603181,3.0888098529309667,5.029659275757367,6.045229964457874,16.7483654489245,12.117707006685208,14.88320222773256,56.028546087767445
234.721,234.729,USV_189,0.008000000000009777,1.0,,None,65.10849999999999,,169.6125,,0.009065480902791023,0.02041015625,17714.689968756655,21678.338568983872,0.00022953576535440047,32193.75,21884.769060720322,1.835063079484391,3.7999819240997637,3.8156097891346343,13.72150169988991,11.402042282994058,14.617778366227446,34.90330548454278
237.743,237.762,USV_190,0.019000000000005457,1.0,,None,65.10849999999999,,172.6345,,0.010140465572476387,0.0283203125,17991.536938399924,19348.284404437214,0.00035209404053926265,31500.0,19518.333034213243,2.5981459882685534,3.072025156449428,3.1122826964952166,12.83426573529457,8.692964340360454,13.350907729192325,48.12062344317546
240.07,240.091,USV_191,0.021000000000015007,1.0,,None,65.10849999999999,,174.9615,,0.012760855257511139,0.018310546875,14669.689346949826,17334.31455931662,0.0003099595482506755,29634.375,22493.899924280362,2.804942268089215,7.830032025287676,5.3378248888697115,15.555583192090594,10.933136387284698,15.51907491585834,48.02338458677081
240.985,240.994,USV_192,0.00899999999998613,1.0,,None,65.10849999999999,,175.87650000000002,,0.014307673089206219,0.018473307291666668,16623.651331630546,22750.53096346214,0.0004643657460745953,30375.0,23183.303079890768,1.066326949227051,4.909405148799194,6.502350020420406,10.758710941215767,9.310711934341679,13.990496594491503,35.66293600947527
241.473,241.503,USV_193,0.029999999999972715,1.0,,None,65.10849999999999,,176.36450000000002,,0.011373034678399563,0.027326311383928572,15753.770355557677,16478.796623682607,0.00025434419593403255,30133.928571428572,22376.712985762715,2.5977850961023554,3.964618606572099,4.302879272408976,14.739395078385717,10.881773048284652,15.710079158708016,53.631452400693156
241.537,241.556,USV_194,0.019000000000005457,1.0,,None,65.10849999999999,,176.4285,,0.00890989787876606,0.0084228515625,16246.893033282515,19699.549537358478,0.0005217284039289732,29718.75,16093.351419535984,2.1212959382770076,6.473827325382059,7.132723846713601,13.362834831311208,9.848195261349236,15.076767180537592,48.36333246460825
241.647,241.678,USV_195,0.03100000000000591,1.0,,None,65.10849999999999,,176.5385,,0.010101238265633583,0.029192243303571428,16409.769156059654,16422.995777024775,0.00043080230477833466,30180.803571428572,21228.502836615284,4.246775592579607,5.999188334947607,5.980222543264416,15.183312855829858,13.311923935255267,13.860540381183217,52.97075654769167
242.536,242.56,USV_196,0.02400000000000091,1.0,,None,65.10849999999999,,177.4275,,0.010374131612479687,0.015780362215909092,15379.31536154213,18352.70708389022,0.0003378154662378581,30963.06818181818,23821.916152379883,2.9517573793244933,5.434750274515264,4.478657302356556,15.87051087936182,9.291517540392018,14.043737492847477,48.662304166834495
243.26,243.275,USV_197,0.01500000000001478,1.0,,None,65.10849999999999,,178.1515,,0.011889098212122917,0.026092529296875,18564.280685122165,23991.442221119665,0.0006519215216291883,36222.65625,19640.68340765317,2.7511578312851444,6.304781586810414,3.6844963403355244,11.825663212797942,9.938908159370461,12.70578874014917,40.97498333143122
244.531,244.564,USV_198,0.03299999999998704,1.0,,None,65.10849999999999,,179.4225,,0.012985976412892342,0.014501953125,14052.905149213928,17724.894644638756,0.0002153828629759707,30106.25,25090.76635423009,3.5509985486462123,6.237772092377651,4.828653446325576,15.078335291413323,10.951369606911186,15.897617259071067,50.124072206120246
244.726,244.734,USV_199,0.008000000000009777,1.0,,None,65.10849999999999,,179.6175,,0.009016526862978935,0.015185546875,16868.355842112727,21328.129684488948,0.00018867630896069197,31537.5,25340.363590037265,2.3689577798372294,5.746049298362358,4.52271097008273,12.232711775278588,11.055264169950197,17.848023706275892,34.400633753325714
249.097,249.155,USV_200,0.057999999999992724,1.0,,None,65.10849999999999,,183.98850000000002,,0.011659632436931133,0.023234049479166668,14818.40883658365,15593.066719064978,0.000371518842781427,30593.75,26140.51640677975,2.324572915028144,4.904402846440326,5.22955000190161,16.770571013433283,10.814045473042595,14.55798972391326,56.17590744693742
249.607,249.617,USV_201,0.009999999999990905,1.0,,None,65.10849999999999,,184.4985,,0.009401888586580753,0.034586588541666664,18745.99618798335,17176.077199837116,0.000245351027822076,32437.5,26793.721967335718,1.5890679634553158,5.997537549849469,4.3353446587214615,16.205248460182045,11.239812728930815,16.181170167917703,41.388653579550414
249.647,249.682,USV_202,0.03499999999999659,1.0,,None,65.10849999999999,,184.5385,,0.011121192015707493,0.0072591145833333336,13908.171281961451,16049.375329013204,8.903771319415198e-05,29543.75,21913.45045034071,2.4080355935539557,5.356620726018893,5.405391042251309,14.695220572064907,8.88083043824522,15.103869870238267,54.30062938391586
249.927,250.001,USV_203,0.07400000000001228,1.0,,None,65.10849999999999,,184.8185,,0.009369068779051304,0.027799479166666665,15916.100990145309,13823.207768763596,3.8997057162013195e-06,31000.0,22588.178754721604,2.262853577406875,4.803970530579746,5.706179540352763,16.489141647363574,11.166880636330989,14.703851135757718,60.155550347315746
250.148,250.23,USV_204,0.08199999999999363,1.0,,None,65.10849999999999,,185.0395,,0.011375623755156994,0.025161280776515152,15873.712257525433,15451.707107405291,0.00028057137836812597,31474.43181818182,26066.78893006934,3.263711110065741,7.220028070016115,6.081423116768735,16.276098216052254,11.277692014848979,13.422026029710873,57.40061009439764
250.42,250.437,USV_205,0.01700000000002433,1.0,,None,65.10849999999999,,185.3115,,0.01068704854696989,0.027398003472222224,18669.65132918227,18496.234747185088,0.0007794612918531651,32260.416666666668,25616.32257834677,3.054984210969866,4.7585930247438935,4.993182172858784,14.84208742665627,10.451436952694664,13.612799565548743,47.22158188010464
250.618,250.665,USV_206,0.046999999999997044,1.0,,None,65.10849999999999,,185.5095,,0.010529560968279839,0.02271728515625,15597.285473298583,14831.787061483052,5.6672450568880846e-05,31448.4375,26136.56447444013,2.2286557609694553,3.391362553253933,6.322379292252254,18.261105307702614,11.088560785374138,15.07870182046062,56.242568461998715
250.88,250.902,USV_207,0.02199999999999136,1.0,,None,65.10849999999999,,185.7715,,0.008595896884799004,0.027499112215909092,17243.40582759387,17940.72137016783,0.0004262295399748045,31968.75,23073.11964621029,2.433438146519683,3.166366881492881,6.3212604379268384,14.328607761030092,10.03512598544147,12.420883913558553,50.148580007131635
251.44,251.461,USV_208,0.021000000000015007,1.0,,None,65.10849999999999,,186.3315,,0.015344704501330853,0.0140869140625,15215.289669695554,18182.37212551367,0.0002030180075171803,30768.75,25627.18497159175,1.3526790906737625,9.889286533343137,5.954118292576916,14.351980815521657,11.941108694671778,15.891671661001771,46.96667389816398
251.79,251.856,USV_209,0.0660000000000025,1.0,,None,65.10849999999999,,186.6815,,0.011532299220561981,0.020589192708333332,14650.234845228275,15432.890859568051,0.00020441996245366221,30430.555555555555,25628.113187299125,3.375296864222,7.413491249882868,5.020650307189803,16.357953164227347,10.542174194870269,15.656571716234941,57.32532510352959
252.114,252.135,USV_210,0.020999999999986585,1.0,,None,65.10849999999999,,187.0055,,0.012442534789443016,0.019140625,16867.0856228127,19100.907912403516,0.0004941478272037657,31631.25,26030.51432937189,3.112753481299046,3.167908596371896,4.218734925537545,13.929662727315494,10.800157430150692,14.381243321656047,48.415309985875794
253.221,253.237,USV_211,0.015999999999991132,1.0,,None,65.10849999999999,,188.1125,,0.01065794937312603,0.0169677734375,15987.315582757576,17530.275487457482,8.888540807676085e-05,31089.84375,26589.45267571947,5.052095340045625,6.876532045931517,5.822504484030082,16.285876024555154,9.924093177178202,13.420248007600424,46.53084442818077
253.418,253.459,USV_212,0.04099999999999682,1.0,,None,65.10849999999999,,188.3095,,0.009140350855886936,0.025349934895833332,16077.23020902454,16275.679476479654,7.485112921488047e-05,31453.125,25808.74875737817,2.129806980979891,5.072352403360677,5.876398818408741,18.462535046826417,10.042583730576569,14.508864699306223,55.03179729258055
260.457,260.594,USV_213,0.13700000000000045,1.0,,None,65.10849999999999,,195.3485,,0.010295647196471691,0.023880570023148147,15698.80140447819,14143.078594741424,9.944192261094611e-06,31133.680555555555,25895.680219518537,2.873175143599011,4.9003867287494645,5.316400261288243,16.08941609131132,11.648695907939462,15.220677761756816,60.822758349670984
262.724,262.761,USV_214,0.03700000000003456,1.0,,None,65.10849999999999,,197.6155,,0.009035389870405197,0.0298614501953125,15649.927052080731,14611.295787619165,3.361124050622235e-05,30234.375,18784.406596849512,2.0482379186914343,3.4640843189946597,5.572131328468831,17.380276399722728,11.106362025054889,15.311204166819945,55.03459753937034
263.007,263.023,USV_215,0.016000000000019554,1.0,,None,65.10849999999999,,197.8985,,0.01321021281182766,0.012969970703125,15680.75104157178,19905.868920029483,0.0002893319689432767,31992.1875,25990.556932375504,2.1652296747943014,6.022347425127371,4.827006632800979,12.848333579938185,9.248117887979319,15.340908360882183,43.48684563270916
264.541,264.55,USV_216,0.009000000000014552,1.0,,None,65.10849999999999,,199.4325,,0.009911695495247841,0.026448567708333332,18003.360950180573,24100.999457389287,0.00133124555018685,31093.75,20491.12424409986,3.4362844165730255,3.3622320916181203,3.4642331685493084,11.055022912870085,9.003139708761152,11.644204523334219,36.43500602529573
265.266,265.318,USV_217,0.051999999999964075,1.0,,None,65.10849999999999,,200.15750000000003,,0.02582273632287979,0.017322887073863636,10032.901321711906,14263.449669885664,7.648318538326327e-05,23833.80681818182,20290.48889100253,2.3430296865976667,2.1285304156684903,7.979601560958466,15.85232313508101,9.364570973322783,14.648186359667971,53.512163623023916
275.933,276.001,USV_218,0.06799999999998363,1.0,,None,65.10849999999999,,210.8245,,0.021717267110943794,0.003758021763392857,11620.086858211309,15056.110714467455,9.525590581616926e-05,26280.133928571428,21167.338201111208,2.777706426624221,4.530226673721659,4.702557807717676,13.690147055961917,10.29838135550364,14.331879460580243,55.45482923900535
277.688,277.706,USV_219,0.018000000000029104,1.0,,None,65.10849999999999,,212.5795,,0.011989898048341274,0.010199652777777778,15182.716869150909,19495.783670800498,0.00018205164384644843,30843.75,23961.7506463617,1.713031928939616,6.962754253499727,4.517130622888682,16.05284492754737,10.525060983268228,13.462255800610645,45.25646500631379
277.828,277.855,USV_220,0.027000000000043656,1.0,,None,65.10849999999999,,212.71949999999998,,0.007825186476111412,0.02721228966346154,15771.296801894245,15892.68853183786,0.0002997377818872248,31752.403846153848,22157.24880609466,1.1942716417240555,3.0463210292593197,6.08444492890702,15.494217299224953,10.307781640860233,15.616454788551502,51.96407627482243
279.832,279.853,USV_221,0.021000000000015007,1.0,,None,65.10849999999999,,214.7235,,0.01249646581709385,0.02734375,19990.598744147857,17985.214753335527,0.0004123280973092842,35587.5,28901.82258659863,2.959276582296663,6.109947180661921,5.824488368739239,15.065182836182544,8.075904384876354,14.377400860384503,51.249769037194156
281.024,281.099,USV_222,0.07499999999998863,1.0,,None,65.10849999999999,,215.9155,,0.016293395310640335,0.026700846354166665,12132.29311833763,12326.115359697122,6.57550415281262e-05,24200.0,19308.877702859776,2.504778123449861,5.05414980020903,7.549378643657804,18.690173125431176,15.035228240198359,15.648597531531692,62.133996459381116
283.444,283.462,USV_223,0.01799999999997226,1.0,,None,65.10849999999999,,218.33550000000002,,0.009613631293177605,0.021945529513888888,16047.50312358441,20423.168409031357,0.00020970975573610638,32041.666666666668,26103.524794632496,2.4428235261781728,4.570455362268896,3.1706699097062816,14.016407910570459,9.156651981392452,15.090340084429203,44.14413868021092
284.166,284.198,USV_224,0.031999999999982265,1.0,,None,65.10849999999999,,219.0575,,0.009939365088939667,0.04112025669642857,17118.692432281186,14864.569869321995,0.00010558254267758233,29223.214285714286,21995.661088065255,4.070676700482401,4.506601298376501,5.162970434498362,16.106948171475064,10.58964543014086,13.902701891323892,57.5229909926041
284.327,284.361,USV_225,0.033999999999991815,1.0,,None,65.10849999999999,,219.2185,,0.011081134900450706,0.01513671875,15550.784367413302,15855.295049017916,0.00011151714262890589,28987.5,22788.535258466018,3.1825350219419137,3.6994580367267798,6.359176864380625,17.375448399894182,11.6420652264652,14.483992832041578,54.22819465511905
288.13,288.151,USV_226,0.021000000000015007,1.0,,None,65.10849999999999,,223.0215,,0.012167563661932945,0.03017578125,15055.281153864664,16976.18789581491,0.0001829455720709374,29653.125,21149.923364903258,1.1424771625039118,5.092960961531052,4.387695682231671,16.023674081675942,11.402000206043583,15.011652104400872,48.20828893089709
289.17,289.201,USV_227,0.03100000000000591,1.0,,None,65.10849999999999,,224.06150000000002,,0.012405484914779663,0.027012416294642856,16157.803233343255,16319.279923136057,0.0001140819954936967,31037.946428571428,26434.5492978948,1.4263707567351263,6.6857916319638475,4.744703263424328,17.018108190567833,11.73634413091659,16.729342842858212,53.459358056079225
290.27,290.288,USV_228,0.018000000000029104,1.0,,None,65.10849999999999,,225.1615,,0.011342230252921581,0.023220486111111112,16286.777798374133,18830.04581569534,0.0006715638971194484,30041.666666666668,23110.081950175387,2.1761762050989066,5.029253781808857,4.284900467443338,13.857996724758323,8.899099823108177,14.13389169452349,46.0156549639801
291.794,291.802,USV_229,0.008000000000038199,1.0,,None,65.10849999999999,,226.6855,,0.01261536218225956,0.0080078125,16606.77354077592,21359.397328981904,0.0002641689056577151,28125.0,20622.69224115624,2.245200358185987,4.764611327582182,6.180490742026807,11.586903688902353,7.974117351434012,13.838472160740025,35.038796616072595
297.056,297.073,USV_230,0.016999999999995907,1.0,,None,65.10849999999999,,231.9475,,0.014749065041542053,0.006076388888888889,14831.978443300257,19504.02520109774,0.0006666621085011098,28062.5,17339.074343550794,2.364522355433859,3.0385185680319062,5.779898846069797,14.234900261179035,10.86035515166914,13.527330295328941,45.16779940612643
305.49,305.509,USV_231,0.019000000000005457,,,None,,,,,0.0099165765568614,0.016748046875,16194.49491925732,18226.733747908627,0.0009045288612566645,31612.5,27276.392485395278,6.498946180588051,6.077783024612693,5.236494607705825,15.420302620688451,9.419306542305877,13.843319432559516,47.896260484890846
307.002,307.021,USV_232,0.019000000000005457,,,None,,,,,0.016001539304852486,0.0255859375,14750.308651177646,15934.74728355643,5.474418120136712e-05,27384.375,21312.338680159075,1.5965059112629443,3.866163294167824,5.272791892099561,14.50378817447527,9.346668609600473,14.838357242527938,49.88888688560023
308.621,308.717,USV_233,0.09600000000000364,,,None,,,,,0.03280968591570854,0.014905427631578948,8840.610200944528,11673.392912016801,0.00011138127864503873,20094.572368421053,18107.664827030218,3.380521573031718,2.935794860757255,4.687255253316525,16.47892111698561,9.78733794301201,15.705798993185317,60.03862088648827
312.983,313.032,USV_234,0.04899999999997817,,,None,,,,,0.008772497065365314,0.028215680803571428,14375.419087948627,14325.460845108995,0.00028909742092713927,28571.428571428572,18281.36981554354,2.215775016090358,3.9937179950833985,5.10093823971141,15.796507403904533,10.920216663612118,15.486032803445582,58.26777774617796
316.745,316.799,USV_235,0.053999999999973625,,,None,,,,,0.012545887380838394,0.02238663383152174,12967.181362437286,14717.4817519387,0.0002143327822093283,26747.282608695652,22696.91944860282,2.2719785281912186,3.5526217917393472,8.264783693302826,14.969939141001449,11.800134133342606,17.43498768599052,57.295229138362046
317.724,317.758,USV_236,0.033999999999991815,,,None,,,,,0.007063976023346186,0.056477864583333336,17575.453810209012,13981.082256481914,0.00025845783944193314,31143.75,18639.338892378615,2.3364221229947755,2.2940100358039515,3.5698165367735486,14.11023569792385,10.507072541595397,15.166540033143706,57.25929228155528
319.783,319.801,USV_237,0.01799999999997226,,,None,,,,,0.009649187326431274,0.026557074652777776,15656.355742180305,18031.94498943506,0.00045432338408368924,29468.75,16390.64070444311,4.1390363896228,6.035953432784423,4.966028892491254,13.987023015138792,12.759673056091096,15.566304392387671,47.71895253508987
320.236,320.312,USV_238,0.07600000000002183,,,None,,,,,0.00990342814475298,0.02042118195564516,13911.139510765855,14219.363568204655,7.526200018024988e-05,28560.483870967742,21791.567646198557,2.822538861139804,4.139615243048914,5.010691173627034,16.627002872013644,10.782174155210168,14.15223845601329,59.68543369602299
321.221,321.237,USV_239,0.016000000000019554,,,None,,,,,0.007969125173985958,0.045440673828125,16657.594155560495,16212.215452466222,0.0005107264413015184,29707.03125,22824.80003066877,2.69708752134035,3.341252172023519,6.17259579565912,14.454714952153836,12.341131667170366,14.419425726179616,48.86644695774993
321.833,321.947,USV_240,0.1139999999999759,,,None,,,,,0.015675749629735947,0.04807400173611111,15471.512326699798,12484.033094358703,3.6426890836671025e-05,27697.916666666668,19362.80277271343,2.4380872591984915,3.9251433606600243,5.502217248296777,16.81524612398195,11.82861706260747,14.031766484657005,62.35921380908958
323.204,323.295,USV_241,0.09100000000000819,,,None,,,,,0.017704421654343605,0.051493876689189186,17608.925027952697,13765.369433360815,7.07234488979256e-05,30719.594594594593,26164.29626684754,2.7940507958598846,5.327694161580856,6.355418694988521,17.18132772244472,10.560289798591787,16.0760145438082,61.6673395555227
323.621,323.693,USV_242,0.07200000000000273,,,None,,,,,0.032972343266010284,0.011331492456896552,8413.812378807033,12128.409633545652,0.00011374797368616565,18730.603448275862,19769.277428139972,3.758847981190672,3.549102510202565,6.983415519885735,18.005288122656527,11.167065730366577,15.113444847476009,60.7598487672923
323.761,323.89,USV_243,0.12899999999996226,,,None,,,,,0.03816499561071396,0.010378370098039215,7424.650173220184,10942.452417454231,1.0838268064357155e-05,18488.970588235294,21951.149145322033,3.0847426982569566,2.771762473734902,5.697229530469849,17.400629875741213,10.77567346892245,15.560789695854853,60.19787862965379
324.08,324.089,USV_244,0.009000000000014552,,,None,,,,,0.010712743736803532,0.015299479166666666,15516.834525127546,22654.878634531196,0.0007697593486341452,32484.375,20512.218652855103,4.212291324203502,1.7191070527727552,3.9376155351527946,15.217944084523433,9.830995350583867,11.48793159497798,35.92631880215114
325.091,325.157,USV_245,0.06599999999997408,,,None,,,,,0.09634573012590408,0.007532190393518518,5774.638562619649,10207.13980132095,7.261214025898439e-05,12253.472222222223,29039.30785568899,3.791794351304151,2.382171058924506,5.896048774447053,18.23535347073244,9.308184866532237,13.98672612723244,57.2150606958592
326.901,326.991,USV_246,0.08999999999997499,,,None,,,,,0.013193413615226746,0.031982421875,12341.610116625257,12398.77463953104,0.00010517209577661255,25606.770833333332,17705.641148099676,2.809607151126728,3.1413025111660504,6.284638898080782,16.776674496430008,11.344107171673295,15.636842011948797,62.153914680906446
327.288,327.326,USV_247,0.038000000000010914,,,None,,,,,0.010201225988566875,0.023983226102941176,14042.142336019571,15322.027325245941,0.00023649287224548494,28897.058823529413,22080.975526664984,1.6814638672966031,3.863951082977359,4.363962510010938,13.529226611847204,12.299493865065772,14.710060542536596,53.56547057120163
327.463,327.506,USV_248,0.04299999999994952,,,None,,,,,0.008959509432315826,0.042182074652777776,16073.101831466525,14678.00053689305,0.0002402289820076102,28546.875,24463.560784657242,2.3012389731539753,5.849686091489988,5.701665629064795,13.948162437108344,9.585028831286397,15.05161188468804,59.7774713250907
327.894,328.006,USV_249,0.11199999999996635,,,None,,,,,0.012688884511590004,0.030623002485795456,12382.98403236047,12145.609509768708,5.3194300799184876e-05,25274.147727272728,17735.68514864758,2.1629565836229565,3.84227870722324,5.416827769446011,15.083390329023134,10.331376761738966,14.254284033621303,63.492055117907945
331.928,331.963,USV_250,0.03500000000002501,,,None,,,,,0.00802885927259922,0.0283203125,15812.543399927683,15476.78384404804,0.00048591905534790754,29876.953125,22150.8730657822,3.4787701132325664,4.695031264598197,5.045699497696567,16.539326254586562,12.16982632403277,14.706368205355092,55.38292836776436
332.346,332.403,USV_251,0.05700000000001637,,,None,,,,,0.01411370187997818,0.045237223307291664,17444.522448803076,15012.265455416555,0.00016454491224962448,31214.84375,25448.153396367725,1.8413688103101762,4.743587707890966,5.730200971339656,14.661954098445412,12.344109314224374,14.557208755803098,58.2659506074909
333.4,333.427,USV_252,0.027000000000043656,,,None,,,,,0.012832904234528542,0.012488731971153846,15414.845212533268,16564.835345138377,0.00017883744774808508,29971.153846153848,22741.580826370024,2.8556678818351484,5.522266161704111,5.174660933343593,16.392492835721143,10.597372316570066,15.242526493976841,53.22398234807924
333.521,333.554,USV_253,0.03299999999995862,,,None,,,,,0.011961509473621845,0.0185546875,15313.480086136147,17902.54404496172,0.0004355641980548334,30437.5,23407.20051574002,2.8412302380647034,5.995785971625555,5.689395410079163,14.387899468322319,9.17286679467467,15.821482746730132,52.334972847513164
334.318,334.339,USV_254,0.021000000000015007,,,None,,,,,0.010761057958006859,0.0296142578125,15433.52545660092,13922.8224126594,0.00015725216010323867,28406.25,18052.449816821234,1.8068916975491507,4.3559671758295755,6.457062158606182,17.673311559254415,9.66059135132263,15.972404287138113,51.83488210883708
334.934,334.945,USV_255,0.010999999999967258,,,None,,,,,0.010268439538776875,0.037353515625,18404.924683836987,20591.945611607807,0.0009810531904663252,31937.5,24232.994235922564,0.9970063941782946,4.898381239714104,4.271903680338869,11.059682151118999,11.601622914863398,15.685762553621762,44.17709757966949
336.387,336.425,USV_256,0.038000000000010914,,,None,,,,,0.009307502768933773,0.048081341911764705,17055.62376498943,14480.711906039087,0.00011345169011534942,30336.397058823528,23910.693626357137,2.42773692864605,4.658960045107516,5.141806685509308,15.049785434757073,10.641444827390897,15.561813524238804,56.39706060566226
336.795,336.841,USV_257,0.04599999999999227,,,None,,,,,0.012340745888650417,0.02239990234375,13757.910018724311,13945.289543892777,1.3871427193847506e-05,27796.875,22140.252405673273,2.7767068604104503,6.239916593538954,4.678723791291949,15.10545831001709,11.150285277194282,14.638542849475973,56.748054901745505
337.754,337.764,USV_258,0.009999999999990905,,,None,,,,,0.007946751080453396,0.031534830729166664,17396.945161225794,17934.963288876363,0.00038605650953362804,31953.125,26644.39096637839,1.0148544893258744,3.979736470931101,6.956406620950552,17.190579035674396,9.786594653666464,19.356497572597515,41.501989311303916
341.663,341.719,USV_259,0.055999999999983174,,,None,,,,,0.016810467466711998,0.019775390625,11454.118311247163,13029.014534773958,4.435171245986361e-05,24758.152173913044,21477.035619550923,2.458373086868401,4.534555146460663,5.906420902666518,15.048171834800984,9.800261530566734,14.80057030436612,58.94920139089914
357.803,357.859,USV_260,0.055999999999983174,,,None,,,,,0.010157447308301926,0.03675908627717391,14879.523793379683,13902.222789443844,0.0001377810512431468,28573.369565217392,18047.8062258673,2.164585282992638,4.665626967810403,4.350636676267962,15.608054688857317,10.231041347941341,13.522642383025765,58.44499126717984
359.456,359.524,USV_261,0.06799999999998363,,,None,,,,,0.018117228522896767,0.04560198102678571,15574.433969444231,13340.24010836966,0.00023286002265051592,28479.910714285714,17398.02707700918,2.5259855660808688,7.282015179478617,6.397707809162654,12.611168751040022,11.610664192386608,14.45706811419627,61.983585355785216
371.287,371.334,USV_262,0.047000000000025466,,,None,,,,,0.011469719931483269,0.0165771484375,15636.90266049683,15223.187421281997,0.0001331446917997325,29882.8125,24178.384533406348,3.346131878578402,4.975340631568019,5.126797452807314,14.103628286529887,10.33410133490246,16.174253261386625,56.968240827087676
405.804,405.899,USV_263,0.09500000000002728,,,None,,,,,0.02254057675600052,0.027941252055921052,11970.998626891724,12487.372508852692,6.284464350282092e-05,24056.74342105263,17633.41272127968,2.014697882918169,3.217318313511935,5.7778810749673655,17.326782592194384,13.179070207111138,14.796916356425418,62.97863421990429
410.362,410.472,USV_264,0.1099999999999568,,,None,,,,,0.012590893544256687,0.03453480113636364,13962.549975265896,12686.202149794455,5.465605424201643e-05,26684.659090909092,19172.516713927253,2.7176212634918886,4.55735785154593,5.386307205852677,14.282180672905467,12.034192164514629,15.758710467125589,60.528104170358276
411.582,411.647,USV_265,0.06499999999999773,,,None,,,,,0.009674735367298126,0.025300202546296297,14247.307269806195,13907.86292584756,0.00010731479818916614,27888.88888888889,18551.374057309316,3.680468316789346,2.851565802908843,5.324761799616703,13.996493674062739,10.895773927937741,14.061007656728082,59.45282857566082
412.138,412.249,USV_266,0.11100000000004684,,,None,,,,,0.011348893865942955,0.033219770951704544,13753.265552213299,13004.367144741858,9.761401568588283e-05,26256.392045454544,18391.48829197255,2.532898451051239,3.3267844335126964,5.181042232769965,16.630830948331656,11.59507428256633,14.414843246911381,62.59610309752648
413.288,413.366,USV_267,0.07799999999997453,,,None,,,,,0.029281243681907654,0.01380157470703125,9675.300418288829,13724.837809250643,0.00029485713221446283,23077.1484375,24709.86441934739,2.20500281405529,3.2275371108169963,6.375976399088568,18.311084222585137,10.828469309218967,13.714619516018363,60.27234254422442
416.758,416.811,USV_268,0.05299999999999727,,,None,,,,,0.01228601299226284,0.03032892400568182,13936.281628533166,13639.895893768493,4.1442341129760616e-05,26288.352272727272,19064.528932923582,1.9906100534012836,3.732998345535093,4.625013918172251,14.062752634595528,9.93045823455296,13.976684107590474,58.67107688912363
418.179,418.227,USV_269,0.04800000000000182,,,None,,,,,0.010034630075097084,0.0165771484375,14156.06830447433,15641.624312783973,0.00020588706090212652,29479.6875,18862.733534759962,2.9856519336109586,3.0722923176731145,5.237847496002261,16.413646914104923,10.976555863573953,14.633472416724663,55.47334232534409
419.259,419.275,USV_270,0.01599999999996271,,,None,,,,,0.010790972039103508,0.02294921875,14227.700946968875,15728.258125872138,0.0003454990774401341,27199.21875,15589.482460320129,1.9262983876444992,2.6856500529596516,4.804983661905357,14.516357436975206,12.374021401461494,14.239758378475297,47.527493569259626
419.757,419.79,USV_271,0.03300000000001546,,,None,,,,,0.012977535836398602,0.04208984375,19613.23295479696,15433.344362460699,0.0001694536556494422,33943.75,28049.77494395351,2.189951074043166,3.715106388414597,3.748061466760018,15.020965189985288,12.441764779832702,15.068219530915737,56.360538723079976
421.564,421.664,USV_272,0.0999999999999659,,,None,,,,,0.012609735131263733,0.030755615234375,14633.817304545006,13792.76914260352,8.061639061753468e-05,28694.53125,23111.169927207455,2.604373773089064,4.450912434664163,5.7015846877084515,16.23192355584785,12.596898069596259,16.351174638421785,59.67461177511618
422.775,422.884,USV_273,0.10900000000003729,,,None,,,,,0.010237183421850204,0.030994503997093022,16615.227594848104,14919.134228377885,0.0001237741391106087,32097.383720930233,27559.456743231378,2.549677584090195,3.7672506400758152,4.660911830355281,16.64339941580505,11.170957950348575,15.086443825447628,60.471805147706206
423.177,423.236,USV_274,0.05899999999996908,,,None,,,,,0.00831031333655119,0.07462565104166667,21088.498134953814,13951.4035197078,0.0003995050391294773,34269.53125,27069.20399155302,2.0194126114769335,4.2947251387093,5.08133551549927,14.670529113762123,10.797062630724104,14.667867304364835,62.72551036541137
423.29,423.379,USV_275,0.08899999999999864,,,None,,,,,0.009935889393091202,0.033793131510416664,16986.40693228146,15666.455945882015,0.0002679486184430027,32768.229166666664,27546.343413721414,2.8064289502560658,4.354741200583444,5.205837542567647,16.764846738712126,11.75507307225078,15.398279040368386,58.144987696575605
424.181,424.192,USV_276,0.011000000000024102,,,None,,,,,0.01117252092808485,0.017124720982142856,15196.980407364954,19505.29924824133,0.0003427241153826071,30361.60714285714,20956.04457822843,2.6170626124433483,5.212184595679058,4.205053769736729,11.250951826595708,11.028015939786489,14.978541661229626,40.34651161866287
424.512,424.581,USV_277,0.06900000000001683,,,None,,,,,0.008672102354466915,0.027919224330357144,15225.446290284612,15579.032083640554,0.00016862149569629034,30790.178571428572,25593.640587524373,2.2346888443678687,3.878216836171737,4.6479830933825586,15.294136773820648,10.630314488986226,14.974435770474939,57.752328230590784
424.779,424.827,USV_278,0.04800000000000182,,,None,,,,,0.010024976916611195,0.03013916015625,16955.386405838297,14385.799747577097,6.63149955470551e-05,31434.375,26289.69243491931,3.17078904563571,5.69291982618491,5.035011754634546,13.760051699919842,11.882312889178198,16.163156819614137,58.56932475834319
425.102,425.213,USV_279,0.11100000000004684,,,None,,,,,0.011380172334611416,0.02459161931818182,13406.024455869432,13569.163188599638,3.410156332364683e-05,28016.335227272728,19611.801586794434,2.507805293827163,4.7699244765848565,5.581203458120582,15.4455837512114,11.81099448975574,14.848127444579802,59.279319938044296
425.293,425.345,USV_280,0.05200000000002092,,,None,,,,,0.011298641562461853,0.031161221590909092,13801.729911027769,12440.97655008342,2.2660958033159684e-05,25764.204545454544,16115.911197087478,2.815887520288577,4.952838446143744,5.711824395986529,14.058441612377225,9.967065527389584,13.943577708772954,60.14437383933439
426.541,426.623,USV_281,0.08199999999999363,,,None,,,,,0.010138140991330147,0.032966382575757576,15609.91877046542,14560.895545583553,0.00013611991292845712,30201.704545454544,24010.142829515742,2.111086076226644,3.8119914179856043,4.974265362820697,15.722389028020064,11.119511809845791,15.985641379142118,59.526658451815045
426.689,426.72,USV_282,0.03100000000000591,,,None,,,,,0.013417599722743034,0.012451171875,12281.561865003443,14556.186837218087,5.325370523463433e-05,27241.071428571428,17891.335322445935,2.6724713014570227,7.974979896485132,5.162735317033547,15.03170337080675,11.236776997259797,15.56330209384179,53.62452560859394
426.855,426.897,USV_283,0.04199999999997317,,,None,,,,,0.011766303330659866,0.04295518663194445,15859.879371854693,14671.031290513443,0.0007894503483247224,28427.083333333332,15498.141260102795,2.4729303851943696,5.753973663117952,4.98769645203949,14.91020356341841,10.535590309609699,15.500754404406154,56.68117079496781
427.064,427.171,USV_284,0.1069999999999709,,,None,,,,,0.011658962815999985,0.047183082217261904,15809.98978091616,13372.412673697061,0.00012904824798104167,29198.660714285714,23485.944028422575,2.301444005371595,3.383458497674493,5.653311956585218,15.811237171574314,10.546889919717568,17.09298950537411,63.08408266816578
431.843,431.921,USV_285,0.07799999999997453,,,None,,,,,0.010849302634596825,0.03520965576171875,14200.597213153302,13433.992984681703,7.273663510416762e-05,27155.2734375,17367.235945718316,2.2913874806134586,3.304597592609961,4.838618396726979,15.08718323501587,12.45142034875354,15.049837713993245,60.911011426071276
433.298,433.355,USV_286,0.05700000000001637,,,None,,,,,0.0091779800131917,0.032491048177083336,15197.259358302603,15345.568759064621,0.00012270705250304879,29703.125,18901.915204086843,2.584982920841495,4.871005282844239,5.646043298879303,16.389076094693163,9.598577545928066,14.705858362470641,57.818624193182984
433.855,433.96,USV_287,0.10499999999996135,,,None,,,,,0.011909802444279194,0.04731096540178571,15750.012765724168,12630.069002724602,6.116920053846886e-05,27962.053571428572,18564.33088303372,2.30939278258112,3.3896899337963826,5.125239607255896,15.154597182638755,11.766628028588162,15.463535723048034,64.32735002594566
434.397,434.436,USV_288,0.03899999999998727,,,None,,,,,0.012360327877104282,0.018741383272058824,14191.715102888795,14648.08869484698,0.00012282168942777917,28174.632352941175,21276.28729528879,2.8497214992171074,3.5956473184028153,5.274992620211817,14.173264868799308,12.004842784516358,16.558757434117247,55.752092535873274
435.103,435.202,USV_289,0.09899999999998954,,,None,,,,,0.025485029444098473,0.024132361778846152,9811.870341124324,10766.507788618646,4.898596340446955e-05,19531.25,15664.831760635776,2.997083831922067,2.470561443524591,5.645582968429896,16.238043126945556,11.239736484948567,14.686098526318501,65.16099977019866
436.3,436.374,USV_290,0.07400000000001228,,,None,,,,,0.04330161586403847,0.009586588541666666,6356.070659114921,10686.527813884115,4.460179290265459e-05,14340.625,27899.79256622212,3.0899619496398594,2.1737955799425914,5.229423602451441,15.540250539209477,11.87389835628364,15.32647402592956,58.50753790648024
439.111,439.209,USV_291,0.09800000000001319,,,None,,,,,0.010420392267405987,0.026047926682692308,13872.327845233576,13435.323307568904,1.2951616629048958e-05,28242.78846153846,18127.638879510534,2.1148617355993027,3.551659426378467,4.84054859698101,17.139047448762962,11.698578442069799,16.55862600610264,60.71923683056884
440.491,440.504,USV_292,0.013000000000033651,,,None,,,,,0.0084717171266675,0.020368303571428572,15986.661103905199,19078.949852180416,0.0008022650881885537,29196.428571428572,17041.716871775316,5.809549410666601,2.544849965974902,5.337588760443633,14.413258593439991,11.433833348162718,13.237274480033056,43.7638830391564
443.776,443.836,USV_293,0.060000000000002274,,,None,,,,,0.008914096280932426,0.030419921875,14330.792487294306,14178.652291745055,0.00011803049192733232,28387.5,15207.067660470693,2.2408853036873144,3.8790805598826603,5.044443798512621,16.297911716509432,12.565960331799976,15.309119620297288,57.83404724557619
444.533,444.561,USV_294,0.027999999999963165,,,None,,,,,0.010911495424807072,0.020751953125,13407.298165550044,15380.029470608406,0.0002807431974414126,27338.94230769231,16164.991348963204,1.441993246380928,4.7096386384101425,5.886193449556165,15.410586310354496,9.695861002083431,16.156716825703235,51.89302985825417
444.617,444.693,USV_295,0.07599999999996498,,,None,,,,,0.009003312326967716,0.03550277217741935,14285.619799238377,12797.63311727283,7.318372077538621e-05,26416.33064516129,15986.45976609634,2.5794297579643866,3.096522800576745,5.139871097935165,14.756966574645087,10.923650488077067,14.751537085423587,61.94104284817029
444.73199999999997,444.799,USV_296,0.06700000000000728,,,None,,,,,0.011694385670125484,0.036411830357142856,14427.47524186665,13841.940713308171,0.0003958849463509805,27010.04464285714,15754.354911324523,2.498543104835306,3.0066379871666595,5.707605882577781,13.965612509856316,11.971471792972594,14.304153632589914,62.1214580468221
445.044,445.14,USV_297,0.09600000000000364,,,None,,,,,0.012610742822289467,0.037886770148026314,14775.755760883147,13034.055131185027,0.0001073631019123622,27263.980263157893,18338.80633657675,2.396224521927942,4.019876181936987,4.8223839885949875,15.22612602467937,10.87955613282957,15.018853776543875,61.78255416181502
445.29,445.353,USV_298,0.06299999999998818,,,None,,,,,0.012101973406970501,0.021296574519230768,14100.90602753188,13910.494152378107,5.462323089705148e-05,28247.596153846152,21153.899757018527,2.622601440755772,5.736149078967579,4.7074664294442465,16.256323685780437,11.263215539992267,17.065690958494336,57.90411943099972
447.636,447.689,USV_299,0.05299999999999727,,,None,,,,,0.011525288224220276,0.0224609375,12021.13194836101,13913.701228696538,0.00015074569794024876,25593.75,21684.422918844855,1.7385018163655837,3.713505409619282,7.685674782627203,16.8004172246748,11.697196759333933,15.342267362397058,58.14916360303917
448.125,448.153,USV_300,0.02800000000002001,,,None,,,,,0.007269963622093201,0.03910006009615385,17042.349741634232,16558.138962723002,0.0002537171655369441,32076.923076923078,15559.108479488692,2.368053295745719,3.6404391882334677,5.683747999596097,15.686481377619755,10.559493301115577,13.390998650065573,53.664328206421416
448.188,448.237,USV_301,0.049000000000035016,2.0,132.98600000000005,True,448.1324,581.1184000000001,0.055599999999969896,-132.93040000000008,0.009475449100136757,0.016473679315476192,14080.318948291142,14707.641834957425,8.854705326329329e-05,29299.10714285714,22455.79430901208,2.490902153816882,2.6738655719733284,5.327555498751771,17.22793439599919,11.174517235273706,15.268380760393917,57.85790610812518
449.786,449.915,USV_302,0.1290000000000191,2.0,132.98600000000005,True,448.1324,581.1184000000001,1.653599999999983,-131.33240000000006,0.012438824400305748,0.021541819852941176,11726.054890843026,13134.822041766227,3.619434921263255e-05,25669.117647058825,22815.603370187946,2.4694227943805602,4.101397039739605,6.17712753870165,18.24099923315368,11.959604946312153,15.905691063922172,61.58483995886923
450.386,450.44,USV_303,0.053999999999973625,2.0,132.98600000000005,True,448.1324,581.1184000000001,2.253600000000006,-130.73240000000004,0.015088074840605259,0.02116593070652174,11572.91031018678,13707.825473424058,9.355547066178534e-05,24994.565217391304,21265.753744120786,3.1094028635840236,5.810322871188491,8.248427556195995,17.91155899181882,12.562800433302465,15.073948321529171,57.83739583778225
459.937,459.989,USV_304,0.051999999999964075,2.0,132.98600000000005,True,448.1324,581.1184000000001,11.804599999999994,-121.18140000000005,0.013338732533156872,0.03848544034090909,17057.246796344887,15112.968588182235,0.00034891609117255947,29607.954545454544,20381.391898333866,2.846818678239084,5.196158657504623,6.11348312861661,16.627945158399882,11.32035940047589,14.667452236972217,58.55155806806624
461.674,461.683,USV_305,0.009000000000014552,2.0,132.98600000000005,True,448.1324,581.1184000000001,13.54159999999996,-119.44440000000009,0.00984569638967514,0.0220947265625,18856.546348848467,24130.064392964417,0.0008715024586103103,33718.75,21707.731374420804,1.0413056034599928,3.91049591236323,3.676702632233828,11.682340570815919,7.110362130833617,11.971301255218302,36.32421111482633
481.806,481.822,USV_306,0.016000000000019554,2.0,132.98600000000005,True,448.1324,581.1184000000001,33.673599999999965,-99.31240000000008,0.012344157323241234,0.02093505859375,17607.773308012227,18153.37834543741,0.00023076276353468575,31136.71875,21723.334093811587,2.4259386082889547,5.061325555685035,7.181868677805749,15.318430155778596,10.524126863820616,12.125672084088988,47.935375842936836
483.626,483.641,USV_307,0.015000000000043201,2.0,132.98600000000005,True,448.1324,581.1184000000001,35.49359999999996,-97.49240000000009,0.009954961016774178,0.013427734375,14185.316585780116,17912.572483262687,6.090159886870268e-05,29859.375,20521.124581325577,1.552657385778991,4.98149993644853,5.141780436383067,13.873720966560425,10.317342645753955,16.296969211352476,44.787797046572706
483.816,483.825,USV_308,0.009000000000014552,2.0,132.98600000000005,True,448.1324,581.1184000000001,35.683599999999956,-97.30240000000009,0.010363847017288208,0.011189778645833334,18626.399405943903,24105.089037777467,0.0018856406851156954,33734.375,18841.27227700742,2.860517073033089,3.988520789775695,3.911059141290623,10.940843729942515,11.02923039603647,13.956856242572968,35.75481565331207
494.35699999999997,494.365,USV_309,0.008000000000038199,2.0,132.98600000000005,True,448.1324,581.1184000000001,46.22459999999995,-86.7614000000001,0.008830906823277473,0.029541015625,16591.32114833306,17104.07602175621,0.00014714354807641923,30300.0,14846.591032056438,1.403229145907455,4.17486737002328,4.718783494967843,15.889249243840812,11.664331291856815,12.582108276579843,38.4942798670235
504.027,504.049,USV_310,0.02199999999999136,2.0,132.98600000000005,True,448.1324,581.1184000000001,55.89459999999997,-77.09140000000008,0.011042148806154728,0.01788884943181818,13170.563933938212,16387.06603062493,0.00031150803533705614,26522.727272727272,18117.09351566053,3.3032511739566504,2.1784822810405844,4.600925469055377,13.01212157781273,10.032049440589844,13.814738000850717,49.72065030112974
505.744,505.772,USV_311,0.027999999999963165,2.0,132.98600000000005,True,448.1324,581.1184000000001,57.61160000000001,-75.37440000000004,0.01036539301276207,0.01459209735576923,15801.477497205227,18333.07109212436,0.00037905118770757484,31810.096153846152,24462.415566477626,2.2157283378251744,6.058298117016786,4.695271071001525,14.487979491767431,9.898514536763647,13.124735595100994,50.37658952467946
506.313,506.33,USV_312,0.016999999999995907,2.0,132.98600000000005,True,448.1324,581.1184000000001,58.18059999999997,-74.80540000000008,0.006391091737896204,0.04286024305555555,18588.50068593298,17968.482515025156,0.00040470554961069994,33187.5,23212.390205174634,0.76202652094143,5.984734408200335,4.5179472870807285,16.627041556770504,9.371578019976056,13.748649070816064,48.29387384160734
507.443,507.483,USV_313,0.040000000000020464,2.0,132.98600000000005,True,448.1324,581.1184000000001,59.310599999999965,-73.67540000000008,0.013319414108991623,0.02786075367647059,12816.20412849494,12952.338954260666,1.2629431803723043e-05,26056.985294117647,21378.359604640733,2.3671889789924774,3.4764372870827924,4.295536757289695,13.678927547408664,12.17723883142592,15.530331639154838,58.46587027830246
507.526,507.561,USV_314,0.03499999999996817,2.0,132.98600000000005,True,448.1324,581.1184000000001,59.39359999999999,-73.59240000000005,0.019146161153912544,0.021028645833333335,11690.25765565189,13739.46062477994,0.0002784236532129255,25687.5,19000.2718009909,4.531698210755989,2.767071215213009,6.0127830157759705,15.545351807710528,10.960728546734535,14.013093596388922,59.27464047925628
508.748,508.762,USV_315,0.014000000000010004,2.0,132.98600000000005,True,448.1324,581.1184000000001,60.61559999999997,-72.37040000000007,0.010827606543898582,0.0335693359375,18664.294104009732,16342.558803031388,0.000422379091993289,31523.4375,23065.463126408336,1.6920290564781166,6.174466571279909,4.126095158197604,12.531707563068823,8.806428208738971,14.112550681802336,47.313107847337776
517.012,517.038,USV_316,0.026000000000067303,2.0,132.98600000000005,True,448.1324,581.1184000000001,68.87959999999993,-64.10640000000012,0.010104414075613022,0.019063313802083332,16898.957877823577,19870.13823398887,0.000533710132918414,32789.0625,20459.72412392536,2.1092104531012628,2.432425337766374,4.925377190857391,12.788226963177081,10.62835483598795,14.97341148913864,49.903614391236374
521.529,521.541,USV_317,0.012000000000057298,2.0,132.98600000000005,True,448.1324,581.1184000000001,73.39659999999998,-59.58940000000007,0.007609999272972345,0.024727957589285716,17144.148773286783,20934.0825981639,0.0007745532357661774,30857.14285714286,16341.073259855899,2.2398338598994814,2.724894517283576,4.788971539409036,12.78751748638837,9.56369009144298,13.657944208056184,43.12389953536907
521.857,521.906,USV_318,0.04899999999997817,2.0,132.98600000000005,True,448.1324,581.1184000000001,73.72459999999995,-59.261400000000094,0.010536598041653633,0.027959914434523808,14604.985071364721,14567.144222582485,0.00014747147208404087,27669.64285714286,17259.937940510437,2.408824371964015,5.085187115052464,5.802674597355935,16.032625858143017,11.02444454872957,13.41335796984146,58.49906739126147
522.207,522.257,USV_319,0.049999999999954525,2.0,132.98600000000005,True,448.1324,581.1184000000001,74.07459999999998,-58.91140000000007,0.010401771403849125,0.05173456101190476,15867.532829264872,13109.53665823997,0.00018958029516803594,28325.89285714286,17777.437380023715,2.5154108001115567,5.480765304691863,5.231018226357308,17.846704636339766,9.87270988052806,14.589427722657083,59.643195174738125
522.561,522.603,USV_320,0.041999999999916326,2.0,132.98600000000005,True,448.1324,581.1184000000001,74.42860000000002,-58.55740000000003,0.00951701495796442,0.024644639756944444,14801.013578338652,14854.292729120547,0.00014562819583616602,28578.125,16888.406318374997,1.935021027015081,4.749404774801724,5.252223721240714,14.612458913005282,10.11186985012454,15.555173611429097,57.77622458796424
528.588,528.606,USV_321,0.018000000000029104,2.0,132.98600000000005,True,448.1324,581.1184000000001,80.45559999999995,-52.5304000000001,0.006737489718943834,0.04055447048611111,21660.608119067412,18626.335541292177,0.0008501540606214374,34114.583333333336,27464.64351609363,2.43397232249315,3.648098411645231,3.755581545281892,12.692994120711539,10.577539119381841,13.598413841714216,48.843311887215805
528.689,528.723,USV_322,0.033999999999991815,2.0,132.98600000000005,True,448.1324,581.1184000000001,80.55659999999995,-52.4294000000001,0.009822151623666286,0.03662109375,19103.593193324105,18154.423703359083,0.0005280537558106931,34275.0,18209.919858135174,1.8785602449884766,3.5785304764223214,4.751055472325059,13.934757152853052,12.295196479522895,13.419272134833284,54.884848362674816
535.428,535.437,USV_323,0.009000000000014552,2.0,132.98600000000005,True,448.1324,581.1184000000001,87.29559999999998,-45.69040000000007,0.012819952331483364,0.018473307291666668,17880.793866297245,22854.768132244062,0.0015046017932816274,34359.375,24666.784594518627,0.7402739386050006,6.374242835936513,4.98091396923019,9.439068665010437,8.582704687296143,11.974195502323326,36.404882660423006
535.6,535.616,USV_324,0.01599999999996271,2.0,132.98600000000005,True,448.1324,581.1184000000001,87.4676,-45.51840000000004,0.010545236058533192,0.01409912109375,16817.282494351308,21390.72892662057,0.00034762238842524874,34171.875,25393.41501798455,1.8750557786922446,3.8448460927706343,5.130816420194622,12.333215362908813,10.065889182832553,14.01315710384987,43.57985673838172
539.359,539.398,USV_325,0.03899999999998727,2.0,132.98600000000005,True,448.1324,581.1184000000001,91.22660000000002,-41.75940000000003,0.011282315477728844,0.03891888786764706,17192.0120338122,16649.733309208314,0.0002475371668843443,31340.073529411766,21875.737631839755,1.8042855529337558,5.840441601938429,4.473889602332811,14.716378644161807,10.357535394175509,12.33125987860149,54.43903263986886
541.231,541.263,USV_326,0.03200000000003911,2.0,132.98600000000005,True,448.1324,581.1184000000001,93.09859999999998,-39.88740000000007,0.011063857935369015,0.025634765625,18193.506377805406,16199.830762262323,0.000417822707279838,31453.125,23113.18195959612,2.4832448700625886,4.041509201141884,6.813362312675685,15.521713322332436,10.568500179183564,13.970939117053593,57.202519168076584
541.5,541.517,USV_327,0.01700000000005275,2.0,132.98600000000005,True,448.1324,581.1184000000001,93.36759999999998,-39.618400000000065,0.010473348200321198,0.022216796875,16701.80546053807,16525.914303895894,0.00029405571274748716,30052.083333333332,19017.752770176805,1.2463873385290851,4.0273135612651725,6.173864057261809,14.736406511872879,12.858422860584845,14.094945481023885,48.0523492288476
542.5,542.527,USV_328,0.027000000000043656,2.0,132.98600000000005,True,448.1324,581.1184000000001,94.36759999999998,-38.618400000000065,0.01402402576059103,0.010535606971153846,13649.139039151072,17756.63699781072,0.00017966554983468572,28752.403846153848,19485.014466763078,2.074707297239569,4.597519870566381,5.924242692031485,13.738860412990011,9.404932533064608,13.43410889564106,49.60544136871841
544.728,544.745,USV_329,0.01700000000005275,2.0,132.98600000000005,True,448.1324,581.1184000000001,96.59559999999993,-36.39040000000011,0.009738026186823845,0.027506510416666668,18350.942660100656,20063.454779753745,0.000641604420096481,34125.0,26298.80356223447,1.111303654872786,5.249702425056551,3.44767559228344,12.716705983859784,11.487925966179752,12.504624937475192,45.88644809603724
548.282,548.303,USV_330,0.020999999999958163,2.0,132.98600000000005,True,448.1324,581.1184000000001,100.14960000000002,-32.836400000000026,0.007662490010261536,0.053662109375,18992.665077388454,15268.797639361565,0.00028657140072071134,31537.5,24817.747527714186,2.1765689381753415,5.1988838004511475,4.000399307913989,15.483306525586078,11.319302400866246,16.260099203885936,53.07157234465346
548.438,548.467,USV_331,0.028999999999996362,2.0,132.98600000000005,True,448.1324,581.1184000000001,100.30559999999997,-32.68040000000008,0.00601032143458724,0.04835862379807692,19534.4014619426,18391.929315703877,0.0005181394627328293,34225.96153846154,25169.326069474144,5.183574343828346,3.573627365272777,4.316393306989971,12.800840211672927,10.061828180827085,14.945620179620313,52.773580704353044
548.618,548.637,USV_332,0.01899999999989177,2.0,132.98600000000005,True,448.1324,581.1184000000001,100.48560000000003,-32.50040000000001,0.0074241142719984055,0.03268771701388889,17992.1903441397,18227.720835966335,0.0005259658740501096,31677.083333333332,23853.865709702237,3.5390929039095207,5.760457202707496,4.0303079534258535,13.892548645474934,11.617263024821622,15.05183671523192,51.69680108258295
548.784,548.799,USV_333,0.014999999999986358,2.0,132.98600000000005,True,448.1324,581.1184000000001,100.65159999999997,-32.33440000000007,0.015353391878306866,0.012969970703125,15268.01429903493,20446.27988342255,0.00030230755568429424,29742.1875,25419.076082189084,1.580611051035667,7.699272127900805,3.8697541077535265,12.617029404353262,8.134483067868779,15.408282773060932,42.525351665245935
549.203,549.23,USV_334,0.027000000000043656,2.0,132.98600000000005,True,448.1324,581.1184000000001,101.07059999999996,-31.91540000000009,0.008569009602069855,0.02734375,16803.326054034198,19923.915811638082,0.0006305637215536196,33454.32692307692,21797.64271411599,2.784662318338981,3.485267020487936,5.620504210254899,14.566300981103499,9.9901692289238,13.974966917263892,49.007671846227545
549.478,549.546,USV_335,0.06800000000009732,2.0,132.98600000000005,True,448.1324,581.1184000000001,101.34559999999993,-31.640400000000113,0.010861418209969997,0.019845145089285716,14313.738086775684,15910.99076795736,0.00011967250233005783,30301.339285714286,21045.67328725919,3.281417738657549,4.819642364578428,6.779220446759935,16.677104414023766,11.847637954206773,14.96486764126096,56.173618156506905
549.68,549.695,USV_336,0.015000000000100044,2.0,132.98600000000005,True,448.1324,581.1184000000001,101.54759999999993,-31.438400000000115,0.015581337735056877,0.008544921875,16634.719782143475,21207.406053522325,0.00023627107412788295,29496.09375,24236.237134252722,2.4252273284422774,4.449329432714995,3.7317197759817464,11.860700815177768,9.694079278889724,13.835629642575526,43.69677020849028
550.127,550.139,USV_337,0.012000000000057298,2.0,132.98600000000005,True,448.1324,581.1184000000001,101.99459999999993,-30.991400000000112,0.006841783411800861,0.02783203125,18568.479505767544,17760.64965245876,0.0007054117381831083,30843.75,22941.329261871677,2.2323816287275853,2.6120200951308,4.022880317421089,15.333572748773767,8.650520857910369,15.62182429718973,44.20116054514137
551.2,551.322,USV_338,0.12199999999995725,2.0,132.98600000000005,True,448.1324,581.1184000000001,103.06760000000003,-29.91840000000002,0.013041687197983265,0.0301666259765625,14819.92387861198,13231.20112174957,1.7702576794959713e-05,28972.65625,18255.52501099328,2.8399590046333345,4.784800405635234,4.632252561961773,16.943172761686572,12.36505179843256,13.83286215870885,61.76214274952353
552.378,552.391,USV_339,0.012999999999919964,2.0,132.98600000000005,True,448.1324,581.1184000000001,104.24560000000002,-28.740400000000022,0.013256828300654888,0.013985770089285714,16957.637115508966,19984.53354725411,0.0008013960160492974,31272.321428571428,15137.915859444973,2.2496579135841235,5.723762614201009,3.7925120768650302,10.645463567569461,10.332669502291063,12.98136166590052,41.357256407520296
558.582,558.598,USV_340,0.01599999999996271,2.0,132.98600000000005,True,448.1324,581.1184000000001,110.44959999999998,-22.53640000000007,0.014726070687174797,0.02508544921875,15938.614546472536,15667.621031481107,0.0001930143941537485,28347.65625,22027.958653208665,1.594264443415038,4.968993330850445,5.148112013630057,16.332865902603537,9.86719520438479,12.985180373487882,49.250239761407315
562.108,562.123,USV_341,0.015000000000100044,2.0,132.98600000000005,True,448.1324,581.1184000000001,113.97559999999993,-19.010400000000118,0.01059673447161913,0.020721435546875,16574.400642411583,17893.51769610365,0.00023143100515243478,30656.25,21073.436830339324,1.2750606454376752,5.405255168031463,5.6450323966823435,16.529698502616018,11.780294451213834,14.139494148374872,45.83828291902623
566.06,566.068,USV_342,0.008000000000038199,2.0,132.98600000000005,True,448.1324,581.1184000000001,117.92759999999993,-15.05840000000012,0.011764525435864925,0.025537109375,16837.88122395257,22620.681410251127,0.00020717214785876298,31443.75,22753.75238515432,1.4345210866330507,4.544212233938275,4.7818526943939945,9.138773565451757,7.692179792992147,13.555455448119051,33.418336786679504
569.243,569.276,USV_343,0.032999999999901775,2.0,132.98600000000005,True,448.1324,581.1184000000001,121.11060000000003,-11.875400000000013,0.008970548398792744,0.020084635416666666,16422.06402729047,16034.737077579626,0.0002549017715737216,32481.25,25908.09884734331,2.946136056920152,3.214027865859522,4.508625641948428,15.560167155073794,12.53343746707509,13.614752881093095,55.25519482675468
575.75,575.789,USV_344,0.03899999999998727,2.0,132.98600000000005,True,448.1324,581.1184000000001,127.61759999999998,-5.368400000000065,0.012460486963391304,0.03719554227941176,16610.216083503798,13999.593707004507,3.757168046773306e-05,29966.91176470588,21091.339763522643,2.58978929522711,5.132885597104227,5.001786450596388,16.36974819472743,11.123812492401052,15.389680249119595,57.04923182744912
578.611,578.623,USV_345,0.012000000000057298,2.0,132.98600000000005,True,448.1324,581.1184000000001,130.47859999999997,-2.507400000000075,0.006512143183499575,0.038783482142857144,18143.69432493839,18295.52902350615,0.0005913512518273183,31821.428571428572,21277.10403912028,1.642642269125081,5.04432872194863,7.403850357662509,14.567329693878666,9.853648286750268,12.960076360023445,45.46846518115186
579.61,579.621,USV_346,0.010999999999967258,2.0,132.98600000000005,True,448.1324,581.1184000000001,131.4776,-1.5084000000000515,0.00851451326161623,0.02880859375,16382.547696574373,17960.630716244923,0.0001103328293000536,30718.75,23045.890752078663,2.025638514183247,3.430385307813747,5.872895532121039,15.25690541685694,12.146421852997099,15.301843149774035,44.07858717390843
579.994,580.014,USV_347,0.01999999999998181,2.0,132.98600000000005,True,448.1324,581.1184000000001,131.8616,-1.124400000000037,0.0132712721824646,0.00302734375,15765.359824948027,19627.89596410934,0.00027541544179586513,31321.875,25659.88134286731,2.4689808356999365,4.474613524311242,5.88179247046634,14.175712696493722,10.759958414610084,12.198830500891763,46.668137327513506
580.983,581.11,USV_348,0.1270000000000664,2.0,132.98600000000005,True,448.1324,581.1184000000001,132.85059999999993,-0.13540000000011787,0.011303966864943504,0.029013671875,16886.65702349579,15019.36161231211,0.00031906461579844835,32043.75,24391.240488861393,1.6224242840598975,5.5090593783870965,5.095931263282498,16.874000966126044,11.230501049563722,14.938127193209938,60.627806193070775
581.877,581.897,USV_349,0.020000000000095497,2.0,132.98600000000005,False,448.1324,581.1184000000001,133.74459999999993,0.7585999999998876,0.09775792807340622,0.0123291015625,8315.886761450112,13314.608452078453,9.039531037803072e-05,16921.875,29924.348719919835,4.115404401070517,3.004362209102345,6.489746504119346,15.758638862861137,10.231242475569237,15.845433674565033,51.55121660255143
582.926,582.956,USV_350,0.029999999999972715,2.0,132.98600000000005,False,448.1324,581.1184000000001,134.79360000000003,1.8075999999999794,0.008307447656989098,0.018572126116071428,16326.232987669702,19039.97898156232,0.0010033572133306935,33415.17857142857,24696.575398151697,3.8953933165723886,5.397028505076724,3.7164907192078442,17.20399301215326,11.437510173868983,13.787369850488782,51.53705355014316
583.202,583.331,USV_351,0.1290000000000191,2.0,132.98600000000005,False,448.1324,581.1184000000001,135.06959999999998,2.083599999999933,0.013284284621477127,0.030661190257352942,16951.344241273837,14761.045855613345,0.0001431553018548398,31450.367647058825,25592.350079592645,2.576174363598351,5.890976414636646,6.143584902457,17.050468002060157,12.170908040523415,15.587018234476764,61.15998433971439
585.036,585.078,USV_352,0.04200000000003001,2.0,132.98600000000005,False,448.1324,581.1184000000001,136.90359999999993,3.9175999999998794,0.011975700967013836,0.015068901909722222,14195.672917237922,15802.188864277256,9.115378559787758e-05,29541.666666666668,22909.26168530274,2.835334236550583,3.947326717886758,5.326054715178331,16.9535317148238,10.987075257773792,15.320364326150973,54.20964923855577
585.265,585.334,USV_353,0.06899999999995998,2.0,132.98600000000005,False,448.1324,581.1184000000001,137.13259999999997,4.146599999999921,0.012616255320608616,0.021780831473214284,14898.838039929187,15765.929138109876,4.124948512801e-05,31218.75,24716.22595518333,1.7568450719247752,5.051912678333643,5.28807916847544,15.911078309274,10.763311575815296,14.803259173437167,56.16921678000729
585.395,585.449,USV_354,0.053999999999973625,2.0,132.98600000000005,False,448.1324,581.1184000000001,137.26259999999996,4.276599999999917,0.0107437614351511,0.021027938179347828,16612.24044580732,15731.594152448302,0.00018100404881099153,30309.782608695652,22070.77061060903,1.991705631913571,6.183485806445921,5.422038943093177,15.738369490561233,10.77959934504906,14.04297212036009,58.27200983798179
585.57,585.581,USV_355,0.010999999999967258,2.0,132.98600000000005,False,448.1324,581.1184000000001,137.43760000000003,4.451599999999985,0.007009407039731741,0.033162434895833336,20637.339353819676,21127.66195830215,0.0017620399642879567,34328.125,27109.20951397443,1.1027557234132934,2.2289740398022,6.463017903482097,12.267348560624397,11.064150848553004,11.786325133247255,44.8537924776544
590.854,590.947,USV_356,0.09299999999996089,2.0,132.98600000000005,False,448.1324,581.1184000000001,142.72160000000002,9.735599999999977,0.010757049545645714,0.036918021537162164,16028.461919947882,15750.145476965785,0.00016133499250989093,32657.93918918919,25626.933966923974,2.834472901954443,6.002567735699133,5.98234312485292,16.866081532775542,10.719398595128201,14.669148711005567,58.94807963549819
591.229,591.255,USV_357,0.025999999999953616,2.0,132.98600000000005,False,448.1324,581.1184000000001,143.09660000000002,10.110599999999977,0.014271202497184277,0.0103759765625,14195.738789331655,16665.5235171956,0.00015862971862502543,29609.375,23135.34055363783,3.1695444671872095,7.123786853210574,5.482616049602739,14.137102385623718,10.705868685697155,15.819968486438905,50.07652051953351
591.466,591.477,USV_358,0.010999999999967258,2.0,132.98600000000005,False,448.1324,581.1184000000001,143.3336,10.347599999999943,0.012408255599439144,0.0191650390625,15065.182139968894,17965.056881622215,6.895687073958758e-05,31890.625,23517.995341809306,0.5918448919956033,7.911809712062507,4.30549263631123,12.619596381065627,10.260038228645344,14.71730336318245,44.68532398355851
591.946,591.989,USV_359,0.043000000000006366,2.0,132.98600000000005,False,448.1324,581.1184000000001,143.8136,10.827599999999961,0.009712807834148407,0.016280324835526317,15302.73081266584,16764.65117378182,0.00021280848642171992,30957.236842105263,20999.75827170312,2.590963134121826,4.076189341001455,4.935877603322312,15.493299420855216,10.428713658117914,15.071369288943874,54.227594227255395
594.351,594.373,USV_360,0.022000000000048203,2.0,132.98600000000005,False,448.1324,581.1184000000001,146.21859999999998,13.232599999999934,0.01598985306918621,0.009654651988636364,16650.722792874196,19783.931440305223,0.0003368390022540068,30528.409090909092,20421.953522516356,2.4234378516789072,4.413393203415158,5.6554813886408475,13.384174538689154,9.186928414427383,13.241565645657912,48.962128500461354
594.547,594.571,USV_361,0.02400000000000091,2.0,132.98600000000005,False,448.1324,581.1184000000001,146.4146,13.42859999999996,0.011484918184578419,0.024391867897727272,17887.58119663031,17597.290936307112,0.0002645434072783416,31286.93181818182,23605.77342083381,2.7872335724283057,1.6894122229867043,5.267384395501185,13.437830606031554,10.908031040695933,13.857734103403011,51.20780282084957
598.556,598.576,USV_362,0.01999999999998181,2.0,132.98600000000005,False,448.1324,581.1184000000001,150.42360000000002,17.437599999999975,0.008273961953818798,0.0264892578125,15972.487977812838,16440.882812154792,0.0004475085965212622,28453.125,21928.62572366411,2.034703129920817,3.0185439829316203,6.17670847575787,17.58667682540565,11.153762457992894,13.33164134592231,49.560320345676615
602.286,602.296,USV_363,0.010000000000104592,2.0,132.98600000000005,False,448.1324,581.1184000000001,154.15359999999993,21.16759999999988,0.01239840593189001,0.011067708333333334,17068.609741971173,20996.4026393481,0.00020485592727345102,30921.875,25752.6705592904,1.8815068225350915,4.352425821019437,2.285707737238426,11.974402248764221,9.867563714295637,13.02367404119635,38.853085034658164
604.036,604.047,USV_364,0.011000000000080945,2.0,132.98600000000005,False,448.1324,581.1184000000001,155.90359999999993,22.91759999999988,0.011505099944770336,0.008684430803571428,17571.357655350912,21997.73023306007,0.0009196398312493187,31553.571428571428,23941.18308438976,1.8929615577236585,5.777232539873493,5.491760584826698,13.085170336133928,9.674412527734408,14.599335586419958,40.12359217861407
604.949,605.04,USV_365,0.09100000000000819,2.0,132.98600000000005,False,448.1324,581.1184000000001,156.81659999999994,23.83059999999989,0.012085769325494766,0.016476192989864864,13120.260725320886,14072.623470387149,3.8169846955033694e-05,28274.493243243243,19489.395251155387,3.3049005687469952,5.040586604168731,4.93630364419977,17.772154842053066,11.608219840225342,14.401581985779494,58.843753034645424
606.127,606.146,USV_366,0.019000000000005457,2.0,132.98600000000005,False,448.1324,581.1184000000001,157.99459999999993,25.008599999999888,0.009322237223386765,0.030810546875,16390.940003889536,16215.72780170124,0.00012101287414895401,31134.375,25659.155878907615,0.927082354023536,4.888618574086137,4.322697624280817,12.762956509881429,11.565581795620897,15.026094048988114,49.322060649281305
606.181,606.241,USV_367,0.05999999999994543,2.0,132.98600000000005,False,448.1324,581.1184000000001,158.04860000000002,25.062599999999975,0.01340585108846426,0.052958984375,17714.1757511112,12897.181030177871,1.987165226284334e-05,29872.5,24319.617430852864,2.27103205143594,6.903284023473007,4.8363711924368635,15.729245832290797,11.71551843075707,13.85560879535985,61.22682412878651
606.506,606.55,USV_368,0.04399999999998272,2.0,132.98600000000005,False,448.1324,581.1184000000001,158.37359999999995,25.387599999999907,0.007830929942429066,0.0244140625,15831.857248049118,17617.493629667042,0.00048543165134350505,31953.947368421053,19450.308895439346,2.2570100575881553,4.5395059169998415,4.718326156811561,17.573216324387495,9.889640143062607,14.875289165552466,54.36667936113164
611.141,611.172,USV_369,0.031000000000062755,2.0,132.98600000000005,False,448.1324,581.1184000000001,163.00859999999994,30.022599999999898,0.008095244877040386,0.03135463169642857,16876.309732166595,16857.698661709168,0.0004268323233772448,31814.73214285714,20423.59016026618,4.468484497802673,5.364940768737847,5.890548544668621,13.162900761161566,9.839243444633778,14.3442618424763,53.18402352507162
612.978,612.991,USV_370,0.013000000000033651,2.0,132.98600000000005,False,448.1324,581.1184000000001,164.84559999999993,31.859599999999887,0.007367804646492004,0.03428431919642857,18515.471446375614,17359.287685234773,0.00032806564012178793,31513.39285714286,22748.435214307076,2.345836854737382,3.5864397942552997,4.9203567147924145,14.123783454962119,13.071860892266274,11.789943616346038,45.125273897969386
614.506,614.535,USV_371,0.028999999999996362,2.0,132.98600000000005,False,448.1324,581.1184000000001,166.37359999999995,33.38759999999991,0.007654819171875715,0.027550330528846152,17160.217554957242,18474.693632946713,0.0006712887375653014,32581.73076923077,19613.41346006029,2.4598020230777857,3.33159435213187,3.6585811820723295,14.052649175523726,11.544039948095547,13.724976950970518,51.35247747059714
617.605,617.621,USV_372,0.01599999999996271,2.0,132.98600000000005,False,448.1324,581.1184000000001,169.4726,36.48659999999995,0.014490708708763123,0.008331298828125,16459.56420110422,18182.844238488346,0.00024199820759034609,29730.46875,17789.458422099313,3.764141834848302,3.9496769525696385,5.874424087018535,14.059986590118793,10.343012570732572,11.700449820416768,47.443873523729394
618.811,618.849,USV_373,0.038000000000010914,2.0,132.98600000000005,False,448.1324,581.1184000000001,170.67860000000002,37.69259999999997,0.008689804933965206,0.020249310661764705,15554.929142935893,17335.366596884523,0.00026449129116715706,32189.33823529412,23019.90160780302,1.9547316013447484,3.481686351236113,5.325968441548977,15.904076037992748,10.255601510340533,15.211242685195213,52.56582817634378
619.944,619.984,USV_374,0.04000000000007731,2.0,132.98600000000005,False,448.1324,581.1184000000001,171.81159999999994,38.825599999999895,0.008948522619903088,0.02853573069852941,17153.4143039565,16151.424617240551,0.00034099994414180855,31522.058823529413,24870.69088487423,1.6444345703112826,5.281328022916132,6.378444169602757,14.986000228758044,11.181470608239247,14.435736971924271,55.92792337492989
620.061,620.083,USV_375,0.021999999999934516,2.0,132.98600000000005,False,448.1324,581.1184000000001,171.92860000000002,38.94259999999997,0.009752565063536167,0.022305575284090908,14695.18072276694,17373.557254387822,0.00027754103578103137,29011.363636363636,14813.3665824013,1.356376887795957,3.909072879235035,4.779544083371227,16.015320700137703,11.393588807811767,12.918275682423923,49.13827841714353
623.773,623.791,USV_376,0.018000000000029104,2.0,132.98600000000005,False,448.1324,581.1184000000001,175.6406,42.65459999999996,0.008280934765934944,0.025336371527777776,16577.007124385884,18574.532030516748,0.00028382566538493414,30927.083333333332,22667.608445210713,2.601289094536768,4.34800625303224,5.85263768223077,14.586937183461764,9.7389926387482,14.343005961403426,45.90861054771537
628.438,628.475,USV_377,0.03700000000003456,2.0,132.98600000000005,False,448.1324,581.1184000000001,180.30559999999997,47.31959999999992,0.007758427411317825,0.032684326171875,18298.21875583283,16345.31030911462,0.0004322974447920175,32437.5,25033.12259749532,3.5919879105139723,5.561625080685954,5.06246556802381,15.645700096597118,10.255767507837769,13.836552934489031,55.21494082433176
642.614,642.639,USV_378,0.024999999999977263,2.0,132.98600000000005,False,448.1324,581.1184000000001,194.48160000000001,61.49559999999997,0.011732109822332859,0.0186767578125,16190.357274810098,19293.70322929707,0.0002576404287832849,31226.5625,22052.245878978705,1.2990026902287783,7.645940761990686,4.18990581164918,13.162999644250258,10.096835579524045,15.664099998657546,49.216438341658325
643.709,643.727,USV_379,0.018000000000029104,2.0,132.98600000000005,False,448.1324,581.1184000000001,195.57659999999993,62.59059999999988,0.009733445942401886,0.03135850694444445,18286.87441858758,17341.020482272757,0.000469206276132961,31156.25,19627.441242460583,2.1713850392131584,4.229964540669695,6.618748734670233,14.540275331713818,10.368590822211495,16.296046149798105,49.4216832683226
643.774,643.801,USV_380,0.027000000000043656,2.0,132.98600000000005,False,448.1324,581.1184000000001,195.64159999999998,62.655599999999936,0.010357087478041649,0.037954477163461536,17139.210546569586,16889.19870166164,0.000548163335169329,30475.96153846154,22534.54833629153,1.8651346885356985,5.780276257193354,6.116619659234124,14.974348328790796,11.612049928384756,15.098679624002475,51.688737968062995
646.221,646.238,USV_381,0.01700000000005275,2.0,132.98600000000005,False,448.1324,581.1184000000001,198.08859999999999,65.10259999999994,0.008644988760352135,0.031901041666666664,17977.828492168217,21160.988651059844,0.0009836899468124369,33562.5,25269.639152640575,2.685550533425174,4.848326993671524,3.540082634894913,13.043808469445928,9.739192119539194,12.460842403409194,45.505439028786206
647.316,647.35,USV_382,0.033999999999991815,2.0,132.98600000000005,False,448.1324,581.1184000000001,199.1836,66.19759999999997,0.008471233770251274,0.026888020833333335,16182.830117189646,18769.18623339339,0.00035069267977330773,32381.25,19557.881687535653,1.9514372722703943,3.9532149900248603,6.036305139064994,14.89588375199649,9.57062938155378,12.963189276841009,51.6350029785077
648.497,648.52,USV_383,0.023000000000024556,2.0,132.98600000000005,False,448.1324,581.1184000000001,200.36459999999994,67.37859999999989,0.011413195170462132,0.02594549005681818,16746.075451385477,19809.00206396488,0.0004873349592655876,31593.75,20286.508173840703,2.7133202819166726,6.112240756473117,5.189575336430527,14.798576634877763,10.288773449413856,13.467347005281795,48.46498570848876
651.412,651.425,USV_384,0.012999999999919964,2.0,132.98600000000005,False,448.1324,581.1184000000001,203.27960000000002,70.29359999999997,0.010508658364415169,0.03257533482142857,17515.335593908323,17286.613443219776,0.0002478101620841839,30000.0,23214.746694186735,2.6950265467262673,5.127764254789619,7.193293596350385,15.971979012142015,9.80485587536657,14.536153758584451,44.40841443155411
652.04,652.085,USV_385,0.04500000000007276,2.0,132.98600000000005,False,448.1324,581.1184000000001,203.90759999999995,70.9215999999999,0.012300011701881886,0.015702097039473683,14574.927773518555,17350.70618459148,0.00037357550183503177,30671.052631578947,19113.223556722838,2.0781100204008545,4.874564812726359,4.942861987942777,13.694334077008548,10.480750481387679,13.498663088901893,53.73300606888432
652.149,652.194,USV_386,0.04499999999995907,2.0,132.98600000000005,False,448.1324,581.1184000000001,204.01659999999998,71.03059999999994,0.010960918851196766,0.01841334292763158,15851.921502616253,17153.807953712443,0.0003360441164976898,31549.342105263157,24112.489798954488,2.517015518092573,5.2508796825484865,5.545153795858001,16.932396019078364,11.106696838066743,15.023842630643038,54.522155319304986
652.365,652.425,USV_387,0.05999999999994543,2.0,132.98600000000005,False,448.1324,581.1184000000001,204.2326,71.24659999999994,0.008914342150092125,0.026240234375,16252.705190173616,15375.975866307488,6.11511807936982e-05,31541.25,25273.416954021188,2.865020326967415,6.351540969680307,5.5838923231936715,17.647973029985785,10.193215219113226,15.390947445486404,57.86416684579987
652.598,652.662,USV_388,0.06400000000007822,2.0,132.98600000000005,False,448.1324,581.1184000000001,204.46559999999994,71.47959999999989,0.013038171455264091,0.014178936298076924,14178.006973871563,14454.675268607984,6.339679089320595e-05,29433.89423076923,18289.585819332424,2.89933835144437,6.328736094913896,6.437158008755942,17.78297692254663,11.139825920138861,13.156461564291059,57.64621242544134
653.929,653.948,USV_389,0.019000000000005457,2.0,132.98600000000005,False,448.1324,581.1184000000001,205.79659999999996,72.81059999999991,0.013646605424582958,0.023828125,15596.241183606535,17362.929115968953,9.658041015396304e-05,30562.5,21787.880989927344,4.021676701184406,5.079419751612754,6.012428750314202,15.403198223655249,9.617191556501027,14.425583984274592,48.62828617379712
655.261,655.34,USV_390,0.07900000000006457,2.0,132.98600000000005,False,448.1324,581.1184000000001,207.12859999999995,74.1425999999999,0.016774389892816544,0.01876068115234375,13258.76626136325,14685.067846435284,0.00023282686916997302,28236.328125,20143.417038136085,2.246288958889802,6.502012652265755,5.152822161708677,16.31669969426077,10.043348955080614,14.037789794208111,55.43444337132591
655.681,655.755,USV_391,0.07399999999995543,2.0,132.98600000000005,False,448.1324,581.1184000000001,207.54860000000002,74.56259999999997,0.011938546784222126,0.017146809895833334,14084.636638431453,15430.216170793452,4.2967578221780295e-05,30559.375,23651.80510747022,3.2218414182311483,3.9520964725733947,5.360595442361372,16.64260706603641,10.175896369655616,14.558809497247742,57.09053065723381
656.513,656.548,USV_392,0.03499999999996817,2.0,132.98600000000005,False,448.1324,581.1184000000001,208.38060000000002,75.39459999999997,0.011410590261220932,0.015771484375,14144.995697529439,16659.7989201816,0.00022209331570924822,30087.5,18791.20684551127,2.5249344462145014,5.456877690535421,4.868114829391071,13.425855028144115,10.61694375271551,14.069943218529575,53.7854086278008
656.655,656.688,USV_393,0.03300000000001546,2.0,132.98600000000005,False,448.1324,581.1184000000001,208.52259999999995,75.53659999999991,0.009733343496918678,0.019156901041666667,14641.479513987224,15768.178694925127,0.00017458232761699652,29606.25,17636.43533011468,1.5183410507618418,3.0536534562478135,5.194600003692717,12.425190143834165,10.626038752054775,12.102845497980528,53.10696443623263
658.527,658.558,USV_394,0.03099999999994907,2.0,132.98600000000005,False,448.1324,581.1184000000001,210.39460000000003,77.40859999999998,0.012009620666503906,0.020577566964285716,15000.861765337477,16730.50595864429,0.00031257752091612325,28540.178571428572,20012.50043593162,1.533380075980488,5.70822033485152,6.02471044103308,14.598758231627965,9.645361509554904,13.76792489612957,52.62782535549432
659.404,659.423,USV_395,0.019000000000005457,2.0,132.98600000000005,False,448.1324,581.1184000000001,211.27159999999998,78.28559999999993,0.012001627124845982,0.0246337890625,16200.65755980745,20255.938134018073,0.0008230657721451627,31096.875,23430.947419636697,2.4693434585323017,3.307263179468781,7.770822916995667,15.143141211998373,9.361733595704868,14.21454279695241,46.780533883367
660.966,660.984,USV_396,0.018000000000029104,2.0,132.98600000000005,False,448.1324,581.1184000000001,212.8336,79.84759999999994,0.012972120195627213,0.01025390625,15988.90568771681,19253.914866131243,0.0005144746339049292,31427.083333333332,24128.014519027838,2.494026540423091,3.762476038502549,3.4926621256415578,15.39648999628033,10.072753991801589,13.885005853170826,46.52286569999674
661.258,661.278,USV_397,0.01999999999998181,2.0,132.98600000000005,False,448.1324,581.1184000000001,213.12560000000002,80.13959999999997,0.01306800078600645,0.0139892578125,15808.393574372496,21152.265966635972,0.0004457230463274597,31406.25,21040.193700576423,2.068314289764667,5.46631687996598,5.918464295751361,12.915570442582393,8.461992159960815,15.294503986246331,45.956097572999205
662.753,662.804,USV_398,0.05099999999993088,2.0,132.98600000000005,False,448.1324,581.1184000000001,214.62060000000002,81.63459999999998,0.009477653540670872,0.027727399553571428,16354.02169064353,14634.254674041904,7.539096821254378e-05,29991.071428571428,21882.250988732376,3.5124969263894985,7.412386223663413,5.143487086705697,17.339011298654043,11.890322110458852,15.496691951364667,60.66405954581752
672.37,672.392,USV_399,0.022000000000048203,2.0,132.98600000000005,False,448.1324,581.1184000000001,224.2376,91.25159999999994,0.013957780785858631,0.01302823153409091,15028.059060866257,18777.817614813717,0.0009089298408338019,31133.522727272728,20359.500924151995,2.909486229331152,4.656160616990044,4.930875955718391,12.946207413920224,10.346676817909573,13.057675165570219,46.974871257397346
672.772,672.798,USV_400,0.025999999999953616,2.0,132.98600000000005,False,448.1324,581.1184000000001,224.63960000000003,91.65359999999998,0.007429281249642372,0.025858561197916668,16174.783976546134,16315.53890969106,0.00012591482738672787,31515.625,17545.81163335436,2.943105289199082,5.065808336560711,6.869976396425577,16.01720579169476,11.633234138300184,14.503427202936592,50.76760255710823
672.85,672.889,USV_401,0.03899999999998727,2.0,132.98600000000005,False,448.1324,581.1184000000001,224.7176,91.73159999999996,0.014677608385682106,0.014246323529411764,13925.898250219456,16920.5329734021,0.000171787163570854,28748.16176470588,23381.825880607823,2.1511720077019323,6.440504111873249,6.223036197214969,12.979789280494693,9.56992358358984,16.368525558482034,53.150078390094315
673.81,673.818,USV_402,0.008000000000038199,2.0,132.98600000000005,False,448.1324,581.1184000000001,225.67759999999993,92.69159999999988,0.0066686756908893585,0.0208984375,17577.202984597225,18657.939829474373,0.0004234417436804436,30881.25,18356.0345475453,3.6487935529733106,1.6495298703876937,5.039787304665016,15.344859020844785,11.940316059570861,13.733637949947092,37.62007978038072
674.206,674.215,USV_403,0.009000000000014552,2.0,132.98600000000005,False,448.1324,581.1184000000001,226.0736,93.08759999999995,0.008056185208261013,0.037109375,19363.112620716074,22366.773861045516,0.0011321239168177067,32015.625,24854.968425684394,0.8040880412677582,4.516212412750138,4.383097072356829,14.348352896369187,9.819053169896181,14.923243786483553,36.982498324164474
674.318,674.333,USV_404,0.014999999999986358,2.0,132.98600000000005,False,448.1324,581.1184000000001,226.18559999999997,93.19959999999992,0.014955803751945496,0.01678466796875,16464.16136816817,21103.07709056012,0.0006337194693181437,32484.375,23425.8641369378,1.7649460129541485,6.38188020256324,6.265401441196482,15.080010335298617,9.209371610642464,14.309603828376568,43.2231981853386
674.564,674.607,USV_405,0.043000000000006366,2.0,132.98600000000005,False,448.1324,581.1184000000001,226.43159999999995,93.4455999999999,0.012490499764680862,0.026058799342105265,12967.09884173663,13888.541690401871,8.355720633781448e-05,26062.5,16499.939315779906,1.9866920770644376,4.775810658194625,6.815749110748324,14.570419007973621,10.464134658105449,15.138632530748788,57.997432737928754
674.917,675.008,USV_406,0.09100000000000819,2.0,132.98600000000005,False,448.1324,581.1184000000001,226.7846,93.79859999999996,0.010813241824507713,0.033288904138513514,15715.797060128689,14116.197919194103,0.00010885268696787596,29315.87837837838,20563.356948092765,3.0631350947861833,4.999776935131123,5.374741771614199,15.878255965525273,10.917299527606966,15.27951573796273,60.35471543160101
675.134,675.274,USV_407,0.13999999999998636,2.0,132.98600000000005,False,448.1324,581.1184000000001,227.0016,94.01559999999995,0.01228321436792612,0.030606356534090908,14459.482529802899,13085.615747154401,5.6305894109203346e-05,27516.477272727272,19043.626368326015,3.099784435505164,4.302253887379879,5.882079528606521,16.347748951429704,10.956088223064409,15.519556416222196,62.06743832762614
675.506,675.53,USV_408,0.02400000000000091,2.0,132.98600000000005,False,448.1324,581.1184000000001,227.37359999999995,94.3875999999999,0.014236574992537498,0.031538529829545456,15242.788131309015,15562.152863901892,0.0002059658134404823,27553.977272727272,18605.494426866528,1.40677200475087,5.629426248364128,6.0977878716365295,14.803561132700388,12.659104435914992,14.75027292690928,53.26176515626116
675.605,675.752,USV_409,0.14699999999993452,2.0,132.98600000000005,False,448.1324,581.1184000000001,227.4726,94.48659999999995,0.013044102117419243,0.025107935855263157,14346.637213447075,13250.318935353338,1.1945560848744869e-05,28226.973684210527,19981.993339633773,2.987389631624471,7.01178836738357,5.484922244826527,16.959903551664112,10.950404289717229,14.893614346483186,61.91323658270532
676.146,676.181,USV_410,0.035000000000081855,2.0,132.98600000000005,False,448.1324,581.1184000000001,228.01359999999994,95.0275999999999,0.01208884734660387,0.02593994140625,15492.18002667347,16040.290802154534,0.00013557713181587287,29039.0625,22450.0005476298,1.9168143900802646,4.683196466713753,5.28244823494105,14.652088859523918,9.851736374404693,14.180027556377892,55.05974972602843
676.386,676.397,USV_411,0.011000000000080945,2.0,132.98600000000005,False,448.1324,581.1184000000001,228.25359999999995,95.2675999999999,0.01056918315589428,0.022565569196428572,16281.528734385574,18954.96449209419,0.00021936907988813327,29638.39285714286,21362.00526499024,1.2950462548631794,6.50445661068278,5.626739266993347,14.6664359130941,9.482010117832829,14.743972440583386,42.167525073315396
676.464,676.556,USV_412,0.09199999999998454,2.0,132.98600000000005,False,448.1324,581.1184000000001,228.33160000000004,95.34559999999999,0.01330052874982357,0.01667414484797297,13812.664881932926,15053.632761884437,0.00011692656743581106,29034.62837837838,24163.529058746786,2.8978819586442017,3.18962468607391,6.169976023047265,17.011408876835855,11.602381010857876,14.537169771581043,57.60592161925943
676.912,676.922,USV_413,0.009999999999990905,2.0,132.98600000000005,False,448.1324,581.1184000000001,228.77960000000002,95.79359999999997,0.010705160908401012,0.0277099609375,17717.208335384454,16967.954760880817,0.0002640069097318202,30062.5,25449.388541557015,1.0974480701833895,3.7588933854019846,7.464335083676699,18.551263527084213,9.833995525007253,14.103133156713424,41.65337699463909
678.397,678.423,USV_414,0.025999999999953616,2.0,132.98600000000005,False,448.1324,581.1184000000001,230.26460000000003,97.27859999999998,0.010750175453722477,0.01239013671875,13881.207990006917,15862.781555715546,0.0001718390269544864,29757.8125,20826.233515678614,4.543509372454552,7.087998794476963,5.805513261384816,14.645723700631564,10.293567533475704,14.294080350033456,49.7539337726274
681.761,681.785,USV_415,0.02400000000000091,2.0,132.98600000000005,False,448.1324,581.1184000000001,233.62859999999995,100.6425999999999,0.011233716271817684,0.021617542613636364,14662.765400798353,15325.027957013743,0.0001518166834423782,29301.136363636364,23053.831310301928,2.257134386897258,6.925963618668098,3.7039587701226115,14.0571027401975,11.494983175525007,13.329197928309355,51.85596986147266
681.99,682.005,USV_416,0.014999999999986358,2.0,132.98600000000005,False,448.1324,581.1184000000001,233.8576,100.87159999999994,0.009508172981441021,0.016326904296875,14876.769645499164,16070.654309175321,0.0002571646346962475,28722.65625,17192.054828384324,2.203957647305555,2.365192000525239,4.540718176825668,15.900535199429463,11.057074683515086,14.541709681684136,48.18369537912845
683.592,683.61,USV_417,0.018000000000029104,2.0,132.98600000000005,False,448.1324,581.1184000000001,235.45959999999997,102.47359999999992,0.011119910515844822,0.010091145833333334,15932.29213543222,18529.557289207944,0.00028808752288796515,32208.333333333332,24191.83331237492,2.2348133060874584,4.0680720071125736,5.593950938082152,14.837524440767773,12.084833355220931,14.706898956688358,45.65390944664816
683.936,684.0,USV_418,0.06399999999996453,2.0,132.98600000000005,False,448.1324,581.1184000000001,235.80360000000002,102.81759999999997,0.011786921881139278,0.020057091346153848,14468.516652029113,14183.339432468474,1.7825047412721294e-05,29433.89423076923,21722.905447477013,2.318336684041724,6.18713047819591,5.502977928720387,17.559180967761414,11.668128819474834,13.538385364231024,58.1532054559732
684.535,684.595,USV_419,0.06000000000005912,2.0,132.98600000000005,False,448.1324,581.1184000000001,236.40259999999995,103.4165999999999,0.01302435901015997,0.014521484375,14594.075173262505,16032.820022221778,0.0001410183762929436,29666.25,22491.82979721244,2.889610144457549,3.612633068787699,4.7373531590755045,16.75958734442155,10.960022738169236,14.721968561638771,57.467854193638566
685.093,685.12,USV_420,0.027000000000043656,2.0,132.98600000000005,False,448.1324,581.1184000000001,236.96059999999994,103.9745999999999,0.014726216904819012,0.005577674278846154,13572.324269462233,16099.97326904472,0.0002462151407042173,28262.01923076923,22093.134637509083,2.4706772457370505,4.149501116731213,4.120020232349878,14.629307708732075,11.310071137951779,13.716013858488187,53.379413067363025
686.936,687.003,USV_421,0.06700000000000728,2.0,132.98600000000005,False,448.1324,581.1184000000001,238.80360000000002,105.81759999999997,0.01169559545814991,0.03290666852678571,16147.455106366006,13977.597366698838,0.00022059550633932954,28111.60714285714,19669.719371164887,3.1157167031495305,6.2958525596629125,5.7161123971047,16.536724737633854,11.318178714344835,14.758125131553754,60.59807830796319
687.106,687.155,USV_422,0.04899999999997817,2.0,132.98600000000005,False,448.1324,581.1184000000001,238.97359999999998,105.98759999999993,0.008342352695763111,0.03308686755952381,15888.695552757157,15230.975792252611,0.00013349787857125663,30700.89285714286,18502.994420570587,2.5254801528502364,4.558731900271992,5.5933762287665765,17.525008664723853,10.086900540503379,16.10338720238179,58.57082442463751
688.255,688.3,USV_423,0.04499999999995907,,,None,,,,,0.011356325820088387,0.021612870065789474,12812.025900238614,14985.332895002548,0.00014241283121910764,27972.03947368421,20050.683205518846,3.739181240984894,4.634178224552239,4.256769584796794,16.650933611922063,10.75334549246536,16.488466268742826,55.558800712487624
692.921,692.935,USV_424,0.013999999999896318,,,None,,,,,0.009634824469685555,0.0118408203125,14297.321446320457,17178.300221195313,0.0001021654471236112,29601.5625,23196.06220460793,2.151182435234645,2.7770577886041723,5.645066401431975,16.977539745566823,10.21592801459667,14.368952645567667,45.215160691453065
693.362,693.455,USV_425,0.09300000000007458,,,None,,,,,0.00898652896285057,0.026697107263513514,14745.183083004844,14366.055038838691,2.2557507292672233e-05,30590.37162162162,25020.097947912494,2.705194439447249,4.42661537737802,6.162030410155023,17.02965757816273,11.526825850385023,14.771602845138483,59.21465923744282
693.667,693.752,USV_426,0.08499999999992269,,,None,,,,,0.013964077457785606,0.017434512867647058,11000.467369833585,13894.26832888801,0.0001763419959119232,25850.183823529413,28032.862525625635,2.328847317313494,2.7688871988994257,8.230443034697357,19.155926495917637,12.885624751326846,16.028136053188074,58.37483057141246
696.7,696.713,USV_427,0.012999999999919964,,,None,,,,,0.008606250397861004,0.030517578125,17584.235272320784,20369.04771208213,0.0004102078024109927,32357.14285714286,24516.443739586968,0.9271275107437754,0.7626918835174293,2.695925017139626,17.204214763072383,9.160470809887956,14.0064251290801,43.01774876956508
696.783,696.887,USV_428,0.10399999999992815,,,None,,,,,0.01622757874429226,0.03172637195121951,13353.413054348439,13895.251550946512,0.000146978906749948,28022.103658536584,20608.119037313372,2.429894235543624,3.7539246376144977,5.876900247035416,17.391818295999546,12.778098910963422,17.897003933302205,61.287503890952806
697.766,697.823,USV_429,0.05700000000001637,,,None,,,,,0.012853491120040417,0.023813883463541668,15592.32147265116,15062.745448937285,0.0002006808843532321,30140.625,26340.789096045166,2.6106692586441866,5.252625470889208,4.865154543955035,16.400807732195016,9.664198130410053,14.13303069282138,56.38363785588232
699.738,699.76,USV_430,0.021999999999934516,,,None,,,,,0.00986369326710701,0.03475674715909091,16104.940378903131,17322.616287121942,0.00024020595262427385,30980.113636363636,24615.60330091758,1.5909946608891987,5.190764083006724,4.052557881367659,15.692871723039248,9.842423800848676,14.522943596625431,49.75016705826096
701.985,702.009,USV_431,0.02400000000000091,,,None,,,,,0.017872881144285202,0.012739701704545454,12998.617965268144,16878.104539513308,0.00011097116888926591,26855.113636363636,20918.052206386255,3.266484733590833,3.5709511687519337,5.606052511296404,16.35468302422404,9.869131478904405,13.520223227381718,49.267486059660044
702.714,702.731,USV_432,0.016999999999939064,,,None,,,,,0.017153354361653328,0.012125651041666666,11547.609357353538,17744.20273415652,0.00039063882097677155,23562.5,20211.11483769485,2.906039995528885,5.322216207939394,9.510808845252576,16.345173295170607,11.269922576509783,13.912498097893753,46.564953875155055
703.142,703.276,USV_433,0.13399999999990087,,,None,,,,,0.011380552314221859,0.034672575176886794,15278.167548001858,13981.004197736083,3.174350816129095e-05,29835.495283018867,23745.381251095005,2.4046539411482675,4.318156565479546,5.8843973009452535,17.100014063119442,11.487928437022807,14.549825435213194,60.573355215919044
707.296,707.339,USV_434,0.043000000000006366,,,None,,,,,0.01804523728787899,0.016563013980263157,9995.865885097615,13866.695796319167,9.914584774432086e-05,22475.32894736842,22608.644594488793,3.328282528322382,2.5214007133247796,5.298412890796964,15.227254095977514,11.326939786989799,15.69533481894031,55.58424912475355
707.716,707.76,USV_435,0.04399999999998272,,,None,,,,,0.07510990649461746,0.005191200657894737,6652.035201632692,12670.44848425936,9.793571129142904e-05,14605.263157894737,21560.00967206861,3.36145044721503,3.1923681155259103,5.476937994478823,18.369620517507865,8.907856128990773,13.459355366923143,54.252377004226815
708.814,708.875,USV_436,0.06100000000003547,,,None,,,,,0.009725985117256641,0.023212890625,13597.89939059555,14246.742543096869,3.2198547651737374e-05,28293.75,17763.777612174003,1.7401598838549655,4.449240866439344,4.289282084353337,15.27797694384757,11.800815201996476,15.414734722613211,57.96724557364721
709.351,709.403,USV_437,0.05200000000002092,,,None,,,,,0.00936614815145731,0.04151500355113636,16504.434108684447,14968.61787102517,0.0003428684521280936,29833.80681818182,23511.892459671726,3.7727576785534542,4.489556037281828,5.297879512549033,16.168388056467464,11.082242083037928,13.462345879428232,58.92979334953006
711.685,711.714,USV_438,0.02900000000011005,,,None,,,,,0.010940639302134514,0.025916466346153848,14980.099070618835,15864.373018459071,0.00019100190990547776,29754.80769230769,24835.195786261756,2.1138774194293535,3.87250765303331,4.14361964442411,15.12824580078525,10.59329951761231,16.30213286146835,53.32510131298558
712.828,712.973,USV_439,0.1449999999999818,,,None,,,,,0.014352441765367985,0.03882264254385965,14636.934201149448,13039.174010386294,3.8922876761359435e-05,28639.802631578947,22472.772250412385,2.772911579561365,5.722674005254331,5.5174865833121824,16.44526181587411,12.69783446107478,13.608085475241666,62.323337589190594
713.045,713.12,USV_440,0.07500000000004547,,,None,,,,,0.013053391128778458,0.02103547127016129,13510.152588280434,13038.338199554775,7.376849044380876e-05,26990.927419354837,17598.59822220969,2.3333309650006995,4.088871772046038,5.535016293023264,16.227980777555207,12.942381959552884,14.032995076044111,59.9449432951882
715.162,715.303,USV_441,0.1409999999999627,,,None,,,,,0.021318549290299416,0.022798295454545453,11397.91326963256,12788.784725295776,7.001764956520313e-05,24901.704545454544,24077.207246339407,2.710985047383805,2.905506660624765,5.286491209676732,17.613936179149704,13.241596760917762,14.922976211509797,62.573894399093874
718.18,718.298,USV_442,0.11800000000005184,,,None,,,,,0.012240075506269932,0.03775349069148936,14647.067484501244,12501.985562951812,6.633630285572221e-05,26533.244680851065,16403.655325680753,2.707624812486177,5.309547208063222,5.233686369942372,15.81971824860092,11.409791573828208,14.226530561755261,63.19929688392733
718.795,718.936,USV_443,0.1410000000000764,,,None,,,,,0.011172190308570862,0.03370916193181818,14934.214734119436,13545.046647860147,7.822237149173773e-05,28692.613636363636,22746.792007045682,2.138974549294339,4.724792827575028,5.392702125082527,16.946722415051482,10.94941256669733,15.091870404276381,62.129180073352586
719.939,719.979,USV_444,0.04000000000007731,,,None,,,,,0.012740811333060265,0.025275735294117647,11337.74945758004,13017.490179175986,5.151680456349068e-05,24529.41176470588,16303.52520008256,3.3030393025272606,3.3220337608500854,4.99708795122229,16.37933806790093,10.068342853337565,13.203817083843912,58.03938799689347
720.282,720.389,USV_445,0.1069999999999709,,,None,,,,,0.05669648200273514,0.01087588355654762,7611.0033781455495,10535.681377710436,0.00015189686556276014,16901.785714285714,18123.017895075427,2.6697095091091363,2.8038032885552853,5.3713737526574485,17.866290575492958,10.282690651252084,15.754038760206843,61.61292779346891
722.928,722.982,USV_446,0.053999999999973625,,,None,,,,,0.012931130826473236,0.027577275815217392,12995.720998076462,13927.164787218866,0.00040971576931560694,25634.510869565216,16144.863665146115,2.521911003044599,3.831686292794411,5.660321917785722,12.548616237880195,13.204692266942347,13.735688092363754,58.71290229124988
723.196,723.264,USV_447,0.06799999999998363,,,None,,,,,0.01035390980541706,0.029645647321428572,13443.867124812774,12822.589632908983,1.4101787077413455e-05,27502.23214285714,19889.42338724161,2.7965523212368346,2.6100833369720804,5.511050086358177,15.852090125572037,10.694402723020769,16.144933503991595,58.84748133368394
723.915,723.943,USV_448,0.02800000000002001,,,None,,,,,0.009383083321154118,0.025841346153846152,14969.195531627049,15666.16262026691,0.0001794546054726817,28132.21153846154,17432.513529470685,2.9022116220323215,3.6098205503350913,3.6224170670758253,14.56462519952883,10.633441486863365,12.15703513684963,53.18225215843201
737.011,737.16,USV_449,0.1490000000000009,,,None,,,,,0.0119603481143713,0.03121211610991379,13747.207749907106,12793.224413085392,2.3870917471470036e-06,27916.487068965518,21182.136772814334,2.0734458753394582,4.771416406013384,5.414358212599924,16.874321421231574,11.407160234389993,14.205752551065109,61.77635923387207
739.039,739.157,USV_450,0.11800000000005184,,,None,,,,,0.018403310328722,0.02608668550531915,12005.837708802948,12050.118512810015,1.5005289411723754e-05,24624.33510638298,20039.49196949966,2.760628624657824,2.1131186774766206,5.333851937035357,13.849272602610652,13.61721625850165,15.508048440534514,62.81144254567944
745.562,745.71,USV_451,0.14800000000002456,,,None,,,,,0.011180460453033447,0.051530509159482756,15955.419367336179,12267.500878537936,5.614375976267592e-05,27771.012931034482,18884.989885945062,2.642988450642215,4.816367784425035,4.812935250090787,15.613630433301202,10.587848273944829,15.404102704482733,63.585756125931596
746.165,746.31,USV_452,0.1449999999999818,,,None,,,,,0.016519736498594284,0.04461777001096491,15115.135971926034,12406.894719213984,5.524545051576713e-05,27399.67105263158,21407.458892191004,2.6550527269963142,3.8423131874044603,5.459186643672826,16.84653517865049,10.96541538677838,15.598634384003718,64.7824677303814
749.802,749.868,USV_453,0.06600000000003092,,,None,,,,,0.010291322134435177,0.020797164351851853,14491.937516494274,15684.235345028379,0.00027373504542961693,30270.833333333332,25543.81269957718,3.293222641287256,2.950929628328111,5.902546788407443,16.750317246400073,11.695857543828113,15.224775246350545,56.75430368850721
769.611,769.702,USV_454,0.09100000000000819,,,None,,,,,0.04266205430030823,0.02096310177364865,9505.132868906454,11544.096494965568,0.00011817133260460292,18831.08108108108,15734.865390687255,2.2717185550354024,3.7899452535388165,6.578051765616576,16.681363898910398,10.646173131559047,15.35550428740542,63.30241969543502
770.308,770.363,USV_455,0.055000000000063665,,,None,,,,,0.019816236570477486,0.017854110054347828,10228.959454709839,12666.365361233007,1.2622103718758041e-05,23364.130434782608,22132.79266304475,2.149470226940923,3.386078798660943,5.461849031855884,16.13368461835399,12.57191440318862,14.089992542769576,57.736294377690285
771.261,771.272,USV_456,0.011000000000080945,,,None,,,,,0.01292793545871973,0.018136160714285716,17838.32013564974,21937.03586025024,0.0009398413653439327,30401.785714285714,21546.559996590833,2.959139229309919,5.219673123281908,4.722191494242067,13.619609393196615,8.476591290953548,14.270453552003843,40.36359578887174
771.587,771.63,USV_457,0.043000000000006366,,,None,,,,,0.008445881307125092,0.026919716282894735,16157.443351263584,16115.788901982476,0.00021825107719279993,31332.236842105263,18601.472656907677,2.710418331158016,3.356950440599918,5.562506262744429,14.217520708240198,10.299137393954354,15.439952913410393,56.78078123848949
776.737,776.796,USV_458,0.059000000000082764,,,None,,,,,0.012320173904299736,0.028154296875,14026.417027981895,14600.054240007983,9.747006292477818e-05,27120.0,20700.71677361781,2.242119968496669,6.431418771961299,6.0495613937507144,13.239953802018608,9.465922499841254,15.82519319973821,57.61134083594995
776.873,776.958,USV_459,0.08499999999992269,,,None,,,,,0.011964233592152596,0.03461770450367647,15735.522250290576,14182.144253009872,6.68617972556097e-05,29327.20588235294,23367.62838337389,2.7377224479046656,4.954377689698496,5.108456950006474,15.878614225644677,11.09374201409871,15.574803535378408,60.60130577976976
777.153,777.188,USV_460,0.03499999999996817,,,None,,,,,0.017543476074934006,0.025065104166666668,10977.480828377447,12413.225609985739,1.9372437824681464e-05,23537.5,16010.564740804193,2.2495961465301515,2.7144251037774407,5.228580373455908,15.950949986862557,11.590085414981196,15.373647602030053,57.69486806280778
782.964,783.027,USV_461,0.06299999999998818,,,None,,,,,0.009863778948783875,0.029803936298076924,15048.273399105585,14545.567435837514,0.00014764068884057086,28608.173076923078,18901.305717087118,3.6152216009536393,4.43368402078223,5.463758208885626,16.16032181518778,11.52269470186139,14.460764933300768,58.579731401679005
783.533,783.581,USV_462,0.04800000000000182,,,None,,,,,0.00943782739341259,0.03077392578125,13995.500792548755,14312.404930933999,0.00012511773778954054,26957.8125,14942.822705497441,2.7083795383352727,5.0152518398618735,5.187866255288787,11.414147418515265,11.95459895713317,13.689539487430505,58.85517606672522
788.377,788.385,USV_463,0.008000000000038199,,,None,,,,,0.007145152892917395,0.033056640625,17322.601103721194,19902.265446294612,0.0010000253274490513,31406.25,18046.91307631634,1.94349336047186,5.577173905616456,4.934600313879283,13.185477952613999,8.55812899348465,12.423789865054527,37.755593318352425
788.585,788.608,USV_464,0.02299999999991087,,,None,,,,,0.012521536089479923,0.018310546875,14173.039219110058,15857.043607708445,0.0002685126718602637,26803.977272727272,18638.09161402033,2.8578782673696295,3.2433949582706982,4.90804672791781,16.098897633083734,10.552606450720244,13.839472670474374,51.39235084345705
788.912,788.939,USV_465,0.02699999999992997,,,None,,,,,0.01490661222487688,0.021280924479166668,12439.318070867688,13262.155586050205,3.261274858869275e-05,24429.6875,15969.416126470489,1.9077543014118217,6.6818737285230085,5.611166813456937,16.359252326489827,9.743309427963002,13.195159249460156,56.62292574084049
789.889,789.9,USV_466,0.010999999999967258,,,None,,,,,0.016123022884130478,0.013956705729166666,14552.442385615774,20883.506489164352,0.001718030179790127,26453.125,14769.230769230768,2.7335938318530473,4.73713356532959,3.2693216586218043,13.409205145031066,8.304986615064815,13.840817487045504,43.711524366103134
791.093,791.114,USV_467,0.02100000000007185,,,None,,,,,0.011556658893823624,0.0128173828125,13493.507026790094,14883.566017368827,4.003697719820889e-05,27834.375,16265.168197469917,2.6747633839249816,4.620783453142819,6.749010566239574,14.10852490375314,8.713163348657115,15.351734307625156,50.79666772104003
791.292,791.319,USV_468,0.02699999999992997,,,None,,,,,0.007158741820603609,0.039794921875,17784.054951377846,17150.28264710954,0.00046156366563887265,31390.625,21487.50682692489,2.3479178533853053,3.9682849906577835,5.751162019629625,15.327665404068815,9.411329774681464,14.571021840327704,55.708514803536254
793.506,793.529,USV_469,0.023000000000024556,,,None,,,,,0.009361203759908676,0.016867897727272728,15672.311668292714,17374.394078323905,0.00022986082944247298,31389.204545454544,27621.276974044045,1.7022121263868863,4.468493964348368,4.697845647593405,14.45932642146286,10.974810041192283,13.546580566898637,49.11448480908644
793.671,793.776,USV_470,0.1049999999999045,,,None,,,,,0.010508345440030098,0.03028506324404762,14260.630571605332,13912.519214364595,0.0002994538674904553,28060.26785714286,18640.43009715153,3.442584089861517,4.291241388364371,5.078223263242584,13.451506902090008,12.165574793165856,15.291681679751475,61.34440098598872
794.19,794.253,USV_471,0.06299999999998818,,,None,,,,,0.015332059003412724,0.033804086538461536,11429.36004563707,11621.059463658223,4.211322911629025e-05,21609.375,15800.65881915168,3.086726795693531,1.9244884646385574,4.639866180736556,15.611647220967066,10.401642107646357,16.25973547923504,63.446525974394824
794.408,794.45,USV_472,0.04200000000003001,,,None,,,,,0.02381211146712303,0.016886393229166668,8875.705084526191,12949.456174496554,0.00014055255254757844,19020.833333333332,31550.963155254496,2.525190697924945,2.0371215026253653,4.9026383250852685,12.80489937810329,19.45794318621159,18.13514808125946,57.33529049689594
795.189,795.248,USV_473,0.059000000000082764,,,None,,,,,0.019832558929920197,0.024013671875,10005.522180119095,11508.249767165273,8.02209203903512e-05,19976.25,15292.234183604598,2.228275476297582,3.615479776408857,4.667098570264793,14.752869018453648,10.919431009045011,15.841504213657396,62.166311597873836
795.828,795.862,USV_474,0.033999999999991815,,,None,,,,,0.009154807776212692,0.03177083333333333,15689.399849606609,14899.76149848414,0.00020402826224729683,29262.5,21985.220692465697,2.0855704529524206,5.746511761318856,4.810217480545412,15.426515379615694,9.571785341674175,14.95455379412667,55.03779634952619
796.145,796.182,USV_475,0.03700000000003456,,,None,,,,,0.010284876450896263,0.05242919921875,16120.23743684161,15771.898588076665,0.0003449875004477515,27878.90625,22491.380396147164,2.958185379461211,5.063902523513283,7.01018498128954,17.101900706648415,11.660550073098012,17.116605257432916,57.370327712267205
799.915,800.01,USV_476,0.09500000000002728,,,None,,,,,0.017976751551032066,0.022750051398026317,13114.127469520376,13271.66141564349,0.00011135798367772952,26193.25657894737,20458.964243104314,2.8477247461286916,3.5847025889239497,4.615741990774474,15.613952369775667,11.019269683613018,15.628299891746769,58.91383863248501
803.283,803.391,USV_477,0.10799999999994725,3.0,,None,803.1564000000001,,0.12659999999993943,,0.011018680408596992,0.03184615734011628,14924.660843985492,14167.499019239442,0.0003356885336824717,29313.226744186046,20898.97606376569,3.542642091209623,3.0548965013739218,4.8486153439338935,16.762192245621975,11.174731811965158,15.245512370602093,60.29354622450409
804.641,804.69,USV_478,0.04900000000009186,3.0,,None,803.1564000000001,,1.4845999999998867,,0.010620512999594212,0.02197265625,13797.076963218358,16419.722383130567,0.00028745607079522445,28669.64285714286,20343.566183064562,2.3567258521551318,2.8415551474449914,6.029679363556717,15.381186069127255,10.191891874773159,14.678879605983141,54.81307361630869
809.986,810.058,USV_479,0.07200000000000273,3.0,,None,803.1564000000001,,6.829599999999914,,0.014194373041391373,0.028227707435344827,12284.54888947772,12029.069990461636,4.041313687199051e-06,25348.060344827587,18403.74477064117,2.351889229336902,3.759765559649439,6.357751290819084,13.526480628751129,11.398994906752751,14.918487812073034,61.0307185992629
810.153,810.174,USV_480,0.020999999999958163,3.0,,None,803.1564000000001,,6.996599999999944,,0.009458506479859352,0.0350341796875,14478.86190418117,15778.069461907935,0.00016070408446567814,27843.75,21949.481619688377,2.3793581753441684,3.2034273573174645,5.735672792878001,17.847324654860056,11.160228576825153,13.337842109681414,52.061698960474146
810.256,810.326,USV_481,0.07000000000005002,3.0,,None,803.1564000000001,,7.099599999999896,,0.014457177370786667,0.015153556034482759,11775.675873216267,14464.185557466322,8.578454852655618e-05,25923.491379310344,19375.768584748148,2.0618351567637383,5.349289029128234,8.03363031127529,18.223765383830834,10.773816588082632,13.132372252125677,58.1211125762383
810.368,810.47,USV_482,0.10199999999997544,3.0,,None,803.1564000000001,,7.211599999999976,,0.014666208066046238,0.021186642530487805,11079.064448449966,12561.348908066557,5.015069254171451e-05,24006.85975609756,18451.526387512786,2.6877428508222834,3.9438477600218924,5.997617912901017,17.237389661145162,11.510260481396255,14.504522474531422,61.127648853055376
810.77,810.785,USV_483,0.014999999999986358,3.0,,None,803.1564000000001,,7.613599999999906,,0.04643090069293976,0.00482177734375,8146.8283568410825,14637.245456334927,3.6071369656875396e-05,19089.84375,31779.785053195403,0.9488923835049492,5.081370800645971,10.979527365465657,20.454916911631535,11.858403503207349,14.153420560304326,44.55257998991165
811.252,811.342,USV_484,0.09000000000003183,3.0,,None,803.1564000000001,,8.095599999999877,,0.02149537205696106,0.012532552083333334,9559.688680528743,13537.295477477317,3.515660766084563e-05,23520.833333333332,26103.12083248589,2.7923124172053795,3.723117439519737,6.961114838015269,20.180986071991544,10.171672448368097,15.975913595850848,57.86648322197383
811.747,811.768,USV_485,0.02100000000007185,3.0,,None,803.1564000000001,,8.590599999999881,,0.010229312814772129,0.026513671875,17558.415146569492,19540.81842840063,0.0009309032289484766,33084.375,18767.241221959343,2.6879064855628143,2.9094979346931638,5.588300858656976,17.30137854306649,8.597640173833582,14.577807572599426,49.490372776873606
815.787,815.797,USV_486,0.009999999999990905,3.0,,None,803.1564000000001,,12.630599999999959,,0.010907449759542942,0.016886393229166668,16717.68170062651,22564.90927231881,0.000759599301115962,30859.375,19395.06020470476,2.1569745365292436,3.0657246840304886,4.5337724438182345,12.358463035859103,10.580396714483124,17.224691933358965,38.262287540648806
817.682,817.711,USV_487,0.028999999999996362,3.0,,None,803.1564000000001,,14.52559999999994,,0.012351881712675095,0.005033052884615385,13232.912750459775,16928.980075895994,0.00011328752118012961,28391.826923076922,23269.178770169274,2.651090793677899,4.871212425079148,5.154876808573023,13.248473269729201,11.170901354944247,14.641081426360925,50.53811218514867
821.491,821.505,USV_488,0.014000000000010004,3.0,,None,803.1564000000001,,18.33459999999991,,0.008646966889500618,0.02099609375,13961.839506052384,14367.136908180606,4.199011764805792e-05,27714.84375,19296.01573103593,2.541595304351197,3.399365441396008,6.362475430832747,17.20639585019331,10.437001813962558,16.60682538286121,49.011508422716574
821.68,821.747,USV_489,0.06700000000000728,3.0,,None,803.1564000000001,,18.523599999999874,,0.01393112726509571,0.029915945870535716,15123.19505471879,14605.667312586269,0.0002033289428446813,27930.803571428572,20398.67206262921,3.2255774435451783,7.119440095328726,5.575804500930793,15.428775644537316,10.291164885637318,15.394385323499204,57.99883560919003
821.771,821.829,USV_490,0.057999999999992724,3.0,,None,803.1564000000001,,18.614599999999882,,0.011011985130608082,0.024322509765625,13322.792512790009,13455.028329492843,2.184274707266846e-05,27929.6875,19349.98891314826,1.4350683372922717,5.142675203567269,6.144119294036372,17.820298334992994,11.654281575666682,15.923970138596777,58.232987649773094
841.508,841.556,USV_491,0.04800000000000182,3.0,,None,803.1564000000001,,38.35159999999996,,0.013153794221580029,0.01685791015625,11752.545538035174,15234.821385737825,9.199551364998888e-05,27243.75,26346.09560311003,2.8784535963844826,4.20239937894929,8.031398881825798,20.73238977017799,11.699271509581196,16.190581477282215,54.67456255349165
842.536,842.567,USV_492,0.031000000000062755,3.0,,None,803.1564000000001,,39.37959999999987,,0.01553221046924591,0.017595563616071428,11598.943308554055,14785.941325786338,0.0001710988488515139,23189.73214285714,14846.416940133926,1.4876768659910595,7.796703181401262,5.816853910849582,12.450311978267248,9.444995246391377,14.36434857796557,53.264175385607096
844.544,844.552,USV_493,0.008000000000038199,3.0,,None,803.1564000000001,,41.38759999999991,,0.01323528029024601,0.022509765625,14452.53402404784,18408.687276283985,0.00012464281200475475,29006.25,25005.41104281902,1.5678748765141257,5.875008586921021,5.3465841389329825,10.222937751147573,10.22632477540137,12.188894511608858,35.148471308745
845.696,845.732,USV_494,0.03599999999994452,3.0,,None,803.1564000000001,,42.53959999999995,,0.0131461750715971,0.012664794921875,13475.773410699081,15146.009972856105,4.273031324247073e-05,28048.828125,18858.714285790593,3.1444509393722426,2.69206853986541,4.790673206729053,15.702299785933214,10.803932147730043,17.59374323025807,54.38761016286011
845.794,845.802,USV_495,0.008000000000038199,3.0,,None,803.1564000000001,,42.63759999999991,,0.006248104851692915,0.028955078125,17345.076109398608,20168.205877774064,0.0008135661835090055,31968.75,21619.157249234144,2.017229020079257,3.2353461431759287,5.365371223918568,14.33789299579195,10.13492650913869,15.733475512941146,36.80306199341598
853.299,853.307,USV_496,0.008000000000038199,3.0,,None,803.1564000000001,,50.1425999999999,,0.008273637853562832,0.013330078125,18076.828309830682,20256.8532219784,0.000550399408996684,33618.75,25141.633498459658,2.179426297567182,3.2510723052891266,5.213966545371629,13.044696636703502,8.97628781840842,14.306364956593367,35.890623440974274
853.541,853.585,USV_497,0.04399999999998272,3.0,,None,803.1564000000001,,50.38459999999998,,0.009848195128142834,0.029952199835526317,14124.470738475064,14162.783379200631,0.00020549428298748327,28544.407894736843,15912.953023198937,2.100776710351942,6.243790576023173,5.777158698703064,16.035304548893787,11.390888861708737,16.513313138014766,56.38225751862756
853.648,853.677,USV_498,0.028999999999996362,3.0,,None,803.1564000000001,,50.49159999999995,,0.015414025634527206,0.016920823317307692,12556.039997331893,14862.609140255743,0.0001174381288314886,26156.25,20621.35228299028,2.533902252577048,4.059303113397909,7.105263887902509,18.692431372362105,10.627784085369658,16.072780029006903,53.04028940449155
854.326,854.343,USV_499,0.016999999999939064,3.0,,None,803.1564000000001,,51.169599999999946,,0.012155422009527683,0.024549696180555556,16132.050219535427,19227.612954336644,0.00038607882407213197,31145.833333333332,22422.41217123764,3.5703517133120752,3.6089980871431186,5.394551902678409,13.41264020822178,10.604788194377026,13.430657316453063,45.86264055527354
854.446,854.47,USV_500,0.02400000000000091,3.0,,None,803.1564000000001,,51.28959999999995,,0.01384054496884346,0.012650923295454546,14032.030534186806,18070.841530274232,0.0002115613715990353,29556.81818181818,21575.494460352285,3.469372294017107,7.8814239204812795,5.80449487356485,14.657542834094095,12.409243883737606,14.852969420558237,48.02771234528365
854.61,854.699,USV_501,0.08899999999994179,3.0,,None,803.1564000000001,,51.45359999999994,,0.03092292696237564,0.033196343315972224,12605.969994920619,14907.137044472483,3.2313354473329474e-05,28908.854166666668,27359.293216997972,2.8124308835484193,3.5432394807859566,5.682521422320852,18.895353381348478,9.959428051134022,13.799581352844605,58.77328111529529
857.235,857.278,USV_502,0.043000000000006366,3.0,,None,803.1564000000001,,54.07859999999994,,0.01728012040257454,0.012245579769736841,11989.811506928947,15781.649033641626,0.00011176417832455285,27365.13157894737,25929.371113546356,3.708364280736834,4.51604025548308,5.000599535522195,14.23980019748999,9.441749173394925,14.745141054948354,52.67390767901141
858.07,858.143,USV_503,0.07299999999997908,3.0,,None,803.1564000000001,,54.913599999999974,,0.01203647255897522,0.036360677083333334,13918.268303445442,12579.74302195253,7.141885564669919e-05,25175.0,15579.015736525855,2.645976086930424,5.389572572224134,6.558440082265995,13.629192322820378,10.604568050621028,14.261495524378468,62.16621585098927
862.761,862.773,USV_504,0.012000000000057298,3.0,,None,803.1564000000001,,59.60459999999989,,0.015646401792764664,0.014334542410714286,16785.475155474258,24541.961481701062,0.0008257446013843276,31446.428571428572,23524.68399940644,1.0271728255812018,5.807154681207529,6.544255894275752,9.629931053382448,7.53012185058684,11.013302529898153,37.551329578594036
862.954,862.971,USV_505,0.01700000000005275,3.0,,None,803.1564000000001,,59.797599999999875,,0.010767951607704163,0.013210720486111112,16780.684068288472,20863.890753794036,0.0006912386527921981,31104.166666666668,15961.286952979768,2.4648179703169,2.7940806711109563,3.9100430244119826,11.450460003787178,9.627149462254758,14.743631057346583,45.666411710214824
863.53,863.641,USV_506,0.11099999999999,3.0,,None,803.1564000000001,,60.3735999999999,,0.03128477558493614,0.01419344815340909,10327.826556517737,13418.232380257554,0.00011790950902013228,23880.68181818182,20835.1281454045,3.2816290340691054,4.9413310471975604,5.699584485490081,17.567136080869314,11.13282979709244,14.284265402399393,57.02443160841312
864.113,864.138,USV_507,0.024999999999977263,3.0,,None,803.1564000000001,,60.95659999999998,,0.009715194813907146,0.02520751953125,15774.613879748322,16685.302181835228,0.0002295655470630056,30406.25,21230.147163327038,3.004939505335033,5.510135218304524,5.995360304879114,16.201949346228627,10.304538902145442,15.384230073621856,51.66025012913274
864.194,864.21,USV_508,0.016000000000076398,3.0,,None,803.1564000000001,,61.037599999999884,,0.010394152253866196,0.041839599609375,18476.577383334283,18481.268864841382,0.0003654670054853587,31335.9375,18859.106215069136,3.3124238099684584,4.8130185247783,4.075355282745704,12.881436796771347,10.256686005822571,14.042810522567626,48.69718776084234
865.853,865.861,USV_509,0.008000000000038199,3.0,,None,803.1564000000001,,62.696599999999876,,0.013142494484782219,0.029296875,21282.225054851042,23451.940342337737,0.0009568664436213851,36975.0,26048.114743132017,1.1323643125938925,4.167239116633456,3.1199205533535195,12.774231659919993,8.785363388309456,12.953255574277781,36.04397810023532
867.099,867.165,USV_510,0.06599999999991724,3.0,,None,803.1564000000001,,63.94259999999997,,0.012607385404407978,0.024522569444444444,14400.271451498797,14953.927699718834,0.0001656466572867062,28895.833333333332,21463.736076642417,2.8999466878188,6.680172931739201,5.710237177742306,17.15076645341032,12.177889611367265,13.05621096308379,57.424602225024145
867.65,867.668,USV_511,0.018000000000029104,3.0,,None,803.1564000000001,,64.4935999999999,,0.01000471506267786,0.0244140625,15989.440689598023,17520.519190192575,0.00011466183108745757,30260.416666666668,20127.304636646044,4.139248175037855,7.293439767069035,6.397569715736031,16.688143517098464,12.146998899473907,13.498272314344538,47.723168256180976
867.845,867.882,USV_512,0.036999999999920874,3.0,,None,803.1564000000001,,64.68859999999995,,0.011631852015852928,0.0196990966796875,15216.780956131148,17647.05910864497,0.00017824830996053916,30750.0,22818.759251264823,2.7731805045570392,5.095207422930143,4.92075288139234,14.377600450126089,10.960006199160894,14.372984990798827,53.1224934088293
867.953,867.983,USV_513,0.029999999999972715,3.0,,None,803.1564000000001,,64.7965999999999,,0.01170978881418705,0.017142159598214284,12724.421246917385,14646.922409047414,4.6287638874753006e-05,28131.696428571428,22225.99771454147,1.5034463400206008,4.147616703735014,4.488201243045971,17.17553756175392,10.347804330101576,16.070063498240156,53.21721257077837
868.25,868.299,USV_514,0.04899999999997817,3.0,,None,803.1564000000001,,65.09359999999992,,0.01169076468795538,0.018694196428571428,13768.840374971305,15885.65296055379,9.017807631605584e-05,28794.64285714286,19018.490300549478,2.56819580494425,4.1500306779474965,5.139258995283849,16.35947252404891,10.988843659989454,14.453944423495464,55.2962340980985
870.185,870.194,USV_515,0.009000000000014552,3.0,,None,803.1564000000001,,67.02859999999987,,0.008346167393028736,0.0184326171875,17172.547349096287,20615.74223448443,0.00025054462042907113,31828.125,27531.486028292446,1.7266398462060284,4.399044001825384,4.944884138059826,14.932819491836403,7.3811655464521015,14.08545912936198,37.25149804413539
872.659,872.675,USV_516,0.01599999999996271,3.0,,None,803.1564000000001,,69.50259999999992,,0.011215428821742535,0.0113525390625,17968.875379090256,18596.12534852217,0.00030632484915983204,33105.46875,23179.25379923141,2.292653424754347,3.743502274908329,4.979437487034576,15.863535214338437,9.892727847810567,14.841712141954913,46.89005983945798
873.469,873.51,USV_517,0.04099999999993997,3.0,,None,803.1564000000001,,70.31259999999997,,0.015445146709680557,0.010579427083333334,13306.996429327633,15173.601874171449,0.0002151431902472149,28130.208333333332,22207.186188119846,2.7567822506613737,6.852075422304149,5.389505779929454,16.2105529128551,11.837368402340795,14.415737735811923,53.85975230244072
875.58,875.628,USV_518,0.04800000000000182,3.0,,None,803.1564000000001,,72.42359999999996,,0.00976020097732544,0.0346435546875,14953.14201399992,14644.920703155547,0.0001751955897241452,28406.25,17389.298831892374,2.815548796781767,3.7096009310330693,6.465241957967493,17.211833693661493,12.946535629270087,15.643032645777927,58.85935225206449
880.017,880.029,USV_519,0.011999999999943611,3.0,,None,803.1564000000001,,76.86059999999998,,0.009504154324531555,0.017054966517857144,16989.12942162682,19516.47547349721,0.0001997413154619735,31044.64285714286,22433.615488975458,2.758755149971335,6.04299804076778,4.681867103408751,16.60932394742117,8.213411804494127,12.984751221672951,41.424762210753556
881.807,881.856,USV_520,0.04899999999997817,3.0,,None,803.1564000000001,,78.65059999999994,,0.00657636346295476,0.048281715029761904,17049.036222323783,14357.078033217691,0.00012778950322456586,31209.821428571428,15531.892506785525,2.058135393124957,4.085112002643361,5.615255958511706,17.13060814675334,12.419194390399442,14.188319329016695,58.83025958197303
883.949,883.972,USV_521,0.023000000000024556,3.0,,None,803.1564000000001,,80.79259999999988,,0.013034611940383911,0.019131747159090908,15879.597520885687,18555.703810487983,0.0002902754628738376,31261.363636363636,20364.30290371013,2.240056736225434,4.828812547811063,5.286189216241973,13.404511761298874,10.167583145736371,14.338715734289394,49.78680640535046
888.011,888.097,USV_522,0.08600000000001273,3.0,,None,803.1564000000001,,84.85459999999989,,0.010882249101996422,0.024142020089285714,14397.489953199432,15056.075361714433,0.00026115450716937045,29215.178571428572,17550.52216479968,2.3832533241540648,5.382095067920697,5.710966447009895,17.108253810750867,11.140752194260054,15.463495894375976,58.01780047108967
889.725,889.833,USV_523,0.10799999999994725,3.0,,None,803.1564000000001,,86.56859999999995,,0.010337927378714085,0.040095839389534885,16641.94989993984,13831.438134537495,0.00010367755902031488,29982.558139534885,22351.60540539973,2.1689747461274083,5.431303359219318,5.830912822837512,17.393791471066383,11.532087532077586,13.35057048560275,61.18725430908437
891.241,891.291,USV_524,0.05000000000006821,3.0,,None,803.1564000000001,,88.08459999999991,,0.014013649895787239,0.01281156994047619,11542.007368066887,14796.838465217412,8.983441119172919e-05,26312.5,18852.86462172481,2.220906571047286,6.538554464802301,5.1636391553623735,14.694118482435854,11.308035010291597,14.745506859360034,54.90050681151557
891.531,891.552,USV_525,0.02100000000007185,3.0,,None,803.1564000000001,,88.37459999999987,,0.00623392965644598,0.040673828125,17189.816013874515,16838.89306584409,0.00039720288927428993,31050.0,17508.782936137133,2.2677879435624435,4.331561673163544,4.433222432962319,16.45199969350079,11.01857236208949,15.304681674870338,50.812379356133015
891.729,891.755,USV_526,0.025999999999953616,3.0,,None,803.1564000000001,,88.57259999999997,,0.010692252777516842,0.025858561197916668,15902.472255758816,17930.5645007371,0.00040486695443520755,31570.3125,24615.077053028388,3.0247769449663617,5.028922418192146,6.625839958074098,17.77081898871509,10.567968064651218,14.954236627736684,49.60303551868503
891.905,891.914,USV_527,0.009000000000014552,3.0,,None,803.1564000000001,,88.7485999999999,,0.007180861663073301,0.026407877604166668,18670.851112354092,22071.84733426024,0.0005653167792197052,32390.625,24534.01526550943,2.575799143163957,4.460346493379226,2.61898926367709,9.933638053148536,8.14545885195602,11.970222000654474,38.68823164400657
892.117,892.146,USV_528,0.028999999999996362,3.0,,None,803.1564000000001,,88.96059999999989,,0.011135753244161606,0.01893028846153846,14954.028649039526,16242.061578290835,0.00022408640466628894,29372.596153846152,21673.160657310902,2.170088605487649,4.611462945758438,6.526402664103514,15.611548789566626,10.262195996339607,14.297799335096396,52.33558154364318
892.257,892.346,USV_529,0.08900000000005548,3.0,,None,803.1564000000001,,89.10059999999987,,0.015161054208874702,0.015211317274305556,12536.800027932604,15387.285777596793,0.00018525427643458685,28828.125,26396.17529185937,2.837603617808951,3.6885131451268243,6.585626630395162,16.661528053438506,10.792330140603518,16.015952753467932,56.35115638179598
892.557,892.582,USV_530,0.024999999999977263,3.0,,None,803.1564000000001,,89.40059999999994,,0.01192290335893631,0.0213623046875,15332.84497474772,15095.91844289598,0.0002740979760461766,27796.875,21657.530816553262,2.7575703995756284,6.129859037004311,4.173931448739659,15.484333189513896,9.975188300273986,14.362043157721267,53.19293634925457
892.693,892.785,USV_531,0.09199999999998454,3.0,,None,803.1564000000001,,89.53659999999991,,0.010122505016624928,0.028960356841216218,15713.79642715156,14674.868044153149,5.54972507953318e-05,30780.405405405407,24528.875224644777,2.377915341891302,4.779759958293257,4.933520885479867,16.135727172617848,11.421211515577582,15.90376548598689,59.242478119306924
894.167,894.202,USV_532,0.03499999999996817,3.0,,None,803.1564000000001,,91.01059999999995,,0.008530466817319393,0.03505859375,15815.10380141155,16017.988196643195,0.000492410618302263,30093.75,19878.865458844717,2.5946525826896987,4.2107749450518135,5.252729621101681,12.357981682065049,10.2487979850163,15.149117706629587,56.893683309479684
896.182,896.199,USV_533,0.016999999999939064,3.0,,None,803.1564000000001,,93.02559999999994,,0.01138922106474638,0.021809895833333332,14728.65099979913,19458.253500182418,0.000746571730952862,28583.333333333332,17633.91666579433,2.3707148704437286,3.5732181646099073,4.032800879556778,9.633187972731985,8.604069766140015,14.00008699073109,47.73049709632053
896.307,896.372,USV_534,0.06499999999994088,3.0,,None,803.1564000000001,,93.15059999999994,,0.014417053200304508,0.026900679976851853,12962.450865188845,13412.697414663919,4.928071415529434e-05,26697.916666666668,19159.2484345415,2.4547312079311405,4.611955201767987,6.4716974488666,16.613973108585498,12.20915881974296,15.876274488742881,57.60048412060974
896.79,896.827,USV_535,0.03700000000003456,3.0,,None,803.1564000000001,,93.63359999999989,,0.007979771122336388,0.0382080078125,15364.699056883073,14694.028399832803,0.000248848336366143,29783.203125,20575.097389085833,1.6474372699982123,5.156450951402011,4.583550328268743,15.055693226454057,11.077340166412936,15.21279399540375,56.08803405910464
898.974,898.991,USV_536,0.016999999999939064,3.0,,None,803.1564000000001,,95.81759999999997,,0.038381099700927734,0.005967881944444444,9941.713776511095,19015.852017971505,0.0002227604645102937,22031.25,24207.775826196692,1.7550547363534665,2.3537999991356315,3.52189558805044,19.100340617777245,8.842809402216107,12.6751241835602,42.92539865954847
899.067,899.108,USV_537,0.04099999999993997,3.0,,None,803.1564000000001,,95.91059999999993,,0.01720481552183628,0.021891276041666668,12305.814679824914,14806.199051832868,5.7314955370330305e-05,25645.833333333332,20515.199041468695,3.370966787636585,2.6109593092435563,5.6654062994000896,19.23366598847102,9.56842524875524,14.7745473629987,56.166693048307906
899.144,899.289,USV_538,0.1449999999999818,3.0,,None,803.1564000000001,,95.98759999999993,,0.01780056394636631,0.03416683799342105,12655.091901865739,12463.509131797622,0.0001460003502324068,25827.302631578947,18626.52065433707,2.440110267181035,2.8135401405112037,4.956390661521891,16.076904669625815,11.361932124917175,15.661806825516017,63.293998535968704
899.652,899.699,USV_539,0.04699999999991178,3.0,,None,803.1564000000001,,96.49559999999997,,0.01129465363919735,0.0190673828125,13658.903011287028,14557.936284077598,3.8585946717791656e-05,29006.25,21311.44855875434,2.194415165498922,3.9946912891043658,4.896508141308855,15.64945172054829,11.84816899246967,13.126153087093607,56.32601884533193
900.766,900.787,USV_540,0.02100000000007185,3.0,,None,803.1564000000001,,97.60959999999989,,0.009614599868655205,0.03818359375,17011.316630965506,17632.883681093786,0.00024669101464990304,30656.25,19961.915936207453,3.436898902010674,4.830631251616181,5.181729422331512,14.991906357894056,9.682495529645871,13.828931080136082,48.825319402137026
901.809,901.925,USV_541,0.11599999999998545,3.0,,None,803.1564000000001,,98.6525999999999,,0.012639246881008148,0.03926948879076087,16493.478546458664,13942.574795245939,1.1300513920363861e-05,30670.516304347828,22924.558442713555,2.6877072537072744,4.288176010319209,5.539948032899043,16.675856435859256,11.382510470340335,16.270601740535447,61.64877681355052
903.883,903.905,USV_542,0.021999999999934516,3.0,,None,803.1564000000001,,100.72659999999996,,0.010338219814002514,0.02971857244318182,17687.288515043674,16600.764021699386,0.00028918849378184675,30911.93181818182,25171.480238287182,2.505915825781676,6.513449011900317,5.584797224774058,16.545236608683368,10.158523626657047,13.027658497661399,51.003969238099714
905.807,905.816,USV_543,0.009000000000014552,3.0,,None,803.1564000000001,,102.65059999999994,,0.007004598621279001,0.0323486328125,20247.189284392483,20836.063592903043,0.001061633197131804,31640.625,23504.731877188777,3.1259333888930994,2.699463710906881,6.328124716246911,13.766337505498162,9.227956804011855,12.487814223087097,39.55611084791797
906.136,906.211,USV_544,0.07500000000004547,3.0,,None,803.1564000000001,,102.97959999999989,,0.009035475552082062,0.03369928175403226,16079.062869907897,13730.785496443017,4.120269105441218e-05,30217.74193548387,20019.968309828964,2.8540993581066836,4.475995426730526,4.725140332633033,18.334253325271952,12.162035206990803,14.824949774508617,59.756747168377224
907.806,907.843,USV_545,0.036999999999920874,3.0,,None,803.1564000000001,,104.64959999999996,,0.010470558889210224,0.0289306640625,15100.13924810885,17788.346840837476,0.00023655345403544671,31078.125,23538.461395976374,1.4843595157290557,7.481458386122775,4.635769333182882,13.770825658841844,11.152105462478923,14.944951034026792,52.64614282411591
910.929,910.98,USV_546,0.051000000000044565,3.0,,None,803.1564000000001,,107.7725999999999,,0.012732673436403275,0.03819691051136364,16620.707758774635,15211.874027003585,0.00016602620692056388,29906.25,22302.365872863607,2.605014185375965,3.8401933458848077,6.18303256644862,16.27089089454371,10.98084025813518,14.87976961960785,57.263547965978205
911.04,911.134,USV_547,0.09400000000005093,3.0,,None,803.1564000000001,,107.88359999999989,,0.017894044518470764,0.02108604029605263,12228.708463855513,14484.677054935717,0.00023891830729568986,26383.223684210527,21751.763817033752,3.046375002124284,3.6185226625229903,5.815949937536727,14.480059925399997,10.252215456578273,15.850754470778446,59.022912443424154
916.239,916.249,USV_548,0.009999999999990905,3.0,,None,803.1564000000001,,113.08259999999996,,0.011945769190788269,0.012044270833333334,16415.16244374138,21653.27926917442,0.0004784595013698426,30375.0,20101.199340524036,1.2401644936469174,5.855137274033257,2.867833196670752,16.88735686299599,12.26194468948542,11.737456741109737,36.97300713316457
919.849,919.93,USV_549,0.0809999999999036,3.0,,None,803.1564000000001,,116.69259999999997,,0.03442667797207832,0.012547348484848484,11134.229590816485,14335.021015298144,4.350501304260268e-05,24321.022727272728,20019.116167247394,2.622725039895566,4.2160876255826505,4.293553800343506,14.051938357089352,11.010157164147993,13.464253076672705,51.909218960900944
927.172,927.185,USV_550,0.012999999999919964,3.0,,None,803.1564000000001,,124.01559999999995,,0.006257892586290836,0.027099609375,17865.917010645782,20922.581645838214,0.000998614346205583,32691.964285714286,19841.03594904399,1.6558818075960016,7.349945343209981,3.3246533668080422,13.297166242832489,8.56797747954231,12.597160489999558,41.87951264660542
929.837,929.896,USV_551,0.05899999999996908,3.0,,None,803.1564000000001,,126.68059999999991,,0.012782510370016098,0.030904134114583332,14299.356468050051,12930.497021157047,1.7969099491975002e-05,27839.84375,16283.681059390268,3.857629955203777,7.027292173658861,5.871856872376324,17.397104321447856,13.17631205429902,15.398393091446792,60.60939182537836
929.983,930.002,USV_552,0.019000000000005457,3.0,,None,803.1564000000001,,126.82659999999987,,0.009669329039752483,0.01875,15482.727371571516,18240.35594325121,0.0008038377915073087,29512.5,18411.528657496838,2.658153618663232,2.7121366604689365,3.5741035810344153,13.921737595801025,10.06431814678221,14.512597667804704,48.401443581459695
930.344,930.415,USV_553,0.07099999999991269,3.0,,None,803.1564000000001,,127.18759999999997,,0.011040890589356422,0.033506196120689655,16188.868439039687,15170.988643305633,7.055673016829934e-05,29899.78448275862,24607.05559403728,3.1980398655255216,3.257449627587333,6.48263307052566,16.656881641160073,11.189183963407068,14.05649634973145,59.64576200047044
930.587,930.609,USV_554,0.022000000000048203,3.0,,None,803.1564000000001,,127.43059999999991,,0.00952217634767294,0.03890713778409091,18084.25766111517,17843.527358638043,0.00035198144345074007,31943.18181818182,23458.842392429866,0.7060258944087766,3.9923533986617623,4.0268971037660215,13.093229819817036,8.811055381875299,13.716539296232495,50.88387497496315
931.694,931.774,USV_555,0.08000000000004093,3.0,,None,803.1564000000001,,128.53759999999988,,0.016100890934467316,0.04170989990234375,13532.454509732823,12317.681772541706,9.506245122706519e-05,24747.0703125,19189.285505730288,2.162667386872541,4.593605019299428,5.687083031468613,15.370607991201815,10.184151873517976,14.874645718056737,62.77975337728275
936.073,936.09,USV_556,0.01700000000005275,3.0,,None,803.1564000000001,,132.9165999999999,,0.014030476100742817,0.017903645833333332,16001.475980719222,16372.049905753494,0.0006546640570946518,29000.0,18275.233264584887,2.088009196693281,4.774909880943274,6.335308367188536,14.173980058965574,9.914989738581161,13.515863157667832,49.100359112791615
936.442,936.471,USV_557,0.028999999999996362,3.0,,None,803.1564000000001,,133.28559999999993,,0.00947103463113308,0.029972956730769232,15738.460985780375,16914.545807485712,0.000166325849443577,30699.51923076923,22693.538451987908,2.358062835429779,3.7329897881121705,5.537918332742098,15.93510947429983,9.949203179215115,14.481116856591548,51.35687785464443
936.799,936.831,USV_558,0.03200000000003911,3.0,,None,803.1564000000001,,133.6425999999999,,0.009561853483319283,0.026994977678571428,14188.23390006944,13743.889240695553,3.774556296900972e-05,28178.571428571428,18954.611012480887,2.370877444702618,5.1296376149673355,6.200276361968357,16.082779183844842,10.497791180069774,15.510105186198349,55.886167919620604
937.15,937.163,USV_559,0.013000000000033651,3.0,,None,803.1564000000001,,133.9935999999999,,0.01154953334480524,0.015485491071428572,15748.94825727945,21018.097521453983,0.0004082754556072454,29812.5,19643.25435334415,1.4032319354434484,5.165760027438934,5.011405478295423,14.667489607508925,10.268933197869332,12.766123117058111,40.05432661010905
940.07,940.097,USV_560,0.02699999999992997,3.0,,None,803.1564000000001,,136.91359999999997,,0.010824794881045818,0.038859049479166664,15914.909735829133,17032.24507967939,0.00021027541689956291,29078.125,18773.54992356329,2.8663628313310006,4.750692126053521,4.018067142578368,13.459147670233394,11.468397097910659,14.903522029469334,55.17599521808818
940.205,940.244,USV_561,0.03899999999998727,3.0,,None,803.1564000000001,,137.04859999999996,,0.008154951967298985,0.024988511029411766,16060.958195358919,17000.81488204907,0.0001590323659481729,30711.397058823528,21078.13332730414,2.576760346758693,3.9159236189200053,5.00027227723319,14.539574007289783,9.576635578121468,14.199018971221358,55.48967630157993
940.593,940.601,USV_562,0.008000000000038199,3.0,,None,803.1564000000001,,137.43659999999988,,0.007492339704185724,0.040966796875,19097.159104986833,21864.530564376342,0.00033565538726589093,32625.0,23993.776394831464,0.5197734858548273,3.106645470972585,3.46439879576563,10.667361933610588,9.419962641228564,14.724214320813198,34.56198820621028
940.943,940.97,USV_563,0.027000000000043656,3.0,,None,803.1564000000001,,137.7865999999999,,0.007932557724416256,0.045015775240384616,17200.752281768524,15435.278289952115,0.0002712169612128895,29704.326923076922,22292.9835407532,1.8373741149450713,4.836762866387414,4.344609154981095,15.53244111500037,11.36063528459352,15.089737779026175,54.114358147240985
941.091,941.132,USV_564,0.04099999999993997,3.0,,None,803.1564000000001,,137.93459999999993,,0.00974725279957056,0.05003526475694445,17189.96132274538,14207.892864237796,6.725739746687392e-05,28359.375,23746.01921725118,3.593960273955498,4.946677616892,5.374127902959016,15.37504215727522,11.041551451450074,15.124131604222864,59.45728980619572
941.256,941.308,USV_565,0.05200000000002092,3.0,,None,803.1564000000001,,138.0995999999999,,0.014468790031969547,0.06102405894886364,17366.405571507978,15189.452175955836,0.00035216720198093015,27528.409090909092,23211.94644232793,3.165243308298233,5.740821886812575,5.873607788471599,14.141385801461222,11.456566227041533,13.68869702910805,59.455995497397225
941.432,941.478,USV_566,0.045999999999935426,3.0,,None,803.1564000000001,,138.27559999999994,,0.01394121628254652,0.0519775390625,16571.21302085973,14628.970354147532,0.00012353445849771436,27464.0625,23830.897434729293,1.8214330361567364,5.05191599258263,5.211787027302113,15.592652710125162,11.177786797256408,16.18856682077412,59.91459028780573
941.583,941.636,USV_567,0.05299999999999727,3.0,,None,803.1564000000001,,138.4265999999999,,0.013056900352239609,0.054765181107954544,16057.705580684276,13921.527329598292,5.637668856177708e-05,27639.204545454544,20694.814697906437,3.257744948710598,5.842087829066012,5.167733198055849,16.099459308551303,11.108215609764086,14.864461751397016,60.6325012299835
942.054,942.124,USV_568,0.07000000000005002,3.0,,None,803.1564000000001,,138.8975999999999,,0.01051232311874628,0.02840449892241379,14933.37146459166,14814.15731353351,0.00015761825909498797,28092.672413793105,21888.32746865259,2.536231534188427,6.402817464228792,5.7378058024604295,15.503968096477971,11.058795101253061,15.581960306751355,59.850645195764756
942.236,942.287,USV_569,0.051000000000044565,3.0,,None,803.1564000000001,,139.0795999999999,,0.010607991367578506,0.042924360795454544,15688.594158812186,15852.72756602462,0.00014479605851915134,29250.0,22052.967084911503,1.7555154851208272,5.372874584751221,5.088498736362128,15.434032758078859,10.233809930923165,14.201168088981097,57.2601741114107
942.405,942.471,USV_570,0.06600000000003092,3.0,,None,803.1564000000001,,139.2485999999999,,0.010042109526693821,0.037914134837962965,14886.75649356038,14932.88027177423,0.0001364873165561487,28736.11111111111,21248.322768530576,2.3385271806025036,4.1346482582993795,6.105525764050647,15.450206156062029,11.546574964188938,15.19724264667794,59.275111881903314
942.551,942.563,USV_571,0.011999999999943611,3.0,,None,803.1564000000001,,139.39459999999997,,0.010577289387583733,0.013497488839285714,16094.48392505781,22491.85685689491,0.0012951562870602146,30750.0,19140.774555895932,2.403021608610994,4.098921704033608,3.851821838612394,12.130976985371387,8.346096445433881,13.986879128002451,39.83653830816721
942.894,942.923,USV_572,0.028999999999996362,3.0,,None,803.1564000000001,,139.73759999999993,,0.012421086430549622,0.017822265625,13258.489352669529,15483.6426470403,0.00011712952244744609,28031.25,18956.191126130223,2.5503534208406538,4.915840088580837,4.704946406842771,15.952896462090548,10.922291362128819,14.344425241219893,52.53054484778134
943.37,943.423,USV_573,0.05299999999999727,3.0,,None,803.1564000000001,,140.21359999999993,,0.009599104523658752,0.027055220170454544,15496.971246560144,15364.935512627078,0.00018904494200474705,29961.647727272728,15183.682759700896,2.9585767867782007,4.258568882866108,6.518651287034109,17.79759485860018,10.95941989794092,14.240672651727227,57.72473380092426
943.919,944.061,USV_574,0.14200000000005275,3.0,,None,803.1564000000001,,140.7625999999999,,0.013784931972622871,0.037318638392857144,14147.862240093042,12872.71828081194,4.927556427667318e-05,27457.03125,20417.506276028147,2.7107420050340942,5.197542869448684,6.029425201713273,15.90739885875493,10.745392028756,14.600061074586916,62.52699767671703
944.644,944.667,USV_575,0.023000000000024556,3.0,,None,803.1564000000001,,141.48759999999993,,0.01412209589034319,0.01604669744318182,15428.183429461003,18146.55849627667,0.0002931748374131739,29241.477272727272,21108.88079678427,2.4763285701269275,5.424841391644486,5.237796414454421,14.295734982590426,9.224007717768556,14.662329025188729,48.64197773941236
945.595,945.627,USV_576,0.03199999999992542,3.0,,None,803.1564000000001,,142.43859999999995,,0.010707681998610497,0.022373744419642856,14251.830845977005,15660.79148995744,0.0001462361825648139,29752.23214285714,19127.456728696143,2.008476042779848,5.553201047209886,4.278136813166266,16.173184687781614,11.914449977397764,13.68748380430363,52.49254162498301
945.759,945.779,USV_577,0.01999999999998181,3.0,,None,803.1564000000001,,142.60259999999994,,0.013162520714104176,0.0130126953125,15054.95481463608,18199.00145487947,0.00037064175445093977,30046.875,18332.692022095842,2.4370979608024785,8.883670685675387,4.680078155503397,15.113554560788913,10.218063729524848,13.994915271815902,46.818452139749944
945.895,945.914,USV_578,0.019000000000005457,3.0,,None,803.1564000000001,,142.7385999999999,,0.008457953110337257,0.0239013671875,16584.31059081645,17118.976658783115,0.0003810493786631592,29437.5,18526.649266355562,2.7098908183556873,4.230230886720749,8.71130240282466,14.472727012642299,8.915694718865044,13.747304307793533,49.44786916933718
946.593,946.602,USV_579,0.009000000000014552,3.0,,None,803.1564000000001,,143.43659999999988,,0.006542658898979425,0.020548502604166668,19401.4641507323,24207.491340143995,0.0014556351436112204,33359.375,26904.2171455084,2.858348982138502,2.3022102701800238,6.756950445345697,13.614380517836352,9.506188908367319,13.481714094396475,35.636073426450466
951.374,951.451,USV_580,0.07699999999999818,3.0,,None,803.1564000000001,,148.21759999999995,,0.01171413715928793,0.021145728326612902,13302.291087177295,14207.913307084473,9.22966787893657e-06,29168.34677419355,22301.177955573417,2.0718118829986487,4.7169330706494295,5.767490396223511,16.79666446974546,9.806691594624965,14.973191397165024,57.691140823717625
951.539,951.567,USV_581,0.02800000000002001,3.0,,None,803.1564000000001,,148.3825999999999,,0.010281899943947792,0.030498798076923076,16865.0182779117,16742.03972990731,0.0007815475167783183,30764.423076923078,21787.81862419619,2.9194041598612412,3.451389627956416,5.308039238924094,13.135572744954628,9.16872172690078,14.194006699081429,51.95436262857458
956.146,956.186,USV_582,0.04000000000007731,3.0,,None,803.1564000000001,,152.98959999999988,,0.012712016701698303,0.027946920955882353,14309.98398094847,15683.090623428467,0.00026141833319646193,28875.0,23942.151542659984,1.7220305238418432,4.660325785964974,4.902116284225985,15.352801175743927,10.786746808887324,14.851041573573902,54.366369733962436
956.732,956.751,USV_583,0.019000000000005457,3.0,,None,803.1564000000001,,153.5755999999999,,0.011281091719865799,0.022265625,15838.349319645462,18666.406622239294,0.000472244958321066,30862.5,21731.71403189973,2.427897627952965,5.438706252980271,5.737697577943278,15.722532993961996,9.803904855649273,14.602056619452991,47.27354016728449
957.037,957.156,USV_584,0.11899999999991451,3.0,,None,803.1564000000001,,153.88059999999996,,0.011741802096366882,0.024471201795212765,13530.756219126844,14027.263153932308,0.00013739315444911472,28402.260638297874,22823.463412180212,3.2718476649019728,5.166754257063338,6.192612784755956,16.60292666696315,10.886603128987856,15.850790815575499,60.84714454472905
958.045,958.084,USV_585,0.03899999999998727,3.0,,None,803.1564000000001,,154.88859999999988,,0.0097837308421731,0.025290096507352942,14364.81008298813,14158.759028846624,0.00010322186753884205,29023.897058823528,23803.416968393463,1.960493748972338,5.1997053508324385,4.678874466118434,16.364862014041755,11.065350563583284,14.813340225676297,56.934926977616904
966.067,966.079,USV_586,0.011999999999943611,3.0,,None,803.1564000000001,,162.91059999999993,,0.006168709136545658,0.03696986607142857,17872.146662412422,19605.92793306029,0.00046450581163418926,30066.964285714286,21150.10660018015,3.0780118921708417,2.6122298455714246,6.031809229061109,14.02583870651075,10.500840836750891,14.598980642105149,43.33423945336704
967.71,967.737,USV_587,0.02699999999992997,3.0,,None,803.1564000000001,,164.55359999999996,,0.011258293874561787,0.029764811197916668,18292.261529317242,17472.930363834545,0.00030049104055237895,33632.8125,26056.28744303879,4.068652770924017,7.688793832884606,4.149460677928782,12.948650456552224,9.795842328231627,15.2513444584474,53.971830400369576
971.612,971.666,USV_588,0.05400000000008731,3.0,,None,803.1564000000001,,168.4555999999999,,0.029954586178064346,0.03443444293478261,12503.473898623606,12845.052222887327,9.546523795230651e-05,24020.380434782608,21912.940179598383,2.537851337187704,2.25860704184595,4.355551144802796,17.364567414997147,11.156031321375034,16.201910201057004,58.66122050850365
971.923,971.97,USV_589,0.047000000000025466,3.0,,None,803.1564000000001,,168.76659999999993,,0.009066563099622726,0.0247314453125,14751.646109627987,16239.171818429046,0.00021644743016232347,30632.8125,25721.550237922755,3.1957720223342987,4.756419723446638,4.822103487920801,15.825264201553793,8.801344119855344,14.825872074519287,55.139019719721375
972.372,972.455,USV_590,0.08300000000008367,3.0,,None,803.1564000000001,,169.21559999999988,,0.01025631558150053,0.04489315257352941,15444.066082918907,14260.196198565232,0.0002752350718262142,29272.058823529413,23461.404252128214,2.9121273739103506,4.261013412437251,6.740184061624865,17.165686752848718,12.629526538630708,15.158734583497536,61.326757110496224
972.608,972.648,USV_591,0.04000000000007731,3.0,,None,803.1564000000001,,169.45159999999987,,0.013843722641468048,0.025993795955882353,13758.10175859511,14966.200052678436,0.00015888726133044705,28091.91176470588,20895.92439467753,2.8722734108183623,4.534216084952636,7.12109619032355,18.384225985541292,14.295059075902197,16.194498828630856,55.554118711838186
972.888,972.931,USV_592,0.043000000000006366,3.0,,None,803.1564000000001,,169.73159999999996,,0.010779705829918385,0.03334446957236842,17804.957789295837,16229.18197223978,0.000497288028226577,30404.605263157893,20835.171520872733,2.723829711088606,4.148480285396874,5.49175077861406,15.31588157440778,11.109196671676557,14.636863769275815,58.44665279494069
973.452,973.478,USV_593,0.025999999999953616,3.0,,None,803.1564000000001,,170.29559999999992,,0.006117573007941246,0.0257568359375,17175.447786001834,16766.481763010346,0.00033917031480833497,31164.0625,16652.518241186157,3.736791266640647,1.5111026675099577,3.952119012803401,14.320703191560918,11.773856969187628,13.04078785574238,53.640089248199594
975.73,975.762,USV_594,0.03199999999992542,3.0,,None,803.1564000000001,,172.57359999999994,,0.008176521398127079,0.03606305803571429,14945.980945779358,14067.223791918519,5.311635607854026e-05,29450.89285714286,19809.140710268995,3.2738439781001034,4.204275676845621,4.751204761841038,18.755452617938897,9.88033961091873,13.685576061636414,57.501080465280026
977.961,978.03,USV_595,0.06899999999995998,3.0,,None,803.1564000000001,,174.80459999999994,,0.010626696050167084,0.026349748883928572,14911.471140593163,14458.144375602616,6.620759127963558e-05,28131.696428571428,21720.602441987994,3.1031622713209464,3.886079424303965,5.303042650492506,16.05567846622064,12.191727776352973,13.98882237686278,58.9628004101066
978.147,978.288,USV_596,0.1409999999999627,3.0,,None,803.1564000000001,,174.99059999999997,,0.03199487924575806,0.018705610795454547,10871.317249066133,12406.274578641387,0.00010806956714704352,23945.454545454544,19789.109954954623,3.005616926310193,3.5536751987073663,5.138001244544659,17.494112364552375,11.356902636467083,14.944670049021154,60.742823010092714
978.324,978.408,USV_597,0.08400000000006003,3.0,,None,803.1564000000001,,175.16759999999988,,0.01336370874196291,0.025965073529411766,12349.260213874135,12988.961428658404,2.9901124789125346e-05,25858.45588235294,19840.30416689585,2.0847566525713472,4.314944874124013,4.722633813754016,17.283323492990093,11.825671019232441,16.221076028420697,60.64766278730832
980.677,980.724,USV_598,0.047000000000025466,3.0,,None,803.1564000000001,,177.52059999999994,,0.03227155655622482,0.009912109375,10561.053233287956,14988.350810354188,0.0002736068018886037,25317.1875,22226.248169977123,4.633967515258844,3.4645377037597362,5.9744605640206165,18.109147652523752,11.604685626021876,14.12022932612185,52.5070882734894
980.776,980.802,USV_599,0.026000000000067303,3.0,,None,803.1564000000001,,177.61959999999988,,0.010214111767709255,0.014444986979166666,14237.44787975245,19519.763353494232,0.0005922742880664414,30781.25,25533.7273410168,2.0409352676803674,1.856896342939305,4.664758838584853,15.55487166261897,8.982622288566228,13.583618502813655,48.92272530454486
981.073,981.109,USV_600,0.03600000000005821,3.0,,None,803.1564000000001,,177.9165999999999,,0.008019253611564636,0.0161285400390625,14700.87361122121,16915.165963075877,9.842186025192193e-05,30878.90625,19238.163136651023,1.7359430311540633,5.011631746523843,4.862800880557214,14.696729058995855,11.59139082489241,15.449112110701213,53.28556362399588
981.288,981.327,USV_601,0.03899999999998727,3.0,,None,803.1564000000001,,178.13159999999993,,0.009171534329652786,0.015294692095588236,16852.325383578947,18119.506630483684,0.000729827426980545,32553.308823529413,19546.27222485755,2.990628733898304,4.64600703941156,4.613780042811329,14.358482480845531,11.282774201423214,13.903831766331626,54.00923640600968
981.395,981.466,USV_602,0.07100000000002638,3.0,,None,803.1564000000001,,178.2385999999999,,0.013388779945671558,0.013596107219827586,13002.078264362026,16064.125772258978,0.0001318505429824398,29091.594827586207,18476.299445090877,2.6221675843611196,5.1413397187040495,5.782929294813936,17.482694064394355,11.714983304426216,15.335335958635383,55.448416089088035
981.849,981.895,USV_603,0.045999999999935426,3.0,,None,803.1564000000001,,178.69259999999997,,0.011119410395622253,0.02193603515625,14655.922996937044,16238.735266465726,0.0001911134768119344,29812.5,21029.020727254392,3.50129057357145,4.25258870073534,4.178235610480035,14.8533387545164,10.282437792772823,14.774889591748925,54.2536670615179
982.267,982.3,USV_604,0.032999999999901775,3.0,,None,803.1564000000001,,179.11059999999998,,0.011011933907866478,0.013346354166666666,13917.05069157711,18269.774728320608,0.00025403180152732443,30031.25,26441.786256177224,2.0489808649867762,4.68649744118497,3.8875821817342078,13.399236706706695,7.915031068317838,15.550940616707821,51.90214671619529
983.476,983.487,USV_605,0.010999999999967258,3.0,,None,803.1564000000001,,180.31959999999992,,0.007701547350734472,0.029459635416666668,17337.153176829524,19912.072593604124,0.000650641659087661,31265.625,20061.838128696338,8.321312861423596,5.9815786264860025,5.401396378213661,14.277374853199575,12.033527839275642,17.50872083695264,46.11414181442908
990.949,991.022,USV_606,0.07300000000009277,3.0,,None,803.1564000000001,,187.79259999999988,,0.012359654530882835,0.0226806640625,13852.986039402242,14480.65575098432,7.182245503187861e-05,29050.0,23763.706672647004,3.0587410605019176,5.316724038867468,5.392908672369818,15.681990763280137,11.076951701439329,14.465477374646943,57.16274048224937
1001.188,1001.202,USV_607,0.014000000000010004,3.0,,None,803.1564000000001,,198.0315999999999,,0.0161708053201437,0.006988525390625,16429.37023980294,23878.957799122632,0.0007792510300324235,33960.9375,23945.984380535774,2.2863914414733544,3.138825672535166,6.915690835051436,12.483807939891404,8.6188717576984,13.161592634352436,41.01164572498666
1001.584,1001.65,USV_608,0.06600000000003092,3.0,,None,803.1564000000001,,198.42759999999987,,0.012033662758767605,0.028040002893518517,13550.991102478756,13563.576508566344,2.0831594924222452e-05,27027.777777777777,20701.116994677832,2.2762243330045764,4.855315728720843,5.055963016549767,16.00068624254667,10.190634167380274,14.41528063964905,58.65861716815743
1001.76,1001.86,USV_609,0.10000000000002274,3.0,,None,803.1564000000001,,198.60359999999991,,0.013507765717804432,0.0321044921875,15358.784071910824,14236.976295942372,0.00031001046606789104,28975.78125,22910.052375851526,2.41375376417495,3.9549393214020996,5.208590097156455,15.067408816419851,10.966490708725448,16.432655695798353,61.27844563509702
1003.045,1003.155,USV_610,0.11000000000001364,3.0,,None,803.1564000000001,,199.88859999999988,,0.011984225362539291,0.025557084517045456,14013.681776013154,13569.22508277697,0.0005461164591511342,27104.403409090908,17130.36106840694,3.0668085924908413,4.9877124310517615,5.3841511426506905,15.769957661188533,13.036949069476153,15.318773554465958,60.252650854075384
1004.274,1004.289,USV_611,0.014999999999986358,3.0,,None,803.1564000000001,,201.11759999999992,,0.009086055681109428,0.032989501953125,17584.30844633966,19778.951273509036,0.0005093015443798295,31218.75,20895.891248115182,2.081284688608397,4.453408947943734,6.440238567951196,12.643837398318578,10.111690111659815,14.073227843692152,44.78569446562532
1004.73,1004.787,USV_612,0.05700000000001637,3.0,,None,803.1564000000001,,201.57359999999994,,0.014616797678172588,0.021107991536458332,14442.642559729458,15278.556017674317,0.0001432234816785981,29257.8125,22134.69063066078,2.147995724969452,5.96634524239954,5.8680254902116955,16.835628932268506,12.503820614101718,14.38530317828851,56.55978161916925
1004.852,1004.86,USV_613,0.008000000000038199,3.0,,None,803.1564000000001,,201.6955999999999,,0.010494868271052837,0.017822265625,18022.113605301547,18743.952441253692,0.0003319132495844178,31068.75,22324.051274108544,2.2741354423621756,7.504994262985882,7.0708029299178365,17.483958337711965,10.710398659442196,16.003253567754655,38.60926123538089
1005.383,1005.425,USV_614,0.041999999999916326,3.0,,None,803.1564000000001,,202.22659999999996,,0.01163436658680439,0.010430230034722222,14592.201670049799,17861.78361596548,0.00048557170584359783,32463.541666666668,27792.9143949437,2.73286743163961,5.545489477591095,5.567535518101278,15.811977421281746,11.172841980230267,12.28809428266317,51.1366467658141
1005.592,1005.7,USV_615,0.10800000000006094,3.0,,None,803.1564000000001,,202.4355999999999,,0.010719363577663898,0.039431549781976744,14817.438704651862,12553.462555888853,3.303401493673584e-05,27675.872093023256,17579.33574665095,2.426118997330672,3.2215537574868978,6.14698282554115,15.082393936879402,12.18102896935293,15.194770822700576,63.566754943023994
1006.521,1006.56,USV_616,0.03899999999998727,3.0,,None,803.1564000000001,,203.36459999999988,,0.010414409451186657,0.04701861213235294,16156.107064424274,14804.862372086,0.00012643506414533015,28389.70588235294,18193.524800573854,2.567059520179025,4.875422631633036,5.542116085459297,13.256399488156394,11.66975585828403,14.60147694728133,57.57404230431817
1006.8,1006.85,USV_617,0.05000000000006821,3.0,,None,803.1564000000001,,203.64359999999988,,0.01372179388999939,0.035237630208333336,14865.176943766646,13754.573517969968,4.54743240376141e-05,27142.85714285714,17072.509325400933,2.501747194395089,5.071217091796929,4.4168632899116,14.21032443268202,10.454348394596169,15.001618582407922,58.113755744292725
1007.348,1007.372,USV_618,0.02400000000000091,3.0,,None,803.1564000000001,,204.19159999999988,,0.009248292073607445,0.026100852272727272,16632.99397187849,18269.69741928137,0.0009601525110278822,31457.386363636364,21974.62393600831,3.176620339264747,2.860173114694821,3.8806961863165754,15.52093154013989,11.716548508231034,14.730264371908765,51.1669422299318
1007.889,1007.951,USV_619,0.06200000000001182,3.0,,None,803.1564000000001,,204.73259999999993,,0.012942035682499409,0.04190767728365385,15964.8584850491,14020.119412496288,9.577508156692812e-05,28932.69230769231,20666.155624047507,2.6793916359184866,3.9809013688057564,5.174602227723085,15.900641649838242,10.7049473778094,13.455754203909217,60.287071715352255
1008.03,1008.05,USV_620,0.01999999999998181,3.0,,None,803.1564000000001,,204.8735999999999,,0.01207175012677908,0.0085693359375,15851.611882992327,16812.759837256548,0.00030030128120442617,30121.875,22206.54260068649,2.410936482537713,3.61664877888024,5.41494427402179,17.19413122039913,9.93145203521765,12.701230444560174,49.14348117845297
1008.18,1008.27,USV_621,0.09000000000003183,3.0,,None,803.1564000000001,,205.02359999999987,,0.012595285661518574,0.022304958767361112,13339.830918658861,15258.775930888514,0.00015922109543586957,29057.291666666668,23537.419701226423,2.1127377766332267,3.926419201095275,4.342508547658031,18.92322010458564,11.206789499937345,14.799823113392765,57.77964624230213
1008.381,1008.44,USV_622,0.059000000000082764,3.0,,None,803.1564000000001,,205.2245999999999,,0.012737134471535683,0.01916015625,14358.49160574325,15466.038364797218,0.00019112966642766206,28402.5,21708.725258048424,2.2728402289500624,3.316599390166496,4.686611048450056,15.635208427699267,10.441302437569282,13.623963466656333,57.194172565332394
1008.489,1008.533,USV_623,0.04399999999998272,3.0,,None,803.1564000000001,,205.33259999999996,,0.009901846759021282,0.02407997532894737,14343.955774355636,16197.82959574363,0.0002703457904644477,29723.684210526317,18363.186227554404,2.7592293915332085,4.140857342004989,5.1226470664600114,15.563154596197993,11.22162947640066,14.206423849408933,54.781373162736806
1008.705,1008.746,USV_624,0.04099999999993997,3.0,,None,803.1564000000001,,205.54859999999996,,0.008272595703601837,0.034423828125,17114.997791448313,16405.263674513433,0.00040769240947179726,31781.25,20056.334995605466,2.4722782235000516,5.232039752295953,6.038993157423171,15.826596666343796,9.280827209963679,13.527757980976412,54.631290498926425
1009.172,1009.256,USV_625,0.08399999999994634,3.0,,None,803.1564000000001,,206.01559999999995,,0.022856345400214195,0.017319623161764705,9753.166967031735,12966.450356269344,1.7252860898563483e-05,23751.83823529412,23809.910429605876,2.771701689562337,2.8303207119753186,4.875405113061288,20.098967277652605,10.38429158491621,14.81265111129352,58.295429842870426
1009.358,1009.429,USV_626,0.07100000000002638,3.0,,None,803.1564000000001,,206.20159999999987,,0.012298391200602055,0.03465955010775862,14371.19365384857,13046.204948284903,1.3428315563376442e-05,27213.362068965518,16108.553252807485,1.9528641550344732,6.078795291755998,5.186720806267629,16.723801689578472,10.29650626667291,13.848116610065302,59.983869768116755
1010.257,1010.402,USV_627,0.1450000000000955,3.0,,None,803.1564000000001,,207.10059999999987,,0.00964404921978712,0.02656421326754386,14844.671401622638,14155.641591312666,0.00011742231350129486,29657.894736842107,19024.022755626735,2.532596318578173,4.887452530587728,5.513743417172157,17.507710078326262,11.905202744568951,14.558216401917585,60.08905504845431
1010.542,1010.662,USV_628,0.12000000000000455,3.0,,None,803.1564000000001,,207.38559999999995,,0.070053331553936,0.014482214095744681,8978.074897662374,10875.299838226027,1.9479088699287143e-05,20389.627659574468,23220.704064503425,2.6955176458379713,2.6441947422072447,8.371689501288637,18.181800368264444,10.715137819908431,15.622299482591016,61.896428514122256
1011.448,1011.457,USV_629,0.009000000000014552,3.0,,None,803.1564000000001,,208.2915999999999,,0.01223174761980772,0.020182291666666668,17307.921628152802,21119.722665575882,0.00029468926863540445,29796.875,20660.2433303693,2.4010249752381925,5.68444638327392,5.073670672569481,11.23630723407009,9.925305716007271,13.676887755835118,37.85281346663149
1011.602,1011.631,USV_630,0.028999999999996362,3.0,,None,803.1564000000001,,208.4455999999999,,0.009555497206747532,0.024451622596153848,16078.926687152723,16529.557932038515,0.00020230367644091793,29336.53846153846,22061.29339559841,2.633781715954267,3.9413660736638296,4.7484333930476845,17.84710256905029,10.900579888123303,14.323898302735687,53.404392779618846
1012.304,1012.335,USV_631,0.031000000000062755,3.0,,None,803.1564000000001,,209.1475999999999,,0.011822395026683807,0.026332310267857144,15216.441037186092,17888.077223699478,0.0006072420941768013,29404.01785714286,22657.815587390916,1.5162812131932542,5.489549822587096,5.308134677503309,12.821797048285061,10.196247809542674,18.03946625970799,51.223334229683324
1012.368,1012.404,USV_632,0.03599999999994452,3.0,,None,803.1564000000001,,209.21159999999998,,0.00934761855751276,0.0429840087890625,15942.402958504348,15431.750933435811,0.0004653814605418782,28535.15625,21488.083811496836,3.0036744638757256,4.370777203423052,5.350009549569344,13.981465608917896,12.16524861484482,15.25319912781709,57.082360689127086
1012.46,1012.583,USV_633,0.1229999999999336,3.0,,None,803.1564000000001,,209.30359999999996,,0.013510875403881073,0.031946818033854164,13830.243379698695,13390.018325381672,4.46298922412139e-05,27843.75,20403.675129938052,2.289730055275465,2.908593576777108,5.408889535977316,15.578632833051616,9.991314300174295,14.042508541495641,61.96230987512155
1012.632,1012.695,USV_634,0.06300000000010186,3.0,,None,803.1564000000001,,209.47559999999987,,0.011197187937796116,0.04154146634615385,15540.105824659531,14300.426123301693,0.00018039530114685205,29235.576923076922,20435.21384641544,2.914430985039441,5.120492186760974,5.806965621410719,17.614653138233827,10.493170643144383,15.004749337793443,58.96391429824872
1012.938,1012.958,USV_635,0.01999999999998181,3.0,,None,803.1564000000001,,209.7815999999999,,0.01083245687186718,0.013330078125,15696.66678387617,19768.037578024036,0.00025617555106390586,30675.0,26046.694249680088,2.8036970203017004,5.238383571089736,4.324284385278622,13.261374120879902,10.047362285822157,15.365018832680814,46.244447695258465
1013.091,1013.105,USV_636,0.014000000000010004,3.0,,None,803.1564000000001,,209.93459999999993,,0.008618326857686043,0.02392578125,15979.909357198641,18579.6830086562,0.0008157580674939355,29718.75,18227.609546147007,3.914871607081045,6.336971899266408,7.62998264360161,13.773287815632543,11.026202093028674,12.732583101588236,44.60981347193852
1013.206,1013.275,USV_637,0.06899999999995998,3.0,,None,803.1564000000001,,210.04959999999994,,0.013778416439890862,0.029314313616071428,13284.493257022143,13564.932210924195,0.0001015089679468799,25476.5625,15809.920365868868,2.624152743972299,5.169542607738848,5.209579808597776,16.386532765973282,11.931486571783148,14.223080188780065,59.6311876379194
1013.713,1013.789,USV_638,0.07600000000002183,3.0,,None,803.1564000000001,,210.5565999999999,,0.011903406120836735,0.030470325100806453,13606.363752050856,13478.679261154437,0.00017383314301513722,26346.774193548386,15494.583469726062,2.3748442942911434,4.801011622771997,4.845294788544884,16.235003607722124,10.918268014960807,14.711640214275642,60.439442421941386
1013.911,1013.94,USV_639,0.02900000000011005,3.0,,None,803.1564000000001,,210.75459999999987,,0.009434251114726067,0.030254657451923076,15283.415497561677,15347.741571611152,0.00020833284062710475,28233.173076923078,22794.004445719944,2.8065471941925897,5.314357329136452,5.925433607766948,19.269344751841693,10.696933845814819,15.000019963125341,54.68898775159195
1016.651,1016.671,USV_640,0.020000000000095497,3.0,,None,803.1564000000001,,213.49459999999988,,0.009930737316608429,0.02578125,15399.022559456082,18935.27874366591,0.0006724042706602122,29643.75,16994.923757193163,2.513259947297766,4.130207074840085,4.354567066590404,12.796644634658865,11.884019635210723,14.769874924956744,47.74964686052901
1016.931,1016.994,USV_641,0.06299999999998818,3.0,,None,803.1564000000001,,213.77459999999996,,0.011102002114057541,0.023578350360576924,12502.405640638364,13848.335538299712,0.0001793051625710855,26981.971153846152,26798.393650816462,2.9291954721436686,4.674054199791026,6.734075694338316,15.902131331285059,10.985636681868808,14.96066689666458,58.84801553916914
1019.958,1019.982,USV_642,0.02400000000000091,3.0,,None,803.1564000000001,,216.8015999999999,,0.0114029785618186,0.017711292613636364,14042.20491502441,16090.615156265094,8.127160436600394e-05,29565.340909090908,21727.224694438337,2.582834245941076,3.012424876546821,5.360879678067839,19.794079293185828,12.533366884039431,13.805669710043587,50.826090104359785
1020.046,1020.104,USV_643,0.057999999999992724,3.0,,None,803.1564000000001,,216.88959999999997,,0.010382387787103653,0.020965576171875,14541.093828313018,14905.186959159817,0.00011578961758534716,30093.75,22555.290049597515,2.9315803901673534,5.235504546019412,4.687638998823692,16.29623552578813,12.24313379297567,15.043025730204647,56.70594593339572
1020.306,1020.353,USV_644,0.04699999999991178,3.0,,None,803.1564000000001,,217.14959999999996,,0.020734786987304688,0.0158447265625,12732.378579162581,15639.115652003278,0.00012958092255100113,26732.8125,21305.67869128777,2.707444657192141,6.559773982607761,5.979140146482423,13.155895216630702,10.825137833647478,14.45246093229386,53.63808335924456
1020.692,1020.731,USV_645,0.03899999999998727,3.0,,None,803.1564000000001,,217.53559999999993,,0.010043048299849033,0.024227366727941176,14618.73578396783,16069.348132151621,0.00014188185603369283,29443.014705882353,25540.78579899498,3.31608211383672,7.025983851784912,4.531759899274452,17.851295526569285,11.254669275276479,15.479888164296817,53.89956013473286
1020.837,1020.882,USV_646,0.04499999999995907,3.0,,None,803.1564000000001,,217.6805999999999,,0.009350125677883625,0.024478310032894735,14389.90537594899,15106.927902399062,0.00022383963879373715,29481.907894736843,24341.48048050523,2.6432155291757864,5.962200965660379,5.3613924162169795,16.18214360886405,11.288319456656618,15.376046088625248,55.70437399908761
1021.685,1021.711,USV_647,0.026000000000067303,3.0,,None,803.1564000000001,,218.52859999999987,,0.008896680548787117,0.033711751302083336,15351.046785662309,14412.157346276581,8.285604038103273e-05,29078.125,19043.892581625525,2.2869813850569756,3.7092202107714964,6.518948063356745,14.659171507408765,12.375517943864855,14.41650444959199,54.371395319589375
1022.51,1022.541,USV_648,0.031000000000062755,3.0,,None,803.1564000000001,,219.35359999999991,,0.009020495228469372,0.036220005580357144,17813.89570335638,16116.090825702506,0.0008973651632949515,30247.76785714286,23067.27117438597,2.661926720801755,4.054080396137217,4.7387898315998225,15.166988953587335,10.78348115809831,15.830651813026197,54.7739133507565
1023.291,1023.345,USV_649,0.053999999999973625,3.0,,None,803.1564000000001,,220.13459999999998,,0.012713535688817501,0.021696671195652172,14098.293542489537,15635.719563234645,0.00024922847893033966,29021.739130434784,24974.075056791928,2.075804356402996,6.048416393698932,5.895961734905091,16.21899277694705,10.102850934855232,14.40756174573002,55.745073113212584
1024.52,1024.549,USV_650,0.028999999999996362,3.0,,None,803.1564000000001,,221.3635999999999,,0.011037612333893776,0.0244140625,14345.487102611976,15473.2745974839,0.00016822956667195886,29473.55769230769,24218.156590097842,4.398657910924831,7.288574360899937,5.337871083390951,17.03451386279363,9.575507655033478,15.565232381222929,54.469743979660386
1025.178,1025.193,USV_651,0.01499999999987267,3.0,,None,803.1564000000001,,222.02160000000003,,0.005880632437765598,0.0390625,17262.00066425823,18134.571275845115,0.0012883617985271442,30808.59375,20831.777298835,1.5243644253604491,3.301712765321374,4.673146831023186,15.54197145273366,10.640185966325143,16.853468918978425,45.900326827041134
1025.3,1025.341,USV_652,0.04099999999993997,3.0,,None,803.1564000000001,,222.14359999999988,,0.012975122779607773,0.018581814236111112,13220.558344316398,16241.105195262444,0.0003792735706536919,28328.125,22645.78770764148,1.8613123375557012,3.814942251415577,4.542966814858449,18.3012171234008,9.262388587616087,15.421763979071821,54.44015939340389
1025.854,1025.862,USV_653,0.008000000000038199,3.0,,None,803.1564000000001,,222.69759999999997,,0.011059487238526344,0.020556640625,15753.159556942492,19886.969904756636,0.0003898483474132546,30093.75,21971.833113347802,1.3323625405500115,8.066210366563931,5.347909788605596,16.095736484266652,10.439983505876338,14.428303129590555,34.91284378469414
1025.904,1025.914,USV_654,0.009999999999990905,3.0,,None,803.1564000000001,,222.74759999999992,,0.009640175849199295,0.014485677083333334,17441.121224907398,22062.482609806273,0.0006971854069638997,31796.875,16542.785369842197,2.234528628193434,3.7763685642977944,6.254801599265233,13.628452225594932,9.975250739802801,13.432294118688263,37.04156266807716
1029.02,1029.074,USV_655,0.05400000000008731,3.0,,None,803.1564000000001,,225.8635999999999,,0.009965099394321442,0.029456097146739132,14261.334507281621,13773.334597772673,3.7581993974342786e-05,27729.619565217392,16741.629677520745,2.9912141126246423,3.5239768590538065,5.884687433233512,18.914909712747516,11.112695301950207,15.775822037776695,59.80295243557208
1029.388,1029.448,USV_656,0.060000000000172804,3.0,,None,803.1564000000001,,226.23159999999984,,0.010253792628645897,0.028623046875,14185.681038936551,14511.892012674902,0.00012302020366794557,28342.5,20717.459765533687,2.2034250654671195,6.030305037484304,5.085177759761493,17.025393738588658,9.807879484177707,15.767611246503026,58.767336710966134
1029.773,1029.838,USV_657,0.06500000000005457,3.0,,None,803.1564000000001,,226.61659999999983,,0.011521430686116219,0.028202763310185185,14549.908526866522,14973.87455486686,0.00014895912152506407,29118.055555555555,19279.325855472314,2.32092277627634,6.557253769291119,5.261057411142275,16.301636886905456,11.032328499567184,13.905604022095941,57.46522061781097
1030.135,1030.145,USV_658,0.009999999999990905,3.0,,None,803.1564000000001,,226.97859999999991,,0.006259586662054062,0.030680338541666668,17960.265703941466,22048.347317912612,0.001208029148897193,31921.875,17965.08637578221,1.5790271467974228,4.898879812733454,3.2603249506143257,13.650030400416036,10.348313909101053,15.139835203782468,38.40178159988259
1030.185,1030.328,USV_659,0.1430000000000291,3.0,,None,803.1564000000001,,227.02859999999987,,0.014458166435360909,0.023263113839285716,12342.31901738258,12888.619505603298,5.714418124292103e-05,25746.09375,19902.996888810776,2.689749727981178,4.530274660107991,5.667455379501361,17.977955695797444,11.75156455914951,16.92325453292396,61.77394024874294
1030.495,1030.561,USV_660,0.06600000000003092,3.0,,None,803.1564000000001,,227.33859999999981,,0.010940919630229473,0.034839771412037035,14562.883705574124,14869.201485816939,4.2067338772056545e-05,29052.083333333332,22666.083383460427,2.300324226051031,5.122726886913505,6.019025834869752,16.685472262188803,11.335195429990026,15.89426099891326,57.97881401120593
1030.606,1030.686,USV_661,0.07999999999992724,3.0,,None,803.1564000000001,,227.44959999999992,,0.008673351258039474,0.03740692138671875,15469.833962065306,14413.547654917678,0.0001750322948663809,28851.5625,20846.38193652845,2.7142480385205787,3.3677640135880607,5.185520265793702,17.775501007997875,11.988217409591604,15.334501739667216,61.94839174163458
1030.953,1031.032,USV_662,0.07899999999995089,3.0,,None,803.1564000000001,,227.7965999999999,,0.014257967472076416,0.02169036865234375,13452.05710554557,13573.688689806388,3.053481646887513e-05,27193.359375,24052.81848554076,2.6273803478911857,4.851512881287364,4.838008511775582,16.710120392962285,10.806247763344423,15.88068005314732,59.358843605275524
1031.25,1031.268,USV_663,0.018000000000029104,3.0,,None,803.1564000000001,,228.09359999999992,,0.010506211780011654,0.031195746527777776,15242.728221126432,14311.765000311056,4.46754914696603e-05,29593.75,22326.380716883672,3.0979778545838283,4.247987736710584,4.237560081776906,16.410753326368404,11.251834998749242,16.375524091771332,50.60153957501989
1031.305,1031.455,USV_664,0.14999999999986358,3.0,,None,803.1564000000001,,228.1486,,0.01973852701485157,0.028738248146186442,12909.758941224703,12689.401337788355,2.2065060061217484e-05,26316.737288135595,21197.964776427154,3.2766168378446348,4.005445800874456,5.514303597978834,18.65329737734525,10.852090195160295,14.535500062564106,62.341384066173525
1031.574,1031.724,USV_665,0.14999999999986358,3.0,,None,803.1564000000001,,228.4176,,0.018730904906988144,0.021182302701271187,13013.266142596423,12975.058177057495,3.59461610012039e-05,26283.368644067796,21369.89018275402,2.0572215640567464,3.4571687130433935,5.7573848684866995,16.37191004168132,12.021142510317805,14.707660727937698,61.853789732676105
1032.006,1032.059,USV_666,0.052999999999883585,3.0,,None,803.1564000000001,,228.8496,,0.011418968439102173,0.02350408380681818,13204.53339999963,14464.509923746662,0.00014305055286505127,27992.897727272728,22323.57468489141,2.4883711773511936,4.272043869988085,5.5877609946149285,15.059487457515809,11.768131125040094,13.533238985699416,57.27159644953908
1034.771,1034.822,USV_667,0.05099999999993088,3.0,,None,803.1564000000001,,231.61459999999988,,0.01237204484641552,0.021484375,13846.129035557018,15057.446541582283,0.0001232734928008779,28071.428571428572,20324.65298789333,2.673381398950481,4.519551961292256,6.654251118459958,16.66885470342313,11.916931398054299,15.416292724606649,58.17240723923781
1034.866,1034.874,USV_668,0.008000000000038199,3.0,,None,803.1564000000001,,231.7095999999999,,0.008500616066157818,0.025048828125,19200.071064716896,20565.805518377667,0.0005208474002003066,32025.0,24998.447212119136,2.328172819115086,5.01402110205486,5.933644712219786,11.373512186599955,9.1152993333468,12.184176796441823,35.85025784039269
1037.299,1037.324,USV_669,0.02500000000009095,3.0,,None,803.1564000000001,,234.1425999999999,,0.010961994528770447,0.024129231770833332,16293.33340324868,20063.496325012686,0.000368712247793347,31906.25,25916.46251296881,1.913271187603457,2.923187244245419,5.0423904528576475,13.633806118157933,9.716317977449153,13.844403681260102,49.14182353890536
1039.234,1039.337,USV_670,0.10300000000006548,3.0,,None,803.1564000000001,,236.07759999999985,,0.014096790924668312,0.02793921493902439,13740.017117701263,12853.13575475082,2.1650671023586937e-05,26821.646341463416,18467.722639941352,2.797659254823918,3.345827003070351,5.395623037105437,16.85714542769769,11.685547472417555,15.08432822927592,60.6839136101768
1040.727,1040.791,USV_671,0.06399999999985084,3.0,,None,803.1564000000001,,237.5706,,0.012739777565002441,0.026047926682692308,12723.673274124807,13170.263852009082,5.0348254519837294e-05,25618.990384615383,17052.373600647687,2.167697180597169,4.405835530609728,7.43835411549213,17.603175425168423,12.146448440482574,15.986759929887686,60.32513161962897
1040.83,1040.859,USV_672,0.028999999999996362,3.0,,None,803.1564000000001,,237.67359999999985,,0.011168375611305237,0.02574744591346154,14919.410566157338,17823.514116280043,0.000422549307501603,29480.76923076923,22983.040080809624,1.3986183562631185,4.486126430533165,5.6659987642827465,13.96022294958273,9.32170197548956,15.99117843276044,51.540171931845855
1041.525,1041.651,USV_673,0.12599999999997635,3.0,,None,803.1564000000001,,238.36860000000001,,0.013701988384127617,0.023056640625,12862.434025896337,13524.366713021209,9.861721114322036e-05,26214.375,17525.996797676235,3.0784699793738053,5.180435064871071,5.198176026297892,17.35959097798056,10.718890994477267,14.125595120516982,60.61199547836484
1041.705,1041.727,USV_674,0.02200000000016189,3.0,,None,803.1564000000001,,238.54859999999985,,0.006802703719586134,0.03639914772727273,15875.080072765017,16499.28718719017,0.0004472783902574169,29096.590909090908,19316.44986221066,3.0259406778935403,3.6917383023161126,5.691312356803327,16.057892308802654,10.571234803317004,15.267695921706133,51.17033295911497
1041.832,1041.886,USV_675,0.05399999999985994,3.0,,None,803.1564000000001,,238.67560000000003,,0.010087895207107067,0.034158457880434784,12921.343342943532,13097.146649718017,2.0325739751537746e-05,26955.16304347826,23380.670949295007,3.558607032330721,3.9043559105783943,6.657985925505023,16.96694807750072,10.668104178374302,16.18442662634482,58.21154997141989
1042.045,1042.103,USV_676,0.057999999999992724,3.0,,None,803.1564000000001,,238.8886,,0.010268540121614933,0.035970052083333336,14562.10412361942,13142.745356463476,2.59896817819717e-05,27839.84375,21379.78165293999,2.3934892417496823,2.4740530332266957,5.613953448796578,15.481714276957815,11.246760031566602,14.922050723071942,59.04244722465586
1044.004,1044.024,USV_677,0.01999999999998181,,,None,,,,,0.010395443066954613,0.0164794921875,14082.757700936922,15574.209583790822,9.812692081001818e-05,28743.75,19552.98784951201,1.5264443862456525,5.042260114505509,5.079289036124175,13.94635997381784,11.984859356267805,14.7842524683828,49.737239938315675
1044.417,1044.46,USV_678,0.04300000000012005,,,None,,,,,0.010723605751991272,0.026392886513157895,14814.643626735236,16640.33087751614,0.0005149639059068125,29047.697368421053,22691.455219940482,1.509772653155526,4.731004013199263,5.314928446111882,14.652757503004942,9.684038341485126,14.489172813458648,54.10029954656786
1044.629,1044.674,USV_679,0.04500000000007276,,,None,,,,,0.01253481488674879,0.01723118832236842,13821.103181723229,15220.105584674344,0.0001299658745605273,26985.197368421053,18858.151080046628,2.738070096300631,3.3161065164619865,4.368169258773469,15.120543761866031,11.588631598058349,13.78421569766649,55.908201494666685
1048.84,1048.872,USV_680,0.032000000000152795,,,None,,,,,0.012683947570621967,0.04314313616071429,14742.474414586943,16958.14832195405,0.0001248945322978059,32236.60714285714,24812.688991125066,2.3201036486893876,4.182823335640042,4.967522466611061,16.38323698607513,10.94483044258753,16.1882357334685,53.35141183389739
1050.203,1050.322,USV_681,0.11899999999991451,,,None,,,,,0.012714928947389126,0.028367062832446808,12739.226243472514,12935.89143766526,0.0001455019426912858,26355.718085106382,18422.458032219274,2.9326533352060706,5.101573462537975,5.258080085651599,14.640148843018393,10.941974389723669,14.74444931179302,61.444381879723636
1050.47,1050.538,USV_682,0.06799999999998363,,,None,,,,,0.015833446756005287,0.015834263392857144,12149.066995624855,14080.63827488102,4.226766581078713e-05,26862.723214285714,22284.151290869264,2.5012894858377295,5.694389232868981,5.44027684367782,16.52011966033758,12.454871544728652,15.155260448261101,57.09504283870909
1051.93,1052.023,USV_683,0.0929999999998472,,,None,,,,,0.018489627167582512,0.02009211359797297,9939.071655325884,12236.750214761849,7.835011736173144e-05,21577.702702702703,18759.69962411598,2.967271120652023,2.705161955411485,6.609540510008488,16.407591335646813,12.134761035531588,14.015262186205568,61.84886558961071
1052.109,1052.253,USV_684,0.14400000000000546,,,None,,,,,0.06355840712785721,0.009761265345982142,7218.954240178872,10267.275567813263,3.9955516934767045e-05,16936.941964285714,20896.618452942446,3.268578418835074,2.4325482083111725,6.366016793871351,17.21630356893403,11.281890976301968,13.784012971895867,62.94394928698845
1054.151,1054.191,USV_685,0.03999999999996362,,,None,,,,,0.010110127739608288,0.029181985294117647,15797.02506940954,15934.160748310867,0.00027588318602074827,30314.33823529412,20188.53843691352,2.4670515512418416,7.299348144175646,6.5949751406317745,15.263019673988012,10.137857151928303,15.997769795857764,56.52227214835092
1055.986,1056.01,USV_686,0.023999999999887223,,,None,,,,,0.013556658290326595,0.021950461647727272,15213.239818086739,18574.17777770918,0.0003817576361768507,30017.045454545456,23395.1632807034,1.382776713499893,7.889391233427812,4.196106819866705,14.722963035069013,9.190271217805993,14.318531798677698,48.959481980238586
1059.988,1060.018,USV_687,0.029999999999972715,,,None,,,,,0.017090793699026108,0.015363420758928572,12703.848211606166,17355.55663533383,0.0003894695259928568,26658.48214285714,20100.318424429828,2.663927690009337,2.7865012933832896,7.714256639337449,20.2852977495883,10.917720078742772,12.588643998852683,52.43557854299939
1061.402,1061.444,USV_688,0.041999999999916326,,,None,,,,,0.013400276191532612,0.050360785590277776,18161.998483847125,15017.757840657458,0.00010061827233370622,31406.25,25011.668063325065,3.0405202403294727,6.958932035249759,4.087646411416288,17.252824187638833,12.971843913902534,14.739675528604923,58.045435006980696
1061.509,1061.577,USV_689,0.06799999999998363,,,None,,,,,0.01442015077918768,0.0509033203125,17182.129630121646,14074.63028029365,0.00020737651641693585,29705.35714285714,24304.983792826475,2.5235037412066523,3.052153296497182,5.479775999668886,15.235074025844659,11.595168286031996,15.180456228729692,60.59355970221394
1061.608,1061.675,USV_690,0.06700000000000728,,,None,,,,,0.009863066487014294,0.033665248325892856,16727.708589152604,15974.819928389243,0.00018835413030868833,30806.91964285714,25312.750826584856,2.8446566846721377,4.986751835947971,4.9791082628081655,13.825392159420518,11.167049498422587,16.15884740639102,58.56497044183681
1065.059,1065.148,USV_691,0.08899999999994179,,,None,,,,,0.010950290597975254,0.03342013888888889,14838.314514907113,14176.046757456974,0.000163775066385412,28596.354166666668,22150.27996901139,2.5419523432925093,2.9454740269828754,5.14662830183423,16.679693938160952,12.272522873588725,15.125297747555798,59.43408015297828
1071.885,1071.992,USV_692,0.1069999999999709,,,None,,,,,0.010385696776211262,0.035196940104166664,14520.003495231382,13461.315208395134,3.265313345051031e-05,28310.26785714286,20763.43403727388,2.9204225269051114,5.575277013069902,5.452007924188861,18.10949571748265,12.326477196039445,15.46567991617014,61.169904142524786
1075.271,1075.316,USV_693,0.04500000000007276,,,None,,,,,0.0626596212387085,0.006797388980263158,6818.372277906662,12438.000215327358,9.359206943616226e-05,15809.21052631579,25145.469472506134,3.3545482660189103,2.1574282989933824,6.941992273462733,17.023850000167023,10.89575516915641,15.605172961993905,53.981595557048024
1088.421,1088.57,USV_694,0.14899999999988722,,,None,,,,,0.012506750412285328,0.03380505792025862,14081.97176103847,12996.341623157014,4.787415396514667e-05,27530.172413793105,19286.498361095637,2.544115252011586,4.323645990043581,5.238016948069099,15.266655683404373,10.263855433775106,14.836618354517572,62.774164235137825
1089.231,1089.366,USV_695,0.1349999999999909,,,None,,,,,0.00964880920946598,0.029416642099056603,13355.87717076463,13483.097906110022,0.00010431607755695777,27758.844339622643,20077.02688345421,2.6154751864538204,3.7617715297368717,5.253477148771712,17.52973709029635,10.249588958634783,15.672016716971918,61.991437153130974
1097.198,1097.348,USV_696,0.14999999999986358,,,None,,,,,0.019970592111349106,0.01178909560381356,12891.863979269263,13805.432540248252,6.056521097955048e-05,26677.436440677968,21974.983039025577,2.641188921978183,5.09040954450677,6.010460350697982,16.5799664469489,11.357746312507025,15.441690090751186,59.75679542467086
1097.825,1097.912,USV_697,0.08699999999998909,,,None,,,,,0.026420194655656815,0.016420200892857142,8871.199063660408,11915.308586507716,6.47454568625732e-05,20576.785714285714,24327.699590567827,2.1788325966170476,3.2682508219879245,8.019873525667956,14.941123817478413,11.275409449511159,15.894923422925359,61.05235440645742
1099.011,1099.036,USV_698,0.02500000000009095,,,None,,,,,0.009752155281603336,0.029561360677083332,14332.451649902961,13778.321411434867,5.703363708213364e-05,28054.6875,16735.989606091152,2.3584068299495993,3.438888739345136,3.099082781286198,15.03378433683148,11.95464130315481,15.902344470775738,53.576077850483465
1100.072,1100.132,USV_699,0.060000000000172804,,,None,,,,,0.010623477399349213,0.022763671875,13733.321121777044,14377.842264372315,7.924202641810674e-05,27937.5,20480.654966873644,2.5790611723402903,6.130861842393914,4.745251958562072,16.226709810333304,11.159248195351578,16.203717726081287,58.110163428437666
1102.955,1103.096,USV_700,0.1410000000000764,,,None,,,,,0.008566530421376228,0.03140536221590909,14542.988781251352,13678.706043700175,0.00013501093128111258,29180.113636363636,18376.815446326244,2.571716482258182,3.406802687335415,5.216665468036215,16.303827211198346,10.72995063213155,15.445638998423778,62.02507930072866
1105.477,1105.542,USV_701,0.0649999999998272,,,None,,,,,0.012138641439378262,0.022786458333333332,14249.020413943566,16086.098208923999,0.00029982115492868216,30250.0,24789.522540285856,3.167465094739037,6.1035461897819685,6.280078335275399,14.655286583616348,10.532618688630194,14.919521220143213,56.50108316906562
1110.711,1110.719,USV_702,0.008000000000038199,,,None,,,,,0.013155212625861168,0.011376953125,17531.40205639772,24847.863227418402,0.0005242429769819954,32887.5,25756.49928878399,1.6060683609636026,3.743675201342642,5.574702093650312,10.950790204152938,7.145935818077879,13.12070294498721,32.73605221963766
1110.843,1110.983,USV_703,0.13999999999987267,,,None,,,,,0.010829072445631027,0.050710227272727275,18086.773171842517,13904.520921797026,7.285585985636317e-05,31781.25,24662.937030704703,3.003996405688536,3.773022430613092,5.433477379246866,16.421315773725425,12.005443517039811,15.248924231616392,63.63801648207145
1114.013,1114.103,USV_704,0.09000000000014552,,,None,,,,,0.01167993526905775,0.026909722222222224,15296.044529498538,14889.174243035939,4.059881468255802e-05,31296.875,24104.165689885842,2.4028950472045625,5.7944437701761515,5.604957241692876,15.719552921517371,10.984957207002019,14.07030955985615,58.53734840526178
1115.582,1115.609,USV_705,0.026999999999816282,,,None,,,,,0.01035239640623331,0.029378255208333332,16080.912436456989,17727.562858523248,0.0002661633590758408,30476.5625,25504.87386504366,2.072267756522246,4.3048963619259295,5.096688845887445,14.888859042093507,9.114871434618843,15.333659475279283,53.86684129231295
1115.902,1116.024,USV_706,0.12199999999984357,,,None,,,,,0.008753838948905468,0.042856852213541664,16390.911344565535,13988.495993668063,7.464167493236733e-05,31025.390625,24236.8217083621,2.903994533174257,3.6437581502281886,5.597955855514741,17.52027543285164,11.286290219573038,15.26677639603742,62.45440009426454
1121.009,1121.077,USV_707,0.06799999999998363,,,None,,,,,0.0123479338362813,0.028363909040178572,14450.111050959473,14712.659481102592,9.734665355554704e-05,28389.508928571428,18907.414701917813,3.399416332986409,4.56900644620291,6.128606477212405,17.93226678546445,9.528485248411625,14.786832275153744,59.2098625607962
1121.704,1121.724,USV_708,0.01999999999998181,,,None,,,,,0.011455615982413292,0.0219970703125,15913.06032058484,17791.166082589763,0.0004616604284966446,29493.75,23175.650011951813,1.8305936943970564,4.648539870222672,4.12176921355114,14.69341240239521,10.957591931529564,15.812684473345225,48.5045831242157
1121.831,1121.875,USV_709,0.044000000000096406,,,None,,,,,0.014771309681236744,0.02495374177631579,15341.260313470186,16009.267130115924,0.0002712944890057135,29417.763157894737,22557.295245824233,1.7882047851037577,7.104115988871246,4.393884165452828,14.837949694159004,10.530634543351333,14.010327851958222,55.934328082520274
1122.591,1122.671,USV_710,0.08000000000015461,,,None,,,,,0.009150771424174309,0.03711700439453125,15326.187117248955,13388.48282917772,2.6250981095702727e-05,29411.1328125,19473.947931745613,2.3022303384677842,4.937176752250641,3.9648508578568618,17.434380128207195,12.724976864934717,16.393317560992717,61.89870030504332
1122.718,1122.778,USV_711,0.05999999999994543,,,None,,,,,0.01244642585515976,0.02466796875,14366.547915665846,15865.91961253871,0.0003341926850117321,29381.25,21730.69371935123,2.7453139131068447,5.999827034567241,5.912924923331899,16.744251085077437,10.687598984377816,15.435267891881493,55.608703396823856
1122.983,1123.104,USV_712,0.12100000000009459,,,None,,,,,0.014461345970630646,0.035151163736979164,14104.985306713033,12698.29218696747,7.782144388634771e-05,26826.171875,17002.35911127774,2.8335137046334533,4.264790235322806,5.5373469324542866,16.99683050007547,11.32922928758205,14.403050263939468,62.028917798701
1123.42,1123.444,USV_713,0.023999999999887223,,,None,,,,,0.011298890225589275,0.01946466619318182,13562.092182862345,15255.334501449037,7.381291273132888e-05,27093.75,17360.577929294595,1.908665695595247,5.977094866695082,6.172086826474166,12.603023415116564,10.117028550863056,14.84389375762974,51.73737496698744
1123.483,1123.539,USV_714,0.05600000000004002,,,None,,,,,0.012780006974935532,0.019796620244565216,13670.204915134385,15046.83591959627,0.0001452902920919573,27823.369565217392,17410.09218294909,2.1579589281430858,4.331079580508915,4.4563379572542585,17.77564079868997,11.165502206531281,14.234174831812746,57.38441063456369
1123.881,1123.959,USV_715,0.07799999999997453,,,None,,,,,0.012189599685370922,0.02352142333984375,14037.392426140439,13576.160711264805,2.510610051542188e-05,28344.7265625,22562.469471511304,2.8403630675543665,4.881404565887374,4.15138668332156,17.317654035376684,11.035336505528143,14.808517100669796,58.22728297479093
1124.097,1124.107,USV_716,0.009999999999990905,,,None,,,,,0.009994485415518284,0.013427734375,17683.523255451175,24059.12027540917,0.001471989180218579,33250.0,26382.373131207525,2.914591700420782,4.847517434646627,3.28012634885726,12.182860238063505,9.361769948478136,15.04292251647133,35.50122972969807
1124.338,1124.357,USV_717,0.019000000000005457,,,None,,,,,0.013977564871311188,0.021875,15311.406810223558,18602.687958804665,0.0006700413217214205,29268.75,23096.928064300737,1.9235429999119795,4.349947148093128,6.5332146543248415,12.528893407077415,11.469574535528679,14.467809655506324,46.833631137039
1124.417,1124.48,USV_718,0.06300000000010186,,,None,,,,,0.009318043477833271,0.040189302884615384,15010.562648802148,14102.486145121136,0.00011560981770776394,28979.56730769231,15893.606248716873,2.7471678923492697,4.519277858178134,4.725242721326887,14.008427564162274,12.713754358610242,15.340322358173568,59.12053849592355
1126.4,1126.454,USV_719,0.05399999999985994,,,None,,,,,0.011350506916642189,0.018310546875,14900.866738568126,15399.333365212986,0.0001208161993616839,29486.41304347826,24997.63288194153,2.2709358284818064,3.027280431787228,4.455937106694389,17.36103699398688,11.61812486686717,13.990403211650914,57.60204194080371
1126.562,1126.619,USV_720,0.05700000000001637,,,None,,,,,0.012259858660399914,0.034901936848958336,15447.59005394137,13603.635632287633,7.242544267827213e-05,27976.5625,19055.625586234295,2.3640114093263613,3.3778482143261104,5.498908715713147,18.27659043957813,11.281451254999853,13.794754204774279,61.0182304235488
1127.631,1127.685,USV_721,0.05399999999985994,,,None,,,,,0.013673357665538788,0.03286345108695652,14431.188235771247,13596.614413080315,8.607429619909661e-05,28088.315217391304,20379.51613832739,2.673119059383715,5.739090204397131,5.130948313586906,16.57321322845387,13.306512654930971,15.09039596368423,59.9518503842508
1129.567,1129.707,USV_722,0.14000000000010004,,,None,,,,,0.01500396616756916,0.02904385653409091,12888.38617776284,12563.24649990263,2.1433445198289695e-05,26033.522727272728,17961.269963415623,2.2497626497003553,4.9033033996973,5.059147429002643,17.052372163419616,11.914438415947084,15.192544957421271,61.89652767394793
1129.82,1129.872,USV_723,0.052000000000134605,,,None,,,,,0.01617979072034359,0.039861505681818184,15061.849132687748,13513.815626597587,0.0002479961148462886,27873.579545454544,15507.148767185254,2.7005386826305777,6.543678768196795,4.6857779136025295,14.9146711371427,11.781705325651053,14.72392369538543,60.05781395046162
1129.923,1130.0,USV_724,0.07699999999999818,,,None,,,,,0.011186611838638783,0.025540259576612902,14071.108342293472,14973.598375131562,7.152185988380649e-05,29996.975806451614,22750.416491726548,1.9048609760606816,4.456470598899049,5.450856388646389,16.13181138957524,10.971722760740812,14.12845290635637,57.57265148901599
1130.591,1130.611,USV_725,0.020000000000209184,,,None,,,,,0.010089179500937462,0.04638671875,16483.354138871655,16676.72839700878,0.00028875438392366424,29306.25,15683.04794305332,1.592182993099648,3.3637484361819183,4.387267276867482,13.658546475298348,11.869978896316043,14.874470412755986,50.766401754030596
1130.677,1130.744,USV_726,0.06700000000000728,,,None,,,,,0.011059942655265331,0.02374267578125,15011.542496019278,16173.22371453652,0.00026918609535284116,30358.258928571428,23775.551775991848,2.2423483350379048,4.641367751291684,5.121143046856784,16.197606186114285,10.48466970008983,13.326864723449246,57.54919788754427
1130.859,1130.89,USV_727,0.031000000000176442,,,None,,,,,0.008577289059758186,0.027151925223214284,15121.258800665959,15581.676653920587,0.00013754365374499968,29926.339285714286,23829.940600543287,1.9951114525789162,3.962015881852827,5.242502944758905,14.613274899513717,11.290921515002566,15.736026697491605,54.723421086747074
1134.156,1134.219,USV_728,0.06300000000010186,,,None,,,,,0.010173906572163105,0.03910006009615385,15472.306754577103,14226.265805763953,0.0001875018452003959,29675.48076923077,24344.099039066634,3.832117768070169,5.363636055016836,5.247599487974686,17.620683610060496,10.079275514204499,14.319512594818901,60.4526858841948
1135.524,1135.548,USV_729,0.024000000000114596,,,None,,,,,0.0190938338637352,0.018776633522727272,13888.769702167145,14754.58901646532,5.657019816935729e-05,27417.613636363636,22678.912459545834,2.714541114509535,3.451293939483145,6.258916586535099,18.9713363444778,12.113140011687362,13.250055224637286,52.761680608627756
1140.91,1141.001,USV_730,0.0909999999998945,,,None,,,,,0.011550218798220158,0.038187662760416664,16386.504506651065,13900.399243169637,7.579150173746686e-06,31072.916666666668,27077.791965080894,2.5133016253169247,5.129177486366561,4.396188721087184,17.391134586683066,10.745341332757913,15.491881893595234,61.22299807957292
1142.335,1142.354,USV_731,0.019000000000005457,,,None,,,,,0.01576308347284794,0.00048828125,15708.628471548214,20967.317161154184,0.0006816984253360522,31078.125,23890.164105847227,2.368907491171593,5.424802780924103,5.253113801597519,12.096808584938492,8.718761304933636,14.341469445303483,45.452119110339716
1143.238,1143.308,USV_732,0.06999999999993634,,,None,,,,,0.012155941687524319,0.028774919181034482,14968.4677809053,14200.640559077416,0.0001762494325458136,28965.51724137931,22280.697257016,2.7414956562469053,4.324802226961368,5.926018258229829,15.5395229477815,10.384831320061554,14.167791793166769,59.65930533299229
1143.544,1143.56,USV_733,0.015999999999849024,,,None,,,,,0.011092527769505978,0.022857666015625,14764.136054086,15640.020069603228,0.00020676448200239998,27398.4375,16353.383182314441,3.008032861633435,3.827925251389422,5.558348661427226,15.24027869772982,12.134283823977196,16.1133130739942,48.25716314169469
1147.559,1147.659,USV_734,0.10000000000013642,,,None,,,,,0.012312382459640503,0.04119873046875,14656.416298476359,12573.810118522002,4.273384912395644e-05,27220.3125,15692.839712001407,2.6081966852469796,4.615615724337902,4.858348309835836,16.15216695886142,11.191030936324788,14.490074813607805,62.67409830977952
1148.651,1148.689,USV_735,0.038000000000010914,,,None,,,,,0.008343703113496304,0.03673598345588235,16805.69258142452,17074.339283722074,0.0003451909020969956,31080.882352941175,20423.113259765574,2.857177598695566,3.1890535916219664,3.8980739694024633,15.758451387994368,11.94396303925417,14.118917826285454,54.11941368009704
1149.983,1150.113,USV_736,0.13000000000010914,,,None,,,,,0.010251793079078197,0.0325472962622549,14182.09662383139,13048.401680801448,7.251237097814116e-05,27761.029411764706,18685.35458774835,2.7341451276003634,4.605829354913787,4.543277688250661,15.643628063607576,11.859572231086164,15.65383908435846,62.33491389454747
1150.656,1150.784,USV_737,0.12800000000015643,,,None,,,,,0.017063593491911888,0.0198095703125,11521.24713491271,13459.318873504828,0.00010816271955667328,26100.0,20885.393117103693,3.008068746126298,3.4215707210519266,7.814347016260177,20.468858496286494,10.667264175023114,16.13432800657857,61.67926514813907
1150.828,1150.866,USV_738,0.038000000000010914,,,None,,,,,0.009457009844481945,0.03449563419117647,15724.624405697885,16646.229950127312,0.0002752545504253329,28996.323529411766,24389.82472807338,1.97234061708451,3.8678088002763804,5.919825930779022,18.700340076485208,9.277843494735075,14.93559612538526,54.34798903481996
1151.571,1151.656,USV_739,0.08500000000003638,,,None,,,,,0.012518524192273617,0.034711052389705885,13037.487616316732,12271.18605769554,2.6719901037748997e-05,25698.529411764706,21617.395956653207,3.3710575430922263,3.5790008860254656,5.287451339537782,16.046864857510528,12.568165097356804,17.322643828679695,60.97269084155513
1154.267,1154.415,USV_740,0.14799999999991087,,,None,,,,,0.011745420284569263,0.026788119612068964,13563.206204168187,13067.921143285472,1.4976270931059468e-05,27632.004310344826,21167.83024086623,2.760775138323802,4.367534293546887,4.786807072662581,15.414682767211222,11.570319521621293,15.294038591151477,60.934866172398685
1160.131,1160.201,USV_741,0.06999999999993634,,,None,,,,,0.011294545605778694,0.03087116109913793,13757.250643109617,14341.662123783173,0.0001306812013963217,27746.76724137931,19708.68925709372,1.9483446598937153,4.928394160197001,5.93259092257704,15.449355119148514,10.863395827201204,15.988686235458458,57.903577462211175
1165.226,1165.332,USV_742,0.10599999999999454,,,None,,,,,0.02323077619075775,0.015223911830357142,10218.946925037842,12950.296249802157,0.00018101416216602696,23377.23214285714,21246.40551063123,3.0373482362879005,3.314694615173308,5.66136205761954,16.63941547507677,10.211125714225991,14.535054033536241,60.155643564922826
1165.794,1165.944,USV_743,0.14999999999986358,,,None,,,,,0.013388898223638535,0.022345074152542374,11574.036572147363,12970.25584512981,2.9728162950573967e-05,25806.67372881356,22954.981061734386,2.568481790209933,4.391464516612202,5.152749475686189,14.800024340476389,15.191823896037116,13.874280989490225,60.112131133957206
1166.704,1166.736,USV_744,0.032000000000152795,,,None,,,,,0.074836365878582,0.004813058035714286,6998.450438911205,14304.12745262061,0.00031566034107757265,14383.92857142857,36508.60849184855,2.8620776704953035,2.626310848751306,4.110699961901341,19.73685545887048,11.242637682515609,15.732372069907877,49.50369274674348
1166.766,1166.797,USV_745,0.03099999999994907,,,None,,,,,0.044664300978183746,0.007516043526785714,7046.2449199365565,13089.89032409916,5.3946394058996725e-05,15669.642857142857,18467.693050450005,3.1321027336205503,1.953923150556305,5.741170160193208,15.729052908426754,11.69201113921214,14.573863524026368,51.85399231018529
1170.492,1170.543,USV_746,0.05099999999993088,,,None,,,,,0.008332761935889721,0.043294270833333336,15983.158187706184,14215.824738932324,0.000131889681207779,30156.25,24108.90552773703,2.028870317528293,2.918482152451705,4.204046537531071,15.298083295466256,10.612002764573518,15.81619885106744,59.61833733385989
1172.242,1172.361,USV_747,0.11900000000014188,,,None,,,,,0.011507883667945862,0.026154213763297872,15035.980903897147,14696.03391568025,6.801747225631563e-05,30584.441489361703,25564.84709208805,2.3346222784121,4.932049414930121,4.938202828482915,17.5559745565502,10.644548132115316,14.728890101785698,59.554886775714884
1172.74,1172.799,USV_748,0.05899999999996908,,,None,,,,,0.009015033952891827,0.042439778645833336,17091.891740681374,15374.843825671118,6.651590059451581e-05,32476.5625,26210.487980490758,1.99963124665501,3.7746627108560595,4.481889612633453,15.701197638892642,12.765428916174764,13.775053586402356,59.72643922322394
1172.859,1172.921,USV_749,0.06200000000012551,,,None,,,,,0.013682187534868717,0.030048076923076924,15797.112181147253,15107.200224795732,8.613769716289674e-05,30443.509615384617,23344.996684974605,2.5712566811009876,4.757708696408218,4.3702130078246615,15.396965688759279,10.932469377792472,14.221785820984838,58.418961235037806
1172.987,1173.033,USV_750,0.04599999999982174,,,None,,,,,0.01110980473458767,0.03262939453125,16146.919046846286,16306.04167367359,0.0004220974009849339,31087.5,22077.34156891626,2.8009180233967923,5.107804164650756,4.759718670236095,15.225196816105441,10.614695304845899,13.307330528014877,56.043919585431716
1173.605,1173.645,USV_751,0.03999999999996362,,,None,,,,,0.012651551514863968,0.023868336397058824,13151.539382519297,15601.223469691751,0.0002473345193972404,28494.485294117647,24819.945577893523,3.8958513733686506,4.976990887512558,3.9193804535311196,14.140583345314582,12.92309413996611,14.281071789594407,55.26282521267617
1174.362,1174.463,USV_752,0.1009999999998854,,,None,,,,,0.01764332875609398,0.029498291015625,12937.733900968942,12398.195189703387,1.5596122161935713e-05,26264.0625,16745.708413695025,3.3296604950443744,4.361090381116851,5.070991373775714,17.170458028602305,11.560803621358168,15.830580628412392,62.23317703749099
1174.614,1174.657,USV_753,0.04299999999989268,,,None,,,,,0.007958299480378628,0.029351128472222224,16304.387944583726,15779.689522157307,0.0005017194004824173,31239.583333333332,25128.9775212136,2.254731669940183,2.9533506406399446,4.21386940847451,16.521081145944205,11.004831002848595,14.939369397379627,57.4810763398312
1178.709,1178.732,USV_754,0.02299999999991087,,,None,,,,,0.014610251411795616,0.03271484375,13561.40627335412,11692.163815928798,1.1478203849576709e-05,24485.795454545456,15577.494307605964,4.584122564540681,4.348525394018484,6.124790969103995,13.969411737264473,11.442530353483427,14.168790936004614,57.21408235439563
1181.295,1181.335,USV_755,0.03999999999996362,,,None,,,,,0.01881050504744053,0.015926585477941176,12440.057799959719,14914.732867929237,6.993353507063332e-05,28726.102941176472,28163.00045754059,2.340038025311056,1.5476930710926287,10.338660981086534,18.42660189235858,9.473768975691062,15.001192339317958,57.86375586386475
1181.713,1181.808,USV_756,0.09500000000002728,,,None,,,,,0.05294433981180191,0.02505653782894737,9692.155122150167,11347.150893980224,0.00024783217858664777,18379.934210526317,19301.912986127416,2.639568084935451,2.4232364563208493,5.509581155347251,16.356419457820376,11.736984428617342,15.32907276756189,60.42333382074255
1185.244,1185.264,USV_757,0.01999999999998181,,,None,,,,,0.010451426729559898,0.020556640625,14850.439292101986,18210.353155524772,0.0004510027315544508,29625.0,20561.991639452062,1.601909951397906,4.850941402819556,4.597272391215333,11.954967069192156,8.61696872271062,15.708593178615734,47.754254843644695
1185.408,1185.501,USV_758,0.09300000000007458,,,None,,,,,0.038391340523958206,0.019353093327702704,8453.112200231866,9998.25850820041,2.403208010004605e-05,17754.222972972973,15549.098324868668,3.0350087621973367,2.756051501584574,4.729667389656999,16.94456963404756,10.973561538839414,15.536677731250897,61.94917746975975
1185.588,1185.63,USV_759,0.0420000000001437,,,None,,,,,0.015177124179899693,0.023017035590277776,11129.022272414742,13202.775566018421,3.4027395108453325e-05,24619.791666666668,18046.84252166819,2.2023264962029945,2.157674204661839,4.675467610406546,17.39314619480007,11.679816132466183,15.236889663398054,57.106154418410114
1186.303,1186.416,USV_760,0.11299999999982901,,,None,,,,,0.054241642355918884,0.016330295138888888,7656.676775445972,10210.64309306056,9.49323389921442e-05,17104.166666666668,20966.114490511576,3.5336629058515157,2.7205728444770987,4.752031514760811,18.801283337973913,11.59118952623301,14.039630869279048,62.33106367991609
1189.884,1189.91,USV_761,0.026000000000067303,,,None,,,,,0.012379929423332214,0.016133626302083332,13677.024271257857,15894.185458959362,0.0002880706627919119,26992.1875,16960.97632788564,2.215510569264689,4.814768735827088,5.009600564534257,12.623499454236063,9.437223481726631,16.67344266803747,51.292594521871365
1190.593,1190.722,USV_762,0.1289999999999054,,,None,,,,,0.01055331714451313,0.027990004595588234,14317.015687974234,13613.937492993115,4.5661742991959714e-05,28909.926470588234,21889.520176655624,2.4822313369687614,3.540639818889975,6.998957972620785,17.890957930476617,10.30647408003743,15.59668822563932,59.15128571566142
1192.568,1192.708,USV_763,0.14000000000010004,4.0,,None,1192.2604,,0.30760000000009313,,0.011759266257286072,0.033034446022727273,13514.941716470448,13058.947635712382,3.41115758926458e-05,27432.954545454544,19870.593828417637,2.051255790618923,4.150154850972222,5.290443697609004,17.324360972003653,11.346476454550077,15.300573900259206,62.060125647942016
1194.361,1194.393,USV_764,0.03199999999992542,4.0,,None,1192.2604,,2.100600000000213,,0.009657787159085274,0.025425502232142856,15129.505513932805,15570.858806233202,0.0003686310122856783,28982.14285714286,20370.03390458374,2.8754553474017768,4.246483937727171,5.815634783763409,13.52488005483992,11.045452300314963,14.754527242285466,55.27458082765935
1194.588,1194.679,USV_765,0.09100000000012187,4.0,,None,1192.2604,,2.327600000000075,,0.011523112654685974,0.027185388513513514,13951.689289681573,14013.73373258347,6.433539352194208e-05,28071.79054054054,20604.180196453177,2.109909415503922,4.9838569855317525,4.529480270994198,14.796611277565244,11.392151555478296,14.71437676719243,58.63927957645558
1194.884,1195.013,USV_766,0.1289999999999054,4.0,,None,1192.2604,,2.623600000000124,,0.012954496778547764,0.026659198835784315,12576.637543268627,12827.444504166948,3.663301504470288e-05,26242.647058823528,19400.791530569044,2.7461985062279726,4.289078705082971,6.00867446573111,16.53248411774846,9.772996424945616,15.514683072286694,60.77197003614159
1196.914,1196.945,USV_767,0.03099999999994907,4.0,,None,1192.2604,,4.653600000000097,,0.009111208841204643,0.031215122767857144,14446.430247842332,14923.675760721831,0.0002833540836145329,27957.589285714286,15478.883635511915,2.5792050957736072,3.0385375725780057,5.382928115224121,11.986323049406312,9.619234508313353,13.763135000722386,55.04524718690493
1197.034,1197.104,USV_768,0.06999999999993634,4.0,,None,1192.2604,,4.773600000000215,,0.012608982622623444,0.031435210129310345,13846.032139263472,14745.740252997984,0.00011066082598500645,28121.76724137931,21261.162505628417,2.622807420985345,6.823272400825441,4.928130267723772,14.70764304088012,10.57809981361703,15.884378003185535,56.97566517404359
1200.519,1200.59,USV_769,0.07099999999991269,4.0,,None,1192.2604,,8.258600000000115,,0.013736388646066189,0.023159684806034482,13106.210101958262,14259.780586053728,0.00022711291221161366,26721.98275862069,17187.885924997885,2.775016582809367,4.691812289764778,4.968629572440212,17.855336750320692,11.2659522780616,16.33906168919655,59.01165376527694
1201.731,1201.816,USV_770,0.08500000000003638,4.0,,None,1192.2604,,9.470600000000104,,0.01199166476726532,0.017341164981617647,12946.020487435317,14111.716671603313,5.0328144044164146e-05,28064.33823529412,24481.620420638043,3.3766758459405226,5.344987925847301,5.64122528819005,16.136304002428464,11.211091511708338,14.723648372982424,58.512289063422934
1201.923,1201.94,USV_771,0.01700000000005275,4.0,,None,1192.2604,,9.662600000000111,,0.012668386101722717,0.013671875,13995.797250827141,17691.02358589796,0.00014943261084687906,28260.416666666668,22280.436523747336,2.487232506752359,4.666688904318026,5.777193375258195,14.75141027853709,10.904192339501172,15.823834526862425,46.36054270319379
1212.511,1212.522,USV_772,0.010999999999967258,4.0,,None,1192.2604,,20.250600000000077,,0.007487678434699774,0.028116861979166668,16401.564759547764,18584.043808343322,0.0005712996755841004,29515.625,20461.943974152924,3.0948753399420856,6.799813080567671,5.896841061671528,13.84430920739792,10.190027735468986,14.896177838991838,45.82749974605139
1219.789,1219.799,USV_773,0.009999999999990905,4.0,,None,1192.2604,,27.528600000000097,,0.007991760969161987,0.043253580729166664,17821.792333356967,18099.88992082492,0.0004450023347586655,30906.25,23217.15644365246,2.1453092916973717,3.4194841162408554,3.8364545896915128,15.420654929411233,11.348976803687895,17.124532957472294,40.926558318118694
1223.02,1223.085,USV_774,0.06500000000005457,4.0,,None,1192.2604,,30.75960000000009,,0.012025262229144573,0.02000144675925926,14142.59051039439,14405.376628427088,9.494735813409407e-05,28302.083333333332,20833.19450289053,2.2140129541672953,5.167189883448344,5.998341007821726,16.779244888346255,10.295306734527264,14.489537674568426,58.45118188600988
1223.312,1223.367,USV_775,0.055000000000063665,4.0,,None,1192.2604,,31.051600000000008,,0.010844656266272068,0.022354789402173912,13989.599821045013,14845.891286297583,3.939098212488947e-05,29657.608695652172,19860.184851949223,3.702482275668564,3.996507666669015,5.114466634868522,17.587797370560914,12.406359580785422,15.958665363783073,55.655362396531025
1230.62,1230.636,USV_776,0.016000000000076398,4.0,,None,1192.2604,,38.3596,,0.0066047897562384605,0.0347900390625,15930.109661904535,14318.253877717629,0.00011814696045927703,29367.1875,17889.173613634135,3.187141654200965,2.109414798998168,4.187800022703652,14.387425244576352,12.022546602670612,14.846518537101023,52.390410359951865
1232.5,1232.539,USV_777,0.03899999999998727,4.0,,None,1192.2604,,40.23960000000011,,0.01140275876969099,0.01953125,15725.793279067015,17084.82524070469,0.0002333480002267306,31152.573529411766,24047.12888180781,3.0423983180505707,5.089604109976715,4.81657168875826,14.215000075119168,11.237592950292504,15.730699717507875,53.88919466651488
1238.631,1238.642,USV_778,0.010999999999967258,4.0,,None,1192.2604,,46.370600000000195,,0.011196074075996876,0.015543619791666666,15713.465755075516,21164.859222971154,0.0005042621373691168,28218.75,19235.19538556184,3.5013961582741664,2.19472380218818,4.288265175447502,12.846911766832983,8.931519053216936,11.123232416880258,43.83339946664346
1239.15,1239.237,USV_779,0.08699999999998909,4.0,,None,1192.2604,,46.8896000000002,,0.015029464848339558,0.019349888392857142,12389.52563809854,14264.667905484199,3.484610470568066e-05,27878.571428571428,23220.76530473957,2.874877661479315,3.436410662567148,6.6240830408077915,17.501122755753684,10.335565255250179,15.58741031276991,58.4566573276234
1239.809,1239.821,USV_780,0.011999999999943611,4.0,,None,1192.2604,,47.54860000000008,,0.010287213139235973,0.03574916294642857,16862.193155640165,17099.22816077252,0.00023662030605252113,30629.464285714286,22788.103182708983,1.7405499618031677,4.671174791313172,3.457437738732821,14.42296243229771,10.087179363429033,13.081566302324637,44.396314472852495
1241.189,1241.22,USV_781,0.03099999999994907,4.0,,None,1192.2604,,48.92860000000019,,0.009757772088050842,0.018275669642857144,15182.805211556757,17195.981812628703,8.738939236959316e-05,31071.428571428572,22156.168785602757,3.5746263695465426,3.6249038260341884,4.366357589823843,13.522425687069624,11.03857252400884,15.017206636731887,51.99121226265584
1247.571,1247.582,USV_782,0.011000000000194632,4.0,,None,1192.2604,,55.31060000000002,,0.009524514898657799,0.016217912946428572,18120.49195797321,22868.375818562105,0.0009903951323806518,32343.75,24770.545744381478,1.6593041844897134,5.629933409857921,5.352957044854539,13.822985434537173,8.82571709635778,11.30546542292826,39.03389674228182
1249.206,1249.228,USV_783,0.02200000000016189,4.0,,None,1192.2604,,56.94560000000001,,0.010695520788431168,0.014692826704545454,14404.878431147232,18146.570918891866,0.00029505817053524885,31261.363636363636,24186.513043854866,1.5914844133100734,4.5592298917206815,4.92406024322234,14.350326207930221,10.755305137279741,16.971426053490223,48.807504850221854
1249.532,1249.594,USV_784,0.06200000000012551,4.0,,None,1192.2604,,57.271600000000035,,0.010708996094763279,0.041654146634615384,15999.393647416971,15449.61823477788,0.00011697571155788977,31478.365384615383,19314.11219797877,2.743332950426501,4.2364825693206996,4.269545358698617,15.980789504218224,12.216773884490285,15.03152731107975,58.94319890895125
1249.737,1249.77,USV_785,0.032999999999901775,4.0,,None,1192.2604,,57.47660000000019,,0.01094447635114193,0.03826497395833333,17923.803006613794,17240.909760861705,0.0010077053295808889,32006.25,19423.883699930288,2.954334800357822,4.456244538336879,4.374882270589555,15.513852752621768,10.349635918677727,13.652850089277115,54.72865355188692
1249.919,1249.972,USV_786,0.052999999999883585,4.0,,None,1192.2604,,57.658600000000206,,0.007791717536747456,0.040949041193181816,16370.05432536181,16684.009370615615,0.00016070396632024374,31623.579545454544,22772.151180507077,3.4942179891480407,3.0469364184364522,5.468814572801482,16.955051365528842,10.869651792570771,14.984532571973949,58.33989825627675
1254.933,1254.973,USV_787,0.03999999999996362,4.0,,None,1192.2604,,62.6726000000001,,0.015717174857854843,0.01604147518382353,13700.611866788095,15689.206254532957,0.00025174817247056766,28979.779411764706,23458.41159687268,3.150397476053086,6.276970048318613,5.808500762270507,18.229493618425984,9.908971402073654,15.23902088334706,56.14722648159067
1257.86,1257.915,USV_788,0.055000000000063665,4.0,,None,1192.2604,,65.59960000000001,,0.010338342748582363,0.034349524456521736,15103.04686535248,14214.538478342576,6.491197217581915e-05,29278.532608695652,22000.070411690027,3.2391908192906445,5.479600944790631,4.904155405695869,15.393551306872402,9.949078218977771,15.656527003266296,57.23143285394154
1261.429,1261.499,USV_789,0.06999999999993634,4.0,,None,1192.2604,,69.1686000000002,,0.01200450025498867,0.019245016163793104,14158.497776283031,14871.831822285618,0.00011389261899156517,28584.05172413793,22462.686296650758,2.6391129380114635,4.691125102820941,5.370683865298821,17.171364264068593,11.244619567525243,14.832255288814407,58.0875283245279
1261.99,1262.107,USV_790,0.1169999999999618,4.0,,None,1192.2604,,69.72960000000012,,0.012815856374800205,0.029031504755434784,14058.469514638004,13487.222892944623,0.00016507899256433927,27660.32608695652,19492.324568651755,2.392580734161646,5.14394216628246,5.025477263593781,15.399842515071725,11.836086940960689,14.85572526160086,60.440588059987874
1262.349,1262.364,USV_791,0.015000000000100044,4.0,,None,1192.2604,,70.08860000000004,,0.014408653602004051,0.018798828125,15965.762135173136,17960.035595995105,0.000927374932567162,29484.375,21488.08372622852,2.148369192813276,8.136568583185577,4.800266832479868,13.116002725340687,11.448774564943506,13.721688310800126,45.51007009808174
1262.416,1262.466,USV_792,0.049999999999954525,4.0,,None,1192.2604,,70.15560000000005,,0.013590703718364239,0.03154064360119048,14948.171420073826,15572.792536613093,0.0003207838308339654,29933.035714285714,23138.847624792445,1.914324380646739,3.894187172588628,5.107340656929105,17.590913734476562,11.01564118359922,14.505426618005623,56.51240299965331
1262.687,1262.816,USV_793,0.1290000000001328,4.0,,None,1192.2604,,70.42660000000001,,0.010812737047672272,0.027506510416666668,14677.535645228007,14340.011124311746,0.00011581503647531036,29272.058823529413,21246.72834003235,2.888597390626765,4.628603113861663,4.717024374208438,14.835738243975182,11.053126459723092,14.77906578332049,60.34311810932351
1263.083,1263.092,USV_794,0.009000000000014552,4.0,,None,1192.2604,,70.8226000000002,,0.010048423893749714,0.014241536458333334,16305.233392388933,21388.964744141962,0.00029283862204383757,30609.375,20721.863634471127,1.1839684998988835,8.232754786479394,3.9774159973132366,13.00085995406723,12.270204768546094,13.2077662803381,36.75784734682639
1263.245,1263.255,USV_795,0.010000000000218279,4.0,,None,1192.2604,,70.9846,,0.013682556338608265,0.022054036458333332,17332.166743602054,23173.599712344443,0.0010436186340028392,31953.125,21658.127051942545,1.4716857325088544,7.119880840568347,3.6540492984773874,12.143256813769911,9.664909157704278,12.668420679959091,35.6221290951765
1263.859,1263.904,USV_796,0.04500000000007276,4.0,,None,1192.2604,,71.59860000000003,,0.011150588281452656,0.01543225740131579,14663.121750359298,16849.39305906406,0.0003642107585497438,30009.86842105263,19541.631208579292,2.1758028629736157,4.368388593490615,5.804818656438269,14.624628324351617,9.814245191104888,15.191870977074705,54.67170792522931
1270.119,1270.133,USV_797,0.014000000000123691,4.0,,None,1192.2604,,77.85860000000002,,0.008192877285182476,0.017303466796875,16657.348909413275,18142.7590203988,0.0002460004766793486,30703.125,19340.993885467542,3.564748997328446,4.145519826723589,3.6465700602725004,14.044763828213872,10.637401941676352,11.001693253393242,47.654360534619414
1279.084,1279.093,USV_798,0.009000000000014552,4.0,,None,1192.2604,,86.82360000000017,,0.006718421820551157,0.032430013020833336,15157.262008270432,15714.39519262739,0.0001118157241470478,29968.75,23111.358395861986,2.497688680340293,1.907440190249531,4.408489596181757,17.740041375724488,11.306698080681663,14.84783273915305,42.66829313668768
1279.77,1279.798,USV_799,0.02800000000002001,4.0,,None,1192.2604,,87.50960000000009,,0.013091991655528545,0.02685546875,13467.118454829706,15400.894219295764,8.54349966804248e-05,27353.365384615383,22910.651530977335,2.505207545109037,1.7843154742491043,4.954156331205771,19.086050790582846,10.172101650126574,13.243785281870087,52.74846877132998
1280.532,1280.545,USV_800,0.013000000000147338,4.0,,None,1192.2604,,88.27160000000003,,0.011553957127034664,0.020647321428571428,18609.046347239255,20904.047339354805,0.0010442311761284905,32049.10714285714,24654.938869360572,3.312819920857593,7.513323209739444,3.7770439379616882,13.064973037448729,7.627721120321771,14.354799293697068,41.51237532289963
1281.381,1281.421,USV_801,0.03999999999996362,4.0,,None,1192.2604,,89.1206000000002,,0.009752042591571808,0.01332720588235294,14870.547972430402,17394.26685229393,0.0002487020169092829,30485.29411764706,20857.35671415283,3.042542809046653,4.007417667464175,5.02973665180308,16.36389882592653,9.880056314734446,13.192645984976519,53.65767299838173
1281.625,1281.634,USV_802,0.009000000000014552,4.0,,None,1192.2604,,89.36460000000011,,0.00613204762339592,0.034016927083333336,20566.005652172495,22252.44011684284,0.0015169975316978856,32812.5,20252.17468949519,2.2867616287496806,1.0115876162492856,5.227733283628495,14.202457156149343,10.300006921699262,11.097912722095892,38.5715014218763
1284.595,1284.615,USV_803,0.01999999999998181,4.0,,None,1192.2604,,92.33460000000014,,0.008303888142108917,0.033984375,18211.81229209698,16474.606115836978,0.0002582685311878076,32062.5,24569.036557752253,2.4983091933514823,3.066757997102239,4.837116803828298,14.423878215625507,11.908325826428513,14.35521918562919,50.40351416262381
1285.795,1285.827,USV_804,0.03199999999992542,4.0,,None,1192.2604,,93.53460000000018,,0.013009863905608654,0.06760951450892858,21181.866549148846,16557.293828982143,0.000736158383864436,34580.357142857145,25069.86045089317,2.303171971208301,5.446544519885387,6.505817049056636,16.193528644385136,10.772865271893169,14.151981855789444,57.12099432165396
1285.886,1285.93,USV_805,0.044000000000096406,4.0,,None,1192.2604,,93.62560000000008,,0.011310708709061146,0.035914370888157895,18836.694653590577,17770.825574315757,0.0006271515395154373,34578.94736842105,22291.82305358755,1.8058399570435735,5.321212363936942,4.5796088575443,13.894484339095046,10.576023821262577,14.942326392237865,56.045023056952665
1286.007,1286.021,USV_806,0.013999999999896318,4.0,,None,1192.2604,,93.74660000000017,,0.0074975760653615,0.029296875,18485.70212066953,16524.978207164357,0.0003581594079878673,32097.65625,25028.1911157243,1.9631650087324193,3.5044852032964506,6.553780169294626,17.42915704696817,8.686071703410922,14.421420194710295,46.73159667600444
1286.115,1286.134,USV_807,0.019000000000005457,4.0,,None,1192.2604,,93.85460000000012,,0.01445603184401989,0.038330078125,15072.682853745724,16300.242783184774,0.0003735724942658618,29353.125,22673.630721317382,1.3575553227251245,6.213416382347488,6.3050921567396765,16.358618744179786,12.307078981124981,14.99330885407276,50.33474306305199
1292.278,1292.286,USV_808,0.008000000000038199,4.0,,None,1192.2604,,100.01760000000013,,0.008368884213268757,0.01064453125,19217.59902704958,23992.53058686712,0.0004907621270114507,35062.5,26036.71733679029,1.8146473866667083,3.4055648469840465,4.563480454246431,13.277767891190683,10.258388148643073,11.25891106811759,34.40125464913314
1292.688,1292.701,USV_809,0.012999999999919964,4.0,,None,1192.2604,,100.42760000000021,,0.007548925932496786,0.021623883928571428,18315.18887999703,20910.270187950468,0.0009671016553444023,34191.96428571428,25386.749116371968,2.617075279810137,4.8260284577270065,3.6941072708978617,13.55271115852376,8.829073923136637,11.974681847695097,42.3432605522767
1292.769,1292.781,USV_810,0.011999999999943611,4.0,,None,1192.2604,,100.50860000000011,,0.007893150672316551,0.04652622767857143,22447.180909518265,21739.586159164443,0.0012464344341103029,37875.0,26891.364944983394,2.7839459957419064,4.213298613883737,3.961362104262512,9.969065364941534,7.077546765348857,11.089611305158643,41.52719179205973
1292.935,1292.953,USV_811,0.018000000000029104,4.0,,None,1192.2604,,100.67460000000005,,0.010760780423879623,0.04600694444444445,19575.39028736927,16532.756832824725,0.000357655130534758,33239.583333333336,23426.26484622936,2.903374386722062,6.4446727559270975,4.90296574813969,13.674810873374916,9.517040484317157,14.101525396431002,50.63620705367565
1294.033,1294.051,USV_812,0.018000000000029104,4.0,,None,1192.2604,,101.77260000000001,,0.009615663439035416,0.02587890625,18105.417538258047,18084.591968717203,0.00026835816188335623,32156.25,21438.68985531885,1.641093034874246,4.196269595192113,5.615132045172552,12.700097689224728,9.833655703172399,12.889759867230685,49.05497578694512
1294.283,1294.298,USV_813,0.015000000000100044,4.0,,None,1192.2604,,102.02260000000001,,0.00853740144520998,0.01995849609375,16742.671750553884,16127.749353896672,9.727313170589474e-05,30832.03125,22608.704097256785,1.3671189580433947,7.860745382031511,3.9650141952060687,15.187222434301095,12.41276563672865,13.718134087608595,47.45827310257924
1294.532,1294.551,USV_814,0.019000000000005457,4.0,,None,1192.2604,,102.27160000000003,,0.01190389133989811,0.0159912109375,14971.602038819798,17304.938641996538,0.00022055648292507098,29259.375,19582.16861057891,2.3982306025823683,3.9411070772766927,4.500195073023203,13.572492993703392,10.102574279474435,16.401810387716914,49.42172723884744
1294.861,1294.926,USV_815,0.0649999999998272,4.0,,None,1192.2604,,102.60060000000021,,0.0101051926612854,0.029631438078703703,13959.157414745805,15153.836542207784,0.00017371859933547543,28770.833333333332,22764.712884845358,2.1716691522443177,3.8018486846132555,5.4175061871967065,13.89424423110362,9.973341811495303,16.5716137296138,57.86962766135246
1297.286,1297.294,USV_816,0.008000000000038199,4.0,,None,1192.2604,,105.02560000000017,,0.011646929197013378,0.01640625,18124.32289782854,22125.34783004876,0.0005279766887260494,32325.0,22732.17662998102,4.510662605080224,5.825985454565036,6.979018073119062,16.048952348498823,10.120059255560426,14.141902141219926,35.112533126581134
1298.108,1298.128,USV_817,0.01999999999998181,4.0,,None,1192.2604,,105.84760000000006,,0.0073189400136470795,0.0362060546875,17008.562100313025,18701.468922033833,0.0010397447417595238,31753.125,21194.876667444558,2.5557249685625085,4.852198279341399,4.517656242173575,14.707420803764538,9.124953313411796,14.16597166298015,48.131331806430964
1299.628,1299.669,USV_818,0.04100000000016735,4.0,,None,1192.2604,,107.36760000000004,,0.01277637667953968,0.013861762152777778,13961.68684639331,16657.09106045202,0.0001876720409516055,28385.416666666668,18530.892834584167,3.009244939099827,4.005880249041967,5.308275560705133,15.143280961795183,10.77305750938101,14.490863024886583,55.35726251453887
1299.851,1299.892,USV_819,0.04099999999993997,4.0,,None,1192.2604,,107.59060000000022,,0.009467963129281998,0.025404188368055556,15087.01026978865,15612.429335551473,0.0004352641525790567,29843.75,19704.700982606635,1.9228557005077422,3.7684046651384233,5.559340589964885,15.595925144072643,10.542743533837132,14.48004984796415,57.807436794926375
1300.012,1300.082,USV_820,0.07000000000016371,4.0,,None,1192.2604,,107.75160000000005,,0.014808973297476768,0.05893049568965517,16192.039815654565,14348.770829181096,0.00011734264406868498,27740.30172413793,21393.576810721228,2.173203505451047,5.1193523010017925,5.161077031168618,15.277505256487572,11.54165026257567,14.136985215135429,62.066527384427225
1300.762,1300.821,USV_821,0.05899999999996908,4.0,,None,1192.2604,,108.50160000000005,,0.011757902801036835,0.047434488932291664,15455.116142526967,13425.76385109456,7.266845854459764e-05,27636.71875,20242.41160450826,2.2523185353541457,4.510613865472483,5.256541114798371,14.653849422334936,10.73986864755791,13.96659133935676,61.27197614672096
1301.128,1301.194,USV_822,0.06600000000003092,4.0,,None,1192.2604,,108.86760000000004,,0.016113461926579475,0.04428891782407408,14586.099190621013,12578.401863555924,7.3658724054541365e-06,26277.777777777777,21421.440313256036,2.309113537365627,6.754173220316361,5.647714993337275,14.39868616681275,11.336206780314392,14.887045320262818,61.15099515262172
1301.455,1301.52,USV_823,0.06500000000005457,4.0,,None,1192.2604,,109.19460000000004,,0.012526297941803932,0.043131510416666664,15954.76602185123,14615.725145891929,0.00024541629413948017,28128.472222222223,20602.1713969185,3.320440281901288,6.432249338274398,6.240719660017554,15.326688590511608,11.64006621481981,14.063584264515274,60.65926809501899
1301.84,1301.858,USV_824,0.018000000000029104,4.0,,None,1192.2604,,109.57960000000003,,0.008117067627608776,0.03244357638888889,15641.788869371076,18430.307412839575,0.0003159021262433082,30885.416666666668,18641.510122013413,2.222133883049699,2.4111394752690116,5.614438666180625,13.046524787350966,11.523165142715147,15.531625812125782,48.338436068858215
1303.471,1303.508,USV_825,0.03700000000003456,4.0,,None,1192.2604,,111.21060000000011,,0.007370755076408386,0.0439300537109375,16333.75769988529,14271.928022299762,6.123682178466464e-05,30691.40625,18448.647417714536,2.751153687684166,4.079780729302355,4.170772829733162,15.301036994093852,11.24575819808324,15.611577286726154,58.160683597850664
1303.842,1303.911,USV_826,0.06899999999995998,4.0,,None,1192.2604,,111.58160000000021,,0.0171822477132082,0.05542864118303571,15921.798305598872,13142.032174436035,0.0001048415732599828,27010.04464285714,21598.47326496807,2.3916646592753534,6.373230330704962,6.748976283089469,16.32287677287341,10.42670229150787,13.986674831444759,62.51628350544491
1304.194,1304.27,USV_827,0.07600000000002183,4.0,,None,1192.2604,,111.93360000000007,,0.014128145761787891,0.04168504284274194,14361.033225122583,13186.614731183343,2.2295792821930827e-05,27677.41935483871,18244.84166497102,1.8932297596300656,6.793840703098626,4.515616093143246,16.582889904501737,11.961694274424504,13.775052530553975,59.73906778909103
1304.449,1304.471,USV_828,0.021999999999934516,4.0,,None,1192.2604,,112.18860000000018,,0.006949305534362793,0.022749467329545456,16355.726794268994,18225.903790187727,0.00019365785461216594,32556.81818181818,17058.09449204186,3.411768522880143,4.4216060001194295,4.722379207279903,15.019249578711419,9.650034438430419,15.299037564847167,48.987766269121614
1304.6,1304.648,USV_829,0.04800000000000182,4.0,,None,1192.2604,,112.33960000000002,,0.011097695678472519,0.05401611328125,17458.1433477681,14751.584480694224,0.00030820740021878364,30848.4375,18902.548753421746,3.2939903290550974,3.929543051221855,4.859178028933076,16.045421419790422,10.86477607088416,15.249757281710766,61.03949401641531
1304.728,1304.737,USV_830,0.009000000000014552,4.0,,None,1192.2604,,112.46760000000017,,0.044008877128362656,0.0035400390625,10633.540091096847,19934.136810719745,0.00012402744400808006,25125.0,26740.841088574354,1.362486660976941,3.06351369532284,2.928100194053035,17.885474742191686,10.398309059433371,11.6938630332864,34.53476396850187
1304.946,1305.004,USV_831,0.057999999999992724,4.0,,None,1192.2604,,112.68560000000002,,0.012647558934986591,0.019612630208333332,14332.52971315455,14834.23070162716,3.991407027960698e-05,28609.375,18612.08246984358,2.7855036734330803,4.258208632206342,5.116091448473278,17.19980086550141,11.487245092673732,17.89085085048022,56.87595599791609
1305.346,1305.363,USV_832,0.01700000000005275,4.0,,None,1192.2604,,113.08560000000011,,0.007289590314030647,0.027859157986111112,17472.922947222276,21128.263452093714,0.0008964674254713571,32208.333333333332,16159.282213714743,3.019618540416635,2.8764640414258458,6.305899921548114,13.275184134320181,9.872244172664097,13.960237383207227,46.508109366084234
1305.669,1305.69,USV_833,0.020999999999958163,4.0,,None,1192.2604,,113.4086000000002,,0.012574238702654839,0.0255126953125,14357.002279223987,17550.333121363707,0.00023302306030388494,29025.0,15941.319079160909,1.9429030979833386,7.224199045695525,4.874243403677326,13.979348864090682,10.441589005691014,14.31545734977951,49.07380541408803
1305.955,1305.968,USV_834,0.013000000000147338,4.0,,None,1192.2604,,113.69460000000004,,0.02157902717590332,0.0018833705357142857,15105.87076420583,21308.22183169561,0.00026894503978553493,29959.821428571428,23732.495414639834,2.3899277173723923,4.6388865970682485,4.619628463663846,9.652569009544932,7.299111007873692,10.276319662068365,40.072410718390344
1308.297,1308.321,USV_835,0.023999999999887223,4.0,,None,1192.2604,,116.03660000000013,,0.006881019100546837,0.036798650568181816,18024.91478849815,18463.151026595482,0.0006959985616176021,34389.204545454544,23807.89207504268,3.0083616950196643,3.9663686374615863,5.0870811771886135,14.960614892622594,11.65533784476736,13.703551874042045,52.51291124710952
1313.9,1313.938,USV_836,0.038000000000010914,4.0,,None,1192.2604,,121.6396000000002,,0.013472656719386578,0.01589786305147059,14581.241127771273,16537.97384811248,0.00030322992530784317,29112.132352941175,24242.426121346158,2.770626033529586,5.691109431987439,4.8815133913437,13.73230410712966,10.452553710789056,15.84906388278226,53.802290717371825
1314.213,1314.263,USV_837,0.049999999999954525,4.0,,None,1192.2604,,121.95260000000007,,0.011430846527218819,0.04063197544642857,16474.59098213884,14241.532719774881,0.00015531393521897618,28897.321428571428,19493.60872873853,2.575392021357639,4.274419235490173,4.21231814740551,15.42910485992028,11.778389119033891,13.969927089080768,58.41674880087877
1315.616,1315.634,USV_838,0.018000000000029104,4.0,,None,1192.2604,,123.3556000000001,,0.009194158017635345,0.032904730902777776,18212.47382166369,18408.019303042427,0.0006991476348005646,33197.916666666664,24779.27621857368,4.632237092544477,7.387307058928466,7.285563958179052,14.635343896694947,10.715234945609506,13.51183128462885,48.21801669062389
1315.812,1315.855,USV_839,0.04300000000012005,4.0,,None,1192.2604,,123.55160000000001,,0.01455710269510746,0.030967310855263157,17798.068048683625,16964.109130114055,0.0009261593386992894,31875.0,23974.20878127899,2.7214193887731644,6.069093682109201,4.880598019976687,16.563952383430934,9.195745486359897,14.878229605026885,56.01560960901347
1315.979,1316.052,USV_840,0.0729999999998654,4.0,,None,1192.2604,,123.71860000000015,,0.01832118257880211,0.044718424479166664,17747.306648680307,13950.274598047881,0.0003699224910723812,31356.25,21424.40602536424,1.808103513910168,4.74180998487134,5.564072499165279,16.32652165926499,9.721663570051108,12.617665083545026,60.3009994495023
1318.94,1318.958,USV_841,0.018000000000029104,4.0,,None,1192.2604,,126.67960000000016,,0.008198108524084091,0.021701388888888888,15934.033440528658,17710.34862937075,0.0003710124386711253,30750.0,18539.202217456503,1.657861189214859,4.594824984490106,3.4653669242196603,12.543394236846508,9.161728794237424,14.066977072778762,47.353741793851825
1319.006,1319.069,USV_842,0.06299999999987449,4.0,,None,1192.2604,,126.7456000000002,,0.009980998001992702,0.032912034254807696,15187.5276566421,14481.776164220093,6.411024510474478e-05,29426.68269230769,19868.34991766038,1.5001119852221065,5.0629243808501165,5.499517894860222,15.591614397686499,11.576149181451935,13.435745922360534,58.13231740267945
1319.304,1319.315,USV_843,0.010999999999967258,4.0,,None,1192.2604,,127.0436000000002,,0.008113146759569645,0.021280924479166668,18105.577211658667,19478.743038781427,0.0011298869739213343,31437.5,25330.518387994987,2.2554189117553745,2.668536123668194,3.5332446460315157,14.4884401434875,9.999622716965868,11.64088349051533,44.831611050262644
1319.396,1319.445,USV_844,0.04899999999997817,4.0,,None,1192.2604,,127.13560000000007,,0.011780139990150928,0.020263671875,12948.96754992775,15116.159207902389,7.147291192980628e-05,27718.75,20402.759582535615,2.257448834605474,4.734520091786599,6.18409351223467,16.33048115875222,10.324669788109645,13.242322329965765,56.02590766087875
1321.47,1321.512,USV_845,0.041999999999916326,4.0,,None,1192.2604,,129.20960000000014,,0.010147429071366787,0.030490451388888888,14748.548938898237,14241.39673545696,4.039133854210916e-05,28859.375,20567.107197863617,1.2762328150251439,4.675505976667218,4.580674098587391,14.707410253274563,11.748782129732964,13.747018699969585,57.176447325239465
1322.63,1322.673,USV_846,0.04299999999989268,4.0,,None,1192.2604,,130.36960000000022,,0.010513722896575928,0.025770399305555556,12527.136279233282,13883.740835968152,7.217774963757414e-05,26437.5,16960.650247188205,2.75282130051618,2.187290077014259,5.425581025724474,16.95745741342745,11.326543672046872,12.670828897913173,59.12046227857468
1324.789,1324.857,USV_847,0.06799999999998363,4.0,,None,1192.2604,,132.5286000000001,,0.012753581628203392,0.023899623325892856,13301.91747817499,13845.097293482331,4.298207508182979e-05,27833.70535714286,18670.080954432662,2.5052847081498517,5.899136914718878,5.221279977720823,15.599337765929766,11.463025979354608,14.216315085807844,57.463365430670386
1325.61,1325.722,USV_848,0.11200000000008004,4.0,,None,1192.2604,,133.3496,,0.017425375059247017,0.036981756036931816,12776.829637014394,11787.58857725082,5.122359143834229e-05,24873.579545454544,16682.33602995321,2.4740303558340058,4.142241395042911,6.023720295168448,15.43889289968209,10.411767051385597,14.63807650041582,64.16752177232586
1326.354,1326.396,USV_849,0.041999999999916326,4.0,,None,1192.2604,,134.09360000000015,,0.010365281254053116,0.0416259765625,16529.044098802784,15444.637573026279,0.0003156432769702597,29630.208333333332,17837.130263841274,2.741175252048211,4.624132511363991,5.412053971992574,15.46148964548508,10.036979673205655,14.747168670064541,57.55186445317918
1327.035,1327.13,USV_850,0.09500000000002728,4.0,,None,1192.2604,,134.7746000000002,,0.042174216359853745,0.012978001644736841,7406.5532358017335,10641.25035655983,0.00029318037103308965,15986.842105263158,14881.092113822859,2.641252192114165,3.059830871044872,4.88579175551407,14.616786056254856,10.556798590434664,15.29639231505848,62.07934206042577
1327.179,1327.198,USV_851,0.019000000000005457,4.0,,None,1192.2604,,134.9186000000002,,0.020322594791650772,0.0126953125,12475.667036850242,20385.41265441983,0.0005778148240055807,27159.375,26108.44606193578,1.5859428158702769,1.8955381908593463,4.379186444298856,15.37980737873094,10.632592789772044,16.483771451390517,46.484091552148925
1327.509,1327.59,USV_852,0.0809999999999036,4.0,,None,1192.2604,,135.24860000000012,,0.009320080280303955,0.03693921638257576,14801.275483843172,13453.429784351965,0.00015762039429155855,28974.43181818182,18368.91398216308,2.334144930776395,4.377612394511402,6.010810139519169,16.97587956907717,11.483250747973997,15.761599950206435,60.00709187125212
1327.714,1327.823,USV_853,0.10900000000015098,4.0,,None,1192.2604,,135.45360000000005,,0.010332750156521797,0.038449309593023256,14837.345702325354,12615.773913704319,9.412299739260554e-05,27531.976744186046,17086.62150078481,4.0499689068865665,3.8747130519382664,5.7462346962360344,17.331027947017798,13.048598384159218,14.607607259219515,62.161421260780855
1327.945,1327.954,USV_854,0.009000000000014552,4.0,,None,1192.2604,,135.68460000000005,,0.010454871691763401,0.020548502604166668,16577.047790923916,18621.85618629965,0.00034765707287154926,29234.375,15182.812139876036,4.69688326007834,4.70749429653227,4.385635976992838,13.546512750142265,9.475327426692228,12.462321965689801,39.90428001394901
1328.081,1328.091,USV_855,0.009999999999990905,4.0,,None,1192.2604,,135.8206,,0.007603860925883055,0.033610026041666664,17868.77490075462,17307.573881491713,0.0001519179062463143,30578.125,22762.88580589653,3.7089672255443724,2.552027907231489,5.155594482866635,14.199419939565045,12.407023247746437,13.460478436670208,41.25734212180634
1328.198,1328.226,USV_856,0.02800000000002001,4.0,,None,1192.2604,,135.9376000000002,,0.008146306499838829,0.03350360576923077,15490.797124469787,15388.832512165809,0.00020765420852436787,29387.01923076923,15446.44136352872,2.620728982274315,3.3055985788947835,3.899654076179051,15.281845331823348,11.16294084460349,15.522218023860026,54.26660542785638
1328.503,1328.557,USV_857,0.05400000000008731,4.0,,None,1192.2604,,136.24260000000004,,0.01062044594436884,0.024498980978260868,14268.074259162033,14356.530538688396,0.00026335418261633903,28777.17391304348,14851.597469600385,2.3736851447546514,3.8375725903555598,5.251891323870184,17.233221659667546,9.930162026973065,14.597361095974563,58.54640930383907
1329.359,1329.445,USV_858,0.08600000000001273,4.0,,None,1192.2604,,137.09860000000003,,0.054187458008527756,0.014083426339285714,9734.33935552983,13676.852757911314,9.667207546891939e-05,24522.321428571428,27341.401370369054,4.035322840818651,2.1158601857102033,5.5530223877955915,21.207049180095137,11.138124347051432,16.664741380024207,55.29161751384163
1335.055,1335.149,USV_859,0.09399999999982356,4.0,,None,1192.2604,,142.79460000000017,,0.011007760651409626,0.034822162828947366,14610.479447082402,13376.510634354689,1.8623943327692626e-05,28564.144736842107,24332.267670713736,2.427509865264257,3.0180229930859768,5.493894620349867,17.733608389799002,11.634468708382947,15.815060108888176,62.78013597828908
1338.523,1338.623,USV_860,0.10000000000013642,4.0,,None,1192.2604,,146.26260000000002,,0.010394671000540257,0.026544189453125,14122.262169941658,13809.436574703144,0.00014103855550736945,28851.5625,21454.640136950486,2.2371653587444698,4.206254002394937,5.564406965653891,14.751860455961207,11.695471600845949,13.883737077506362,60.64573397383142
1338.757,1338.858,USV_861,0.1009999999998854,4.0,,None,1192.2604,,146.49660000000017,,0.013721977360546589,0.0334716796875,11978.648497494902,11835.956262907886,8.260018257753775e-05,24379.6875,18406.690868382033,2.43022157125921,3.983531094775689,5.4782332166824315,14.71660651370515,13.007536845813586,15.625677626071859,63.95948896216714
1344.732,1344.759,USV_862,0.027000000000043656,4.0,,None,1192.2604,,152.47160000000008,,0.009028669446706772,0.024583082932692308,16361.323427489495,16805.955704926666,0.0007200086383631379,30973.55769230769,24449.850577535133,2.9055422491686826,4.180221837157701,5.109669743390966,15.582122102120568,11.239448198644359,13.116697885875219,52.231959045339174
1345.048,1345.081,USV_863,0.032999999999901775,4.0,,None,1192.2604,,152.7876000000001,,0.009588704444468021,0.03429361979166667,17001.83811237491,17501.527523943416,0.00023848029871516134,31450.0,24178.21511594457,1.9742746909715103,3.509381583277019,5.263346189654978,15.198172119626893,9.043607889216212,14.615327488566555,53.33115237180969
1348.577,1348.601,USV_864,0.024000000000114596,4.0,,None,1192.2604,,156.3166000000001,,0.011122292838990688,0.04922762784090909,19373.152223082623,16943.892581956337,0.0007139906114964072,33119.318181818184,22037.214992487567,2.7002694795850664,3.3590787089589296,5.414264251712279,13.820186142601766,10.191482917557934,14.770203547504446,52.574455254522604
1348.942,1348.986,USV_865,0.044000000000096406,4.0,,None,1192.2604,,156.68160000000012,,0.012283576652407646,0.028680098684210526,16732.97405363314,16004.473586790027,0.00021575258073843547,30611.842105263157,23413.606025832116,2.221287749728692,4.795525814408868,5.181818496928958,14.894397580527402,11.628233146851947,14.547901572041605,56.587053297590636
1349.063,1349.168,USV_866,0.10499999999979082,4.0,,None,1192.2604,,156.8026000000002,,0.012421873398125172,0.045450846354166664,16719.60350457843,13636.821521885347,5.7866924373174235e-05,30551.339285714286,20454.924012059044,2.4783833623168716,4.604572165964082,5.278383612880203,16.150717194973605,11.490300757754133,15.847023581764068,61.5731459620615
1349.396,1349.454,USV_867,0.057999999999992724,4.0,,None,1192.2604,,157.13560000000007,,0.017198648303747177,0.045237223307291664,18479.815462343806,13620.864944496438,0.0001018859544144949,31640.625,21494.570362534327,2.767267203009395,3.2792257195302152,4.664788941387215,16.82103801521167,11.304214018264325,14.970735879017605,61.82633708836841
1350.047,1350.073,USV_868,0.026000000000067303,4.0,,None,1192.2604,,157.78660000000013,,0.007480072323232889,0.0404052734375,17810.70188197903,16810.923794307706,0.0007552009038446233,30445.3125,20868.20555598614,2.19250575194384,2.752192268519934,4.602362568571466,14.326469352372223,10.05253576378101,14.127943486985187,52.989265041328004
1350.525,1350.554,USV_869,0.028999999999996362,4.0,,None,1192.2604,,158.2646000000002,,0.011137565597891808,0.02674278846153846,12851.934788212016,13193.590073077316,3.686227573679313e-05,26300.48076923077,14918.62238949846,2.547369069897117,4.081803194018201,4.2917288131785645,10.741193825948688,10.223376359584964,15.189789172797724,55.49449293258604
1350.879,1350.978,USV_870,0.09900000000016007,4.0,,None,1192.2604,,158.61860000000001,,0.012257620692253113,0.0246337890625,12926.054127142148,14196.651284602052,0.00024569732450544494,26512.5,18692.320360560745,2.5268015102975476,4.717526312860258,6.810662208262713,16.98804587204927,11.51903599760037,14.182477414364485,59.51059472209192
1351.084,1351.092,USV_871,0.008000000000038199,4.0,,None,1192.2604,,158.82360000000017,,0.017190201207995415,0.00341796875,13214.534453751985,19599.35865687016,0.00015037231966451474,27131.25,23234.937476386065,2.1449382312874676,1.0408560825185016,2.9023503186233603,16.2410606114556,12.397468512180435,15.231763211165651,34.00088556030656
1351.778,1351.87,USV_872,0.09199999999987085,4.0,,None,1192.2604,,159.51760000000013,,0.011032297275960445,0.027713260135135136,13901.474160181195,14122.15743785026,3.967193809592369e-05,28287.162162162163,20263.03092679966,2.3102290739132214,5.56985964152129,4.7031891739348595,15.996515044109321,11.930737705755337,15.307114927592107,59.16682144608512
1355.938,1355.948,USV_873,0.009999999999990905,4.0,,None,1192.2604,,163.6776000000002,,0.006284413393586874,0.0325927734375,19564.459294112894,22841.07731921635,0.0008162874314573392,32468.75,25444.308560220128,2.2277572225469053,4.227687362660036,6.595166042433987,15.04581694782553,10.089496236769186,15.48698553058338,37.511058069167625
1356.442,1356.471,USV_874,0.028999999999996362,4.0,,None,1192.2604,,164.18160000000012,,0.012831882573664188,0.015474759615384616,13380.536590779297,16350.21552876075,0.00010500709939196442,29040.865384615383,23876.06390896115,1.9300192820346806,4.237646470798402,5.164409050488964,15.065464078942643,12.326473396766879,15.764303860265613,50.520132217077325
1356.844,1356.853,USV_875,0.009000000000014552,4.0,,None,1192.2604,,164.58360000000016,,0.013568037189543247,0.017578125,14595.780395831049,20188.687399526792,0.00017218510898661907,30781.25,18779.38713910325,3.2956804544771257,5.738923288473619,4.627236962035604,10.708388830025998,8.848201531752453,13.957943828137191,37.5370062816434
1359.001,1359.029,USV_876,0.02800000000002001,4.0,,None,1192.2604,,166.7406000000001,,0.008234361186623573,0.025935246394230768,15900.174351472935,17186.96008493521,0.00028200294771592267,30576.923076923078,24110.34886379461,1.6601576279954604,3.943778047617925,3.905875125714445,15.230678393246695,11.811516427388568,16.06297620973892,51.552025046042445
1359.06,1359.112,USV_877,0.052000000000134605,4.0,,None,1192.2604,,166.79960000000005,,0.010268788784742355,0.03390225497159091,14663.356556177301,13542.888328916057,6.964057465571561e-05,28329.545454545456,20054.06083856538,2.484098928974802,6.989671456918125,4.866815293872826,15.818579468478005,11.829427831562224,14.999619491378924,58.124035298028986
1359.381,1359.413,USV_878,0.03199999999992542,4.0,,None,1192.2604,,167.1206000000002,,0.010111241601407528,0.029087611607142856,15145.544423984364,16689.825730407763,0.00047344485065878945,31627.23214285714,27771.55945528346,1.446664511544696,3.762950741052022,6.50617155416515,17.067270897235673,9.131523637339866,15.36547390444242,54.75756499644176
1359.689,1359.701,USV_879,0.011999999999943611,4.0,,None,1192.2604,,167.4286000000002,,0.01210054662078619,0.019635881696428572,16704.968849919376,19558.937403671745,0.000540652203057496,29169.64285714286,20799.78549744903,2.6499166404009498,7.892959907982428,6.054685744037231,16.156848568194967,9.327608215504958,15.40024418534691,42.18205088241892
1360.894,1360.975,USV_880,0.0809999999999036,4.0,,None,1192.2604,,168.63360000000011,,0.011987744830548763,0.02305279356060606,13612.548096064946,14924.807627146394,0.0002278488355812874,29181.81818181818,22934.60502374048,2.5911467156080605,6.436362979889247,5.907744435933976,17.393328724299916,10.6964542432906,16.398487479840245,56.79133307157028
1361.372,1361.382,USV_881,0.009999999999990905,4.0,,None,1192.2604,,169.11160000000018,,0.0056005255319178104,0.035603841145833336,16859.75006115428,15563.79981472929,0.0003325169318616937,30531.25,21239.017824674123,1.3909511060266304,5.034907153656789,5.714540620628376,14.158916584305482,9.111970976546349,15.206251806989313,45.42615035925201
1362.059,1362.074,USV_882,0.015000000000100044,4.0,,None,1192.2604,,169.79860000000008,,0.011098826304078102,0.02685546875,17959.01035321969,18518.32430520656,0.00021737401881555756,31371.09375,26574.119057081967,1.8059651785666682,5.063945453235341,4.6192827597806785,15.90854390724234,13.207525738611292,15.234543272809677,45.33203472437777
1363.149,1363.204,USV_883,0.055000000000063665,4.0,,None,1192.2604,,170.8886,,0.008312523365020752,0.022131878396739132,14883.483680978625,15454.985435884919,0.00017646746904235338,30008.152173913044,23915.757539050734,2.5771221244584965,5.963158210627221,6.256317761635051,15.859584928153058,10.418229506169487,15.673263387197103,56.463216318880015
1363.879,1363.912,USV_884,0.03300000000012915,4.0,,None,1192.2604,,171.61860000000001,,0.007237358018755913,0.025065104166666668,15571.916515459628,16696.36809744679,0.0004546504286378293,30356.25,23516.694926744985,2.6692864154352938,4.188000467832879,4.225229321302746,15.096739134206153,9.30227326696919,14.497600505447444,53.1539457642017
1363.999,1364.02,USV_885,0.020999999999958163,4.0,,None,1192.2604,,171.73860000000013,,0.012381646782159805,0.0258544921875,13703.75729281563,16438.582025570613,0.0001692846868330367,27009.375,16950.36521436985,3.5141001764040367,5.024965388507008,4.0231348788714545,16.743253268243745,9.760764127384505,17.82013189907881,50.112610478130605
1364.231,1364.272,USV_886,0.04099999999993997,4.0,,None,1192.2604,,171.9706000000001,,0.007974786683917046,0.045966254340277776,15541.581514876281,15139.271313832449,0.0002977216457942465,29020.833333333332,16746.712191201095,2.7867668577053246,3.412396174968546,5.667236237723866,14.276014489050295,10.387811358479013,15.164719109193252,55.291393684289346
1365.006,1365.035,USV_887,0.028999999999996362,4.0,,None,1192.2604,,172.7456000000002,,0.009646283462643623,0.018517127403846152,15805.205487385887,15796.570548221118,0.0002198481201798497,28882.21153846154,21034.86969024666,2.7183893718682075,3.7394577200221124,5.80165810865867,16.150251903608176,11.422242643045488,15.921696902106033,53.96324987189909
1365.356,1365.382,USV_888,0.026000000000067303,4.0,,None,1192.2604,,173.0956000000001,,0.011893894523382187,0.020670572916666668,15445.36830012346,16827.034481693463,0.0004645388711683896,28359.375,18676.160354652035,1.902873687257711,4.575379112510359,5.524787865835196,14.064068428422722,9.553375169943111,15.039461220224126,51.58762313556438
1366.281,1366.345,USV_889,0.06400000000007822,4.0,,None,1192.2604,,174.02060000000006,,0.008743452839553356,0.04005784254807692,16316.116060340117,15198.007931716078,0.000657151075784137,30847.35576923077,21330.22233291145,3.1539531196807933,3.1047319797743445,4.590661736354724,17.530400028790634,11.214039783859382,16.1237320673569,58.5392557732129
1366.474,1366.605,USV_890,0.1310000000000855,4.0,,None,1192.2604,,174.21360000000004,,0.01438903994858265,0.044541579026442304,13749.91503803119,12417.1074821947,0.00029038938876172924,25413.46153846154,15093.26600200643,2.7781598393029094,3.8821668157499927,6.341098637768136,15.78065170328184,10.8777891739733,15.716131882971677,62.79031988827929
1367.684,1367.746,USV_891,0.06200000000012551,4.0,,None,1192.2604,,175.42360000000008,,0.011009691283106804,0.030104417067307692,14888.210913317025,13980.043313752434,9.022913538668706e-05,28290.865384615383,18344.76837467231,2.13039751966525,4.253931195101608,6.551067698810939,17.08690542913352,10.14493506031678,15.257043214802756,59.1104178199733
1370.069,1370.095,USV_892,0.026000000000067303,4.0,,None,1192.2604,,177.80860000000007,,0.013158470392227173,0.015869140625,14242.07530913416,17145.468872796915,0.00034272204977799987,26765.625,16333.945326628762,2.433603241905084,3.2089301093019955,7.513746557379153,14.136088318743665,10.982931469890389,15.825787405352465,51.65611035430982
1370.793,1370.83,USV_893,0.03700000000003456,4.0,,None,1192.2604,,178.5326,,0.016427073627710342,0.011688232421875,12163.430359602125,15950.536485647319,0.00020383415732535987,25828.125,14963.553749384517,2.668902000766739,4.783434363546374,5.1676075166902775,14.110868684216404,10.354111915853139,14.705762765968291,52.91649632998379
1371.329,1371.347,USV_894,0.018000000000029104,4.0,,None,1192.2604,,179.06860000000006,,0.01184722501784563,0.022515190972222224,14134.12672550288,15817.10526968096,0.0002204209523431455,26875.0,20174.489122074876,2.495990278074899,4.449866198064774,4.081805849243518,12.199733268590927,9.695734638897521,15.775540792258958,49.72165287979787
1371.765,1371.815,USV_895,0.049999999999954525,4.0,,None,1192.2604,,179.5046000000002,,0.01734401285648346,0.028494698660714284,12927.39750390086,13659.80306548231,0.00010600392357317678,26022.321428571428,21670.441899478385,2.12552354313545,2.1592408708667854,4.962494682949388,17.55713956161341,10.542862385985872,15.42364702562214,58.3556723177914
1372.008,1372.139,USV_896,0.13099999999985812,4.0,,None,1192.2604,,179.74760000000015,,0.013746985234320164,0.047406364889705885,13739.65485231044,11168.264378103258,1.7267590506443106e-05,24867.647058823528,15722.893209509271,2.2812704273193174,4.012343757227088,5.818415899447448,18.416219761464358,12.056751527126835,15.522286017391487,66.42874997299297
1373.104,1373.188,USV_897,0.08400000000006003,4.0,,None,1192.2604,,180.84360000000015,,0.017218664288520813,0.03302360983455882,12013.008051549188,12074.891900722107,0.00012791171267794005,22977.022058823528,16124.987772029208,2.041864545422529,4.18860722880197,5.593724898702327,15.429665378854107,11.259627896827878,15.677755228218375,61.957117327002926
1373.329,1373.389,USV_898,0.05999999999994543,4.0,,None,1192.2604,,181.06860000000006,,0.009853128343820572,0.04146484375,14528.75237010336,13537.50637798684,6.351070420258017e-05,27450.0,20896.929969113597,2.6457715650176334,3.4141400136952726,4.066405864608711,14.875091735275518,11.486119002703028,15.912258598938793,59.82828133889344
1373.504,1373.53,USV_899,0.026000000000067303,4.0,,None,1192.2604,,181.24360000000001,,0.01427585631608963,0.0211181640625,12840.508477068694,14191.941563981964,3.5882822491001725e-05,25554.6875,15051.004041634042,2.0619589559920235,5.818779129778679,4.646135601802519,15.195076308033954,10.973972604175481,16.904675656968887,52.891564279611224
1375.724,1375.747,USV_900,0.023000000000138243,4.0,,None,1192.2604,,183.46360000000004,,0.01110975444316864,0.010919744318181818,12799.82677725352,15721.479776072789,3.134825017988617e-05,29198.863636363636,24504.66122104024,2.3171640568355696,4.298845674024949,4.615747690243247,15.662865396360514,11.517146283176338,13.796207814727625,50.279416730375665
1379.923,1379.94,USV_901,0.01700000000005275,4.0,,None,1192.2604,,187.6626000000001,,0.008616267703473568,0.023871527777777776,16080.63284890596,15147.48280164916,0.00019870177620395698,30125.0,24178.176298991202,2.851923683506055,3.992164193176334,6.278083270401312,16.516560862349664,11.738101291694624,15.075589758745151,49.48759587918167
1380.105,1380.154,USV_902,0.04899999999997817,4.0,,None,1192.2604,,187.84460000000013,,0.025776473805308342,0.017508370535714284,10281.99527054402,13601.525066591621,4.796717838299785e-05,23330.35714285714,25659.54184161281,1.3833179776667708,3.225307165941218,6.281435647530832,13.821632986863273,9.925279435252587,13.748480367514746,54.40256001779591
1381.078,1381.099,USV_903,0.020999999999958163,4.0,,None,1192.2604,,188.81760000000008,,0.01250499952584505,0.0160888671875,15510.939881569435,17719.322106102976,0.00022231626066258458,29887.5,24263.863604325157,2.1291751602144644,6.893575727974498,7.2989597465594755,13.78338904956966,9.19717000645181,14.990546266461587,48.03391293739621
1387.268,1387.293,USV_904,0.024999999999863576,4.0,,None,1192.2604,,195.00760000000014,,0.00794082973152399,0.027730305989583332,16494.532849701034,16503.638328674602,0.00017599898797686703,30921.875,24341.42243412079,2.2404967168580137,3.135941399887154,5.44874573254389,15.575093172451426,11.173382516227418,15.319736654421833,52.831881044602476
1388.71,1388.719,USV_905,0.009000000000014552,4.0,,None,1192.2604,,196.44960000000015,,0.010277867317199707,0.017171223958333332,19213.637693357072,22038.221251504114,0.0007762323841652702,33703.125,23319.84544411973,1.628188312211912,3.802795170833537,5.224028008016724,13.070691855323512,9.332425249937598,14.08934322570777,38.430600727617
1388.784,1388.933,USV_906,0.14899999999988722,4.0,,None,1192.2604,,196.52360000000022,,0.00869451928883791,0.031431000808189655,14856.476022500952,13688.614850585596,1.35132754413817e-05,29658.943965517243,22408.474955396283,2.604405283041071,3.576602738838356,5.616736358290191,17.191281931597096,11.569464157012494,15.418661769494888,60.614139398886344
1388.972,1389.011,USV_907,0.03899999999998727,4.0,,None,1192.2604,,196.7116000000001,,0.011634280905127525,0.015538832720588236,14465.856023731592,15462.581125658913,4.631028852994084e-05,30887.867647058825,25552.607637332378,2.554251144004653,2.135735640932017,6.494443042338777,15.062370579983147,11.724403988135036,15.258870166676468,56.469794306311144
1389.121,1389.217,USV_908,0.09600000000000364,4.0,,None,1192.2604,,196.8606000000002,,0.01120737660676241,0.03572805304276316,15383.635954832376,13218.910323968903,9.444167724306068e-05,28349.50657894737,22263.83922658767,2.8284119859743466,3.6126223444319767,4.663377694080576,16.66155249773366,10.812733546001425,14.700662210246582,62.286000954610266
1389.279,1389.348,USV_909,0.06899999999995998,4.0,,None,1192.2604,,197.0186000000001,,0.02457134611904621,0.026715959821428572,12647.323068188445,13939.259464291523,0.00022815621445065838,27495.535714285714,26117.763627641165,2.5910240554090325,2.3348345734936418,4.687844023347085,18.47109600801533,11.688648650762389,15.372253992910101,56.95296362471072
1390.748,1390.783,USV_910,0.03499999999985448,4.0,,None,1192.2604,,198.48760000000016,,0.012736167758703232,0.018505859375,13311.841750502355,13833.881521131774,5.852620142789043e-05,27175.0,21644.4745336811,4.0548940911899205,6.402879984973454,5.086374274811092,18.601853654960554,10.73821356021172,13.855177108586487,56.40599344458139
1390.926,1390.961,USV_911,0.035000000000081855,4.0,,None,1192.2604,,198.66560000000004,,0.010097164660692215,0.0222625732421875,15186.209276773796,17997.266447131147,0.0006387977922348229,30310.546875,19254.46973361403,2.4914760763512227,3.7730771817220505,5.836237093109025,14.1122430276947,10.476390511306704,16.315349491931144,52.53845026811101
1391.122,1391.17,USV_912,0.04800000000000182,4.0,,None,1192.2604,,198.86160000000018,,0.008655336685478687,0.03958740234375,16142.330660721378,15143.077007182703,0.00024475811052030567,29610.9375,22421.897722762973,2.6630615832247124,3.0032299047855817,6.1894258804601785,16.292562665280997,9.582963991017603,14.557592859305142,59.25153517748845
1391.31,1391.355,USV_913,0.04500000000007276,4.0,,None,1192.2604,,199.04960000000005,,0.012026268988847733,0.018811677631578948,13795.167666565356,14728.747081182131,0.00011574515921303868,28036.184210526317,21428.949887039125,2.786214603733392,6.068207194175213,5.329529400551865,14.584079253844,11.15664860175899,14.414643627070536,56.04384933923802
1392.53,1392.55,USV_914,0.01999999999998181,4.0,,None,1192.2604,,200.26960000000008,,0.006760880351066589,0.0358154296875,17621.4707900452,18368.78037479571,0.0005473797366375726,30571.875,19000.809294839048,2.9321863299117417,2.133446347450394,5.551297172472399,13.502678041616752,8.094554652994013,14.39684624467257,49.518891532625375
1392.933,1392.991,USV_915,0.057999999999992724,4.0,,None,1192.2604,,200.6726000000001,,0.008663755841553211,0.028177897135416668,14846.475603889894,14704.71639358768,0.00010131995597899487,28792.96875,19355.074561884216,2.1120307597746293,4.141321728953029,4.583220636286699,16.632448720511494,12.576130536560429,16.395748464358338,58.32893368849605
1394.088,1394.137,USV_916,0.04899999999997817,4.0,,None,1192.2604,,201.82760000000007,,0.012581145390868187,0.019880022321428572,13255.480353139315,13883.337148649887,2.4933757386806707e-05,27709.821428571428,16810.830755181814,2.2460678083968313,5.543593040389038,5.040177683237555,17.18016158185746,11.16329930752087,15.29284501770206,56.26385027261348
1394.171,1394.29,USV_917,0.11899999999991451,4.0,,None,1192.2604,,201.91060000000016,,0.010523908771574497,0.032320063164893616,14416.190312730101,13877.430709299462,0.00016056982633099918,28775.26595744681,18646.467177955077,2.319513924204555,4.655642914117575,5.915525996483023,15.509955285150392,11.11042660766328,15.134962867103393,59.66655148198893
1395.462,1395.599,USV_918,0.1369999999999436,4.0,,None,1192.2604,,203.2016000000001,,0.010157473385334015,0.027492947048611112,14148.80168968731,13622.832314469835,0.00013990578987742224,28251.73611111111,20525.31787799115,2.5013050116218216,4.744607641189429,5.86566350032055,16.763900193204364,10.796209205851106,14.745949100090415,61.698041303439645
1402.865,1402.879,USV_919,0.013999999999896318,4.0,,None,1192.2604,,210.60460000000012,,0.012004674412310123,0.00958251953125,15130.19634752965,18928.76403961544,0.00022713577528123466,29472.65625,20530.9001722473,2.353321357117303,4.589297410064853,4.476978932467723,13.398863538139603,8.46068855063885,15.523272358289516,44.82039440705252
1402.973,1403.064,USV_920,0.09100000000012187,4.0,,None,1192.2604,,210.71260000000007,,0.01175321452319622,0.019709406672297296,13569.703752876898,13756.952077664379,4.880581336378931e-05,28403.716216216217,23015.546016509204,2.384030160242994,4.7016417401008725,5.041403506621745,16.744291172564296,12.10136725877355,16.97614337534812,59.469701878860114
1403.646,1403.683,USV_921,0.03700000000003456,4.0,,None,1192.2604,,211.38560000000007,,0.01898825168609619,0.0201873779296875,12634.169268915379,14109.681994261606,0.0001311999036547345,25957.03125,22997.238248018715,2.33980654580805,3.4545159474279594,6.652290790057952,17.378065366327153,11.90498185274449,15.412146429875005,55.675080721267854
1403.768,1403.79,USV_922,0.021999999999934516,4.0,,None,1192.2604,,211.50760000000014,,0.013582649640738964,0.013294566761363636,14168.17883279363,19457.012094489703,0.00032374850265033764,28883.522727272728,22831.940442380986,1.6884743688296213,2.0658652111253697,6.480823932350204,15.907397211669121,9.53533030948329,14.92328817538252,47.351114037927864
1404.207,1404.22,USV_923,0.012999999999919964,4.0,,None,1192.2604,,211.94660000000022,,0.005604350008070469,0.045689174107142856,19148.91828379429,20108.86160887968,0.0014204411326570296,32665.178571428572,19044.545807923063,3.5939084037729083,0.9622608503983665,2.9467278925476914,17.09409557737837,13.338020751134522,13.771855421042885,43.972910698242856
1405.542,1405.689,USV_924,0.1470000000001619,4.0,,None,1192.2604,,213.28160000000003,,0.012698199599981308,0.026889143318965518,13684.714635082008,13485.840482817357,4.176793535698407e-05,27790.40948275862,21262.478610856306,2.727506604830272,5.387934122588147,5.229659469617001,15.713256333141802,10.601653521987087,14.490118843149373,61.09148881073563
1405.724,1405.787,USV_925,0.06300000000010186,4.0,,None,1192.2604,,213.46360000000004,,0.015208432450890541,0.018733097956730768,12220.127737339508,14660.810714552812,7.453671831698416e-05,27284.85576923077,23924.587542256304,2.8356155167365378,4.911545854044592,5.5266881153654985,17.85919354279907,10.771096954541125,16.170710412076932,57.7429192597264
1407.086,1407.102,USV_926,0.016000000000076398,4.0,,None,1192.2604,,214.82560000000012,,0.012400314211845398,0.016448974609375,13400.337912543713,16931.109553505652,0.00017654618368263922,25476.5625,18849.187481833407,2.690780905040507,5.187402667343594,5.162558359134708,14.338775214710468,12.871142886974795,15.227322037989369,47.334495372777084
1407.639,1407.696,USV_927,0.05700000000001637,4.0,,None,1192.2604,,215.3786,,0.011959187686443329,0.024322509765625,14855.554735069121,15103.588613040432,0.00045900861415875023,27984.375,19980.531577022524,2.5786589415232117,3.4443571667175696,5.028434046936037,14.157972669309919,9.941244893420858,16.9848627840485,58.91571655697163
1408.909,1408.942,USV_928,0.032999999999901775,4.0,,None,1192.2604,,216.64860000000022,,0.008600790984928608,0.027376302083333335,15291.81413229716,16979.36367667275,0.0003468924620956425,29256.25,19324.548504265782,2.558098402099746,3.0228302988375164,4.502820647797761,15.459073008083951,9.877936128455769,14.650582664698153,54.47729407258505
1410.093,1410.14,USV_929,0.047000000000025466,4.0,,None,1192.2604,,217.83260000000018,,0.01030130684375763,0.0229736328125,14030.888044929958,15404.166158869391,7.282686170753069e-05,29568.75,24837.35108721079,2.013503726196592,3.9375240762435815,5.5521606769749665,18.869656487759634,11.96775287417672,17.36661134374908,57.17303343435443
1410.306,1410.316,USV_930,0.009999999999990905,4.0,,None,1192.2604,,218.04560000000015,,0.010735842399299145,0.032796223958333336,15549.449803131109,15357.379304124843,6.676109998873292e-05,30656.25,22673.064855176537,2.7775240897799285,4.125625771466112,4.566284496669538,17.267690466807803,11.910019044856185,14.734023326528202,42.060263247465855
1410.749,1410.758,USV_931,0.009000000000014552,4.0,,None,1192.2604,,218.48860000000013,,0.007891646586358547,0.0380859375,18435.112897718365,19690.00472835724,0.0003126186944694482,32593.75,25967.222016445885,2.775293034452383,4.162266888817072,4.20320854078014,11.631049158981975,7.768152176184242,13.229627957333882,39.40586552967113
1411.062,1411.162,USV_932,0.10000000000013642,4.0,,None,1192.2604,,218.8016,,0.013566618785262108,0.03084716796875,13969.102590142604,13090.66828837444,0.0002110934233135788,27119.53125,17454.63253717348,2.5284512270032904,3.2496835875665426,5.271323701230665,13.796498920525371,10.493537332671917,14.96044381183396,61.71169741272165
1411.629,1411.641,USV_933,0.012000000000170985,4.0,,None,1192.2604,,219.36860000000001,,0.01355286780744791,0.019880022321428572,14956.113149425073,15678.793063967198,0.00017983883354831572,29571.428571428572,21580.73908114865,2.1379517807862713,4.460485728041131,5.60571383065185,16.9359036971527,11.189124244728651,14.596559793322422,48.09518660383414
1412.085,1412.1,USV_934,0.01499999999987267,4.0,,None,1192.2604,,219.82460000000015,,0.007791801821440458,0.026458740234375,15153.361557234519,15429.106904979226,0.0001539832168034229,29015.625,23888.709343731018,2.4507782019522457,7.1432323047063075,7.384501402680748,15.814509700124857,9.477786652490638,14.72186059541465,47.64728901414162
1412.306,1412.37,USV_935,0.06399999999985084,4.0,,None,1192.2604,,220.04560000000015,,0.010523324832320213,0.026686448317307692,14864.373557749212,14620.210483018165,0.00012106267195309065,28752.403846153848,22396.55946330069,2.3671326773739394,3.3155456432145494,5.483534097520512,15.018432411710963,9.859851239331748,17.80036263896303,58.919813689582455
1412.755,1412.791,USV_936,0.035999999999830834,4.0,,None,1192.2604,,220.49460000000022,,0.012256214395165443,0.026824951171875,14162.997827128132,14278.657014616081,5.726549203401549e-05,27304.6875,20083.106748027596,3.6364153192592177,4.396144456540455,6.317976264217569,18.039944258748147,10.839782184073227,16.54193172097563,56.430646440397595
1413.139,1413.157,USV_937,0.018000000000029104,4.0,,None,1192.2604,,220.8786,,0.007844473235309124,0.025987413194444444,17183.38893446561,18530.741460163186,0.000461723573813162,30322.916666666668,23549.45705704446,3.6533135161267487,2.5800254936364317,7.128577959001155,11.884612948954267,8.573706739716876,14.230256381277691,47.05590632912923
1416.479,1416.504,USV_938,0.024999999999863576,4.0,,None,1192.2604,,224.21860000000015,,0.007724964991211891,0.03363037109375,17940.69110649233,18929.842150587556,0.000960830036936823,31632.8125,23656.795106367634,2.9350337068677845,3.5766588495313236,7.0659513297835455,17.09525274411156,9.159644193744654,15.671790015262397,51.22520940601428
1416.859,1416.871,USV_939,0.012000000000170985,4.0,,None,1192.2604,,224.59860000000003,,0.009417821653187275,0.018589564732142856,16580.934506831232,20160.17604139329,0.00029851251819957344,30000.0,21101.576580273286,3.568601977661291,2.7601581389127756,4.146760683997418,12.609123179842845,10.399144804100086,14.037015240460919,41.90437410739611
1417.354,1417.369,USV_940,0.01499999999987267,4.0,,None,1192.2604,,225.09360000000015,,0.01182723231613636,0.01275634765625,15957.47987028016,19250.546041880967,0.00025114258390898284,30750.0,25479.946543563106,2.31573703593236,7.028419750150929,3.9705659647496434,13.149148278957423,11.057675933442868,14.106649286914385,44.15729634264184
1417.502,1417.564,USV_941,0.06200000000012551,4.0,,None,1192.2604,,225.24160000000006,,0.012104312889277935,0.027738131009615384,13869.683627803623,14522.906640546786,0.0002849800115553499,27793.26923076923,21329.067467691966,2.1403812655358743,2.682879431640247,5.390453626352907,13.806963464915002,9.65197548818456,14.67416597416879,57.10745528685702
1418.86,1418.87,USV_942,0.009999999999990905,4.0,,None,1192.2604,,226.5996,,0.008457827381789684,0.014444986979166666,14508.43160948537,17182.77700963971,0.00012994467983536165,28812.5,22716.61567735707,2.9969706476787596,2.991663912054175,3.1381342194890647,15.224741489584924,11.13164920572676,15.712367532286173,40.511680072268035
1420.281,1420.332,USV_943,0.05100000000015825,4.0,,None,1192.2604,,228.02060000000006,,0.01430174708366394,0.017689098011363636,12264.606625310784,15382.400486577111,0.00023125378417973902,26548.295454545456,19103.08340131366,2.3802298127199824,6.289797861193213,5.752546164627692,14.98514888426638,9.493469223539579,14.920392905088773,55.00276935888027
1420.483,1420.534,USV_944,0.05100000000015825,4.0,,None,1192.2604,,228.22260000000006,,0.011236768215894699,0.02880859375,14483.754153383343,14549.067365443987,0.0004963035284448522,27392.045454545456,20001.048446871224,3.103817192087499,5.9538205241210145,4.755552158498485,16.438586941219935,11.102006393595685,14.613326525701922,56.96570018454178
1420.804,1420.826,USV_945,0.021999999999934516,4.0,,None,1192.2604,,228.5436000000002,,0.006906644906848669,0.03488991477272727,15241.487333191768,16080.75463263858,0.00014763656576434112,29275.56818181818,18193.743176125015,1.736458850798212,2.969310113195989,4.500306119394248,12.801014048303578,9.331330912527596,14.918073482952742,52.44847625714588
1421.45,1421.473,USV_946,0.02299999999991087,4.0,,None,1192.2604,,229.18960000000015,,0.007322263903915882,0.02594549005681818,15827.056642235082,17112.505247746427,0.00025853722200678956,30170.454545454544,16857.314655633756,4.535708415162265,2.129831408694525,4.47959411197977,13.83698465160491,8.806303320365808,15.292314161552897,51.166198978606616
1422.354,1422.391,USV_947,0.03700000000003456,4.0,,None,1192.2604,,230.09360000000015,,0.01260814256966114,0.01458740234375,13374.258475702589,16148.427075959946,0.00013074482941145574,28541.015625,23669.94545160094,2.915141813583162,4.390604536346772,5.538901382500484,15.109833185474582,10.238440918885146,13.565722873639684,52.40189666365406
1422.42,1422.568,USV_948,0.14799999999991087,4.0,,None,1192.2604,,230.15960000000018,,0.009882766753435135,0.03431438577586207,15134.530794580756,13602.286908141365,2.2740285091884507e-05,29922.41379310345,23163.99760633946,2.431331425010262,4.346668184373956,4.944951550122755,15.817288867269669,10.13713698166227,15.875811289415022,60.39551722599648
1422.852,1422.959,USV_949,0.1069999999999709,4.0,,None,1192.2604,,230.5916000000002,,0.02436980977654457,0.013131277901785714,9627.293131672448,13072.148537779072,2.3984566225113904e-05,24069.196428571428,27013.78279287654,2.970023268938415,2.8274222840432364,5.164319996237796,20.066655581462324,10.48532250534071,16.680985118186992,59.64981028679699
1423.016,1423.031,USV_950,0.01499999999987267,4.0,,None,1192.2604,,230.7556000000002,,0.016587302088737488,0.015106201171875,13601.794680641735,14986.37425111509,0.00017363280201177156,26203.125,23387.459121826483,2.530482865265611,1.025585415216057,5.547797886211035,19.320290310610915,10.531125566826047,13.161967252928454,50.39711530746812
1423.289,1423.378,USV_951,0.08899999999994179,4.0,,None,1192.2604,,231.0286000000001,,0.013849016278982162,0.03616672092013889,15924.604141300144,14125.450484093912,5.827908710332348e-05,29763.020833333332,23435.828141979724,1.807923325487657,6.450581157247736,4.850426616369627,16.270104482691497,10.968456529345868,14.63391703367183,60.69331336315546
1423.961,1423.97,USV_952,0.009000000000014552,4.0,,None,1192.2604,,231.70060000000012,,0.009447003714740276,0.0111083984375,16361.338240007308,17271.866043176768,0.0003094582154707313,28984.375,21977.085312826344,1.7245243452002503,3.1023464669070413,5.159679873351454,14.133117046700463,7.923832530074532,17.698246619915583,40.37281812357649
1424.026,1424.047,USV_953,0.020999999999958163,4.0,,None,1192.2604,,231.76560000000018,,0.010053941048681736,0.0220458984375,15806.625392677015,18277.874797815246,0.0003220959703374163,30571.875,26384.312401807518,1.4295184334246258,6.637142261106391,4.368609342092526,12.719082453647388,9.833916508671479,16.687725952790917,48.42226677033044
1424.35,1424.363,USV_954,0.013000000000147338,4.0,,None,1192.2604,,232.08960000000002,,0.014299948699772358,0.013671875,12994.88890866519,13666.50698072639,2.634568977302506e-06,27656.25,22475.204664887096,1.8890157458728658,7.91808526909553,4.530967475289842,14.337838990316737,10.138543658882856,17.574042543747055,49.19411823102979
1428.041,1428.065,USV_955,0.024000000000114596,4.0,,None,1192.2604,,235.78060000000005,,0.008790683001279831,0.05892666903409091,18981.104272918958,16238.215114553981,0.0005287939012715366,31849.43181818182,22580.86325700948,2.0055076492285813,2.9334367811587665,7.173256824155086,16.875105498206327,11.929602555231458,16.23720679558883,52.10930548493939
1429.279,1429.301,USV_956,0.021999999999934516,4.0,,None,1192.2604,,237.0186000000001,,0.007089795079082251,0.03722034801136364,17907.64270443727,18384.718580381494,0.00032637747795379073,31627.840909090908,21324.35971298187,2.7433604361809603,4.734691267845426,8.441151384718134,16.112725060481242,11.033005127525534,16.14369763764139,50.33748260999874
1429.476,1429.503,USV_957,0.026999999999816282,4.0,,None,1192.2604,,237.21560000000022,,0.008109656162559986,0.018269856770833332,14895.781124427902,16388.02548707592,8.32770818115517e-05,30101.5625,25407.928008167888,2.433876218387152,5.851305382446363,4.707034130500932,11.580527957423618,9.55293052787156,13.875006303314372,53.83546274660073
1430.668,1430.683,USV_958,0.015000000000100044,4.0,,None,1192.2604,,238.4076,,0.012661194428801537,0.026214599609375,16567.236993915736,19445.400203649555,0.0005770361971425538,29449.21875,16476.18477605638,1.9997371439936487,6.147894464716501,4.36823643814842,14.550246135666983,9.411122786723457,13.533833855155905,44.79567395705463
1431.877,1432.005,USV_959,0.12800000000015643,4.0,,None,1192.2604,,239.61660000000006,,0.01389724388718605,0.030947265625,13178.649102692225,12392.111453635232,2.363897544850083e-05,25507.5,16269.869549287181,2.2966986081860865,5.804165617393295,5.906679653356514,16.255356626732315,11.731126118129474,14.651928515008096,61.95934974447259
1432.582,1432.611,USV_960,0.028999999999996362,,,None,,,,,0.00662568211555481,0.038010817307692304,16372.697099156512,15708.0605912181,0.00034260877697754713,29920.673076923078,16318.150567489032,3.6833900909845463,2.956194284607524,4.814810561214167,13.826531521397195,11.024480165075094,16.34670623350886,54.996527009523824
1433.673,1433.692,USV_961,0.019000000000005457,,,None,,,,,0.011709247715771198,0.0355712890625,15707.462301328775,15942.43838375494,0.00017294889081125364,30534.375,23635.625907372956,1.7058354158461284,6.179466512666197,4.564777715444398,14.569538599813168,10.246459639707906,16.038230553278172,50.49742490607562
1433.888,1433.978,USV_962,0.09000000000014552,,,None,,,,,0.010457095690071583,0.030931260850694444,14453.991604473042,12571.301278823808,2.0226291934004107e-05,27210.9375,20091.340508442416,2.5893903686984916,2.450793591047223,5.3611480857721725,16.41977681480849,11.391066068229383,14.159664916180724,62.57255876235875
1434.14,1434.269,USV_963,0.1289999999999054,,,None,,,,,0.01097511313855648,0.030220779718137254,12638.245254801775,13092.730304118028,7.933870080973406e-05,25827.20588235294,20144.76420450486,2.9053123628759856,4.496016663516029,5.631705257678545,13.822920119717828,11.72596789661483,15.648369384004056,62.87688304064324
1434.39,1434.528,USV_964,0.13799999999991996,,,None,,,,,0.015934064984321594,0.025056061921296297,11827.676388196543,12516.4179338803,5.1817063104241676e-05,24711.805555555555,17837.16766140974,3.0523018493256178,3.3316950396573133,6.35755786129069,17.479269962081922,11.954361973747453,14.695232597586475,61.96603538915303
1435.214,1435.332,USV_965,0.11800000000016553,,,None,,,,,0.016896087676286697,0.029691655585106384,11943.33294475273,12510.272887738563,7.435701478018362e-05,24704.122340425532,16933.597423439503,2.845840473068932,3.244561413851752,5.918450104787339,16.062254620365145,10.646500899665822,14.33980037664596,62.95568038574686
1437.03,1437.065,USV_966,0.035000000000081855,,,None,,,,,0.0153143759816885,0.01080322265625,13339.742814519772,16824.393540077548,0.00047492291963275056,28494.140625,23888.10093609772,2.792858449321072,4.297267562146353,5.681161394653213,15.909033994096058,10.419970870933884,13.674998607513295,51.78719190597978
1439.206,1439.244,USV_967,0.038000000000010914,,,None,,,,,0.007629503961652517,0.03192497702205882,15719.942357899998,14513.77446460781,0.00014433615607996127,29762.867647058825,20014.546038357326,2.9961869919880457,3.8944252111974627,5.276531259684309,14.558497953076825,9.316017255989076,14.240857366581327,58.2066115454235
1440.058,1440.196,USV_968,0.13799999999991996,,,None,,,,,0.011052368208765984,0.024658203125,13337.63883527769,13516.732730574258,4.325604132518159e-05,28026.041666666668,21956.43584360948,2.5162039484046494,3.3748329937291595,5.210365639986412,16.154355267658428,11.83994022096767,14.62111484198722,59.63731818667307
1442.355,1442.399,USV_969,0.04399999999986903,,,None,,,,,0.014605959877371788,0.01796361019736842,12418.769277265339,15846.565587120198,0.0002798084332706537,26082.236842105263,15203.702743855802,2.756080811422862,3.29166734768015,6.321565725948093,15.520717911851603,10.137830190271805,14.984242582813614,56.11461079873292
1442.546,1442.65,USV_970,0.10400000000004184,,,None,,,,,0.09242965281009674,0.007348037347560976,6612.460281481562,9942.636386996028,7.910922841736894e-05,15228.658536585366,18149.52912755017,4.936905679997723,3.8489057180980892,6.460721466872994,19.568587218310302,9.933480493877028,14.460593309530182,61.127380242409814
1450.707,1450.734,USV_971,0.026999999999816282,,,None,,,,,0.012759045697748661,0.011149088541666666,13460.17769041507,14738.61438355626,6.683892795896658e-05,27296.875,16671.593414211897,2.4858728575248716,4.450980222323049,3.160647895344017,14.273794350899626,11.126838238240344,13.079511456082264,54.38339626337363
1450.955,1451.002,USV_972,0.047000000000025466,,,None,,,,,0.01176229678094387,0.0466064453125,18535.71610302587,15888.74282933494,0.00021529949684171863,32371.875,25562.313307606888,2.544505140930335,5.87250445434653,5.484554449952769,16.69774764182115,9.787183108629781,14.994959330219308,57.702420870928506
1452.547,1452.562,USV_973,0.01499999999987267,,,None,,,,,0.012143135070800781,0.019317626953125,14608.37701105045,17345.021423303326,0.0002605085957063221,28347.65625,25892.375175323807,2.197892434968391,3.9112647989744067,5.805169168344285,15.922178930548865,7.881792609263831,16.34090066060768,44.7569289242021
1453.101,1453.158,USV_974,0.056999999999789,,,None,,,,,0.014265029691159725,0.031656901041666664,14861.336163331142,13677.861453994745,2.6350982179089057e-05,28843.75,18164.420662655975,2.420672760866375,4.875074233715388,4.0949272379977,17.313999216259294,12.54706094669074,13.146616463870666,58.51899703244491
1453.801,1453.874,USV_975,0.07300000000009277,,,None,,,,,0.011470110155642033,0.030859375,16512.055866461353,15803.041120031876,0.00027123918896446717,31225.0,25288.690425941528,2.1904032512610594,4.593594689212739,6.002710689772272,16.27043911402567,10.393705913487425,14.921095116471133,58.78653863473873
1453.963,1453.983,USV_976,0.01999999999998181,,,None,,,,,0.009264587424695492,0.0212158203125,15402.3068151412,17590.470647909788,0.000261466845838336,30000.0,23204.634941092267,1.8867858399784487,4.171760796124268,6.362934115193677,15.013227801350533,10.689517489880846,14.406549076413743,47.74485697991978
1454.752,1454.881,USV_977,0.1290000000001328,,,None,,,,,0.010231397114694118,0.029392616421568627,14234.236160448128,13842.110497083893,0.00013988776720655458,28547.79411764706,21268.433375912522,2.8971824493931626,5.537270284433013,5.296046571764734,17.06221762346466,11.337459063521448,15.470723539881718,59.9264621340399
1457.511,1457.627,USV_978,0.11599999999998545,,,None,,,,,0.030197082087397575,0.011787746263586956,9013.957354198194,12080.926450832758,8.200863753630192e-06,22021.059782608696,19900.23034101404,3.9269879325649804,3.747983034593569,4.784895331245785,15.44164616757141,11.013571898221436,14.445275867920593,58.967087724433895
1470.505,1470.56,USV_979,0.05499999999983629,,,None,,,,,0.013315746560692787,0.026621942934782608,12836.683401122236,13552.834542801851,4.941268089577117e-05,26164.402173913044,18838.095056087233,2.195659841858429,4.606889118901911,6.555346029761293,17.35181584564112,10.991275751782418,13.324555197778098,59.14196300865158
1470.65,1470.753,USV_980,0.10299999999983811,,,None,,,,,0.03127819299697876,0.01255835556402439,8049.489756215615,11662.82025838786,5.8387668749269545e-05,18658.536585365855,22104.484341229745,2.2647937615083165,2.3106508974481854,6.117602184231673,15.907557484093134,10.535745261948191,14.944743919041928,61.06523360453774
1471.001,1471.098,USV_981,0.09699999999997999,,,None,,,,,0.02286781556904316,0.022147936698717948,9075.786786698609,11103.295255711459,0.00013930988521217743,20050.48076923077,18874.32877307065,2.324488441742494,3.6103634720792375,4.905205509657308,13.594807800981421,11.570890302948161,15.52300004849358,62.404717120873684
1471.373,1471.511,USV_982,0.13799999999991996,,,None,,,,,0.01054567750543356,0.02777325665509259,14296.584785861045,13236.501775416022,5.9391051673660306e-05,27614.583333333332,20492.430432045017,3.0549453744056283,4.538946666375072,5.6525874173941775,14.826446153285287,11.546287442110737,14.442817789638084,62.72652585614402
1471.574,1471.705,USV_983,0.13099999999985812,,,None,,,,,0.012985017150640488,0.031958486519607844,14130.49342063836,13033.185139265153,0.0001613972448920441,27211.397058823528,18839.899117761284,3.2378715285004094,4.82421363560863,5.821499221360293,17.340227040646287,11.48426934763069,14.69415500475995,61.73068344711898
1471.85,1471.991,USV_984,0.1410000000000764,,,None,,,,,0.14342671632766724,0.00887784090909091,5745.337417242326,9099.11353412763,2.5183381007378993e-05,13382.386363636364,19374.520016635746,5.459206263338388,2.281011965367334,5.026848674957005,17.48156150197969,12.693333884395033,15.292160275961756,59.07197783321639
1472.323,1472.365,USV_985,0.041999999999916326,,,None,,,,,0.05421779304742813,0.008531358506944444,6591.071236112567,11500.775030212442,3.256796169411174e-05,15447.916666666666,24090.857862568188,4.002335321360368,1.5662200158816602,4.343253096717646,16.166577674276486,10.589057215581878,13.862905634990568,54.82629676035109
1472.971,1473.065,USV_986,0.09400000000005093,,,None,,,,,0.06390941143035889,0.006276983963815789,6319.52269624766,11271.249988765008,0.00011818118642037763,14405.427631578947,24441.076677603734,3.0113024353897115,2.1492192298341273,4.555784667830859,17.120088383817812,11.306100874344004,15.260837643232815,57.06597810616806
1476.514,1476.628,USV_987,0.11400000000003274,,,None,,,,,0.010725399479269981,0.03216145833333333,15014.468778809203,13742.934927969869,0.0001404023643737469,29391.666666666668,22504.63452418585,2.255601874215076,5.432598692123349,4.9867965426400565,16.944020170587624,11.54921252730175,14.557605899531543,60.71245008204807
1485.129,1485.227,USV_988,0.09800000000018372,,,None,,,,,0.008866146206855774,0.027312449919871796,14353.070555201559,13934.26602518848,6.511476997464959e-05,28985.576923076922,23114.141052657615,2.98732414703984,4.319842192368387,5.214925620919138,15.630398442226369,11.88300049175616,15.618381241355674,60.392912442331635
1495.148,1495.198,USV_989,0.0500000000001819,,,None,,,,,0.012012777850031853,0.022798084077380952,13835.341051886937,15403.904889391308,0.00028821062919371146,28486.60714285714,19676.242658631625,2.0222707895226826,6.245105412744051,5.483143223837386,16.914613779730537,9.310981327337469,16.653558689788582,55.42853979567173
1515.283,1515.365,USV_990,0.08200000000010732,,,None,,,,,0.01503263134509325,0.027632279829545456,12153.229680079758,13012.675321584236,5.279471015342047e-05,25235.795454545456,22466.860081294755,2.19234608329189,2.6249259990556957,4.595823963287531,16.85714117286512,10.05176206015935,14.341124591084379,60.535058364379346
1515.626,1515.661,USV_991,0.035000000000081855,,,None,,,,,0.008210984990000725,0.0331268310546875,15958.695916365094,16481.9382177684,0.000963326312749122,30503.90625,16687.18409670283,1.5418865506619253,3.558994519312513,5.049643088993108,14.901713634588152,11.579711583114406,15.400073638653566,53.16403777082151
1516.572,1516.657,USV_992,0.08500000000003638,,,None,,,,,0.009581096470355988,0.03130744485294118,14646.67620029857,13904.664028477071,0.00012290985826664613,29164.522058823528,25115.505590003766,2.7788042823893035,4.0648194939899955,6.672146271227584,14.376170856118303,10.723333236499096,14.684262207019916,60.86988776184373
1520.99,1521.118,USV_993,0.12799999999992906,,,None,,,,,0.01034405454993248,0.0293310546875,14024.334492441483,13854.039933900971,0.00024374020220227206,28490.625,22829.13600597173,2.5229995682559947,3.980823833436729,5.999891810201663,17.218341451900695,10.593287410060546,16.082813049212795,61.35296204312307
1521.816,1521.879,USV_994,0.06299999999987449,,,None,,,,,0.01565765030682087,0.023681640625,10212.177067955245,11443.32798417119,7.480012364236774e-06,22027.64423076923,17231.880586965028,3.3556944486032756,4.756856818833733,9.113515564414588,16.62492013281848,11.414024697370367,14.332627918641005,60.62778695602698
1522.526,1522.578,USV_995,0.05199999999990723,,,None,,,,,0.012265109457075596,0.021595348011363636,13574.883680578061,14569.177944676652,0.000126890947094009,27656.25,20870.71042226574,2.98923673185227,6.024727291455988,5.538868600902224,14.36831329166396,9.983838515612971,14.958959770275193,56.192122658301805
1522.677,1522.749,USV_996,0.07200000000011642,,,None,,,,,0.010303319431841373,0.027411099137931036,13487.308316635128,13101.939422805743,4.8716942283917905e-05,27158.405172413793,21904.24898352826,2.7883781885682404,5.218102743844037,5.316384462707429,15.256056038000697,9.862950337271162,14.66277448744336,60.25805886735575
1524.39,1524.503,USV_997,0.11299999999982901,,,None,,,,,0.010266777127981186,0.049473741319444445,15114.0118261764,12524.873253672722,0.00018460282715334725,26604.166666666668,18020.44777337855,3.026406412121429,4.534001663951936,4.206004652213182,16.573009333742434,10.939187470216327,15.008147769202239,63.4572203244796
1526.583,1526.647,USV_998,0.06399999999985084,,,None,,,,,0.008955937810242176,0.036423903245192304,14660.805239406207,13201.303065920876,9.327664974371335e-05,28298.076923076922,17098.18450060913,1.746535627973739,3.5306356766590747,4.407495363868825,15.763639813062689,10.747084791992537,15.16150860558826,60.72614630654134
1528.268,1528.359,USV_999,0.0909999999998945,,,None,,,,,0.01205427385866642,0.031216091579861112,13275.375497577548,12431.790280180276,0.00019428418810333575,25739.583333333332,15672.790981126522,2.529763405412725,3.9772235989881883,6.489830026909705,14.64440871113376,13.001052581749862,17.768093220316764,63.7915603167538
1529.056,1529.128,USV_1000,0.07199999999988904,,,None,,,,,0.010376098565757275,0.03901198814655173,14683.70545788611,13881.327233747692,0.00016136795088148617,27785.560344827587,18369.382703401072,1.8912565751945019,3.8098174403739917,5.8107101162120225,16.638550634238825,13.701589750350463,14.13927495061208,61.19264828715843
1529.296,1529.368,USV_1001,0.07199999999988904,,,None,,,,,0.012987377122044563,0.027402680495689655,11602.589017940534,12460.392132208937,0.00016168928086326344,24371.76724137931,17309.247343175393,2.2135563200265023,3.9746083036059465,6.030518985788118,16.521805167797105,10.676278487286252,15.578099447750333,61.3304558439506
1533.289,1533.361,USV_1002,0.07200000000011642,,,None,,,,,0.024745456874370575,0.015170393318965518,8707.368405654583,11301.423600708355,3.584319042614134e-06,21274.78448275862,20460.329413425385,3.0604578791389856,2.7110093628825034,5.798337774610149,16.022270637480503,10.550503942300029,13.785811750631991,60.93128367799615
1533.953,1534.004,USV_1003,0.05099999999993088,,,None,,,,,0.014101163484156132,0.017450241815476192,11640.9333742786,13580.952884735285,3.0580189692160785e-05,25325.89285714286,20577.88172759038,2.109778527387232,3.1262149524280702,5.674965051532233,15.964561657910357,11.877109031405636,15.084591622007574,59.656609416179535
1534.739,1534.877,USV_1004,0.13799999999991996,,,None,,,,,0.09135995805263519,0.006533022280092593,5444.594605679001,9386.095276562977,6.182049440161023e-05,11692.708333333334,32878.988220015905,4.07458096270599,2.1973275381885173,5.9553723460908135,21.28597152838974,10.101337706173508,15.089202601361931,60.32956856385675
1538.378,1538.386,USV_1005,0.008000000000038199,,,None,,,,,0.009858546778559685,0.018896484375,16254.044046375386,20223.953501646083,0.0007037818254274701,30337.5,22624.600440469385,2.367274313410916,4.151925675515512,5.310188241432866,10.062182030974311,11.753937330124867,14.434618392935558,37.253553878203064
1541.105,1541.208,USV_1006,0.10300000000006548,,,None,,,,,0.011529900133609772,0.03550757431402439,14918.951790311192,13538.553304975994,9.626661516147347e-05,28358.231707317074,20614.714755853234,3.0271404946955767,3.370443253845644,5.5286463722685575,16.355228238657805,11.353854042820233,16.425610824115243,60.1217013985364
1544.815,1544.857,USV_1007,0.041999999999916326,,,None,,,,,0.011541754938662052,0.024888780381944444,15804.099799609316,16658.27006126066,0.00035983910075871293,30515.625,21141.885868910027,3.0929626084421526,4.144837251576607,6.668466862941979,15.481387769483026,9.80186445871822,13.883147738586619,54.9911815785497
1545.627,1545.636,USV_1008,0.009000000000014552,,,None,,,,,0.00980368722230196,0.0194091796875,17149.14927474511,20803.701196146252,0.00041343000694423073,31421.875,24787.28384468517,2.641989388996861,3.0863954112256966,5.510989321966928,11.259289129905758,7.763588002615255,15.3742664553776,37.68111890684546
1546.581,1546.591,USV_1009,0.009999999999990905,,,None,,,,,0.009112476371228695,0.0400390625,19877.626600063657,20146.980471328625,0.0007785977977839972,31062.5,25378.823167535273,2.2000369366025025,4.052421678417779,4.6966259616369115,13.481772259148448,7.89703469080407,14.987498092227211,41.470039696862415
1547.029,1547.074,USV_1010,0.04500000000007276,,,None,,,,,0.017161056399345398,0.03325452302631579,14095.14810436519,14446.199604002964,0.00017767771315605708,26250.0,15782.026396639523,3.266369383731235,5.832555213024945,5.529498336620332,13.259174188790038,9.86675249974383,14.38335442523076,57.961812423005036
1547.174,1547.186,USV_1011,0.011999999999943611,,,None,,,,,0.007752188015729189,0.021030970982142856,17844.549954929185,18547.842854067396,0.0005110403542327019,31071.428571428572,24907.125749946917,3.1530366850165312,4.004402920555318,5.937126727637144,13.888843569177775,8.033614712611527,15.535215405223028,42.721085810198424
1547.227,1547.291,USV_1012,0.06399999999985084,,,None,,,,,0.014116030186414719,0.021587665264423076,14481.120395099018,15461.495221370364,0.00013074418993444054,29949.51923076923,23400.714271412653,1.9958917357738548,5.909541653163783,3.89183737675727,14.831701611824203,12.349936970497772,15.375924750488775,56.79257211489906
1547.646,1547.673,USV_1013,0.027000000000043656,,,None,,,,,0.014235277660191059,0.04294996995192308,14794.554522421116,14434.679355031623,0.0002946678538251077,25774.03846153846,15624.14657970748,2.2085391891014416,5.154843572200363,6.300015675808729,13.70135580382108,10.633010887988414,13.568824101805028,56.926994628663046
1553.86,1553.895,USV_1014,0.035000000000081855,,,None,,,,,0.00930942315608263,0.0163421630859375,16834.017862110195,16713.16454272824,0.00042673349591847837,31212.890625,24289.423020955335,1.927658613410577,3.330147761737416,5.861132831295483,16.980129221692952,10.989479856556883,15.214336151556592,55.0659929763208
1555.82,1555.953,USV_1015,0.1330000000000382,,,None,,,,,0.01580887660384178,0.026930588942307692,13431.270329620831,13300.573989751534,3.586534274333649e-05,27890.625,24775.606587633243,3.3105887722626735,4.133155234047424,4.9775069244727534,17.37228927199122,10.767330040434418,15.706587738317355,60.98052231282102
1559.902,1560.021,USV_1016,0.11899999999991451,,,None,,,,,0.01515150349587202,0.02534906914893617,11240.018568606143,12523.009791623048,0.00021367029202160745,23503.324468085106,15507.79155174431,2.853558941665919,2.38515926688533,5.884564537584376,14.949779740784468,11.797878673790999,14.961027511649867,62.68612421339581
1560.728,1560.775,USV_1017,0.047000000000025466,,,None,,,,,0.02185157872736454,0.0150634765625,9091.26511286405,12383.215036836908,5.5281011741256616e-05,21037.5,22217.97522630128,1.7676231158917002,3.7920702614740462,3.515793722028927,16.450131636592264,11.667434618056946,14.995051122721392,57.11211179242986
1561.209,1561.322,USV_1018,0.11299999999982901,,,None,,,,,0.02343462035059929,0.02375217013888889,10476.188962196591,12182.401437602037,1.266762440648532e-05,24039.583333333332,23932.11691698504,2.587285268490178,3.098844048888741,6.204102783460948,17.404227245444517,10.135509622161253,16.302311070664704,61.39200873788502
1564.936,1565.003,USV_1019,0.06700000000000728,,,None,,,,,0.01088918186724186,0.024884905133928572,13043.156764284382,14512.000186173187,0.00011103683926507993,26464.285714285714,15809.32256159097,2.886088691246308,4.087200210900056,4.796405060060147,17.288445421811684,10.790236371044259,15.16508938257836,59.06647631108166
1565.056,1565.14,USV_1020,0.08400000000006003,,,None,,,,,0.0131551967933774,0.020881204044117647,13570.66056497382,13239.776683059488,4.4478756263606667e-05,27314.33823529412,18427.254934630804,2.940722680475935,3.201276811309991,6.170967464920355,15.215382155698338,12.203009363946705,15.410151242238987,61.01009703272116
1572.195,1572.266,USV_1021,0.07100000000014006,5.0,113.9699999999998,True,1568.1404,1682.1103999999998,4.054599999999937,-109.91539999999986,0.011112543754279613,0.03268958782327586,14588.897878093892,14020.498430987647,0.00012146179023077985,28325.431034482757,20821.97067986372,2.768069124630912,5.271931546283401,5.643817632231171,16.418137629277833,9.993580611232247,14.681013932421017,60.23522733421808
1575.726,1575.752,USV_1022,0.02599999999983993,5.0,113.9699999999998,True,1568.1404,1682.1103999999998,7.585600000000113,-106.38439999999969,0.006983024999499321,0.03204345703125,16392.890803557664,18024.26919728161,0.00086233982238523,31062.5,24253.121836680602,3.332718732072586,4.7838320893945205,4.975240354285815,15.984966737320326,10.764599863238042,13.240892261602857,52.08242679302351
1579.5,1579.516,USV_1023,0.016000000000076398,5.0,113.9699999999998,True,1568.1404,1682.1103999999998,11.3596,-102.6103999999998,0.00875137746334076,0.0316162109375,14155.598232852688,15015.27505820461,0.00020170886536274984,28500.0,23172.586309502774,3.6577570465763727,4.517728215027608,4.889778242634321,18.035436253573657,12.074461527280334,15.213094793572651,51.778523561292445
1582.107,1582.173,USV_1024,0.06600000000003092,5.0,113.9699999999998,True,1568.1404,1682.1103999999998,13.966599999999971,-100.00339999999983,0.013382405042648315,0.042317708333333336,17538.392781875158,14444.597482621453,8.944983305137699e-05,29756.944444444445,23301.734634314074,1.9021299974261459,5.636735929831117,5.176579262703693,16.009639635158024,12.034230046029958,13.49232820964045,59.989248829248126
1585.233,1585.32,USV_1025,0.08699999999998909,5.0,113.9699999999998,True,1568.1404,1682.1103999999998,17.092599999999948,-96.87739999999985,0.014627045951783657,0.02271205357142857,14495.045194466658,13811.766280740001,2.5143234563194825e-05,28620.535714285714,22875.734756221787,2.5020200398830386,4.827119186162297,4.756849900134358,16.006296095861085,11.945644375655945,14.773398874243588,58.93518728159458
1585.434,1585.493,USV_1026,0.05899999999996908,5.0,113.9699999999998,True,1568.1404,1682.1103999999998,17.29359999999997,-96.67639999999983,0.015017125755548477,0.018544514973958332,13788.702158270435,14778.237416890923,0.00010393814769215563,28390.625,19198.71503157424,3.0179020025754397,4.524882385437747,6.386353548161099,17.642167093434722,11.22544953964543,13.881283700919179,57.98999639577338
1586.5,1586.549,USV_1027,0.04899999999997817,5.0,113.9699999999998,True,1568.1404,1682.1103999999998,18.3596,-95.6103999999998,0.010137461125850677,0.015555245535714286,15184.550249192751,15336.142277614117,0.0002169161701179479,30709.821428571428,21405.0319336354,3.0328973843451994,5.197619269912112,6.9804258187915975,15.789753074232134,11.86544958616802,14.471964389758327,56.76519889343544
1586.804,1586.822,USV_1028,0.01799999999980173,5.0,113.9699999999998,True,1568.1404,1682.1103999999998,18.663600000000088,-95.30639999999971,0.00990956649184227,0.023057725694444444,17637.566183524403,19750.35293986625,0.0005138906365940589,33812.5,22678.716425366427,1.971491066333492,2.059404064921892,5.76544438410599,15.296102714043993,10.176794396470362,12.415657182597686,47.651910485410546
1587.77,1587.785,USV_1029,0.015000000000100044,5.0,113.9699999999998,True,1568.1404,1682.1103999999998,19.629599999999982,-94.34039999999982,0.012875058688223362,0.006134033203125,14929.037592854931,19884.109007079285,0.0001836846058568877,29964.84375,24408.69476877156,2.7726325868943418,3.0413584424416866,6.12106647608513,13.358406054391153,9.657555330484652,15.264909817209109,43.74778467769026
1589.441,1589.482,USV_1030,0.04099999999993997,5.0,113.9699999999998,True,1568.1404,1682.1103999999998,21.30060000000003,-92.66939999999977,0.011228980496525764,0.038899739583333336,16952.729608140922,15509.025456379297,0.00021024844392212032,30171.875,22401.531639107678,2.205597219149899,4.6550429958361725,6.366816135721051,15.598937811919692,10.829989039993238,14.59517266109524,57.106377048972846
1590.865,1590.891,USV_1031,0.026000000000067303,5.0,113.9699999999998,True,1568.1404,1682.1103999999998,22.72460000000001,-91.24539999999979,0.010776360519230366,0.037841796875,15209.876077311355,16156.873966860489,0.0003074435441089577,28593.75,18942.249884031666,2.7131509123229285,2.4170955687618876,5.480090336033316,14.131289838074283,10.26836666033193,12.802434084020417,52.964432724604556
1590.993,1591.043,USV_1032,0.049999999999954525,5.0,113.9699999999998,True,1568.1404,1682.1103999999998,22.85259999999994,-91.11739999999986,0.010256978683173656,0.029645647321428572,15410.987345257096,15552.16732158605,0.0003201402798759354,29642.85714285714,23011.529681769312,2.1007214553929203,3.905185217596986,5.607457078750813,14.251899301148322,11.049265320122604,15.639987336442164,55.947484449708035
1591.174,1591.224,USV_1033,0.049999999999954525,5.0,113.9699999999998,True,1568.1404,1682.1103999999998,23.03359999999998,-90.93639999999982,0.025261856615543365,0.02879696800595238,11913.527261106841,13626.519192726038,0.00021496693130117347,25986.60714285714,21375.20197747603,2.411849418553152,2.542225425908183,5.158582898684625,17.393635955452115,9.959618143036646,14.094396178421253,56.03999902101795
1591.294,1591.401,USV_1034,0.1069999999999709,5.0,113.9699999999998,True,1568.1404,1682.1103999999998,23.153600000000097,-90.8163999999997,0.127712219953537,0.009864443824404762,7113.253009823127,10235.469936777237,5.322133864305811e-05,17198.660714285714,22863.289540271257,4.700142762935244,2.5960711229668108,5.731750229322588,18.355482585769728,10.74527938801252,16.492869974314853,57.142183377230346
1591.481,1591.521,USV_1035,0.03999999999996362,5.0,113.9699999999998,True,1568.1404,1682.1103999999998,23.340599999999995,-90.6293999999998,0.02197207137942314,0.013226677389705883,9303.276287905492,14921.452970972345,0.00027673593685860975,23095.58823529412,28894.428761888674,1.6295321506834597,2.515702161358412,5.751305065339373,17.586580717164836,10.84898638571999,16.537909814157405,52.977892470853035
1591.741,1591.797,USV_1036,0.05600000000004002,5.0,113.9699999999998,True,1568.1404,1682.1103999999998,23.600599999999986,-90.36939999999981,0.010574058629572392,0.018597146739130436,13881.061892374953,14626.265437718233,9.095390944302551e-05,29184.782608695652,17855.82139176183,1.8686419189415575,4.849559771785619,5.104701507213806,15.17737265413698,12.537471646167889,15.865198267166521,56.45475671218596
1591.831,1591.852,USV_1037,0.021000000000185537,5.0,113.9699999999998,True,1568.1404,1682.1103999999998,23.690599999999904,-90.2793999999999,0.010323641821742058,0.01220703125,14985.556124740102,18704.780432749063,0.000437486146191766,31040.625,23077.628400994756,3.2839718433550993,4.618617785900925,5.472165709566208,15.654017781600462,11.359024759616204,16.054234017648465,46.82836008378381
1593.57,1593.586,USV_1038,0.016000000000076398,5.0,113.9699999999998,True,1568.1404,1682.1103999999998,25.429599999999937,-88.54039999999986,0.012853335589170456,0.021148681640625,17752.28096571134,17887.077431632933,0.0005495752495096098,29578.125,23098.467912653217,2.030639738215569,6.623633938903774,6.2524440027603,15.797990715840829,9.630995684828754,13.16620274213402,48.22730000046452
1595.846,1595.859,USV_1039,0.012999999999919964,5.0,113.9699999999998,True,1568.1404,1682.1103999999998,27.705600000000004,-86.2643999999998,0.006769840139895678,0.0390625,15290.119652756519,14889.740886688794,4.4843617764702075e-05,29450.89285714286,18488.02224371411,2.3078041289832636,3.8979005793876498,4.553032393043421,16.253683863007318,10.524458214383392,14.800936078734695,46.73407693618211
1598.502,1598.514,USV_1040,0.011999999999943611,5.0,113.9699999999998,True,1568.1404,1682.1103999999998,30.361599999999953,-83.60839999999985,0.010082160122692585,0.019635881696428572,17307.80906141082,21409.455082889875,0.0005208277759811816,32263.39285714286,28012.448658174573,2.9293235291660253,4.81198601693121,3.6726890504081844,11.460792015921543,9.499019569402481,14.479758938264451,40.89278983737165
1600.355,1600.4,USV_1041,0.04500000000007276,5.0,113.9699999999998,True,1568.1404,1682.1103999999998,32.21460000000002,-81.75539999999978,0.008510151877999306,0.04033460115131579,19153.03932058651,15707.518679892291,0.00032231217780942425,33725.32894736842,27599.93326357135,2.6714354625899013,4.119284829856603,5.875237644704448,14.647051200186407,11.59580996962824,14.005320275994336,58.24347117613407
1600.743,1600.76,USV_1042,0.01700000000005275,5.0,113.9699999999998,True,1568.1404,1682.1103999999998,32.60259999999994,-81.36739999999986,0.009075267240405083,0.04161241319444445,20243.439428684764,20123.193491425318,0.000317271803675568,33739.583333333336,26505.333381676533,1.7241600499513592,3.988665418389685,5.6102274712645315,12.13977711337924,10.5871373438309,14.44602009420607,47.03585970000392
1601.231,1601.272,USV_1043,0.04099999999993997,5.0,113.9699999999998,True,1568.1404,1682.1103999999998,33.090599999999995,-80.8793999999998,0.008066692389547825,0.030544704861111112,16838.37403426802,17031.804591564138,0.00033697534287803,31927.083333333332,25328.719095236054,2.777848283390007,4.2356123223529725,5.1765288926967665,14.658116462992496,11.541921570985423,14.447564568777672,55.39711872395877
1604.539,1604.581,USV_1044,0.041999999999916326,5.0,113.9699999999998,True,1568.1404,1682.1103999999998,36.39859999999999,-77.57139999999981,0.010249782353639603,0.020589192708333332,14337.43035837502,14530.237971552655,0.00010781629533057835,29312.5,18009.90497770347,2.903792275169759,4.561237019976914,5.1931604818101,15.507471355540796,11.36511689658939,15.311017901857278,55.79781270535162
1604.643,1604.781,USV_1045,0.13799999999991996,5.0,113.9699999999998,True,1568.1404,1682.1103999999998,36.50260000000003,-77.46739999999977,0.014654470607638359,0.03528736255787037,13404.161802302231,12569.219085962686,1.7433738373141625e-05,26355.902777777777,19928.631711727736,2.0165867034409857,3.837315222500353,5.697913905612796,16.306372104385055,10.071407715448789,15.214668647196115,62.345447953610034
1605.175,1605.207,USV_1046,0.032000000000152795,5.0,113.9699999999998,True,1568.1404,1682.1103999999998,37.034599999999955,-76.93539999999985,0.019744154065847397,0.009486607142857142,11544.646816692542,15790.968161543826,0.00017072973009806162,26122.76785714286,24051.864389006158,2.8907662712019047,1.6043481622553195,4.599759643985549,15.750371361069698,10.872737891721798,14.146889366219385,52.76692645516457
1608.112,1608.122,USV_1047,0.009999999999990905,5.0,113.9699999999998,True,1568.1404,1682.1103999999998,39.97160000000008,-73.99839999999972,0.008456503041088581,0.002685546875,15965.241479122336,20962.26897093687,0.0003095918836912734,30437.5,21868.585906728356,2.212390937971293,3.9677191249692894,7.3359593352845165,13.172328660934957,8.233195146210017,15.486776431939973,37.6577631918263
1608.668,1608.816,USV_1048,0.14800000000013824,5.0,113.9699999999998,True,1568.1404,1682.1103999999998,40.52759999999989,-73.4423999999999,0.012920401059091091,0.027802566002155173,14008.393186553587,14385.833006582354,0.00017107922886138048,28750.53879310345,22147.063235847174,2.469804680138986,5.260636803477161,4.78248044901187,15.213988566783929,11.714269895403842,15.457852892470191,59.4613061263126
1608.891,1609.039,USV_1049,0.14799999999991087,5.0,113.9699999999998,True,1568.1404,1682.1103999999998,40.75060000000008,-73.21939999999972,0.022379154339432716,0.03234021417025862,13172.284349677868,12205.848228180143,8.297076456031227e-06,25894.396551724138,20631.856802595532,2.350070200551883,3.9875003775238262,5.984778985524857,19.555408556819376,11.281290400027885,14.18875034693764,62.55631647917302
1609.096,1609.144,USV_1050,0.04800000000000182,5.0,113.9699999999998,True,1568.1404,1682.1103999999998,40.955600000000004,-73.0143999999998,0.011301672086119652,0.02144775390625,13297.921455976884,13811.757662004482,4.212634602632425e-05,27843.75,22065.59816711941,3.1538550078164285,3.883228700876294,6.303919455503553,18.811603566677938,9.528009772580306,13.681676872845411,56.38593131089607
1609.576,1609.591,USV_1051,0.01499999999987267,5.0,113.9699999999998,True,1568.1404,1682.1103999999998,41.43560000000002,-72.53439999999978,0.00935021135956049,0.027801513671875,17767.51706055717,18525.00322560334,0.00048040144466203764,31078.125,20220.036148685802,1.657546425340739,6.451516605237115,7.538381213084399,16.51939518844959,9.371254510557787,15.809213609899885,45.35670731883148
1610.286,1610.315,USV_1052,0.028999999999996362,5.0,113.9699999999998,True,1568.1404,1682.1103999999998,42.14560000000006,-71.82439999999974,0.008560537360608578,0.04180438701923077,17865.812145220236,14881.75926246567,0.00019674141954311965,30713.94230769231,23419.155967473733,3.859743269577422,4.1443484042210175,4.951949738426891,15.310117026751307,10.64423125769569,13.175530740510652,55.16198323862631
1610.469,1610.501,USV_1053,0.03199999999992542,5.0,113.9699999999998,True,1568.1404,1682.1103999999998,42.32860000000005,-71.64139999999975,0.011039053089916706,0.0203857421875,14791.480072257344,16991.598300766105,0.0002887154179003313,31573.660714285714,21603.602957008563,1.830970837390032,4.645110146783459,4.196467336133858,13.538525721528726,10.319978209173508,14.059687480342495,52.05360602114037
1613.356,1613.376,USV_1054,0.01999999999998181,5.0,113.9699999999998,True,1568.1404,1682.1103999999998,45.215599999999995,-68.7543999999998,0.010152256116271019,0.018212890625,16730.11576137952,18329.365778012274,0.0002827498252643305,31575.0,23557.448991446196,2.079693774156463,3.899903355222242,5.465197425758551,15.135055007647741,11.128640629494212,14.034652465680074,46.675295607115714
1614.516,1614.528,USV_1055,0.011999999999943611,5.0,113.9699999999998,True,1568.1404,1682.1103999999998,46.37560000000008,-67.59439999999972,0.0069454507902264595,0.023193359375,17693.880547997313,19047.937091492942,0.000496525647098586,32437.5,24380.476709714487,3.165040376683595,1.6590109712862275,5.492953802773278,14.283952004361584,11.880663663225919,15.06175242685825,42.62261435827958
1614.596,1614.637,USV_1056,0.04099999999993997,5.0,113.9699999999998,True,1568.1404,1682.1103999999998,46.455600000000004,-67.5143999999998,0.010655805468559265,0.024034288194444444,14995.370399641164,15340.705733213157,0.0001150015112248019,29979.166666666668,22944.501477973863,2.3865409966225024,5.858960233983087,5.079803799007125,16.35907498866006,10.976278221563671,14.80467856362241,54.54875707180066
1614.736,1614.755,USV_1057,0.019000000000005457,5.0,113.9699999999998,True,1568.1404,1682.1103999999998,46.595600000000104,-67.3743999999997,0.009837450459599495,0.0223388671875,16913.005243247342,18416.89739128753,0.0006769976389317167,31378.125,25342.775756662646,1.8415999483054162,3.94344352950289,4.101529221215271,15.27748834919135,12.023129149349737,12.690625271635758,47.68326680481707
1616.368,1616.452,USV_1058,0.08400000000006003,5.0,113.9699999999998,True,1568.1404,1682.1103999999998,48.22759999999994,-65.74239999999986,0.01820884831249714,0.0146484375,12161.204972570755,14143.19416895443,0.00014859217842609748,26423.71323529412,19029.673622204646,2.1274116046311597,4.521471602189997,5.410759116889142,16.836687514383875,11.446202130629217,14.610481525032323,56.17587363143901
1616.602,1616.727,USV_1059,0.125,5.0,113.9699999999998,True,1568.1404,1682.1103999999998,48.46160000000009,-65.50839999999971,0.01040341705083847,0.028594347895408163,14643.421161281487,14117.960365988069,7.502517795940563e-05,29148.59693877551,20844.96407972113,2.3862599292843027,5.547188332501305,5.912186147864512,16.58319769633088,11.909363658479611,14.66950236962235,60.481999372866625
1616.897,1616.934,USV_1060,0.03700000000003456,5.0,113.9699999999998,True,1568.1404,1682.1103999999998,48.756599999999935,-65.21339999999987,0.01515163667500019,0.0146636962890625,12861.123215251915,16538.366929645723,0.00021555961871238535,27310.546875,22618.540951127252,1.28732680265483,4.875316393619569,7.1538204597509605,17.028309629681367,9.470947982641345,13.546762323502342,52.85599249315989
1617.167,1617.241,USV_1061,0.07400000000006912,5.0,113.9699999999998,True,1568.1404,1682.1103999999998,49.02659999999992,-64.94339999999988,0.014171792194247246,0.03565266927083333,14859.135920601491,13840.027379162448,7.462825003361177e-05,27440.625,20650.959996521175,3.8861688447554834,5.2379967666082905,6.623208434210666,18.076486220766764,10.928459789158621,14.413474323554615,61.34392560120752
1617.351,1617.442,USV_1062,0.0909999999998945,5.0,113.9699999999998,True,1568.1404,1682.1103999999998,49.21060000000011,-64.75939999999969,0.031137615442276,0.013339572482638888,9574.251171003927,13689.87141492437,0.00013097958006552787,23692.708333333332,28023.214513513063,3.2567434714874266,2.260646253246014,4.832090019550648,20.95530906893655,10.864332591120338,15.35515765208716,55.32672748777077
1618.063,1618.168,USV_1063,0.10499999999979082,5.0,113.9699999999998,True,1568.1404,1682.1103999999998,49.9226000000001,-64.0473999999997,0.013422020711004734,0.03366815476190476,16115.244424270086,13822.355706274559,8.468172673862262e-05,29325.89285714286,21019.793620814213,2.668256608857755,5.371111034744825,4.51665585247167,14.9292297742868,11.815588513181106,15.296314371587286,61.0565566787367
1618.692,1618.706,USV_1064,0.013999999999896318,5.0,113.9699999999998,True,1568.1404,1682.1103999999998,50.55160000000001,-63.41839999999979,0.008563589304685593,0.023681640625,18610.5658213727,18845.926597381353,0.0005856616640114675,33902.34375,23980.134999005997,3.525075399612852,6.782304063475852,5.158893752000537,14.036930876685883,9.115062541340414,14.50155555669537,45.17429156683433
1619.888,1619.906,USV_1065,0.018000000000029104,5.0,113.9699999999998,True,1568.1404,1682.1103999999998,51.74759999999992,-62.22239999999988,0.012435976415872574,0.023627387152777776,15443.466363703932,17586.79355343008,0.00013152109175282127,30729.166666666668,23365.01391287439,1.3710654012393275,3.9087525996600183,4.679660334371022,16.321736384064025,10.373247537884195,13.818738524814743,46.81909361920638
1620.702,1620.712,USV_1066,0.009999999999990905,5.0,113.9699999999998,True,1568.1404,1682.1103999999998,52.5616,-61.4083999999998,0.005257893353700638,0.043619791666666664,21329.09327243315,18979.519976029624,0.0010948249326434437,32968.75,24815.732335909575,2.862263726414854,2.2733415284316547,5.466174965298241,16.466396900435765,12.402865779488023,13.769156327141895,41.55418890642486
1620.851,1620.882,USV_1067,0.03099999999994907,5.0,113.9699999999998,True,1568.1404,1682.1103999999998,52.71060000000011,-61.25939999999969,0.007975881919264793,0.032017299107142856,16604.99356173936,17679.29775729082,0.0003030517926140211,31801.339285714286,22971.06877706029,2.466926049075346,3.7720282888471686,5.551053961712197,14.736900133671584,9.843739756497296,14.838251921145982,51.546186117370745
1621.617,1621.67,USV_1068,0.05300000000011096,5.0,113.9699999999998,True,1568.1404,1682.1103999999998,53.47659999999996,-60.49339999999984,0.011252892203629017,0.024613813920454544,15469.030965973805,15716.618006188917,0.0001923058361265502,30434.659090909092,21416.558694868763,2.006785022274314,4.929622308166284,4.874288863569578,16.01422244639449,11.110758188888617,14.249526952509767,55.8513633639777
1625.478,1625.501,USV_1069,0.02299999999991087,5.0,113.9699999999998,True,1568.1404,1682.1103999999998,57.337600000000066,-56.632399999999734,0.011010407470166683,0.02978515625,15085.478636151527,14497.350128229189,2.03176765478961e-05,29267.045454545456,18034.601329473695,1.4724473617646359,6.1561263681417735,6.067194196202364,15.097527642639795,12.50961716616929,14.73257896817038,52.9091156439574
1625.871,1625.907,USV_1070,0.035999999999830834,5.0,113.9699999999998,True,1568.1404,1682.1103999999998,57.730600000000095,-56.239399999999705,0.011809077113866806,0.01959228515625,15310.968241247629,17644.52084352584,0.0003576729176161522,30205.078125,16187.96812151796,2.7557224716337787,4.1540276138767975,5.939402667249859,15.542548136067253,9.344105921261365,13.193245292983864,54.034454154765484
1626.985,1627.001,USV_1071,0.016000000000076398,5.0,113.9699999999998,True,1568.1404,1682.1103999999998,58.8445999999999,-55.1253999999999,0.013260778971016407,0.039794921875,20015.327050127624,18462.757509647807,0.0008984445257440379,31382.8125,25662.32260290195,2.7403970473360677,6.4103371941440574,4.280368201068428,11.367138346579841,8.86923241750852,12.822703684371348,47.98758601025486
1627.859,1627.872,USV_1072,0.013000000000147338,5.0,113.9699999999998,True,1568.1404,1682.1103999999998,59.718599999999924,-54.251399999999876,0.011433799751102924,0.016252790178571428,17387.492297841298,19103.218491658474,0.0004730053022363018,32316.964285714286,24442.347152210044,2.1954793104754473,5.850021607804349,5.440755191708712,17.327812448966434,12.566339765206115,16.937688039446115,42.41352644836689
1628.395,1628.409,USV_1073,0.014000000000123691,5.0,113.9699999999998,True,1568.1404,1682.1103999999998,60.25459999999998,-53.71539999999982,0.008244100958108902,0.022003173828125,16998.57194085628,17464.047816083792,0.00017157318336363212,31500.0,22972.52791041362,1.6159336100676198,6.716075502336859,3.4969325580197204,13.871782505723473,9.900952745224648,13.258334907512403,46.07750960467847
1628.874,1628.907,USV_1074,0.032999999999901775,5.0,113.9699999999998,True,1568.1404,1682.1103999999998,60.733600000000024,-53.236399999999776,0.03922002390027046,0.011002604166666667,10313.406280858759,17427.168106950896,0.0003758578771564109,25643.75,25735.38267355247,3.711023140777548,1.1971169808882314,4.894351152486781,15.752664566908658,9.581286136755248,13.799687342032472,49.2038550704261
1629.03,1629.045,USV_1075,0.015000000000100044,5.0,113.9699999999998,True,1568.1404,1682.1103999999998,60.88959999999997,-53.08039999999983,0.012294787913560867,0.028839111328125,15766.59110229887,18936.2667128936,0.0001387861570860006,30164.0625,25561.113253849635,2.1958903069197837,1.6848485106218996,5.768497258184221,16.26897893102728,9.712532762496071,13.692034499850154,44.81129008863189
1629.215,1629.311,USV_1076,0.09600000000000364,5.0,113.9699999999998,True,1568.1404,1682.1103999999998,61.07459999999992,-52.89539999999988,0.011204185895621777,0.021375154194078948,15395.208037249364,15142.844099117081,0.00012492175868240884,30273.848684210527,24718.737699165817,3.3962446346353525,5.158038911840282,6.023358804795912,15.571253308902332,9.47406419882083,15.263809158717336,59.7739257085706
1629.988,1629.996,USV_1077,0.008000000000038199,5.0,113.9699999999998,True,1568.1404,1682.1103999999998,61.84760000000006,-52.12239999999974,0.010380883701145649,0.036376953125,18548.798906751308,18091.912228368114,0.0002576870644746998,33300.0,26631.627661404164,2.3035078980490136,6.394400858127655,5.209655800362663,10.258797961323072,10.944362995865344,15.975506294335085,39.42671274266913
1630.177,1630.239,USV_1078,0.06200000000012551,5.0,113.9699999999998,True,1568.1404,1682.1103999999998,62.03659999999991,-51.93339999999989,0.010397503152489662,0.03749436598557692,15058.706045956033,13530.76334657584,0.00012301077871814772,27587.740384615383,16441.831178537355,2.755477099003,3.9994160339458467,6.086544993262537,15.282587535599188,9.996088829658799,15.960695794755079,60.05890820245747
1630.357,1630.406,USV_1079,0.04899999999997817,5.0,113.9699999999998,True,1568.1404,1682.1103999999998,62.21659999999997,-51.75339999999983,0.009770317934453487,0.031215122767857144,14559.060514131477,13912.754776147183,9.986262673348515e-05,27745.535714285714,16664.615752985286,2.878555673929646,4.667280434284675,6.142240871028065,14.44855086877208,11.310169604145289,13.170349105951468,58.499229678826886
1630.507,1630.535,USV_1080,0.02800000000002001,5.0,113.9699999999998,True,1568.1404,1682.1103999999998,62.36660000000006,-51.60339999999974,0.012178991921246052,0.028282752403846152,17571.564917669748,19838.216374722644,0.00044668293652538784,32862.980769230766,26596.362107620793,2.2315736048633212,4.589192362556916,5.466205079714127,14.880550337479187,9.847944135605749,14.057776379704158,49.63562086225504
1631.293,1631.383,USV_1081,0.09000000000014552,5.0,113.9699999999998,True,1568.1404,1682.1103999999998,63.15259999999989,-50.81739999999991,0.007635927759110928,0.03558349609375,17507.574432444864,14988.955407033109,6.90093710011696e-05,32125.0,26568.481329894657,2.8648202532406835,5.123729947116294,5.547360692312848,16.85906137291041,12.080524604457011,14.46207379303515,61.105105102793715
1631.479,1631.499,USV_1082,0.01999999999998181,5.0,113.9699999999998,True,1568.1404,1682.1103999999998,63.33860000000004,-50.63139999999976,0.009507800452411175,0.047802734375,18551.7969310799,16740.502443960715,0.0006894479126337073,31125.0,23625.074367394045,1.0423826967032466,3.312542832540713,5.080950494719021,17.13553911410876,10.858988340361792,15.380635838097229,49.83678163532268
1631.617,1631.639,USV_1083,0.021999999999934516,5.0,113.9699999999998,True,1568.1404,1682.1103999999998,63.47659999999996,-50.49339999999984,0.011596503667533398,0.016867897727272728,14760.463389411616,16904.887123488916,8.207459200021884e-05,30230.113636363636,25062.992970783424,1.6033578096818837,7.822292612085281,5.66154224039051,15.239620877054495,10.975709097667002,15.726724865157257,51.069256808876865
1633.651,1633.661,USV_1084,0.009999999999990905,5.0,113.9699999999998,True,1568.1404,1682.1103999999998,65.51060000000007,-48.45939999999973,0.011977286078035831,0.020711263020833332,15071.746390505512,16710.99367534141,7.832719955674812e-05,30906.25,25872.854974328235,1.7415695121183117,6.4798956166649395,5.243541765125148,13.992903458283235,10.146589813753431,15.327068024943564,39.88911177412395
1634.373,1634.45,USV_1085,0.07699999999999818,5.0,113.9699999999998,True,1568.1404,1682.1103999999998,66.23260000000005,-47.73739999999975,0.0105734933167696,0.03197454637096774,14251.084370456634,13539.911389478526,1.296843838813832e-05,29440.524193548386,22187.889355393076,2.398061465228211,5.32805309822594,4.219891098660302,18.07594287792152,10.939742198136743,14.198848851386071,59.3868233822494
1634.878,1635.026,USV_1086,0.14800000000013824,5.0,113.9699999999998,True,1568.1404,1682.1103999999998,66.73759999999993,-47.23239999999987,0.020573683083057404,0.03333782327586207,13263.83004007237,12674.213816197062,2.9191300551223888e-05,26734.91379310345,24445.700651480412,3.1126413332859473,2.848662073651918,5.138241884692869,17.658227516351825,11.745776468488035,15.40647719360607,60.64225765548582
1635.162,1635.204,USV_1087,0.041999999999916326,5.0,113.9699999999998,True,1568.1404,1682.1103999999998,67.02160000000003,-46.948399999999765,0.010942494496703148,0.029703776041666668,14613.634372112312,15569.724053797509,0.00017369601481568209,28953.125,24116.355463045344,2.572056114636889,4.840873213612375,5.292301735467357,15.723271090855494,12.123832543181942,15.242829693922083,55.3470995956762
1635.641,1635.707,USV_1088,0.06600000000003092,5.0,113.9699999999998,True,1568.1404,1682.1103999999998,67.50060000000008,-46.46939999999972,0.012015447951853275,0.021583839699074073,14373.270995588753,14661.331555478633,1.7293206886533287e-05,30548.61111111111,26871.591122577618,2.5057360591254256,3.9496241801672975,4.469317658141445,17.652957955136966,11.61999539721505,14.061885720099674,57.278950372707094
1635.946,1635.971,USV_1089,0.02500000000009095,5.0,113.9699999999998,True,1568.1404,1682.1103999999998,67.80559999999991,-46.16439999999989,0.00980500690639019,0.031758626302083336,18824.240517501355,19352.260366294646,0.0008363012500454051,32789.0625,25562.847019288816,1.7957705908043573,4.92113559988175,4.8593925732218155,12.5816246246142,11.051784501492358,13.053640591789092,50.099783787034205
1636.674,1636.743,USV_1090,0.06899999999995998,5.0,113.9699999999998,True,1568.1404,1682.1103999999998,68.53359999999998,-45.43639999999982,0.013031561858952045,0.04772077287946429,16936.467242855713,13911.685130458109,0.0002209681623050982,28841.51785714286,20735.539300671673,2.134354466616487,3.647903055660771,4.9228038903280735,16.24005993214445,11.169341363223486,15.765474927005172,61.239565657235296
1637.65,1637.681,USV_1091,0.03099999999994907,5.0,113.9699999999998,True,1568.1404,1682.1103999999998,69.50960000000009,-44.46039999999971,0.012727341614663601,0.027553013392857144,14270.335532243455,15520.818210060728,0.00042261256706999746,29390.625,19759.17027468635,1.2073434083499475,5.446476208510714,4.836450271832741,14.750825860407712,11.45305953250996,15.638879646671539,51.524149965688096
1637.731,1637.758,USV_1092,0.027000000000043656,5.0,113.9699999999998,True,1568.1404,1682.1103999999998,69.5906,-44.379399999999805,0.01173592172563076,0.011793870192307692,15740.988963528283,18303.675693507616,0.0002926040928176648,30649.03846153846,21506.98899085028,2.608588164826152,3.907223137345528,6.419769416556865,11.953865558493918,10.998289470337825,14.73432267680481,50.91539291210775
1638.029,1638.046,USV_1093,0.01700000000005275,5.0,113.9699999999998,True,1568.1404,1682.1103999999998,69.8886,-44.0813999999998,0.012147918343544006,0.009168836805555556,14720.288052132926,18225.446116456136,0.00011288452418993019,29906.25,25171.674338392546,2.4238896316993896,3.3552551722372925,5.056584826170557,14.79618575367618,11.511971003790023,15.254378936312284,46.84024932533756
1638.576,1638.716,USV_1094,0.13999999999987267,5.0,113.9699999999998,True,1568.1404,1682.1103999999998,70.43560000000002,-43.53439999999978,0.014103695750236511,0.018665660511363636,13318.612758239387,14347.735078757862,6.339683415479381e-05,29111.93181818182,25804.33718862935,2.4026586708737874,5.505352319708187,5.502695709513969,16.824504793185657,11.338646549578588,16.682751203499112,58.77997988502384
1639.317,1639.347,USV_1095,0.029999999999972715,5.0,113.9699999999998,True,1568.1404,1682.1103999999998,71.17660000000001,-42.79339999999979,0.01421343069523573,0.022024972098214284,14645.196838478081,17686.327424724503,0.00034666255748593694,29223.214285714286,24347.567801648976,1.57091309996772,3.8853857485344165,5.556668046373846,14.195942309767998,9.528629410543955,15.315093094237168,52.72285921311203
1639.823,1639.851,USV_1096,0.02800000000002001,5.0,113.9699999999998,True,1568.1404,1682.1103999999998,71.6826000000001,-42.28739999999971,0.0076018269173800945,0.026292067307692308,16923.914108669174,16275.280049697729,0.0003798122549275228,32444.71153846154,25172.655583924738,2.713490436252369,3.9504572459084746,5.277252879948998,15.365120859570716,10.959359273856064,13.581522636179226,53.23064172916924
1641.861,1641.916,USV_1097,0.05499999999983629,5.0,113.9699999999998,True,1568.1404,1682.1103999999998,73.7206000000001,-40.249399999999696,0.009954123757779598,0.025740913722826088,14875.542456889016,15616.212790221816,0.00017986837165922932,29396.739130434784,19204.09162396416,2.0439863125858393,3.2045678336650325,5.123297072136948,15.023162361818235,9.977543432770972,14.12177013629845,56.953524261417954
1642.406,1642.434,USV_1098,0.02800000000002001,5.0,113.9699999999998,True,1568.1404,1682.1103999999998,74.26559999999995,-39.70439999999985,0.012737143784761429,0.021033653846153848,14558.626028371124,15906.774562746996,6.680799249520696e-05,28492.78846153846,24191.892137387884,3.255241080529041,4.330567554204682,4.986898265431775,15.745205447473086,9.541642959593524,13.08052726447334,52.05530254642425
1643.684,1643.706,USV_1099,0.021999999999934516,5.0,113.9699999999998,True,1568.1404,1682.1103999999998,75.54359999999997,-38.42639999999983,0.010256645269691944,0.022483132102272728,16366.7865244692,18991.655527175313,0.0006074307228592665,30894.886363636364,18302.782174521803,4.134154681022418,6.055657561563825,4.131091985466576,13.40526208283938,10.479986430649484,15.18545594825867,49.012901428131244
1644.949,1645.041,USV_1100,0.09199999999987085,5.0,113.9699999999998,True,1568.1404,1682.1103999999998,76.80860000000007,-37.16139999999973,0.011770209297537804,0.027970597550675675,14459.376682190716,14653.029384956251,0.00018200237078740773,28745.777027027027,23127.801203483832,2.4642684934426633,4.303237094057696,5.5277426512959495,15.72939011648919,11.389675733630359,14.679759919635313,58.84349900534043
1645.129,1645.267,USV_1101,0.13800000000014734,5.0,113.9699999999998,True,1568.1404,1682.1103999999998,76.9885999999999,-36.981399999999894,0.010175931267440319,0.04282859519675926,16199.3980144278,13742.812721356728,7.003572450658097e-05,29796.875,21299.91573029234,2.4868058505384996,2.9722562839790165,5.7752785508749,16.284915355145138,10.772184530369453,13.75620802107203,62.66929245314009
1645.349,1645.463,USV_1102,0.11400000000003274,5.0,113.9699999999998,True,1568.1404,1682.1103999999998,77.20859999999993,-36.76139999999987,0.012381114065647125,0.03560112847222222,16540.8089383479,13758.344348595332,9.357425324756812e-05,30008.333333333332,23606.10335239969,3.710506029182091,7.124587343875962,5.305433512142292,15.008525137848457,11.228783499738729,15.140753720747865,62.11822767684252
1646.06,1646.156,USV_1103,0.09600000000000364,5.0,113.9699999999998,True,1568.1404,1682.1103999999998,77.91959999999995,-36.050399999999854,0.01054801233112812,0.038285104851973686,15655.512968044946,13390.60162514023,0.00016732465001567643,28583.88157894737,17764.936197176416,2.344829909808777,4.5442874114166525,5.150289899447748,15.615585709991146,10.98649799668612,13.78522704888391,60.88241946351017
1646.325,1646.34,USV_1104,0.01499999999987267,5.0,113.9699999999998,True,1568.1404,1682.1103999999998,78.18460000000005,-35.785399999999754,0.010943020693957806,0.01611328125,14917.017379189781,16642.4708200179,5.569266043314365e-05,30175.78125,23044.660750917377,2.8253101333761492,5.503593511157078,4.227527685034102,17.898966352967093,10.18951479576746,13.173839931128065,45.916991929757124
1646.461,1646.478,USV_1105,0.01700000000005275,5.0,113.9699999999998,True,1568.1404,1682.1103999999998,78.32060000000001,-35.64939999999979,0.009182551875710487,0.029758029513888888,15821.70171916116,15745.276498060724,0.00031434233180408107,29479.166666666668,17294.323982715814,2.620149863196678,6.006407763893244,6.074904494545433,15.00445655245956,10.335054526860219,15.032783572175784,48.703010346383536
1646.581,1646.592,USV_1106,0.011000000000194632,5.0,113.9699999999998,True,1568.1404,1682.1103999999998,78.4405999999999,-35.529399999999896,0.008487359620630741,0.024135044642857144,17675.310780199135,20996.349652233872,0.0006778776451746953,31593.75,23856.814733929223,3.110168332132859,3.0336267349939985,4.467373252638528,12.686009412134613,10.920663621707382,13.360319061258837,41.459779583655504
1647.059,1647.07,USV_1107,0.010999999999967258,5.0,113.9699999999998,True,1568.1404,1682.1103999999998,78.91859999999997,-35.05139999999983,0.007584317121654749,0.036417643229166664,19297.382909711334,19212.0976975252,0.00046953235608791934,33156.25,21360.29836202569,2.244028657847938,4.458831116538462,4.847393463421663,14.702044783046906,8.137636692969894,14.554627842961045,45.374894710693006
1648.776,1648.8,USV_1108,0.023999999999887223,5.0,113.9699999999998,True,1568.1404,1682.1103999999998,80.63560000000007,-33.33439999999973,0.012222417630255222,0.016268643465909092,12655.601369087166,15313.118315521237,6.771239174576818e-05,28585.227272727272,20554.00363239318,1.9803707099261216,8.57261341397255,7.5271843193936405,15.66454077475005,10.626180009408982,16.628633453587312,50.876344052027186
1648.947,1648.967,USV_1109,0.020000000000209184,5.0,113.9699999999998,True,1568.1404,1682.1103999999998,80.80659999999989,-33.16339999999991,0.02150249294936657,0.013134765625,10700.230615713901,15201.22862507253,4.212618853239305e-05,25181.25,24936.937007820547,1.4603059718384446,2.393903036744992,5.656782939560752,17.7772295094586,11.235727587928272,16.934517623228846,49.54881927589317
1651.258,1651.277,USV_1110,0.019000000000005457,5.0,113.9699999999998,True,1568.1404,1682.1103999999998,83.11760000000004,-30.85239999999976,0.008268795907497406,0.0428466796875,20467.691019372844,19816.24458952672,0.0016796065738078076,33065.625,23181.51763019999,2.351990822373589,5.177414122370263,8.461789384580007,15.638967342947717,9.396609082346604,14.347553814873658,50.14738452718534
1652.16,1652.188,USV_1111,0.02800000000002001,5.0,113.9699999999998,True,1568.1404,1682.1103999999998,84.01960000000008,-29.950399999999718,0.007997194305062294,0.023606520432692308,16313.79868014489,18929.624566209084,0.0003606890189993746,32192.30769230769,17468.56011889729,2.7735892776700726,3.8228070124931075,6.150542130243375,13.447527318219857,10.443682642385069,14.875546116622441,50.90970539368167
1652.5,1652.516,USV_1112,0.016000000000076398,5.0,113.9699999999998,True,1568.1404,1682.1103999999998,84.3596,-29.6103999999998,0.010191379114985466,0.031707763671875,20162.02381252806,19503.686344284753,0.0013737474659097422,32039.0625,23396.656992157605,1.9743144835134194,2.7892390063237493,5.190068921150667,13.878402297743621,9.2218941423264,13.061483649921566,47.675742474678295
1655.411,1655.441,USV_1113,0.029999999999972715,5.0,113.9699999999998,True,1568.1404,1682.1103999999998,87.27060000000006,-26.69939999999974,0.008259461261332035,0.021449497767857144,16353.943170075421,17065.793808245497,0.0011156236926671223,32142.85714285714,20607.530763572802,2.9373310924467373,5.0083494539145255,4.565111120142048,13.784003891184145,11.597958787643917,13.439193154039787,52.237348669936544
1655.608,1655.624,USV_1114,0.016000000000076398,5.0,113.9699999999998,True,1568.1404,1682.1103999999998,87.46759999999995,-26.502399999999852,0.01157185435295105,0.009796142578125,13465.65785146333,17675.515457143778,0.00012441433475871317,29179.6875,17012.704326448136,2.3264729453371316,5.7873983872729164,4.3276852632844465,17.209165509568827,10.058355416873802,14.386824768845997,45.6342985627762
1655.696,1655.704,USV_1115,0.008000000000038199,5.0,113.9699999999998,True,1568.1404,1682.1103999999998,87.55559999999991,-26.414399999999887,0.006305065006017685,0.0369140625,20622.665787712616,25008.85122680334,0.001175133578700489,35175.0,24717.8389701984,2.0932361062830878,2.9451885764545964,5.903269921697347,9.415055606020971,7.7863241047994265,13.56982822287288,32.12297870625078
1655.845,1655.873,USV_1116,0.02800000000002001,5.0,113.9699999999998,True,1568.1404,1682.1103999999998,87.70460000000003,-26.265399999999772,0.007712722290307283,0.04490309495192308,19643.310732913895,14042.784408085909,2.5233396212231017e-05,34081.730769230766,25873.076072523316,1.3748981282143355,4.761704362147677,6.332016545910359,16.308422982465558,12.183729953648927,15.295837529186574,57.7579602908272
1657.575,1657.593,USV_1117,0.018000000000029104,5.0,113.9699999999998,True,1568.1404,1682.1103999999998,89.43460000000005,-24.535399999999754,0.00838920846581459,0.025634765625,17494.903154934393,18438.186811269312,0.00025990807908407744,30791.666666666668,22275.655712926844,1.7805445106599231,3.855817898365891,4.2042934277405895,13.357437858372627,11.730411319163219,14.5193189448622,48.061217462446464
1658.659,1658.682,USV_1118,0.02299999999991087,5.0,113.9699999999998,True,1568.1404,1682.1103999999998,90.5186000000001,-23.451399999999694,0.009858728386461735,0.037908380681818184,17201.153319681503,17054.625355764147,0.0007807344038701946,30502.840909090908,17509.66894316596,1.907125654523925,3.780846446893392,4.330456869078822,14.398017424730767,10.110989318466578,14.562617120819828,51.378468729855676
1660.188,1660.323,USV_1119,0.1349999999999909,5.0,113.9699999999998,True,1568.1404,1682.1103999999998,92.0476000000001,-21.922399999999698,0.013780632056295872,0.018923201650943397,12762.000809841396,13887.307902508086,3.38341368831129e-05,28362.028301886792,25097.285303159682,3.1054220928860965,4.583186102744025,5.352189711647223,16.70889813585516,11.357857638610147,13.672030398490055,59.31949153644039
1661.336,1661.36,USV_1120,0.023999999999887223,5.0,113.9699999999998,True,1568.1404,1682.1103999999998,93.19560000000001,-20.774399999999787,0.009422903880476952,0.025057705965909092,16008.345776167163,16808.310308188928,0.0004285140902001131,30571.022727272728,22991.58396749989,2.7268701748647413,5.230544897936559,5.565437658337365,14.063044070183567,10.58216699626639,13.905492961137089,50.838609127036214
1661.533,1661.546,USV_1121,0.013000000000147338,5.0,113.9699999999998,True,1568.1404,1682.1103999999998,93.3925999999999,-20.577399999999898,0.005589152220636606,0.02880859375,18185.520208043217,21153.42809400528,0.0008104846830044778,33495.53571428572,20959.021500204013,2.6634762452884395,3.2526772070916214,4.690121617244279,12.68958936906464,8.234633483829397,13.992294381369039,42.24911104454025
1661.709,1661.728,USV_1122,0.019000000000005457,5.0,113.9699999999998,True,1568.1404,1682.1103999999998,93.56860000000006,-20.40139999999974,0.011428083293139935,0.0244140625,16373.154099268413,18810.836823781436,0.000223897144205535,31800.0,24954.26092957256,2.11566832326206,5.136659699973847,6.01838117436887,12.694651579652287,10.4811192615845,14.6776331369752,48.979850310551925
1662.037,1662.049,USV_1123,0.011999999999943611,5.0,113.9699999999998,True,1568.1404,1682.1103999999998,93.89660000000003,-20.073399999999765,0.008891215547919273,0.016392299107142856,18556.15086497747,21521.927117509833,0.0006116630905851685,32303.571428571428,24923.153365986847,2.2591598763843908,2.23605225378478,4.521119624061439,13.73900810520803,11.565326258166719,11.719204102122788,41.32474641750522
1663.943,1663.951,USV_1124,0.008000000000038199,5.0,113.9699999999998,True,1568.1404,1682.1103999999998,95.80259999999998,-18.167399999999816,0.011252875439822674,0.019287109375,17365.691773027764,22530.045287820638,0.0006259155861913329,30056.25,21927.560281661932,2.305596662155298,3.9299099063917664,4.212028202329826,13.73945120345579,8.23779628823301,12.863727708044326,34.26237497403762
1670.247,1670.324,USV_1125,0.07699999999999818,5.0,113.9699999999998,True,1568.1404,1682.1103999999998,102.10660000000007,-11.863399999999729,0.012142823077738285,0.024099042338709676,14376.805636488974,14088.168984314972,0.00014891044971592748,28303.427419354837,19932.1991129223,3.3832882316341375,4.347483052127547,6.742860182652406,12.441593215516141,11.827784695415831,14.975400118315266,58.4532070079958
1670.653,1670.738,USV_1126,0.08500000000003638,5.0,113.9699999999998,True,1568.1404,1682.1103999999998,102.51260000000002,-11.45739999999978,0.029727287590503693,0.01594094669117647,10193.357907407055,13609.914404883302,0.00017613164763291656,24741.727941176472,28212.576495292356,3.2509084985617247,2.9985407954784,6.146553395314966,20.579178112484385,9.95472056034267,13.366641574313618,56.75469580689922
1670.84,1670.861,USV_1127,0.021000000000185537,5.0,113.9699999999998,True,1568.1404,1682.1103999999998,102.69959999999992,-11.270399999999881,0.00762871652841568,0.024072265625,16525.09447986428,17928.92130717151,0.00022843659115150366,32268.75,26655.632749211316,3.125084871397193,4.393553249563557,5.175110147788141,17.37756846710454,11.563506036781266,14.388679344001591,48.84137136168016
1671.491,1671.501,USV_1128,0.009999999999990905,5.0,113.9699999999998,True,1568.1404,1682.1103999999998,103.35059999999999,-10.619399999999814,0.00868713203817606,0.027750651041666668,16554.577242194955,18754.584035325865,0.0001840745502008688,30265.625,19592.81677347197,1.760062044611101,2.511005268054904,6.542452427391794,13.309054443138821,11.738254160810996,11.645376954202433,39.81120191291521
1672.378,1672.404,USV_1129,0.026000000000067303,5.0,113.9699999999998,True,1568.1404,1682.1103999999998,104.23759999999993,-9.73239999999987,0.009505131281912327,0.017679850260416668,16310.279999066575,18609.02676385276,0.0007632933926272348,32000.0,23161.47101261986,2.4072324500247975,5.790305471468816,5.310343680928305,16.671743843546427,10.48789828959326,14.961494900486857,49.35180968260581
1673.278,1673.311,USV_1130,0.032999999999901775,5.0,113.9699999999998,True,1568.1404,1682.1103999999998,105.13760000000002,-8.83239999999978,0.011332986876368523,0.03976236979166667,15573.525558097954,14206.56160032786,3.994625547931282e-05,28837.5,15753.27698504332,2.5642034324176106,5.862470031833906,5.219099420429912,15.699532349168928,11.154293243501717,15.398918930827296,56.34585665582173
1673.613,1673.715,USV_1131,0.10199999999986176,5.0,113.9699999999998,True,1568.1404,1682.1103999999998,105.47260000000006,-8.497399999999743,0.011677490547299385,0.03526343368902439,14736.02902267983,12676.175035961836,4.6750009043093746e-05,28330.79268292683,15840.828355193291,2.3525951978960014,5.061109495556434,5.732036934432937,16.178665960826194,10.869785654681635,14.828024741753946,62.257180981117706
1673.811,1673.819,USV_1132,0.008000000000038199,5.0,113.9699999999998,True,1568.1404,1682.1103999999998,105.67059999999992,-8.299399999999878,0.009622004814445972,0.013427734375,15964.059811582189,17088.785314589208,9.642871268460588e-05,30056.25,22546.927268046198,2.067024478217592,4.7781110691412225,6.311423717279421,15.387005581794492,10.35404714562459,13.120091961690807,38.59965177032846
1673.984,1674.078,USV_1133,0.09400000000005093,5.0,113.9699999999998,True,1568.1404,1682.1103999999998,105.84359999999992,-8.126399999999876,0.014525273814797401,0.041047748766447366,16280.47688318672,13409.103568301687,0.00022646879225999414,28692.434210526317,17685.50293777334,2.5755325129913764,5.685510269388159,5.259882060810772,16.700835244993808,11.277999107393034,15.181913549290252,61.71837019776161
1674.115,1674.148,USV_1134,0.032999999999901775,5.0,113.9699999999998,True,1568.1404,1682.1103999999998,105.97460000000001,-7.9953999999997905,0.009459951892495155,0.04269205729166667,16937.54896790391,14365.095745820388,8.274421439403018e-05,29606.25,21429.32236757256,2.753980906987867,5.257607940208168,4.7336252658076905,16.263627454967075,11.823954860229772,16.04797257747691,56.68119530309029
1674.236,1674.252,USV_1135,0.015999999999849024,5.0,113.9699999999998,True,1568.1404,1682.1103999999998,106.0956000000001,-7.874399999999696,0.014503603801131248,0.0059814453125,17110.69635010288,21424.856913812215,0.00045415810449336944,32062.5,24095.4611711242,2.7031689664367953,4.886114670405253,5.460296755367871,11.922078435841986,8.841313222290326,14.147500888774532,43.5095788077481
1674.923,1674.938,USV_1136,0.015000000000100044,5.0,113.9699999999998,True,1568.1404,1682.1103999999998,106.7826,-7.187399999999798,0.007412257604300976,0.0267333984375,18993.03528421434,19770.767401917103,0.0008513602785504333,33234.375,26940.95961884744,1.7450869789303212,5.243731482935805,4.353984861040653,14.789513417089804,12.020715007530173,16.0032196719191,44.87291929919975
1674.972,1675.063,USV_1137,0.09100000000012187,5.0,113.9699999999998,True,1568.1404,1682.1103999999998,106.83159999999998,-7.13839999999982,0.012435800395905972,0.021095069679054054,15434.549075614674,15451.76532268556,0.00013620366908999036,31497.466216216217,25973.199649153496,2.445243226595655,6.513747200996145,5.133398860217593,17.17440535434875,12.180375893366584,15.258792095308287,57.792335009241825
1675.553,1675.601,USV_1138,0.04800000000000182,5.0,113.9699999999998,True,1568.1404,1682.1103999999998,107.41260000000011,-6.557399999999689,0.015327103435993195,0.014404296875,13570.265326815666,14860.701046988775,0.0001429364405531746,28293.75,16557.96992031245,2.41970773761443,6.23377579528187,5.781292281573911,14.727601378726476,11.559844832167313,14.053341190865314,56.727211975248466
1675.641,1675.703,USV_1139,0.06199999999989814,5.0,113.9699999999998,True,1568.1404,1682.1103999999998,107.50060000000008,-6.469399999999723,0.007996959611773491,0.040292593149038464,16861.830999968082,14748.828802080163,0.00011355949383667381,30764.423076923078,19741.240350626227,2.7848124304403177,4.266123439839912,4.128626784967158,16.602525697240022,12.00315357235955,14.2576584239231,59.79842753983113
1676.118,1676.172,USV_1140,0.05400000000008731,5.0,113.9699999999998,True,1568.1404,1682.1103999999998,107.97759999999994,-5.992399999999861,0.00972843635827303,0.030719259510869564,17061.11345845083,16419.82025276029,0.00018610794108656984,33248.641304347824,25090.51710010639,2.129307668727291,5.167851343811262,5.253394710833749,14.216823301359915,11.112987928970457,13.584571262734805,55.92821340903622
1676.443,1676.472,USV_1141,0.028999999999996362,5.0,113.9699999999998,True,1568.1404,1682.1103999999998,108.30259999999998,-5.667399999999816,0.009328041225671768,0.03464918870192308,15447.361993596842,14540.188263160464,0.00013321263606387075,30266.826923076922,17843.994526910006,2.489733420027979,4.62987664598994,4.9724654766565815,17.24891459904651,10.600822179579971,16.45040790123769,54.45754988557003
1676.603,1676.679,USV_1142,0.07600000000002183,5.0,113.9699999999998,True,1568.1404,1682.1103999999998,108.46260000000007,-5.507399999999734,0.012234215624630451,0.02974577872983871,13069.92795633105,12664.644387043072,0.00011386392513391497,26174.395161290322,15306.277549116974,2.106754946079165,5.645402382763736,5.085243711521232,15.092227799349768,14.23187536391638,17.2076011302916,60.86117531284695
1677.021,1677.046,USV_1143,0.02500000000009095,5.0,113.9699999999998,True,1568.1404,1682.1103999999998,108.88059999999996,-5.089399999999841,0.011708675883710384,0.03680419921875,18557.25011558271,19010.981574940328,0.0009251361451054124,32335.9375,15164.558214387398,2.790020939917005,5.56531599119734,4.966375078012809,13.253566134424604,10.809413169250652,16.163539213595943,52.67612794039284
1677.393,1677.403,USV_1144,0.009999999999990905,5.0,113.9699999999998,True,1568.1404,1682.1103999999998,109.25260000000003,-4.71739999999977,0.00881986878812313,0.032633463541666664,17119.147924202112,18105.72170054204,0.0011923879600634723,29937.5,16433.721892939644,1.6043212244338676,2.8805247570013375,5.161044126028166,14.473322739394263,8.251262620131923,15.655513015398697,40.47317135599146
1678.525,1678.577,USV_1145,0.05199999999990723,5.0,113.9699999999998,True,1568.1404,1682.1103999999998,110.38460000000009,-3.5853999999997086,0.011230080388486385,0.021706321022727272,15806.9825495659,14714.025617184572,0.00017567524008598964,30916.19318181818,22689.77393212141,2.517011596179989,6.413076858738308,4.623724200561483,15.84834888291915,11.43057780519534,14.861757387632219,57.45216772910358
1678.792,1678.847,USV_1146,0.055000000000063665,5.0,113.9699999999998,True,1568.1404,1682.1103999999998,110.65159999999992,-3.318399999999883,0.015144234523177147,0.03648310122282609,15719.419085194355,13839.012726391415,0.00038752846094222465,28597.82608695652,18543.67001326194,2.6522669855689456,5.74338864781488,5.484296487213569,15.839666669184032,12.782116419569546,15.638551665336397,60.0942667265821
1679.07,1679.088,USV_1147,0.018000000000029104,5.0,113.9699999999998,True,1568.1404,1682.1103999999998,110.92959999999994,-3.040399999999863,0.009548261761665344,0.014350043402777778,16154.570230971705,20089.12760828187,0.00043951424939364685,33093.75,21322.03947986102,2.5628788658192465,4.985531401156633,5.0303299538103445,15.246842605780472,10.542658688697758,14.350947711595056,44.87664482146199
1679.448,1679.498,USV_1148,0.049999999999954525,5.0,113.9699999999998,True,1568.1404,1682.1103999999998,111.3076000000001,-2.662399999999707,0.010690546594560146,0.022658575148809524,15422.85400925562,15091.62828722647,5.565888362698703e-05,30915.178571428572,23697.18303577606,3.2605121572040643,5.694149338071362,6.07483323865196,15.064519526879868,11.574360620237835,15.608143277223869,57.13305892718888
1679.528,1679.573,USV_1149,0.04500000000007276,5.0,113.9699999999998,True,1568.1404,1682.1103999999998,111.38760000000002,-2.5823999999997795,0.010872975923120975,0.03978207236842105,16401.248221040914,16047.721311551299,0.00037910492133429294,30705.592105263157,15671.32894038726,3.492568139628778,4.4482549761529535,5.1170514418262405,16.56116980986173,9.607441396933583,15.056700517599813,55.864012273110504
1680.255,1680.288,USV_1150,0.032999999999901775,5.0,113.9699999999998,True,1568.1404,1682.1103999999998,112.11460000000011,-1.8553999999996904,0.012070397846400738,0.019742838541666665,15739.282011708065,15518.979301671006,7.506252702326813e-05,29643.75,20528.114459834153,2.9335580885560253,6.157450299607505,4.77021671770759,17.566174895321694,11.9619973344331,14.126134894460254,54.33906796176757
1680.367,1680.514,USV_1151,0.14699999999993452,5.0,113.9699999999998,True,1568.1404,1682.1103999999998,112.22659999999996,-1.7433999999998377,0.011280565522611141,0.034265350877192985,15569.026619157848,13422.699282601132,8.473622207087407e-06,30593.75,20778.160735078316,2.306884817000822,5.835602679224382,5.217979181220943,16.46633828220316,11.764486813361895,15.876852420460795,61.868560432924816
1680.564,1680.666,USV_1152,0.10199999999986176,5.0,113.9699999999998,True,1568.1404,1682.1103999999998,112.42360000000008,-1.5463999999997213,0.01234651729464531,0.03376881669207317,15502.360797059597,13830.750905227747,0.00017409447969608555,29460.365853658535,21123.70455415861,2.0452264649214973,6.541176834459859,5.232375781662296,15.075851202191648,11.747493610352027,15.970813429815863,62.04908011608762
1680.711,1680.82,USV_1153,0.1089999999999236,5.0,113.9699999999998,True,1568.1404,1682.1103999999998,112.57060000000001,-1.3993999999997868,0.016947468742728233,0.054210574127906974,16403.32517285541,12141.001122456877,3.0563773627813536e-05,27952.761627906977,19893.547843683216,2.719985550397376,4.5502966621315295,4.859300772617276,16.16785695534811,12.790022358611072,15.882794872187935,64.6935445316453
1681.206,1681.301,USV_1154,0.09500000000002728,5.0,113.9699999999998,True,1568.1404,1682.1103999999998,113.0655999999999,-0.904399999999896,0.017546795308589935,0.03416041324013158,13963.71093737292,12778.921963158005,1.976247735857413e-05,26923.519736842107,16143.738925365262,2.4298428253502826,4.98250950852158,4.7073237324869135,15.555908175867925,11.117208283202666,15.741526027515366,61.854495896702986
1681.846,1681.894,USV_1155,0.04800000000000182,5.0,113.9699999999998,True,1568.1404,1682.1103999999998,113.7056,-0.2643999999997959,0.008798383176326752,0.03055419921875,15501.83835580229,16079.996867274505,0.0003193121593235837,30712.5,16393.371606376568,2.6405730183097402,4.476806643332489,4.781177837617167,16.387356811520466,9.539718265115637,14.468683470017364,56.75801030191784
1682.027,1682.057,USV_1156,0.029999999999972715,5.0,113.9699999999998,True,1568.1404,1682.1103999999998,113.88660000000004,-0.08339999999975589,0.015329183079302311,0.026750837053571428,16113.34882560624,15299.159691734998,0.00022207096558234972,28513.39285714286,19344.086887855687,2.2340650624766423,4.210261850141649,5.220796788707209,17.106694662796414,11.905696520366677,12.841570020612432,55.26968639269777
1683.21,1683.229,USV_1157,0.019000000000005457,5.0,113.9699999999998,False,1568.1404,1682.1103999999998,115.06960000000004,1.0996000000002368,0.04361153393983841,0.0101318359375,10128.345600454471,17775.297314221883,0.0004926059998809164,19743.75,24730.802385065082,2.7142156985193573,2.028560157172646,6.0247554461004444,13.89980294608672,10.440235248223633,17.074961646862114,46.86763683294053
1683.714,1683.745,USV_1158,0.03099999999994907,5.0,113.9699999999998,False,1568.1404,1682.1103999999998,115.57359999999994,1.6036000000001422,0.008412657305598259,0.04685756138392857,18172.13635413835,16293.315325676134,0.0001855009987831836,31566.964285714286,19805.024197250943,1.7465594938514422,3.314972472541615,5.298648658661838,18.622277843886426,9.616015790082,13.63780659816933,56.06547675819734
1686.767,1686.783,USV_1159,0.015999999999849024,5.0,113.9699999999998,False,1568.1404,1682.1103999999998,118.62660000000005,4.656600000000253,0.008440302684903145,0.0247802734375,16151.347479523749,17157.65382679316,0.0001735607719748269,30492.1875,17165.79443568527,2.711340144570655,5.214802800115634,7.260284455811685,13.212001622213066,9.025035522409674,13.964987279900214,47.997852477438855
1687.062,1687.093,USV_1160,0.031000000000176442,5.0,113.9699999999998,False,1568.1404,1682.1103999999998,118.9215999999999,4.951600000000099,0.010590842925012112,0.030918666294642856,17906.176410135024,16149.420763477412,0.00042840292168711436,30220.98214285714,22465.930267734984,2.9363910921574514,7.832737674214691,5.611285111747656,14.811235848947758,10.337488868465872,15.41907289319204,54.97181559077922
1687.329,1687.345,USV_1161,0.016000000000076398,5.0,113.9699999999998,False,1568.1404,1682.1103999999998,119.18859999999995,5.218600000000151,0.010970594361424446,0.021484375,17767.89804993752,20730.51686220948,0.0005351044008130074,34183.59375,24546.20098287076,2.110589332455504,4.282381320779738,5.2422945394382054,12.615423245826555,8.910840085890495,12.694652223015767,44.462266055032785
1687.49,1687.635,USV_1162,0.1449999999999818,5.0,113.9699999999998,False,1568.1404,1682.1103999999998,119.34960000000001,5.3796000000002095,0.04446547105908394,0.020285087719298246,10837.702123261372,12648.434951473944,2.202978547254557e-05,25006.57894736842,24024.224160707054,3.521829903489374,2.297822583059254,5.388976845988723,18.41142846513061,11.63277097582456,15.373930791095987,60.93874350733234
1695.35,1695.384,USV_1163,0.0340000000001055,5.0,113.9699999999998,False,1568.1404,1682.1103999999998,127.20959999999991,13.23960000000011,0.016778800636529922,0.010270182291666667,11156.574976106831,15723.330657338134,8.474887258395635e-05,26893.75,24015.336674343333,2.0752199531224576,3.4180168470616157,5.355095058074693,15.920026070599443,10.010442105602044,12.934521475945845,52.33003336082751
1699.283,1699.315,USV_1164,0.032000000000152795,5.0,113.9699999999998,False,1568.1404,1682.1103999999998,131.1425999999999,17.172600000000102,0.006138796918094158,0.024884905133928572,16051.08021664308,15544.30017640884,0.0001924260263175617,31720.98214285714,22877.353381698074,2.8059397575560836,4.023237016159927,5.247231755629427,16.037374303223245,10.336269909732367,14.343843619165023,54.76694351862863
1699.741,1699.787,USV_1165,0.04600000000004911,5.0,113.9699999999998,False,1568.1404,1682.1103999999998,131.6006,17.630600000000186,0.011420818977057934,0.02962646484375,14503.474565766403,15246.110013480831,0.0002444972968226013,28842.1875,19881.53268537946,2.6026120291657433,7.86470824317455,4.174181731548996,13.402106078828396,9.52945090191152,14.853243319895753,55.942050252775154
1699.915,1699.977,USV_1166,0.06200000000012551,5.0,113.9699999999998,False,1568.1404,1682.1103999999998,131.77459999999996,17.804600000000164,0.02272801846265793,0.024235652043269232,12318.255971046738,16134.110228334903,8.481641781534838e-05,30205.528846153848,23303.59999441933,2.611749899555282,2.842350478499829,5.103303004463376,19.18386013110516,9.877136544736459,14.024393120564335,55.30412382549559
1700.851,1700.87,USV_1167,0.018999999999778083,5.0,113.9699999999998,False,1568.1404,1682.1103999999998,132.7106000000001,18.740600000000313,0.011720309033989906,0.016872829861111112,14409.066017256275,17207.17181236848,8.258038027586784e-05,29687.5,21720.790512931722,1.5239020170596262,6.886789412011494,5.394309050535806,15.47869300901144,9.459828161496226,15.775184347564371,49.222406971903986
1701.463,1701.474,USV_1168,0.010999999999967258,5.0,113.9699999999998,False,1568.1404,1682.1103999999998,133.32259999999997,19.352600000000166,0.011050205677747726,0.0146484375,17243.43327461633,16665.33042073471,6.49822204916724e-05,31031.25,25293.510815440906,3.25561553383563,8.726642554545828,5.7468549361058665,17.818913697549412,11.155272449406924,13.713656470438373,47.32794314410996
1704.973,1704.99,USV_1169,0.01700000000005275,5.0,113.9699999999998,False,1568.1404,1682.1103999999998,136.83259999999996,22.862600000000157,0.016115862876176834,0.028157552083333332,19326.419624698454,19293.0255196912,0.0002779351896742135,33375.0,26398.0916387602,1.100044766466429,5.730294900168425,6.148162795513705,15.698023940996276,8.492587939414932,14.090719093661603,47.56197095870203
1706.165,1706.248,USV_1170,0.08300000000008367,5.0,113.9699999999998,False,1568.1404,1682.1103999999998,138.02459999999996,24.054600000000164,0.011415911838412285,0.02460793887867647,15468.525858812325,14722.046224392485,0.00023015397646047707,28921.875,20246.603929754037,2.490489509526308,4.074788883406163,4.762107793765803,16.60707204473906,11.766164054658635,15.334354471445147,59.85248701365374
1706.389,1706.429,USV_1171,0.040000000000190994,5.0,113.9699999999998,False,1568.1404,1682.1103999999998,138.2485999999999,24.278600000000097,0.013203940354287624,0.03023035386029412,16174.338605958972,14864.743726421331,6.727084424946215e-05,28781.25,23581.85139386637,2.8967148860517664,5.3809722713082735,5.386350917480586,15.09690614033068,10.868794918875844,13.926438619054403,56.566261545512354
1706.548,1706.59,USV_1172,0.041999999999916326,5.0,113.9699999999998,False,1568.1404,1682.1103999999998,138.4076,24.437600000000202,0.012067386880517006,0.0198974609375,13367.98681894833,14974.942796170906,0.0002349320121540503,27802.083333333332,21266.05813601726,2.2230163020831983,5.032698338760117,5.585407566718959,16.199647445256463,11.000895396664006,15.290251953998137,55.00709817523334
1706.716,1706.741,USV_1173,0.02500000000009095,5.0,113.9699999999998,False,1568.1404,1682.1103999999998,138.5755999999999,24.605600000000095,0.01132926344871521,0.014668782552083334,13778.812756544985,15025.474792476329,6.099734565710619e-05,29937.5,22317.65774812338,1.682105273393322,6.492958801648005,6.200478658195329,16.101366975833137,10.554922977663002,14.97335286798768,51.46196225256116
1710.051,1710.11,USV_1174,0.05899999999996908,5.0,113.9699999999998,False,1568.1404,1682.1103999999998,141.91059999999993,27.94060000000013,0.011419235728681087,0.025614420572916668,15503.838411551644,15547.021165569151,0.00017899004313342583,30566.40625,23594.964130010496,1.8499978971378994,5.170451481653566,4.731445452399431,15.49917889861048,11.577368283869069,13.417195334404028,58.39462979617114
1710.249,1710.339,USV_1175,0.08999999999991815,5.0,113.9699999999998,False,1568.1404,1682.1103999999998,142.10860000000002,28.138600000000224,0.017486171796917915,0.024285210503472224,13125.92858587707,13974.121388191026,9.127048486570767e-05,27859.375,22854.202676117224,2.2379064432848614,5.196134840003458,3.8681523803161744,17.19202223121776,10.304302020017907,13.700745349037874,59.89898182350612
1710.761,1710.783,USV_1176,0.021999999999934516,5.0,113.9699999999998,False,1568.1404,1682.1103999999998,142.62059999999997,28.650600000000168,0.009575014002621174,0.023570667613636364,15801.922305332499,17199.504974905794,0.00035514470284205463,29872.159090909092,16616.049826503036,1.9443402646051395,3.5891507541626755,5.319482933106738,16.484630758143794,10.389449790483845,11.895679746066888,50.62130244141485
1711.081,1711.096,USV_1177,0.015000000000100044,5.0,113.9699999999998,False,1568.1404,1682.1103999999998,142.9405999999999,28.970600000000104,0.007640928030014038,0.044525146484375,17114.54673248144,13729.83326042573,5.006357676998877e-05,30187.5,20235.692929365534,1.5670532714621446,4.113627817703794,3.9564991766267585,16.242570454459972,13.639486303251738,14.160848880149494,50.80334190775868
1711.432,1711.444,USV_1178,0.011999999999943611,5.0,113.9699999999998,False,1568.1404,1682.1103999999998,143.29160000000002,29.321600000000217,0.01790662482380867,0.013113839285714286,14159.794042750716,21706.93733085636,0.0006583324336807175,31098.214285714286,24499.591583494104,1.3420854870198036,4.072762417477925,4.6681864030578835,14.875770577110211,9.313165288149762,14.34303274024161,39.3710605320883
1713.85,1713.89,USV_1179,0.040000000000190994,5.0,113.9699999999998,False,1568.1404,1682.1103999999998,145.7095999999999,31.73960000000011,0.013115803711116314,0.029526654411764705,14854.986482525937,15631.886965288493,0.00011894882303677961,28626.83823529412,22441.274830199447,2.1206848436525294,3.3341820697976168,5.921960504707117,16.501005293900413,10.19964205287777,13.775313562999017,55.32285377467059
1713.925,1713.952,USV_1180,0.027000000000043656,5.0,113.9699999999998,False,1568.1404,1682.1103999999998,145.78459999999995,31.814600000000155,0.013158140704035759,0.0224609375,14498.527800959819,16855.28360120672,0.000568684960837007,26538.46153846154,18721.661504691725,1.7958736501668762,3.3506999473801007,4.567387335940913,14.43661575443693,13.882578736394406,16.372127764362794,53.56203380080171
1714.196,1714.278,USV_1181,0.08200000000010732,5.0,113.9699999999998,False,1568.1404,1682.1103999999998,146.0555999999999,32.08560000000011,0.01029757596552372,0.03118341619318182,14934.091506639097,15672.92891014513,0.00041419915421787255,31133.522727272728,25265.205290797097,3.3110674095033157,2.5956879651084765,5.015970976849615,16.690141474455928,11.4025482143122,14.110157482015987,57.98976723479485
1714.357,1714.365,USV_1182,0.008000000000038199,5.0,113.9699999999998,False,1568.1404,1682.1103999999998,146.21659999999997,32.24660000000017,0.01548340730369091,0.000390625,16411.073811085487,24031.991925950533,0.0004783342455347376,31087.5,22324.733892943364,2.1243269788611556,4.195461684608568,4.771941243747484,9.753937427278172,8.98513978515222,14.486805135206254,32.21396900334675
1714.895,1715.0,USV_1183,0.10500000000001819,5.0,113.9699999999998,False,1568.1404,1682.1103999999998,146.75459999999998,32.78460000000018,0.01182093471288681,0.034848167782738096,15580.99929431318,14187.53422665466,6.136836258255381e-05,28750.0,21280.144863147638,3.1430286982580933,5.58530196343447,5.640276135091519,18.015810219464868,11.039556821617305,14.4706323409496,59.86072443757333
1715.862,1715.956,USV_1184,0.09399999999982356,5.0,113.9699999999998,False,1568.1404,1682.1103999999998,147.72160000000008,33.75160000000028,0.008783981204032898,0.022679379111842105,15236.039357169555,14436.864277193104,4.645663922466779e-05,30320.723684210527,21290.20748129573,2.4153149567478884,3.2876876132775963,4.291966665730336,15.315330792784287,11.908840859989478,14.922090282429739,60.382528286955605
1718.204,1718.221,USV_1185,0.01700000000005275,5.0,113.9699999999998,False,1568.1404,1682.1103999999998,150.06359999999995,36.09360000000015,0.005806945264339447,0.053656684027777776,19387.269628736485,15735.788092106668,0.0003363594422136667,31552.083333333332,19763.343748092604,1.9580538505525398,3.9431776621070562,4.93586832208393,12.220806906262935,9.092920558008313,16.060590526559487,51.76720923340626
1718.963,1719.036,USV_1186,0.07300000000009277,5.0,113.9699999999998,False,1568.1404,1682.1103999999998,150.82259999999997,36.852600000000166,0.010325676761567593,0.031111653645833334,15910.278444258698,14562.783280154954,0.0001233450505425975,30171.875,19512.76637251691,3.5461805161389184,5.473378532329913,5.258403041887833,17.58511062790266,11.1565250263777,13.740970087346616,59.39743189299591
1721.613,1721.642,USV_1187,0.028999999999996362,5.0,113.9699999999998,False,1568.1404,1682.1103999999998,153.47260000000006,39.50260000000026,0.009703745134174824,0.03515625,17536.707607992346,16808.445048155994,0.0008932264515750164,31615.384615384617,22074.71167182016,1.825651439696812,5.307034178193845,6.0841705909880766,15.507570143024092,8.540979426109553,13.080661327393878,53.860795568681816
1721.754,1721.79,USV_1188,0.03600000000005821,5.0,113.9699999999998,False,1568.1404,1682.1103999999998,153.6135999999999,39.643600000000106,0.010464917868375778,0.0246124267578125,15617.562212909454,16733.62527555784,0.00022961273533093018,30281.25,24322.724319190234,2.151152762324384,5.3933792938820275,4.385438511137598,16.753726293851543,10.737460136480436,12.912735613576789,54.28978640418639
1721.873,1721.891,USV_1189,0.018000000000029104,5.0,113.9699999999998,False,1568.1404,1682.1103999999998,153.73260000000005,39.76260000000025,0.008121702820062637,0.021891276041666668,15641.894533782997,16191.229109396818,0.00025195174447329214,30906.25,21301.8945974335,2.9731195091978724,3.552231626400076,5.958837276904708,13.985889361688228,12.715852067812945,13.154057628610248,49.58567859454263
1722.057,1722.11,USV_1190,0.052999999999883585,5.0,113.9699999999998,False,1568.1404,1682.1103999999998,153.91660000000002,39.94660000000022,0.009307519532740116,0.032759232954545456,16693.70960756518,16595.535133002933,0.0002992962699242949,32437.5,25388.57708827541,3.1103688183205507,4.719807613621637,5.147975610571572,15.148676091091344,11.730774177599507,15.627173708620541,55.58822170478414
1723.257,1723.288,USV_1191,0.03099999999994907,5.0,113.9699999999998,False,1568.1404,1682.1103999999998,155.11660000000006,41.14660000000026,0.011704553849995136,0.020908900669642856,16724.363613205736,17144.479482219558,0.00033039182575510007,30200.89285714286,21224.111812728228,3.2668681941880324,4.4396475641517545,4.831027864576336,15.533097016113757,11.009993561379774,11.544902676061373,53.42645618945861
1724.239,1724.313,USV_1192,0.07400000000006912,5.0,113.9699999999998,False,1568.1404,1682.1103999999998,156.09860000000003,42.12860000000023,0.011051224544644356,0.016764322916666668,14576.772978558887,15192.127584554213,3.173911161029674e-05,30412.5,26007.318153905493,2.3118997657581066,5.557050685454617,4.618787453133125,16.484890591499383,12.408445442298557,15.040645520634596,58.03119569390037
1725.964,1726.007,USV_1193,0.04300000000012005,5.0,113.9699999999998,False,1568.1404,1682.1103999999998,157.82359999999994,43.85360000000014,0.009158194065093994,0.038060238486842105,17888.663499804963,15782.140346145665,0.00023282215901390557,30967.105263157893,20687.140561691547,3.588098046061275,5.673828515293391,5.071368173187866,15.182256429142896,11.330548124842702,13.226850641357336,57.54365635405118
1727.755,1727.764,USV_1194,0.008999999999787178,5.0,113.9699999999998,False,1568.1404,1682.1103999999998,159.6146000000001,45.64460000000031,0.010158068500459194,0.020589192708333332,18255.364514149092,22683.30670915825,0.0004083231954051308,32953.125,27963.176753516058,3.2062679877014317,5.744477776157658,6.522502672416066,11.812558388684431,9.467666689293175,12.455408544652313,36.57673955597489
1727.976,1727.999,USV_1195,0.02299999999991087,5.0,113.9699999999998,False,1568.1404,1682.1103999999998,159.8356000000001,45.86560000000031,0.011637341231107712,0.03451260653409091,17761.281629843303,16103.20380875665,0.0003934861824277251,30400.56818181818,22606.819781143884,1.7501944964148597,5.449004215499974,4.610258582760216,16.526051382118137,10.976294962950561,14.036117200739708,51.907293752310245
1729.066,1729.075,USV_1196,0.009000000000014552,5.0,113.9699999999998,False,1568.1404,1682.1103999999998,160.92560000000003,46.95560000000023,0.009004374034702778,0.019246419270833332,21643.333706890404,25204.94441837862,0.0020881351303043516,35968.75,18771.787766023204,2.3327117634577896,4.087774424758556,5.896936202506237,8.712329183101064,10.02389735230069,12.447237647701819,37.0054485676228
1731.957,1732.035,USV_1197,0.07799999999997453,5.0,113.9699999999998,False,1568.1404,1682.1103999999998,163.8166000000001,49.84660000000031,0.011300254613161087,0.02713775634765625,14114.52146142186,15009.918465390441,0.00018071570282738675,28168.9453125,16906.8701418675,3.227877500308179,3.818031285016723,5.563138685292817,14.919758926226562,10.377256874859054,15.121604989333486,58.98955677502054
1732.263,1732.325,USV_1198,0.06200000000012551,5.0,113.9699999999998,False,1568.1404,1682.1103999999998,164.12259999999992,50.15260000000012,0.011738326400518417,0.017249474158653848,13785.772077051246,16311.613616660852,0.0001795687276519183,29066.10576923077,17657.01814411322,2.5949990389929454,6.2151239006531585,5.020516838910039,14.85044264219482,10.8665268223842,13.68373024487853,55.83051962801533
1735.374,1735.4,USV_1199,0.026000000000067303,5.0,113.9699999999998,False,1568.1404,1682.1103999999998,167.23360000000002,53.263600000000224,0.015984535217285156,0.018229166666666668,12890.601755644544,14564.296844232804,0.0001266541352249157,26312.5,23790.44260265165,2.6574660573750593,4.765535064470227,5.1087249702568736,16.420728388135448,9.971200596729867,15.1146152491787,53.86847514745647
1736.889,1736.897,USV_1200,0.008000000000038199,5.0,113.9699999999998,False,1568.1404,1682.1103999999998,168.7485999999999,54.7786000000001,0.007716056890785694,0.02841796875,17250.122370625042,17997.983008683485,0.00016448521690777125,30468.75,21848.38914320158,1.0522167113185499,3.8918448432259196,2.828424085675551,15.637910976134686,14.722892048033918,14.240112995680269,38.56474664999954
1737.193,1737.211,USV_1201,0.018000000000029104,5.0,113.9699999999998,False,1568.1404,1682.1103999999998,169.05259999999998,55.082600000000184,0.008139725774526596,0.043050130208333336,18172.680701868823,14536.560622104364,0.00010655461040627965,30333.333333333332,20110.97735603405,3.042452214186385,4.122925352503511,5.227022677237212,14.695609770697423,8.705245777619792,14.835756527369732,53.42149340499651
1741.353,1741.398,USV_1202,0.044999999999845386,5.0,113.9699999999998,False,1568.1404,1682.1103999999998,173.21260000000007,59.242600000000266,0.013712296262383461,0.018618935032894735,14919.267603981238,16668.421630879493,0.00035786544753765403,29674.342105263157,18439.18771311497,3.2523957717574192,5.410410116960626,5.454355179907151,14.216646344478345,11.276453453412627,13.59728124507383,54.98398322359757
1741.896,1741.985,USV_1203,0.08899999999994179,5.0,113.9699999999998,False,1568.1404,1682.1103999999998,173.75559999999996,59.78560000000016,0.015589901246130466,0.025519476996527776,15286.25292838169,13870.079787098985,0.00018719377397299425,29111.979166666668,22784.364671004107,2.8277016319846235,6.256387083489716,5.510087191921232,16.279823157601033,11.973585643336968,14.750219892335862,60.27542796425655
1743.422,1743.468,USV_1204,0.04600000000004911,5.0,113.9699999999998,False,1568.1404,1682.1103999999998,175.28160000000003,61.311600000000226,0.008917885832488537,0.0329345703125,17536.223718071626,15473.563612161797,0.0006353323097538219,32067.1875,24738.13473637191,2.939392914807231,4.2122431564141305,6.118057504734697,15.113031920204481,10.490573671434223,14.825489918222923,57.205901373485084
1749.806,1749.825,USV_1205,0.019000000000005457,5.0,113.9699999999998,False,1568.1404,1682.1103999999998,181.66560000000004,67.69560000000024,0.005257495678961277,0.0381103515625,19048.516917936722,20248.331945729202,0.0015078957444501033,33703.125,25082.125884459165,2.949142329484223,4.601578719347923,3.9457087450831176,14.750887310253162,9.304927494224536,13.125753522566379,47.33703016815677
1750.963,1751.03,USV_1206,0.06700000000000728,5.0,113.9699999999998,False,1568.1404,1682.1103999999998,182.82259999999997,68.85260000000017,0.009944791905581951,0.025861467633928572,15558.218213323495,14163.261035518113,7.44503198376346e-05,29725.446428571428,21765.45827929167,2.7345786428066816,3.69830486659263,4.273783932316149,15.16359807334804,12.101371444317689,14.233120050617389,59.19541817111566
1751.608,1751.62,USV_1207,0.011999999999943611,5.0,113.9699999999998,False,1568.1404,1682.1103999999998,183.46759999999995,69.49760000000015,0.010776112787425518,0.01123046875,15541.74063260385,18320.702938400675,0.00030558585470530635,30522.321428571428,22499.820020174004,4.075560006082028,7.796491469085441,3.7478633295485575,13.282118927437566,9.697409338752639,15.990357663511599,42.60265250002578
1751.684,1751.781,USV_1208,0.09699999999997999,5.0,113.9699999999998,False,1568.1404,1682.1103999999998,183.54359999999997,69.57360000000017,0.02405206486582756,0.04632411858974359,16536.570214899064,12301.880614638445,6.791611305298094e-05,27560.096153846152,19134.195030238425,2.6565499078950623,5.46501375925799,4.7990526758666805,14.681073900481337,11.664937989707143,14.78601094448727,63.45304987287238
1752.25,1752.348,USV_1209,0.09799999999995634,5.0,113.9699999999998,False,1568.1404,1682.1103999999998,184.1096,70.1396000000002,0.012919117696583271,0.021834935897435896,13810.461136323753,14089.943692152401,0.00010166417033804377,28055.28846153846,15822.467795912042,2.435345961760658,7.35235794156207,5.479525461217331,16.513787627146318,11.057808536226611,15.037486747936386,59.420170871593925
1753.381,1753.397,USV_1210,0.015999999999849024,5.0,113.9699999999998,False,1568.1404,1682.1103999999998,185.2406000000001,71.27060000000029,0.01006406918168068,0.033660888671875,18177.02147120043,15715.139991768347,5.175717910036182e-05,30187.5,24856.805496037436,2.723668416610124,3.8440252057327973,4.941908497920156,15.537703658467269,11.265698841823149,14.626883044238703,49.781372745619144
1753.84,1753.853,USV_1211,0.013000000000147338,5.0,113.9699999999998,False,1568.1404,1682.1103999999998,185.69959999999992,71.72960000000012,0.011747756972908974,0.008684430803571428,14906.9265180251,20684.491491936813,0.0003958594022965398,30294.64285714286,23530.92015108478,1.7649224046269005,4.111513768006055,4.509328377339287,14.043204342902865,13.021475217305868,12.975534309877512,40.37312842983173
1756.516,1756.548,USV_1212,0.03199999999992542,5.0,113.9699999999998,False,1568.1404,1682.1103999999998,188.37560000000008,74.40560000000028,0.007367534097284079,0.023193359375,15597.826530756374,16634.94621849579,0.00024790758785553206,30723.214285714286,18076.93512609455,2.570492388547341,3.496603949269978,5.092464307961795,15.480789411568397,11.114419937481925,17.532200988078646,54.19266407609474
1756.603,1756.619,USV_1213,0.015999999999849024,5.0,113.9699999999998,False,1568.1404,1682.1103999999998,188.46260000000007,74.49260000000027,0.01115025021135807,0.024566650390625,16785.739391489613,16123.615847312132,0.00033280774206614845,30773.4375,14957.071018236242,2.11077845716322,4.592442386991182,6.054739593272012,13.580880970580441,11.585433205561458,16.554524521011935,48.59532761529714
1757.71,1757.73,USV_1214,0.01999999999998181,5.0,113.9699999999998,False,1568.1404,1682.1103999999998,189.56960000000004,75.59960000000024,0.011891772970557213,0.0181884765625,16652.936156004467,18066.194485993714,0.00019534295332162928,30084.375,22020.27502323685,1.381225129736521,5.392823744481747,4.271478521629935,14.702987924106589,10.281742736967795,14.241918656731263,48.517773619434465
1758.877,1758.886,USV_1215,0.009000000000014552,5.0,113.9699999999998,False,1568.1404,1682.1103999999998,190.73659999999995,76.76660000000015,0.010307065211236477,0.0279541015625,19157.83149425551,24158.32740526364,0.0010076685598993356,33515.625,23672.029975107424,2.7180653656344695,5.998440424338682,2.8460696004919366,8.795042798147547,8.913980095384805,13.48138175218566,36.62792007107628
1759.279,1759.324,USV_1216,0.04500000000007276,5.0,113.9699999999998,False,1568.1404,1682.1103999999998,191.1386,77.1686000000002,0.011005284264683723,0.021497224506578948,14938.770758559449,15659.02982919192,5.150007755550265e-05,30157.894736842107,25133.593289127093,2.169316529842844,5.821267485785854,5.794360516976606,16.464650675678477,12.085621008405711,14.74993557655617,55.131861174736265
1761.936,1761.978,USV_1217,0.0420000000001437,5.0,113.9699999999998,False,1568.1404,1682.1103999999998,193.79559999999992,79.82560000000012,0.011239462532103062,0.012736002604166666,13843.266937096418,14448.251992820258,2.085411241122647e-05,29213.541666666668,22746.277619850178,2.5464059329368713,6.89978322679991,5.407597904797797,16.332825832007284,12.821213092391039,14.053921053656836,55.95211353271546
1762.242,1762.285,USV_1218,0.04300000000012005,5.0,113.9699999999998,False,1568.1404,1682.1103999999998,194.10159999999996,80.13160000000016,0.011796222999691963,0.02910413240131579,15474.61888610435,15825.727043578347,0.0001216500294679135,30942.434210526317,22096.63903168649,2.9636196171633302,4.561806120006295,6.245864373089384,17.3757263441296,10.877968864821083,15.21368162467836,54.96599934889498
1764.723,1764.735,USV_1219,0.011999999999943611,5.0,113.9699999999998,False,1568.1404,1682.1103999999998,196.58259999999996,82.61260000000016,0.017700957134366035,0.011265345982142858,15251.38950901454,20951.609181566153,0.00028631789933757063,29316.964285714286,24012.31879530395,1.9721128147054348,9.027749334423907,5.506800714149402,13.496861690097152,7.79131791830559,13.765350243104459,39.82181035675992
1765.713,1765.727,USV_1220,0.014000000000123691,5.0,113.9699999999998,False,1568.1404,1682.1103999999998,197.57259999999997,83.60260000000017,0.011302683502435684,0.024017333984375,15818.487628362389,17288.364515210684,7.436974578446021e-05,30023.4375,23505.13683761375,1.2451896989025684,5.936078106454885,7.499247424166354,12.850308985393006,9.807018676599899,14.358401926720493,46.00676337754254
1767.296,1767.321,USV_1221,0.024999999999863576,5.0,113.9699999999998,False,1568.1404,1682.1103999999998,199.15560000000005,85.18560000000025,0.011142686940729618,0.023173014322916668,15758.488421400105,17830.491610919467,0.0007729067121594263,29835.9375,19104.636357928073,1.603890175860193,5.937188568878887,5.34227033347998,14.729797816443638,10.635780255363084,12.226418570775877,50.3641996743248
1775.573,1775.596,USV_1222,0.02299999999991087,5.0,113.9699999999998,False,1568.1404,1682.1103999999998,207.4326000000001,93.4626000000003,0.014756486751139164,0.012961647727272728,14419.760874435031,15600.484327490667,0.00011334279666399241,28073.863636363636,22924.462871481704,2.2880220146383694,4.409970883814541,4.626920820838201,17.358640745845268,10.355270720005743,14.921347764649227,50.70668694326216
1776.48,1776.501,USV_1223,0.020999999999958163,5.0,113.9699999999998,False,1568.1404,1682.1103999999998,208.33960000000002,94.36960000000022,0.01580009236931801,0.00810546875,11470.768692318728,16669.137338671706,0.00012739874452630723,26259.375,22955.26903571141,1.9689274396856316,3.354774938506842,7.028436577098615,17.314278607284116,10.017877244755478,14.781516309910122,47.9654112749506
1777.153,1777.174,USV_1224,0.020999999999958163,5.0,113.9699999999998,False,1568.1404,1682.1103999999998,209.01260000000002,95.04260000000022,0.0087880939245224,0.0336181640625,15074.485679726484,17128.56050994378,0.0004642670675608626,30468.75,24867.20270416422,1.488207661878262,3.544037935461538,8.460145896263969,15.613136572505462,10.188541805356184,15.33963473929558,48.37270267626163
1777.733,1777.79,USV_1225,0.05700000000001637,5.0,113.9699999999998,False,1568.1404,1682.1103999999998,209.59259999999995,95.62260000000015,0.010096751153469086,0.035349527994791664,16692.797571745647,15085.360665450533,0.00035675897982168683,30156.25,16694.49305661679,2.654979303639377,3.897433112096804,5.0889871754828055,17.367840201700744,10.400309108653852,13.61052779102811,58.949265534562834
1777.873,1777.936,USV_1226,0.06299999999987449,5.0,113.9699999999998,False,1568.1404,1682.1103999999998,209.73260000000005,95.76260000000025,0.011519010178744793,0.025935246394230768,14999.123116206794,15012.162394201298,0.0005349803021935411,29354.56730769231,18866.041771601173,2.6800200443982445,3.6446956905675423,6.122973501663264,16.359171555493532,10.62298013991148,14.0372469200918,59.03461597713814
1778.017,1778.057,USV_1227,0.03999999999996362,5.0,113.9699999999998,False,1568.1404,1682.1103999999998,209.87660000000005,95.90660000000025,0.011923013255000114,0.012149586397058824,14248.310354133522,15935.623115969287,0.0006194210944704457,30220.58823529412,19465.2971237674,2.6311058000471466,4.788208425278684,5.576292434895203,13.941911175932129,11.060937888327622,14.615222585945085,55.78415973774058
1778.098,1778.209,USV_1228,0.11100000000010368,5.0,113.9699999999998,False,1568.1404,1682.1103999999998,209.95759999999996,95.98760000000016,0.010615717619657516,0.026417125355113636,14548.227050439957,13985.05773647285,6.630348114455826e-05,29188.210227272728,19481.8583535542,2.388466376034742,4.911920769768531,5.339239622242098,16.53563914368071,11.437296830918287,15.088282529546575,59.87113147493029
1778.25,1778.261,USV_1229,0.010999999999967258,5.0,113.9699999999998,False,1568.1404,1682.1103999999998,210.1096,96.1396000000002,0.04402456805109978,0.009480794270833334,10593.063150183882,17727.60989534459,0.0002624221925751148,22671.875,24287.017110920857,2.7853757689055656,3.136956947689803,6.275992304357264,18.252277618155684,8.771573800050296,13.437834125287374,40.574705803961734
1778.391,1778.409,USV_1230,0.018000000000029104,5.0,113.9699999999998,False,1568.1404,1682.1103999999998,210.25060000000008,96.28060000000028,0.0153605155646801,0.0234375,12766.660895387455,16174.032550301565,0.00017691900633098334,26395.833333333332,22972.860005934937,3.623463658889736,2.797024730525225,4.118894842091139,12.960246792670556,11.088691740137026,16.6137369213305,48.69906657506947
1778.55,1778.627,USV_1231,0.07699999999999818,5.0,113.9699999999998,False,1568.1404,1682.1103999999998,210.40959999999995,96.43960000000015,0.012188947759568691,0.02966702368951613,15091.630165325996,14747.154464335143,0.00017492507085792555,29062.5,22837.16877955572,3.3848375254997256,4.596620748604679,5.5534757607804055,15.567677330009985,9.394514790743012,14.419953217006881,58.95112624893155
1778.682,1778.729,USV_1232,0.047000000000025466,5.0,113.9699999999998,False,1568.1404,1682.1103999999998,210.54160000000002,96.57160000000022,0.014953349716961384,0.0329345703125,16152.41227229556,16059.423424766279,0.0004874079681474744,30384.375,18011.38676086825,2.8885733945557206,3.909244635258864,4.441649552518052,16.248139942730667,10.27408245045472,14.501348246629423,57.246584634129285
1778.765,1778.793,USV_1233,0.027999999999792635,5.0,113.9699999999998,False,1568.1404,1682.1103999999998,210.6246000000001,96.6546000000003,0.011754324659705162,0.026836688701923076,15003.896643111775,16392.40541777157,0.00014192392382252514,29661.05769230769,19597.371098825446,2.212166881261763,4.364284278364923,5.205392923391698,16.951838262044042,8.651472709426535,14.638070279428266,52.62285343457941
1779.41,1779.534,USV_1234,0.12400000000002365,5.0,113.9699999999998,False,1568.1404,1682.1103999999998,211.26960000000008,97.29960000000028,0.01553797721862793,0.0547722018494898,18349.652442821152,12894.041238259158,0.00011751264472967657,30367.34693877551,19987.627861779347,2.4125007879500573,5.488276958687398,5.27401169478325,16.990189013696227,10.723459576949875,14.436615208309647,63.63025450015027
1779.797,1779.808,USV_1235,0.010999999999967258,5.0,113.9699999999998,False,1568.1404,1682.1103999999998,211.65660000000003,97.68660000000023,0.009405292570590973,0.012451171875,16384.10610054729,16547.045528682105,0.00025069092290807974,30000.0,18510.07493936052,1.5217604525688773,6.502481207028425,4.215225600456207,14.460441561757415,10.667700587432696,15.331375840228796,46.586851606833186
1779.921,1779.938,USV_1236,0.01700000000005275,5.0,113.9699999999998,False,1568.1404,1682.1103999999998,211.78060000000005,97.81060000000025,0.01230686530470848,0.019775390625,14949.11595585282,18772.86151537902,0.000705612430258578,28656.25,16992.68677095135,2.6353188056373233,4.790388772635102,6.626167890611923,13.94510597061271,11.763522953816473,14.21797672475241,45.01542339596749
1780.114,1780.147,USV_1237,0.032999999999901775,5.0,113.9699999999998,False,1568.1404,1682.1103999999998,211.97360000000003,98.00360000000023,0.012299228459596634,0.03533528645833333,16743.969373066557,16122.977689050978,0.000491282844701896,29200.0,19137.964419925116,2.2253204941643987,6.309992325678631,7.01816566974479,15.067846869096202,11.016510368984799,14.768513239417576,54.538041200268246
1780.789,1780.797,USV_1238,0.008000000000038199,5.0,113.9699999999998,False,1568.1404,1682.1103999999998,212.6486,98.67860000000019,0.008520171046257019,0.0296875,17912.873058969206,21836.9439278204,0.000415132385147353,31162.5,19402.7078190945,1.5995699535527141,4.253517915801039,4.339226710125189,12.336539035365993,9.444784970517935,12.083963352274058,33.768503011066244
1780.95,1780.96,USV_1239,0.009999999999990905,5.0,113.9699999999998,False,1568.1404,1682.1103999999998,212.80960000000005,98.83960000000025,0.0059417723678052425,0.038736979166666664,19367.91551215983,20791.966229056834,0.0011825384592369771,32062.5,19522.01065854265,3.46262191599179,2.863732776255248,4.357186848297483,10.979764212931608,15.052279604839965,12.515327867836833,38.30757323821699
1781.036,1781.054,USV_1240,0.018000000000029104,5.0,113.9699999999998,False,1568.1404,1682.1103999999998,212.89560000000006,98.92560000000026,0.012408372014760971,0.009955512152777778,13431.98206829196,15578.963528130944,3.533247372594992e-05,28322.916666666668,19483.22900103028,1.4278484436553456,6.881739932211341,5.7160903125098415,14.828135365911075,9.845998680228668,14.65167486830786,47.18087460845858
1781.131,1781.173,USV_1241,0.041999999999916326,5.0,113.9699999999998,False,1568.1404,1682.1103999999998,212.9906000000001,99.02060000000029,0.011232730932533741,0.039727105034722224,16482.671114185032,14487.526334462958,0.0005595859617143229,28432.291666666668,19500.753995128598,2.9112691183731085,6.502201852284959,5.454334579669741,17.27318083319506,9.637598310178952,14.06817884556461,56.830418995913
1781.459,1781.468,USV_1242,0.009000000000014552,5.0,113.9699999999998,False,1568.1404,1682.1103999999998,213.31860000000006,99.34860000000026,0.008513442240655422,0.013753255208333334,16614.24626588763,22483.246325998876,0.0009229890742364139,30078.125,19898.625688875774,3.0997091848081575,3.7946708918800547,4.3688295397738655,10.68259474274268,6.985200285853238,12.814192133406122,36.72640956298902
1781.795,1781.831,USV_1243,0.035999999999830834,5.0,113.9699999999998,False,1568.1404,1682.1103999999998,213.65460000000007,99.68460000000027,0.01026531495153904,0.02593994140625,15975.865730375815,16382.841807887158,0.00014732917943483136,28822.265625,20159.001085548458,2.549252053412765,6.305615767132029,5.386380499110093,15.739279430378101,11.299859882193894,15.360544141673378,54.90942212384715
1781.963,1781.998,USV_1244,0.035000000000081855,5.0,113.9699999999998,False,1568.1404,1682.1103999999998,213.82259999999997,99.85260000000017,0.013423372060060501,0.0181732177734375,14969.20796888566,16387.05846308526,0.0003395584117207989,28406.25,17621.983094284464,2.5300874420193837,4.901684298888657,4.601204482831044,16.186078441685446,10.001509274132605,12.903913589553476,53.87355768744507
1783.12,1783.129,USV_1245,0.009000000000014552,5.0,113.9699999999998,False,1568.1404,1682.1103999999998,214.9795999999999,101.00960000000009,0.009673641063272953,0.0244140625,17382.20046996912,21363.03761532662,0.0003198678705246499,31109.375,23500.032660094206,1.1664403588844678,3.304918283188926,6.132784394833191,10.20283348212894,8.627649861118032,13.767418735203954,37.33806934986805
1784.164,1784.216,USV_1246,0.05199999999990723,5.0,113.9699999999998,False,1568.1404,1682.1103999999998,216.0236,102.05360000000019,0.008599812164902687,0.0224609375,14143.101339804234,16039.913133211247,5.5084466333947535e-05,30430.397727272728,17366.0992201629,1.9406335627763722,4.883505264247372,4.916488114213916,13.951998205455224,12.34710259255199,15.111259750425264,55.34159788678033
1785.836,1785.844,USV_1247,0.008000000000038199,5.0,113.9699999999998,False,1568.1404,1682.1103999999998,217.6956,103.72560000000021,0.007626862730830908,0.0298828125,17063.571932871786,16434.11486281288,6.64994195673957e-05,29662.5,21609.20063056972,1.9525853778828974,5.68616134472911,4.846030123547436,14.822453139096046,10.048457789443281,13.46148850102239,39.6871274285369
1786.035,1786.05,USV_1248,0.01499999999987267,5.0,113.9699999999998,False,1568.1404,1682.1103999999998,217.89460000000008,103.92460000000028,0.008758886717259884,0.023712158203125,17410.710293474935,19812.214063189847,0.00032785756049631383,32074.21875,23257.17025897099,1.8749603523676053,3.848211230904628,5.323960661050334,15.301320199146225,8.600744809861506,14.90792173564128,43.757237012698525
1789.139,1789.217,USV_1249,0.07800000000020191,5.0,113.9699999999998,False,1568.1404,1682.1103999999998,220.9985999999999,107.0286000000001,0.013338751159608364,0.0178070068359375,13365.273818099595,13876.00416006491,0.00010407760720219411,26915.0390625,14964.299919402973,2.6696525087737415,4.079464326679137,6.480738480814484,15.819675065328031,10.446231635192664,14.736992755139124,59.09464555535135
1797.264,1797.296,USV_1250,0.032000000000152795,5.0,113.9699999999998,False,1568.1404,1682.1103999999998,229.1235999999999,115.1536000000001,0.011104424484074116,0.020071847098214284,14809.825726712783,18307.93763563072,0.0005868473947722984,31339.285714285714,22153.668538112048,2.0420326979858197,5.782579217458384,5.652268415038456,15.654873547506215,9.198632446108721,13.785022966882005,50.071958419885085
1800.541,1800.552,USV_1251,0.010999999999967258,5.0,113.9699999999998,False,1568.1404,1682.1103999999998,232.40059999999994,118.43060000000014,0.0118660107254982,0.016357421875,17187.69069829723,20467.34449499309,0.0003864427654967101,31343.75,25979.899659914314,1.2886143234044505,7.344074694424826,4.306833730025455,12.90608751091059,9.469050428091839,15.626864305991276,42.96828813866522
1809.486,1809.54,USV_1252,0.05399999999985994,,,None,,,,,0.07459356635808945,0.008852751358695652,7139.908021327376,11773.935689599912,8.078220819612256e-05,15533.967391304348,30110.335825894497,3.355017384499877,2.842510250230547,5.564260348795576,16.87783097904182,10.262406507520264,16.083461358323888,54.73693072648305
1810.34,1810.374,USV_1253,0.0340000000001055,,,None,,,,,0.011451330035924911,0.017578125,15167.491921110108,18126.8618429299,0.0005584518584500421,32706.25,20305.25536996819,1.93691190609793,5.021859828472816,6.137521996501912,15.68721556099721,9.179180376329578,13.514145927572741,50.80111672185623
1811.134,1811.152,USV_1254,0.018000000000029104,,,None,,,,,0.011329752393066883,0.023139105902777776,17565.397582453763,19094.822153299705,0.002316195820075893,32375.0,23677.87114558466,2.191765822013231,6.530240918654142,4.615204734556547,13.164307084833903,10.08795440392352,12.555539360904962,47.17455738035796
1811.282,1811.292,USV_1255,0.009999999999990905,,,None,,,,,0.010503732599318027,0.029541015625,15138.980489269006,17712.373069227426,0.0003788452542197319,29375.0,20783.632609170756,2.1553139323022834,5.668852769441826,6.738967927709513,15.668416042050469,10.909282710296926,14.178926459303055,39.51739530132577
1811.596,1811.626,USV_1256,0.029999999999972715,,,None,,,,,0.009680605493485928,0.027849469866071428,16159.495802686462,18034.931889344538,0.00037661624345037035,30837.053571428572,21072.23827885078,2.911628453788826,5.499053687648713,4.6237206843068375,13.749917703584995,10.17263032893454,13.69980092419868,50.38219646527581
1811.807,1811.815,USV_1257,0.008000000000038199,,,None,,,,,0.006204710807651281,0.03857421875,23616.37935359255,23432.255145318253,0.002089476221277244,37312.5,20934.6101744544,2.835179453986483,4.863376804696026,5.966250781685938,10.37691748366117,9.97586778707341,14.75559415169489,35.10861712071828
1812.127,1812.146,USV_1258,0.019000000000005457,,,None,,,,,0.014895832166075706,0.004150390625,14905.934820797385,20702.74575275687,0.0007866623470914902,29925.0,25813.897307720046,2.312219476429548,4.764603006250192,4.970640632675739,11.454625041012429,7.408510335204284,15.876482607340083,44.93944032260265
1812.601,1812.624,USV_1259,0.02299999999991087,,,None,,,,,0.0099016223102808,0.030251242897727272,16145.051908390016,18348.084550785592,0.0007559239413274092,29718.75,23230.129713609327,3.4571910979138676,2.2922811367756184,5.485360734816774,16.248219638828036,10.96098097741904,15.761189064911683,51.20259241489371
1813.002,1813.024,USV_1260,0.021999999999934516,,,None,,,,,0.00941434409469366,0.02019708806818182,17261.523728672724,18833.48635997754,0.0007689234362066401,32360.795454545456,24368.967600852797,2.4859915120816005,2.8939305197298713,6.1203454570399325,15.015087621849178,11.268047230825125,13.423955333774806,49.61946132806215
1813.655,1813.663,USV_1261,0.008000000000038199,,,None,,,,,0.00883298646658659,0.019580078125,17097.20586921477,20750.960037107976,0.0002217571073861229,32250.0,21957.242933357207,1.935544775991011,3.4594363606911473,5.360977183906775,13.694628509317118,9.941869579256506,13.546979684323722,37.965758041785115
1813.772,1813.802,USV_1262,0.029999999999972715,,,None,,,,,0.010414941236376762,0.022931780133928572,14775.178709609156,16735.435631909324,9.653233875488163e-05,29504.464285714286,23803.620950613793,3.1975476494643016,4.265367237174539,5.721258363134283,15.862880359637574,12.144578382365248,15.070102857830424,52.973349900266264
