start,stop,label,duration,trial_num,open_latency,before_open,trial_start,lever_press,prox_to_trial_start,prox_to_lever_press,rms,zcr,centroid,bandwidth,flatness,rolloff,f0,contrast1,contrast2,contrast3,contrast4,contrast5,contrast6,contrast7
1.606,1.744,USV_1,0.1379999999999999,,,None,,,,,0.010163028724491596,0.04477267795138889,15374.668044558473,13321.813151034161,8.872327599159129e-05,28529.51388888889,17016.695627425746,2.750119913389566,2.9841086660041873,5.679699193190739,16.6197136504575,10.93553226715712,18.7126648182091,63.42576535842077
3.762,3.883,USV_2,0.121,,,None,,,,,0.011207114905118942,0.0352630615234375,15279.333049541356,13714.265528416452,5.2068808028701895e-05,28669.921875,17619.876554242506,2.6854103830232696,4.091400860212805,5.100651110591838,16.760917830976577,11.36368228946909,17.157492581395903,63.58459868691197
5.504,5.547,USV_3,0.04300000000000015,,,None,,,,,0.007188558578491211,0.02094469572368421,14749.804622227904,16109.341500983506,0.00010597955244334284,31041.11842105263,24384.928070334157,2.394372919483087,3.5742148863462,5.565533837375035,15.57329163188787,11.90131138438376,14.341073334877999,56.06300596210202
11.265,11.293,USV_4,0.027999999999998693,,,None,,,,,0.01863192208111286,0.012056790865384616,11770.532548976036,17740.636977642913,0.0005151063873860673,25117.78846153846,20131.255086522473,2.4164931246190084,2.2551216985102807,9.932581865698676,16.113330566171975,10.301357251293426,14.837583098608427,51.66734642585653
12.664,12.737,USV_5,0.0730000000000004,,,None,,,,,0.06975191086530685,0.024446614583333335,11372.879301736477,13239.803511879483,0.00012347309628929598,23634.375,17585.446724733098,1.8230284141860775,4.338333795786811,5.430011233712177,13.71987089604293,21.91544377584084,16.11782124082619,59.89383854267008
12.918,13.032,USV_6,0.11400000000000077,,,None,,,,,0.04960339516401291,0.028032769097222222,11748.41814447276,12468.817351771122,0.0001037967171818467,24277.083333333332,21061.513361709323,2.6524567409911692,3.161974551078626,5.458178831256078,15.0949942361996,20.3294123101424,16.706389770083707,61.9913449757144
13.172,13.254999999999999,USV_7,0.08299999999999841,,,None,,,,,0.0646599531173706,0.022172407670454544,11227.819002517335,12637.444096314282,0.00014549525062062607,24184.659090909092,19910.157683794227,2.445180972232031,4.967153003669299,5.7816858771713555,15.024544952129459,23.203199795748482,17.247110148506213,62.133543178871825
14.953,15.026,USV_8,0.0730000000000004,,,None,,,,,0.013343792408704758,0.018147786458333332,10373.85545435352,14181.694893693117,0.00012757850762996304,25362.5,30992.86177733372,2.539419239730157,2.8109450615668337,5.005160734006405,19.527938008436074,13.795167349587183,17.42226391951831,57.741169418197224
16.277,16.344,USV_9,0.06700000000000017,,,None,,,,,0.007513795979321003,0.028302873883928572,15424.262549821491,14660.976144619402,0.00015964002888746188,30348.214285714286,19045.466242305887,2.0600778643325683,4.596145002627361,5.167288226295019,15.037806089645096,11.52242923267274,16.389545110395613,59.11112929954339
16.448999999999998,16.576,USV_10,0.12700000000000244,,,None,,,,,0.01163979060947895,0.03904296875,14901.2043587722,12219.661023208711,7.745865162454641e-05,26865.0,15393.783498573368,2.5318572566340736,3.069202672128542,5.22677576126846,16.64536125724548,11.701727062951381,13.782585982534231,65.28564370710514
20.325,20.453,USV_11,0.1280000000000001,,,None,,,,,0.03789718449115753,0.0334912109375,16787.91644750288,14442.266467477459,6.703816754488335e-05,32083.125,26292.660904789358,2.17566587609879,3.6448505684077075,5.9996496975513605,17.179518077983683,11.060146221272296,15.04294125746646,46.149883025864604
20.541,20.656,USV_12,0.11499999999999844,,,None,,,,,0.34983500838279724,0.004448784722222222,5494.3950695098865,8180.886880935834,2.7751935026991376e-05,10975.0,16869.743589743586,2.864101925877827,1.9948262536876336,5.0158210462582185,11.987728719845101,12.696059019654673,14.313649474485372,54.65088313385584
22.923000000000002,22.985,USV_13,0.06199999999999761,,,None,,,,,0.03423238545656204,0.0,9827.791453987764,15848.833269269011,7.750952678825415e-05,25665.865384615383,25647.86359150661,2.7898759866123415,4.189029412490698,5.098319897681315,16.687436933193645,10.809896431349195,13.144969945066304,52.96225625297487
25.126,25.245,USV_14,0.11899999999999977,,,None,,,,,0.022817101329565048,0.0006648936170212766,9582.00234576306,13611.904646053415,3.7816075783276225e-05,24476.728723404256,22042.855678687258,2.899287514907951,3.4555559956126154,5.017467898288369,17.369319360879107,10.057661217667054,13.889319706355147,57.44849459546492
26.36,26.43,USV_15,0.07000000000000028,,,None,,,,,0.01883309707045555,0.0027276400862068966,11764.97002547949,15311.415277246222,0.0001939155824337407,26515.08620689655,14769.230769230768,2.9315727405744907,4.988209409062008,5.045947930034069,15.758915840369529,10.413717467397358,14.465464908546263,56.41445859248527
26.99,27.106,USV_16,0.11600000000000321,,,None,,,,,0.03938088193535805,0.014250382133152174,9256.378173820596,11903.623282337508,0.00018733366153274135,19809.782608695652,18440.887934048544,2.8795357094782945,3.4916350806858647,6.954367190613607,15.784929656923994,10.78210758882742,14.894983713589797,61.162149486527035
27.164,27.254,USV_17,0.08999999999999986,,,None,,,,,0.12028776109218597,0.006401909722222222,5061.897601926361,9809.533062378569,3.583822335612546e-05,11554.6875,32519.801049495567,2.248788222471711,2.3677517893716953,7.189371260940161,16.87654063260052,10.828342354772339,15.198760526902541,58.426706165766795
27.788,27.892,USV_18,0.1039999999999992,,,None,,,,,0.017935140058398247,0.0017625762195121952,10547.313196114705,14429.05732385156,3.609646143851792e-05,26217.98780487805,23297.498841847068,2.839598452856726,3.0882369158287992,5.732871211942413,15.541784074947678,11.111142926203172,15.458744504926605,57.16302468421195
28.686,28.789,USV_19,0.10300000000000153,,,None,,,,,0.017969807609915733,0.002917778201219512,11092.163059524566,14711.107283802592,0.00011672310011468251,26858.231707317074,21402.49473555712,2.7878461571013275,5.559860027991746,5.974423807319926,14.920520685144158,10.863841135813596,15.147516781406239,57.567834765501594
47.008,47.018,USV_20,0.00999999999999801,,,None,,,,,0.016386209055781364,0.0130615234375,10047.130433853195,16435.03810648937,8.590849970008702e-05,23625.0,33013.03514968196,2.289763962258443,3.0574842040938077,9.347460873192373,16.75585683567206,10.267516402021762,13.718284833696964,39.60429900602039
47.572,47.6,USV_21,0.027999999999998693,,,None,,,,,0.012568216770887375,0.002403846153846154,13825.998297411787,19040.351450276106,0.00028487841828505895,30598.55769230769,27635.23249314793,2.492298141830386,4.47227753273968,5.506233421812825,14.201881273235303,10.934947573711021,15.49893617865041,49.23205145270632
56.831,56.947,USV_22,0.11599999999999966,,,None,,,,,0.010630340315401554,0.014621900475543478,12439.27827619976,14013.4916932167,1.961626944444355e-05,28481.657608695652,22877.50100032002,2.813423823274359,3.639867385468987,6.685518218390677,18.2471268550841,11.561267947659987,15.395074110089196,59.62368835308793
56.981,57.045,USV_23,0.06400000000000006,,,None,,,,,0.01097437646239996,0.015380859375,12513.08043883517,14978.501533208368,9.991765658413594e-05,28453.125,24579.94125009681,2.674633800169066,5.486957655129791,6.61528133509386,17.276772657969026,11.5536968624412,14.241795163374828,56.867582649775
71.812,71.933,USV_24,0.12100000000000932,,,None,,,,,0.01114432979375124,0.018620808919270832,12017.566473133664,13318.330098692653,1.5306802023114244e-05,27085.9375,17028.44587650325,2.557474042591798,5.028221327973805,7.5354041324055885,17.55034093296942,11.142223271651764,13.93127238942329,61.656011509697386
72.055,72.113,USV_25,0.057999999999992724,,,None,,,,,0.011355027556419373,0.021341959635416668,12958.384310420564,15438.693191300394,0.00017684307279504892,28031.25,19527.104701853616,2.5185976345370515,4.324614582462552,6.4961175131227025,17.873391467349077,9.114953650196549,13.09731230127534,57.916292100315
81.88,81.959,USV_26,0.07900000000000773,,,None,,,,,0.03352842479944229,0.00815582275390625,6543.304335931227,11264.118186472595,6.22658088289022e-05,15553.7109375,32881.075185253605,1.7991089554965414,2.418108183929992,5.311051890325128,19.067298804770026,9.318555830739559,14.953111737687685,57.38584616937692
91.825,91.886,USV_27,0.06099999999999284,,,None,,,,,0.012148907408118248,0.0141796875,13615.54977577242,15071.329351062232,0.00013106843138405817,28533.75,14769.23076923077,2.895931464445639,4.471645151260803,5.9361435592489,18.0569424345684,10.440547335435532,14.63405266685173,58.09913053110251
94.936,94.969,USV_28,0.03299999999998704,,,None,,,,,0.009628493338823318,0.013753255208333334,15081.830911132936,17726.214895486017,0.0001543985049610953,30768.75,16633.452002851755,3.069114882526791,5.132880013760536,5.465017604509342,13.40521384955104,10.335239272967469,13.432713533363705,52.53687495699278
95.071,95.136,USV_29,0.06499999999999773,,,None,,,,,0.010053803212940693,0.039134837962962965,16092.68137118997,16154.797078246655,0.00017985653254434117,30562.5,23542.182360680043,2.695396394947703,5.374471977232464,5.994768706945029,15.797488075198276,10.452054766167972,14.41733522145471,59.16395804083399
95.245,95.311,USV_30,0.0660000000000025,,,None,,,,,0.013112884014844894,0.008816189236111112,13119.316227857065,14937.428245545469,2.803436197173245e-05,28517.36111111111,24393.2446721731,2.6927102294772287,5.201491667370886,5.548613213370119,15.958474983238704,11.078995615804438,14.028298580575406,57.502497057215294
95.608,95.672,USV_31,0.06399999999999295,,,None,,,,,0.0071433838456869125,0.029447115384615384,15509.472009923602,16063.70258359355,0.0001577828267886712,31532.451923076922,24592.971910550685,2.4053924324225453,3.0567122854778983,4.402457995703663,16.054597668837285,9.765546226294594,15.33778806272641,59.07923258929047
97.694,97.719,USV_32,0.024999999999991473,,,None,,,,,0.00667969137430191,0.028645833333333332,15583.26370206499,17168.04891893542,0.0003417472314620404,31953.125,22665.569932533253,1.6744988974444979,3.0760257407446385,5.585815588983596,16.53624849859167,10.586538872156755,15.036247901516633,51.80510236421065
102.806,102.854,USV_33,0.04800000000000182,,,None,,,,,0.0117787541821599,0.02823486328125,13466.546495356451,15964.941987736407,0.0001768583149672417,28115.625,26058.39095583449,2.2696664863314657,4.624187257786462,7.178755045705773,15.993871166994603,10.214970748593629,15.586109328339017,56.247214337166305
102.964,103.0,USV_34,0.036000000000001364,,,None,,,,,0.007116814609616995,0.031585693359375,15692.645751263437,16461.6510528785,0.00015660502162479417,31236.328125,16895.53197948797,2.374247420748376,3.625998454411786,5.432462863791196,15.32373169712457,10.803550410201986,15.358855453750596,54.88959552241535
105.514,105.565,USV_35,0.05100000000000193,,,None,,,,,0.007374206092208624,0.03453480113636364,16154.46770510582,15750.2959988188,0.0003598030139549305,30788.352272727272,19378.413675543605,2.1309735086351784,4.40532197407334,4.442063093456545,16.120983979890926,11.478812226942479,15.322331906266747,57.171281160034845
105.675,105.724,USV_36,0.049000000000006594,,,None,,,,,0.012666759081184864,0.010428292410714286,12947.689765756033,15720.343486119087,0.00024355462016748718,28593.75,16971.718414161016,2.3728292597068568,3.680058760684843,4.9988056940022885,15.11342219474074,11.498358349541334,14.581032018446091,55.359244813950724
105.818,105.946,USV_37,0.1280000000000001,,,None,,,,,0.012929610908031464,0.0221923828125,11588.662837096033,13010.653298048994,0.00011792310752139542,25226.25,16514.054083249903,2.214710919076171,4.85589377191363,5.178359945665811,16.807236766565715,13.601053905525212,15.588215406876397,61.685013287538574
106.053,106.092,USV_38,0.03900000000000148,,,None,,,,,0.009810983203351498,0.024471507352941176,14166.274215239073,16245.916467406414,7.153420105242926e-05,29426.470588235294,22665.348105945664,2.435095278863393,3.6937930247073716,5.737157183252871,15.843634442358692,11.250702479353274,14.756343860200516,54.12931837365946
106.589,106.626,USV_39,0.03700000000000614,,,None,,,,,0.01047608070075512,0.0254974365234375,14326.109318289553,17355.10212865111,0.0004274196463344777,30005.859375,19177.20678685818,2.160973533415201,4.2330891661079715,5.715868974844797,16.689183317460007,9.73874004374422,13.792770498228272,52.99663692097085
108.16499999999999,108.232,USV_40,0.06700000000000728,,,None,,,,,0.00896930880844593,0.028913225446428572,14689.347034744942,15026.41572137078,6.45517316688346e-05,30405.133928571428,22242.419118744932,2.214867495071675,2.9192095283103776,5.241657931314422,16.735132444770958,10.4670153598209,14.632713260967225,56.660896688432715
109.137,109.217,USV_41,0.0799999999999983,,,None,,,,,0.012632514350116253,0.01616668701171875,12973.567764757483,15284.579975127162,0.0001289177380595584,28678.7109375,17798.982602724474,1.6940361700279993,6.666983805927317,5.346968304106163,15.790292198122064,10.715776305412433,14.247553895747423,57.70216998585127
109.68299999999999,109.744,USV_42,0.06100000000000705,,,None,,,,,0.011359927244484425,0.018330078125,11725.426645062123,13900.564819598889,0.0001038995460883909,26235.0,14893.542788643234,2.3343010970823546,3.7358068267974223,6.291764968952082,14.95514740774247,11.086114488831521,14.29402801539867,58.079519993646535
110.756,110.837,USV_43,0.08100000000000307,,,None,,,,,0.011782944202423096,0.014382102272727272,13247.19625904628,16001.943893147554,9.533783743407747e-05,30076.704545454544,23106.62639122518,2.2107720947656997,6.967415820125775,4.710092262645448,15.499250974555544,10.888317934935163,12.947294456684826,55.65704815794092
117.139,117.281,USV_44,0.14200000000001012,1.0,88.43500000000003,True,112.582,201.01700000000002,4.557000000000002,-83.87800000000003,0.010538018308579922,0.02569580078125,15979.49591328002,14273.4070123991,3.987112597640537e-05,30868.86160714286,26845.080453378156,2.8806117996479847,3.628312952620679,5.0469280630722375,17.69520063179932,12.043063865910108,15.727242944189356,61.99909252443474
117.797,117.81,USV_45,0.01300000000000523,1.0,88.43500000000003,True,112.582,201.01700000000002,5.215000000000003,-83.22000000000003,0.011197506450116634,0.013881138392857142,16712.809963703545,21732.67624802899,0.0004596271794184509,32745.535714285714,25806.800906429595,2.278795080621383,4.460849933544069,4.7965128079990365,12.11162432901133,10.230607189107571,11.991279927860628,40.14557023160553
117.861,117.882,USV_46,0.021000000000000796,1.0,88.43500000000003,True,112.582,201.01700000000002,5.279000000000011,-83.15600000000002,0.00679048290476203,0.0365234375,17287.576067125745,17593.70676581068,0.0009055182538658977,32325.0,27095.652245979512,1.8887402708984258,3.826132138589452,5.263671930677683,14.579368404185207,9.591089257419162,14.37092166136262,49.064896709938274
117.938,117.998,USV_47,0.060000000000002274,1.0,88.43500000000003,True,112.582,201.01700000000002,5.356000000000009,-83.07900000000002,0.010715637356042862,0.027119140625,15184.721146434213,14422.4641200969,1.6299271359114233e-05,30232.5,24732.663127990927,2.3252712435575744,5.898914882614456,6.152774509296421,15.78321973572589,11.055625543920495,15.474702890225219,58.20720173582269
119.447,119.47,USV_48,0.022999999999996135,1.0,88.43500000000003,True,112.582,201.01700000000002,6.865000000000009,-81.57000000000002,0.010148024186491966,0.019309303977272728,14772.42022142561,18365.32809419299,0.0003290848657528383,30238.636363636364,26038.117180934667,2.5932247912306665,3.9482570456791364,6.911119183006235,14.580310766277954,10.415675712053032,14.762431911086242,48.51655349768351
119.793,119.901,USV_49,0.10799999999998988,1.0,88.43500000000003,True,112.582,201.01700000000002,7.211000000000013,-81.22400000000002,0.010428744368255138,0.018827216569767442,12541.876878434266,14009.453778242914,0.00011270074421956858,28458.575581395347,19651.40825751558,2.3763612819657864,4.814967772258711,5.545321662049482,15.342457364839907,12.419916942540631,15.711691725137921,59.310605878781814
120.01,120.022,USV_50,0.012000000000000455,1.0,88.43500000000003,True,112.582,201.01700000000002,7.4280000000000115,-81.00700000000002,0.014338379725813866,0.003138950892857143,15715.54678598283,24718.401389425046,0.0005636434423810706,32116.071428571428,19936.10921108286,2.2341712287306064,6.554280597049915,3.8539347362244434,8.64337972238994,7.261998684163145,13.595500351568688,36.55111733265842
120.613,120.664,USV_51,0.05100000000000193,1.0,88.43500000000003,True,112.582,201.01700000000002,8.031000000000006,-80.40400000000002,0.010113050229847431,0.010664506392045454,13440.76331023723,15468.045922506986,3.6359811707226765e-05,29982.954545454544,20556.427681607827,2.483213704192565,3.6778728515816557,5.287862119470411,16.799701328368734,10.735130522654266,15.713587232411586,55.90330939023897
120.78,120.907,USV_52,0.12699999999999534,1.0,88.43500000000003,True,112.582,201.01700000000002,8.198000000000008,-80.23700000000002,0.010910780169069767,0.031982421875,14470.350468579241,13564.078256639086,9.076084501817057e-06,28631.25,21290.132198659892,2.4473530107093286,6.190908573692586,4.767640427877314,16.73512586664462,10.67417151805335,14.181498109704886,60.577813309195896
120.941,121.041,USV_53,0.09999999999999432,1.0,88.43500000000003,True,112.582,201.01700000000002,8.359000000000009,-80.07600000000002,0.012143390253186226,0.018524169921875,13318.689465419146,14131.09713298956,1.408783563859116e-05,28846.875,19241.90883507321,2.228643818235434,5.990976019657284,4.709465221561516,16.341151615305336,11.571442984845886,13.911123330426411,59.16041289844652
121.16,121.24,USV_54,0.0799999999999983,1.0,88.43500000000003,True,112.582,201.01700000000002,8.578000000000003,-79.85700000000003,0.01084296964108944,0.01497650146484375,13051.824957040835,14857.935998674,5.9546449837544576e-05,29756.8359375,23453.098687354843,2.126444500767913,4.502321025582422,6.2574438073327325,16.762972139342953,11.86792473113828,14.260797759727915,57.54511870762642
121.484,121.583,USV_55,0.09900000000000375,1.0,88.43500000000003,True,112.582,201.01700000000002,8.902000000000001,-79.53300000000003,0.00988222286105156,0.020098876953125,14582.168329475293,15706.484774098231,0.00022268340920933308,31026.5625,22654.826523959906,2.503319234886895,2.8722265053014144,4.927380793018912,17.07307497204345,12.574083921478453,14.547196541685,58.720399147145756
122.229,122.264,USV_56,0.03499999999999659,1.0,88.43500000000003,True,112.582,201.01700000000002,9.647000000000006,-78.78800000000003,0.009977790527045727,0.017708333333333333,15483.732361501474,17438.39449101611,0.0005659323985168521,31612.5,27265.221326681025,2.465305198622505,4.493587771442791,5.955562095428094,15.059513627981467,10.953187736291905,13.516193965618312,54.625470509072734
122.30799999999999,122.333,USV_57,0.025000000000005684,1.0,88.43500000000003,True,112.582,201.01700000000002,9.725999999999999,-78.70900000000003,0.006819759961217642,0.02496337890625,16088.196376869108,15903.083898647194,0.00011957186676799669,31515.625,24627.960073821185,2.1582273690273834,3.8495665562011823,5.522228150471697,15.630154825490306,12.56199237971204,14.53669422065296,52.45096655327858
122.973,123.013,USV_58,0.04000000000000625,1.0,88.43500000000003,True,112.582,201.01700000000002,10.391000000000005,-78.04400000000003,0.011199422180652618,0.018497242647058824,14509.172852145042,16721.872591020783,0.00023481746980952785,30005.514705882353,23676.810664097113,1.6653631240754285,6.05964193420395,5.0061148481046605,15.946741260357907,10.9128092465084,16.047248147771274,53.93741477891325
123.127,123.179,USV_59,0.05200000000000671,1.0,88.43500000000003,True,112.582,201.01700000000002,10.545000000000002,-77.89000000000003,0.009240745566785336,0.03231534090909091,16558.646176652124,15123.425378433252,0.00034843288857805264,31525.56818181818,20320.391612870386,2.4481206064812366,4.100872592473341,4.873047387639197,16.747802125199375,9.680301390067731,13.024250298421371,57.324914083944755
123.313,123.351,USV_60,0.0379999999999967,1.0,88.43500000000003,True,112.582,201.01700000000002,10.731000000000009,-77.70400000000002,0.013939677737653255,0.010656020220588236,12843.782463034288,14985.591206098488,3.724063565890812e-05,29586.397058823528,25416.523177383944,2.3048002400051235,3.763855779498325,4.528773815657319,14.926227906009965,11.696889124798727,14.84723974176446,53.75264668334763
123.642,123.666,USV_61,0.02400000000000091,1.0,88.43500000000003,True,112.582,201.01700000000002,11.060000000000002,-77.37500000000003,0.008674319833517075,0.03133877840909091,17280.838126724553,15120.898260769318,0.0001514394613151948,29914.772727272728,22910.505762846507,1.9847614558181912,5.568201768924264,5.295307001143715,16.574254906344752,11.192606390003979,14.686409374608807,53.19921822704185
123.903,123.947,USV_62,0.04399999999999693,1.0,88.43500000000003,True,112.582,201.01700000000002,11.321000000000012,-77.11400000000002,0.011735435575246811,0.019762541118421052,13591.595993045868,15781.346036736268,0.00010400216903310339,29402.96052631579,21475.25526359015,1.8807060563402216,6.817096988968645,5.70859727898085,15.000410578195845,11.594304908616591,14.180161589900786,54.56482564661176
124.155,124.263,USV_63,0.10800000000000409,1.0,88.43500000000003,True,112.582,201.01700000000002,11.573000000000008,-76.86200000000002,0.009301387704908848,0.015534156976744186,14632.194115010721,16028.19020996846,0.00012342845871381815,31698.4011627907,27218.10962918488,2.6696573609790133,3.5476937131996067,4.87336874644906,15.709557776409628,12.751192481411975,15.293777470335352,58.21748683358361
124.30199999999999,124.383,USV_64,0.08100000000000307,1.0,88.43500000000003,True,112.582,201.01700000000002,11.719999999999999,-76.71500000000003,0.009605702012777328,0.015299479166666666,13893.42838293576,14759.822440209598,4.115338032587838e-05,30508.522727272728,22337.751620393956,2.5104275230022037,4.131066762016687,5.055229233835612,15.674824811444058,11.315601188935148,15.596696864857012,58.58866096231768
124.882,124.955,USV_65,0.07299999999999329,1.0,88.43500000000003,True,112.582,201.01700000000002,12.300000000000011,-76.13500000000002,0.009479627944529057,0.021630859375,14973.109340606441,15440.190317057504,0.00010271231234740571,30893.75,18917.522679677426,2.8317016572118043,3.781814622325005,5.602575987167971,16.07245813362108,12.075217257670065,15.306392013140458,57.82731238218629
125.095,125.108,USV_66,0.01300000000000523,1.0,88.43500000000003,True,112.582,201.01700000000002,12.513000000000005,-75.92200000000003,0.014910107478499413,0.007254464285714286,16591.250903182103,22712.882586639345,0.00032676177439561156,32758.928571428572,23155.836105862352,2.367351361831506,2.3761014204131614,3.087491037946171,11.640794744759361,7.83463090941934,12.587364313705818,39.57097024570354
125.696,125.756,USV_67,0.060000000000002274,1.0,88.43500000000003,True,112.582,201.01700000000002,13.114000000000004,-75.32100000000003,0.013757778331637383,0.017861328125,12841.487168380158,15763.01322564552,0.000301617805843244,29778.75,17793.928292029526,1.7999872740874543,7.461199710120671,5.84407801683057,15.856018400342883,10.22972596411748,14.99239131733811,55.34000749080702
125.866,125.954,USV_68,0.08799999999999386,1.0,88.43500000000003,True,112.582,201.01700000000002,13.284000000000006,-75.15100000000002,0.009532853960990906,0.018087332589285715,13890.23796803764,15103.749935276686,7.955739549711466e-05,29941.071428571428,22390.248953669146,2.600408969580364,3.5257494384594055,5.239433082190807,16.390967642945743,11.788890279913993,13.82362340182446,58.44971072697957
126.028,126.084,USV_69,0.055999999999997385,1.0,88.43500000000003,True,112.582,201.01700000000002,13.446000000000012,-74.98900000000002,0.011833601631224155,0.01569930366847826,12910.199018517045,14367.806407000788,1.7660582389725513e-05,29021.739130434784,18986.651889768596,2.721633646307537,5.366401478836749,5.307568305771707,16.500358052178097,11.739888293982677,13.715748443233874,57.47321607634568
126.359,126.444,USV_70,0.08500000000000796,1.0,88.43500000000003,True,112.582,201.01700000000002,13.777000000000001,-74.65800000000003,0.009850814938545227,0.022180893841911766,14250.980399341679,15151.795488393916,9.00540815769996e-05,30115.808823529413,20828.084985778853,2.1535076054106135,4.875695882762225,4.669949464571863,16.612669397056226,11.793367647072031,15.606802682841817,59.32529662859637
126.55,126.564,USV_71,0.013999999999995794,1.0,88.43500000000003,True,112.582,201.01700000000002,13.968000000000004,-74.46700000000003,0.007540017366409302,0.0257568359375,16469.852199939014,19786.020525469125,0.00025316946562312147,31722.65625,19811.339776943278,1.5016771329875453,4.9252018427328705,4.965075964854748,13.813910904080592,10.338265589130092,13.020564575771882,43.63707055344577
126.82300000000001,126.867,USV_72,0.04399999999999693,1.0,88.43500000000003,True,112.582,201.01700000000002,14.241000000000014,-74.19400000000002,0.010403559543192387,0.01870888157894737,13937.589350538592,16204.073012355093,9.274574208142065e-05,30779.605263157893,23368.419413389154,1.9254213439988306,6.628932675127801,5.044226097896038,17.86299254463061,12.06212865634712,15.34728280315411,53.66738664573865
127.016,127.054,USV_73,0.0379999999999967,1.0,88.43500000000003,True,112.582,201.01700000000002,14.434000000000012,-74.00100000000002,0.010320991277694702,0.008717256433823529,15514.205406193074,18777.13544297138,0.00018939720151621702,32784.92647058824,30072.87615462506,2.5765146774760463,2.2047915377981875,5.128040349493751,16.004131566985144,10.918559116855965,13.937523185770514,53.36539248071509
127.24,127.258,USV_74,0.018000000000000682,1.0,88.43500000000003,True,112.582,201.01700000000002,14.658000000000001,-73.77700000000003,0.010584595613181591,0.024495442708333332,16555.265988140476,20279.318059589034,0.0006186311255308347,31729.166666666668,27293.59752020627,2.0151593493379583,6.211937604033652,6.936634517729316,14.686282556389367,10.25174737840711,12.439200593256475,45.68004185209791
127.326,127.347,USV_75,0.021000000000000796,1.0,88.43500000000003,True,112.582,201.01700000000002,14.744,-73.69100000000003,0.008762223646044731,0.0323486328125,17120.188142957493,19718.00993868785,0.00042229963084724814,32437.5,24202.996929311263,2.928702906759739,4.99032831414461,5.890727560684892,13.958564138183387,10.794662176580362,15.20513064828541,48.98182478772789
127.663,127.719,USV_76,0.055999999999997385,1.0,88.43500000000003,True,112.582,201.01700000000002,15.081000000000003,-73.35400000000003,0.00718669081106782,0.024721891983695652,15691.887654491591,17138.080383215492,0.00022627595077312195,33036.684782608696,24708.384540886876,4.3836469116450685,4.685279623796468,5.435982528251747,17.01826705099182,10.04648533980461,14.935623619431636,56.94982304869081
127.957,127.987,USV_77,0.030000000000001137,1.0,88.43500000000003,True,112.582,201.01700000000002,15.375,-73.06000000000003,0.01078641414642334,0.025251116071428572,16811.521112628227,18913.060150027788,0.0003918093472223098,32075.89285714286,26846.98192922485,2.393444793564387,5.46752695795856,5.1286595085037945,13.427081299218758,9.669833733420063,13.610022713691011,51.94536975400539
128.106,128.158,USV_78,0.0519999999999925,1.0,88.43500000000003,True,112.582,201.01700000000002,15.524000000000001,-72.91100000000003,0.007782958913594484,0.030106977982954544,16638.536056493598,16916.40549653169,0.0004587841988221224,33225.85227272727,17000.864869849964,1.7629076362774776,3.9843447617143797,5.715598345658955,16.268933023141127,9.998730878961602,14.23034046175021,56.330178869154295
128.591,128.674,USV_79,0.08299999999999841,1.0,88.43500000000003,True,112.582,201.01700000000002,16.009000000000015,-72.42600000000002,0.008634578436613083,0.025649562026515152,15160.76408260598,15217.397981839502,0.00015163583220273195,30818.18181818182,23375.587056592667,2.472346463846415,2.8075463891789085,5.279947319718325,16.022479618318968,11.180144307574427,14.240555435732091,60.202736114598814
128.851,128.861,USV_80,0.009999999999990905,1.0,88.43500000000003,True,112.582,201.01700000000002,16.269000000000005,-72.16600000000003,0.013738919049501419,0.005289713541666667,14875.62207939767,22546.387682574034,0.00028010038849994785,31312.5,26343.2360968076,2.442531142638041,5.247344462454876,4.907090845989875,9.35074952239911,8.802585875231856,14.31387388278831,35.137865674680825
128.931,129.066,USV_81,0.1349999999999909,1.0,88.43500000000003,True,112.582,201.01700000000002,16.349000000000018,-72.08600000000001,0.009592446498572826,0.02116653154481132,14459.148149193668,14768.01776835749,0.00017867896251679287,30313.08962264151,23270.11237799471,2.4121080895415,4.705796616609154,5.400629811919847,17.700448298791805,11.965910039076991,14.732208951860827,59.95029833562192
129.099,129.151,USV_82,0.05200000000002092,1.0,88.43500000000003,True,112.582,201.01700000000002,16.516999999999996,-71.91800000000003,0.01194846909493208,0.023648348721590908,16621.44076217396,15544.734651323974,0.00028034564612112556,29978.69318181818,22422.768449215837,1.8395901509592785,5.819827461534445,4.788415436516311,15.849201781196523,10.617757800279412,14.775791013786788,57.982298229761156
129.205,129.229,USV_83,0.02400000000000091,1.0,88.43500000000003,True,112.582,201.01700000000002,16.62300000000002,-71.81200000000001,0.007906485348939896,0.019575639204545456,16941.256610614346,17139.350168280394,0.0005644090883451485,32053.977272727272,26974.966506073168,2.9049269891524667,5.187435849341602,5.463661266153161,14.625791358023843,9.817377995913942,14.066452993096238,53.76383545252923
129.349,129.385,USV_84,0.036000000000001364,1.0,88.43500000000003,True,112.582,201.01700000000002,16.766999999999996,-71.66800000000003,0.008692026138305664,0.0257568359375,15076.217333386165,17059.989336767336,0.00012086045568813832,31242.1875,18670.150361318872,1.419239432906522,3.6547035470713345,6.208785236417176,16.502477962582326,12.137951712937591,14.12949757906799,52.45113492343957
129.475,129.552,USV_85,0.07699999999999818,1.0,88.43500000000003,True,112.582,201.01700000000002,16.893,-71.54200000000003,0.011055884882807732,0.02694209929435484,14597.653678374592,13523.16326683284,7.49123898999784e-06,29228.83064516129,17332.669326243857,2.5492692421796472,4.274299382484773,4.604486903342328,17.494510945512253,11.120962672784271,14.49087026108899,59.519574999655404
129.637,129.663,USV_86,0.02600000000001046,1.0,88.43500000000003,True,112.582,201.01700000000002,17.055000000000007,-71.38000000000002,0.009717418812215328,0.011433919270833334,14559.404372798954,18314.052541815723,0.00019711163254140695,31421.875,23181.720275719348,1.9709977996894945,4.104216345031179,5.455290070967441,14.42158733342315,9.962085377985685,13.543378138653942,49.57840065342622
132.09,132.1,USV_87,0.009999999999990905,1.0,88.43500000000003,True,112.582,201.01700000000002,19.50800000000001,-68.92700000000002,0.013587359338998795,0.000244140625,15251.112926117681,23619.696537055424,0.0004269994358071974,31281.25,22094.338924526408,2.3064899567066646,2.2560501091065053,4.100884427727556,10.314931084220392,8.108120364256012,12.68845721770816,34.56606752489646
132.181,132.23,USV_88,0.04899999999997817,1.0,88.43500000000003,True,112.582,201.01700000000002,19.599000000000018,-68.83600000000001,0.007673981599509716,0.03342401413690476,16238.370956193448,16183.484650612463,0.0002994808188905033,31562.5,19370.149966596666,2.60694232515417,4.214914789517268,4.780228330026532,17.01387527180453,11.333972389351889,15.278539705300952,55.29669765812497
132.778,132.79,USV_89,0.012000000000000455,1.0,88.43500000000003,True,112.582,201.01700000000002,20.195999999999998,-68.23900000000003,0.008910485543310642,0.008719308035714286,16666.929581296405,22045.601881622737,0.0005234848914797811,32383.928571428572,22050.210791271813,2.288251930741685,2.153014680866878,5.0416709271292826,14.770038333199,9.703333922675885,12.101613428502946,39.49033274776291
132.896,132.928,USV_90,0.03200000000001069,1.0,88.43500000000003,True,112.582,201.01700000000002,20.313999999999993,-68.12100000000004,0.0118259834125638,0.010846819196428572,13997.654042725992,19109.26781744531,0.0002759369150609632,32303.571428571428,22321.384179910958,2.4370063037506435,2.7671919680100556,5.33951629300996,18.257433373595322,9.917237586256311,14.343605816447365,49.97571374071701
134.409,134.43,USV_91,0.021000000000015007,1.0,88.43500000000003,True,112.582,201.01700000000002,21.826999999999998,-66.60800000000003,0.014715778641402721,0.0125244140625,12930.650641771015,17089.757191665467,0.00019224777570461143,28584.375,23719.51046385816,2.1410948116284647,5.6253020530527476,3.481313154538161,14.031432413690075,10.810585939763032,13.19528082133614,47.05410931407287
135.431,135.509,USV_92,0.07799999999997453,1.0,88.43500000000003,True,112.582,201.01700000000002,22.849000000000018,-65.58600000000001,0.010487150400876999,0.0142822265625,13086.792873293556,15157.367874044601,5.988175209135287e-05,28749.0234375,14972.471398258805,2.3797347323748843,3.964788600850504,4.2682138224820205,15.46251361253713,12.241626393678718,13.3882372202889,58.60284162312759
135.74,135.749,USV_93,0.00899999999998613,1.0,88.43500000000003,True,112.582,201.01700000000002,23.158000000000015,-65.27700000000002,0.009379771538078785,0.021199544270833332,17250.88158100117,21310.177424655158,0.0005650564424349726,32203.125,17445.39787042304,0.6363942484628303,6.202405798463849,4.1289836894944605,14.611225294993131,9.896205977346844,12.59792959164775,37.82656192588243
135.844,135.898,USV_94,0.054000000000002046,1.0,88.43500000000003,True,112.582,201.01700000000002,23.262,-65.17300000000003,0.009458932094275951,0.02214249320652174,13825.22961141879,15066.919300632691,4.6613706376035514e-05,30134.510869565216,18584.4547895362,2.4530989341563627,5.986877055693864,5.635847070284057,14.16377049951635,11.52578205291279,15.145182211896827,55.88212381209939
135.934,135.979,USV_95,0.045000000000015916,1.0,88.43500000000003,True,112.582,201.01700000000002,23.352000000000004,-65.08300000000003,0.01300798635929823,0.018271998355263157,13226.310822466723,15874.134222539002,7.447224792308243e-05,29077.302631578947,15938.887224358987,2.187269243349736,7.711370696538471,5.228485784750975,14.007713822889903,9.655234106121144,14.391198838880678,54.14416827408841
136.077,136.11,USV_96,0.03300000000001546,1.0,88.43500000000003,True,112.582,201.01700000000002,23.495000000000005,-64.94000000000003,0.009440836496651173,0.0037760416666666667,14668.078141217647,18174.02182077392,0.00017406928525641054,30793.75,17647.801382907477,2.5720940494296434,2.910470820693675,4.725856770972843,14.547236516383578,11.74941793899264,14.190443297453463,51.809132912976516
136.36599999999999,136.407,USV_97,0.04100000000002524,1.0,88.43500000000003,True,112.582,201.01700000000002,23.783999999999992,-64.65100000000004,0.00949740782380104,0.011895073784722222,14876.304478581085,16694.05013349773,0.0007624968711823602,30343.75,22134.91005565014,2.776113978453859,1.6808680809050054,5.657327382734246,16.405530283614205,12.563964137424627,15.885480640539505,55.01126390549202
137.249,137.278,USV_98,0.028999999999996362,1.0,88.43500000000003,True,112.582,201.01700000000002,24.667,-63.76800000000003,0.011721672490239143,0.006573016826923077,13506.525900159108,15035.263669061456,5.705566118313804e-05,28882.21153846154,15929.015174199729,2.520653276061002,3.0142155811938887,4.767083316798848,19.690248985963592,11.32236894878547,15.967022178618764,53.44567046934242
137.316,137.352,USV_99,0.036000000000001364,1.0,88.43500000000003,True,112.582,201.01700000000002,24.73400000000001,-63.70100000000002,0.009084202349185944,0.0170135498046875,15885.741581542306,18778.233117755946,0.0003260148125937927,32185.546875,19902.009373645655,2.1313210722477165,5.015396192184189,5.826748060388647,15.016880438841376,10.644260506940014,14.358606126181385,52.60056003491056
137.499,137.613,USV_100,0.11400000000000432,1.0,88.43500000000003,True,112.582,201.01700000000002,24.917,-63.51800000000003,0.01038258895277977,0.024229600694444443,14488.983673286206,14152.214195627916,2.4707887549309498e-05,29768.75,19267.347646301383,2.218825931619982,5.93928777168516,5.34794837409989,17.702888438679597,11.697089323719242,14.508753522489172,60.93423055108679
137.679,137.717,USV_101,0.038000000000010914,1.0,88.43500000000003,True,112.582,201.01700000000002,25.09700000000001,-63.33800000000002,0.010872816666960716,0.01688878676470588,14479.567153621116,17339.90440470467,0.0003531867809145802,30849.264705882353,20561.64158631776,2.074591580030129,3.5706280777124455,5.301886373031949,13.089325156190693,11.319792034250876,15.373968884972154,52.458448206604764
137.847,137.911,USV_102,0.06399999999999295,1.0,88.43500000000003,True,112.582,201.01700000000002,25.265000000000015,-63.170000000000016,0.009278393350541592,0.021259014423076924,14665.9819192921,15787.510349739048,0.00018547580582248951,30951.923076923078,21411.844700569694,2.4999745741787347,3.619542162343892,4.18961453373239,15.477577487853289,12.17296272194226,14.184621703408531,57.54819043195233
138.003,138.064,USV_103,0.06100000000000705,1.0,88.43500000000003,True,112.582,201.01700000000002,25.420999999999992,-63.01400000000004,0.011659056879580021,0.02373046875,15397.892424083695,14693.566056760752,1.7122712343720983e-05,29977.5,24008.687622729205,2.195997245761016,5.491898891179148,5.762787560023258,16.893301210150966,10.861350766518969,14.353924624802238,59.49182966375159
138.184,138.239,USV_104,0.05500000000000682,1.0,88.43500000000003,True,112.582,201.01700000000002,25.602000000000004,-62.83300000000003,0.010854581370949745,0.01994522758152174,13955.20576294879,15202.5377561193,0.00018026770249740645,29637.228260869564,19227.725506177267,2.2858583861193513,4.872296308787409,5.650191373919768,18.971815912300546,10.063202743588318,14.24851589671913,57.13848007920326
138.374,138.397,USV_105,0.022999999999996135,1.0,88.43500000000003,True,112.582,201.01700000000002,25.792,-62.64300000000003,0.01019112765789032,0.015203302556818182,14940.449265634572,19450.052353772895,0.000296559749549467,31943.18181818182,26296.53296798309,2.3203528600934757,2.4486878467996473,6.58221736514554,17.16281376374694,9.38321696328448,15.481052868543687,48.12908107810403
138.495,138.521,USV_106,0.025999999999982037,1.0,88.43500000000003,True,112.582,201.01700000000002,25.91300000000001,-62.52200000000002,0.01002596877515316,0.023640950520833332,16113.856498473326,16597.202331297376,6.296727861876967e-05,31828.125,26966.881809189043,1.9288573586902242,2.5696190480220023,5.052313255486614,15.322076201449391,10.556151133943342,14.996962054563573,52.22291547480242
141.732,141.791,USV_107,0.0589999999999975,1.0,88.43500000000003,True,112.582,201.01700000000002,29.150000000000006,-59.285000000000025,0.009306148625910282,0.0277099609375,15560.635989508279,15151.253220912595,0.0001855442117926408,29664.0625,24817.94090915608,2.861675598622684,2.6311088542987844,4.843334374378429,17.26071751834928,11.014165488193845,14.593313426884615,60.0619860489038
142.263,142.293,USV_108,0.030000000000001137,1.0,88.43500000000003,True,112.582,201.01700000000002,29.68100000000001,-58.75400000000002,0.008013647049665451,0.030168805803571428,15823.139215243535,16414.2750208287,0.00021079834071607425,30689.73214285714,17784.407229654444,2.857707847588393,4.701631722377902,4.539274127357523,15.340069183890801,10.932169695261345,14.235886872908754,53.00856566937301
142.436,142.528,USV_109,0.09199999999998454,1.0,88.43500000000003,True,112.582,201.01700000000002,29.854000000000013,-58.58100000000002,0.010020239278674126,0.029151710304054054,15102.588434209343,15422.30930224199,0.00015899751825872274,30554.89864864865,23333.56282947628,2.4489172847629805,5.520503412532688,5.140680431582474,16.89220853905575,11.499593109398546,13.96050455134918,58.92566006346872
142.874,142.896,USV_110,0.02199999999999136,1.0,88.43500000000003,True,112.582,201.01700000000002,30.292,-58.14300000000003,0.007395194377750158,0.028719815340909092,16695.79992885671,19073.788726054918,0.0005245762373013497,32198.863636363636,22422.017632204323,2.365674139805534,3.3373382696949254,5.280111278352083,15.217283377962918,10.036186687984058,11.742865319828121,49.27900023381082
150.217,150.234,USV_111,0.016999999999995907,1.0,88.43500000000003,True,112.582,201.01700000000002,37.63500000000002,-50.80000000000001,0.01092513371258974,0.012776692708333334,17546.7365167443,19441.374076518154,0.00018279732526583773,32770.833333333336,26056.832659360036,2.168715443900197,4.728088852729822,4.844080173540569,16.05097921196415,7.665918867549856,14.066256764467315,46.3946332321696
150.855,150.888,USV_112,0.03300000000001546,1.0,88.43500000000003,True,112.582,201.01700000000002,38.272999999999996,-50.162000000000035,0.011557349935173988,0.015657552083333335,14754.128533198205,17289.275203677535,0.0005298624926853409,31218.75,26123.754306372113,1.9712150106493127,6.36188822314451,5.436634229696853,12.262812691334434,11.492183085408008,13.403378263768275,51.209301984260556
151.607,151.622,USV_113,0.01500000000001478,1.0,88.43500000000003,True,112.582,201.01700000000002,39.025000000000006,-49.410000000000025,0.007722083479166031,0.0106201171875,17275.445880785006,21562.107050836483,0.000908377351502044,32953.125,27152.327800496387,2.229035594110452,6.034716230721355,3.634558757881317,17.001433022386692,8.998585577956195,15.989730159860684,42.47751058632383
151.807,151.859,USV_114,0.05200000000002092,1.0,88.43500000000003,True,112.582,201.01700000000002,39.224999999999994,-49.210000000000036,0.038400594145059586,0.009110884232954546,8420.053439316624,13815.516659579693,0.00016344598366365405,20970.170454545456,29580.629445773317,2.6129103882230966,1.7096200705687359,4.927603839479351,19.18064725434637,11.013867522254717,15.009604496008983,51.36521099324921
152.214,152.229,USV_115,0.01500000000001478,1.0,88.43500000000003,True,112.582,201.01700000000002,39.632000000000005,-48.803000000000026,0.008059870451688766,0.0189208984375,18273.251182290696,21254.707467019056,0.0007850038534181498,32835.9375,27378.68770347056,1.349424428470406,2.702376418991767,4.72280345280989,14.194585147987567,10.463196638263808,13.597660807654815,43.57354463496335
152.502,152.511,USV_116,0.00899999999998613,1.0,88.43500000000003,True,112.582,201.01700000000002,39.920000000000016,-48.515000000000015,0.012538179755210876,0.006062825520833333,15982.529664480773,20799.785649335434,0.0002306941179832749,31046.875,27434.711145220495,1.9975104521073055,5.440437053602221,5.402386779229206,13.64512122213713,10.283739204275772,15.541151926450636,37.22066626018968
152.931,152.981,USV_117,0.04999999999998295,1.0,88.43500000000003,True,112.582,201.01700000000002,40.34900000000002,-48.08600000000001,0.01162300817668438,0.020926339285714284,15027.601941886092,14740.175565912125,0.00021536255311440847,29584.821428571428,17783.33799040608,2.1548284884955615,5.032939786001207,4.972664042831399,16.292662778724193,12.630441434690887,14.339811004042447,57.42741218742396
153.10399999999998,153.232,USV_118,0.12800000000001432,1.0,88.43500000000003,True,112.582,201.01700000000002,40.52199999999999,-47.91300000000004,0.010402955114841461,0.0221337890625,14706.096539659631,14770.30542766849,4.812734199121913e-05,30780.0,23605.299463481846,2.0071403274544233,5.060435774269235,5.233663936082706,16.517669686170475,12.178664821862014,14.457823041822355,58.949441959928315
153.653,153.734,USV_119,0.08100000000001728,1.0,88.43500000000003,True,112.582,201.01700000000002,41.071,-47.36400000000003,0.010944941081106663,0.023563269412878788,14577.8600032701,15592.496858827199,0.00012447807339848038,30497.159090909092,26942.72229184374,2.5643282617441225,5.057075383584846,5.088272678198746,16.03547930099985,11.098588744398743,14.32645991387552,58.36500528532117
154.458,154.477,USV_120,0.019000000000005457,1.0,88.43500000000003,True,112.582,201.01700000000002,41.876000000000005,-46.559000000000026,0.009308753535151482,0.0146484375,14537.056828702305,16458.228392365218,4.8778901948227056e-05,31621.875,24986.266931517173,2.5782063281923038,8.412623838547722,5.995756327714406,15.748090456793715,12.018072605498629,14.567110162885134,48.54055337351257
154.574,154.597,USV_121,0.022999999999996135,1.0,88.43500000000003,True,112.582,201.01700000000002,41.99200000000002,-46.44300000000001,0.009137891232967377,0.017001065340909092,15855.641102731308,19612.809818225163,0.00044498574485989095,32335.227272727272,22963.578006268795,2.0163068964195174,2.5658367354158185,5.721144351866683,14.441081627623777,10.936757429645308,14.321714047736418,47.61015760703476
154.66,154.721,USV_122,0.06100000000000705,1.0,88.43500000000003,True,112.582,201.01700000000002,42.078,-46.35700000000003,0.008382987231016159,0.028974609375,16356.950380175733,16095.731221439282,0.00012361476378358434,31998.75,25534.802617963298,2.8291237891324603,4.224957322087389,4.127972197267514,16.03193114587267,12.237782066649709,14.016018872995744,56.6115440041786
154.949,154.98,USV_123,0.03099999999997749,1.0,88.43500000000003,True,112.582,201.01700000000002,42.36700000000002,-46.06800000000001,0.01019380334764719,0.014613560267857142,14674.664332325598,18171.881887717722,0.0004871276251004311,31533.48214285714,20782.74770054851,2.7817504904375845,5.118985889255822,5.2229373335902185,15.359799636429056,11.537730723269195,14.940785958623975,50.50358128937972
155.032,155.078,USV_124,0.04599999999999227,1.0,88.43500000000003,True,112.582,201.01700000000002,42.45000000000002,-45.985000000000014,0.010015260428190231,0.0331787109375,17112.64211228707,14419.89200579963,0.0002228901959246281,30951.5625,21270.655037191384,2.4607931559610887,4.990613294742836,5.752327283232308,15.27789263187103,10.457060802666247,15.33074590895614,58.521333083702146
155.173,155.211,USV_125,0.038000000000010914,1.0,88.43500000000003,True,112.582,201.01700000000002,42.59100000000001,-45.84400000000002,0.011784132570028305,0.014590992647058824,14293.491499062151,15761.557524547008,8.110298209060037e-05,30628.676470588234,23270.994147558544,2.4202335836129882,5.185584180820733,6.00690170033749,13.989575495004228,10.06107950964612,15.60574821407953,54.75370580008997
155.25,155.282,USV_126,0.03200000000001069,1.0,88.43500000000003,True,112.582,201.01700000000002,42.668000000000006,-45.767000000000024,0.010001531802117825,0.022635323660714284,14375.842223372156,15248.505087328624,0.00011818451934577348,30776.785714285714,27269.900025324438,1.968324288034711,5.72007156252184,4.309387632583503,14.788999342733197,10.321861402302051,15.19798807397702,53.81984972392881
155.407,155.456,USV_127,0.04899999999997817,1.0,88.43500000000003,True,112.582,201.01700000000002,42.82500000000002,-45.610000000000014,0.01295079942792654,0.029494512648809524,17300.909475519293,14707.838488029645,5.6245907783617985e-05,31629.464285714286,22746.139667842195,2.6848949458299827,4.012022160716506,5.350964720483714,16.513185834493754,11.50019730905941,16.66706679063218,57.83430756394242
155.529,155.584,USV_128,0.05500000000000682,1.0,88.43500000000003,True,112.582,201.01700000000002,42.947,-45.48800000000003,0.009671695530414581,0.027598505434782608,15059.317860276065,15282.489779920183,7.040435432897676e-05,30073.369565217392,22474.128273485218,2.408735738955698,6.370922750960483,5.8447590717761795,17.704758532805805,10.12581247183761,14.496594291971116,57.08611497501122
155.68,155.754,USV_129,0.07399999999998386,1.0,88.43500000000003,True,112.582,201.01700000000002,43.09800000000001,-45.33700000000002,0.00947121437638998,0.023714192708333335,14312.02432131977,15696.491601062424,0.00011159611209986312,31090.625,20210.39566767147,1.750794114087203,4.532840534689021,5.04599236958512,17.373601646290986,11.016243283713306,14.847379945091872,56.47939689574397
155.865,155.893,USV_130,0.027999999999991587,1.0,88.43500000000003,True,112.582,201.01700000000002,43.283000000000015,-45.152000000000015,0.006812645122408867,0.028526893028846152,17365.129560251007,17704.178514299987,0.0003644095946183489,32343.75,25469.183457319607,1.6702881213270275,3.664625451649627,4.936133419316184,14.159656267913988,9.040025930747309,17.841453136465667,51.98054521315783
156.374,156.383,USV_131,0.009000000000014552,1.0,88.43500000000003,True,112.582,201.01700000000002,43.792,-44.64300000000003,0.005727715790271759,0.04296875,19239.55968063603,22816.92989025485,0.0010282355315829469,33625.0,16324.767707173867,1.177469414195889,3.498724182695193,3.771222420678202,12.042013558607641,7.343947133598302,11.629671483419417,36.55999899269106
156.868,156.876,USV_132,0.008000000000009777,1.0,88.43500000000003,True,112.582,201.01700000000002,44.286,-44.14900000000003,0.010609492659568787,0.0017578125,15405.631608660537,21938.55158841874,0.00019215767505746786,30618.75,27049.905667925068,2.284758912734172,2.0331728851532764,4.87995708511769,14.7663951683204,11.149642360501321,16.06996721825225,33.17964271597582
157.693,157.713,USV_133,0.01999999999998181,1.0,88.43500000000003,True,112.582,201.01700000000002,45.11100000000002,-43.32400000000001,0.009572437033057213,0.0230224609375,15542.7464817502,18591.228957749398,0.0006625734346631072,31696.875,19869.34298614269,2.0103605483575047,5.080506430645544,6.688256676667143,17.10694081569166,11.25155073683553,15.71618942508465,46.51200018856172
157.766,157.851,USV_134,0.08500000000000796,1.0,88.43500000000003,True,112.582,201.01700000000002,45.184,-43.25100000000003,0.008648321963846684,0.0389404296875,16090.069153151378,14612.962282755348,0.00025663002122099343,30137.867647058825,16493.489024775834,2.2020441106763826,4.257980008894897,4.771968640037591,15.946361550257306,10.697052017275835,13.739494569460351,60.56649580781617
159.066,159.084,USV_135,0.018000000000000682,1.0,88.43500000000003,True,112.582,201.01700000000002,46.48400000000001,-41.95100000000002,0.008035175502300262,0.022596571180555556,16511.91897276747,18147.695645589723,0.0003191721690739202,31104.166666666668,20443.825045940164,2.6947127107315882,3.3877029968334598,5.872776780876836,16.99073660942389,11.003324470169538,12.544518557347114,47.22105693162152
159.127,159.17,USV_136,0.042999999999977945,1.0,88.43500000000003,True,112.582,201.01700000000002,46.545000000000016,-41.890000000000015,0.011103719472885132,0.018541124131944444,13218.433089345552,15466.98065019956,3.201255504762394e-05,30229.166666666668,21014.347647309623,1.4042379895351271,6.0633356618650405,5.139505769086757,15.413929853620592,10.105204169900752,13.46489660922643,55.48683005495074
159.417,159.553,USV_137,0.13599999999999568,1.0,88.43500000000003,True,112.582,201.01700000000002,46.83500000000001,-41.60000000000002,0.010987579822540283,0.02448776533018868,15216.742647782468,13867.131373702898,1.0279191136552565e-05,30104.36320754717,24573.927826171046,3.068922902564366,5.187996848309448,6.018582919846871,17.66495702047531,11.27735059137683,14.678903059346679,61.285596466741566
159.908,159.937,USV_138,0.029000000000024784,1.0,88.43500000000003,True,112.582,201.01700000000002,47.32599999999999,-41.10900000000004,0.010059064254164696,0.012901893028846154,13521.203288928944,16088.200328616189,6.440165852162519e-05,29826.923076923078,24001.43392443385,2.3308892097056235,5.869413579869933,5.2849487021512624,18.603371600246017,9.869425050643446,16.578577965187154,51.79445695109104
160.055,160.071,USV_139,0.015999999999991132,1.0,88.43500000000003,True,112.582,201.01700000000002,47.47300000000001,-40.96200000000002,0.008008526638150215,0.0074462890625,15028.849381646662,18511.608593326226,0.00015252448326376412,31300.78125,24465.472840614653,2.496046804983408,4.340927834994048,5.539207142757202,15.311564705285505,10.446829018172421,14.73669665060644,46.29920297211166
161.064,161.139,USV_140,0.07500000000001705,1.0,88.43500000000003,True,112.582,201.01700000000002,48.482,-39.95300000000003,0.010780233889818192,0.034754599294354836,15236.50649255145,14152.284523840966,3.228739402583955e-05,29062.5,23296.01864727807,2.3226581987166184,5.441689123413722,5.33545089204112,16.195539575542814,11.38740191157449,14.689513531763355,59.68699489788796
161.231,161.305,USV_141,0.07400000000001228,1.0,88.43500000000003,True,112.582,201.01700000000002,48.649,-39.78600000000003,0.010083396919071674,0.025577799479166666,14310.901184154627,15015.979123572282,0.00014945193800769343,30206.25,22926.790963116047,2.3958617285620436,4.103104195038284,6.341055906992876,17.868500674230933,11.6793670960684,14.311590181374708,57.74708413494919
161.418,161.478,USV_142,0.060000000000002274,1.0,88.43500000000003,True,112.582,201.01700000000002,48.83600000000001,-39.59900000000002,0.012259521521627903,0.02857421875,14906.707174946778,15532.26997987571,7.764175403854512e-05,30041.25,16090.534064602698,1.7015686383968045,7.282485516925,5.545232642373918,15.707425509393543,11.686761132693139,15.351886331127456,57.76991334986377
161.593,161.66,USV_143,0.06700000000000728,1.0,88.43500000000003,True,112.582,201.01700000000002,49.010999999999996,-39.424000000000035,0.008302931673824787,0.026663643973214284,15009.261068846648,14730.259474500399,5.490512279021122e-05,30113.839285714286,21912.401509538042,2.7599295894943303,5.289010333154239,6.137592862101732,17.00735291278728,9.870240008290281,14.15490233359137,58.48095732157545
161.755,161.836,USV_144,0.08100000000001728,1.0,88.43500000000003,True,112.582,201.01700000000002,49.173,-39.26200000000003,0.010821470059454441,0.037568063446969696,15243.0097324267,14299.340256316109,5.532085904627789e-05,29548.295454545456,17726.81192868097,2.1559730706194493,6.525783943797086,5.6493823795822316,17.3086635645409,10.716869924534295,14.332165164763557,60.71593893689059
161.92,162.01,USV_145,0.09000000000000341,1.0,88.43500000000003,True,112.582,201.01700000000002,49.337999999999994,-39.09700000000004,0.008691015653312206,0.03654649522569445,15834.374645339894,14778.134297607767,7.843035696534612e-05,30398.4375,18208.518862168752,2.3406495144818686,4.2821277881351945,6.63071321252698,18.61429952656711,10.863632206087061,14.761239157426608,61.390709362470915
162.062,162.184,USV_146,0.12199999999998568,1.0,88.43500000000003,True,112.582,201.01700000000002,49.48000000000002,-38.95500000000001,0.010173168033361435,0.035990397135416664,14752.324366429531,13637.869602876059,1.5154587195369455e-05,29304.6875,19541.198531802875,2.5891621897950574,4.290514072786354,5.274538703333563,16.37681798022479,10.233051177173179,13.96875639991118,61.33491317035904
162.633,162.713,USV_147,0.07999999999998408,1.0,88.43500000000003,True,112.582,201.01700000000002,50.051000000000016,-38.384000000000015,0.010109643451869488,0.04164886474609375,16410.616348966265,14233.600632412847,0.00010885855504040977,29024.4140625,24012.7667747803,3.030516598086369,4.618951740498736,4.766473654576387,15.775940416752722,11.105698716340118,14.8771166021112,61.62046131788994
162.816,162.863,USV_148,0.046999999999997044,1.0,88.43500000000003,True,112.582,201.01700000000002,50.23400000000001,-38.20100000000002,0.010107515379786491,0.02391357421875,15314.680031177428,17096.83762187532,0.00014243638361980345,30956.25,25706.475045062925,2.5433167988414715,5.9512292662782516,5.719302192628439,15.795258964616995,9.491106818855377,14.742162946015918,55.3252666700698
162.996,163.084,USV_149,0.08799999999999386,1.0,88.43500000000003,True,112.582,201.01700000000002,50.414000000000016,-38.021000000000015,0.010473133996129036,0.02216099330357143,13688.925123279963,14683.420453319057,1.3105989170313366e-05,30278.571428571428,21795.533657969663,2.481339694457787,5.059462894898628,6.0479543613425895,16.616616649851018,12.135664413384282,14.693772170065236,57.85558487576716
163.162,163.214,USV_150,0.0519999999999925,1.0,88.43500000000003,True,112.582,201.01700000000002,50.58000000000001,-37.85500000000002,0.009082137607038021,0.04647549715909091,16147.388871571318,14495.5629717971,2.247902143419741e-05,29607.954545454544,22714.512335371983,2.028633423130518,4.515269556530223,6.040213385550971,16.85938402592896,11.974774897541385,15.00377828666825,58.75784199448872
163.333,163.393,USV_151,0.060000000000002274,1.0,88.43500000000003,True,112.582,201.01700000000002,50.751000000000005,-37.684000000000026,0.01050728652626276,0.03083984375,15244.033047777515,16516.35127379805,0.0002294805009768268,31023.75,22446.28180087509,1.988561794003549,3.646390107033679,4.308137183653183,15.178453270212637,11.600953198642156,13.70014136838432,56.40855607496305
163.494,163.562,USV_152,0.06800000000001205,1.0,88.43500000000003,True,112.582,201.01700000000002,50.912000000000006,-37.523000000000025,0.010551093146204948,0.023367745535714284,14755.499972456422,16397.20581826781,0.0004954722711504228,31027.901785714286,18470.366247693742,2.9776746072927422,4.83580189816742,6.465550269411634,17.962548079091047,10.895910539260546,13.385970457578425,56.6733269387833
164.017,164.086,USV_153,0.06900000000001683,1.0,88.43500000000003,True,112.582,201.01700000000002,51.435,-37.00000000000003,0.00867380853742361,0.018755231584821428,15242.106591720494,15740.528871034074,0.0002388236999503498,31222.098214285714,20791.856073892268,3.0806437463621537,5.120026629721073,5.23420624600189,16.116204107926045,11.404420280156407,15.115543749414014,57.95091632039125
164.137,164.155,USV_154,0.018000000000000682,1.0,88.43500000000003,True,112.582,201.01700000000002,51.55500000000001,-36.880000000000024,0.007525076624006033,0.024766710069444444,15858.549376103869,17738.101811081688,0.00021077989388809014,31177.083333333332,18937.321780230013,1.521580265892429,6.383553519273549,5.979198297224507,14.670693508526249,10.522798727430704,14.72621115306142,46.919888559908316
164.221,164.23,USV_155,0.00899999999998613,1.0,88.43500000000003,True,112.582,201.01700000000002,51.63900000000001,-36.79600000000002,0.00704554608091712,0.019002278645833332,16730.340431060034,19343.237961413317,0.00030098534149161773,31453.125,21733.54521368194,3.6316432898871476,5.673624564417694,4.416155061926142,9.992460383521538,11.950709237455767,13.452969376476211,38.55486774996579
166.248,166.295,USV_156,0.046999999999997044,1.0,88.43500000000003,True,112.582,201.01700000000002,53.666,-34.769000000000034,0.011189786717295647,0.00814208984375,12988.134947044922,14875.566412092503,1.9360414743710445e-05,29704.6875,23386.011057473337,2.676248251050977,4.629857303473287,5.48854633871292,16.866862876587028,12.990113784734012,14.619797853051262,55.310863073010445
166.4,166.444,USV_157,0.04399999999998272,1.0,88.43500000000003,True,112.582,201.01700000000002,53.81800000000001,-34.61700000000002,0.0108433086425066,0.018837376644736843,14587.63066676994,17804.868678314302,0.0003218151537722591,31139.802631578947,24678.657810756336,2.6896563651266012,6.068040829068471,5.297962738762026,18.147329660562043,11.435690258122806,13.30680364159262,53.69323690997927
166.601,166.685,USV_158,0.08400000000000318,1.0,88.43500000000003,True,112.582,201.01700000000002,54.019000000000005,-34.416000000000025,0.009324240498244762,0.014662798713235295,14161.801531306215,15828.754878421478,9.495881875344957e-05,31097.426470588234,25333.420313582057,2.2589001717482624,5.204379626807882,5.653245639230062,16.50655219528274,11.158997486482386,15.399582523900863,57.55718209298079
166.793,166.873,USV_159,0.07999999999998408,1.0,88.43500000000003,True,112.582,201.01700000000002,54.21100000000001,-34.22400000000002,0.01017674058675766,0.02787017822265625,14688.151317101918,13754.876120213976,2.536495359035358e-05,29660.15625,20659.722444463172,1.9678700239526008,5.348514238199359,5.939567505564929,17.943271575726715,13.345434580410995,13.074750627891115,59.690017374110965
166.966,167.017,USV_160,0.05099999999998772,1.0,88.43500000000003,True,112.582,201.01700000000002,54.384000000000015,-34.051000000000016,0.008114968426525593,0.022530691964285716,15084.072682674403,15881.657112887808,0.00010952341825392518,31004.464285714286,22631.996004048684,2.875965681752341,4.5356382017592285,5.684412930538917,17.564209932410307,11.97496950024716,15.07590686838561,58.312360591801976
167.054,167.082,USV_161,0.027999999999991587,1.0,88.43500000000003,True,112.582,201.01700000000002,54.47200000000001,-33.96300000000002,0.01068217121064663,0.017333984375,14340.399079357043,17176.94004287052,0.00014614956742876976,31031.25,28342.65984348821,2.393023738265244,6.293922050479054,4.173896574348403,14.812889833479375,10.80344335538105,14.797784745731521,50.820148184204186
168.853,168.937,USV_162,0.08400000000000318,1.0,88.43500000000003,True,112.582,201.01700000000002,56.271000000000015,-32.164000000000016,0.011006737127900124,0.02792537913602941,14821.43419782908,13759.3328327205,0.00020954753134051947,27758.272058823528,14787.029170709473,3.0398589725118086,4.947567173521683,4.805683023144001,14.921997402924251,11.266971338366549,13.391889234440146,61.63927418335538
169.339,169.348,USV_163,0.009000000000014552,1.0,88.43500000000003,True,112.582,201.01700000000002,56.757000000000005,-31.678000000000026,0.013668935745954514,0.006795247395833333,16305.171980948197,20690.640530202476,0.00019294571904156859,31609.375,29276.475212203994,1.716193331544484,3.054199358365746,6.807529850798367,15.20343872657066,9.831376081134609,13.072736801224814,39.04327769662935
169.477,169.493,USV_164,0.015999999999991132,1.0,88.43500000000003,True,112.582,201.01700000000002,56.89500000000001,-31.54000000000002,0.012183783575892448,0.013916015625,14367.059482941564,18945.94512294647,0.00037080118437046364,30351.5625,25055.89378495994,1.1856990465072057,5.675762470547621,4.316799738972769,16.507970169009845,9.271609325091836,14.519589249799198,43.96961572383234
169.645,169.713,USV_165,0.06799999999998363,1.0,88.43500000000003,True,112.582,201.01700000000002,57.06300000000002,-31.372000000000014,0.009349407628178596,0.027858189174107144,15094.083484708035,15190.742029358455,0.00012437510885383675,29866.071428571428,21877.006811483276,2.39385121783429,5.1793351008096815,5.064858784317819,17.89426782903958,11.315615144542786,14.348586181713468,59.04469744811774
169.824,169.864,USV_166,0.03999999999999204,1.0,88.43500000000003,True,112.582,201.01700000000002,57.24200000000002,-31.193000000000012,0.01035383902490139,0.03287281709558824,16020.634805355905,16225.700051922006,0.00020079239276460403,31599.264705882353,24865.543536361394,1.9417818875621624,8.030444620379715,5.025076020490239,14.707528443067984,10.1884182568489,14.657224487304557,55.056615188192005
169.99099999999999,170.075,USV_167,0.08400000000000318,1.0,88.43500000000003,True,112.582,201.01700000000002,57.40899999999999,-31.02600000000004,0.011808435432612896,0.015847598805147058,13585.288526383209,14879.794985777158,2.4913263470978155e-05,29324.448529411766,20946.884711725615,2.684983489445925,3.731990550724848,4.952887477684914,17.678315925995967,11.902535413798267,14.469056653670851,59.367850290041865
170.131,170.231,USV_168,0.09999999999999432,1.0,88.43500000000003,True,112.582,201.01700000000002,57.54900000000001,-30.886000000000024,0.012582649476826191,0.0283203125,15344.25018612521,13895.267195547232,0.00012199252661333214,29371.875,22846.39562447982,2.817452389402707,5.615268287718931,4.467155446297812,16.434704959274,11.545391896312227,13.998567408741724,60.138585575123
170.336,170.367,USV_169,0.03099999999997749,1.0,88.43500000000003,True,112.582,201.01700000000002,57.75400000000002,-30.68100000000001,0.011416563764214516,0.034214564732142856,15943.913850017876,17692.957520729437,0.0002799713696820844,29725.446428571428,23510.60415111518,2.4874899757071924,4.248047703313337,5.135724436744951,15.963016700993904,11.229065802561665,14.792411147674889,53.580083326566914
170.626,170.749,USV_170,0.12299999999999045,1.0,88.43500000000003,True,112.582,201.01700000000002,58.04400000000001,-30.39100000000002,0.010021991096436977,0.038324991861979164,15707.262959670048,13870.140931177253,1.959278244756454e-05,30511.71875,23782.94168737765,2.6462310545819996,4.590734183216748,5.515482726919198,17.95187008682885,12.219038026153784,14.874001465120488,64.01006656184495
170.799,170.875,USV_171,0.0759999999999934,1.0,88.43500000000003,True,112.582,201.01700000000002,58.21700000000001,-30.218000000000018,0.012709603644907475,0.034022177419354836,14817.597803530281,15040.559186992308,0.0001299706288057705,28430.4435483871,25559.62803399443,2.479536193191325,5.7862748197748335,5.497306433066362,15.633526959566606,10.338537534546557,13.524648707357327,58.82205646207862
170.934,171.009,USV_172,0.07499999999998863,1.0,88.43500000000003,True,112.582,201.01700000000002,58.352000000000004,-30.083000000000027,0.010862148366868496,0.025651041666666666,13939.981209128806,14733.261569285165,8.492285585892503e-05,29584.375,21186.41384823636,1.8704437864593415,6.053761679393797,5.072909948749871,15.847037502839203,11.538027335673815,15.533973763401303,59.75364392248947
171.24099999999999,171.307,USV_173,0.0660000000000025,1.0,88.43500000000003,True,112.582,201.01700000000002,58.65899999999999,-29.77600000000004,0.00817885622382164,0.018916377314814815,14744.228755050442,15561.96759679038,0.00015400685043390246,31055.555555555555,20536.483593815217,2.6389190698566445,2.989145836026728,5.271604195255395,17.910313349566433,11.715829648855015,15.047992655748205,57.73606775672429
171.428,171.464,USV_174,0.036000000000001364,1.0,88.43500000000003,True,112.582,201.01700000000002,58.846000000000004,-29.589000000000027,0.007852911949157715,0.022247314453125,14784.374955820567,16009.952057103666,0.0001910281149861977,31623.046875,22037.04486889117,3.9229113060069283,4.3151239334962455,4.3061382010130425,16.415381394004932,9.677513444550362,15.124311783646434,53.895016903996904
171.704,171.737,USV_175,0.03299999999998704,1.0,88.43500000000003,True,112.582,201.01700000000002,59.122000000000014,-29.313000000000017,0.01337759755551815,0.0177734375,17022.729226493066,17218.507758369764,0.00023308174777651966,30393.75,23874.813059271237,2.29699848575823,3.7390557979679095,4.998211553115726,14.804220233021564,10.228283932883222,13.477139846496778,54.204030784565916
172.218,172.355,USV_176,0.13700000000000045,1.0,88.43500000000003,True,112.582,201.01700000000002,59.635999999999996,-28.799000000000035,0.012554102577269077,0.01923737702546296,13095.946705120477,15042.762673985158,4.688285608868422e-05,29291.666666666668,19926.011344596052,1.8085420619097674,7.0231651522955465,5.205105368274171,17.459990507236437,10.904535796343483,15.930181032231602,59.08975686242211
172.956,173.024,USV_177,0.06800000000001205,1.0,88.43500000000003,True,112.582,201.01700000000002,60.373999999999995,-28.061000000000035,0.011408008635044098,0.016993931361607144,13511.390427050665,15478.680368440284,9.5259046281527e-05,30103.79464285714,21543.863257964895,2.0767633718089558,6.248672507846775,4.825450984174769,15.985823499379192,11.329816976163466,14.74607887528678,55.62513531084361
173.155,173.215,USV_178,0.060000000000002274,1.0,88.43500000000003,True,112.582,201.01700000000002,60.57300000000001,-27.862000000000023,0.01231146790087223,0.014033203125,13316.623809194669,14223.449751415117,4.814406109355648e-06,29621.25,21226.730918358262,2.63960171409097,3.7954313981948746,5.604130955418659,16.592140640080668,12.516494910150882,14.394603631159125,57.97840124815678
173.322,173.354,USV_179,0.03200000000001069,1.0,88.43500000000003,True,112.582,201.01700000000002,60.74000000000001,-27.69500000000002,0.011590095236897469,0.027919224330357144,14358.992086466464,15283.732529539087,8.979458933418063e-05,28506.696428571428,24950.46209188668,1.525563282089111,7.96128900098742,3.9315851682287075,15.896018566716844,8.374284890511307,13.261167128900473,54.079730135549646
173.49,173.545,USV_180,0.0549999999999784,1.0,88.43500000000003,True,112.582,201.01700000000002,60.908000000000015,-27.527000000000015,0.009339147247374058,0.04067595108695652,16051.974325712983,14701.573001795856,6.58904495856329e-05,29127.717391304348,24686.71318988647,3.614718156022944,4.453653787749486,5.80794469728063,16.578849781542125,10.95463253651596,13.082012365716238,58.64443977757067
173.686,173.726,USV_181,0.03999999999999204,1.0,88.43500000000003,True,112.582,201.01700000000002,61.10400000000001,-27.331000000000017,0.009016962721943855,0.030776079963235295,15941.999792433453,15029.60028051991,0.0008655570607068342,29465.073529411766,16615.244921861544,2.2388866623514643,3.164920927900274,5.221655547464001,16.444084848078475,9.592470037361776,14.508530845212503,57.57547499896188
173.85,173.875,USV_182,0.025000000000005684,1.0,88.43500000000003,True,112.582,201.01700000000002,61.268,-27.16700000000003,0.012585759162902832,0.0024210611979166665,13638.05590518438,17240.610092423638,0.00011659911914102535,28437.5,22888.9691146009,2.4621469821381354,3.1861965627870537,3.7783024671965086,12.934135951575499,8.579335852177685,12.284292265737617,50.778883101771065
174.041,174.08,USV_183,0.03900000000001569,1.0,88.43500000000003,True,112.582,201.01700000000002,61.459,-26.976000000000028,0.00888532493263483,0.017635569852941176,15094.647210950858,16708.75300525028,0.0001071023914717718,30066.176470588234,23249.938600445483,2.7742156492026604,3.1892455581024644,4.356851910716069,14.345228279518711,11.072004838071566,14.8103194697472,54.79699436583562
174.207,174.268,USV_184,0.06100000000000705,1.0,88.43500000000003,True,112.582,201.01700000000002,61.625,-26.81000000000003,0.008452794514596462,0.044462890625,16316.110554045654,14355.151750737037,0.00018860726234450892,29857.5,18565.220321315424,2.3757858600181243,5.197553417618789,4.8361809255682315,15.677507852494696,11.36233387799519,15.164904721770728,60.14010296968906
174.379,174.436,USV_185,0.05700000000001637,1.0,88.43500000000003,True,112.582,201.01700000000002,61.797,-26.638000000000034,0.010060432367026806,0.025990804036458332,15445.704760458117,16448.111702373975,0.00026304577176760485,29761.71875,23954.218801653537,3.9835515998549433,4.612904682304085,5.465169045015162,17.23908445599235,10.47365944052446,14.664390245735653,58.55697600081631
174.557,174.601,USV_186,0.04400000000001114,1.0,88.43500000000003,True,112.582,201.01700000000002,61.974999999999994,-26.460000000000036,0.009140062145888805,0.013710423519736841,14728.800007142789,16226.256095885048,0.0003071391286804331,29575.657894736843,20489.519255033872,2.8995886334327703,4.043025699958362,5.847513617303558,16.373482796726584,11.278764522005513,13.582265215058607,56.23005292959028
174.743,174.772,USV_187,0.028999999999996362,1.0,88.43500000000003,True,112.582,201.01700000000002,62.161,-26.27400000000003,0.009738998487591743,0.01598182091346154,15476.688355271082,18282.267802720333,0.00044288872115586767,31262.01923076923,25662.57929273891,1.874248611224947,3.5419037648906535,6.07390196703327,17.15863876599316,11.30054273439207,13.575876071906158,50.850887476126644
174.917,174.982,USV_188,0.06499999999999773,1.0,88.43500000000003,True,112.582,201.01700000000002,62.33500000000001,-26.100000000000023,0.011319647543132305,0.01960358796296296,14011.950308070702,15332.406865342331,6.545302801705492e-05,28982.63888888889,25223.72704713313,2.51199191208759,6.1644449473262295,5.82966616410686,16.233088708493778,11.36431674982857,15.49452277219673,57.368543209005146
175.093,175.14,USV_189,0.046999999999997044,1.0,88.43500000000003,True,112.582,201.01700000000002,62.510999999999996,-25.924000000000035,0.010915156453847885,0.01859130859375,13999.851012248884,16982.78290091357,0.00018960334233336168,30107.8125,26691.29758490624,2.2856354625814523,7.265419291213019,5.321201461745291,16.467153757604187,11.193483486053845,14.21936967776853,54.1710762024847
175.271,175.309,USV_190,0.038000000000010914,1.0,88.43500000000003,True,112.582,201.01700000000002,62.68899999999999,-25.746000000000038,0.010972519405186176,0.019674862132352942,13617.063049817007,15742.507417405155,6.876047322422496e-05,29420.95588235294,20818.61454537084,2.3090197675940956,7.080245759239506,5.2964649022801735,16.28746416091901,11.588728700202058,15.438775854833398,57.21514956263482
175.447,175.485,USV_191,0.038000000000010914,1.0,88.43500000000003,True,112.582,201.01700000000002,62.86500000000001,-25.57000000000002,0.009268988855183125,0.02783203125,15108.022013721944,16146.071104501456,0.00019920200462050897,30226.102941176472,24748.804478482547,2.3117779672518113,6.367733522960258,4.792089211989539,14.656576900657138,10.128441377189581,15.396867547751071,54.953635380403846
175.618,175.657,USV_192,0.03900000000001569,1.0,88.43500000000003,True,112.582,201.01700000000002,63.036,-25.39900000000003,0.009358488023281097,0.021369485294117647,14945.495473520828,17475.602947810086,0.00014732796966035182,30639.70588235294,18063.457230082236,2.820797899985162,5.478587437877444,4.460923310361345,13.165700250469044,9.959992772318097,13.322052224612353,54.60035892981644
176.767,176.855,USV_193,0.08799999999999386,1.0,88.43500000000003,True,112.582,201.01700000000002,64.185,-24.25000000000003,0.010384587571024895,0.020884486607142858,13055.460606970999,14797.479774860461,3.605306157769907e-05,29716.071428571428,19012.369287518828,2.3062902811637636,5.044166829459325,5.201470095497643,17.850038279643535,11.848153957022944,14.306528896697163,57.42571491242595
176.982,177.005,USV_194,0.022999999999996135,1.0,88.43500000000003,True,112.582,201.01700000000002,64.4,-24.035000000000025,0.010239760391414165,0.019886363636363636,15468.885822538818,17277.574011875866,0.00012574772530940135,30153.409090909092,20165.11856372398,1.7216650355935876,3.9047388758784094,5.215938468032191,13.679035182736419,10.26773641176843,12.079465789384454,49.798225464101044
177.606,177.679,USV_195,0.0730000000000075,1.0,88.43500000000003,True,112.582,201.01700000000002,65.024,-23.41100000000003,0.009772690944373608,0.026774088541666668,14856.601300204502,16091.46708259408,9.599462859878835e-05,31687.5,20695.427741466203,2.251489373556463,5.05065867691224,5.147410704137509,15.54540483043252,10.92293268782043,13.89650830593261,56.501637240027954
177.78,177.796,USV_196,0.015999999999991132,1.0,88.43500000000003,True,112.582,201.01700000000002,65.19800000000001,-23.237000000000023,0.0076544932089746,0.025238037109375,19064.09850672233,21165.978112556408,0.0008570207102942952,34792.96875,23552.048969945805,2.1469735499551765,2.9302372921328894,6.21903248376832,13.95496268641963,9.24092087075935,13.743341949425757,43.88579746198617
177.924,178.003,USV_197,0.07899999999997931,1.0,88.43500000000003,True,112.582,201.01700000000002,65.34200000000001,-23.093000000000018,0.009555621072649956,0.02068328857421875,15350.477733100943,15280.154746901324,0.00023024812413050794,31470.703125,18196.660245202595,2.1885900847236144,3.6133602342705258,4.614840447406266,15.451913291458219,11.476926690063614,14.863937656565687,58.4404962870336
178.092,178.131,USV_198,0.03899999999998727,1.0,88.43500000000003,True,112.582,201.01700000000002,65.51000000000002,-22.92500000000001,0.01052794884890318,0.019962086397058824,14461.724157020613,17085.662050979412,0.0002449549329489885,31218.75,23271.283650428595,1.9526782331709038,5.362259793681465,5.133281023702357,16.145513799023636,11.382129042522148,14.029791676382336,52.48801820111322
178.225,178.277,USV_199,0.0519999999999925,1.0,88.43500000000003,True,112.582,201.01700000000002,65.643,-22.79200000000003,0.008482996374368668,0.021262428977272728,15448.884847057076,16219.75494500951,0.00021974026579080528,31606.534090909092,24107.30832857104,2.67164815892411,4.021436126225421,5.42842611112014,17.233468521819688,11.261566593722765,14.350639242360144,55.71399604282812
178.333,178.345,USV_200,0.012000000000000455,1.0,88.43500000000003,True,112.582,201.01700000000002,65.751,-22.684000000000026,0.014382245019078255,0.006731305803571429,13572.007538446485,20050.71582477815,0.00015737496166662914,30388.39285714286,24847.909918787645,1.8622101912642937,7.683825607091228,5.493318168715568,14.655374931387296,11.070840274122952,14.414885644314623,39.45942240408666
178.583,178.606,USV_201,0.022999999999996135,1.0,88.43500000000003,True,112.582,201.01700000000002,66.001,-22.434000000000026,0.008661346510052681,0.029518821022727272,16867.555140422082,17785.27646284745,0.0006543097965480728,32454.545454545456,26275.098954559395,2.4917659751765027,6.487661959101215,7.68150660690547,18.924621582352522,8.947957773398004,15.821519275634762,49.16970341931886
178.636,178.71,USV_202,0.07400000000001228,1.0,88.43500000000003,True,112.582,201.01700000000002,66.054,-22.38100000000003,0.007507281377911568,0.027978515625,15617.556088791624,15140.806077363643,0.000529140401015988,31459.375,16207.930943976555,2.0879884738706007,3.7474356463129284,5.453998946488436,16.59481902664699,10.926495591337405,14.346715682720863,58.43427992973696
178.869,178.912,USV_203,0.043000000000006366,1.0,88.43500000000003,True,112.582,201.01700000000002,66.287,-22.148000000000025,0.011050831526517868,0.02260228207236842,16416.200730445864,15738.433212011176,0.00026192445222349625,30893.092105263157,16753.03500875174,3.0150213854208565,6.419724996420591,5.962319363040776,15.29543734142642,10.133896052060454,14.879255342483942,55.9761388970905
179.098,179.11,USV_204,0.012000000000000455,1.0,88.43500000000003,True,112.582,201.01700000000002,66.51600000000002,-21.91900000000001,0.010025857016444206,0.014892578125,17639.11025893297,24017.307651241346,0.0009808706278500161,32933.03571428572,19529.2885661273,1.937526510330555,5.609423165245142,4.703014190985578,11.445419501969582,10.639113259047052,14.177167855403246,38.31780280353828
179.383,179.448,USV_205,0.06499999999999773,1.0,88.43500000000003,True,112.582,201.01700000000002,66.80100000000002,-21.634000000000015,0.01228945329785347,0.02076099537037037,14037.255490627125,15367.025904968938,6.203027860984303e-05,29701.38888888889,21875.04324818429,2.1456691171850997,5.5508377692394895,4.743326532108351,16.21265657109156,10.6488757466685,15.666973059041787,56.433711183587285
179.477,179.541,USV_206,0.06399999999999295,1.0,88.43500000000003,True,112.582,201.01700000000002,66.89500000000001,-21.54000000000002,0.007662627380341291,0.024151141826923076,15232.74337972698,16077.000375120286,0.00011663489999157804,31806.490384615383,22934.655481220365,3.595709293395804,4.983612791902133,4.658267673291866,18.149506678266103,11.079298136811193,14.695758807633688,56.54544976231167
179.608,179.63,USV_207,0.02199999999999136,1.0,88.43500000000003,True,112.582,201.01700000000002,67.02600000000001,-21.40900000000002,0.00930603127926588,0.016690340909090908,15905.49854721171,19689.881045535116,0.0003179076929834852,31568.18181818182,14947.772578619762,1.4581768979277505,4.8232925789412295,4.546993852213702,11.476940734315876,8.471643645044624,13.098105196021185,48.03316690299287
179.754,179.774,USV_208,0.020000000000010232,1.0,88.43500000000003,True,112.582,201.01700000000002,67.172,-21.263000000000034,0.010316937230527401,0.012841796875,15617.406086136263,19817.37258643817,0.0005617665792332573,31471.875,21200.623555307462,2.4996531211909234,4.79942722053052,4.255241865679799,13.772498028640257,10.602773518710258,15.274857969802076,46.18608624701493
179.888,179.984,USV_209,0.09600000000000364,1.0,88.43500000000003,True,112.582,201.01700000000002,67.30600000000001,-21.12900000000002,0.008959411643445492,0.02047568873355263,14051.342748604657,14928.371839655307,4.755289690283301e-05,30384.86842105263,18346.47623636315,2.76001782847844,3.187109462985801,4.673453259498037,16.157379703657273,11.154015042205122,14.690075974687852,59.01188969248537
180.478,180.521,USV_210,0.042999999999977945,1.0,88.43500000000003,True,112.582,201.01700000000002,67.89600000000002,-20.539000000000016,0.006311507895588875,0.023708767361111112,16042.457022649793,16939.617735332726,0.00024787595335594664,32182.291666666668,15144.936588591132,2.270074040890998,3.2206280553666797,5.697127991690893,16.229057348691914,13.31177868676145,13.10113527359079,57.572548365002945
181.014,181.023,USV_211,0.00899999999998613,1.0,88.43500000000003,True,112.582,201.01700000000002,68.43200000000002,-20.003000000000014,0.012684036046266556,0.006510416666666667,15848.649643020248,24216.26372438391,0.000305982729883431,31781.25,19691.70543941959,2.1718665811114835,4.4868808171924135,6.70651182811897,9.845121276117192,7.432970712691316,13.862408160641458,34.5515866854831
181.291,181.401,USV_212,0.11000000000001364,1.0,88.43500000000003,True,112.582,201.01700000000002,68.709,-19.726000000000028,0.010495840571820736,0.022749467329545456,14122.435554061174,14132.441450666172,7.490755464577921e-06,29731.534090909092,22489.66362514595,2.6055188854540003,5.192563548437779,4.805401137198284,17.172147665432604,11.174398280050074,14.602035720883459,58.474077052076105
181.516,181.571,USV_213,0.05500000000000682,1.0,88.43500000000003,True,112.582,201.01700000000002,68.934,-19.501000000000033,0.009427390992641449,0.020444123641304348,15593.301323913764,15989.929654725123,0.00014511784863181613,30423.91304347826,19432.763841756558,3.0747658746050694,4.5994750205096,5.6925805180099225,15.739201278476754,10.889853011783797,14.586441559852256,56.88821072251542
183.553,183.567,USV_214,0.014000000000010004,1.0,88.43500000000003,True,112.582,201.01700000000002,70.971,-17.464000000000027,0.007899709045886993,0.021240234375,17319.201984424064,19155.65984896582,0.0012280431118620457,31277.34375,21034.547251764096,2.0549559554370633,1.932856253017194,5.394973965506993,13.411633541392892,8.451738587434274,14.429040825952669,43.99265436823954
184.369,184.379,USV_215,0.009999999999990905,1.0,88.43500000000003,True,112.582,201.01700000000002,71.787,-16.648000000000025,0.007788909133523703,0.02783203125,17712.656689918436,19047.053594345798,0.0008107654274798996,30421.875,17074.298207101736,1.699491919947648,4.4157131586285745,4.235181740724246,15.55867769607525,9.830059882424075,12.992779412069341,40.91925577356016
184.611,184.711,USV_216,0.10000000000002274,1.0,88.43500000000003,True,112.582,201.01700000000002,72.029,-16.406000000000034,0.010162058286368847,0.0122314453125,14592.509485023393,15431.522433410719,0.00011515972135534982,30707.8125,22113.084658198535,2.6825037135541088,3.1263698864645773,5.2922737659865735,17.032421870801308,12.179755730582212,14.901865017912337,58.6115759493873
184.832,184.84,USV_217,0.008000000000009777,1.0,88.43500000000003,True,112.582,201.01700000000002,72.25,-16.18500000000003,0.011214671656489372,0.011279296875,13884.987624570082,18062.076696901513,8.684093840705344e-05,28368.75,22001.90949778743,2.109910625766073,4.757481017639695,4.022202021862297,16.437210788452244,9.054573211909005,14.105414866258661,37.053809764686434
185.357,185.366,USV_218,0.009000000000014552,1.0,88.43500000000003,True,112.582,201.01700000000002,72.775,-15.660000000000025,0.009369861334562302,0.012410481770833334,16259.4166274455,21311.517823500748,0.0004207150615675914,32062.5,26335.74489263282,2.2461473000284182,5.367773164051794,4.709378373211142,11.074626324104566,8.438171871391527,14.286491426756983,36.869627185620296
185.432,185.442,USV_219,0.010000000000019327,1.0,88.43500000000003,True,112.582,201.01700000000002,72.85,-15.585000000000036,0.010233034379780293,0.011962890625,14957.305292839068,18897.968765913534,0.000125600307525051,29718.75,18650.341727352574,1.6865893472476916,5.623740217150062,5.4042535070608855,15.935053820714245,8.239001308829236,14.723868218111072,38.50033370381838
185.503,185.511,USV_220,0.008000000000009777,1.0,88.43500000000003,True,112.582,201.01700000000002,72.92099999999999,-15.514000000000038,0.010502982884645462,0.015478515625,19000.32558573824,24538.17697263932,0.0012974567660158003,37050.0,23692.11362780603,2.2216595333438094,5.998908670319345,5.926773205442532,11.420635602119997,6.690376966898936,14.70967791057385,33.78231193961285
185.576,185.585,USV_221,0.009000000000014552,1.0,88.43500000000003,True,112.582,201.01700000000002,72.994,-15.441000000000031,0.009597052820026875,0.020914713541666668,15747.907770360827,17756.472086025427,8.591913426153282e-05,30781.25,18394.979454558437,1.191999386513139,8.51492273982179,5.25380343338217,14.309335752122449,9.888970933066632,12.749171008633839,42.43538468360336
185.649,185.66,USV_222,0.01099999999999568,1.0,88.43500000000003,True,112.582,201.01700000000002,73.06700000000001,-15.368000000000023,0.012400355190038681,0.005045572916666667,16783.74089609437,21736.497357659693,0.0004304285058731364,32562.5,22019.89800011941,2.2441076652276117,3.48907218504497,3.2280720359136406,12.409177556392853,9.394909156251854,14.80203337637549,42.59960990061335
185.807,185.815,USV_223,0.008000000000009777,1.0,88.43500000000003,True,112.582,201.01700000000002,73.225,-15.210000000000036,0.009373851120471954,0.00615234375,14315.983240122738,16943.284941238628,6.923007928803244e-05,29643.75,17385.50622106567,2.0462221130634335,5.850311398691113,7.3021255394916125,17.66763605889237,14.801700373695699,11.663491259645028,37.33250069214277
185.89,185.904,USV_224,0.014000000000010004,1.0,88.43500000000003,True,112.582,201.01700000000002,73.30799999999999,-15.127000000000038,0.009972123429179192,0.0279541015625,18895.514070337347,18174.200835559262,0.00036758380867636133,30890.625,21842.4922534379,2.4610763958600144,3.001064785943578,3.677276745989424,14.907213413223985,9.635644064599175,13.220536038632869,47.02350507257793
185.951,185.991,USV_225,0.040000000000020464,1.0,88.43500000000003,True,112.582,201.01700000000002,73.369,-15.066000000000031,0.009644731879234314,0.01984719669117647,16356.718373415451,14606.82437473815,6.420342667307694e-05,31389.70588235294,23191.373731258234,2.670011175809317,3.829811410364844,4.788371943377236,16.353200567649463,11.384354004289687,13.964483005976543,57.60798376580768
186.049,186.074,USV_226,0.025000000000005684,1.0,88.43500000000003,True,112.582,201.01700000000002,73.46700000000001,-14.968000000000018,0.007593674585223198,0.025858561197916668,16546.261936964253,18559.350841998712,0.00023562689068865254,31906.25,19057.861209906307,1.9133416475387566,3.024539361429495,4.828158906902658,13.47417371344333,11.688213800996834,14.034370999427653,50.523644319099986
186.127,186.139,USV_227,0.012000000000000455,1.0,88.43500000000003,True,112.582,201.01700000000002,73.54500000000002,-14.890000000000015,0.011901031248271465,0.006138392857142857,15273.821338612132,22014.16722982014,0.0002491395557258712,30736.60714285714,18949.256760779117,2.469708019338875,3.258960915234598,5.553901672201287,11.037585842880604,9.124002836143877,10.78561876262636,38.822152918862706
186.207,186.261,USV_228,0.054000000000002046,1.0,88.43500000000003,True,112.582,201.01700000000002,73.625,-14.81000000000003,0.008329109288752079,0.016060207201086956,14564.334182659328,16451.650354424288,0.0002046303412605801,31141.304347826088,22353.651903368038,2.9615198292415084,4.489284186595307,5.412988623139514,16.089596594689905,10.309178640996365,14.214480059335335,55.8570817663453
186.856,186.888,USV_229,0.03200000000001069,1.0,88.43500000000003,True,112.582,201.01700000000002,74.274,-14.16100000000003,0.009408863261342049,0.015781947544642856,14860.202684465312,15927.28896323686,0.00011935185862787222,30890.625,26009.80930488408,2.5573607581691813,3.870876381624373,4.669681276094745,19.01784031818441,11.788150136911455,14.662517939595036,53.756144054783945
187.532,187.59,USV_230,0.057999999999992724,1.0,88.43500000000003,True,112.582,201.01700000000002,74.95000000000002,-13.485000000000014,0.008206441067159176,0.020395914713541668,15011.567222520447,16620.087142978166,0.00013984549018239897,32515.625,21850.397808858106,2.29748232130762,3.6519400638798856,6.087270861851568,17.14663933417178,10.28812185295365,14.145340850882889,56.46185789259593
187.803,187.894,USV_231,0.09100000000000819,1.0,88.43500000000003,True,112.582,201.01700000000002,75.221,-13.214000000000027,0.01004710327833891,0.01921452702702703,13696.50767466505,14364.965823902037,4.863349864502641e-05,30184.966216216217,18644.68188014967,2.7250905712209668,4.900423898693037,5.3000451908774515,16.59167134111685,11.370685707527478,14.586671161815259,58.79630495929716
188.131,188.15,USV_232,0.019000000000005457,1.0,88.43500000000003,True,112.582,201.01700000000002,75.549,-12.886000000000024,0.008827771060168743,0.0169189453125,16270.755263467265,17467.424969210064,0.00034063790230485006,31031.25,23370.279906859294,1.5553095473884153,4.020127584608604,6.223450973589491,16.02585195204181,8.678247073241453,14.095598337672708,48.756600337258625
188.201,188.257,USV_233,0.056000000000011596,1.0,88.43500000000003,True,112.582,201.01700000000002,75.619,-12.816000000000031,0.013868924230337143,0.018257472826086956,13250.306073907286,15890.528818199793,0.00015790921265050435,29519.021739130436,20899.852215480147,2.0612812438780503,5.781492970299765,5.5265302496818745,16.068982350539944,11.139465523772996,15.88195562884793,56.470658393566765
188.334,188.357,USV_234,0.022999999999996135,1.0,88.43500000000003,True,112.582,201.01700000000002,75.75200000000001,-12.683000000000021,0.011432275176048279,0.025279651988636364,15323.997301453417,17300.406434429835,0.00015011108678100784,29002.840909090908,19305.981689110806,2.006844616695868,6.735416020143174,4.592003203066375,13.974542578995717,10.973125983301497,14.527856743578882,51.33151596687442
188.757,188.774,USV_235,0.016999999999995907,1.0,88.43500000000003,True,112.582,201.01700000000002,76.17500000000001,-12.26000000000002,0.013239158317446709,0.013834635416666666,12827.538599319603,16239.198081146855,3.454336536299488e-05,27510.416666666668,16760.17451310716,3.2301378799614966,7.203808348930167,7.537408198408087,17.201377230664814,11.000411132707978,13.379180409840913,46.31825124628418
189.082,189.109,USV_236,0.027000000000015234,1.0,88.43500000000003,True,112.582,201.01700000000002,76.5,-11.93500000000003,0.009495606645941734,0.015117938701923076,14324.157528738959,16967.714859929467,0.00029896970917759095,30930.28846153846,18494.5379053493,2.5187695562192074,6.8603992235217195,5.041375307976457,16.439488585557832,11.356909616504037,13.818540333264611,51.039431492078734
189.455,189.49,USV_237,0.03499999999999659,1.0,88.43500000000003,True,112.582,201.01700000000002,76.87300000000002,-11.562000000000012,0.013064865954220295,0.03527018229166667,13964.831226485392,14224.461618691894,2.06455490980671e-05,28493.75,15348.506211076361,2.772847436336123,8.112995548277754,4.757866757586066,16.106525506699274,8.317821915578087,16.048676261030135,58.86489779478834
189.605,189.621,USV_238,0.016000000000019554,1.0,88.43500000000003,True,112.582,201.01700000000002,77.023,-11.412000000000035,0.01309387106448412,0.014190673828125,14117.462620186143,19234.945414169815,0.00012178893879523845,30035.15625,15860.092290763023,1.6191963109865384,5.364509020506386,4.260116379460858,11.76251212634818,8.142596476345524,15.684507437444466,43.57093834928049
189.77100000000002,189.793,USV_239,0.02199999999999136,1.0,88.43500000000003,True,112.582,201.01700000000002,77.18900000000002,-11.24600000000001,0.00941260065883398,0.04430042613636364,17712.768159446605,18644.148526758687,0.0005386000436059314,31772.727272727272,19731.93829316966,2.550899497522421,3.597697211507557,5.524830712316079,14.975574696244923,9.659727911685396,14.670071526456367,50.256303904771656
189.924,189.943,USV_240,0.019000000000005457,1.0,88.43500000000003,True,112.582,201.01700000000002,77.34200000000001,-11.093000000000018,0.010383866727352142,0.0189697265625,16230.739964887262,20161.83274093146,0.0006163291115275976,30431.25,24550.437289166875,2.0002690093857924,4.045872334904824,3.9895580637025576,14.293729953920083,9.743129163260537,13.485649330476686,47.8861526083082
190.086,190.118,USV_241,0.031999999999982265,1.0,88.43500000000003,True,112.582,201.01700000000002,77.50400000000002,-10.931000000000012,0.012053237296640873,0.029139927455357144,14891.824367809744,15758.458016654215,7.457982496828983e-05,30080.35714285714,17326.99171255851,1.95984332962007,8.188670378843515,5.050174914178606,15.336717578170141,11.904321915893123,16.222881018469103,54.70107692572242
191.0,191.017,USV_242,0.016999999999995907,1.0,88.43500000000003,True,112.582,201.01700000000002,78.418,-10.017000000000024,0.009247604757547379,0.0224609375,14976.823176342124,18451.831881765618,0.00014544564397320494,30760.416666666668,18644.803950237696,3.1775933751163326,5.46334792113387,4.425405377996323,12.21899284610614,10.080699330532864,15.738282680097662,45.411955680665294
191.051,191.155,USV_243,0.10400000000001342,1.0,88.43500000000003,True,112.582,201.01700000000002,78.469,-9.966000000000037,0.00901464931666851,0.024556974085365852,13711.830100131954,14433.577862528391,2.576439692038752e-05,29947.408536585364,15594.259110229104,2.2549263858037283,4.835185270917278,4.83513941886075,17.43846016505188,11.389385992773423,14.554345998981933,59.953668987484214
191.449,191.464,USV_244,0.014999999999986358,1.0,88.43500000000003,True,112.582,201.01700000000002,78.86700000000002,-9.568000000000012,0.014315568841993809,0.01837158203125,15271.538198008413,18375.481045257242,0.00015891889992080535,30726.5625,25743.44680333019,1.788509096043816,6.016825005024449,5.255155840869561,15.495432375800092,11.73774964442015,12.835829803062033,44.23307237314825
191.69,191.747,USV_245,0.05700000000001637,1.0,88.43500000000003,True,112.582,201.01700000000002,79.108,-9.327000000000027,0.011503051035106182,0.023335774739583332,15188.30777989311,15230.97450254941,8.182584726827058e-05,29496.09375,17970.860001672485,2.3137993929595333,4.597802586985346,5.604432257896501,17.051889181484004,11.790285761747105,13.50081119667542,57.419081156973505
193.179,193.19,USV_246,0.01099999999999568,1.0,88.43500000000003,True,112.582,201.01700000000002,80.59700000000001,-7.838000000000022,0.009481275454163551,0.031290690104166664,18707.205252531334,22039.196274070742,0.0009163240936981366,31625.0,24961.373487113557,2.7481610136801806,4.799501495195842,3.777909001285837,12.398509197434493,8.94835682883681,14.225430923730316,44.6358722176702
194.29,194.327,USV_247,0.03700000000000614,1.0,88.43500000000003,True,112.582,201.01700000000002,81.708,-6.727000000000032,0.00740032410249114,0.02325439453125,14401.520299510457,14726.390384773782,2.9209095336981698e-05,30925.78125,19008.41845135768,1.7268648422693582,4.897254582152214,4.6924542781135345,16.396384448877548,10.80119447253191,16.232066527242402,56.75844020682353
194.434,194.482,USV_248,0.04800000000000182,1.0,88.43500000000003,True,112.582,201.01700000000002,81.852,-6.583000000000027,0.011458401568233967,0.01290283203125,13180.595913259243,17004.08354476268,9.39348245292662e-05,30210.9375,23301.681280236742,2.5483681951767276,3.9466768649028245,4.773320405164097,15.877716839803565,8.829227911492119,13.561490192483689,53.36935466851668
194.911,194.996,USV_249,0.08500000000000796,1.0,88.43500000000003,True,112.582,201.01700000000002,82.32900000000001,-6.106000000000023,0.008939235471189022,0.022970760569852942,14098.946910777708,15505.951726794403,8.874657745719909e-05,30727.941176470587,23761.89510925833,2.602708123664181,4.219648766767285,4.507072830797109,16.722377164079305,11.515646285087646,15.233448583215567,57.05543052966994
195.15,195.185,USV_250,0.03499999999999659,1.0,88.43500000000003,True,112.582,201.01700000000002,82.56800000000001,-5.867000000000019,0.010285002179443836,0.02294921875,15148.870412924618,16357.535729264217,0.00014580549116646578,30525.0,17888.151937134888,2.408476815089929,3.9243026955556926,5.030864963182542,15.265095259243715,11.257770213888458,14.384341771441285,54.89698558967596
195.283,195.297,USV_251,0.014000000000010004,1.0,88.43500000000003,True,112.582,201.01700000000002,82.701,-5.734000000000037,0.008353695273399353,0.028106689453125,16140.068031693449,17140.100195925526,0.00011634692800902172,30750.0,16405.42699495097,3.5643693777666523,5.308034566685051,7.813349230689456,17.385943435900533,11.019120927168622,14.440779970776463,48.09619431645079
195.347,195.425,USV_252,0.07800000000000296,1.0,88.43500000000003,True,112.582,201.01700000000002,82.76500000000001,-5.670000000000016,0.01498651783913374,0.0190582275390625,13646.139120623146,14927.75870820603,0.00020600419354185483,29692.3828125,23989.430146725434,2.344861653153986,6.605458631361442,5.661674462753614,17.84540193816862,11.790829873318412,14.541265462110992,56.78645564763087
195.459,195.55,USV_253,0.09100000000000819,1.0,88.43500000000003,True,112.582,201.01700000000002,82.87700000000001,-5.558000000000021,0.01009438093751669,0.026789484797297296,15588.964509857196,15682.315219940869,7.22908081664688e-05,31697.635135135137,23437.948302705256,2.3767098791454333,4.783065258150407,5.421362291447482,16.69439176437057,10.991822614799428,13.92475249765419,57.97802731831426
196.622,196.657,USV_254,0.03499999999999659,1.0,88.43500000000003,True,112.582,201.01700000000002,84.04000000000002,-4.39500000000001,0.007490705233067274,0.032877604166666664,15007.416719370372,15980.979992686527,0.00015051115420335704,31012.5,18681.957388305265,1.3765413177186558,5.353113819939065,3.958083965784192,16.919868802181774,11.04525393050485,13.809008760760742,56.062566087464766
196.681,196.753,USV_255,0.0719999999999743,1.0,88.43500000000003,True,112.582,201.01700000000002,84.09900000000002,-4.336000000000013,0.01032239105552435,0.017241379310344827,14209.49836643645,13603.294809758294,2.522416060130992e-05,29311.422413793105,17272.059701327133,2.661490476748037,2.7651208223820833,5.619496225983755,18.468238352592465,11.142409972658243,15.103610000068421,60.756640149949675
197.56,197.574,USV_256,0.014000000000010004,1.0,88.43500000000003,True,112.582,201.01700000000002,84.97800000000001,-3.457000000000022,0.014426181092858315,0.00018310546875,15051.513904065441,23874.064699986033,0.0003630157110737926,32203.125,25402.08327571548,2.3174022672361287,2.956472288668368,6.958312439394227,11.910392631868152,8.534801348773499,12.96325822998516,40.437764241394106
198.58,198.639,USV_257,0.0589999999999975,1.0,88.43500000000003,True,112.582,201.01700000000002,85.99800000000002,-2.437000000000012,0.009984967298805714,0.015869140625,14674.773434682904,15923.730959124417,0.0003447935914596867,30093.75,23908.77608065422,2.5028058895008294,3.4109224444195827,4.582059253133404,14.512216266012345,11.391772788663468,15.037965775290544,58.28689007137083
198.672,198.759,USV_258,0.08699999999998909,1.0,88.43500000000003,True,112.582,201.01700000000002,86.09,-2.3450000000000273,0.01059247087687254,0.020751953125,14551.164666074676,14102.714204248436,3.230348263522218e-05,29598.214285714286,17781.65336377613,2.4060412329256753,4.5116653558759054,5.658269823624694,17.551641987929848,11.572917716428625,14.76021018978917,60.133902441598934
199.006,199.126,USV_259,0.12000000000000455,1.0,88.43500000000003,True,112.582,201.01700000000002,86.424,-2.011000000000024,0.009731658734381199,0.0223882147606383,15421.879566932654,15111.134652629687,0.00016546084408490712,32196.143617021276,22172.401767933916,3.012879564672033,3.559517485852195,6.023118285937129,16.421472936141225,12.06070514484704,15.264162342294425,59.69655664104025
199.208,199.258,USV_260,0.05000000000001137,1.0,88.43500000000003,True,112.582,201.01700000000002,86.626,-1.809000000000026,0.010434430092573166,0.016031901041666668,14432.963915436556,15787.403985523915,6.410776352146194e-05,30638.39285714286,22363.30917702975,1.5873284774035443,5.35263617199253,4.437043907030913,15.685775024524398,11.71769353973559,15.854645229309885,55.21730861363945
199.5,199.511,USV_261,0.01099999999999568,1.0,88.43500000000003,True,112.582,201.01700000000002,86.918,-1.5170000000000243,0.007282624486833811,0.021931966145833332,16002.416415009235,17392.728644293653,0.000216945817848931,30843.75,17195.684555234726,2.469684934689393,2.924991072454017,4.106364560609671,19.32692767067984,9.788334077731808,16.708072091017318,45.90513301379997
199.787,199.907,USV_262,0.12000000000000455,1.0,88.43500000000003,True,112.582,201.01700000000002,87.20500000000001,-1.2300000000000182,0.01769402250647545,0.051565616688829786,17295.457642237252,12647.009684707025,8.043426606424661e-05,29355.718085106382,21550.442768489233,2.3128216309264884,2.6954426841453736,5.496374304478663,16.914520789580617,10.80579459828464,14.73504299015591,64.93551668775537
199.958,199.999,USV_263,0.04099999999999682,1.0,88.43500000000003,True,112.582,201.01700000000002,87.376,-1.059000000000026,0.012663670815527439,0.01708984375,14667.303679929053,16049.516066076738,0.00015602122473734552,29520.833333333332,18349.59049891484,1.925041410007089,6.873924942542248,5.506328176455353,14.314498906966245,11.417516831489706,14.238213328010557,54.006129152267626
200.144,200.175,USV_264,0.03100000000000591,1.0,88.43500000000003,True,112.582,201.01700000000002,87.56200000000001,-0.8730000000000189,0.01172853447496891,0.014003208705357142,14008.676614969507,18479.93234422293,0.00013178397803726322,30321.428571428572,22217.60656805645,2.2022926694817655,6.974854657400053,4.798932268902803,15.67812567981768,9.033897402318447,13.553292356137703,49.477123575986994
200.284,200.32,USV_265,0.036000000000001364,1.0,88.43500000000003,True,112.582,201.01700000000002,87.702,-0.7330000000000325,0.010096922516822815,0.0208740234375,14516.950000269817,16351.52185799024,8.259292805007276e-05,29695.3125,19207.267849317497,2.7791786069752273,7.244695927443787,5.812224040382348,15.10300221018507,10.521159670695937,14.336500512253199,54.124858419766156
200.378,200.387,USV_266,0.009000000000014552,1.0,88.43500000000003,True,112.582,201.01700000000002,87.79599999999999,-0.6390000000000384,0.012811950407922268,0.011637369791666666,14173.918287745611,19022.85725689343,8.440860733767106e-05,28765.625,19090.213216606786,1.2602922808293762,7.10056274588046,5.354465903060931,14.083971965672056,8.519007195931367,9.875612442405814,38.6055947364462
200.454,200.473,USV_267,0.019000000000005457,1.0,88.43500000000003,True,112.582,201.01700000000002,87.87200000000001,-0.5630000000000166,0.011596743948757648,0.0017578125,14445.270871053857,18447.370525269136,0.00014941416934930411,29531.25,17460.221208869985,2.3815671830142398,2.719873024454158,4.5368838716818285,13.999363467781953,10.459517045971877,13.274053600277309,47.12866064487394
200.529,200.575,USV_268,0.04599999999999227,1.0,88.43500000000003,True,112.582,201.01700000000002,87.947,-0.48800000000002797,0.007506159134209156,0.02962646484375,15823.43728208316,16278.056798232432,0.00031912928082003403,31823.4375,16090.36960132245,2.077983787296323,4.924410057788433,5.202286690719582,14.372893416659736,11.333419572893217,14.402305362143716,55.17655342392199
200.608,200.653,USV_269,0.044999999999987494,1.0,88.43500000000003,True,112.582,201.01700000000002,88.02600000000001,-0.40900000000002024,0.009742800146341324,0.013222142269736841,14539.525587669212,17165.14064448699,0.0003812071348921555,31179.276315789473,16379.74103873936,2.65251779120783,3.5803129966006906,5.0146570426395005,15.398351053510703,10.396761055766667,14.588200130753107,54.128224599229654
200.685,200.713,USV_270,0.027999999999991587,1.0,88.43500000000003,True,112.582,201.01700000000002,88.10300000000001,-0.33200000000002206,0.01032718364149332,0.020169771634615384,14365.163848290296,13346.862833699812,1.1947084062180362e-05,29091.346153846152,15804.296887266506,2.23797863528144,4.8469635740194645,6.0474735708238745,18.724892645059526,10.464761478280646,15.723339203660618,57.38409261015218
200.773,200.799,USV_271,0.02600000000001046,1.0,88.43500000000003,True,112.582,201.01700000000002,88.191,-0.2440000000000282,0.005783917848020792,0.040303548177083336,16746.708611788006,15216.139348045108,0.00030292755576086277,31226.5625,16104.77866744219,1.6841779441737856,3.6049640711808846,6.706074534882721,16.69636381367926,11.24201174340739,14.815835014796837,55.849986791264165
200.959,200.981,USV_272,0.02199999999999136,1.0,88.43500000000003,True,112.582,201.01700000000002,88.37700000000001,-0.058000000000021146,0.007588960696011782,0.025013316761363636,16852.043902190464,16730.742203974143,0.0004545609248176405,31363.636363636364,18927.988518075166,2.6353836816136225,4.620593359281595,5.729274891846564,16.591483908083735,9.43745369115128,12.433044715934502,51.92074497682947
201.638,201.679,USV_273,0.04099999999999682,1.0,88.43500000000003,False,112.582,201.01700000000002,89.05600000000001,0.6209999999999809,0.014856689609587193,0.014716254340277778,11145.114615096154,16197.255838692603,0.00023477946665531824,27260.416666666668,32986.243673905425,2.618022756907243,2.820126201548157,6.2687126979616155,17.180336146174703,13.676268122928647,16.380405344306684,53.3285815895412
201.919,201.959,USV_274,0.03999999999999204,1.0,88.43500000000003,False,112.582,201.01700000000002,89.33700000000002,0.9019999999999868,0.009025432169437408,0.024528952205882353,15221.551917509689,15627.640980626238,3.7325603403571255e-05,30904.41176470588,20467.50398352883,2.968052529129247,5.067560562186035,5.444903242901383,18.464134007847044,11.107931817039018,13.959615959481377,53.36704707830345
201.999,202.06,USV_275,0.06100000000000705,1.0,88.43500000000003,False,112.582,201.01700000000002,89.417,0.9819999999999709,0.009755375795066357,0.01599609375,14453.54203139415,15507.37699515024,9.046920635512867e-05,30997.5,22498.8467882781,2.560408714516468,4.35122034229336,5.745170512249013,14.958383210431967,10.934848618563963,14.301869507419575,56.17338506918282
202.091,202.102,USV_276,0.01099999999999568,1.0,88.43500000000003,False,112.582,201.01700000000002,89.50900000000001,1.0739999999999839,0.00955228041857481,0.007486979166666667,16188.022515294078,21781.973007409113,0.00036913820766555665,32343.75,22901.590611129985,2.3660353032741743,2.845536499143817,4.151406335131333,13.716973945044161,9.501390653568274,15.079011938488465,42.08712068775238
202.149,202.211,USV_277,0.06200000000001182,1.0,88.43500000000003,False,112.582,201.01700000000002,89.56700000000001,1.1319999999999766,0.0063758669421076775,0.031991811899038464,16379.839776220218,16242.206022920333,5.593568469860079e-05,32574.51923076923,22835.556967385714,1.8192617887415148,3.899390214730124,6.554250477153003,15.694534938745761,11.922884428303709,14.909882862847052,56.34479646725553
202.255,202.388,USV_278,0.13300000000000978,1.0,88.43500000000003,False,112.582,201.01700000000002,89.673,1.2379999999999711,0.01064065471291542,0.02057823768028846,15135.010550070343,14205.274030558874,3.034283176068544e-05,30324.51923076923,20349.607055060234,2.5028722278304225,3.9049449998176273,5.342164562921553,17.46408680033842,11.372901068133821,15.053327973258265,60.511437481792456
202.474,202.501,USV_279,0.027000000000015234,1.0,88.43500000000003,False,112.582,201.01700000000002,89.892,1.4569999999999652,0.008818901143968105,0.020301231971153848,15616.547769740338,19583.98771811971,0.0002997100357250323,33028.846153846156,28750.34373779717,2.339073101274653,6.746805489810594,3.975582148477417,13.525655024830483,7.48042788778257,11.909094356319692,50.07511558960003
203.703,203.775,USV_280,0.07200000000000273,1.0,88.43500000000003,False,112.582,201.01700000000002,91.12100000000001,2.6859999999999786,0.00752284936606884,0.025786301185344827,16035.397475391854,16457.505225110173,8.300187198186933e-05,32922.41379310345,22519.285638428628,2.4686306918821392,3.9735209157533022,4.335983787493933,16.128736094052833,12.057636490488726,13.409699845883326,56.74932872049738
203.883,203.97,USV_281,0.08699999999998909,1.0,88.43500000000003,False,112.582,201.01700000000002,91.30100000000002,2.8659999999999854,0.009611696004867554,0.017466517857142858,14305.368722826426,15720.912973411983,0.00014516027650031938,31465.178571428572,27318.252665545628,2.7762674082495247,3.825246747748489,6.2913521579966325,16.716861295517713,12.38079868967997,15.607135998366525,56.15814194938954
204.121,204.13,USV_282,0.00899999999998613,1.0,88.43500000000003,False,112.582,201.01700000000002,91.53900000000002,3.103999999999985,0.007263351697474718,0.019816080729166668,17128.726100131382,20696.91207217671,0.00046220278951386107,31781.25,17134.621812349622,3.177235818699708,4.586410506950024,3.3588777790403355,13.981887486124231,10.597152981032142,13.699724732595078,38.01490293649281
204.239,204.267,USV_283,0.027999999999991587,1.0,88.43500000000003,False,112.582,201.01700000000002,91.65700000000001,3.22199999999998,0.010078925639390945,0.019981971153846152,15112.537347554397,19088.089614597848,0.0003260172655965394,31882.21153846154,22967.791538988473,2.0878563674153248,5.1089525698178795,5.29968299505314,16.877100086055467,10.073094045302556,14.333137742424023,49.52934611221228
206.13400000000001,206.173,USV_284,0.03899999999998727,1.0,88.43500000000003,False,112.582,201.01700000000002,93.55200000000002,5.11699999999999,0.006772030144929886,0.027444278492647058,16824.29729371768,17320.820265573835,0.0005435505603478413,32647.058823529413,27117.954032772785,3.9608700060708353,4.823355683450696,5.39276772365656,16.183956045164607,12.179106793356297,16.283981709651744,54.52721737360363
206.359,206.403,USV_285,0.04399999999998272,1.0,88.43500000000003,False,112.582,201.01700000000002,93.77700000000002,5.3419999999999845,0.009289546869695187,0.019839638157894735,15682.552164183571,15554.514962203237,5.383297656270205e-05,31490.13157894737,25422.92998281654,3.268315392313619,3.966702340067382,6.733437197843834,18.96355875070065,11.413629893843876,14.79846242031911,56.83198568920903
206.945,207.024,USV_286,0.07900000000000773,1.0,88.43500000000003,False,112.582,201.01700000000002,94.363,5.927999999999969,0.010070168413221836,0.0125885009765625,13420.430474554403,14968.332691929405,3.2950698578077703e-05,30612.3046875,25061.073824739935,2.5776291348663705,4.936653601609576,5.078707255653019,17.694404376657623,11.805818515101,15.133236517488083,58.44946317411352
207.17,207.178,USV_287,0.008000000000009777,1.0,88.43500000000003,False,112.582,201.01700000000002,94.588,6.152999999999963,0.008240940049290657,0.012939453125,17382.48709230152,23124.85395969322,0.0007604038747656127,32456.25,25204.0993365916,5.4139393046307,6.76792874518812,4.689138586622838,13.913834734888692,11.229402185330002,12.784443826632652,32.70187326311896
207.669,207.683,USV_288,0.013999999999981583,1.0,88.43500000000003,False,112.582,201.01700000000002,95.08700000000002,6.651999999999987,0.008721807971596718,0.015594482421875,17011.03638615573,22474.586453711825,0.0007018242180445771,33656.25,29060.78532437911,3.3086424635121983,4.761084485170567,5.106123376856951,15.391494955687307,9.653540209860099,13.70392310960438,41.348142250525115
207.725,207.861,USV_289,0.13599999999999568,1.0,88.43500000000003,False,112.582,201.01700000000002,95.143,6.70799999999997,0.010764396749436855,0.01457473466981132,14008.701042393752,15163.363627531322,5.647874823260664e-05,31073.70283018868,21750.282461400944,2.502994285444443,4.688173408623854,4.8501196143521,16.545494107367368,11.436809680430871,14.499168956831028,59.35083657171428
208.122,208.143,USV_290,0.020999999999986585,1.0,88.43500000000003,False,112.582,201.01700000000002,95.54000000000002,7.10499999999999,0.008912593126296997,0.032470703125,16370.620995769326,15274.846309374334,0.00021032650306689106,32343.75,25384.23543207994,1.1275688610288808,6.150351479336604,6.279955694832136,13.704866319457262,11.995296617520046,13.99850331686118,54.15596707689582
208.643,208.654,USV_291,0.01099999999999568,1.0,88.43500000000003,False,112.582,201.01700000000002,96.061,7.625999999999976,0.011787894181907177,0.0140380859375,16536.5984687654,23012.771609636144,0.001737308400315796,35484.375,24610.460700080916,2.2276916887467046,5.996731541725572,4.967581660633509,14.010298220604284,11.036115387488039,15.368557948514296,40.098757278396064
208.69,208.74,USV_292,0.05000000000001137,1.0,88.43500000000003,False,112.582,201.01700000000002,96.108,7.672999999999973,0.011141510680317879,0.016496930803571428,13978.044617949556,16392.45146668101,7.093010458933655e-05,30758.928571428572,22410.26023579284,1.3532781577226634,7.8268971830691525,5.367361452223612,15.923848061570622,11.6425904076524,15.317765588079954,54.65171854702131
208.971,209.051,USV_293,0.07999999999998408,1.0,88.43500000000003,False,112.582,201.01700000000002,96.38900000000001,7.953999999999979,0.010159362107515335,0.01447296142578125,13826.872382864938,14912.47569162121,3.462276990199283e-05,30260.7421875,18037.500709391283,2.1505975442970735,4.843198001090633,5.9712704369224525,18.84751199396987,12.716983752793013,13.930326798948371,58.11118202132678
209.102,209.126,USV_294,0.02400000000000091,1.0,88.43500000000003,False,112.582,201.01700000000002,96.52000000000001,8.08499999999998,0.009237387217581272,0.018821022727272728,15719.989686369197,17591.173436475638,0.0006293582624999289,31857.954545454544,22552.70015664885,2.24239272816765,5.314946439734476,6.781178399449735,17.953967680915795,10.476606205352958,16.510102316374,50.218595947948366
209.179,209.212,USV_295,0.03299999999998704,1.0,88.43500000000003,False,112.582,201.01700000000002,96.59700000000001,8.161999999999978,0.009497280232608318,0.028548177083333334,14824.899234159675,17163.0100915284,7.071154031922999e-05,30956.25,21254.253222096097,2.6679722561032198,5.49791571635366,6.193783456181114,15.284262466916383,9.941321834092358,15.092160120722195,51.59489013834192
209.268,209.288,USV_296,0.020000000000010232,1.0,88.43500000000003,False,112.582,201.01700000000002,96.686,8.250999999999976,0.009494148194789886,0.020751953125,16922.441867448957,20484.35903082735,0.0008987059768710918,32671.875,20441.69941402629,2.444930164372591,5.356916861349859,5.055350065941708,13.63296664030876,8.59199319693502,12.440260458366613,45.88894784519101
209.34,209.359,USV_297,0.019000000000005457,1.0,88.43500000000003,False,112.582,201.01700000000002,96.75800000000001,8.322999999999979,0.006916622631251812,0.0179931640625,17118.696094711348,20050.93253189191,0.0006123981982196772,32746.875,19556.245966047187,2.8444739129259426,3.7499396658120765,5.042876282326572,14.454925130457784,9.72216102261085,13.525639112297625,47.93906034689659
209.652,209.664,USV_298,0.012000000000000455,1.0,88.43500000000003,False,112.582,201.01700000000002,97.07,8.634999999999962,0.008373580873012543,0.008649553571428572,17673.728785545725,22471.328531198546,0.0005619978044475016,32303.571428571428,17703.757682989315,2.3338590079205384,4.379436066128486,5.328746557914239,12.25024246760758,10.215066951300425,11.050811163958615,40.20484528401355
209.712,209.744,USV_299,0.03200000000001069,1.0,88.43500000000003,False,112.582,201.01700000000002,97.13,8.694999999999965,0.011056561954319477,0.016287667410714284,14025.460085917217,16096.025337449508,0.0003160675787376462,30154.01785714286,20924.026758986907,2.5057035011971087,4.302571567681508,5.348689550911258,18.814560193912037,10.600242819505782,14.595352308303742,52.40564771191457
209.808,209.819,USV_300,0.01099999999999568,1.0,88.43500000000003,False,112.582,201.01700000000002,97.226,8.790999999999968,0.006343962624669075,0.028605143229166668,18954.315238875224,19842.80862928268,0.0006366666780955073,33093.75,19908.392924947442,2.7701858492868054,2.463423776054695,3.9732850732238894,14.637070480587981,9.201361259173673,13.701797161315213,46.01068120520705
209.889,209.92,USV_301,0.03099999999997749,1.0,88.43500000000003,False,112.582,201.01700000000002,97.30700000000002,8.871999999999986,0.011095860973000526,0.013689313616071428,14333.890623960502,17014.043951245498,0.00019777205650910236,30857.14285714286,17930.17723330177,2.6547675496295757,3.8944702632470425,4.88466571507775,11.796886368435503,11.930970124810083,12.388758242826565,51.57462758543268
209.968,209.988,USV_302,0.020000000000010232,1.0,88.43500000000003,False,112.582,201.01700000000002,97.386,8.950999999999965,0.0061378031969070435,0.0246337890625,16714.998167094687,17317.740084300778,0.00034599774280973556,32231.25,15812.502072115807,3.4010550017489947,3.946073665534036,4.449657565292916,12.464818122034885,11.316352572529105,15.181430214490797,49.8181637320403
210.06,210.079,USV_303,0.019000000000005457,1.0,88.43500000000003,False,112.582,201.01700000000002,97.47800000000001,9.042999999999978,0.008574721403419971,0.0131591796875,16091.195054207037,20405.08457283215,0.0006884696703704035,32043.75,16125.211411935079,2.1524392037251205,5.220861095557992,4.38136699089682,11.609699946269048,10.532310618147793,15.101004935702367,46.64715302743561
210.138,210.154,USV_304,0.015999999999991132,1.0,88.43500000000003,False,112.582,201.01700000000002,97.55600000000001,9.120999999999981,0.009407484903931618,0.018951416015625,14967.615938410268,18480.562578262983,0.00020124348350407514,30644.53125,22645.109151831755,1.1319141572393474,5.430818382626136,5.871166791656771,15.130608878630733,10.165444161081478,14.80379981428259,44.70923393406537
210.405,210.432,USV_305,0.026999999999986812,1.0,88.43500000000003,False,112.582,201.01700000000002,97.82300000000001,9.387999999999977,0.010942112654447556,0.014729817708333334,13698.355858848388,15637.835609027652,1.7622284850466807e-05,30265.625,28166.61124166848,1.8104514824021063,6.399496189218777,5.701193599061895,18.450289970367688,11.681604010685456,13.488406618946684,53.88979543517983
210.565,210.585,USV_306,0.020000000000010232,1.0,88.43500000000003,False,112.582,201.01700000000002,97.983,9.547999999999973,0.009977172128856182,0.0255615234375,17702.536356540986,20255.22335242291,0.0002907344729231572,32971.875,27069.825780109717,1.764619781609742,5.321147372642945,5.245224844107487,14.423075092513804,11.040376204138717,13.173427206431152,47.029214465591295
211.089,211.138,USV_307,0.049000000000006594,1.0,88.43500000000003,False,112.582,201.01700000000002,98.507,10.071999999999974,0.01106193382292986,0.022088913690476192,14243.435303768816,16916.267729864565,0.00011968405857253701,31433.035714285714,28204.283337168923,1.7155191758198376,7.614821236515741,5.396935846653143,17.81206350074513,11.277479181695199,16.255340418942442,54.11273798036516
211.311,211.329,USV_308,0.018000000000000682,1.0,88.43500000000003,False,112.582,201.01700000000002,98.72900000000001,10.293999999999983,0.012565427459776402,0.014838324652777778,13026.275016304608,17344.675430628038,7.928864377109446e-05,29750.0,24839.631549072776,1.3613703014087974,7.560430140764288,5.434024696018476,17.51780965609258,11.47841495077555,15.324821993147626,44.7958148136305
211.497,211.537,USV_309,0.03999999999999204,1.0,88.43500000000003,False,112.582,201.01700000000002,98.91500000000002,10.47999999999999,0.009220220148563385,0.025290096507352942,15224.193433868728,16969.863299497418,0.0001221117506069764,32123.16176470588,24186.312705154065,2.2883821778170215,6.850758952415892,6.0330152274846585,16.160049266216667,10.887088633795084,14.666404623782979,53.672840800327414
212.013,212.154,USV_310,0.14099999999999113,1.0,88.43500000000003,False,112.582,201.01700000000002,99.43100000000001,10.995999999999981,0.010439111851155758,0.020991654829545455,14213.591482217562,14589.214134718139,7.484705884104152e-05,30507.954545454544,19989.987750331395,2.1484015945704686,5.0256203579425005,5.778464909250483,16.939018700741542,12.23600637104593,15.125176990187498,59.57711461081511
212.274,212.331,USV_311,0.05699999999998795,1.0,88.43500000000003,False,112.582,201.01700000000002,99.69200000000001,11.256999999999977,0.00933365523815155,0.034271240234375,15666.785870479189,13977.295954573377,0.00011556891563138667,29875.0,19744.38050693281,2.4838869991712387,2.42695521674678,4.557961028513755,16.874082131490344,12.381195812147537,14.33984893926394,59.70330498790528
212.577,212.611,USV_312,0.033999999999991815,1.0,88.43500000000003,False,112.582,201.01700000000002,99.995,11.559999999999974,0.01075438316911459,0.018115234375,15142.887930857969,18435.115285606014,0.0004158359170495228,32143.75,26507.697861274333,2.1470317250385915,5.709947698444229,5.258012516957454,16.249170451443707,10.276582786811138,15.074207897877447,51.38585199617866
212.647,212.699,USV_313,0.05200000000002092,1.0,88.43500000000003,False,112.582,201.01700000000002,100.065,11.629999999999967,0.01164907868951559,0.034712357954545456,16981.209494606635,14731.211596437324,6.80640729457613e-05,32139.204545454544,21474.867343525566,2.518882205545536,4.782917725157947,4.49440072098648,15.64671293488011,11.338194603761583,14.989182837109917,58.51013695199572
212.91,212.96,USV_314,0.05000000000001137,1.0,88.43500000000003,False,112.582,201.01700000000002,100.328,11.892999999999972,0.008243483491241932,0.020310174851190476,16359.184664835027,17167.39663704767,0.000194688593150699,33678.57142857143,28588.178534774685,3.2277525584968085,5.363983372421223,4.536109221372953,16.16228791879766,10.274729858344111,13.994522925926782,55.9436387786987
213.269,213.286,USV_315,0.016999999999995907,1.0,88.43500000000003,False,112.582,201.01700000000002,100.68700000000001,12.251999999999981,0.009599159471690655,0.030680338541666668,16416.133789837597,13697.002898169523,2.7931524675109336e-05,29562.5,25086.483818419845,0.9744320487949256,4.107886568372819,3.0502522811830777,15.845344872356101,10.008769033929813,13.774735106218408,53.030993057954696
214.26,214.282,USV_316,0.02200000000001978,1.0,88.43500000000003,False,112.582,201.01700000000002,101.678,13.242999999999967,0.01002015732228756,0.010875355113636364,16079.192150570334,21057.551010842486,0.00043721083962673207,33196.02272727273,28414.64594561049,1.9351014215000903,2.0354399870009865,6.203615891273065,11.02935438528952,9.773994257743015,13.221325697735887,46.980133548443334
214.318,214.328,USV_317,0.009999999999990905,1.0,88.43500000000003,False,112.582,201.01700000000002,101.73600000000002,13.300999999999988,0.00854887068271637,0.010986328125,18867.95363045875,20925.86629199095,0.0002895744537661559,33812.5,27718.174857584163,2.298565747337325,4.790423183609453,5.198508221913619,17.64745533234448,10.98768412720964,16.70984255901738,38.85948882561129
214.627,214.68,USV_318,0.05299999999999727,1.0,88.43500000000003,False,112.582,201.01700000000002,102.04500000000002,13.609999999999985,0.008708748035132885,0.016612659801136364,14691.866234586169,16889.640977185907,0.00019176374497550683,31960.227272727272,22431.73609460275,2.654880625589467,4.811922923270715,6.231806517799845,18.259190684405617,11.107490704905674,15.279259872781285,54.801916058306965
214.74,214.787,USV_319,0.046999999999997044,1.0,88.43500000000003,False,112.582,201.01700000000002,102.15800000000002,13.722999999999985,0.007608384825289249,0.0315185546875,16733.797611507045,16027.31314790966,0.00012059924095957441,32179.6875,23488.97091983829,3.0245302849647624,4.076253782900778,6.106869716625226,17.81776117178877,11.135257045355251,13.620253133359716,55.54569423492609
214.996,215.041,USV_320,0.044999999999987494,1.0,88.43500000000003,False,112.582,201.01700000000002,102.41400000000002,13.978999999999985,0.010509864427149296,0.021227384868421052,14677.906981292772,17752.266608327645,0.00046110780499137894,32472.03947368421,19428.956385657824,2.4568017645048026,6.2219057043903145,5.630607244678272,15.23774882990051,10.211262446673153,14.689912708160657,53.00362526450228
215.114,215.175,USV_321,0.06100000000000705,1.0,88.43500000000003,False,112.582,201.01700000000002,102.53200000000001,14.09699999999998,0.009247340261936188,0.0266796875,15929.334296672512,16266.343042455836,0.00029296266842103073,32040.0,25985.820800600537,2.783433850871594,5.86711481847933,4.847090842444322,15.822698261427353,10.134901885369787,14.525955858023636,56.346899152632766
215.214,215.222,USV_322,0.008000000000009777,1.0,88.43500000000003,False,112.582,201.01700000000002,102.632,14.196999999999974,0.009827143512666225,0.0134765625,18630.46423985283,25774.96645999675,0.0005971679047761228,34687.5,27423.427430584772,2.550867732575552,5.287272547982299,5.783770900656792,9.23340571649094,10.349428988766132,14.682083566393757,31.554446213856316
215.257,215.323,USV_323,0.0660000000000025,1.0,88.43500000000003,False,112.582,201.01700000000002,102.67500000000001,14.23999999999998,0.00905054435133934,0.025634765625,15331.906579458815,15990.318195449277,8.277978236745695e-05,31559.027777777777,22561.07147765082,1.9613589212962166,6.81596126144143,5.415206408494282,14.971233842471213,11.440811160371043,16.123951493543345,56.651148041616814
215.442,215.523,USV_324,0.08099999999998886,1.0,88.43500000000003,False,112.582,201.01700000000002,102.86000000000001,14.424999999999983,0.009116245433688164,0.019590435606060608,15446.144598973953,15508.727694647056,0.00011610912036607106,31389.204545454544,22434.303759648174,2.611554597779294,4.345749728036995,6.301337216145562,17.95598783224657,11.853503998293109,13.645206218348614,58.73415928820333
215.561,215.57,USV_325,0.00899999999998613,1.0,88.43500000000003,False,112.582,201.01700000000002,102.97900000000001,14.543999999999983,0.006651654373854399,0.0299072265625,20264.843870765213,24077.89161908759,0.002547532577791188,34390.625,16078.737013851709,2.0364147340169056,4.184122696696244,5.058365572592908,15.036893171989595,7.791490568804612,15.074585199330215,37.261834306781346
215.717,215.732,USV_326,0.014999999999986358,1.0,88.43500000000003,False,112.582,201.01700000000002,103.13500000000002,14.699999999999989,0.010725373402237892,0.02618408203125,18446.006277513072,22122.89012683872,0.0006888078597351461,34441.40625,23345.67788165839,2.16761102511862,5.378127023367294,5.328580752657752,12.336030865517275,9.63157903610433,12.648097038929532,42.547715707228846
215.85,215.876,USV_327,0.02600000000001046,1.0,88.43500000000003,False,112.582,201.01700000000002,103.268,14.83299999999997,0.010616086423397064,0.015360514322916666,13559.385690224472,16387.455376249556,4.560943944633198e-05,30757.8125,20792.93198732389,2.0871460786392775,7.606993448734862,5.072639081637678,14.103222833472294,12.100257422736655,14.931073618391595,50.87273522504382
215.947,215.957,USV_328,0.009999999999990905,1.0,88.43500000000003,False,112.582,201.01700000000002,103.36500000000001,14.929999999999978,0.009331917390227318,0.017578125,16242.55363270388,21985.097863955612,0.00041010486134941037,31515.625,14869.264905352931,2.2979718013427823,3.8761333989622897,4.100530929094524,14.14484593104469,8.685029753107898,11.433650765338863,36.60340706984082
216.022,216.059,USV_329,0.03700000000000614,1.0,88.43500000000003,False,112.582,201.01700000000002,103.44,15.004999999999967,0.007837345823645592,0.0345458984375,16044.671704748574,17067.009761336038,0.0009084572914405098,32197.265625,17019.731883275406,2.778492104495193,5.955944242567183,5.94371164735313,15.785809723836847,10.685218101295618,15.367265211549052,53.79181089930695
216.176,216.19,USV_330,0.014000000000010004,1.0,88.43500000000003,False,112.582,201.01700000000002,103.594,15.158999999999963,0.007128245197236538,0.010650634765625,15234.881202734412,17067.904428337475,0.00017383744757523112,30937.5,14826.308205400543,2.289047922180898,2.197593631107936,5.177164208366844,13.0921890199902,11.240789136581546,15.101724028913534,46.879222794455856
216.649,216.678,USV_331,0.028999999999996362,1.0,88.43500000000003,False,112.582,201.01700000000002,104.06700000000001,15.631999999999977,0.01019414234906435,0.022010216346153848,16430.972606508978,17661.233421386856,0.00023771258163316603,31896.634615384617,24306.91602951034,2.5069403729625597,4.8058532366385665,7.311055837660293,16.21578001177199,10.43685832220683,14.45024051338521,50.30607889564889
217.086,217.148,USV_332,0.0619999999999834,1.0,88.43500000000003,False,112.582,201.01700000000002,104.50400000000002,16.06899999999999,0.008358055725693703,0.02942833533653846,17090.101962400022,16252.157954518034,0.00025575204303894896,32682.69230769231,19539.000470003743,2.570787716170246,4.013001067023923,5.122765066459579,15.526079985099859,10.529075583331727,14.610199202301942,57.68100367187809
217.207,217.252,USV_333,0.045000000000015916,1.0,88.43500000000003,False,112.582,201.01700000000002,104.625,16.18999999999997,0.011073210276663303,0.009547183388157895,13223.674822001576,14831.876279918719,1.297187444813641e-05,29782.894736842107,21574.564850480634,1.8916473041808037,5.142594516264483,6.506862850422273,16.50397682363846,11.653581423160565,15.014833294056984,55.379045172480176
217.287,217.349,USV_334,0.0619999999999834,1.0,88.43500000000003,False,112.582,201.01700000000002,104.70500000000001,16.269999999999982,0.008222141303122044,0.016770582932692308,14116.584366543455,15387.843363639064,8.177305401342851e-05,30631.009615384617,19040.721004692066,2.399908011172041,4.149444128307589,5.611237355928479,17.324406833916854,11.315416384958562,13.75794483836979,58.02208910308413
218.99,219.004,USV_335,0.013999999999981583,1.0,88.43500000000003,False,112.582,201.01700000000002,106.40800000000002,17.972999999999985,0.007900449447333813,0.021270751953125,17854.577760066015,20694.9860758397,0.0005432771999176498,32906.25,25949.495854209148,3.3959034905852192,5.165269219885956,5.477815526885771,14.344038784279107,9.494480115915259,15.014175184162253,44.28907975728732
219.392,219.477,USV_336,0.08500000000000796,1.0,88.43500000000003,False,112.582,201.01700000000002,106.81,18.37499999999997,0.00830469373613596,0.022805606617647058,14810.184535251734,15320.994133834745,0.00013845892344039484,31130.514705882353,22686.996747820343,2.5317802362372417,3.8845741009235173,5.257242270910628,18.493762348095053,11.553316929594658,15.794450508807138,57.91473275217346
219.506,219.601,USV_337,0.09499999999999886,1.0,88.43500000000003,False,112.582,201.01700000000002,106.924,18.488999999999976,0.011235244572162628,0.016839278371710526,14278.315414497732,14552.160613439264,2.450445689354263e-05,30194.901315789473,21329.47691600759,2.55655906563724,2.9832314814773406,5.387198241028647,17.396282338834713,11.875963951306119,16.380410852271662,58.781784995622786
219.75,219.845,USV_338,0.09499999999999886,1.0,88.43500000000003,False,112.582,201.01700000000002,107.168,18.732999999999976,0.011150533333420753,0.0137939453125,12992.952063952594,14183.380897254665,1.0862556668501256e-05,29511.513157894737,22659.910179260834,2.15578933398973,6.287988860293196,5.1269990516379815,16.31550959491264,11.588606151152385,15.883851294295422,58.711496448654295
220.856,220.882,USV_339,0.02600000000001046,1.0,88.43500000000003,False,112.582,201.01700000000002,108.274,19.83899999999997,0.009153145365417004,0.021525065104166668,14900.889749338154,15557.069579947673,0.0006584496810827495,30101.5625,18538.272521684754,2.45570685417458,3.1736172624703767,5.300247768949373,17.74316295073401,10.34697941111556,14.102168810058847,53.04342422863209
222.195,222.334,USV_340,0.13900000000001,1.0,88.43500000000003,False,112.582,201.01700000000002,109.613,21.17799999999997,0.012662753462791443,0.019731001420454544,12150.368165937936,14353.020628850785,0.00010398770166852696,28043.18181818182,24388.495584094617,1.7341401419638696,3.474412467057997,5.7421278799541176,16.99762165038093,10.850642770292927,16.20621137226109,58.22660863873821
223.187,223.2,USV_341,0.012999999999976808,1.0,88.43500000000003,False,112.582,201.01700000000002,110.60500000000002,22.169999999999987,0.010449386201798916,0.01025390625,16476.280771257203,21652.795700452723,0.00033479455551041297,33910.71428571428,27497.322492780517,2.524279073528729,2.274410210946665,4.911841078708098,14.637293267009811,9.151432714751516,14.492059192072327,41.107091420637985
223.568,223.583,USV_342,0.014999999999986358,1.0,88.43500000000003,False,112.582,201.01700000000002,110.98600000000002,22.550999999999988,0.011276285164058208,0.014801025390625,14450.22632638408,20234.12333647927,0.0003092468638217873,32214.84375,25103.263640353252,2.028539351265211,6.040587039457083,4.216108995407742,13.578479838106539,10.44414843439587,13.947057427323987,41.83032172293633
223.738,223.849,USV_343,0.11099999999999,1.0,88.43500000000003,False,112.582,201.01700000000002,111.156,22.720999999999975,0.009501498192548752,0.030184659090909092,15417.622178370117,13733.129969949347,7.674507720843237e-05,30119.31818181818,20494.49464575881,2.0973490020498358,5.250983764039289,5.356800934484404,16.660928311095038,12.432768712818666,14.780738054642358,61.65471592748888
223.961,224.002,USV_344,0.04099999999999682,1.0,88.43500000000003,False,112.582,201.01700000000002,111.37900000000002,22.94399999999999,0.008462599478662014,0.020657009548611112,15414.141892579983,16458.672913526705,0.0002709743896523399,31072.916666666668,22116.22231736339,2.257753370930438,2.4411502653933606,4.022967692023839,14.927551803604622,10.840949073888622,13.54658140950787,54.50278257155374
224.667,224.739,USV_345,0.07200000000000273,1.0,88.43500000000003,False,112.582,201.01700000000002,112.08500000000001,23.649999999999977,0.012474874965846539,0.012939453125,12753.862112558605,15397.609916241654,0.00015733018565826357,29363.146551724138,24875.905740518483,2.776356699402218,5.123393246679289,5.167693431382313,16.08778051722419,10.286689000614103,13.75188859006261,56.02372053345347
224.77100000000002,224.83,USV_346,0.0589999999999975,1.0,88.43500000000003,False,112.582,201.01700000000002,112.18900000000002,23.75399999999999,0.010364976711571217,0.012847900390625,15007.456982665884,16987.45312525806,0.00021552679103715097,32445.3125,27723.049594358614,2.6093501391078946,3.4923961246164965,5.597885999462299,15.550104305930441,10.96972469386955,14.169857254365292,57.36067520128595
224.926,225.056,USV_347,0.13000000000002387,1.0,88.43500000000003,False,112.582,201.01700000000002,112.344,23.908999999999963,0.010764287784695625,0.018114276960784315,13629.492301106482,14886.224197191132,4.819130328775873e-05,30536.764705882353,19992.845700604852,2.329298476217132,5.229488277653598,5.172630856899512,17.018522777878925,10.865161368534869,14.18101166947381,58.576235671449574
225.157,225.256,USV_348,0.09899999999998954,1.0,88.43500000000003,False,112.582,201.01700000000002,112.57500000000002,24.139999999999986,0.010698639787733555,0.027080829326923076,15877.10261424936,14383.772133189583,0.0001518771328280127,31560.096153846152,23793.14270527964,2.809941825870192,5.240927485767354,5.353695189473307,16.487445982799116,11.38228693101355,14.683452413346977,59.95222251374809
225.477,225.486,USV_349,0.00899999999998613,1.0,88.43500000000003,False,112.582,201.01700000000002,112.89500000000001,24.45999999999998,0.012532483786344528,0.0157470703125,18444.276285526274,22595.279892710896,0.0004782169803635009,31171.875,23786.34388028661,0.4789635077958924,4.603275137700645,4.528551542894798,12.827537425863113,8.959242379786533,12.554017058990992,36.97011040753326
225.527,225.544,USV_350,0.01700000000002433,1.0,88.43500000000003,False,112.582,201.01700000000002,112.945,24.509999999999962,0.013260571286082268,0.022976345486111112,16660.6629575772,17290.45785678025,0.0002049141571780497,29406.25,18108.956083070687,2.4014579303060475,4.250520185478683,4.90626975361768,15.521624145334394,11.347360873721142,14.86320766789437,47.84556863290496
226.774,226.785,USV_351,0.01099999999999568,1.0,88.43500000000003,False,112.582,201.01700000000002,114.19200000000001,25.756999999999977,0.009841621853411198,0.027628580729166668,18608.313299922866,16736.939915304654,0.00012859781391254355,33234.375,29698.287644687818,1.553273702711138,7.29557368086607,5.4598563751245495,19.25075635734375,9.82667332140233,16.086032427876642,48.24744444691018
226.815,226.84,USV_352,0.025000000000005684,1.0,88.43500000000003,False,112.582,201.01700000000002,114.233,25.797999999999973,0.0076142181642353535,0.024393717447916668,16159.752034187617,18676.98906490066,0.000627804555982503,31976.5625,23753.521793231626,2.8250949956124054,6.169117371629238,4.582452408088895,12.125214620764067,9.396594639436977,14.99572265244189,49.43221351245867
227.212,227.241,USV_353,0.029000000000024784,1.0,88.43500000000003,False,112.582,201.01700000000002,114.63,26.194999999999965,0.00922609306871891,0.025897686298076924,18412.054240011214,17851.586015749417,0.0002660923055017837,34290.86538461538,28719.9901457816,2.6313012469902812,4.174214454441085,5.490327777668691,16.985188882646813,9.98616551528577,14.095702399876759,52.49809490838977
227.62,227.637,USV_354,0.016999999999995907,1.0,88.43500000000003,False,112.582,201.01700000000002,115.03800000000001,26.60299999999998,0.009507355280220509,0.016574435763888888,17034.20334973014,18347.433169631655,0.00011049435459060307,32364.583333333332,22313.418769131295,1.7071663840650648,6.173026001995272,5.4210818233281515,14.911820447640345,9.876974204516108,12.469807480068985,46.03534240753012
229.05,229.097,USV_355,0.046999999999997044,1.0,88.43500000000003,False,112.582,201.01700000000002,116.46800000000002,28.032999999999987,0.010645783506333828,0.01505126953125,13683.941134537406,15472.05432568116,3.8140426473766564e-05,31007.8125,25780.638583660668,2.2593100138074167,4.890012572541379,5.476095054935547,17.689829494739918,12.670156917810123,14.573446337857181,54.20619311004553
229.335,229.358,USV_356,0.022999999999996135,1.0,88.43500000000003,False,112.582,201.01700000000002,116.75300000000001,28.317999999999984,0.009283923543989658,0.025834517045454544,17487.87803358657,19699.205516982747,0.0009345918575949038,34261.36363636364,23067.615932372217,2.019175852762717,4.53672938941586,5.368277142972563,14.566882616886783,9.713748898352433,14.993824495395632,47.30406545335359
231.051,231.061,USV_357,0.010000000000019327,1.0,88.43500000000003,False,112.582,201.01700000000002,118.469,30.033999999999963,0.011272750794887543,0.025634765625,16160.100272236881,21630.54369693901,0.0005611128445810236,32593.75,30153.233619956383,2.528052436680948,5.031242969817603,4.737056935739603,10.681329565837645,8.640072387424297,14.441377952415843,36.28893821482763
231.19,231.207,USV_358,0.016999999999995907,1.0,88.43500000000003,False,112.582,201.01700000000002,118.608,30.172999999999973,0.011538040824234486,0.005805121527777778,18010.049224252954,20421.92863945587,0.00040021852496669846,34041.666666666664,28102.950862780897,2.3941023870979885,2.9170387671882603,4.301691810967961,13.803193119602398,9.99421075602393,14.957220764262567,45.98954554927247
232.066,232.139,USV_359,0.0730000000000075,1.0,88.43500000000003,False,112.582,201.01700000000002,119.48400000000001,31.048999999999978,0.009077890776097775,0.025341796875,14765.245633902117,15217.616238829785,6.031101738758859e-05,30643.75,20405.855175270288,2.5217328282322984,4.114659631686136,5.390506370858481,16.778481434491248,11.349769462802692,14.82606231939172,57.82650686447091
233.008,233.039,USV_360,0.03099999999997749,1.0,88.43500000000003,False,112.582,201.01700000000002,120.42600000000002,31.990999999999985,0.008814346045255661,0.025983537946428572,16569.044461017133,17384.698298610238,0.0001296566970102444,33616.07142857143,23728.937334718008,1.6564715217112727,7.149996692488669,5.355886273268838,16.159624562876434,10.373009800920949,14.227373662864363,52.1590019267274
233.117,233.172,USV_361,0.05500000000000682,1.0,88.43500000000003,False,112.582,201.01700000000002,120.535,32.099999999999966,0.009971462190151215,0.029095193614130436,15238.437113206459,15505.953629807356,0.00019966321328304285,31879.07608695652,25096.7188070132,3.122611946680926,5.430284363322996,5.476667356692552,14.928317871043225,10.483654957895423,13.653812181326598,57.210175516132644
233.492,233.568,USV_362,0.07600000000002183,1.0,88.43500000000003,False,112.582,201.01700000000002,120.91,32.474999999999966,0.009287821128964424,0.023185483870967742,14918.827520480603,15848.390171915393,8.456016720452929e-05,31868.951612903227,24004.49801552684,3.097811349337535,4.620136496347383,5.923402938804465,17.417752821988568,11.588076938671893,15.210255409103876,57.42339871825478
233.672,233.718,USV_363,0.04599999999999227,1.0,88.43500000000003,False,112.582,201.01700000000002,121.09,32.65499999999997,0.009311879053711891,0.0266357421875,15714.831471996886,17457.850472245802,0.00013652487663754148,31950.0,25669.32094237073,2.4311309209932532,3.561889487348394,6.178743344270205,14.827193794108515,10.511651948268147,14.455373484349476,55.349018229918855
233.842,233.871,USV_364,0.028999999999996362,1.0,88.43500000000003,False,112.582,201.01700000000002,121.26000000000002,32.82499999999999,0.01021703239530325,0.014498197115384616,13334.891815034436,15699.201364534094,4.7101068100902096e-05,30483.173076923078,25966.27625176786,1.654350094048626,6.473296369564789,5.114740559324149,15.644539863547038,10.030305228807949,16.48013955669193,51.879589468691506
238.698,238.72,USV_365,0.02199999999999136,1.0,88.43500000000003,False,112.582,201.01700000000002,126.11600000000001,37.68099999999998,0.010000242851674557,0.019997336647727272,17037.737576127198,21120.750117971216,0.0003247087735539576,34764.204545454544,32756.16337561316,2.2474190513809407,5.114361325346568,5.800669568035364,15.67738713924815,9.976549668185582,15.091636997600995,47.09147370476228
238.849,238.91,USV_366,0.06100000000000705,1.0,88.43500000000003,False,112.582,201.01700000000002,126.267,37.831999999999965,0.010655736550688744,0.0204296875,15366.932595617842,16002.05733185325,0.00015536839287757218,31440.0,26559.4550064565,2.320534971918334,6.0887647095710165,4.941072320416363,16.8574042689753,11.582050735215423,15.13165068180383,56.82639819338563
239.516,239.524,USV_367,0.008000000000009777,1.0,88.43500000000003,False,112.582,201.01700000000002,126.934,38.49899999999997,0.00707505876198411,0.019091796875,18054.499170228974,23559.983377365978,0.0006918246757953013,33168.75,19359.893808445788,2.291035206678904,1.8317785284421877,4.909129679986563,9.368794843025958,7.0660464723191705,13.767012083390465,32.36992955652355
239.572,239.6,USV_368,0.027999999999991587,1.0,88.43500000000003,False,112.582,201.01700000000002,126.99000000000001,38.55499999999998,0.008141810074448586,0.01695838341346154,15779.87673147547,17266.16693816744,0.0002738816956661894,32336.53846153846,26059.86255416278,2.3043648493965727,1.6912988107313243,4.446737194608383,17.652729256691888,10.303269967554334,13.30539905415377,52.31086611557264
241.812,241.823,USV_369,0.01099999999999568,1.0,88.43500000000003,False,112.582,201.01700000000002,129.23000000000002,40.79499999999999,0.0079095009714365,0.023193359375,15333.596064346466,18112.564305139447,0.00010477553104989083,30609.375,26462.57280041561,1.9041168472783838,7.074267421088504,4.2301123039460355,13.249115088698266,8.575069555252322,13.608812821268907,44.467406569703165
243.455,243.568,USV_370,0.11299999999999955,1.0,88.43500000000003,False,112.582,201.01700000000002,130.87300000000002,42.43799999999999,0.008487855084240437,0.02783203125,15164.607590872844,14930.941405579722,6.468883572889757e-05,30745.833333333332,23045.04164157798,2.501303491168585,3.6819575514520353,4.611294354283904,16.71088058760576,11.451251337080766,14.514409438054635,59.832856792500856
243.9,244.028,USV_371,0.1279999999999859,1.0,88.43500000000003,False,112.582,201.01700000000002,131.318,42.88299999999998,0.011875255964696407,0.0477490234375,15942.760785429738,12524.582740519028,7.629810802036081e-05,28020.0,17719.9213630195,2.5283283526468123,4.7147703418305715,4.818686703344628,17.225521419434234,12.002979843160624,14.292377881843873,64.64055277357838
245.188,245.247,USV_372,0.05900000000002592,1.0,88.43500000000003,False,112.582,201.01700000000002,132.606,44.170999999999964,0.009339574724435806,0.02609375,15674.497966217881,16163.43710700914,9.833791686413188e-05,32246.25,23689.89325997272,1.1358375863075876,6.624766790271987,5.494974200680371,15.004024749809176,11.705124645771305,15.493744193135027,56.85203081941294
245.468,245.498,USV_373,0.030000000000001137,1.0,88.43500000000003,False,112.582,201.01700000000002,132.886,44.450999999999965,0.0108326505869627,0.018258231026785716,16659.438238647555,18746.71092794144,0.00032305106488119285,33910.71428571428,29344.62865019659,1.542694137339165,4.918631448384207,3.9680561985454346,13.668893655899666,10.020317686051673,14.120943535411568,51.09566610036984
245.557,245.643,USV_374,0.08600000000001273,1.0,88.43500000000003,False,112.582,201.01700000000002,132.975,44.539999999999964,0.008285229094326496,0.030189732142857143,16394.407408367286,15638.213033843862,8.142878455919568e-05,32512.5,23467.312568836634,2.3899755599250745,3.480445132775186,5.581142463470694,16.60578891368841,10.914138932209594,14.930072570028292,59.280205456474
245.786,245.814,USV_375,0.027999999999991587,1.0,88.43500000000003,False,112.582,201.01700000000002,133.204,44.76899999999998,0.008696351200342178,0.02062049278846154,16653.534738754104,19467.02333096982,0.0008747468770004517,34247.596153846156,25693.33847085517,2.5959837299665196,4.79867173690579,4.960308295289205,15.270136371827553,11.554781146155712,12.524108629526125,49.44901590675709
245.93,246.01,USV_376,0.07999999999998408,1.0,88.43500000000003,False,112.582,201.01700000000002,133.348,44.91299999999998,0.01040489412844181,0.01918792724609375,14630.918372410177,15035.355577270415,4.020731116621369e-06,32499.0234375,28735.08052638099,2.4729657715692532,4.990782271973513,5.660766974490107,17.853480852251003,11.602802990854437,14.438674533200395,58.448067497854254
246.24099999999999,246.338,USV_377,0.09700000000000841,1.0,88.43500000000003,False,112.582,201.01700000000002,133.659,45.22399999999996,0.008086277171969414,0.027375050080128204,16061.40463013278,16303.407989789941,0.00023267502671253776,32951.92307692308,26305.9692682122,2.203468189998303,5.425221508911153,5.359671613124246,16.470880327597403,12.236698483036784,15.827997133829813,58.20624078799503
246.413,246.456,USV_378,0.042999999999977945,1.0,88.43500000000003,False,112.582,201.01700000000002,133.83100000000002,45.39599999999999,0.011208785697817802,0.018608940972222224,14563.405758971228,15314.243099194324,5.806636605271773e-05,30682.291666666668,24691.692798106804,2.6795512081527217,6.6889386399904,5.139274015506576,14.995487178226306,10.35753979450894,14.710577197555775,56.87033973289943
246.52,246.547,USV_379,0.026999999999986812,1.0,88.43500000000003,False,112.582,201.01700000000002,133.93800000000002,45.502999999999986,0.006862453650683165,0.035237630208333336,16605.072173660523,14786.279772747721,0.00010905612845709138,31960.9375,22172.085077888176,2.3965785560567716,7.3070663232563335,7.014160521438669,16.819542332144604,11.687374542571083,13.42777745280317,56.48749883297356
246.622,246.669,USV_380,0.046999999999997044,1.0,88.43500000000003,False,112.582,201.01700000000002,134.04000000000002,45.60499999999999,0.010333806276321411,0.014111328125,13843.951617539093,16516.345357485316,0.00030513844725306487,30478.125,24191.34325210757,2.4920333541389548,6.9549128063150025,6.124056002183999,17.728289040912138,10.57986530629702,15.158226753763296,53.579978953362094
247.032,247.052,USV_381,0.01999999999998181,1.0,88.43500000000003,False,112.582,201.01700000000002,134.45000000000002,46.014999999999986,0.010101334191858768,0.01513671875,14446.003289942037,15975.689027486089,4.9310300259207906e-05,29859.375,19993.151750857873,2.138879744720014,5.63726087039161,6.84311243398359,16.17050531725847,12.967041067335552,14.026036600625238,50.36314890869919
247.373,247.519,USV_382,0.146000000000015,1.0,88.43500000000003,False,112.582,201.01700000000002,134.791,46.355999999999966,0.009367776103317738,0.01699133086622807,14281.017681297742,14615.1155024366,1.621074779821003e-05,31001.644736842107,24382.19733038395,2.910930694633352,6.029820073764846,5.080262077538514,17.772796975836492,11.637012894041868,15.523922613329155,60.605521646127094
247.575,247.664,USV_383,0.08899999999999864,1.0,88.43500000000003,False,112.582,201.01700000000002,134.993,46.557999999999964,0.01060995738953352,0.026279025607638888,15063.739271246825,14946.846057159108,9.02760393652218e-05,30903.645833333332,24519.97778639956,2.362791288731285,5.626801996672037,5.358763700267932,18.915850882259424,10.816881105281487,14.84196584451187,58.838424049430145
247.843,247.879,USV_384,0.036000000000001364,1.0,88.43500000000003,False,112.582,201.01700000000002,135.261,46.825999999999965,0.007671927567571402,0.033355712890625,16701.170228189716,17344.740636350405,0.00020093961407276233,33064.453125,18550.888752072977,2.130924664095316,4.003986536974471,4.322011558338298,17.896867051353926,10.960805439148396,15.7327928061131,53.29803540158696
248.518,248.618,USV_385,0.09999999999999432,1.0,88.43500000000003,False,112.582,201.01700000000002,135.936,47.500999999999976,0.010109711438417435,0.017852783203125,13529.77003363707,14664.299219470855,2.919965745158019e-05,30316.40625,26558.66410282653,2.4027748225215912,5.381062947373346,5.249460025657836,18.246844303195875,11.130582645717345,14.739420131011286,58.49167914316327
248.744,248.792,USV_386,0.04800000000000182,1.0,88.43500000000003,False,112.582,201.01700000000002,136.162,47.726999999999975,0.011610308662056923,0.0173583984375,13769.856050961414,17101.31408990466,0.00020424798404546795,31560.9375,28282.87751494451,1.794014461491873,5.966764230380443,5.726397361568647,16.62463769101559,10.914366554736551,13.640334574273755,53.58075296640406
249.775,249.784,USV_387,0.00899999999998613,1.0,88.43500000000003,False,112.582,201.01700000000002,137.193,48.75799999999998,0.011715720407664776,0.0125732421875,12798.351553878076,16948.130613817444,3.173542237133474e-05,29546.875,18597.998361923306,1.7597436259086192,7.875445760698227,7.776543579419356,16.95760511037226,10.475135399913762,13.930564595180506,39.36322172942095
250.667,250.728,USV_388,0.06100000000000705,1.0,88.43500000000003,False,112.582,201.01700000000002,138.085,49.64999999999998,0.008873610757291317,0.0194921875,15090.863910604263,16825.21229919264,0.00015054037107121984,32505.0,25895.368641526158,2.537760809880372,7.071221188999485,5.26952050451597,15.469964222240954,10.362975877000563,14.29270940863399,56.027421763484924
250.834,250.848,USV_389,0.014000000000010004,1.0,88.43500000000003,False,112.582,201.01700000000002,138.252,49.81699999999998,0.007876524701714516,0.025360107421875,16357.37044077152,19234.454880469024,0.000590146886603384,32167.96875,18237.88989905049,1.8932538955211653,6.486216039867664,4.311438303974499,12.618841686101005,9.3566695444914,15.091638423479623,44.63005321976837
251.26,251.292,USV_390,0.03200000000001069,1.0,88.43500000000003,False,112.582,201.01700000000002,138.678,50.24299999999997,0.010411180555820465,0.016775948660714284,14929.30239758895,16578.30526143866,0.00010069737746886354,30006.696428571428,19561.662413454753,1.8530756471629313,4.586200175066447,5.645570639166871,14.589717414236187,11.455201038151442,14.929721256439555,53.498335612024356
251.705,251.797,USV_391,0.09199999999998454,1.0,88.43500000000003,False,112.582,201.01700000000002,139.12300000000002,50.68799999999999,0.010288677178323269,0.014391100084459459,13967.54121428873,15325.033417190894,8.309164890327701e-05,29964.527027027027,19337.2929432997,2.5553846920248517,4.668728816186255,4.76670523449887,16.043941977704723,11.116261315076324,14.591232035744287,58.67009117182875
252.157,252.241,USV_392,0.08400000000000318,1.0,88.43500000000003,False,112.582,201.01700000000002,139.57500000000002,51.139999999999986,0.010093054734170437,0.02299230238970588,14316.674189293413,16147.594822790574,0.00019329792007112697,31072.610294117647,26173.087653911833,2.2520425446247185,4.519432764791569,5.51062596691729,19.52689079113412,11.026926824915401,15.49208516371517,57.334140146772214
252.481,252.493,USV_393,0.012000000000000455,1.0,88.43500000000003,False,112.582,201.01700000000002,139.899,51.46399999999997,0.00624619796872139,0.03700474330357143,19504.146460648142,17996.769676382643,0.000407795215308662,35263.392857142855,31876.21506945101,3.360953949551565,3.333892668176376,6.2823512200949825,17.503091534823753,12.991811922297561,14.388688999057095,43.45459033502698
252.524,252.554,USV_394,0.030000000000001137,1.0,88.43500000000003,False,112.582,201.01700000000002,139.942,51.50699999999998,0.009920843876898289,0.026907784598214284,15954.773410261667,16417.25943690617,0.0001289472608026229,31700.89285714286,28162.489971725565,2.130194465061649,5.26442131992532,6.220452254082887,16.477832539460838,10.521205715483006,13.946821669200636,51.952382052430515
252.752,252.768,USV_395,0.015999999999991132,1.0,88.43500000000003,False,112.582,201.01700000000002,140.17000000000002,51.734999999999985,0.009923946112394333,0.014678955078125,15044.444388684626,17981.426898296195,0.00012189742083862472,32050.78125,28303.33554185172,2.480440603104223,7.672926832909817,4.963922002164572,15.519155436920997,9.903992861350645,16.44090210696087,45.607585900459604
252.906,252.952,USV_396,0.04599999999999227,1.0,88.43500000000003,False,112.582,201.01700000000002,140.324,51.88899999999998,0.006664062384516001,0.022998046875,15896.696292902376,16370.786648986807,0.00017197355582112268,31973.4375,25943.575048801806,2.268563441822714,3.1378491670987136,4.672970369007898,14.632723315477929,10.30429776802764,15.38203435626917,56.53230737607352
253.261,253.363,USV_397,0.10200000000000387,1.0,88.43500000000003,False,112.582,201.01700000000002,140.679,52.24399999999997,0.007985197938978672,0.030666444359756097,15368.010977120564,14399.19493222927,2.9721891220962083e-05,31392.530487804877,23108.71225463279,2.7106966284703566,5.764423991317117,5.1263700769886,17.496816702468223,11.341879260934059,15.272078677729317,59.599116597993735
253.398,253.438,USV_398,0.03999999999999204,1.0,88.43500000000003,False,112.582,201.01700000000002,140.816,52.38099999999997,0.009847103618085384,0.012178308823529412,14514.481658717246,17189.317068485696,0.00019118756211902282,31406.25,22501.476682407527,2.6072084076073403,3.271196832105454,5.793907461976867,16.887134495333438,11.117141870050594,14.329282340887229,54.00501247866981
253.611,253.634,USV_399,0.022999999999996135,1.0,88.43500000000003,False,112.582,201.01700000000002,141.029,52.593999999999966,0.010783638805150986,0.01351651278409091,16130.759392324484,19517.97204986409,0.00031912584824273437,32573.863636363636,22674.672092755765,2.1707913491807984,3.1399804244674665,6.496883596705154,14.419580421841715,10.669443651134872,14.583140541481468,48.0550180548269
253.707,253.752,USV_400,0.045000000000015916,1.0,88.43500000000003,False,112.582,201.01700000000002,141.125,52.68999999999997,0.006805483251810074,0.044189453125,17698.810799525338,14305.706919918957,9.513511600249566e-05,31751.644736842107,26476.797851891406,2.447763784500348,5.590036872843586,5.040431462780033,16.438373983940153,12.179770212297905,14.374587451214492,59.061505213957794
253.789,253.823,USV_401,0.034000000000020236,1.0,88.43500000000003,False,112.582,201.01700000000002,141.207,52.77199999999996,0.009273026138544083,0.020947265625,15154.021605760645,15841.101299448153,0.00014386933755896876,31618.75,26728.83515309556,2.0696895565411424,4.697618259560831,5.3765724723887685,14.642150331995367,11.331984761731329,13.985040925703666,54.15604156352731
254.275,254.328,USV_402,0.05299999999999727,1.0,88.43500000000003,False,112.582,201.01700000000002,141.693,53.25799999999998,0.008248156867921352,0.03081720525568182,15428.131309438491,15562.010582764282,0.0007360442880525833,31580.965909090908,19816.526839021113,2.070824311796666,5.726537844653138,5.511210019813991,17.320191126720047,11.949305190076036,14.146444732061138,56.87608913736292
254.397,254.516,USV_403,0.11899999999999977,1.0,88.43500000000003,False,112.582,201.01700000000002,141.815,53.37999999999997,0.011348777450621128,0.02575943317819149,14543.409575488417,15008.92009756881,6.913171646517962e-05,30576.462765957447,26949.62952980357,2.564452649091848,5.944325240078379,5.451413699600744,17.12626871843498,11.188239926451368,15.688807381452218,58.715727572388495
254.672,254.684,USV_404,0.012000000000000455,1.0,88.43500000000003,False,112.582,201.01700000000002,142.09,53.65499999999997,0.008797844871878624,0.006626674107142857,16050.441268992581,19911.517099977904,0.0002951942998848896,31808.035714285714,20047.727621466132,2.4698332495390125,3.523316846360244,3.9707668395987374,16.158325351995217,11.146147903708307,14.69723510388273,41.55269271934154
254.75,254.766,USV_405,0.015999999999991132,1.0,88.43500000000003,False,112.582,201.01700000000002,142.168,53.732999999999976,0.009121742099523544,0.016693115234375,15715.956602941415,19103.601328939854,0.0003550691641458831,30339.84375,17170.334080673732,2.4696160636666447,3.772172871525513,5.274462419103241,17.134395576887115,8.55081409948751,13.420936407168416,46.33515019243066
254.829,254.845,USV_406,0.015999999999991132,1.0,88.43500000000003,False,112.582,201.01700000000002,142.247,53.81199999999998,0.009200546890497208,0.018035888671875,14205.766924022635,17630.087478399408,9.23769358484922e-05,30550.78125,20161.11759830189,2.141100585819841,2.792672941422417,4.1626473988391774,16.634754269632737,11.504915157338337,16.56024920310839,45.2365876108033
254.981,255.007,USV_407,0.02600000000001046,1.0,88.43500000000003,False,112.582,201.01700000000002,142.399,53.96399999999997,0.006466336082667112,0.0362548828125,17618.994859504914,17715.42103858208,0.0006724452723653231,33320.3125,25588.99171395105,1.1594505283212915,4.737362953018839,4.977925669207576,16.210466495628477,10.134456193493913,13.516810590864575,51.42192271461565
255.083,255.201,USV_408,0.117999999999995,1.0,88.43500000000003,False,112.582,201.01700000000002,142.501,54.065999999999974,0.01171618327498436,0.02200901761968085,13509.940117744496,14290.583904828643,7.900559041127225e-05,29036.56914893617,16684.84931844627,2.3014554404396548,6.862067118314314,5.974758813527594,16.918182608970884,11.565588951778276,13.517006557618487,59.5783591538921
255.254,255.298,USV_409,0.04400000000001114,1.0,88.43500000000003,False,112.582,201.01700000000002,142.672,54.236999999999966,0.011930021457374096,0.02118883634868421,14781.127763049391,15856.26570202951,0.00010924230403297005,29600.32894736842,20303.637845548612,2.921792909658885,7.965580095116941,4.385931272146,16.349423236966526,10.163782647859371,13.895215710152758,54.72824869065551
256.091,256.104,USV_410,0.012999999999976808,1.0,88.43500000000003,False,112.582,201.01700000000002,143.50900000000001,55.073999999999984,0.009631788358092308,0.020124162946428572,17505.07564642362,20387.662844105867,0.000798830204119912,34004.46428571428,25218.842174365473,2.2796316948089834,5.142589004799546,8.447063884263832,14.914493105889589,9.435811885637886,17.10217137095551,40.649775048262725
256.452,256.517,USV_411,0.06499999999999773,1.0,88.43500000000003,False,112.582,201.01700000000002,143.87,55.434999999999974,0.005528662353754044,0.04251663773148148,17467.177620072707,16273.964347407951,0.00042635799657962306,32923.61111111111,24142.9755951247,3.124933828289017,3.059754019931837,5.227072717450668,15.929494960406393,11.001375409095916,15.259282243296655,59.749349314004384
257.094,257.115,USV_412,0.021000000000015007,1.0,88.43500000000003,False,112.582,201.01700000000002,144.512,56.07699999999997,0.011240440420806408,0.019970703125,13584.695575648875,15617.10406062982,0.00010015638788891598,30412.5,19450.127930480852,2.9940534394266254,6.348430951113891,5.735564537923453,18.386738214521255,11.02607710690262,13.025161576972938,49.523728854527754
257.176,257.263,USV_413,0.08699999999998909,1.0,88.43500000000003,False,112.582,201.01700000000002,144.594,56.15899999999996,0.010409303940832615,0.027085658482142855,15188.737701322369,14361.59804502485,0.0001270245203350152,29908.928571428572,17789.00082264742,2.6865477904050126,4.983061508305499,5.84036196689192,17.549413293306145,11.70123913879228,14.447691371468967,59.73393606362774
257.325,257.355,USV_414,0.03000000000002956,1.0,88.43500000000003,False,112.582,201.01700000000002,144.743,56.307999999999964,0.009753267280757427,0.017804827008928572,14103.003669716143,17732.021373455642,0.0005173115759601443,30468.75,18156.43548838825,1.8382762260836685,4.713477027015968,6.843307846469478,15.588525342786781,10.363797637301689,14.620563487137995,51.10895932327836
257.954,257.975,USV_415,0.021000000000015007,1.0,88.43500000000003,False,112.582,201.01700000000002,145.372,56.93699999999998,0.009603830985724926,0.0210693359375,13181.4118246633,15624.563941458036,3.385682163672026e-05,30918.75,17573.91783803818,2.632468599332923,5.844156251928782,4.052300623055119,15.658928050501467,12.233934040801568,12.937790963264485,49.54285750408424
258.742,258.784,USV_416,0.04199999999997317,1.0,88.43500000000003,False,112.582,201.01700000000002,146.16000000000003,57.724999999999994,0.012171115726232529,0.011623806423611112,13918.9097602951,17000.133051287652,0.00029928405357879567,30453.125,19594.777933005684,2.5529880944382217,4.942267562410451,5.084805942514089,14.9762515442957,10.4315212918548,15.556197320463005,52.62037156909764
260.833,260.848,USV_417,0.014999999999986358,1.0,88.43500000000003,False,112.582,201.01700000000002,148.25100000000003,59.816,0.0100483363494277,0.019989013671875,18168.621730718427,21159.609085650045,0.0003381208436601349,32296.875,27414.66229586434,2.5228271761463317,4.061135562859249,4.3515390584474964,11.15555573797998,9.631583357325116,11.766899248019206,43.50942848346189
261.018,261.026,USV_418,0.008000000000038199,1.0,88.43500000000003,False,112.582,201.01700000000002,148.43599999999998,60.00099999999995,0.00824705883860588,0.017138671875,17519.93220068366,21331.826596677667,0.00030044603280215737,31050.0,21186.539150580335,2.0632693604739876,3.568966078904242,5.7068214149059875,11.382596396015789,9.586021206608809,13.863110347221788,34.69526808766233
261.91,262.042,USV_419,0.13199999999994816,1.0,88.43500000000003,False,112.582,201.01700000000002,149.32800000000003,60.893,0.009207195602357388,0.02234825721153846,14154.285456171621,15192.783487490095,0.0001453968853900505,30441.70673076923,22276.36030515361,2.506077034849535,4.476362608133939,5.912720630621495,17.186719597532086,11.357357956332244,14.602209534129903,58.17204307908249
262.103,262.134,USV_420,0.03100000000000591,1.0,88.43500000000003,False,112.582,201.01700000000002,149.52100000000002,61.085999999999984,0.007260722108185291,0.029802594866071428,15950.561430924792,17942.72925715383,0.0002682092787904431,32397.321428571428,19549.356505269334,2.076379393192917,3.527825924978642,3.8583561532456803,16.647251599895842,10.889952964891759,15.026536112441619,52.36892499813117
263.039,263.062,USV_421,0.023000000000024556,1.0,88.43500000000003,False,112.582,201.01700000000002,150.457,62.02199999999996,0.008633160032331944,0.019620028409090908,15655.945632728284,17241.378763519355,0.00034432641405877863,31840.909090909092,15781.947948431218,2.3400860928524474,6.010601460626405,6.286572828621548,15.501260658913308,11.328883241324233,15.197246870495265,48.91706009251197
263.468,263.547,USV_422,0.07900000000000773,1.0,88.43500000000003,False,112.582,201.01700000000002,150.88600000000002,62.45099999999999,0.010351750999689102,0.015625,14009.717429892102,14928.70679647677,0.00011898052151071028,29554.6875,16880.317494293056,2.762458913212652,3.902859482422098,4.474386406051338,17.028055761929426,10.729152812752904,15.503648154889536,57.63867870919697
263.631,263.649,USV_423,0.018000000000029104,1.0,88.43500000000003,False,112.582,201.01700000000002,151.04899999999998,62.61399999999995,0.00839245319366455,0.012858072916666666,14268.290328265579,16371.652962281867,5.7688862835819226e-05,31260.416666666668,19433.577066727034,2.1786596460859458,3.9219759999620347,5.864491710186744,13.916358405408156,11.636635988797273,17.799719975593554,50.28137978590602
263.879,263.915,USV_424,0.036000000000001364,1.0,88.43500000000003,False,112.582,201.01700000000002,151.29700000000003,62.861999999999995,0.008044198155403137,0.023040771484375,15293.845623559344,17473.235901049215,0.00043570301238968423,31130.859375,18657.71393057712,1.9412014500912802,4.655502023727795,4.518358749751538,13.30739045096808,9.641852043947523,15.573282992842465,53.77340572170961
264.685,264.715,USV_425,0.029999999999972715,1.0,88.43500000000003,False,112.582,201.01700000000002,152.103,63.66799999999998,0.005678842775523663,0.030500139508928572,16375.32487030831,15469.133110082368,0.00012354450624737053,31720.98214285714,20887.982193907977,1.8790184801236642,3.7737227628327186,3.9673112260164833,14.683312142765859,11.2833771065723,14.666532201660532,55.41570296516492
264.865,264.954,USV_426,0.08899999999999864,1.0,88.43500000000003,False,112.582,201.01700000000002,152.28300000000002,63.847999999999985,0.010043133050203323,0.018819173177083332,13504.718190912528,14551.69699441715,4.7730235240035586e-05,29786.458333333332,19479.61251233569,2.2230820798375777,6.244354684334378,5.278891703653843,16.222790850772423,12.33366201687461,14.935296195652306,58.27449265251898
265.002,265.068,USV_427,0.06599999999997408,1.0,88.43500000000003,False,112.582,201.01700000000002,152.42000000000002,63.984999999999985,0.00979134812951088,0.021773726851851853,14857.92204760488,16681.757313143815,0.00014816549091530403,31809.027777777777,23829.185963726395,2.1788112815284375,7.140189219429969,5.950988819916909,16.080603167266293,10.776906282107033,13.96357673970307,56.26683882642391
266.276,266.353,USV_428,0.07699999999999818,1.0,88.43500000000003,False,112.582,201.01700000000002,153.69400000000002,65.25899999999999,0.05846261605620384,0.006780808971774193,6411.179215943022,11066.423153234406,1.9211112692746065e-05,15937.5,29355.842892578326,3.936016160843894,2.8877619687561435,4.944149201754044,18.89577335373096,9.599397299754502,15.50756759017901,54.87179883961467
268.004,268.026,USV_429,0.02199999999999136,1.0,88.43500000000003,False,112.582,201.01700000000002,155.42200000000003,66.987,0.008499756455421448,0.028608842329545456,15297.0056322111,17300.99761129284,8.254472162292826e-05,32036.93181818182,24106.922247255327,1.4952484930967087,5.344660204856242,5.496809584977729,13.412776314373325,11.38666462831824,14.703148389402305,50.701514094568665
270.078,270.086,USV_430,0.008000000000038199,1.0,88.43500000000003,False,112.582,201.01700000000002,157.49599999999998,69.06099999999995,0.012259247712790966,0.00078125,16662.367736204935,23668.43658330883,0.00039432492676869465,32043.75,24873.169865109754,2.213040488252457,2.826694830861684,6.904502236484402,13.468686816856934,9.080894710522859,13.617571865320759,32.786497695906434
271.226,271.246,USV_431,0.01999999999998181,1.0,88.43500000000003,False,112.582,201.01700000000002,158.644,70.20899999999997,0.010472217574715614,0.007568359375,13814.749575751292,18433.17858109741,0.00016013198240105915,30787.5,23049.226407772854,2.3099674307681863,6.96555394535933,4.066605682287117,15.999194625853596,10.014271409175663,14.513208651512809,46.38629100547678
271.289,271.31,USV_432,0.021000000000015007,1.0,88.43500000000003,False,112.582,201.01700000000002,158.707,70.27199999999996,0.007252966053783894,0.0339599609375,16108.123192525682,15733.00868441019,0.00015767591941270097,31893.75,26111.62058277778,5.259318286327848,4.7157852226941355,5.311799889114568,18.43739862084386,11.273739529958618,13.487016427325127,51.418021797850336
273.061,273.099,USV_433,0.038000000000010914,1.0,88.43500000000003,False,112.582,201.01700000000002,160.47899999999998,72.04399999999995,0.010984057560563087,0.014389935661764705,13386.700375085307,15855.695614370192,5.094587900007732e-05,30281.25,25441.394756209036,2.533369931935967,6.047629818758593,5.900169776289246,15.441200119370778,11.242736906778287,16.193705877323726,53.03603259249367
273.785,273.874,USV_434,0.08899999999999864,1.0,88.43500000000003,False,112.582,201.01700000000002,161.20300000000003,72.768,0.011176550760865211,0.020229763454861112,13889.152306303697,15039.58080659956,3.339660424787644e-05,30656.25,26162.63222550868,3.6151915510596404,4.325881917200549,5.377984577650549,17.17232631732024,11.948469017142825,15.448400191220466,57.39087187855689
274.09,274.108,USV_435,0.018000000000029104,1.0,88.43500000000003,False,112.582,201.01700000000002,161.50799999999998,73.07299999999995,0.010449678637087345,0.006727430555555556,14411.599432571951,19738.271477528197,0.00022465445222508487,31864.583333333332,24838.531494590155,2.2751058796760097,3.07690858397585,5.262378318973763,13.609291203623684,9.826779285454627,14.808108899524633,44.77059180482574
274.281,274.334,USV_436,0.05299999999999727,1.0,88.43500000000003,False,112.582,201.01700000000002,161.699,73.26399999999998,0.00922771729528904,0.015735973011363636,15620.85088209016,16195.299821898732,0.00020292909805127762,31521.30681818182,20687.234580070024,2.4776264580006018,3.7440055653548083,4.91020323171134,14.831100110158472,10.876522595223253,15.815202200455285,56.552977950103376
274.44,274.45,USV_437,0.009999999999990905,1.0,88.43500000000003,False,112.582,201.01700000000002,161.858,73.42299999999997,0.006811539176851511,0.022135416666666668,17499.25256273235,20961.18908496802,0.0005977065317537448,33203.125,27949.95997482154,2.023963887822561,5.716573459781507,5.406904244892925,17.644081056184174,11.71525453813756,15.245728538614562,37.96930538389849
274.483,274.534,USV_438,0.05099999999998772,1.0,88.43500000000003,False,112.582,201.01700000000002,161.901,73.46599999999998,0.010862883180379868,0.021670386904761904,15249.76485434176,16289.35212319723,5.303703738103359e-05,30446.428571428572,26747.3657034016,2.0813644779170226,5.486839161536905,5.507109072571313,15.781434782401211,10.756759117857795,15.034411809923437,56.69446214090511
274.604,274.649,USV_439,0.045000000000015916,1.0,88.43500000000003,False,112.582,201.01700000000002,162.022,73.58699999999996,0.00954580120742321,0.006489000822368421,14102.631019967017,16736.490023006852,0.00035624182878105554,31006.57894736842,19743.51303026052,3.512984187257663,4.9540040253927415,6.112187998274479,16.17642736469685,12.11563361014091,13.886725860647472,53.890996501914785
274.862,274.895,USV_440,0.03299999999995862,1.0,88.43500000000003,False,112.582,201.01700000000002,162.28000000000003,73.845,0.008605433627963066,0.028841145833333335,16968.879398190267,17207.39976922904,0.0001679516317266261,31781.25,20622.18516214211,1.9993545383851776,4.513418734241365,4.197334128112484,13.939699623786417,9.500101521837198,14.660974093000691,53.543687645122304
275.327,275.381,USV_441,0.053999999999973625,1.0,88.43500000000003,False,112.582,201.01700000000002,162.745,74.30999999999997,0.01051642931997776,0.03310759171195652,15884.639266620634,16378.309462890307,0.00024376583108239294,31218.75,19424.50150764306,1.8212262358949136,5.981779511915482,5.741062476559557,16.419578535112517,10.471698662972532,15.549112409624735,56.564400050444554
275.454,275.495,USV_442,0.04099999999999682,1.0,88.43500000000003,False,112.582,201.01700000000002,162.872,74.43699999999998,0.008090738207101822,0.027818467881944444,16639.61647732465,16925.914475956422,0.00041113833420675875,31864.583333333332,25961.360898642142,2.768833656036845,3.8905072697874905,4.701024685464313,15.615587183443076,11.407599501530505,13.734468988003165,54.39491145499605
275.66,275.671,USV_443,0.010999999999967258,1.0,88.43500000000003,False,112.582,201.01700000000002,163.07800000000003,74.643,0.009319408796727657,0.0159912109375,18727.908205385702,25118.657607397017,0.0015793660858293057,37171.875,17288.375539498527,1.1804465935160668,7.022758619032314,4.554838854765954,11.793222520214654,9.674159602837927,13.189294896097318,40.718700480063696
275.706,275.744,USV_444,0.038000000000010914,1.0,88.43500000000003,False,112.582,201.01700000000002,163.12400000000002,74.689,0.01135363057255745,0.016659007352941176,12799.63314326635,15943.48620237899,6.144053282740181e-05,29922.79411764706,22532.53156680849,2.065070774812109,7.152981313282403,5.228059489073412,16.997032964984697,11.447072973747005,14.387222163858727,52.815066440041434
276.132,276.155,USV_445,0.022999999999967713,1.0,88.43500000000003,False,112.582,201.01700000000002,163.55,75.11499999999998,0.008813592605292797,0.016645951704545456,15446.467312977982,19041.329541394076,0.00021038881913755221,31150.56818181818,23126.59824508197,1.626157626948619,4.717048055803544,5.031644719921278,12.79714994971261,9.59619929246058,13.657715518497497,47.75449278258841
276.304,276.339,USV_446,0.03500000000002501,1.0,88.43500000000003,False,112.582,201.01700000000002,163.72199999999998,75.28699999999995,0.012600312009453773,0.01416015625,14421.387870466686,19594.62200731287,0.0005791577803905103,32841.796875,23345.709021615126,2.344005452862497,5.010970289433583,4.551026129745218,15.987194683858037,10.301196969427174,13.318572254771507,50.18882667805093
277.124,277.184,USV_447,0.060000000000002274,1.0,88.43500000000003,False,112.582,201.01700000000002,164.54200000000003,76.107,0.009164270013570786,0.017822265625,14204.863750566199,15844.128063986325,4.9879733923167934e-05,31458.75,24253.29361746612,2.4224986705172014,4.642541054070087,5.739676747566656,16.731875373076647,11.196116823440356,14.76058727128147,56.1685692449495
277.317,277.381,USV_448,0.06399999999996453,1.0,88.43500000000003,False,112.582,201.01700000000002,164.735,76.29999999999998,0.010234265588223934,0.017183743990384616,14483.400302217407,16140.334281510653,9.975218551469291e-05,30717.548076923078,25941.671896515818,2.3281265213036866,4.2135290232470615,4.9472742498902145,15.688874079041055,11.106717668002704,16.401930230828636,56.32262736702687
277.444,277.469,USV_449,0.024999999999977263,1.0,88.43500000000003,False,112.582,201.01700000000002,164.86200000000002,76.42699999999999,0.00997666735202074,0.01226806640625,14411.492956394555,16887.12031322769,5.8926699060962876e-05,31492.1875,26520.136911342783,2.525379358190365,3.3603781999737294,5.780940049103922,15.498192166208328,11.618953659076096,14.786499896748516,50.26510906293995
277.591,277.629,USV_450,0.038000000000010914,1.0,88.43500000000003,False,112.582,201.01700000000002,165.00900000000001,76.57399999999998,0.009844434447586536,0.01638614430147059,15475.697080525792,18029.199004427308,0.000344419990421707,31042.279411764706,23235.968731300516,3.788704538212889,5.732865242440821,5.411192792152463,14.669458542696885,10.499352283550396,14.485057889483816,52.854032563970186
279.59,279.623,USV_451,0.03300000000001546,1.0,88.43500000000003,False,112.582,201.01700000000002,167.00799999999998,78.57299999999995,0.008263234049081802,0.023697916666666666,16213.24646075102,16562.03443057337,0.00019468292724285848,31837.5,21353.48477929487,1.5039163313122736,4.683074179200792,5.096309607526095,17.313549128532806,11.144313914883897,13.34342508103122,53.057472151525445
279.722,279.756,USV_452,0.033999999999991815,1.0,88.43500000000003,False,112.582,201.01700000000002,167.14,78.70499999999996,0.011385798454284668,0.014615885416666667,13470.314488076283,17459.000281556782,0.0002712637033142122,30525.0,20812.817254083217,2.1430935229374106,5.444599639550359,4.794076263790526,17.250638038251147,10.647447735382668,14.909712881631748,50.82368359784313
279.84,279.867,USV_453,0.027000000000043656,1.0,88.43500000000003,False,112.582,201.01700000000002,167.25799999999998,78.82299999999995,0.01015668734908104,0.021334134615384616,13795.971063765133,17664.638149795406,0.0001677629511566076,30670.673076923078,21896.345879047778,1.6377151381650104,4.662746807011463,4.673885468405263,16.261245494180024,9.873946607751163,13.694520222171368,50.045384865776974
281.177,281.311,USV_454,0.1339999999999577,1.0,88.43500000000003,False,112.582,201.01700000000002,168.59500000000003,80.16,0.009593000635504723,0.019660229952830188,14666.141553365233,14896.533482016908,7.455266428669862e-05,30914.504716981133,22613.11119825759,2.0612448274568083,4.8539759233424675,6.600431396128364,16.53967987005733,11.942323583382892,14.960332065821499,57.93151535304969
281.748,281.794,USV_455,0.04599999999999227,1.0,88.43500000000003,False,112.582,201.01700000000002,169.166,80.73099999999997,0.010308130644261837,0.02100830078125,15052.582044241737,16560.974585904787,0.00018073276508903652,30440.625,26121.395171769906,1.3526649528110435,5.672850548138724,5.536067657247711,17.27529417235701,11.273659216598478,15.091022848202982,55.01285791704911
283.967,284.027,USV_456,0.060000000000002274,1.0,88.43500000000003,False,112.582,201.01700000000002,171.385,82.94999999999996,0.010667694732546806,0.026259765625,15176.531949946388,15599.065360479772,8.29207726394411e-05,29771.25,18249.348867675784,2.4688721849068207,6.367120908304562,5.800980048565022,16.60488752488331,11.739430500201115,13.590149246324327,57.13439399778019
284.158,284.273,USV_457,0.1150000000000091,1.0,88.43500000000003,False,112.582,201.01700000000002,171.57600000000002,83.14099999999999,0.012033569626510143,0.023034137228260868,13606.8811165799,14354.691827605731,1.541227646150213e-05,29751.358695652172,24211.758345202816,2.6354522244622887,7.005269242418598,5.265658998042874,16.343603420010176,11.75615525380283,15.26255431439319,59.100226619907296
284.504,284.582,USV_458,0.07799999999997453,1.0,88.43500000000003,False,112.582,201.01700000000002,171.92200000000003,83.487,0.008720984682440758,0.029052734375,15854.138996272035,15667.90590584542,8.187901691443381e-05,31250.9765625,25467.860106074906,2.5041601851718727,5.251581530610764,4.543862471130923,15.508085991442773,11.675700337842596,14.849132982318213,57.68888751033052
285.256,285.295,USV_459,0.03900000000004411,1.0,88.43500000000003,False,112.582,201.01700000000002,172.67399999999998,84.23899999999995,0.010173906572163105,0.02217371323529412,14904.746524323233,16810.55640708563,0.0004273160583089787,30992.647058823528,24147.002745413545,2.1372745604365058,5.55669496956125,5.649872548506679,16.65610343605106,10.631704823103004,14.752589074936537,53.370033037543124
285.396,285.45,USV_460,0.053999999999973625,1.0,88.43500000000003,False,112.582,201.01700000000002,172.81400000000002,84.37899999999999,0.009675676934421062,0.019350798233695652,15263.516892608952,17023.630752021985,0.00023549341322470812,30839.67391304348,22920.829352758294,2.2564655170165975,5.637343722267253,4.378373586040533,13.603933117138961,11.466871795363431,14.337188444588875,54.842326220077915
285.575,285.608,USV_461,0.03300000000001546,1.0,88.43500000000003,False,112.582,201.01700000000002,172.993,84.55799999999996,0.009547572582960129,0.024153645833333334,15120.679664939138,16846.471686250345,0.000247944084373333,30656.25,18560.00461142594,2.3167845567474044,6.494098775077616,6.111520011532873,14.100068999797378,10.67029561334207,14.333689770116624,51.96202097089999
286.082,286.146,USV_462,0.06400000000002137,1.0,88.43500000000003,False,112.582,201.01700000000002,173.5,85.06499999999997,0.010817158967256546,0.015418419471153846,13498.140962439998,15006.817061776546,5.736736770798322e-05,29552.884615384617,22792.023360429037,2.774598090358556,3.144820895340018,4.792176321493245,18.27859470555071,12.811054011782884,14.501691776775166,56.92406750503392
286.462,286.511,USV_463,0.049000000000035016,1.0,88.43500000000003,False,112.582,201.01700000000002,173.88,85.44499999999996,0.010936161503195763,0.022181919642857144,15214.685474327083,15146.645330065638,0.00011081897812472439,29415.178571428572,21284.537881905228,2.399325737988987,5.183371904908766,6.246619314079854,16.590389412916235,11.075545758602619,16.103118046992854,57.128523295633194
286.663,286.737,USV_464,0.07400000000001228,1.0,88.43500000000003,False,112.582,201.01700000000002,174.08100000000002,85.64599999999999,0.011091023683547974,0.023689778645833333,12897.503429046921,14973.320054868016,0.00012935219140773206,28103.125,22523.19813220396,2.3342641031569875,2.660382297465542,4.874939041890042,17.830770094101048,10.188178178557036,14.365472425286061,59.78805057483683
287.648,287.67,USV_465,0.02199999999999136,1.0,88.43500000000003,False,112.582,201.01700000000002,175.06600000000003,86.631,0.007996689528226852,0.018687855113636364,15829.236941488298,17977.179839390414,0.0002513320132038818,31346.590909090908,20171.401183821825,1.9413625532679781,6.505964686636065,4.773819291333787,14.265294827808964,10.655490486699918,14.038917220356536,49.93112072955706
287.811,287.841,USV_466,0.03000000000002956,1.0,88.43500000000003,False,112.582,201.01700000000002,175.22899999999998,86.79399999999995,0.009470803663134575,0.018973214285714284,15831.496396179104,18877.476033852206,0.0004249773320749172,31660.714285714286,21940.189917311716,1.227179451137594,5.251044201737635,6.560177371397633,15.008491551989309,11.53972112103939,13.835635248232624,50.36889999340543
288.957,288.983,USV_467,0.02600000000001046,1.0,88.43500000000003,False,112.582,201.01700000000002,176.375,87.93999999999997,0.009441209957003593,0.022379557291666668,15548.341450329413,19042.655461323797,0.0008758544989548679,31640.625,23796.958482436614,2.5313080319527135,4.288095364886566,6.049849073089258,15.459860018860097,9.102384244384199,16.671712171923264,49.14780747419332
289.476,289.519,USV_468,0.043000000000006366,1.0,88.43500000000003,False,112.582,201.01700000000002,176.894,88.45899999999997,0.008728069253265858,0.02359169407894737,14971.310669330138,16353.51875046925,8.666787927093521e-05,30720.394736842107,22031.630838021654,2.1602109409674326,3.522656187147336,4.615566362561829,14.816945761418957,11.128279935867022,13.723360241649049,55.0372187989371
293.231,293.257,USV_469,0.02600000000001046,1.0,88.43500000000003,False,112.582,201.01700000000002,180.649,92.21399999999997,0.007676663342863321,0.025410970052083332,15994.918330738868,17402.85742406817,0.0002756469145617643,31875.0,22310.61899677388,2.285889676876016,3.7368434750589015,6.838494968688604,16.9230891786656,11.017271219471695,14.936078510454943,51.1747849127521
293.694,293.761,USV_470,0.06700000000000728,1.0,88.43500000000003,False,112.582,201.01700000000002,181.11200000000002,92.67699999999999,0.009324111975729465,0.020821707589285716,14390.595631068207,15666.002437608358,0.00020659900084624654,30485.491071428572,18182.817478306966,2.547041793568455,4.187815465037627,6.739175334074821,17.91513577363781,11.852481321848114,15.186130682777561,56.9884881777524
293.877,293.933,USV_471,0.055999999999983174,1.0,88.43500000000003,False,112.582,201.01700000000002,181.29500000000002,92.85999999999999,0.008502884767949581,0.016304347826086956,14996.171199051238,16592.54581878192,0.00034698746472987854,31866.847826086956,23579.1105124555,2.580128129330128,4.868832163895829,6.09421809234274,15.844112321736477,12.109999437159148,14.185447669598412,55.737429092449794
294.051,294.091,USV_472,0.040000000000020464,1.0,88.43500000000003,False,112.582,201.01700000000002,181.469,93.03399999999996,0.005431984085589647,0.054184857536764705,19101.232847564883,16534.68435576322,0.0007110520559093233,33154.41176470588,26557.311783204474,2.8795364418841802,3.4800602043652415,7.32417586252602,17.666706214617722,11.502908288534615,15.997052868690282,58.109961312308165
294.402,294.437,USV_473,0.03500000000002501,1.0,88.43500000000003,False,112.582,201.01700000000002,181.82,93.38499999999996,0.00874042697250843,0.025970458984375,17778.908689521144,17637.89084513422,0.0003216193728576933,33843.75,23417.196594005298,2.7837395338592845,3.2524982794003727,5.265141011263254,16.680778362534152,11.320831497985477,14.303223480658911,53.596939226967706
294.558,294.573,USV_474,0.014999999999986358,1.0,88.43500000000003,False,112.582,201.01700000000002,181.976,93.54099999999997,0.009046652354300022,0.01043701171875,16685.421175396237,19790.719529397902,0.0001683346758369111,32332.03125,22129.144137940515,2.3751579745833995,4.254327391644999,4.799382802336165,15.308939096130706,10.876545266420337,14.472472142488485,44.33526569211263
294.961,295.013,USV_475,0.051999999999964075,1.0,88.43500000000003,False,112.582,201.01700000000002,182.37900000000002,93.94399999999999,0.010406125336885452,0.015846946022727272,13638.07641068977,16468.40830380927,8.5320726401754e-05,31167.613636363636,27209.307498499464,2.2463278515288425,4.10012448484047,4.692502851565864,14.88582395386451,11.569356644557276,15.353538370936958,53.790507718734084
296.11,296.2,USV_476,0.08999999999997499,1.0,88.43500000000003,False,112.582,201.01700000000002,183.52800000000002,95.09299999999999,0.010085158050060272,0.026373969184027776,14694.088020884403,14791.476930390163,0.00011956501822687891,30218.75,20998.994087543462,2.2558369708228065,6.21675812475751,5.471184659252129,14.964003862769898,11.284717111224712,14.836315165098073,59.016275050178464
296.29,296.325,USV_477,0.03499999999996817,1.0,88.43500000000003,False,112.582,201.01700000000002,183.70800000000003,95.273,0.011195676401257515,0.019775390625,12479.709648028425,14770.957220771646,9.242789962064142e-06,29656.25,22561.081404688695,2.348979852489088,7.056058067777829,6.447626799158541,14.430540511918165,11.265449977114683,15.783465568823836,55.213662420786434
299.771,299.801,USV_478,0.029999999999972715,1.0,88.43500000000003,False,112.582,201.01700000000002,187.18900000000002,98.75399999999999,0.010123186744749546,0.0159912109375,14011.737494062982,17240.390436161826,0.00031456194650477363,30455.35714285714,19011.78681049094,2.498727479068909,4.928567650384353,3.863473405337918,14.764617783112579,10.725209611017759,15.145965637135452,50.85221193308265
299.924,299.94,USV_479,0.016000000000019554,1.0,88.43500000000003,False,112.582,201.01700000000002,187.34199999999998,98.90699999999995,0.007539917249232531,0.02996826171875,17391.43478180493,19280.965238751443,0.0002933134014025816,33046.875,26759.997042581323,2.744791623935537,5.134345548634361,5.563394154149742,13.492364920951031,10.74028166907597,15.628219541741794,45.81709549068829
301.495,301.541,USV_480,0.04599999999999227,1.0,88.43500000000003,False,112.582,201.01700000000002,188.913,100.47799999999998,0.00876437034457922,0.020556640625,16239.831832173693,16025.161112020438,0.0001934150705300013,31917.1875,22170.40280790517,2.1160398768610547,2.403978770554549,5.69443004183159,17.3662701996156,10.85996151329667,14.47221684047815,56.76214375497325
303.756,303.773,USV_481,0.01700000000005275,1.0,88.43500000000003,False,112.582,201.01700000000002,191.17399999999998,102.73899999999995,0.009759881533682346,0.03333875868055555,20597.80925105438,23362.43079045495,0.0008890191569141598,38010.416666666664,24123.25193012061,3.511616901068992,5.404994337423407,4.679326264704037,13.2099221416932,10.190137023353548,12.725751518577425,44.56269760809906
305.543,305.602,USV_482,0.05899999999996908,1.0,88.43500000000003,False,112.582,201.01700000000002,192.961,104.52599999999998,0.03676741197705269,0.010121663411458334,8750.48525690985,13654.344721171066,9.36319801693375e-05,22324.21875,26625.567876993635,3.601869372809729,2.7529513285946137,6.829881442211584,20.200592287849666,9.961469622303918,17.605624766364596,55.3592733604987
305.883,305.983,USV_483,0.10000000000002274,1.0,88.43500000000003,False,112.582,201.01700000000002,193.301,104.86599999999996,0.010362462140619755,0.02491455078125,15236.632295022437,14513.948870324117,4.403881958500044e-05,30421.875,20990.290527066503,2.146157193488751,4.61199199354746,5.297098493279724,17.569700705732547,12.574381544324343,14.405147976833339,60.33207702099507
306.164,306.219,USV_484,0.05500000000000682,1.0,88.43500000000003,False,112.582,201.01700000000002,193.582,105.14699999999996,0.007401100359857082,0.03214164402173913,16737.591044855333,16843.663821295653,0.00016224864722127105,33122.282608695656,27081.247960634984,2.6713173598902067,4.748000727621095,4.877447982362806,16.726525106947946,10.812395666601365,14.734766184558739,55.426598101435026
306.472,306.503,USV_485,0.03100000000000591,1.0,88.43500000000003,False,112.582,201.01700000000002,193.89,105.45499999999996,0.005119986832141876,0.03217424665178571,17394.20808109479,16905.350119737053,0.0002422470828398976,33468.75,23907.252850240715,1.8764099450851173,4.280227852349781,5.301839824637461,14.893180886803362,10.234312713409894,14.418419427158243,54.07441049435884
306.88,306.967,USV_486,0.08699999999998909,1.0,88.43500000000003,False,112.582,201.01700000000002,194.298,105.86299999999997,0.009076916612684727,0.017027064732142858,14154.62647990366,14937.93976302005,6.1013786632227205e-05,30648.214285714286,19272.085897932797,2.9787318983443805,4.212924085492446,5.209815768665387,16.08688784649023,11.01853763659445,15.317130909713851,59.08124110869394
307.731,307.86,USV_487,0.1290000000000191,1.0,88.43500000000003,False,112.582,201.01700000000002,195.149,106.71399999999997,0.010405807755887508,0.018190870098039217,14537.143263741787,15807.041296239997,0.00011626804201631701,31507.352941176472,25171.07088118453,3.460974298304148,6.309574117633895,5.025603096895165,15.693079910195621,11.730636117414893,14.332365407576171,58.28584544184341
307.981,308.045,USV_488,0.06400000000002137,1.0,88.43500000000003,False,112.582,201.01700000000002,195.399,106.96399999999997,0.010836092755198479,0.022498497596153848,14445.537910744075,16089.933326188846,0.0003282381667138154,31561.298076923078,27189.6981421594,2.9842913071567545,6.369983954569668,4.674870468189242,17.217588098490687,11.472219251768555,13.931985733709228,55.95311124174197
308.15,308.209,USV_489,0.05900000000002592,1.0,88.43500000000003,False,112.582,201.01700000000002,195.56799999999998,107.13299999999995,0.008545500226318836,0.028466796875,16079.317079163013,17838.037580186647,0.00027608857389728117,33652.5,25469.059734890438,2.259598348674516,3.8319453120728957,5.161398163605972,18.40252591662322,10.254551419866734,12.945524251103995,55.42079453428943
308.255,308.264,USV_490,0.009000000000014552,1.0,88.43500000000003,False,112.582,201.01700000000002,195.673,107.23799999999997,0.013720962218940258,0.009806315104166666,16175.191881644152,22501.503025525835,0.00021541870096910656,31843.75,28216.28666782216,1.1346761303990827,5.74897964719944,7.264911619370973,13.164049001314327,9.063262352346905,12.79215915798755,35.336163658422
308.307,308.322,USV_491,0.014999999999986358,1.0,88.43500000000003,False,112.582,201.01700000000002,195.72500000000002,107.28999999999999,0.009735427796840668,0.01922607421875,17247.443358195364,20550.773590554796,0.000513457781502392,32402.34375,25576.915183650082,1.2273520753800908,4.861737685459343,3.54839125838359,13.111765280616485,8.58241783503243,13.129667723323578,43.36165164221718
308.353,308.378,USV_492,0.024999999999977263,1.0,88.43500000000003,False,112.582,201.01700000000002,195.77100000000002,107.33599999999998,0.009637773968279362,0.0133056640625,14022.099651535871,16354.716055881247,3.71911077244091e-05,30187.5,19862.326792827535,2.0328707945788165,4.247280336647365,6.50796669847677,15.875348881055453,10.157670955632687,13.65618146953581,50.416416571647
308.502,308.513,USV_493,0.010999999999967258,1.0,88.43500000000003,False,112.582,201.01700000000002,195.92000000000002,107.48499999999999,0.008460406213998795,0.0244140625,17062.511851943058,18946.725285750512,0.00016396498843685226,32546.875,18361.870722116528,1.3028822967137266,5.20883327850339,7.1826452480385194,12.627829387614057,8.689750218292966,11.534410044915786,45.02724655028582
308.562,308.58,USV_494,0.01799999999997226,1.0,88.43500000000003,False,112.582,201.01700000000002,195.98000000000002,107.54499999999999,0.008671356365084648,0.028889973958333332,15852.021364176879,17991.559063459397,0.00014827067089553798,31270.833333333332,26401.82992269617,1.4111286749660343,4.224759103702811,4.559580003829261,16.904071453297902,9.151010658485166,13.492837026022393,47.48367679574041
308.703,308.803,USV_495,0.10000000000002274,1.0,88.43500000000003,False,112.582,201.01700000000002,196.12099999999998,107.68599999999995,0.010744845494627953,0.024517822265625,15147.074723117887,14932.696123239517,2.219023246144312e-05,30750.0,27900.466128793945,2.1389879328668715,4.998123319065877,5.090502340706452,18.485435848438605,10.619219690861403,14.358646648093663,59.6574487536848
309.15,309.201,USV_496,0.051000000000044565,1.0,88.43500000000003,False,112.582,201.01700000000002,196.56799999999998,108.13299999999995,0.009130040183663368,0.021872780539772728,14711.7829881802,16011.28971452632,7.953153765873751e-05,31167.613636363636,26198.473917775413,2.5797237062581777,3.074924391957477,5.382879350185551,16.57331146130268,11.710504732393009,13.8932684089274,56.48359806084938
309.279,309.333,USV_497,0.05400000000003047,1.0,88.43500000000003,False,112.582,201.01700000000002,196.697,108.26199999999997,0.011199996806681156,0.016155740489130436,15492.579573944702,16027.513244605958,9.129149013038246e-05,31316.57608695652,26801.371872024854,2.1491494281204124,3.6661379931032028,4.814755122553374,15.32654640105815,11.132048882771857,13.025737961790638,56.42479817945648
309.411,309.424,USV_498,0.012999999999976808,1.0,88.43500000000003,False,112.582,201.01700000000002,196.829,108.39399999999998,0.006865122355520725,0.03184291294642857,17271.762753478943,19900.015755428674,0.0004713778569945076,32022.321428571428,24098.879245176107,1.403959727413532,4.275661891249203,5.148799387053882,16.382302561142755,10.516818909840238,13.73187172622555,42.45032528964725
310.186,310.262,USV_499,0.07600000000002183,1.0,88.43500000000003,False,112.582,201.01700000000002,197.60399999999998,109.16899999999995,0.011499796062707901,0.011852633568548387,13200.077750197293,15497.145061950396,6.43834603725161e-05,29885.08064516129,25596.578459818214,2.812725734331253,3.0390192750278557,5.561334771344115,18.65957654727799,11.616790688844672,15.852884226690342,56.6712176123552
310.616,310.647,USV_500,0.03100000000000591,1.0,88.43500000000003,False,112.582,201.01700000000002,198.034,109.59899999999996,0.007611528504639864,0.0228271484375,16248.80642671867,18380.276638948162,0.0007509575270533752,33314.732142857145,24609.24430578194,2.346914170970266,5.325386732331379,3.80627865644372,15.034382599173698,10.972182968732174,16.047298362500637,51.52353659268647
315.744,315.808,USV_501,0.06399999999996453,1.0,88.43500000000003,False,112.582,201.01700000000002,203.16200000000003,114.727,0.008571794256567955,0.02369103064903846,15339.471741408383,15646.923144467579,0.00014853872448950285,30508.41346153846,24151.483198442947,3.0936717657716293,4.7363632841027705,5.067421011375529,17.152654774744896,10.728243242579529,14.882327139911487,57.86083206382159
316.686,316.775,USV_502,0.08899999999999864,1.0,88.43500000000003,False,112.582,201.01700000000002,204.10399999999998,115.66899999999995,0.012446140870451927,0.049357096354166664,16500.57424743709,13539.124913763868,0.0002233414169361214,27963.541666666668,20699.104254036396,3.1704200565836778,7.186729595460857,5.152711569790489,18.704876014525865,10.822256703909204,14.494201419900788,61.75907676187722
317.41,317.513,USV_503,0.1029999999999518,1.0,88.43500000000003,False,112.582,201.01700000000002,204.82800000000003,116.393,0.009080756455659866,0.023538729039634148,13981.056441226245,14823.666607323761,8.689284786601082e-05,30713.414634146342,27185.696707141797,1.9512251503030258,5.159992672938762,5.3303325181339964,18.779212167115368,11.416141464911899,15.247693797018487,59.0146563353211
317.852,317.946,USV_504,0.09400000000005093,1.0,88.43500000000003,False,112.582,201.01700000000002,205.26999999999998,116.83499999999995,0.00897606648504734,0.01773231907894737,13583.439118482975,15980.676771949857,0.00010554149395044622,30712.99342105263,26089.046851474366,2.386635082080988,4.322828354937414,5.572161356654091,17.015062516486815,12.254006727004418,13.839188496349879,57.82009373785122
318.112,318.15,USV_505,0.03799999999995407,1.0,88.43500000000003,False,112.582,201.01700000000002,205.53000000000003,117.095,0.00940148439258337,0.022231158088235295,13643.342785020825,16223.312274793854,0.00012040748328411389,29619.485294117647,26190.340201155475,1.3734710976921518,5.969996833339847,5.621504632632133,16.79701365201109,11.285481499604757,17.387076152628616,53.451339076412644
318.253,318.268,USV_506,0.014999999999986358,1.0,88.43500000000003,False,112.582,201.01700000000002,205.671,117.23599999999996,0.007412005215883255,0.018768310546875,15000.620144280092,17457.721533988828,0.0001987669340328387,31183.59375,21871.84616279866,1.1974550096184904,4.9393467397045665,3.84800591435081,16.38975480933427,11.69013065950746,15.489275381252641,45.56479080450094
318.313,318.33,USV_507,0.016999999999995907,1.0,88.43500000000003,False,112.582,201.01700000000002,205.731,117.29599999999996,0.009419788606464863,0.006700303819444444,13959.636699931654,18004.41977326666,0.00020011579365455904,30343.75,20616.77911558184,2.1524395395360085,3.696963071528698,4.703488047152637,16.47081696133435,10.507606092718529,16.814479455267424,45.572202147286134
319.264,319.305,USV_508,0.04099999999999682,1.0,88.43500000000003,False,112.582,201.01700000000002,206.68200000000002,118.24699999999999,0.006914876867085695,0.034125434027777776,17924.785193875123,18100.75036238713,0.0003116456551218843,33729.166666666664,23943.13550769923,2.5567689732666645,3.4527155707735044,5.254504918827829,16.15586474248373,11.54458439215786,14.95640661982804,54.954075732025586
320.06,320.118,USV_509,0.057999999999992724,1.0,88.43500000000003,False,112.582,201.01700000000002,207.478,119.04299999999998,0.008410051465034485,0.028493245442708332,15975.7895056887,15811.303432395254,6.729688719522558e-05,31566.40625,24994.26789305337,3.184961416130127,4.4314857204110085,4.747634720285017,14.584164677008067,9.89106248596585,14.485209856241653,56.98670776210239
320.935,320.945,USV_510,0.009999999999990905,1.0,88.43500000000003,False,112.582,201.01700000000002,208.353,119.91799999999998,0.007860816083848476,0.022542317708333332,19305.820437088056,23762.311907661253,0.0007897370180667799,34593.75,21261.271152840287,2.269160656087857,1.7297903662197671,5.5316442600877265,15.90860482696067,10.269854168019904,12.126436029377034,36.92728807550269
321.027,321.049,USV_511,0.02199999999999136,1.0,88.43500000000003,False,112.582,201.01700000000002,208.445,120.00999999999996,0.011589789763092995,0.014204545454545454,14800.078921153136,20619.75741416598,0.00021638959448364674,31252.840909090908,20220.774198466897,1.5179638902982049,5.907914062851864,3.7713248884926567,13.212051367824436,8.303774036853108,12.904616197701309,46.488704951013425
321.21,321.243,USV_512,0.03300000000001546,1.0,88.43500000000003,False,112.582,201.01700000000002,208.628,120.19299999999996,0.008825949393212795,0.030826822916666666,14920.582038187755,16167.25293547696,5.381901364121506e-05,31193.75,15505.718562244032,1.6427715950479325,6.7207571368264185,4.8266132503734,16.717717674730974,11.096656659331888,15.467757094901792,52.97934466625684
321.3,321.34,USV_513,0.03999999999996362,1.0,88.43500000000003,False,112.582,201.01700000000002,208.71800000000002,120.28299999999999,0.007624355144798756,0.025060317095588234,15761.686028359962,16655.015137605867,0.0005594369082958535,32205.882352941175,19561.545899592744,2.6223000576735664,4.566816140620688,4.799976300541793,15.055017515945671,11.480455948088306,15.542716066863822,55.937489989754994
321.49,321.524,USV_514,0.033999999999991815,1.0,88.43500000000003,False,112.582,201.01700000000002,208.90800000000002,120.47299999999998,0.006443376652896404,0.03225911458333333,16588.485075492812,17367.671560692987,0.0003893559563445111,32762.5,17648.418297299424,2.66239027682727,5.796689284452336,5.759546667635665,16.45703020739354,9.3823962564427,14.752786460747425,53.25436271010879
321.582,321.591,USV_515,0.009000000000014552,1.0,88.43500000000003,False,112.582,201.01700000000002,209.0,120.56499999999997,0.010762163437902927,0.0201416015625,15550.284285568496,19894.501567728305,0.0002957303000559303,31140.625,17977.927150267144,0.6445842797535816,5.131993060113639,4.341577115163257,13.683083732707493,9.632035753566122,14.47020065438806,37.793094701794494
322.13,322.165,USV_516,0.03500000000002501,1.0,88.43500000000003,False,112.582,201.01700000000002,209.548,121.11299999999997,0.009063386358320713,0.027099609375,17359.771960077225,17934.50708845853,0.0004229151440841519,32982.421875,17029.02962189603,4.6517130111855565,5.627394882295709,4.701608561103997,14.595143855718888,12.212197906604725,14.133199505413195,55.229125344583004
322.408,322.419,USV_517,0.010999999999967258,1.0,88.43500000000003,False,112.582,201.01700000000002,209.82600000000002,121.39099999999999,0.007251407485455275,0.033406575520833336,16254.677947302624,18215.548497730717,0.00017631209687456908,31921.875,16443.5929836241,1.952094743909278,6.0974169322422,6.715906886322397,16.955852894046572,11.714097899604317,13.657795022118178,45.21412507181691
323.092,323.109,USV_518,0.016999999999995907,1.0,88.43500000000003,False,112.582,201.01700000000002,210.51,122.07499999999996,0.007417172193527222,0.033148871527777776,16875.1815087894,17902.94845213643,0.00015709923170704424,31677.083333333332,17076.478300009356,1.491551082658091,5.345601386061071,5.726003281850154,16.573229313917,9.864049665117797,12.887402811206439,47.918062836919226
323.176,323.186,USV_519,0.009999999999990905,1.0,88.43500000000003,False,112.582,201.01700000000002,210.594,122.15899999999996,0.0062038954347372055,0.034464518229166664,16559.113355959966,14737.98020961464,8.918538733851472e-05,31468.75,15797.418748001071,1.675061384018737,6.07507325047584,8.680378349094275,15.466181174924861,13.366356606826017,14.331518270988184,46.49744006232956
323.25,323.259,USV_520,0.009000000000014552,1.0,88.43500000000003,False,112.582,201.01700000000002,210.668,122.23299999999998,0.01320213358849287,0.015218098958333334,14667.11378580537,20607.2940784369,0.00010808712243976756,30656.25,16460.84227168079,0.8190243494045619,5.61884604735949,3.966989633534771,12.619748436085686,9.271653098547995,14.324921291567646,36.42348820740228
323.328,323.344,USV_521,0.016000000000019554,1.0,88.43500000000003,False,112.582,201.01700000000002,210.74599999999998,122.31099999999995,0.006374916061758995,0.03448486328125,18499.568335175245,20366.99858536727,0.0009656969492051108,36761.71875,17858.022251750663,4.465125135070951,6.381598177067906,5.6251166633946195,17.141602442229367,13.239180901102234,13.759225326768703,47.64935516985524
323.492,323.505,USV_522,0.012999999999976808,1.0,88.43500000000003,False,112.582,201.01700000000002,210.91000000000003,122.475,0.00805087573826313,0.024100167410714284,17154.146412810784,19304.34872589559,0.0003438713100175815,31875.0,18867.590594161622,2.060852832735187,5.478543872778976,2.6611012542672356,14.767178934121777,10.494408670482269,14.710215182123159,42.70501606398902
323.575,323.627,USV_523,0.05200000000002092,1.0,88.43500000000003,False,112.582,201.01700000000002,210.993,122.55799999999996,0.009379423223435879,0.022838245738636364,15322.727935848508,16527.145473123386,0.0002622182588822191,31257.102272727272,15277.442610127922,2.2297729489482547,4.07413177085412,4.883405456507078,16.58021287226237,11.806063368885878,13.800577005592771,55.955213549468674
323.663,323.675,USV_524,0.012000000000000455,1.0,88.43500000000003,False,112.582,201.01700000000002,211.08100000000002,122.64599999999999,0.010491766966879368,0.007568359375,18370.678047910165,23816.995034344163,0.0007402533290912524,33709.82142857143,16838.803476518693,1.87143654626566,3.4687319814824145,4.245757107799486,10.570472858823596,8.944159307777118,12.942222032723901,39.41016350709963
323.747,323.777,USV_525,0.029999999999972715,1.0,88.43500000000003,False,112.582,201.01700000000002,211.16500000000002,122.72999999999999,0.008786886930465698,0.023611886160714284,15376.4163569435,15512.430374041773,0.00014792902430977358,30944.196428571428,17419.19076646517,1.2903580695492303,3.596136200401766,6.697902167551255,16.012802337941476,10.551089121573693,13.109992337767059,54.149536493139884
323.833,323.847,USV_526,0.013999999999953161,1.0,88.43500000000003,False,112.582,201.01700000000002,211.25100000000003,122.816,0.00790973287075758,0.021697998046875,18255.20483208946,20033.810522459273,0.0005479587580237101,32589.84375,16664.326747294675,2.6575384548505143,3.111534948817236,5.241908555361856,12.433784296015363,8.543370751672883,12.299004731895657,45.56795573073358
323.914,323.929,USV_527,0.014999999999986358,1.0,88.43500000000003,False,112.582,201.01700000000002,211.332,122.89699999999996,0.012798787094652653,0.00054931640625,14562.56473085122,19047.442217895274,0.0002197769632481463,30199.21875,15410.461649274399,2.3336704802586454,4.403867346043391,5.299168300932126,14.245558257493817,11.18431273555914,15.622062669616433,43.5979673409451
323.968,324.022,USV_528,0.053999999999973625,1.0,88.43500000000003,False,112.582,201.01700000000002,211.38600000000002,122.951,0.009060532785952091,0.016442340353260868,13990.340108274924,15257.592704781071,6.424335618073545e-05,30949.728260869564,19955.72146047103,2.530424077500335,3.5688672390798275,5.478571941651967,15.811848798034918,11.572037332555126,13.473864440969136,56.858174457542596
324.182,324.216,USV_529,0.033999999999991815,1.0,88.43500000000003,False,112.582,201.01700000000002,211.60000000000002,123.16499999999999,0.00666324608027935,0.032389322916666664,16315.805120129891,15079.447630980578,0.0001285452546063608,31706.25,16931.84306283612,1.8508703975201428,3.9789525013871465,4.970585181644734,16.926147858819935,12.981359431534944,14.138755275115166,55.71161826876052
324.27,324.286,USV_530,0.016000000000019554,1.0,88.43500000000003,False,112.582,201.01700000000002,211.688,123.25299999999996,0.015343870036303997,0.0072021484375,14182.49065256616,19031.73657993095,0.00019761870160191086,29929.6875,15543.428484185071,2.4678449823153468,4.766177745527581,5.817665730953325,13.895555730293834,10.676702560800765,12.716887568348366,44.832596803012166
324.356,324.375,USV_531,0.019000000000005457,1.0,88.43500000000003,False,112.582,201.01700000000002,211.774,123.33899999999997,0.008267187513411045,0.027880859375,17631.676725588968,19460.808629328883,0.000575883192524782,32803.125,15776.316877063655,2.028972955093607,3.9903719442554944,6.632570254499503,11.769707279253748,9.378587027842586,12.797032401790887,47.802509560159784
324.435,324.455,USV_532,0.01999999999998181,1.0,88.43500000000003,False,112.582,201.01700000000002,211.853,123.41799999999998,0.01258529257029295,0.0196533203125,16025.673360806808,18576.19153088356,0.000711592075110824,30253.125,16816.670246972797,1.8046514318673705,6.021877070232073,5.722714012094183,16.5357171151908,9.706576857652603,13.085385586796203,48.23020109413655
324.709,324.762,USV_533,0.05299999999999727,1.0,88.43500000000003,False,112.582,201.01700000000002,212.127,123.69199999999998,0.007096873130649328,0.031804865056818184,15382.151289991294,15662.784462897125,7.619703232122521e-05,32011.363636363636,21597.79482020982,2.3437461771682453,4.328270030275886,6.054992573551286,18.026257219891757,10.271681661799658,15.100956869788583,57.750242635666
325.367,325.392,USV_534,0.024999999999977263,1.0,88.43500000000003,False,112.582,201.01700000000002,212.78500000000003,124.35,0.009349007159471512,0.0252685546875,15772.362698450954,18544.87396672687,0.00030892405324283915,31648.4375,19681.77435196788,1.5099767270853324,4.927125897728912,3.780732146840412,14.975036868969454,11.418344254929048,12.621123690077253,48.53102716895929
325.967,326.076,USV_535,0.10900000000003729,1.0,88.43500000000003,False,112.582,201.01700000000002,213.385,124.94999999999996,0.012571865692734718,0.026736237281976744,15148.667427990504,14116.236129937493,6.901399555219516e-05,29143.168604651164,21840.751390047248,2.1722075916339585,4.496874122414591,6.297899664294191,17.133353903940353,11.260093128727318,15.001776993916769,61.31346236426728
326.13,326.159,USV_536,0.028999999999996362,1.0,88.43500000000003,False,112.582,201.01700000000002,213.548,125.11299999999997,0.011157588101923466,0.020301231971153848,14263.230100210709,16145.661985193867,0.00016806798673922246,30396.634615384617,25302.337404845708,2.1260040369197504,5.3041269450453585,7.59802683708052,19.14997572705048,10.678434280810258,14.524840892843748,51.88320124479521
326.201,326.258,USV_537,0.05699999999995953,1.0,88.43500000000003,False,112.582,201.01700000000002,213.61900000000003,125.184,0.00855107419192791,0.026295979817708332,15974.341984471486,17285.051549437067,0.0002467609475423104,32246.09375,25110.386912954087,2.342261475064022,3.7994912097564764,5.421780703239357,15.51268523549207,10.463820382663094,14.608183738249949,55.84486906899017
326.416,326.456,USV_538,0.040000000000020464,1.0,88.43500000000003,False,112.582,201.01700000000002,213.834,125.39899999999997,0.007400874048471451,0.030862247242647058,15237.852598507343,15549.714050761157,9.150577325386557e-05,31097.426470588234,24306.466707393985,3.6886602593334836,5.333865076592573,5.7591159086141435,16.312348305687003,11.189830192255638,14.01904919457397,55.82621912156542
326.579,326.709,USV_539,0.12999999999999545,1.0,88.43500000000003,False,112.582,201.01700000000002,213.997,125.56199999999998,0.008588384836912155,0.023815678615196078,14522.467164866142,15479.573685413841,5.715046298649753e-05,31413.602941176472,24298.64838361936,2.5693347194112226,3.728099217601983,4.5351859340219125,16.957117457264484,11.9169716554402,14.443238178095518,58.48965779781524
326.742,326.89,USV_540,0.1479999999999677,1.0,88.43500000000003,False,112.582,201.01700000000002,214.16000000000003,125.725,0.009969213046133518,0.026918608566810345,14650.54133555383,14455.072506209452,6.144464753506192e-05,30484.91379310345,23423.04117125495,2.4128035474199505,5.205831821494979,5.919039759464907,15.962511159481071,10.773258316079172,14.62365707100369,59.432651279970905
326.923,326.992,USV_541,0.06900000000001683,1.0,88.43500000000003,False,112.582,201.01700000000002,214.341,125.90599999999998,0.011148870922625065,0.019287109375,14211.238462099998,16220.738715223431,0.00029753561050273027,30726.5625,23163.410768025038,2.672660697140614,4.730422938462495,5.074358330002602,16.707380452883186,9.817272058295373,13.521664204450614,56.200213575714194
327.657,327.783,USV_542,0.1260000000000332,1.0,88.43500000000003,False,112.582,201.01700000000002,215.075,126.63999999999996,0.009977888315916061,0.0265869140625,15676.951774253133,15139.138675181508,0.0001923345452284995,31406.25,24138.091947830995,2.7459326892305693,4.976362807366679,6.189395764013888,17.738540108990122,10.752479994411901,15.212325799698766,59.96978989567734
328.194,328.321,USV_543,0.12700000000000955,1.0,88.43500000000003,False,112.582,201.01700000000002,215.61200000000002,127.17699999999999,0.010340145789086819,0.020205078125,13807.581987374604,14432.539320695845,7.593063412205176e-05,30243.75,20479.74176134464,2.10977815855027,5.445731115367273,5.07362567772959,16.557967757002437,11.801232790581754,14.885246739135328,59.48582201914336
328.402,328.519,USV_544,0.11700000000001864,1.0,88.43500000000003,False,112.582,201.01700000000002,215.82,127.38499999999996,0.013196290470659733,0.026606020720108696,13105.28994905547,13496.274979241036,2.169589543768687e-05,27676.630434782608,19279.566955887807,1.3374328066135337,5.3828346065702775,4.935054126938688,16.892704898018728,10.806736364237665,15.169893461976901,60.572096100021255
328.892,328.92,USV_545,0.02800000000002001,1.0,88.43500000000003,False,112.582,201.01700000000002,216.31,127.87499999999997,0.011481935158371925,0.01513671875,15138.432348270426,16900.838337955305,0.00039426853551884945,29473.55769230769,20686.49020409092,2.849316783273084,5.166033317233015,4.878274927066071,14.618942270637527,10.967374137542633,14.64090113677499,51.2678200166317
329.03,329.044,USV_546,0.014000000000010004,1.0,88.43500000000003,False,112.582,201.01700000000002,216.44799999999998,128.01299999999995,0.009846922941505909,0.01812744140625,16369.911393136601,18707.383559125155,0.0002491183853297828,30410.15625,20194.679551603847,1.1845310496654737,3.4019037138643347,6.426682706096379,14.702022838094706,10.700336010360441,14.357187724532443,44.978274863584765
329.074,329.109,USV_547,0.03499999999996817,1.0,88.43500000000003,False,112.582,201.01700000000002,216.49200000000002,128.057,0.011630448512732983,0.026057942708333334,14886.277497697172,16136.295051426097,0.00038091060025837364,28468.75,17623.38484605225,3.196614327426017,4.071218142266888,6.232501919352961,18.39349953927229,11.0773476682239,15.016447275235851,55.37075600280074
329.209,329.24,USV_548,0.03100000000000591,1.0,88.43500000000003,False,112.582,201.01700000000002,216.627,128.19199999999998,0.009557758457958698,0.020106724330357144,14780.597428061925,16444.474235363105,0.00013120597268255276,30127.23214285714,20465.794523048677,1.6914027975627717,4.0822023084111665,4.578376182958079,15.779176913431693,10.206060935943352,14.329369973393343,52.81009222128532
329.337,329.369,USV_549,0.03200000000003911,1.0,88.43500000000003,False,112.582,201.01700000000002,216.755,128.31999999999996,0.00629765959456563,0.03452845982142857,16046.936059791904,16671.15229211379,8.584534617474196e-05,32524.553571428572,20636.959745717904,2.587815749702942,4.97157427493177,5.0016359553633665,15.447914474210938,10.55781717942241,14.372118436856438,52.26885930121602
330.024,330.044,USV_550,0.01999999999998181,1.0,88.43500000000003,False,112.582,201.01700000000002,217.442,129.00699999999998,0.007717472966760397,0.0361083984375,16423.84769676452,16598.863019522156,0.0001337637634048554,31218.75,21422.11782466992,3.278640908535766,6.781995423986717,5.943387227166812,16.330606238975207,11.220693532776123,13.42420240280137,50.18406328916025
330.329,330.348,USV_551,0.019000000000005457,1.0,88.43500000000003,False,112.582,201.01700000000002,217.747,129.31199999999998,0.008334960788488388,0.0302001953125,16385.550054841333,16398.796441431245,0.0003711401610910369,31115.625,17753.221470503755,2.0516057639350085,4.35816417914687,5.5474861784675795,16.279518967257196,10.049664469037245,16.03666181452079,49.88011191099319
330.407,330.509,USV_552,0.10200000000003229,1.0,88.43500000000003,False,112.582,201.01700000000002,217.825,129.38999999999996,0.009502025321125984,0.017268483231707318,13491.377222169678,15631.968478354773,0.000102685366649487,30342.98780487805,17115.301635101347,3.4774791129832017,3.8904773506146837,5.397364417679949,14.767078914500352,10.212603681987158,15.015064812645237,58.20630557052767
330.796,330.811,USV_553,0.014999999999986358,1.0,88.43500000000003,False,112.582,201.01700000000002,218.214,129.77899999999997,0.012251684442162514,0.016387939453125,15049.932498789254,21422.553640040973,0.00022552018452825327,30691.40625,16411.506256350403,1.5089720415047179,8.455224953125246,3.8456900978808606,13.00864772829923,10.29896613323512,11.242699754449937,41.62630314539706
330.907,330.919,USV_554,0.012000000000000455,1.0,88.43500000000003,False,112.582,201.01700000000002,218.325,129.88999999999996,0.006285104900598526,0.03163364955357143,16239.771891066088,16435.379818048914,0.000194762611650444,31352.678571428572,16283.845769917185,0.9727458724190624,2.798955039149488,4.68489657862264,16.75865625569121,10.092249064029485,15.473374678226874,44.786255478939225
331.276,331.3,USV_555,0.02400000000000091,1.0,88.43500000000003,False,112.582,201.01700000000002,218.69400000000002,130.259,0.007414313964545727,0.020618785511363636,15707.82380339899,18256.041931959768,0.0006037438192710221,32548.295454545456,22999.976268918806,2.279633891812026,3.577045341060959,4.809040484646072,16.112354075601743,11.958867226070716,14.113636208376688,49.232537409589675
331.455,331.494,USV_556,0.03900000000004411,1.0,88.43500000000003,False,112.582,201.01700000000002,218.873,130.43799999999996,0.010956084355711937,0.018942440257352942,13616.473844114375,16878.704646267957,0.0001263535302702468,30931.985294117647,21797.324433842285,2.474868276440251,7.1499710650815205,5.297058198428971,16.38849063353078,10.335659441740786,13.639387790280217,52.09597865082087
331.701,331.715,USV_557,0.013999999999953161,1.0,88.43500000000003,False,112.582,201.01700000000002,219.11900000000003,130.684,0.006502456963062286,0.027679443359375,17699.898786056037,19706.23371335775,0.0008446774244339178,31535.15625,15875.466945607446,2.844399642121911,4.8436577526043045,4.477088089009756,11.693087547099392,10.95240540035173,14.30871628422133,45.497042460479676
331.955,331.969,USV_558,0.014000000000010004,1.0,88.43500000000003,False,112.582,201.01700000000002,219.373,130.93799999999996,0.011319797486066818,0.017822265625,15021.478737261034,20787.881473997837,0.0001786135495736195,30796.875,17444.7266395406,2.097340435716328,5.8770311923726055,4.892908783478957,13.473369550422444,9.503081795615913,12.941195342810076,42.51581963638894
332.036,332.073,USV_559,0.03699999999997772,1.0,88.43500000000003,False,112.582,201.01700000000002,219.454,131.01899999999998,0.008096687495708466,0.026153564453125,14748.22243163376,15822.575890570082,9.540756706478824e-05,31107.421875,16046.220503559645,1.8022970902189883,3.3259661343071896,5.3467286404963765,16.410459160800436,11.899011848325618,14.843757084802837,54.82230007755737
332.117,332.131,USV_560,0.013999999999953161,1.0,88.43500000000003,False,112.582,201.01700000000002,219.53500000000003,131.1,0.011878065764904022,0.0155029296875,14414.373895706942,17341.293419679863,0.0002678601840769781,30515.625,17711.915911769167,2.5818159962423453,6.216591342967427,7.6481058512875535,13.464526686405476,13.937898748409792,13.824020969007245,44.933442351615966
332.203,332.216,USV_561,0.013000000000033651,1.0,88.43500000000003,False,112.582,201.01700000000002,219.62099999999998,131.18599999999995,0.009814061224460602,0.019252232142857144,16160.14460994929,19066.579465609197,0.0003012395161945001,30241.071428571428,15206.385223305751,2.969235165816245,4.747404833662038,4.227418139440602,17.717587630607003,11.4910193783363,12.492244226925175,43.03819811234057
332.376,332.424,USV_562,0.04800000000000182,1.0,88.43500000000003,False,112.582,201.01700000000002,219.79399999999998,131.35899999999995,0.0106898108497262,0.02613525390625,14597.337499505065,15008.335002507049,0.00010447670906969458,30304.6875,16497.510004360272,1.7791768109421056,6.222205614598886,6.1946097900192125,16.100665267993897,10.692995965548414,14.526702958181724,55.58185563387531
332.46,332.506,USV_563,0.04599999999999227,1.0,88.43500000000003,False,112.582,201.01700000000002,219.878,131.44299999999996,0.009374435991048813,0.02506103515625,15511.479312217849,15968.467684350315,0.00012023130192088172,30693.75,15990.742407773747,2.697708520073001,5.402518945976411,5.630952742804892,16.05740536211958,11.780011873673372,15.342549521413176,56.43105330494045
332.541,332.572,USV_564,0.03100000000000591,1.0,88.43500000000003,False,112.582,201.01700000000002,219.959,131.52399999999997,0.008027911186218262,0.032871791294642856,15959.140795346322,15395.542399652002,0.00018785916922817823,31024.553571428572,16928.34542206016,2.706404038750953,3.8343638952360566,5.436272652339553,14.361382756250979,10.845664161103732,14.893962075858354,55.03879201365987
332.638,332.663,USV_565,0.025000000000034106,1.0,88.43500000000003,False,112.582,201.01700000000002,220.05599999999998,131.62099999999995,0.007887902669608593,0.051920572916666664,18480.74095477771,17349.727199800192,0.000854152688187791,31710.9375,15048.88827653238,1.6832572258786371,4.349501318035478,4.0772544090470735,15.26497283211044,9.465693843033286,13.167700302577488,52.90386341292222
332.721,332.754,USV_566,0.03300000000001546,1.0,88.43500000000003,False,112.582,201.01700000000002,220.139,131.70399999999998,0.007474446669220924,0.018033854166666665,14817.957436652086,16008.682778958104,0.0002850694328286186,31162.5,15478.388183108058,2.2986321559082348,2.9132325756387467,4.508050178730865,14.704788544729391,10.665871948901222,13.415180469138608,54.92099836639478
332.936,332.962,USV_567,0.02600000000001046,1.0,88.43500000000003,False,112.582,201.01700000000002,220.35399999999998,131.91899999999995,0.0073496815748512745,0.025370279947916668,17034.335981359614,19410.078048211646,0.0005791960659248711,32843.75,22296.575620682484,2.889309652122845,4.434883003741835,6.51273266108002,16.46934673507244,11.704381018526398,13.963609626609397,49.42284922420328
334.349,334.377,USV_568,0.02800000000002001,1.0,88.43500000000003,False,112.582,201.01700000000002,221.767,133.33199999999997,0.009540783241391182,0.019211989182692308,15741.420948297162,19813.537478072303,0.0006527187947253813,32920.67307692308,20617.985062418367,2.1529952976588946,6.6712615511194056,6.150735234799656,14.53812375681751,11.054393366488377,14.471557969327332,48.91262267900231
334.547,334.558,USV_569,0.010999999999967258,1.0,88.43500000000003,False,112.582,201.01700000000002,221.96500000000003,133.53,0.00941438227891922,0.022379557291666668,15349.490651083057,19587.741892825823,0.0003064573402083134,30484.375,19316.536343479038,2.251280333363487,6.4420838330331485,5.743399466110673,13.780715035746638,8.534498893070323,15.212147293302934,42.804636279737956
334.72,334.745,USV_570,0.024999999999977263,1.0,88.43500000000003,False,112.582,201.01700000000002,222.13800000000003,133.703,0.009685052558779716,0.017333984375,14185.958265290878,16741.1661728152,0.00010186088820792373,30632.8125,25462.44363889329,2.6127952656602274,7.301181336125963,4.781885364725036,17.08832476081118,10.63547812566411,16.144760793187213,51.97384829137413
334.927,335.049,USV_571,0.12199999999995725,1.0,88.43500000000003,False,112.582,201.01700000000002,222.34500000000003,133.91,0.01042364165186882,0.020268758138020832,13637.150889248122,14654.614980733657,0.00029319342131975325,30093.75,22657.664049081464,2.8046909105198687,4.949280226464383,5.1200386403919005,18.94862384018229,12.115182075647889,14.816384823264542,58.498199886854486
335.362,335.371,USV_572,0.008999999999957708,1.0,88.43500000000003,False,112.582,201.01700000000002,222.78000000000003,134.345,0.011197126470506191,0.014973958333333334,18099.966378446174,23458.379930619176,0.0005552893296858231,31625.0,22474.931997550055,1.0563574754225755,5.982131085617875,4.078566830767155,7.493474859239235,9.390075027665501,12.595230270699043,35.53357653893557
335.453,335.601,USV_573,0.14800000000002456,1.0,88.43500000000003,False,112.582,201.01700000000002,222.87099999999998,134.43599999999995,0.009532342664897442,0.023833176185344827,15001.212842123348,14001.55498508246,3.132880518645224e-05,30344.28879310345,21435.82645847837,2.696163157477481,4.440536349310188,5.037435324238584,17.089650585650503,11.680373567188045,14.51164796774516,60.831016738009694
336.167,336.186,USV_574,0.019000000000005457,1.0,88.43500000000003,False,112.582,201.01700000000002,223.58499999999998,135.14999999999995,0.008867205120623112,0.0117431640625,15351.908397553092,18254.4851000894,0.0004042909095244663,30918.75,19088.76255814665,2.197155952027824,4.480134891030644,5.443303811414239,13.897920512100864,12.090980447634765,14.964576686254969,47.38004690375137
336.312,336.329,USV_575,0.016999999999995907,1.0,88.43500000000003,False,112.582,201.01700000000002,223.73000000000002,135.295,0.013425697572529316,0.029812282986111112,16730.273208434737,18449.570609401693,0.00024028008472614583,30791.666666666668,25829.312904831953,1.25942452236923,6.421425931946558,4.518115291660927,14.159670559534835,9.133688727876123,14.928691629068567,47.13020299883621
336.692,336.729,USV_576,0.03699999999997772,1.0,88.43500000000003,False,112.582,201.01700000000002,224.11,135.67499999999998,0.009761905297636986,0.027740478515625,14820.172826062586,15539.49108774128,4.9167018869428174e-05,30468.75,19025.817596995043,2.3557414787986266,3.414962057754822,6.352285274806782,18.151449069723594,12.96993523703372,15.195894212667369,54.190706232361514
336.837,336.865,USV_577,0.02800000000002001,1.0,88.43500000000003,False,112.582,201.01700000000002,224.255,135.81999999999996,0.0117447879165411,0.017258864182692308,13674.96040551047,17327.448106277585,0.00018776219235678828,30230.76923076923,27400.665069004426,1.6548554734050123,6.15345853132339,6.595761518134197,18.303112702427146,11.645129228916856,14.336455693386597,49.282885194111614
337.057,337.121,USV_578,0.06399999999996453,1.0,88.43500000000003,False,112.582,201.01700000000002,224.47500000000002,136.04,0.012312795966863632,0.010122445913461538,12881.956601176313,14669.941333017703,5.152715683464481e-05,28943.509615384617,19026.570223641644,2.72661562625216,3.866319422047414,4.932633696724761,16.94575476799488,13.537970344300257,14.1283094649638,56.970839021597
337.213,337.269,USV_579,0.055999999999983174,1.0,88.43500000000003,False,112.582,201.01700000000002,224.63100000000003,136.196,0.010080483742058277,0.029211956521739132,14862.256866536878,15400.353826380671,0.00013732782054322296,29775.815217391304,21068.998382639107,3.3125975397498495,6.69079791579425,5.803868205905648,15.76361737310889,11.593970558980452,14.324565084750136,57.89811196757235
337.563,337.655,USV_580,0.09199999999998454,1.0,88.43500000000003,False,112.582,201.01700000000002,224.981,136.54599999999996,0.010590100660920143,0.0380859375,15234.436477518379,14768.907314979919,5.667125652001471e-05,29110.641891891893,24524.21928514717,2.231298842617125,4.414650616019375,4.8787657815521115,16.466629728020497,11.640512664961863,15.886894532030345,60.96588996847628
337.729,337.838,USV_581,0.10900000000003729,1.0,88.43500000000003,False,112.582,201.01700000000002,225.147,136.71199999999996,0.008867457509040833,0.027315361555232558,14616.590375968515,14371.63210788615,1.6536763528815804e-05,30453.488372093023,22857.772852750386,2.5225961145043097,4.7906556131011735,5.9634878884863625,17.41912856372537,11.521336061263503,14.759703633882575,60.952765346345366
340.784,340.8,USV_582,0.016000000000019554,1.0,88.43500000000003,False,112.582,201.01700000000002,228.202,139.76699999999997,0.011160898953676224,0.0087890625,17534.241822954784,21598.508842334228,0.0004159454380722561,34523.4375,25172.72331446049,2.532102399221741,2.8771293470335433,5.518889071903033,13.506511608973938,9.652213943357573,15.661945342490126,44.92290469005853
341.17,341.203,USV_583,0.03299999999995862,1.0,88.43500000000003,False,112.582,201.01700000000002,228.58800000000002,140.153,0.011665690690279007,0.011669921875,13659.007810829835,16975.724006684017,0.00025172190941949994,30518.75,28230.3545273307,2.2470241551625443,4.025956259608311,5.278337648289606,16.665561437685994,11.617863955068627,14.955126222497586,50.86760025747171
342.255,342.273,USV_584,0.018000000000029104,1.0,88.43500000000003,False,112.582,201.01700000000002,229.673,141.23799999999997,0.009272243827581406,0.030978732638888888,16409.206405756668,17128.42519218259,0.00010749709334714497,32197.916666666668,26902.89939345453,1.0429403985814572,7.465389482832963,4.860609620919309,14.666291133517461,11.331554172332543,15.028232575866282,47.176191990855145
342.767,342.822,USV_585,0.05500000000000682,1.0,88.43500000000003,False,112.582,201.01700000000002,230.185,141.74999999999997,0.009037559852004051,0.030082370923913044,16685.805879625263,16932.838273495327,0.00011433724695194925,33330.163043478264,29489.058344126668,1.7129221454824985,5.771612798268262,5.247160739883921,16.611325296620496,11.353374485280362,15.160881864319535,55.45246536789677
342.934,343.001,USV_586,0.06699999999995043,1.0,88.43500000000003,False,112.582,201.01700000000002,230.35200000000003,141.917,0.010675803758203983,0.018428096064814815,15062.381230851124,16303.669755215957,0.00011477594938744413,32222.222222222223,27228.373921855346,2.155898068712006,3.970590048542774,4.9617175180615805,14.952054968841125,11.953463967307203,15.090359481031875,57.67184630804897
343.439,343.456,USV_587,0.016999999999995907,1.0,88.43500000000003,False,112.582,201.01700000000002,230.85700000000003,142.422,0.012049159035086632,0.013888888888888888,15989.853926611606,20059.28019709994,0.00014487833232213572,32177.083333333332,25813.984662478786,2.002525442119044,5.468481506316133,6.536238553423107,12.842110321817819,10.078727071391919,13.262016917744644,45.01941217822198
343.922,343.965,USV_588,0.04299999999994952,1.0,88.43500000000003,False,112.582,201.01700000000002,231.34000000000003,142.905,0.009289675392210484,0.019029405381944444,14648.756875268717,16734.136714870754,7.007113508264543e-05,31562.5,23771.851182523,2.770661898856992,6.020562804241752,5.980997328361391,17.2785240897255,9.714951722265738,14.573682218116382,55.59866791288391
344.054,344.166,USV_589,0.11200000000002319,1.0,88.43500000000003,False,112.582,201.01700000000002,231.47199999999998,143.03699999999995,0.009624467231333256,0.01685125177556818,14728.734987194295,15089.50438883137,4.5194984160945774e-05,31811.079545454544,27882.15275959738,2.7903513551848063,4.542288549752508,5.555745972144449,16.21225078850402,11.179872526784237,14.8810607384318,58.76868009642293
344.552,344.652,USV_590,0.0999999999999659,1.0,88.43500000000003,False,112.582,201.01700000000002,231.97000000000003,143.535,0.007454307284206152,0.028900146484375,16618.381060771924,16331.11039131495,0.00011583678449765878,33548.4375,28701.86764255772,3.5650775502074294,4.034521674801748,5.112641453259544,17.22713991983874,11.33058334690504,14.510876138963065,59.2278362974919
345.454,345.539,USV_591,0.08499999999997954,1.0,88.43500000000003,False,112.582,201.01700000000002,232.872,144.43699999999998,0.008641564287245274,0.021520278033088234,15368.628518602398,16132.42059559914,0.00022063102611716433,31954.96323529412,25528.148974788466,2.215812790172897,4.345108552091303,4.45005328117655,16.76690153814551,11.642427985669858,15.755690338523387,58.14034537163599
345.698,345.815,USV_592,0.11700000000001864,1.0,88.43500000000003,False,112.582,201.01700000000002,233.11599999999999,144.68099999999995,0.008605406619608402,0.026298191236413044,15657.266574628511,15803.264709910824,0.00013873754416238906,32790.08152173913,28701.881966032066,2.3210646081123696,5.950429134691852,5.224249983624787,16.54366232614392,10.898493248924463,14.573055254661323,58.935410999586615
346.145,346.288,USV_593,0.1430000000000291,1.0,88.43500000000003,False,112.582,201.01700000000002,233.563,145.12799999999996,0.010105295106768608,0.020398821149553572,14500.517336372535,15031.840734318495,5.1803623530390615e-05,31016.183035714286,26602.551904278665,2.45494641663259,5.593750944970267,5.690484185964203,18.72898501750348,11.29756614229731,13.778061833128811,59.678379138079556
346.681,346.82,USV_594,0.13900000000001,1.0,88.43500000000003,False,112.582,201.01700000000002,234.099,145.66399999999996,0.009223593398928642,0.029736328125,16401.28148864461,14970.551290663985,0.0002508249247867278,32212.5,27208.990672791835,2.5023376881512345,3.8759778150486373,5.304695902353066,17.347765824431175,10.661341973241115,14.62711836416718,60.857120023989296
346.966,347.04,USV_595,0.07400000000001228,1.0,88.43500000000003,False,112.582,201.01700000000002,234.38400000000001,145.94899999999998,0.011387091130018234,0.021004231770833333,15136.327218730243,15873.152247544438,0.00018019945228202073,31343.75,22472.91510075894,2.7351112996344775,5.033746782288146,6.29420996379433,15.535492104540912,10.874201174992495,13.827567717471746,57.627734186751354
348.086,348.183,USV_596,0.09699999999997999,1.0,88.43500000000003,False,112.582,201.01700000000002,235.50400000000002,147.069,0.010439409874379635,0.017684545272435896,13406.722612746753,15224.337582763908,7.228259544307809e-05,30019.23076923077,20887.22540735533,2.6427608485764913,4.352145369615248,5.136408969634932,15.561344249694148,10.952400486448159,15.369436334300698,57.57318985063565
349.072,349.191,USV_597,0.11899999999997135,1.0,88.43500000000003,False,112.582,201.01700000000002,236.49,148.05499999999998,0.009310302324593067,0.02424783909574468,14931.284467478323,14884.850494642635,2.266148577228127e-05,31797.207446808512,27742.841749312174,2.8050626248192567,3.69603460930658,4.739976911207595,16.294204462041083,11.201313378885802,13.412744227676667,59.37499849836855
361.2,361.336,USV_598,0.1360000000000241,,,None,,,,,0.010176404379308224,0.023055166568396228,13210.267491982642,14448.186413889647,2.9979547749514517e-05,29391.509433962263,22525.85898342443,2.5688498795321544,4.527303593787546,5.434027591783742,17.637212426501723,11.69284281506227,14.295052855066974,59.83872725688073
363.981,364.032,USV_599,0.05099999999998772,,,None,,,,,0.008891495876014233,0.027657645089285716,16098.432984812534,15527.330844180324,0.00011092209122424691,31102.678571428572,23598.906851963333,2.761526923334451,3.078395619355201,4.37791981203825,15.46828280646807,10.33416021435988,14.072247954705285,58.73655907971018
372.308,372.388,USV_600,0.07999999999998408,,,None,,,,,0.012254727073013783,0.02635955810546875,11186.209713200573,12712.540347024553,1.8857417564211438e-05,25133.7890625,17240.794462212434,2.267976940479687,3.9992966989968464,5.8431479911049395,15.562678929258515,11.636717731704632,15.615312651681888,59.57371959663178
372.526,372.605,USV_601,0.07900000000000773,,,None,,,,,0.01752994954586029,0.01630401611328125,9291.401736394488,12469.554577967217,2.5606689122244052e-05,22230.46875,24159.656604166965,2.6405779331184904,3.7655103393911604,4.232402277357395,16.45413262056116,11.751865950722108,14.562589096477192,58.944437439103645
408.753,408.84,USV_602,0.08699999999998909,,,None,,,,,0.008937284350395203,0.022767857142857142,14131.736722222277,15103.217440643726,1.896509774707199e-05,30407.14285714286,26297.637874100896,2.538142450923655,3.9479005334593484,5.897576049228681,16.253785215041383,11.132470496799787,14.973679715238788,58.04801858885037
409.263,409.274,USV_603,0.011000000000024102,,,None,,,,,0.0049798679538071156,0.026890345982142856,18575.24516290237,21041.82449778457,0.0011409250542546508,33950.892857142855,24898.446032937896,2.2131669209019473,3.659023159363808,4.764902517294547,12.953304856682351,8.699156911300616,11.726429346812983,41.395754830021396
409.457,409.499,USV_604,0.04200000000003001,,,None,,,,,0.010832111351191998,0.013102213541666666,13833.39590752204,16370.15663065674,0.0002878279370190667,30114.583333333332,15195.225820773727,2.5268796885183598,5.20745764170836,6.31003426853952,14.646238893870978,10.331531279707095,14.581229716552558,54.009474275372185
409.659,409.771,USV_605,0.11200000000002319,,,None,,,,,0.010032912716269493,0.020163796164772728,12901.864279252326,13209.063634369151,3.823771121849625e-05,28078.125,17189.252387666307,2.3519255399662544,5.1564450012506935,5.465729803835587,15.707705905106367,12.607330948547805,14.590323826118178,60.51595200399842
413.456,413.558,USV_606,0.10199999999997544,,,None,,,,,0.010642321780323982,0.022609803734756097,13696.186183591824,14042.134187412303,8.747011147992287e-05,28653.201219512193,15479.392684639894,2.901579583904751,7.160998066124431,4.9247468217143835,15.1186659445663,11.150274838779819,14.906641452035357,59.297150396470784
416.102,416.209,USV_607,0.10700000000002774,,,None,,,,,0.009017786011099815,0.025504178779069766,13985.85394991134,13932.316818755247,2.6689698386392433e-05,29853.924418604653,16799.686008525277,2.8734023504953554,6.390263570549527,4.6512075078082695,16.95578458083878,11.67960076357084,13.121051317733835,59.498013968261944
417.709,417.814,USV_608,0.10500000000001819,,,None,,,,,0.009620750322937965,0.023187546502976192,14330.343908534443,14388.18030239102,0.00015465194462354663,29758.928571428572,15021.375033797167,2.683007784689217,4.336215154570527,5.377547653755877,14.461570336629226,11.010458893350634,14.524246157981931,59.84090429743831
417.846,417.973,USV_609,0.12700000000000955,,,None,,,,,0.010228132829070091,0.0210986328125,13937.96964066563,14240.250621318592,3.4024998135022366e-05,29557.5,17779.925313680473,1.9458480231237727,6.767788691154776,5.0300431049578,16.105308972915335,11.092547937825058,13.853504203664702,60.480413399218286
429.374,429.447,USV_610,0.07299999999997908,,,None,,,,,0.01264994964003563,0.018302408854166667,12380.341453896328,14871.577544611859,5.601582301351748e-05,27918.75,20948.17691075574,2.951156188022753,2.2406399484386856,5.093479353243679,15.190207028042192,10.37086292370694,13.424711563363887,56.99810903199259
432.06,432.173,USV_611,0.11299999999999955,,,None,,,,,0.009324230253696442,0.01699761284722222,14502.310600154842,15545.384842575502,0.00025687367556842327,30725.0,21266.778180672307,3.145675634251104,3.8910858065829883,5.950920459787827,16.853757438232982,11.268054573080414,14.431709940267115,58.05133762800486
432.262,432.331,USV_612,0.06900000000001683,,,None,,,,,0.008273063227534294,0.02960205078125,15761.537144174,14247.70131907857,3.353446838433172e-05,31101.5625,21898.57168095982,2.977567923671097,4.246569575254937,4.989189724827809,17.954749076331314,11.222187106824961,15.168267332557047,59.39003686268082
433.45,433.527,USV_613,0.07699999999999818,,,None,,,,,0.007360390387475491,0.02494172127016129,14842.762158651143,14371.689221261868,1.864205188572742e-05,31061.49193548387,16455.243608978522,2.369642755909177,4.0832993940414655,5.888588980906703,16.06762273939,11.840429242674027,15.880302966397728,60.202226453450024
434.912,435.013,USV_614,0.10099999999999909,,,None,,,,,0.009894379414618015,0.022869873046875,13828.937635929015,14884.067237491388,7.493582538424794e-05,29892.1875,18208.91745526039,2.8597988490541537,5.560958411456194,5.843565029540665,16.91363388120339,11.07458416914603,14.789870874250255,58.1930566509533
435.223,435.304,USV_615,0.08099999999996044,,,None,,,,,0.009799093008041382,0.019205729166666668,14359.232638263456,15699.068696301083,0.000288731284248217,30798.295454545456,16681.236597005827,3.2484242781422874,5.06443570725212,5.803871331736535,17.661417319517117,11.441956183296838,14.510104934503124,58.115216558853454
443.553,443.678,USV_616,0.125,,,None,,,,,0.017609694972634315,0.034344108737244895,10594.778017342567,10000.182445203003,1.1963858119194059e-05,18811.224489795917,14769.230769230768,2.2395777249644384,5.024935298243642,5.009116589743612,14.105779300603064,13.092118801999998,15.900604740511318,66.5255216331723
444.49,444.583,USV_617,0.09300000000001774,,,None,,,,,0.011832976713776588,0.01958403716216216,11653.899855192434,14274.567415357084,4.923342423110892e-05,28028.716216216217,27211.63700311365,1.8605159391405428,5.9596093354824635,5.041651151258564,15.9497524512624,11.45913108542208,14.999648569769075,57.69019591419412
446.357,446.439,USV_618,0.08199999999999363,,,None,,,,,0.008440966717898846,0.022705078125,13821.311797300152,14845.217102679193,1.6497855719317838e-05,30738.636363636364,21450.47350982966,1.5826467065056755,5.0012829278701245,4.868950899958626,18.87332160313824,12.188498535419134,15.260754368196384,57.745102281073976
446.539,446.558,USV_619,0.019000000000005457,,,None,,,,,0.0116092124953866,0.0108642578125,13680.948651649329,17877.116639202148,5.748345831993092e-05,29775.0,21270.01504613266,1.5963155006676937,3.7234117425459514,6.801455142118906,15.900158969332626,12.351888169485221,16.832584963332284,47.29285638574111
452.612,452.645,USV_620,0.03299999999995862,2.0,5.550000000000011,True,450.489,456.039,2.1230000000000473,-3.426999999999964,0.00723404111340642,0.025455729166666666,15946.990201267543,17822.960651179736,0.0001593412722009667,32468.75,21694.2435816884,2.2730474596086028,3.5159180990799666,5.041990641959036,16.78105432144236,10.450102177009745,16.573430136523566,52.173778506794925
453.288,453.348,USV_621,0.060000000000002274,2.0,5.550000000000011,True,450.489,456.039,2.799000000000035,-2.7509999999999764,0.009636228904128075,0.031376953125,16124.34815659686,16133.357372642335,0.00041110947429534583,31065.0,24739.535667683253,3.2140963537558513,4.715553361411915,5.107659522428714,17.18764632058679,8.968143633897984,15.53807830076908,56.46321444054161
453.453,453.516,USV_622,0.06300000000004502,2.0,5.550000000000011,True,450.489,456.039,2.9639999999999986,-2.5860000000000127,0.008131387643516064,0.02232947716346154,14254.41298227361,14561.45048590723,6.042364883213665e-05,30039.66346153846,15807.407698535428,2.4018277847359966,2.331965963677019,4.887346180673091,17.045690865270334,11.839488440373826,14.949012231478418,59.962020769974934
453.734,453.759,USV_623,0.025000000000034106,2.0,5.550000000000011,True,450.489,456.039,3.2450000000000045,-2.305000000000007,0.009969093836843967,0.020833333333333332,15621.938138795422,18036.208351300156,0.00018949989625018172,29937.5,15164.393199518256,3.2567714237110703,4.9358510840555505,6.012748523850761,15.363491474100769,11.017422193500472,14.006808735334806,50.54489305534134
453.832,453.846,USV_624,0.014000000000010004,2.0,5.550000000000011,True,450.489,456.039,3.3430000000000177,-2.2069999999999936,0.007204736117273569,0.029998779296875,16217.921586863908,17760.25007690287,0.00024418856324315253,30703.125,17164.092120294856,3.547383366225997,5.267597414959633,3.8414651717500954,13.947269388333446,12.182465196936116,15.148136297436382,44.394439601841356
453.971,454.004,USV_625,0.03300000000001546,2.0,5.550000000000011,True,450.489,456.039,3.4820000000000277,-2.0679999999999836,0.009428371675312519,0.014697265625,14628.220506017673,17238.478739390037,0.00029220222809351454,31781.25,24059.112100629416,2.0521421806510296,5.791485202762677,4.312052972348138,14.184388105569285,11.890637314752782,14.654912247544763,52.74910440678953
454.408,454.475,USV_626,0.06700000000000728,2.0,5.550000000000011,True,450.489,456.039,3.9190000000000396,-1.6309999999999718,0.008088544942438602,0.02691650390625,14600.37278336268,15102.487241549825,0.00015647381418464968,30897.321428571428,19980.83820197054,2.5884337187739237,5.92210977219881,4.481994617478728,16.4341584145534,12.553344993023229,14.141064513988054,57.32021310009474
455.567,455.634,USV_627,0.06700000000000728,2.0,5.550000000000011,True,450.489,456.039,5.078000000000031,-0.47199999999998,0.009269537404179573,0.026968819754464284,14496.973121458937,14796.523666173953,8.199945915424952e-05,29869.41964285714,19298.240538097885,2.710453092986989,3.6262914002308166,5.38330481554423,16.825920585391955,11.1790012307056,14.618418686520084,58.36852161064212
456.047,456.056,USV_628,0.008999999999957708,2.0,5.550000000000011,False,450.489,456.039,5.55800000000005,0.008000000000038199,0.00866138469427824,0.010579427083333334,22217.45351962085,24226.404950700195,0.0008966223291321132,36562.5,30532.55756745434,2.287744557080964,2.2315265357063567,6.036779311294044,12.175085082295512,8.014042487362959,12.980411013520495,37.23236362169622
456.754,456.772,USV_629,0.01799999999997226,2.0,5.550000000000011,False,450.489,456.039,6.265000000000043,0.7150000000000318,0.020595157518982887,0.012993706597222222,10126.480834124497,16278.823155697282,0.00013316206055337428,24114.583333333332,31747.002795827033,2.4305778199985157,1.938109420790967,5.386149893157848,18.57453135944148,14.231514403060743,17.582746645939483,44.9030699693578
456.858,456.887,USV_630,0.028999999999996362,2.0,5.550000000000011,False,450.489,456.039,6.369000000000028,0.8190000000000168,0.013383453711867332,0.02355018028846154,15508.873652336126,17114.65382916452,0.0002249772236771343,29271.634615384617,21390.691486924763,2.4362126693657284,4.638909960138706,4.061464513573127,15.815858378182035,10.777758983939682,13.531182138428047,51.662353353235844
457.153,457.208,USV_631,0.05500000000000682,2.0,5.550000000000011,False,450.489,456.039,6.664000000000044,1.1140000000000327,0.007925456389784813,0.025910750679347828,15856.672857867194,16652.31235243185,0.0001480729545139027,32576.08695652174,27414.324849513643,2.3950645525544405,4.015948278520261,6.615542186865684,17.767212839062125,10.818737604352709,15.063489651406428,56.9726423367915
457.862,457.936,USV_632,0.07399999999995543,2.0,5.550000000000011,False,450.489,456.039,7.373000000000047,1.823000000000036,0.008546250872313976,0.018212890625,15258.864507927348,16564.204704077893,0.00012903506108521835,32456.25,22954.45554660584,2.3297788997460414,4.645342739607504,5.114167344268768,16.320295312952734,10.91934641310983,14.622892354491373,57.60093396993116
459.043,459.163,USV_633,0.12000000000000455,2.0,5.550000000000011,False,450.489,456.039,8.55400000000003,3.004000000000019,0.009762091562151909,0.030185131316489363,15876.860803621401,13948.221134579906,8.458484112267855e-05,29080.452127659573,21877.470427316093,2.680883845081777,3.254661985672226,4.940967127697363,17.24302210578567,12.450840137520407,14.385771206528718,62.683759985573815
461.115,461.145,USV_634,0.029999999999972715,2.0,5.550000000000011,False,450.489,456.039,10.626000000000033,5.076000000000022,0.00928161945194006,0.015799386160714284,15286.18242258337,17394.970940816587,0.0002917547872331913,30535.714285714286,23626.12405190126,2.4231190171043595,3.405025934990401,3.9814579932001957,15.349355399056833,9.599939033588829,13.948154460908869,52.03828337103139
462.05,462.124,USV_635,0.07400000000001228,2.0,5.550000000000011,False,450.489,456.039,11.561000000000035,6.011000000000024,0.010936209000647068,0.0259765625,14604.832088549514,15346.07679929464,6.931510112631594e-05,29415.625,24868.824394202882,2.155619255191637,4.010702872832628,5.324214451973639,15.623821829248481,10.42776799002828,14.007855468549478,57.549813458160976
464.114,464.136,USV_636,0.022000000000048203,2.0,5.550000000000011,False,450.489,456.039,13.625,8.074999999999989,0.008821090683341026,0.016623757102272728,16031.553863320149,20777.991700831368,0.0005436116350769342,32488.636363636364,23389.233301733315,2.886075614102305,6.619679151762202,4.611871280554708,12.39361092040282,9.77484994723405,14.295662188676594,47.40888214166823
464.5,464.544,USV_637,0.04399999999998272,2.0,5.550000000000011,False,450.489,456.039,14.011000000000024,8.461000000000013,0.012604531832039356,0.017295435855263157,13884.311564826487,16974.763803954473,8.607263125420773e-05,30458.88157894737,22306.113556354263,2.4724426341645764,7.034077519467165,5.498413644388964,16.0525514557457,11.340315828867531,15.102688666572396,52.22124849887083
464.887,464.927,USV_638,0.040000000000020464,2.0,5.550000000000011,False,450.489,456.039,14.398000000000025,8.848000000000013,0.00930734071880579,0.019416360294117647,15605.9211025476,17998.884723599855,0.0006322420012907014,33496.32352941176,30307.484403468337,2.64408142012315,4.6306143592642846,5.681951201653997,16.695137005103216,11.690531832655063,15.836952327805493,53.55592916271178
465.259,465.276,USV_639,0.016999999999995907,2.0,5.550000000000011,False,450.489,456.039,14.770000000000039,9.220000000000027,0.006818711757659912,0.029106987847222224,17665.97284601249,19065.945773647043,0.0004814597158646237,33500.0,20645.07607715069,2.9836556742887064,2.9372153602726914,5.987511269313085,15.575803605859713,11.405797290417391,15.315933735999197,45.928862410457924
465.419,465.527,USV_640,0.10800000000000409,2.0,5.550000000000011,False,450.489,456.039,14.930000000000007,9.379999999999995,0.009296377189457417,0.017867687136627907,14635.888385441045,15413.141041683428,0.0001388321043641339,30981.10465116279,23896.422748410932,2.4744140817863878,6.196431111876461,5.295952496154994,15.99042682385976,12.336416392568887,14.641013842769505,58.591913612836535
466.8,466.906,USV_641,0.10599999999999454,2.0,5.550000000000011,False,450.489,456.039,16.311000000000035,10.761000000000024,0.008947674185037613,0.021060035342261904,14706.096716167898,15187.650744214421,3.1338293318857894e-05,30973.214285714286,25136.159501565882,2.509076930189878,4.229774723510182,5.081696472949747,15.54102570669339,10.836817187310505,15.274794150580243,59.09364663116348
466.973,467.1,USV_642,0.12700000000000955,2.0,5.550000000000011,False,450.489,456.039,16.484000000000037,10.934000000000026,0.008981592021882534,0.0215576171875,15252.695373978464,14975.262147231835,3.478222071410905e-05,31333.125,23870.948128320506,2.9831856917791053,4.816631655101147,4.681121636439376,16.554409727477307,11.53500507091057,15.558763221792152,59.85220589700816
468.44,468.477,USV_643,0.03699999999997772,2.0,5.550000000000011,False,450.489,456.039,17.951000000000022,12.40100000000001,0.008823849260807037,0.026641845703125,17818.116907361185,16869.308428648612,0.00031092152266758003,33257.8125,29861.687432810286,2.9249274653377597,3.741486108492646,5.3887125748551625,20.685348863251455,11.301241493544179,13.854654340376857,55.319559609324244
468.875,469.01,USV_644,0.1349999999999909,2.0,5.550000000000011,False,450.489,456.039,18.386000000000024,12.836000000000013,0.009447798132896423,0.019973466981132077,14353.287085439233,14958.259776447125,7.594265824673658e-05,30826.061320754718,25923.255782650507,2.353302977615119,4.6572747893864435,5.937078590422719,17.76200784037553,11.267638443921543,14.45499831110026,60.27568631500548
469.124,469.204,USV_645,0.07999999999998408,2.0,5.550000000000011,False,450.489,456.039,18.635000000000048,13.085000000000036,0.008993991650640965,0.022552490234375,15251.042566022583,15435.574555772399,0.00015840626730867922,31705.078125,20163.666292398862,2.36138197105626,3.2952218098321326,5.725798041653992,15.49013633884175,12.140240300474483,15.436159172683999,58.98905372460087
469.247,469.31,USV_646,0.06299999999998818,2.0,5.550000000000011,False,450.489,456.039,18.758000000000038,13.208000000000027,0.010880480520427227,0.03355055588942308,17067.34936561144,15031.135093980807,0.0002957361990726803,31474.759615384617,18811.969648277893,2.399698021750514,4.641770673438497,5.607377141491687,15.466232478851142,10.897059620934117,14.946028566211895,59.01966757234736
469.476,469.523,USV_647,0.047000000000025466,2.0,5.550000000000011,False,450.489,456.039,18.987000000000023,13.437000000000012,0.009319527074694633,0.02205810546875,14720.928849684453,16615.922244812904,0.00014583872869215406,31289.0625,23793.55926611692,2.3629201654313694,5.957250543081731,4.528673201447054,14.880945788977977,11.062997994241567,14.773243777436619,54.572297108688325
469.858,469.877,USV_648,0.019000000000005457,2.0,5.550000000000011,False,450.489,456.039,19.369000000000028,13.819000000000017,0.005875421222299337,0.03896484375,18533.414724483326,19754.32033383584,0.0006047671540843574,33103.125,24533.25791289869,1.6246536299066765,4.048973563921783,4.405853893673649,13.263712951073746,10.036738872970533,13.98177318578602,48.54819651545472
469.944,470.001,USV_649,0.05699999999995953,2.0,5.550000000000011,False,450.489,456.039,19.45500000000004,13.90500000000003,0.008930116891860962,0.023356119791666668,14580.043227553551,16107.59260213865,5.607301670821084e-05,31132.8125,24460.656744848122,2.2769018154199334,4.430796489835521,5.760039390769204,18.815594036495742,12.194330843173015,13.801119818222944,55.395524526824865
470.101,470.151,USV_650,0.05000000000001137,2.0,5.550000000000011,False,450.489,456.039,19.612000000000023,14.062000000000012,0.010044174268841743,0.025669642857142856,16343.81897364306,15900.017515443984,0.00031262629192690456,31763.39285714286,24115.036287221665,2.956949020402993,5.094570416143841,5.21521106352122,16.941391111629365,9.81908074263805,15.340061481165966,57.23113746877334
470.22,470.262,USV_651,0.04199999999997317,2.0,5.550000000000011,False,450.489,456.039,19.73100000000005,14.18100000000004,0.01022854819893837,0.026991102430555556,15271.353485842435,16709.661533418006,0.00023938051822317027,30677.083333333332,18920.822334307013,3.5047305639523256,5.2952030911471,5.334818026462853,15.199645799973773,11.621559912194183,14.905083821023599,53.65916827449087
470.849,470.858,USV_652,0.009000000000014552,2.0,5.550000000000011,False,450.489,456.039,20.360000000000014,14.810000000000002,0.007776826620101929,0.029622395833333332,20323.38781405721,26521.034601416835,0.002087216634555938,36328.125,18751.123305509565,1.8914116229925984,3.91779107448178,4.408673192161294,9.707685331002546,7.485440799073324,13.737720008232971,34.920719618476866
470.925,470.965,USV_653,0.03999999999996362,2.0,5.550000000000011,False,450.489,456.039,20.436000000000035,14.886000000000024,0.0076501755975186825,0.02468692555147059,15936.557444269803,16187.028248180526,0.0008231748303448261,31957.720588235294,28243.645281588513,2.509886224705825,3.152349675248509,5.5270715567454385,17.12723110309385,12.218236397841078,15.229504953950498,55.50576746383015
471.005,471.077,USV_654,0.07200000000000273,2.0,5.550000000000011,False,450.489,456.039,20.51600000000002,14.966000000000008,0.008363899774849415,0.024809738685344827,14877.117575137021,16087.68248455153,0.0001654260777522664,31331.896551724138,22350.244965887432,2.983090978399525,4.500702906585315,4.451149643588498,16.577324853606786,12.764993913890935,14.926564585331796,56.97221879927063
471.271,471.328,USV_655,0.05699999999995953,2.0,5.550000000000011,False,450.489,456.039,20.78200000000004,15.232000000000028,0.013344339095056057,0.016825358072916668,14476.618979480058,15171.772557892766,7.83138947691356e-05,29824.21875,20120.78385890505,2.6259705603629473,3.5790278781849825,4.5652028038498615,16.807696881284784,11.484448182576322,14.029006658799537,57.636845901324456
471.565,471.582,USV_656,0.016999999999995907,2.0,5.550000000000011,False,450.489,456.039,21.076000000000022,15.52600000000001,0.008245638571679592,0.029188368055555556,17067.637518648055,18524.45082140147,0.0002156860395506898,31760.416666666668,21288.978290651685,1.7345285444257257,3.2528191937218773,5.015562461037245,13.419655935160373,10.28137842366908,14.52163292022997,46.642685893883964
472.157,472.181,USV_657,0.02400000000000091,2.0,5.550000000000011,False,450.489,456.039,21.668000000000006,16.117999999999995,0.006843572948127985,0.029052734375,17523.826256965745,17882.446577730254,0.0005169851663787248,32974.431818181816,27996.776190969835,3.3431153714834765,6.918567374424582,5.661538576998198,14.48621921686606,11.512798830409265,15.098434314502475,50.60302036829682
472.411,472.447,USV_658,0.036000000000001364,2.0,5.550000000000011,False,450.489,456.039,21.922000000000025,16.372000000000014,0.008242586627602577,0.0261993408203125,14848.654144400842,15364.127295109585,8.278560822060511e-05,31353.515625,16472.784244044502,2.828897101564678,4.934698723047799,4.539173180377931,18.066355843777234,12.992658965809863,16.125560403339897,53.32463800531179
472.811,472.869,USV_659,0.05800000000004957,2.0,5.550000000000011,False,450.489,456.039,22.322000000000003,16.77199999999999,0.00864432007074356,0.024658203125,14598.72427896605,15101.880182267909,0.00011577258601608088,30710.9375,23601.09400525801,2.3529379600487563,3.3676293035862486,5.30337958264082,17.791733735134358,12.104405523898132,15.10463007066891,56.394491718167764
475.429,475.458,USV_660,0.029000000000053205,2.0,5.550000000000011,False,450.489,456.039,24.939999999999998,19.389999999999986,0.009130665101110935,0.01819786658653846,15590.962436295882,18625.453672718195,0.00028119645563139876,31723.55769230769,19753.435549050333,2.5129778930377853,5.231739828932761,4.914448853981996,16.531756134719416,11.567621546111589,14.067357111078614,49.786176205716394
476.635,476.651,USV_661,0.016000000000019554,2.0,5.550000000000011,False,450.489,456.039,26.146000000000015,20.596000000000004,0.007507607340812683,0.019195556640625,17557.834455071785,21156.16101831678,0.0006967719109942498,33128.90625,23277.958845398527,1.5330208666320002,4.750504567827102,5.307736135360484,13.070929421244688,8.845598590228267,13.99392761885122,44.135162458586244
477.03,477.051,USV_662,0.021000000000015007,2.0,5.550000000000011,False,450.489,456.039,26.540999999999997,20.990999999999985,0.007699829526245594,0.038134765625,16425.535570692417,13972.061756624627,3.546792741659343e-05,30609.375,17572.56253514866,3.240826540750473,4.141074680501388,3.6888591809131497,19.232737844167488,12.631781889966968,14.393577883406573,54.329024263499186
477.649,477.67,USV_663,0.021000000000015007,2.0,5.550000000000011,False,450.489,456.039,27.160000000000025,21.610000000000014,0.009373767301440239,0.026611328125,18156.4431327724,20977.896089836475,0.000554272754269987,35175.0,30154.302548554184,2.125702150928041,5.970424433492639,5.414813068016356,14.258850245211724,11.213178675341334,15.189780501327988,46.86196784793861
477.727,477.768,USV_664,0.04099999999999682,2.0,5.550000000000011,False,450.489,456.039,27.238,21.687999999999988,0.01053575612604618,0.011501736111111112,13424.42168591633,16621.6891965253,0.0004870053971800389,30270.833333333332,20271.776031314526,2.786269946562308,5.3235834808201465,4.933610990362953,15.501241420769889,12.29375488020819,14.560981077692146,53.388082335123265
477.921,477.93,USV_665,0.009000000000014552,2.0,5.550000000000011,False,450.489,456.039,27.432000000000016,21.882000000000005,0.008831918239593506,0.017578125,16661.33517027087,23487.51319161303,0.0003211812863952758,32140.625,16286.194176558129,1.020594711763995,4.9400529657924,7.069971796121126,11.720656453834986,10.648174498207526,13.613085304794005,35.346915303942716
478.402,478.428,USV_666,0.02600000000001046,2.0,5.550000000000011,False,450.489,456.039,27.91300000000001,22.363,0.009103680960834026,0.02313232421875,15895.883192358531,17258.00456722019,0.00020502046246254272,31101.5625,26660.698215612076,2.686156558623773,4.890824150271527,5.742406454936739,17.270617259961117,9.99827000399607,14.703285495750526,50.9693215452021
478.555,478.564,USV_667,0.009000000000014552,2.0,5.550000000000011,False,450.489,456.039,28.06600000000003,22.51600000000002,0.006096427794545889,0.025797526041666668,18264.019322033397,21641.155636342355,0.001258271458562885,33484.375,24567.48208745474,2.5972392175989856,3.515071729338086,3.43671049362602,13.753080765355774,10.132183840223085,16.230391809643297,37.48341185190165
478.694,478.745,USV_668,0.05099999999998772,2.0,5.550000000000011,False,450.489,456.039,28.20500000000004,22.65500000000003,0.007683896459639072,0.03135463169642857,16068.118141900355,16332.049007672273,0.0004751830541080929,31700.89285714286,24660.768022141052,2.791834363957844,5.543700761987388,5.06372936000146,17.821092048591193,11.792376482121254,15.563259427069696,57.170982232324974
478.815,478.848,USV_669,0.03300000000001546,2.0,5.550000000000011,False,450.489,456.039,28.326000000000022,22.77600000000001,0.010495081543922424,0.0029296875,13591.691169370819,16197.309223484906,0.00012657101209688715,30156.25,24199.65237721287,2.6394048530968943,4.400462510899271,5.11264576317405,15.134919509330759,9.740672341827374,16.467394485860066,53.49101711674143
479.665,479.76,USV_670,0.09499999999997044,2.0,5.550000000000011,False,450.489,456.039,29.176000000000045,23.626000000000033,0.010322744026780128,0.020013106496710526,13932.352625718353,14148.54930747703,8.631861530765291e-06,30357.730263157893,24917.311261951243,2.3912659886562735,3.6578983314176994,5.869028996647337,17.436917726265968,11.735369641753637,15.905314899302525,60.426828983247766
479.869,479.924,USV_671,0.05499999999994998,2.0,5.550000000000011,False,450.489,456.039,29.380000000000052,23.83000000000004,0.010829000733792782,0.018363620923913044,14424.211046705708,15260.335479318086,5.299326107196293e-05,30599.184782608696,21380.976680548847,2.9742606275075865,8.131410862062976,4.832990959458317,16.539168730921674,9.524400278709049,14.955703212731034,55.92686499942991
480.209,480.22,USV_672,0.011000000000024102,2.0,5.550000000000011,False,450.489,456.039,29.720000000000027,24.170000000000016,0.00822447519749403,0.013950892857142858,17912.155705047877,23535.05364227341,0.0009163015117332942,33241.07142857143,27556.75049931815,3.0458399363453217,5.491504090160695,6.2398724571411295,11.86853807059067,8.993994419285718,12.861663170719735,38.803373768304446
481.187,481.236,USV_673,0.04899999999997817,2.0,5.550000000000011,False,450.489,456.039,30.698000000000036,25.148000000000025,0.01228448748588562,0.01512509300595238,14175.486202205715,16765.270240894537,0.0002467793676405302,29714.285714285714,26089.281756131983,2.540289660674059,5.404213848256508,5.398455748423239,18.231066833747178,11.046221950075076,14.19015470954648,54.55118032599407
481.614,481.624,USV_674,0.010000000000047748,2.0,5.550000000000011,False,450.489,456.039,31.125,25.57499999999999,0.00822265911847353,0.027262369791666668,14682.49745897535,16873.892485162054,4.765677126421141e-05,31531.25,24447.85441689037,1.7805075221838582,5.382607321527471,5.916392196840028,14.622414185509655,11.90622351832488,13.795651950445764,41.27364344847303
483.078,483.105,USV_675,0.027000000000043656,2.0,5.550000000000011,False,450.489,456.039,32.589,27.038999999999987,0.006209952291101217,0.027550330528846152,16925.693641972946,18238.351684246834,0.00034528159441332717,32877.403846153844,23633.62961525184,2.083137808615295,2.861137691782967,6.435613118281496,14.174345544850926,10.535484108029097,15.993493146484996,50.948856466856675
484.036,484.055,USV_676,0.019000000000005457,2.0,5.550000000000011,False,450.489,456.039,33.547000000000025,27.997000000000014,0.009306562133133411,0.016552734375,16408.96564537216,21422.607534958814,0.0006916896843728867,32493.75,23772.12750050771,1.827487382345091,5.35223256707041,5.506643024966918,13.64526213840352,10.607400464566009,12.83259145122052,44.737372087173284
484.124,484.163,USV_677,0.03899999999998727,2.0,5.550000000000011,False,450.489,456.039,33.63500000000005,28.085000000000036,0.010240134783089161,0.02102481617647059,13728.885272244022,15530.818604441103,0.000157329133445065,28819.852941176472,16123.528410663363,1.9762821564438369,5.935249471872838,5.839661862580879,17.209829162638652,11.202797542305532,15.294273142767471,54.197296631836764
484.511,484.526,USV_678,0.014999999999986358,2.0,5.550000000000011,False,450.489,456.039,34.02200000000005,28.472000000000037,0.008508636616170406,0.02117919921875,16146.211646769869,18693.286404746123,0.0003482179051582711,31347.65625,23936.350948607305,2.5826693159248855,3.247430908396238,5.427031553477429,16.243100752165468,10.332461796840766,15.709615451158164,44.033943582223884
484.783,484.797,USV_679,0.014000000000010004,2.0,5.550000000000011,False,450.489,456.039,34.29400000000004,28.744000000000028,0.008114812895655632,0.02362060546875,17018.416836028246,19943.383901328583,0.0005466070445569253,31945.3125,26175.729301666997,0.9222811458250679,4.622786941313264,5.064361486436985,11.988053800610357,8.782223939442366,13.240685437496781,43.68134884418476
486.598,486.608,USV_680,0.009999999999990905,2.0,5.550000000000011,False,450.489,456.039,36.10900000000004,30.559000000000026,0.009178074076771736,0.019490559895833332,18216.311026120693,23588.709927596745,0.0009372545321970146,34000.0,26915.654730490773,1.159724190697302,2.5657187839190514,9.93968206752791,14.809189617427476,8.615881471751711,13.810927255575137,36.63379671629105
491.448,491.49,USV_681,0.04200000000003001,2.0,5.550000000000011,False,450.489,456.039,40.959,35.40899999999999,0.008601825684309006,0.017795138888888888,14648.069571412003,17118.799345740972,0.0004153756267905518,31078.125,21108.13129447736,1.948065200601872,5.145924385842127,5.606269725304106,15.022446426428084,11.426656631075613,14.25491686876327,54.207681920120955
491.545,491.572,USV_682,0.026999999999986812,2.0,5.550000000000011,False,450.489,456.039,41.05600000000004,35.50600000000003,0.004991759080439806,0.037394205729166664,16548.940471936065,15501.665460029433,0.00017681445984460333,32250.0,20250.028806998318,3.042978458311786,4.1923508532082625,5.598694162951265,16.893173583058775,11.05856764306302,14.397022245826804,56.64929238800283
494.227,494.362,USV_683,0.13500000000004775,2.0,5.550000000000011,False,450.489,456.039,43.738,38.18799999999999,0.013099939562380314,0.02760170990566038,13651.609259308103,13735.760741035896,1.4526848816717649e-05,29179.245283018867,23452.426727737657,2.33388420742509,4.098233524208059,5.266440536375032,15.1574572668537,10.242890443676243,15.249462977358535,60.4364009091788
494.43,494.465,USV_684,0.03499999999996817,2.0,5.550000000000011,False,450.489,456.039,43.94100000000003,38.39100000000002,0.011073911562561989,0.020979817708333334,15858.923885446722,17940.53368729659,0.00034110161789493315,31600.0,23684.773403804782,1.7310137198988655,6.51491875855475,6.366563447155142,16.858750949936947,10.004394540101783,12.594331295452772,54.79768317110274
494.655,494.686,USV_685,0.03100000000000591,2.0,5.550000000000011,False,450.489,456.039,44.166,38.615999999999985,0.009276053868234158,0.012520926339285714,14933.733284200172,18360.206896285024,0.00017944501549052244,31024.553571428572,24606.362411567843,2.0997981656433784,3.667628432350075,5.152298657315279,15.776947349547367,9.872421871383594,12.645822978487402,50.586897986478824
494.752,494.796,USV_686,0.04399999999998272,2.0,5.550000000000011,False,450.489,456.039,44.263000000000034,38.71300000000002,0.00831042043864727,0.024336965460526317,15060.703604432723,16235.670809694095,0.00016323751881361883,31297.697368421053,26433.20198065115,2.8687204195140614,6.451348009262013,5.895337354714845,20.097223587252845,11.940678503683893,13.830585088969633,55.36556312037512
494.967,494.98,USV_687,0.013000000000033651,2.0,5.550000000000011,False,450.489,456.039,44.47800000000001,38.928,0.007811677176505327,0.016950334821428572,17404.678958848664,20894.409993680336,0.00036146403811948845,33441.96428571428,27826.157315755536,3.428226654566959,3.333147756289449,5.512122769521179,11.522434956244409,8.069382035915622,12.889563975614948,41.30235238399297
495.063,495.182,USV_688,0.1190000000000282,2.0,5.550000000000011,False,450.489,456.039,44.57400000000001,39.024,0.009129687212407589,0.024684175531914893,15114.430326063753,14840.859732089135,8.722444364037128e-05,31378.324468085106,23509.45498610025,2.3395297608799983,4.916563646422576,5.318809130781963,17.01546247614283,11.979794029511607,13.683742743804514,58.48574432179462
495.251,495.261,USV_689,0.010000000000047748,2.0,5.550000000000011,False,450.489,456.039,44.762,39.21199999999999,0.00936084147542715,0.0123291015625,17557.18605231944,24594.744683774476,0.0007648221605956527,33421.875,26093.00661421854,2.405386083930577,7.26492168831894,6.053032263474063,9.886028334165276,9.588266285995429,14.439294274551967,34.06162707947465
495.451,495.484,USV_690,0.03299999999995862,2.0,5.550000000000011,False,450.489,456.039,44.962000000000046,39.412000000000035,0.013647539541125298,0.0125,13104.62896880696,17177.600523011875,0.00019442267948448344,29950.0,27524.558878453878,2.021378288473451,7.581385977119134,5.396730730526167,17.033605768216134,10.12570113940878,14.976319593001229,51.14666771135898
495.783,495.836,USV_691,0.05299999999999727,2.0,5.550000000000011,False,450.489,456.039,45.29400000000004,39.74400000000003,0.009305518120527267,0.013083718039772728,13676.133259835811,15301.901269518099,5.476136181241828e-05,29769.886363636364,21247.221731840084,3.190082976222662,2.8189799292398563,5.762270479355912,16.965284970298487,11.526162103197345,13.538767260097588,56.84574678827472
496.456,496.525,USV_692,0.06899999999995998,2.0,5.550000000000011,False,450.489,456.039,45.96700000000004,40.41700000000003,0.010258836671710014,0.0347900390625,17898.021711908856,15133.38397606311,9.955133435409334e-05,32169.64285714286,25827.303529573568,3.4168043971114095,3.054003818186977,5.9173470828513715,16.477747068645588,10.7883361022015,13.938296721343937,59.95623965005303
496.859,496.88,USV_693,0.021000000000015007,2.0,5.550000000000011,False,450.489,456.039,46.370000000000005,40.81999999999999,0.009850810281932354,0.01796875,16272.033481388225,18650.80925686767,0.0005572238470588078,32540.625,22550.450935402863,1.5105253103757543,4.870075425306226,5.765635452918348,13.240986685178635,9.454520963856796,14.854406267105617,47.33612106482799
497.319,497.37,USV_694,0.05099999999998772,2.0,5.550000000000011,False,450.489,456.039,46.83000000000004,41.28000000000003,0.007537357974797487,0.04137602306547619,17741.67363872537,14818.29930672414,5.0634810721587956e-05,31924.10714285714,25287.028401769494,2.718639740017463,5.770468782523098,7.333997387434248,17.901637197909935,11.956835179896727,14.309854123073793,58.4176308615546
498.035,498.059,USV_695,0.02400000000000091,2.0,5.550000000000011,False,450.489,456.039,47.54600000000005,41.99600000000004,0.0075883325189352036,0.030850497159090908,19082.176987506806,18546.91958707499,0.00036856823747096536,33741.47727272727,25251.19213302402,2.168554861908437,3.116621095172746,6.169576021467447,16.041867068152694,11.387693871558069,14.121018054214153,52.460863682612676
498.09,498.132,USV_696,0.04200000000003001,2.0,5.550000000000011,False,450.489,456.039,47.601,42.05099999999999,0.012307081371545792,0.009168836805555556,12664.503841068174,16125.700597165469,4.699134732058926e-05,29880.208333333332,24628.483365739943,2.4200300217164976,6.16588818726429,5.4832592486806435,16.699522903518798,12.249295842149547,14.333221040777143,53.72246132789138
498.223,498.3,USV_697,0.07699999999999818,2.0,5.550000000000011,False,450.489,456.039,47.73400000000004,42.184000000000026,0.009130488149821758,0.018649193548387098,13950.714003281188,15118.859395082103,5.9887099313279156e-05,30889.112903225807,26763.517546486648,2.5662167978588832,5.32157886930004,5.702491418665388,19.1063346483866,11.820482792138938,16.822692548700953,58.85546469064522
498.399,498.434,USV_698,0.03500000000002501,2.0,5.550000000000011,False,450.489,456.039,47.910000000000025,42.360000000000014,0.006466164253652096,0.025604248046875,16061.9069640397,16828.795950049673,0.00023282805950711357,32138.671875,27167.770987826163,2.0021938149396887,3.4838572877894536,5.2014678431703665,14.7731620289545,11.210437079472458,14.48466235773369,54.33470894096689
498.502,498.516,USV_699,0.014000000000010004,2.0,5.550000000000011,False,450.489,456.039,48.013000000000034,42.46300000000002,0.011920535936951637,0.002471923828125,15807.473870537866,21118.63014136162,0.0004200278171757586,31511.71875,25752.198052710388,2.285591347607164,3.0078176800951626,3.507454181269164,14.28139288115226,10.140880321239194,15.391058768851384,42.066719950490906
498.548,498.575,USV_700,0.026999999999986812,2.0,5.550000000000011,False,450.489,456.039,48.059000000000026,42.509000000000015,0.008228176273405552,0.01971435546875,15719.77855063563,15385.432965502494,0.00017104231718524665,30687.5,22190.308221023963,3.4539380315900594,5.888900350297451,5.672401030072721,16.276571125890772,10.95432318183182,15.113589864366212,55.42111288655163
498.662,498.696,USV_701,0.03400000000004866,2.0,5.550000000000011,False,450.489,456.039,48.173,42.62299999999999,0.008066062815487385,0.026578776041666665,15233.798195012023,17415.383545023808,0.00035208600189530416,32243.75,23399.290007025724,1.8369434525281898,3.613357523954629,4.362060690897525,15.124637091515037,10.27387657712054,15.455011384038166,53.34077856881048
498.75,498.887,USV_702,0.13700000000000045,2.0,5.550000000000011,False,450.489,456.039,48.261000000000024,42.71100000000001,0.010658488608896732,0.017858434606481483,14265.588158111814,15084.737859658218,9.450138327311333e-05,29923.61111111111,24227.930976160715,2.7170618506184017,4.884611557828441,5.109406687625735,17.04897305048218,10.181118306212507,14.694086211949113,58.708681466677504
498.95,498.977,USV_703,0.026999999999986812,2.0,5.550000000000011,False,450.489,456.039,48.46100000000001,42.911,0.010655760765075684,0.02398681640625,16153.606017863369,19481.089476291858,0.0025141869037357202,33945.3125,21009.970521539497,4.096976760562863,6.259386204919893,4.589175154974865,15.649019361891133,10.140021859641317,13.25265585747116,50.56248220484104
499.198,499.207,USV_704,0.009000000000014552,2.0,5.550000000000011,False,450.489,456.039,48.709,43.15899999999999,0.007113386411219835,0.0223388671875,16506.186594222567,19309.745372014117,0.00016465678942996758,31656.25,24409.721010627054,1.0330354613827692,5.238627983750669,5.359369599880946,12.756262085904792,10.525601474850115,14.126622989060548,37.85583350988416
499.288,499.313,USV_705,0.024999999999977263,2.0,5.550000000000011,False,450.489,456.039,48.799000000000035,43.249000000000024,0.005284299608319998,0.04193115234375,17150.994482978083,16235.260011957997,0.0006151997072981683,31789.0625,17880.233242209193,3.37705323038797,1.1309251433877605,4.78629015761286,15.008027301884482,12.22378827147522,16.488542073389286,52.507504091270334
500.104,500.12,USV_706,0.016000000000019554,2.0,5.550000000000011,False,450.489,456.039,49.61500000000001,44.065,0.006539807189255953,0.034820556640625,16672.55982509556,15281.556789664017,0.00011294034207700575,31253.90625,20877.50266474423,2.9466292683356072,3.096557910384311,4.897288287326102,14.800508990840886,10.16208679273457,13.463758579360766,50.290669140952076
500.52,500.616,USV_707,0.09600000000000364,2.0,5.550000000000011,False,450.489,456.039,50.031000000000006,44.480999999999995,0.01006978377699852,0.018252724095394735,13300.461681564168,14106.879532134259,1.3056109730335847e-05,29644.736842105263,22726.937760162025,2.507912067106414,5.206637082224801,5.521451894422765,19.227975875298842,11.075716053304575,14.258832423463254,59.03136491889873
500.674,500.731,USV_708,0.05700000000001637,2.0,5.550000000000011,False,450.489,456.039,50.185,44.63499999999999,0.009290248155593872,0.022501627604166668,15564.504732965268,16227.093722781976,0.0001555778270119737,31207.03125,17993.616312066337,2.575507578700042,4.327438111002891,6.639759293693017,16.908453697346257,9.995119245042806,14.58872188312771,57.94738426703946
501.766,501.807,USV_709,0.04099999999999682,2.0,5.550000000000011,False,450.489,456.039,51.277000000000044,45.72700000000003,0.007798800244927406,0.019856770833333332,15609.948410276706,17717.457374997073,0.00016035749715528406,31859.375,19757.741047255047,2.5198730834055247,2.591297482325464,5.46653661903194,16.736896788139973,11.08029926570599,13.298483705826824,54.61358564348198
501.986,502.024,USV_710,0.038000000000010914,2.0,5.550000000000011,False,450.489,456.039,51.497000000000014,45.947,0.010308567434549332,0.01862649356617647,13660.540105444068,15960.031216448262,0.00016637414964322563,29972.426470588234,19494.937462110433,2.001092236300964,5.231688442846871,5.357432663019717,16.95013597595618,10.829276132534561,15.913921651018923,52.94590097045688
502.09,502.103,USV_711,0.013000000000033651,2.0,5.550000000000011,False,450.489,456.039,51.601,46.05099999999999,0.006585899740457535,0.025285993303571428,16658.265235867566,18225.495565002497,0.0006396958247718866,32142.85714285714,15502.508950319998,2.1864627338805045,3.4166121002723857,6.171519402710424,16.887955600497296,10.153307867426609,14.299717486950938,43.40497246351671
502.262,502.298,USV_712,0.036000000000001364,2.0,5.550000000000011,False,450.489,456.039,51.773000000000025,46.22300000000001,0.010233057662844658,0.0085601806640625,12879.892502955663,15498.404993747194,4.546261940398049e-05,29607.421875,21284.436964749675,2.0938478148992483,5.176848176807677,4.434313675381365,15.560155230072592,12.36436538714382,15.148409031058254,53.42966557906762
502.843,502.855,USV_713,0.012000000000000455,2.0,5.550000000000011,False,450.489,456.039,52.35400000000004,46.80400000000003,0.011703813448548317,0.011404854910714286,15381.730612138419,21857.18515279672,0.0004447561777398613,30723.214285714286,21933.2860094206,1.7810298516102774,5.179573528167121,4.926994529740492,11.960535938591056,9.149038862168776,14.457428651387275,38.824007476050376
502.907,502.918,USV_714,0.011000000000024102,2.0,5.550000000000011,False,450.489,456.039,52.418000000000006,46.867999999999995,0.007761690765619278,0.010358537946428572,14661.475368258161,17166.14840191276,8.942312046128766e-05,30763.39285714286,26051.439257112423,2.7068597327982444,4.278542544738903,5.694976978510468,17.714305073925747,9.541756571248696,14.615201372878063,42.50156697780983
503.545,503.633,USV_715,0.08799999999996544,2.0,5.550000000000011,False,450.489,456.039,53.05600000000004,47.50600000000003,0.009255767799913883,0.017836216517857145,13461.087207918048,15130.779441728373,2.7319945570389167e-05,30471.428571428572,26226.416278412198,1.7930272103529146,4.7207694928940365,5.458367727588387,18.05690141485773,10.84812304967054,14.63193783316939,57.89713563170895
503.666,503.708,USV_716,0.04200000000003001,2.0,5.550000000000011,False,450.489,456.039,53.17700000000002,47.62700000000001,0.012396558187901974,0.028184678819444444,14399.053301945964,14753.2644593814,0.00011055057717198248,29125.0,22890.564920778197,1.4836387394449682,6.65716379642408,5.425655288579301,18.188116817342422,10.345166165427145,15.324695449138225,56.17239088653795
503.799,503.807,USV_717,0.008000000000038199,2.0,5.550000000000011,False,450.489,456.039,53.31,47.75999999999999,0.00782064814120531,0.025830078125,14808.623386837698,14937.7680777581,8.565869574647488e-06,30787.5,18682.144409061177,1.030325986345216,5.124703170488485,5.161821404284946,12.90968225112789,10.997356418870247,14.945208522824307,46.498437050748215
504.282,504.344,USV_718,0.06200000000001182,2.0,5.550000000000011,False,450.489,456.039,53.793000000000006,48.242999999999995,0.007533804513514042,0.026423527644230768,15668.68132097716,16086.245594942871,7.328745670837585e-05,32531.25,24414.386728518584,2.413691027595109,3.2409878904036304,4.202078967755677,16.91823832631561,12.102594054209664,15.786560737507378,56.5927390198934
504.399,504.413,USV_719,0.014000000000010004,2.0,5.550000000000011,False,450.489,456.039,53.910000000000025,48.360000000000014,0.010366798378527164,0.00244140625,14631.698444094829,19710.94685819425,0.0001954637458364266,31242.1875,25730.236199514533,2.30483575465683,3.2059643111301304,7.496495442186358,18.79972472827327,10.824446816787795,13.356923128106297,43.64323551437835
504.493,504.599,USV_720,0.10599999999999454,2.0,5.550000000000011,False,450.489,456.039,54.00400000000002,48.45400000000001,0.009555839002132416,0.027959914434523808,14908.54920342683,14686.26525307768,7.865007286863531e-05,30734.375,21430.80263401105,3.3548565478075525,4.949017240006751,4.887681887997192,17.25175822307676,11.18137436869778,14.738083641731448,58.355884989364476
504.676,504.688,USV_721,0.012000000000000455,2.0,5.550000000000011,False,450.489,456.039,54.18700000000001,48.637,0.009114140644669533,0.00830078125,17848.31947492371,21635.331717934725,0.0006294284846456724,33857.142857142855,29535.340872728524,2.3569935628565952,2.706429952569875,6.354599878030674,13.38526461663689,9.95666114868575,14.548592004668578,39.93744142361167
504.774,504.815,USV_722,0.04099999999999682,2.0,5.550000000000011,False,450.489,456.039,54.285000000000025,48.735000000000014,0.008544382639229298,0.020602756076388888,15299.707280817729,17452.071468041642,0.00017104173737525686,31921.875,23445.883880252997,2.975831832252944,4.615091024083309,5.65368203907473,16.648486820834165,11.195418497807575,14.242926008504591,53.37256112046773
504.971,505.081,USV_723,0.11000000000001364,2.0,5.550000000000011,False,450.489,456.039,54.48200000000003,48.932000000000016,0.011658892966806889,0.01898193359375,14210.982207482271,15875.29260262267,0.00013889325642007033,30828.835227272728,25842.419539750295,2.3522039010117926,5.0243559518160135,4.805774672866589,17.572790033591186,11.89682781754554,14.651577956047412,58.6167718063147
505.262,505.354,USV_724,0.09199999999998454,2.0,5.550000000000011,False,450.489,456.039,54.773000000000025,49.22300000000001,0.009726752527058125,0.014503272804054054,13776.36339253155,15115.308905156058,6.438771238575494e-05,30610.641891891893,25946.75077413065,2.538391821092076,4.2026996089133,5.340491404449272,16.46263608508984,11.429258225326228,15.530516844482706,57.782771459723
506.564,506.655,USV_725,0.09099999999995134,2.0,5.550000000000011,False,450.489,456.039,56.075000000000045,50.525000000000034,0.009886043146252632,0.016167534722222224,14277.916272544884,15582.531304620157,0.0002621973380283731,31763.020833333332,28653.0943525647,2.2304419141165557,4.111983868787452,5.916084376670124,17.787036678483286,12.804232371039832,14.232012349938543,57.662350435547296
507.28,507.374,USV_726,0.09400000000005093,2.0,5.550000000000011,False,450.489,456.039,56.791,51.240999999999985,0.010863269679248333,0.01980751439144737,14895.033670056666,15181.8219933978,3.563670895431717e-05,31487.66447368421,23047.167899585824,2.420306862504039,3.922940734523669,4.688828387338289,15.455859856524901,11.368371818339643,15.784230195845884,58.18370381576374
507.717,507.736,USV_727,0.019000000000005457,2.0,5.550000000000011,False,450.489,456.039,57.22800000000001,51.678,0.00925145111978054,0.02529296875,17589.853657952168,20293.50188698386,0.0002705811049309831,33525.0,24985.76264812477,2.688141293823852,3.450512975040634,6.625930454812123,12.958997318733475,9.998142673538508,13.80270514338213,47.490013914279714
507.858,508.001,USV_728,0.14299999999997226,2.0,5.550000000000011,False,450.489,456.039,57.36900000000003,51.81900000000002,0.00859156996011734,0.0303955078125,16035.301459275335,15148.767887231608,5.952104241056452e-05,32432.477678571428,24500.097473091555,2.3282667174090688,3.983710583366215,6.028503019076003,17.892943229025065,11.572647696366092,14.559683936803712,60.83701209794268
508.288,508.328,USV_729,0.03999999999996362,2.0,5.550000000000011,False,450.489,456.039,57.799000000000035,52.249000000000024,0.00943452212959528,0.021470013786764705,18369.941315545897,17588.214780657,0.00020201831535859993,35365.80882352941,28026.859334015444,2.6258442034562615,5.217313348744719,6.596102038888953,16.89880984851308,11.352079554720277,14.645285321932823,55.616071441876
508.831,508.925,USV_730,0.09399999999999409,2.0,5.550000000000011,False,450.489,456.039,58.34200000000004,52.79200000000003,0.008984745480120182,0.02603310032894737,16383.228048739826,15676.308373954662,7.307055432092722e-05,33266.44736842105,29380.588696766572,2.2977752701944816,4.551738115561844,4.836861333818042,17.635238186362574,11.819329052917334,14.703543493018843,59.40976217845407
510.075,510.212,USV_731,0.13700000000000045,2.0,5.550000000000011,False,450.489,456.039,59.58600000000001,54.036,0.009746242314577103,0.024454752604166668,15691.113027789332,14982.506283943387,7.14896790751711e-05,32288.194444444445,28629.04388435737,2.7516283257408105,4.684064830496662,5.674073417835836,16.492058302925606,12.177670243408308,14.560257916220333,60.09180604410932
510.294,510.302,USV_732,0.008000000000038199,2.0,5.550000000000011,False,450.489,456.039,59.80500000000001,54.254999999999995,0.011091643944382668,0.017822265625,17276.415049757652,25266.51448473112,0.0015047574454549924,34706.25,28253.897447590047,2.0426608476397505,3.470930437793592,6.153777267360072,10.279130198015887,10.481078867199608,16.31462866423206,32.055397873804296
510.347,510.421,USV_733,0.07400000000001228,2.0,5.550000000000011,False,450.489,456.039,59.858000000000004,54.30799999999999,0.011871016584336758,0.02783203125,14592.890148912002,15596.970955217048,7.04964698504644e-05,31400.0,24501.559317553194,2.1111012696151996,5.856421401651913,5.471401889428307,19.060885954007517,10.791254186611225,13.634946339110419,56.72534979150183
510.565,510.623,USV_734,0.057999999999992724,2.0,5.550000000000011,False,450.489,456.039,60.07600000000002,54.52600000000001,0.009167076088488102,0.023040771484375,15370.345887626312,16169.409306945503,0.0001675405873265398,32550.78125,28280.879895328555,2.962103461812229,5.311582235774371,5.695598855686512,17.382799959393505,11.484558854450478,16.527580708502924,56.562313702532244
510.66,510.685,USV_735,0.024999999999977263,2.0,5.550000000000011,False,450.489,456.039,60.17100000000005,54.62100000000004,0.009679830633103848,0.021870930989583332,17613.605477573725,19565.190165249114,0.0008069840127339174,32828.125,26294.074769022245,2.337045229600838,5.82923347051609,4.499840478036706,14.71724365074445,9.805705328115332,15.064009492367497,49.9849180517428
511.935,512.044,USV_736,0.10899999999998045,2.0,5.550000000000011,False,450.489,456.039,61.446000000000026,55.896000000000015,0.010035603307187557,0.022807276526162792,16696.785852851277,16167.777058580596,0.00012810609081017149,34118.45930232558,30173.442591624836,2.836761076257274,4.697302400960803,5.4081548996723114,15.968081969672532,11.787358798691193,15.124205994643463,60.01458664786892
512.217,512.277,USV_737,0.06000000000005912,2.0,5.550000000000011,False,450.489,456.039,61.72800000000001,56.178,0.008024491369724274,0.021376953125,15831.768124952006,14980.724340739453,7.332637325102216e-06,32366.25,27908.27868537992,2.4458598097145297,4.038062486439083,5.597975005542046,16.467010870825682,10.413603091228829,13.901019124970267,59.00987914873902
512.541,512.6,USV_738,0.05899999999996908,2.0,5.550000000000011,False,450.489,456.039,62.05200000000008,56.502000000000066,0.011322911828756332,0.019734700520833332,15709.74650650794,15595.154525153977,6.292936894682163e-05,32562.5,27521.788644480588,2.86224831914843,7.385203954850034,4.7374688892637025,16.635450931111613,10.719985260962495,15.974655132796082,58.444506106796666
512.694,512.804,USV_739,0.11000000000001364,2.0,5.550000000000011,False,450.489,456.039,62.204999999999984,56.65499999999997,0.008755353279411793,0.027504660866477272,16765.573534002026,16615.720836156117,0.00031871837298523206,34254.97159090909,29295.857889856736,2.5824794566631377,4.958474362577903,5.069963863829959,15.142144734548118,11.084254862608692,15.033790980835937,58.829726265007714
512.937,513.037,USV_740,0.10000000000002274,2.0,5.550000000000011,False,450.489,456.039,62.448000000000036,56.898000000000025,0.010556073859333992,0.02381591796875,16629.115632988858,16211.861055815849,0.0003816328839258541,34132.03125,31102.03089036655,2.613991639446703,5.562895082455083,5.109068627699033,16.98658517972637,13.033143073992704,15.310322230629998,58.477333247456635
513.476,513.581,USV_741,0.10500000000001819,2.0,5.550000000000011,False,450.489,456.039,62.98700000000002,57.43700000000001,0.01118065882474184,0.021623883928571428,14668.48281560206,15377.373909336997,8.561165474982061e-05,32241.071428571428,29172.307360731127,2.10496979824514,6.754570390236909,5.293994921490749,17.852375779235224,10.828298742130682,14.748119077927099,58.27920865796692
513.728,513.773,USV_742,0.04500000000007276,2.0,5.550000000000011,False,450.489,456.039,63.238999999999976,57.688999999999965,0.011477845720946789,0.01299085115131579,14808.889352055603,16820.375874334928,5.588142970209038e-05,32590.46052631579,28666.60859328458,1.8708963319755398,6.722351892447469,5.324374582070251,15.636219538229158,11.475305458297166,15.306333804093645,54.62865742851732
514.03,514.064,USV_743,0.033999999999991815,2.0,5.550000000000011,False,450.489,456.039,63.541,57.990999999999985,0.005707178730517626,0.03850911458333333,17667.58502838379,17344.89527525232,0.0007663544528988408,34012.5,28805.85176445195,2.4011044764619047,4.649760996968552,6.097308188174023,17.776093887780906,12.364805270974278,16.036805192392183,53.63879887329392
514.261,514.311,USV_744,0.05000000000006821,2.0,5.550000000000011,False,450.489,456.039,63.77199999999999,58.22199999999998,0.009657338261604309,0.03127325148809524,15875.332438439056,16084.792512191265,9.466092593836497e-05,32875.0,29188.278286455836,2.704673425530438,6.075676448313542,5.53797448939868,17.873687552689177,10.296530379490395,15.021753560798821,56.31571569066512
514.536,514.58,USV_745,0.044000000000096406,2.0,5.550000000000011,False,450.489,456.039,64.04699999999997,58.49699999999996,0.007165810093283653,0.03357576069078947,17581.57371806748,15570.543595198962,6.405807242411795e-05,34356.90789473684,30134.541006218526,2.1750901304777472,4.360686262384555,6.901828753162332,16.875732109820728,10.271753783892121,14.791931984856463,58.03369306929975
516.494,516.576,USV_746,0.08199999999999363,2.0,5.550000000000011,False,450.489,456.039,66.00500000000005,60.45500000000004,0.011677168309688568,0.01953125,13768.124831912373,15438.605339131755,2.730866949373167e-05,31002.840909090908,26389.869193621784,1.769929402196401,6.418509011798085,5.381659233085874,17.982616206754663,11.480837268608166,14.822581675556323,57.36312552109514
516.759,516.814,USV_747,0.05499999999994998,2.0,5.550000000000011,False,450.489,456.039,66.27000000000004,60.72000000000003,0.007416932377964258,0.035432235054347824,17573.13352326565,16599.958237378498,0.00025921229081278914,35135.86956521739,32257.328734584888,2.4842244261531197,2.119322274963018,5.449165761689684,18.713955573050367,11.617488595386671,13.953073306313803,58.17234260969674
517.286,517.337,USV_748,0.051000000000044565,2.0,5.550000000000011,False,450.489,456.039,66.79699999999997,61.24699999999996,0.008618009276688099,0.034224076704545456,17396.765024727756,17095.42963789419,0.00010333658703766922,34678.97727272727,30055.442976586175,2.3202372891982574,6.34193177940881,5.440821147726501,15.271029941730388,10.905761019854197,15.309942395615332,55.257331031182616
518.846,518.906,USV_749,0.05999999999994543,2.0,5.550000000000011,False,450.489,456.039,68.35700000000003,62.807000000000016,0.010218360461294651,0.03220703125,16337.906160236429,16658.15201531649,0.00010158904468739134,33648.75,30958.943277819744,2.1220079245876757,6.5085035542160306,6.206445111881408,17.777083246723905,10.574907191710222,14.920857771227848,55.779345603255
519.063,519.161,USV_750,0.09799999999995634,2.0,5.550000000000011,False,450.489,456.039,68.57400000000001,63.024,0.009715999476611614,0.023237179487179488,16095.20018903009,15296.235690177953,1.6218058860344902e-05,33665.86538461538,29755.538152482222,2.4135689185880236,4.444527741569487,5.551116942216206,15.29563634838723,11.961321415574977,15.251923993181439,58.73966731600742
519.348,519.405,USV_751,0.05700000000001637,2.0,5.550000000000011,False,450.489,456.039,68.85899999999998,63.30899999999997,0.011809379793703556,0.020731608072916668,16342.245389972879,17554.953678389094,0.00017308364408396255,33582.03125,30496.28327635331,2.32413599432838,5.770945113955803,4.744322625162296,16.424833285482258,11.212538648896944,14.445555770059523,55.934818820543285
519.547,519.631,USV_752,0.08399999999994634,2.0,5.550000000000011,False,450.489,456.039,69.05800000000005,63.50800000000004,0.010063583962619305,0.035479377297794115,17615.47709133239,16539.774057612685,0.00011085047650074772,34830.882352941175,30557.925778958386,1.8944425805526188,5.0101074320526955,5.057280988314901,16.624368787391205,11.216026572662363,14.969661421761167,58.8961371082482
520.144,520.2,USV_753,0.05600000000004002,2.0,5.550000000000011,False,450.489,456.039,69.65500000000003,64.10500000000002,0.009189048781991005,0.024923573369565216,14901.148993013538,15946.18316460591,0.00014593316423994632,31740.489130434784,26884.232948957815,1.8273972217914276,3.473720817822671,5.208183439223408,17.30336150401156,11.06634478076445,15.533835163281658,56.06840933603632
520.282,520.343,USV_754,0.06099999999992178,2.0,5.550000000000011,False,450.489,456.039,69.79300000000006,64.24300000000005,0.009236112236976624,0.019658203125,14930.04711086795,16111.554769325186,0.00010358218424706164,31732.5,25659.469148576674,2.772998379299752,3.992236234997751,6.011824069734564,16.61756719610894,11.788627231574479,16.14852751618364,56.97552999663304
520.397,520.473,USV_755,0.07599999999990814,2.0,5.550000000000011,False,450.489,456.039,69.90800000000007,64.35800000000006,0.007528540678322315,0.030903477822580645,15368.398983351417,15379.738333967207,3.308022483121887e-05,32352.822580645163,27169.276942861638,1.8115468797528664,4.897332035730692,5.395500228929971,16.92049184089491,11.603808549693538,15.068845418420066,58.59470976953186
520.9,521.006,USV_756,0.10599999999999454,2.0,5.550000000000011,False,450.489,456.039,70.411,64.86099999999999,0.009555069729685783,0.026617140997023808,14993.442864355113,15521.322724147096,6.720596560930252e-05,31984.375,27904.785396745006,2.37480879549797,4.500007835793793,5.938019451019877,16.523637820558346,12.007624707406874,15.097457162455552,58.58444631171277
523.544,523.566,USV_757,0.022000000000048203,2.0,5.550000000000011,False,450.489,456.039,73.055,67.505,0.00615967670455575,0.040283203125,18753.22150102467,20391.380086213838,0.0005243302126382997,34414.77272727273,22985.951961649724,1.9589691504793323,4.211825560835927,4.152265203291803,11.364437939476499,8.984268574268594,14.141655256043727,49.096733787673884
523.653,523.701,USV_758,0.04800000000000182,2.0,5.550000000000011,False,450.489,456.039,73.16400000000004,67.61400000000003,0.012514459900557995,0.018017578125,14270.223622475878,15020.350595912929,4.8266108276140246e-05,30084.375,23442.567412616474,2.5415391233439686,5.4853030600417,5.682874305574279,17.439618796536728,13.19414410209913,14.077333356435252,55.642292876085335
523.747,523.848,USV_759,0.10099999999999909,2.0,5.550000000000011,False,450.489,456.039,73.25799999999998,67.70799999999997,0.00958658941090107,0.035986328125,16144.735437662555,14177.16070489515,3.217730967377685e-05,31239.84375,23762.452497366718,2.501313906589833,3.1086150511707364,4.632514168008437,17.520356343018864,11.57297053920027,13.956776463090609,61.40610024362445
524.022,524.144,USV_760,0.12199999999995725,2.0,5.550000000000011,False,450.489,456.039,73.53300000000007,67.98300000000006,0.009104250930249691,0.022084554036458332,14506.005358832745,14809.802567343524,3.4742493241134473e-05,31269.53125,25391.799032376923,2.6009669940528406,4.8385752056338855,5.467562047975311,18.487430568610037,10.960854811193705,14.358379606194783,59.81078908071397
524.263,524.311,USV_761,0.04800000000000182,2.0,5.550000000000011,False,450.489,456.039,73.77400000000006,68.22400000000005,0.007594162132591009,0.02991943359375,16732.27105200136,15698.640029367943,0.00019462317157260454,32517.1875,23879.577103332373,2.310527905223409,3.294195624567023,4.563354511100145,16.20904470334632,10.467415268936978,14.860475977830987,57.28947468186406
524.429,524.466,USV_762,0.03700000000003456,2.0,5.550000000000011,False,450.489,456.039,73.94,68.38999999999999,0.008857106789946556,0.019256591796875,15985.34920255613,15795.435208306622,0.00013463785581579847,30814.453125,19148.601358969252,4.094086377997655,4.995016350416368,4.615317671997837,16.777807616846655,9.69404126885488,14.437749751414245,55.37372895345257
524.611,524.649,USV_763,0.038000000000010914,2.0,5.550000000000011,False,450.489,456.039,74.12200000000001,68.572,0.010056711733341217,0.015538832720588236,14414.72249006013,15580.706423677651,4.4860254880459296e-05,31163.602941176472,22826.406214112827,2.4598342797067585,5.225315045913671,5.635281016361053,16.71164125655472,10.354920493265192,15.277725832021638,55.18559141599795
524.706,524.726,USV_764,0.01999999999998181,2.0,5.550000000000011,False,450.489,456.039,74.21700000000004,68.66700000000003,0.010515270754694939,0.0136962890625,15361.746252865792,19060.526848337347,0.00027687927809447725,31162.5,26849.25703809878,1.866309574361101,8.868924295929428,6.467415491813817,13.756370740630137,9.661503124995686,17.114656806002753,46.21065439006861
524.76,524.77,USV_765,0.009999999999990905,2.0,5.550000000000011,False,450.489,456.039,74.27100000000002,68.721,0.009919690899550915,0.011433919270833334,18958.058063749137,22490.5500940815,0.0009685722423744374,33375.0,26385.157507945944,2.213995592694806,4.704599369343136,4.369979456372934,10.758019480665608,9.89965125747451,15.374705993087217,37.673185584077586
524.875,524.907,USV_766,0.03200000000003911,2.0,5.550000000000011,False,450.489,456.039,74.38600000000002,68.83600000000001,0.007804506924003363,0.024396623883928572,15177.414002116613,15967.10283535455,0.0002560710690452211,31573.660714285714,22585.1417022168,1.9980701251444841,4.682287703132487,4.151738797476187,16.34072426623581,11.674219994558005,15.086157037339685,53.914650562341464
524.998,525.049,USV_767,0.05099999999993088,2.0,5.550000000000011,False,450.489,456.039,74.50900000000007,68.95900000000006,0.012038934975862503,0.019833519345238096,13570.663407252387,15072.163498775635,2.8353711729526563e-05,29209.821428571428,20950.842137292242,2.264222247376854,6.8892084389946815,5.454795485494485,16.95088065264184,10.80000646435844,14.721214459372366,57.68125592926375
525.141,525.186,USV_768,0.04500000000007276,2.0,5.550000000000011,False,450.489,456.039,74.65199999999999,69.10199999999998,0.008550016209483147,0.017115542763157895,15212.66171047773,16462.90546583537,0.0002882564484008462,31613.486842105263,18237.982838801017,2.293435948842074,4.858186142820253,4.775600316665269,14.45361078522601,11.011967385637979,13.973632979206386,55.03482722519525
525.685,525.708,USV_769,0.023000000000024556,2.0,5.550000000000011,False,450.489,456.039,75.19599999999997,69.64599999999996,0.00762640405446291,0.023947975852272728,17619.9601985761,19977.096149941568,0.000534909845534166,33357.954545454544,21024.921979128194,2.536999015139814,2.9602566025765173,4.73495207750335,13.061722340839195,10.602266923582404,12.0263134906931,49.12808548661705
526.074,526.103,USV_770,0.028999999999996362,2.0,5.550000000000011,False,450.489,456.039,75.58499999999998,70.03499999999997,0.011356270872056484,0.012977013221153846,13419.280564790686,17798.40407798592,0.00010715794156036749,30367.78846153846,18601.134239937357,3.203557617082878,7.326671713950625,7.2021130383825795,17.506895134660752,11.069478659548906,15.011983800763876,49.23054000747352
526.735,526.757,USV_771,0.021999999999934516,2.0,5.550000000000011,False,450.489,456.039,76.24600000000004,70.69600000000003,0.010524211451411247,0.010320490056818182,14420.34712937866,20027.360540080423,0.0007548792193272578,32232.954545454544,27547.741973230524,3.386830659616049,6.552444800534541,6.023460690280185,19.206282698001772,10.031520396878351,13.270558881901485,45.98518672220254
533.588,533.656,USV_772,0.06799999999998363,2.0,5.550000000000011,False,450.489,456.039,83.09899999999999,77.54899999999998,0.00845360103994608,0.026811872209821428,14659.176059260095,15276.281169187676,0.00010048388723284797,30783.48214285714,27397.975141952767,2.4627556760157097,6.014759961607344,5.6443064386528246,17.461306993828973,12.433160946994876,14.909491577321516,57.786835943218605
534.351,534.371,USV_773,0.01999999999998181,2.0,5.550000000000011,False,450.489,456.039,83.86200000000002,78.31200000000001,0.007399668451398611,0.022998046875,15689.924692707727,18102.72628874878,0.00014018536352852418,31678.125,25883.58140693423,1.8937323843966545,3.90050076645131,5.133259575699228,16.28422796190462,12.270118466769242,15.262748014468993,47.470807675185775
535.428,535.448,USV_774,0.01999999999998181,2.0,5.550000000000011,False,450.489,456.039,84.93900000000002,79.38900000000001,0.007170459721237421,0.0306884765625,17837.71774073841,20724.465063619,0.000634337946915508,33506.25,26070.700047030223,1.0523994729495345,7.395693989783834,5.036147727037118,13.433004439646513,10.570989508271989,14.846399430404308,47.14017554532471
535.868,535.976,USV_775,0.10799999999994725,2.0,5.550000000000011,False,450.489,456.039,85.37900000000008,79.82900000000006,0.008711707778275013,0.0267589480377907,14658.993699138706,14614.479651356343,0.00027498496607930687,29967.29651162791,18744.34698081568,2.2407388308579064,4.890492094095728,6.7864303409471844,19.74648110658072,11.613263339371429,15.538645880001042,59.5633499221998
536.612,536.643,USV_776,0.031000000000062755,2.0,5.550000000000011,False,450.489,456.039,86.12299999999999,80.57299999999998,0.010374912060797215,0.025634765625,14154.761293538477,15512.495850702016,0.00015009652807170508,29571.428571428572,24365.95957233114,2.2856566566014584,3.213375386142629,3.9240011847025413,17.140182378366642,14.04812606914449,14.788875075149397,51.889332654312106
536.733,536.798,USV_777,0.06500000000005457,2.0,5.550000000000011,False,450.489,456.039,86.24399999999997,80.69399999999996,0.008834579959511757,0.028356481481481483,14198.097568491956,15361.041549846645,6.813632804713121e-05,30225.694444444445,16727.292743828286,2.5119569208243835,2.827048056792361,5.2796096336061495,17.041158690486697,11.240860097183795,14.244159991504594,58.34620891235432
536.861,536.925,USV_778,0.06399999999996453,2.0,5.550000000000011,False,450.489,456.039,86.37200000000001,80.822,0.008626721799373627,0.017606295072115384,13783.108885677004,14861.970062461467,1.676245699110279e-05,30656.25,22147.98462322113,2.959918290508765,3.0763397307292575,6.6289563402187515,18.208197814315177,11.238141689608721,15.084765428596256,58.654320254081696
537.495,537.55,USV_779,0.05499999999994998,2.0,5.550000000000011,False,450.489,456.039,87.00600000000003,81.45600000000002,0.011131909675896168,0.012684697690217392,13175.253074324488,16229.25043861206,0.00015180064113806254,30073.369565217392,22498.80609096749,1.61494230021831,4.290741293815118,4.460819516978947,16.09433159282041,11.08062648085421,14.810052366712853,55.11629514302652
537.707,537.75,USV_780,0.043000000000006366,2.0,5.550000000000011,False,450.489,456.039,87.21800000000002,81.668,0.010962671600282192,0.024054276315789474,14109.327970737018,15761.888839757705,6.339649443234427e-05,30710.526315789473,23300.524163034708,2.029477679100361,5.905093880391675,5.763793665531828,17.115918972873725,10.42093144862811,15.623458498747324,53.078464800686746
537.791,537.806,USV_781,0.014999999999986358,2.0,5.550000000000011,False,450.489,456.039,87.30200000000008,81.75200000000007,0.010183153674006462,0.01214599609375,15780.386616047868,21234.090874101086,0.0005232846437412533,32730.46875,26834.920291198774,2.3852245278437563,3.329864372275158,6.788568723757247,15.396154501544238,9.522272621531396,13.856962184141224,42.37383859878278
537.88,537.939,USV_782,0.05899999999996908,2.0,5.550000000000011,False,450.489,456.039,87.39100000000002,81.84100000000001,0.007323270197957754,0.021636962890625,15239.115701277931,16033.541592342146,0.00015326989898000783,31792.96875,16205.959098992438,3.381721044496128,3.6287872581266463,5.017480153451362,16.855747502324967,10.429296963992398,14.743117256027611,57.71754260112028
537.979,538.096,USV_783,0.1169999999999618,2.0,5.550000000000011,False,450.489,456.039,87.49000000000007,81.94000000000005,0.012305902317166328,0.018427309782608696,13016.549927504248,14885.021342906413,9.730833477056078e-05,29203.125,21784.154617821507,3.245441045233242,4.754350275052496,5.28427539033539,17.03450221785216,10.703493356342335,14.32902886716201,58.14795249680472
538.336,538.382,USV_784,0.045999999999935426,2.0,5.550000000000011,False,450.489,456.039,87.84700000000004,82.29700000000003,0.011544032022356987,0.01287841796875,12963.707351355966,16740.115416364282,0.00011886741600155835,29850.0,23074.085670737673,2.737347520986463,4.993503744064148,5.950700002112006,18.408526410728754,10.300061481394138,12.993673787600045,54.26199806316406
538.555,538.592,USV_785,0.03700000000003456,2.0,5.550000000000011,False,450.489,456.039,88.06599999999997,82.51599999999996,0.01063387468457222,0.014434814453125,13114.725338759781,15237.447793633215,8.255867621509376e-05,28792.96875,17255.31433886784,2.4465505019819638,3.9742836721493218,5.459080036556135,17.23394006658519,11.264380293884386,13.940507393867408,54.912459935125476
538.853,538.914,USV_786,0.06100000000003547,2.0,5.550000000000011,False,450.489,456.039,88.36399999999998,82.81399999999996,0.013399275951087475,0.032001953125,15655.568984019814,14647.081087693816,0.00029968010306913025,29910.0,24279.86346836927,2.347848777628154,6.2721750980383755,4.3868159099795605,15.535177189481038,11.030092970473886,15.779139557572194,58.34958915446164
539.046,539.137,USV_787,0.0909999999998945,2.0,5.550000000000011,False,450.489,456.039,88.55700000000007,83.00700000000006,0.009652619250118732,0.022983127170138888,13983.225285007065,14620.394338847613,1.9852855713727903e-05,30450.520833333332,24902.555128316093,2.7331325213084363,5.182776782947563,6.296424478734881,17.86422779957195,12.540495563254051,15.232796852677135,59.41304971772335
539.307,539.342,USV_788,0.03499999999996817,2.0,5.550000000000011,False,450.489,456.039,88.81800000000004,83.26800000000003,0.012146620079874992,0.015380859375,15447.093591588078,17450.643266704574,0.0001409889783754115,32575.0,22197.55448632931,1.8037002306942778,6.824403969833483,5.630038696835765,18.86489493430274,11.143511659150374,15.66000545491109,53.612531671472915
539.721,539.752,USV_789,0.03099999999994907,2.0,5.550000000000011,False,450.489,456.039,89.23200000000003,83.68200000000002,0.007235780358314514,0.03520856584821429,17521.30700469729,15971.383090535428,0.00021338249492598152,31185.26785714286,25335.231692662994,2.2158377291244,2.851222185375705,5.805955306680061,17.02819797363441,12.746904127320134,13.40641429467786,56.080022095396984
539.781,539.858,USV_790,0.07699999999999818,2.0,5.550000000000011,False,450.489,456.039,89.29199999999997,83.74199999999996,0.010024103336036205,0.02266570060483871,15527.923508364345,15685.422583600852,0.00012457376527835615,31708.66935483871,22879.886007728303,2.4880523684005333,5.768025446606296,4.956671368673143,17.59110157506925,10.922582026643724,14.075256857284375,58.73372061863235
540.002,540.03,USV_791,0.02800000000002001,2.0,5.550000000000011,False,450.489,456.039,89.51299999999998,83.96299999999997,0.01166488416492939,0.018348106971153848,15082.12970438249,19729.22518740964,0.0003785879884989929,31896.634615384617,19877.502161521894,2.783268927847655,4.152145496570855,6.417603821095105,15.206444852469527,10.511209831283828,16.180579246713386,48.7795368720213
540.261,540.285,USV_792,0.02400000000000091,2.0,5.550000000000011,False,450.489,456.039,89.77199999999999,84.22199999999998,0.008783734403550625,0.018110795454545456,17243.427762474064,18709.333925343457,0.00021636495966695986,33127.84090909091,27940.689026749358,2.7606157482682674,4.891426502529582,5.073409525172953,13.751422391956737,10.580006887168985,14.440851664811772,50.23032995434529
540.345,540.356,USV_793,0.010999999999967258,2.0,5.550000000000011,False,450.489,456.039,89.85600000000005,84.30600000000004,0.008862118236720562,0.0167236328125,14562.253270020248,15007.711160455672,8.209870038528648e-06,30828.125,26426.634493636375,4.940893994540159,4.7848515242138,3.8841604175522395,19.568276415949015,7.076719940320541,14.214396193823953,48.864664079686236
540.396,540.444,USV_794,0.04800000000000182,2.0,5.550000000000011,False,450.489,456.039,89.90699999999998,84.35699999999997,0.010969491675496101,0.00528564453125,13348.606983959315,16987.346445483625,0.0003282448326508842,31485.9375,23250.869366077077,2.4436718518153517,3.5611044322325647,5.155678975762321,16.18927738574974,10.912979689067624,13.16080548244329,54.38822271913246
540.694,540.732,USV_795,0.038000000000010914,2.0,5.550000000000011,False,450.489,456.039,90.20499999999998,84.65499999999997,0.007897308096289635,0.021584903492647058,14735.225276007708,16056.642166804304,0.00013197249417177964,30893.382352941175,17307.38458741763,1.9328823472526566,2.554609739002037,5.651054356140885,14.1991286178244,12.402639852341137,13.86562820920859,55.72984085805825
540.839,540.918,USV_796,0.07899999999995089,2.0,5.550000000000011,False,450.489,456.039,90.35000000000008,84.80000000000007,0.011477574706077576,0.02179718017578125,13880.034589354047,14549.340033357166,5.8860141996881825e-05,30465.8203125,25150.95119767889,2.1221615605093387,5.6246098769730555,5.156893778068042,17.0288769233819,11.526618287470182,14.737713906541671,57.9740479770373
541.49,541.599,USV_797,0.10900000000003729,2.0,5.550000000000011,False,450.489,456.039,91.00100000000003,85.45100000000002,0.009802176617085934,0.014387263808139535,13437.489448117629,15233.928038688504,6.936758160216582e-05,30503.633720930233,26413.733779076312,2.673811652587127,3.4152567077307903,5.306190666469596,17.883232240686834,11.24047980144941,15.28096813920717,57.87007231567833
541.667,541.688,USV_798,0.020999999999958163,2.0,5.550000000000011,False,450.489,456.039,91.17800000000005,85.62800000000004,0.007212813012301922,0.0245361328125,16842.37031290891,17682.5727312654,0.0002980474946794134,32746.875,28595.206798222767,2.8264403307063217,4.416969980864486,5.157460208260629,14.988068665707086,11.859221423783735,14.172339764209465,49.33328907858451
541.812,541.911,USV_799,0.0989999999999327,2.0,5.550000000000011,False,450.489,456.039,91.32300000000004,85.77300000000002,0.009981050156056881,0.020163511618589744,15048.488382251355,15920.735203663558,0.00011629509249098752,32490.384615384617,27708.541940628544,3.2582853153435556,4.668707073260923,5.562618422744739,17.373890646756653,12.046875170583816,15.68416678276732,58.59253273567978
542.156,542.173,USV_800,0.01700000000005275,2.0,5.550000000000011,False,450.489,456.039,91.66699999999997,86.11699999999996,0.008962605148553848,0.014485677083333334,15970.504900698184,17091.120940394914,0.0001578416761613558,32479.166666666668,30060.828184407146,2.290593829644556,4.578733800494046,6.1315445673399935,15.337400674670821,10.839978477690924,15.098606457882088,47.941448699154904
543.358,543.37,USV_801,0.012000000000057298,2.0,5.550000000000011,False,450.489,456.039,92.86899999999997,87.31899999999996,0.006975988391786814,0.015032087053571428,16415.042040981993,19306.667740973724,0.0006001340155072909,32316.964285714286,22155.45584827382,3.572448164912725,4.716855332664019,6.056138108284634,15.547105972521225,12.529546421428392,14.580779861637813,42.23663692023552
543.485,543.61,USV_802,0.125,2.0,5.550000000000011,False,450.489,456.039,92.99600000000004,87.44600000000003,0.009715277701616287,0.02312858737244898,14870.356940679314,15209.577064267243,1.1918989489809121e-05,32108.418367346938,29064.786472851072,2.11108423287195,5.2864490918693825,5.626889069458677,16.739552389661053,11.301014071011126,16.03119605628743,59.18694809058568
543.64,543.661,USV_803,0.020999999999958163,2.0,5.550000000000011,False,450.489,456.039,93.15100000000001,87.601,0.008808649145066738,0.0205810546875,16353.270106625587,18344.54284772961,0.0001691176813236566,33206.25,30580.769838036562,2.607584336560705,3.5631527092182163,6.84798076196096,18.56748736872822,10.180200150523465,13.094664363699726,48.13959854583593
543.7,543.786,USV_804,0.08599999999989905,2.0,5.550000000000011,False,450.489,456.039,93.21100000000007,87.66100000000006,0.011371565982699394,0.029736328125,16768.090604324534,15850.071408785238,0.00012569487438602483,33286.607142857145,27950.10982237657,3.059971902350349,6.088048053825179,4.746423270105173,17.174953042669056,12.0909395939361,13.824543224816965,58.55850289989546
544.437,544.488,USV_805,0.051000000000044565,2.0,5.550000000000011,False,450.489,456.039,93.94800000000004,88.39800000000002,0.013435625471174717,0.009144176136363636,14227.98390420735,16589.94025433747,0.0005614769772429028,32471.590909090908,29434.356906489702,2.6324127706105283,4.611427072587116,5.5155091929839495,15.609774467564579,9.295327562894173,16.228229462368873,55.791678622394215
544.924,544.96,USV_806,0.03600000000005821,2.0,5.550000000000011,False,450.489,456.039,94.435,88.88499999999999,0.010296409949660301,0.0326385498046875,17389.15599855059,17465.168791171352,0.0004976806300621838,34833.984375,30866.432984701503,1.3383980599814467,6.140629583531382,4.834688986631518,15.958952031507962,9.945060574847458,16.144600299868248,53.05772295555598
545.733,545.742,USV_807,0.009000000000014552,2.0,5.550000000000011,False,450.489,456.039,95.24399999999997,89.69399999999996,0.00674247182905674,0.024983723958333332,17517.923161399394,18548.581339726366,0.0003277014858317662,33000.0,23465.387334699222,0.5260060984809832,9.812951014060578,3.9634837914989176,15.149408562421831,9.467224232232367,13.498897404089155,40.19077840415769
546.037,546.052,USV_808,0.014999999999986358,2.0,5.550000000000011,False,450.489,456.039,95.54800000000006,89.99800000000005,0.012322654016315937,0.0120849609375,14480.73259692538,20476.313589153,0.00012765876427074983,31078.125,28230.912294070906,1.7487951756324702,6.899677349395541,5.098614584465661,12.136448647632054,10.170553207238822,15.803123901430178,42.14560157586706
546.192,546.243,USV_809,0.051000000000044565,2.0,5.550000000000011,False,450.489,456.039,95.70300000000003,90.15300000000002,0.010646208189427853,0.010941938920454546,14688.284908458176,17050.487898540658,0.00017481773071260811,32245.738636363636,28048.158341039856,2.2192608313469675,4.586495599816017,5.009567167757954,15.467572181675838,10.581167520316736,15.929918821697775,55.09043434876265
546.4,546.418,USV_810,0.018000000000029104,2.0,5.550000000000011,False,450.489,456.039,95.911,90.36099999999999,0.007962561212480068,0.019911024305555556,17209.15975008059,17032.35217518071,0.00021619542934004393,33104.166666666664,29135.864880830566,2.922052176558722,4.6261214409672045,4.541874260719152,14.963129183877154,10.288486032101984,14.020265326692108,47.87735245637032
546.906,546.918,USV_811,0.012000000000057298,2.0,5.550000000000011,False,450.489,456.039,96.41699999999997,90.86699999999996,0.007040145341306925,0.027413504464285716,17658.439609855177,20765.026545743876,0.0008708634358664989,32785.71428571428,22341.43428596951,2.2546440105685743,4.173686976579208,6.410675409249244,18.06709978239417,10.201815084379922,17.178252239389142,40.61899885595951
548.264,548.329,USV_812,0.06499999999994088,2.0,5.550000000000011,False,450.489,456.039,97.77500000000003,92.22500000000002,0.008683204650878906,0.027262369791666668,15434.225900598802,16409.941274054883,9.895016481803275e-05,32451.38888888889,25233.47221023985,2.0544622796864354,5.731420636755026,4.30800862975389,16.55493001479682,11.154634844270163,15.141927630063257,56.806960595467835
549.056,549.081,USV_813,0.024999999999977263,2.0,5.550000000000011,False,450.489,456.039,98.56700000000006,93.01700000000005,0.0073015582747757435,0.025492350260416668,16417.651666122125,16772.168708494555,0.00011049244198208972,33250.0,28581.7599229414,2.0706418788622574,5.281423077407646,5.293738453317587,14.279455436313178,10.468038737133973,14.813583214846657,51.49725955515848
550.72,550.732,USV_814,0.011999999999943611,2.0,5.550000000000011,False,450.489,456.039,100.23100000000005,94.68100000000004,0.006116421427577734,0.04213169642857143,19658.523783142715,17159.80551363467,0.0005142608595161337,33200.892857142855,24273.756764930196,2.0603894457025516,5.048208004172176,5.1705140712628594,14.947182549986008,9.639259991585666,16.236814243959923,44.983518000424226
550.952,550.966,USV_815,0.014000000000010004,2.0,5.550000000000011,False,450.489,456.039,100.46300000000002,94.91300000000001,0.010287999175488949,0.018035888671875,16622.605750537507,20576.40218307995,0.00039976772448147165,32859.375,27195.253760804946,1.6938608727661713,6.157244886920172,6.795018645265776,12.552512654344683,10.718707488299069,13.83905773710641,42.11225255104728
551.027,551.045,USV_816,0.017999999999915417,2.0,5.550000000000011,False,450.489,456.039,100.53800000000007,94.98800000000006,0.007617829367518425,0.019558376736111112,17860.365066979633,20454.39263121253,0.0004743914680996431,33489.583333333336,26866.230250380395,1.7171813023067193,2.872485097529066,4.612603651434595,15.63534013617084,13.362303034069313,16.378648685933108,46.47896934785326
551.144,551.155,USV_817,0.010999999999967258,2.0,5.550000000000011,False,450.489,456.039,100.65500000000003,95.10500000000002,0.006230583880096674,0.026204427083333332,17579.67857442203,17543.883446231102,0.0001052100117085722,33968.75,30571.471788384897,2.9332145120235853,4.900199306426992,7.283695879370743,16.49532327091516,10.467691305717336,16.17622774094978,46.779491309381946
551.648,551.662,USV_818,0.014000000000010004,2.0,5.550000000000011,False,450.489,456.039,101.15900000000005,95.60900000000004,0.01153575349599123,0.015594482421875,17011.286776641296,21150.810116447377,0.0007416485447576465,31699.21875,25847.838208483285,3.7915321168982437,6.639621389787357,5.472873162825406,10.931231659211662,7.864698702517274,14.345904953786413,41.805703393000975
552.134,552.158,USV_819,0.02400000000000091,2.0,5.550000000000011,False,450.489,456.039,101.64500000000004,96.09500000000003,0.00839638989418745,0.017045454545454544,16262.847068009003,18044.008875091393,0.00032046526678620703,32318.18181818182,28238.10954594872,3.8145104667449847,4.376822494695564,5.338546525903874,18.26772793999667,10.996555105552938,14.11873924611025,50.13541081171684
552.345,552.429,USV_820,0.08399999999994634,2.0,5.550000000000011,False,450.489,456.039,101.85600000000005,96.30600000000004,0.010666227899491787,0.0235595703125,13391.337766356899,15289.418652293958,4.412111537871618e-05,30796.875,25199.166323840836,2.0600491018627576,6.4807233398534745,5.309491072035542,16.81626594629507,11.164349193308926,14.53893542552568,57.15038220673565
555.306,555.323,USV_821,0.016999999999939064,2.0,5.550000000000011,False,450.489,456.039,104.81700000000006,99.26700000000005,0.006924737710505724,0.025580512152777776,17336.43566121901,18872.555019832467,0.0003197768254019605,32625.0,20073.27854272458,0.5826418768287448,3.531637408925243,6.42610576584384,16.76369575546156,10.41383291250179,14.50191530070511,47.2530591519931
557.91,557.938,USV_822,0.02800000000002001,2.0,5.550000000000011,False,450.489,456.039,107.42099999999999,101.87099999999998,0.008910859934985638,0.023888221153846152,13782.188963076447,15231.099183033772,1.0518860808785579e-05,31737.98076923077,29452.022690418413,1.9116690059799784,4.577329289361786,5.184252872497597,18.50049827532451,11.533484828196187,15.8894538248003,55.44859959758037
558.412,558.444,USV_823,0.03199999999992542,2.0,5.550000000000011,False,450.489,456.039,107.92300000000006,102.37300000000005,0.009487105533480644,0.021432059151785716,16342.57765658786,18072.048680693657,0.0004805786863233009,31694.196428571428,24776.992173751503,3.9332791161332996,4.971794949564652,5.256339728420383,15.854561486805538,10.302200673899335,16.27642266986839,52.35734515005178
562.944,562.995,USV_824,0.051000000000044565,2.0,5.550000000000011,False,450.489,456.039,112.45499999999998,106.90499999999997,0.007731031160801649,0.029452237215909092,16006.154880320457,15069.135558224412,2.0977351169210274e-05,31806.81818181818,27171.984100334288,2.082773708580071,4.822692333086994,5.902852911993386,18.126639195698086,12.894796411330503,14.832551711075757,58.862034324793534
563.058,563.083,USV_825,0.024999999999977263,2.0,5.550000000000011,False,450.489,456.039,112.56900000000002,107.019,0.009249599650502205,0.017740885416666668,17109.37434391047,17605.460350621444,0.00020319787506078505,31695.3125,26216.459613245777,2.340370205777074,3.884637519005686,5.394100407457741,16.77690146933549,10.86328576497184,13.953857228324715,51.588387594024944
563.563,563.578,USV_826,0.014999999999986358,2.0,5.550000000000011,False,450.489,456.039,113.07400000000001,107.524,0.007846541702747345,0.0194091796875,15460.172628943914,18296.03552542202,0.00014198303745747217,31863.28125,27610.857537304986,2.1569719807718224,4.34784071538953,5.313117140286821,16.784458708701752,9.434213498600867,13.973034585137734,45.37062057686202
563.641,563.699,USV_827,0.057999999999992724,2.0,5.550000000000011,False,450.489,456.039,113.15199999999999,107.60199999999998,0.00874648243188858,0.023671468098958332,15980.271544850455,15836.201574522178,0.00022384309989787336,32156.25,27990.99424596298,2.9208994527111862,3.249958490552411,5.645548265421297,16.8261728727647,10.354889125213399,15.408519085179364,56.77823813926489
563.803,563.826,USV_828,0.023000000000024556,2.0,5.550000000000011,False,450.489,456.039,113.31400000000002,107.76400000000001,0.009901529178023338,0.02301580255681818,15239.205035491,18743.64560740005,0.0002299905234595854,31610.795454545456,26060.70223709887,2.902675761439487,5.964793744554533,4.766398711477901,15.457836725634609,9.841888314406903,15.24924834773408,48.201710697884366
563.913,563.931,USV_829,0.018000000000029104,2.0,5.550000000000011,False,450.489,456.039,113.42400000000004,107.87400000000002,0.01054822001606226,0.013454861111111112,16807.88319441757,19920.187688512895,0.00024243655454188966,33385.416666666664,27598.72610475002,2.3390688919282345,3.9887566216944657,5.0537232271919486,12.509370717368464,9.414431291584085,15.134922958382617,45.92114638256262
564.541,564.59,USV_830,0.04899999999997817,2.0,5.550000000000011,False,450.489,456.039,114.05200000000008,108.50200000000007,0.009089341387152672,0.03464471726190476,16048.028069211145,16520.24430751668,0.0005160579204827134,33080.357142857145,28135.258974246586,1.4169243162756662,5.0511188624769146,5.39887535492825,19.07416829004216,11.282281278062456,15.60902631473439,56.48812759887966
564.638,564.648,USV_831,0.009999999999990905,2.0,5.550000000000011,False,450.489,456.039,114.14900000000006,108.59900000000005,0.007668387144804001,0.0093994140625,17362.633421806648,21561.086957178763,0.0004877698739424147,33265.625,28727.06915036262,2.334625497384373,3.5543926278474687,4.668149509028029,11.822114561125153,9.095358470184664,13.039758221797792,37.67447734319337
564.756,564.805,USV_832,0.04899999999997817,2.0,5.550000000000011,False,450.489,456.039,114.267,108.71699999999998,0.010233057662844658,0.022030784970238096,16509.979330586204,17907.86343652623,0.0002244646775056132,32888.392857142855,27596.365168847005,2.2121234709729305,4.858778194842135,4.6033640329469545,14.808509476269828,10.907389934593528,14.074450719054225,54.14116957774966
565.011,565.077,USV_833,0.06600000000003092,2.0,5.550000000000011,False,450.489,456.039,114.52199999999999,108.97199999999998,0.008509878069162369,0.030381944444444444,16031.412059884748,16540.235544357827,0.0003060035568387209,32465.277777777777,28370.0762057598,1.6010362432327723,5.183055302113367,6.353526147860389,16.88715473097669,11.457237783339258,14.67433756125911,57.040979618730134
565.131,565.154,USV_834,0.023000000000024556,2.0,5.550000000000011,False,450.489,456.039,114.642,109.09199999999998,0.009571600705385208,0.018354936079545456,14706.674819505146,16170.725715027429,0.0006905799610389299,30826.704545454544,24315.83408580913,2.9635091114411054,6.668309158113854,4.834868607305112,14.027766488392933,11.231849108780146,13.733617208179538,50.707871070421476
566.336,566.375,USV_835,0.03899999999998727,2.0,5.550000000000011,False,450.489,456.039,115.84700000000004,110.29700000000003,0.007164089474827051,0.025491153492647058,15639.405101389008,16334.566195303156,0.00011463546937793996,31615.808823529413,23429.16571643252,2.6198280928218547,2.4970825206275333,4.63629250668105,16.039245477347798,11.886467440336812,15.124452152597579,55.3395708366178
567.161,567.204,USV_836,0.043000000000006366,2.0,5.550000000000011,False,450.489,456.039,116.67199999999997,111.12199999999996,0.006791753228753805,0.018336245888157895,17210.930136028954,17639.21404416049,0.0002731421195380983,33962.17105263158,23923.156644585655,2.818578941570633,2.920709190486813,5.681414126226293,16.46203565871727,12.852155448302165,14.454767009298871,56.32651437506089
567.271,567.404,USV_837,0.1330000000000382,2.0,5.550000000000011,False,450.489,456.039,116.78199999999998,111.23199999999997,0.007975008338689804,0.028212327223557692,15503.99452308376,14973.970616656241,3.558125449581145e-05,31420.673076923078,26023.358641534305,2.2329324416520544,3.6553389620832086,5.565347886702825,17.188092104444422,11.11013866252055,14.466783533182358,60.737775919674284
567.484,567.622,USV_838,0.13799999999991996,2.0,5.550000000000011,False,450.489,456.039,116.99500000000006,111.44500000000005,0.011546993628144264,0.022026909722222224,14375.611925835432,15393.566695069005,9.645751402747403e-05,31029.51388888889,22982.610207713504,2.04995858874909,6.771359246622492,5.483048227164338,17.486720039213143,11.173540510713375,14.931146079990846,58.70493352354001
567.716,567.738,USV_839,0.022000000000048203,2.0,5.550000000000011,False,450.489,456.039,117.22700000000003,111.67700000000002,0.012810632586479187,0.016867897727272728,16090.322094706165,21053.816757333643,0.0004882953856447515,32982.954545454544,25885.02731896066,2.017475451795232,5.86559194567669,6.542785005895587,13.201704922852151,11.825539715127876,14.51088708280699,46.4740222783806
567.935,567.955,USV_840,0.020000000000095497,2.0,5.550000000000011,False,450.489,456.039,117.44599999999997,111.89599999999996,0.012029143050312996,0.0168701171875,14888.499522242564,16477.159495016265,7.283285605479886e-05,30778.125,26777.546609538265,3.891790930320859,6.775268441626982,4.3619353208223846,15.712540745786168,10.145661678169812,15.19680084768496,48.43845236804447
569.155,569.164,USV_841,0.009000000000014552,2.0,5.550000000000011,False,450.489,456.039,118.666,113.11599999999999,0.009835954755544662,0.013264973958333334,17210.729802938047,22482.08678794987,0.0003203556640527,32218.75,26293.364432420974,2.2645711079246387,7.663013833768418,5.060991364334764,13.552374735224213,9.65576481938897,12.913652427377377,36.44500841082633
570.027,570.044,USV_842,0.016999999999939064,2.0,5.550000000000011,False,450.489,456.039,119.53800000000007,113.98800000000006,0.004651270341128111,0.041693793402777776,20342.051963646136,19215.885730720704,0.0010531424919377206,35250.0,29446.015692123197,1.5206060507654915,3.083411335862645,6.896980413400652,14.36370858148725,12.179225207832951,15.14758883803432,48.19104076726598
570.146,570.155,USV_843,0.009000000000014552,2.0,5.550000000000011,False,450.489,456.039,119.65699999999998,114.10699999999997,0.011954053305089474,0.023681640625,14222.001448352845,15465.887839840225,4.492960884759469e-05,29328.125,16749.799386084287,2.6433340116081214,5.361624918210723,4.804948926365756,15.28180193220949,9.536542375637818,15.600129103302367,46.128752174763854
570.97,571.028,USV_844,0.057999999999992724,2.0,5.550000000000011,False,450.489,456.039,120.48100000000005,114.93100000000004,0.009933911263942719,0.016459147135416668,13736.55283007485,15901.354270794647,6.45174540989531e-05,30859.375,27095.449961638154,3.413324194171682,5.475504236107618,5.466895362041199,17.528245371570097,11.672177012181024,13.796684601747808,55.47188545336339
571.375,571.389,USV_845,0.014000000000010004,2.0,5.550000000000011,False,450.489,456.039,120.88600000000002,115.33600000000001,0.009064331650733948,0.01385498046875,17666.663900958873,24242.648565687363,0.0007189756592428169,35261.71875,22258.069167799367,1.6849370308677853,3.4542980154094867,4.406918603546967,13.280242646054363,11.52176409434055,12.992037956201164,40.651948508252005
571.567,571.633,USV_846,0.06600000000003092,2.0,5.550000000000011,False,450.489,456.039,121.07800000000003,115.52800000000002,0.008557307533919811,0.026566116898148147,15417.991994277341,16298.004359967344,0.0003641732403935363,31993.055555555555,23363.61054229276,4.6747680246909695,3.7376016019199074,5.75539070669822,16.876485826882973,11.713062355900105,14.091925448240746,55.73101479688908
571.815,571.852,USV_847,0.036999999999920874,2.0,5.550000000000011,False,450.489,456.039,121.32600000000008,115.77600000000007,0.0052599115297198296,0.03887939453125,17534.171474538332,17720.801773721316,0.0005522041132889554,34007.8125,26660.213288815125,2.1109182968464593,2.962459868465941,5.870086059261462,16.339500562134127,11.6420906124001,14.581567643977731,54.093713298276306
572.194,572.254,USV_848,0.06000000000005912,2.0,5.550000000000011,False,450.489,456.039,121.70499999999998,116.15499999999997,0.0098308390006423,0.022373046875,15542.60274187521,17165.249793609604,0.00034484388420018226,32332.5,27296.64477746269,2.1602851019439804,5.1877483515881435,6.248887902628744,16.859398742835626,10.761477587258776,16.187687501951388,56.21708363462433
572.385,572.453,USV_849,0.06799999999998363,2.0,5.550000000000011,False,450.489,456.039,121.89600000000002,116.346,0.008894112892448902,0.029697963169642856,16307.23780951691,15574.585558157667,0.0003554944887523395,32112.723214285714,27712.731249971315,2.2549861649632477,2.1720497070105673,5.902039839174015,15.866444907263404,11.83958668055685,15.201894224741807,58.520043544760554
572.626,572.69,USV_850,0.06400000000007822,2.0,5.550000000000011,False,450.489,456.039,122.137,116.58699999999999,0.00815608911216259,0.03265850360576923,16211.975009892385,15000.268581022083,9.402437501121345e-05,32235.576923076922,28070.442385129772,1.8682931208301694,5.270978386648096,5.962436104199894,17.87928118884839,12.132964560039012,14.459008469736348,59.078046733268025
572.801,572.912,USV_851,0.11099999999999,2.0,5.550000000000011,False,450.489,456.039,122.31200000000007,116.76200000000006,0.01101764291524887,0.018665660511363636,14069.052669137907,15077.312474028107,0.00018223766166381892,30786.221590909092,23209.097253889075,2.4380966831743716,4.995082270041489,4.995327791555842,17.637793929077652,11.699210526394689,14.593348550177756,58.6892039369206
573.186,573.199,USV_852,0.012999999999919964,2.0,5.550000000000011,False,450.489,456.039,122.69700000000006,117.14700000000005,0.01200738362967968,0.0068359375,16456.460789441822,22075.878716390842,0.0005058339730060509,32839.28571428572,17443.79927777097,2.5100336238046075,3.576136053193277,4.143474175436196,10.426162500512655,10.498909921331093,12.941912394392427,40.44523896139183
573.392,573.408,USV_853,0.01599999999996271,2.0,5.550000000000011,False,450.489,456.039,122.90300000000008,117.35300000000007,0.008720964193344116,0.026214599609375,17823.349285950895,20291.192304684097,0.00031056119947581385,32824.21875,21865.31840842525,3.261102189703837,5.5898706926237045,7.105585880125213,14.683769719027122,11.43911859133349,11.231234310676562,45.68771382731707
573.801,573.848,USV_854,0.04699999999991178,2.0,5.550000000000011,False,450.489,456.039,123.31200000000007,117.76200000000006,0.00910808052867651,0.02537841796875,16109.503952890931,17632.28545785886,0.0003836849951969714,32390.625,27933.048399716277,2.7196682851814877,5.663811159113221,5.224059643257734,15.020195450648183,9.433307365499477,13.37835671190127,54.87313795145904
573.922,574.037,USV_855,0.1150000000000091,2.0,5.550000000000011,False,450.489,456.039,123.43300000000005,117.88300000000004,0.01117060985416174,0.020805027173913044,14761.60201350763,15989.93477630242,0.0002458128767929856,31656.929347826088,24269.806765012105,2.3187309114344608,5.735650920279118,5.17837992366964,16.58590048579869,11.085893437489018,14.147025475671501,58.050031382834206
574.12,574.266,USV_856,0.14599999999995816,2.0,5.550000000000011,False,450.489,456.039,123.63100000000003,118.08100000000002,0.009292851202189922,0.027960526315789474,14960.593704184184,15119.38693532,8.311709362384676e-05,31578.947368421053,27129.4245202862,2.35330565757378,4.23349281544187,4.761228691390204,16.206534016094118,12.238576179990908,14.5848196552257,59.36846715983134
574.403,574.475,USV_857,0.07200000000000273,2.0,5.550000000000011,False,450.489,456.039,123.91400000000004,118.36400000000003,0.007772441022098064,0.026670258620689655,15461.951554051075,16092.238936376543,0.00046687487827042057,32094.827586206895,26782.741241585292,2.2973893202777336,4.032423356264672,5.747612967246606,16.280377980510856,11.752956020727435,15.029591521469138,57.29692387720194
574.53,574.617,USV_858,0.08699999999998909,2.0,5.550000000000011,False,450.489,456.039,124.041,118.49099999999999,0.009871278889477253,0.029938616071428573,15081.157864600766,14576.247872715272,0.0001136794651873954,29308.928571428572,20364.24882577017,2.3936428274515507,4.916920080971568,5.69855913335227,17.687036303100854,12.495987133350079,13.460544118616781,59.03611203346543
574.918,574.955,USV_859,0.03700000000003456,2.0,5.550000000000011,False,450.489,456.039,124.42900000000003,118.87900000000002,0.006416176911443472,0.0361785888671875,17197.011548679635,17176.901646516068,0.00039247364059071866,33468.75,23371.100865210643,3.623930349829193,2.8217988301455916,6.374526806035662,17.135093064302666,10.902107657934124,15.311604892008045,54.74425744518298
576.032,576.052,USV_860,0.01999999999998181,2.0,5.550000000000011,False,450.489,456.039,125.54300000000006,119.99300000000005,0.0064798095263540745,0.0201904296875,15463.013955188371,16553.292834327603,0.00010631492801383422,31921.875,27007.980014777015,3.0440670286376434,5.794726557365882,4.5022575672064695,14.844303828410792,9.775336840637177,14.427852490470851,49.79886984631604
576.375,576.431,USV_861,0.05600000000004002,2.0,5.550000000000011,False,450.489,456.039,125.88600000000002,120.33600000000001,0.010478991083800793,0.02734375,14772.431292604877,15246.45713195432,5.8000472844536414e-05,30472.82608695652,26750.544683945598,2.7149752793379545,5.720342202338303,5.141878644229764,16.580798989913472,11.00759555660227,14.21438196642992,56.417634214403535
576.766,576.779,USV_862,0.013000000000033651,2.0,5.550000000000011,False,450.489,456.039,126.27699999999999,120.72699999999998,0.01202291902154684,0.012137276785714286,16569.541737735966,20205.17672348881,0.00023530980034459413,31794.64285714286,26517.686486226277,3.467033251043607,7.658743354743295,4.919476126001046,13.974659725071163,9.255355482819118,13.58634594116962,41.75225343896658
577.19,577.217,USV_863,0.02699999999992997,2.0,5.550000000000011,False,450.489,456.039,126.70100000000008,121.15100000000007,0.00866114441305399,0.01800537109375,14452.431300738572,16968.190637079577,0.00010795775631649756,31328.125,25742.647304488153,2.280469596050944,2.4895927301930922,5.829959037490478,14.047107369313123,11.008726198301574,16.51721851267723,53.17210733535554
580.032,580.042,USV_864,0.009999999999990905,2.0,5.550000000000011,False,450.489,456.039,129.54300000000006,123.99300000000005,0.008657404221594334,0.026529947916666668,17884.379875662544,21816.052392474845,0.0007904211325959345,34703.125,31823.048775318806,3.1492809059774287,4.310055818642989,4.731426753729429,13.08077989630545,11.376986854196778,12.707006339416845,37.05623184451996
581.346,581.361,USV_865,0.014999999999986358,2.0,5.550000000000011,False,450.489,456.039,130.85700000000003,125.30700000000002,0.007679998409003019,0.02032470703125,16658.724728171248,19297.17436099184,0.0003349470926117026,31781.25,16415.170617385473,1.3763342369372236,4.338525513625346,5.564621057703279,12.755251632836465,11.904336837069906,13.167626953322127,44.864495803711165
582.08,582.11,USV_866,0.029999999999972715,2.0,5.550000000000011,False,450.489,456.039,131.59100000000007,126.04100000000005,0.010963269509375095,0.026907784598214284,16057.74613305165,16437.644292402238,0.00041323761142366154,31928.571428571428,26205.909539968234,2.7888971202889072,2.981371806336333,5.932064885713763,14.71177401322519,11.815566764965206,14.853367983907374,53.822684254940796
582.14,582.153,USV_867,0.013000000000033651,2.0,5.550000000000011,False,450.489,456.039,131.651,126.101,0.01046056393533945,0.019496372767857144,16073.448605431648,20941.01484729887,0.00031407807483046363,33602.67857142857,29707.680199879756,1.780475364708219,2.4924004294220836,5.748181397678204,14.906219764261653,10.423388020245085,14.618444909715404,40.46573077710845
582.49,582.502,USV_868,0.011999999999943611,2.0,5.550000000000011,False,450.489,456.039,132.00100000000003,126.45100000000002,0.00848632212728262,0.03526088169642857,19483.818736673973,22257.544896383606,0.0012065283417709144,34245.53571428572,26639.46601608408,2.3102986625870785,5.018804501686631,5.727059192599201,14.462867243315682,8.817211686033637,14.286411478727306,39.997948217328485
582.726,582.742,USV_869,0.01599999999996271,2.0,5.550000000000011,False,450.489,456.039,132.23700000000002,126.68700000000001,0.006516626570373774,0.03594970703125,17914.876796013537,19359.19317319522,0.0003392769688718156,33375.0,28178.43600384924,2.051599173826923,4.664837027501676,5.593569872038668,17.853458566893952,11.608923796148776,14.723454288659571,45.91128273983552
583.217,583.226,USV_870,0.009000000000014552,2.0,5.550000000000011,False,450.489,456.039,132.728,127.178,0.010458863340318203,0.014322916666666666,17655.405521667035,24570.641424100988,0.0007272377753046539,33750.0,27243.627603622415,1.9362549739675308,2.6498703767910334,5.299721576745911,11.680257147860777,8.26511008984462,13.996145839314279,34.713212513860796
584.207,584.264,USV_871,0.05700000000001637,2.0,5.550000000000011,False,450.489,456.039,133.71800000000002,128.168,0.008452718146145344,0.020528157552083332,15363.16420804692,15701.46771563348,7.851720150555886e-05,31292.96875,22664.955233749763,2.833553200237875,4.308207650706237,5.517111890078088,15.277155918079814,9.64682287719804,14.691951699213545,57.5868387691012
584.684,584.728,USV_872,0.04399999999998272,2.0,5.550000000000011,False,450.489,456.039,134.195,128.64499999999998,0.00949790794402361,0.013145045230263159,14772.35808680609,16443.082561499217,0.00010077221922194565,31726.973684210527,22116.3930952949,2.066259497234816,3.573689417260292,4.907921727636484,16.106378912434256,12.651131499514863,16.168506388640996,54.947495917805306
584.94,584.959,USV_873,0.01899999999989177,2.0,5.550000000000011,False,450.489,456.039,134.45100000000008,128.90100000000007,0.009819883853197098,0.026150173611111112,15880.872603317548,17050.804564816903,0.00020426487379453728,31916.666666666668,28882.632242449086,1.8614524151924832,3.6893099541587455,5.483266593448834,15.08515503919677,10.960803290538763,13.6815708239206,51.292873477430106
585.271,585.284,USV_874,0.013000000000033651,2.0,5.550000000000011,False,450.489,456.039,134.78199999999998,129.23199999999997,0.007191683631390333,0.019321986607142856,17542.60560522899,20905.61161809418,0.000373400279662452,34406.25,29931.259073759364,2.2938931845814503,3.302837666439764,4.050623568188059,16.000352830039358,10.633116359530078,14.512184246689523,42.130684901290984
585.319,585.35,USV_875,0.031000000000062755,2.0,5.550000000000011,False,450.489,456.039,134.82999999999998,129.27999999999997,0.009144130162894726,0.014439174107142858,15681.376477428374,18059.874736983315,0.000519796776852039,32055.803571428572,27107.057559853125,2.387267136664429,2.831716413512651,6.265096634308653,15.692916969993107,10.287844685136188,14.293509280100348,51.620006446808034
585.431,585.458,USV_876,0.02699999999992997,2.0,5.550000000000011,False,450.489,456.039,134.94200000000006,129.39200000000005,0.009241996333003044,0.030314127604166668,17840.08677407531,18681.611240566996,0.00027721884337669663,33203.125,27252.929329032802,1.9036634711663243,5.128849603228439,6.286016875686349,14.915987476729818,10.054692919412425,13.351035155911239,53.49064999615763
585.67,585.684,USV_877,0.014000000000010004,2.0,5.550000000000011,False,450.489,456.039,135.18099999999998,129.63099999999997,0.010586263611912727,0.011077880859375,17343.418361671625,18455.104987244693,0.00021181935634899282,33222.65625,29975.527692108175,2.2557202882138534,3.483988354976285,4.781319912844872,14.857254538181941,9.004038511395766,13.657847720870942,45.666289967646584
586.606,586.632,USV_878,0.025999999999953616,2.0,5.550000000000011,False,450.489,456.039,136.11700000000002,130.567,0.008592760190367699,0.03204345703125,17235.51614958917,17205.062297616252,0.0001862570868729114,32531.25,29376.848546989975,1.9371182540555847,4.086411940384981,5.153601043981051,15.684572078270785,11.050961191335217,15.569500881273088,51.152163890364584
588.103,588.14,USV_879,0.03700000000003456,2.0,5.550000000000011,False,450.489,456.039,137.61399999999998,132.06399999999996,0.00829203613102436,0.026885986328125,15399.510283287305,16934.435609844422,0.00019112841464244317,31869.140625,27894.601286760844,2.0276387560425513,5.30270722367127,5.317942589720344,19.396803775604027,10.117777067770957,13.325902973566233,53.00415016634466
588.704,588.74,USV_880,0.03600000000005821,2.0,5.550000000000011,False,450.489,456.039,138.21499999999997,132.66499999999996,0.0068878717720508575,0.0413970947265625,18369.856129438216,17781.07985161859,0.00030600039410220975,34675.78125,30130.328601583155,2.8067266681930274,2.0948395038881427,5.868350422100062,15.392912849173563,10.136516009659177,13.712347032937005,53.43218821820969
589.02,589.091,USV_881,0.07100000000002638,2.0,5.550000000000011,False,450.489,456.039,138.531,132.981,0.010658081620931625,0.026114628232758622,15081.789169194044,15314.578149786646,2.839888660909288e-05,31719.827586206895,26424.211511563135,2.443646630674199,6.0073808074678094,5.578087104456273,18.446179437543798,10.640739187032917,15.433516203775484,56.82073924305679
589.129,589.197,USV_882,0.06799999999998363,2.0,5.550000000000011,False,450.489,456.039,138.64000000000004,133.09000000000003,0.009121610783040524,0.023725237165178572,15492.010052908805,14797.098972276024,0.00015035536358209693,31181.91964285714,26928.260500332388,2.333068588449227,4.454910252645081,4.785973709877446,17.06275139244838,12.046583750308539,13.974254381703203,59.21129448016007
589.352,589.36,USV_883,0.008000000000038199,2.0,5.550000000000011,False,450.489,456.039,138.863,133.313,0.006886196322739124,0.036767578125,18714.521887003124,21667.171273406646,0.0004595459651911858,31987.5,26886.66973866759,3.1449160258575253,3.324872762381408,5.58084864197731,13.453347183217867,11.139434481244574,13.873795123633249,34.78157947294211
589.472,589.487,USV_884,0.014999999999986358,2.0,5.550000000000011,False,450.489,456.039,138.983,133.433,0.01238684169948101,0.021820068359375,14583.06763378577,17202.747649824054,0.0002669023566639232,29039.0625,26663.063306407246,1.030585732194618,5.376933029393687,4.094110244312779,17.723005887399555,11.64691223637832,15.484136882251992,44.25135433431904
589.928,589.963,USV_885,0.03499999999996817,2.0,5.550000000000011,False,450.489,456.039,139.43900000000002,133.889,0.008863200433552265,0.022770182291666666,14962.756337055931,16591.09046784306,0.00022074750391487918,30575.0,23374.599192996375,2.0427172212107476,3.6265743345486627,6.102456569102876,17.72981124777061,10.693729308934024,16.32859145493635,55.15078002395707
590.381,590.416,USV_886,0.035000000000081855,2.0,5.550000000000011,False,450.489,456.039,139.892,134.34199999999998,0.009487306699156761,0.0188751220703125,14943.307469699968,16836.839271023568,0.00022955999344138545,31371.09375,27314.423573263863,1.187900935051063,4.787452445874651,6.360777170862074,18.303356079439553,10.931715161890335,15.117847971136285,53.00652997785875
593.347,593.394,USV_887,0.047000000000025466,2.0,5.550000000000011,False,450.489,456.039,142.858,137.308,0.009625916369259357,0.0174560546875,13921.890755177868,16650.141200489288,0.00028402645018183945,30665.625,25015.852010322305,3.2127441242691885,4.549295999129635,5.774315993178799,17.655784938550163,11.397396295437833,15.08966008507696,54.472095488553705
593.971,593.987,USV_888,0.01599999999996271,2.0,5.550000000000011,False,450.489,456.039,143.48200000000003,137.93200000000002,0.006961275823414326,0.030426025390625,18214.564907173237,18963.72926681696,0.0005309521448382481,31933.59375,25564.632502244644,4.8495109307251205,5.55028351016257,7.136971471008495,15.418466019157727,11.65072912363089,13.301927952169436,46.78937878581898
594.208,594.217,USV_889,0.009000000000014552,2.0,5.550000000000011,False,450.489,456.039,143.719,138.16899999999998,0.008379246108233929,0.022786458333333332,16309.045007700957,18385.939244723108,0.00014997148936111545,30015.625,23660.11570002742,1.5378692128026632,3.9777167132735207,4.610085073925148,13.299224512062365,7.939711630899196,13.789456520123082,43.06999189993766
594.585,594.599,USV_890,0.014000000000010004,2.0,5.550000000000011,False,450.489,456.039,144.09600000000006,138.54600000000005,0.00943523459136486,0.01971435546875,18493.963117785665,23801.853850603184,0.0007809037690704563,34687.5,25598.903076866605,1.5560269740380268,5.254246250357139,6.70926556552217,12.902377561672697,10.713059016733641,14.85339618105284,42.05700731124293
596.148,596.165,USV_891,0.016999999999939064,2.0,5.550000000000011,False,450.489,456.039,145.65900000000005,140.10900000000004,0.007395760156214237,0.019368489583333332,18200.930865675506,21897.93309049691,0.0010275062292298656,33885.416666666664,25682.859085491316,2.737788007912572,5.420793025486585,4.112269605903496,12.734171862637972,10.519622552428945,13.135577751431718,44.76567852287514
596.439,596.508,USV_892,0.06900000000007367,2.0,5.550000000000011,False,450.489,456.039,145.95,140.39999999999998,0.009510069154202938,0.033115931919642856,16482.392514138515,15872.694197709377,8.138891811697722e-05,32514.508928571428,27969.848404276196,2.391924887990984,4.14532487172847,5.579861985732267,16.468053868253307,12.711360948514715,14.913142962019634,57.11873415903096
598.941,598.95,USV_893,0.009000000000014552,2.0,5.550000000000011,False,450.489,456.039,148.45200000000006,142.90200000000004,0.008409603498876095,0.013020833333333334,19457.549746154677,25059.21266736081,0.0011155421202882012,34296.875,20864.6796777437,1.960365450225775,5.378139577386936,3.7159672484191155,10.257958710163088,8.566050101194842,12.460156787001898,36.182108317313094
599.072,599.083,USV_894,0.010999999999967258,2.0,5.550000000000011,False,450.489,456.039,148.58300000000003,143.03300000000002,0.008675497025251389,0.020100911458333332,18729.39490550922,23572.080712658837,0.0013095062213528583,34828.125,24102.505169733733,1.0958284445856605,5.47582177190005,5.2691002988878655,11.689210626273622,9.70268519517534,13.271548054376922,41.588180148049915
599.999,600.072,USV_895,0.07299999999997908,2.0,5.550000000000011,False,450.489,456.039,149.51000000000005,143.96000000000004,0.009293120354413986,0.025236002604166665,15227.242862395673,15581.450541756534,0.00023115686947824143,31678.125,25368.76138549223,3.0119452439839676,4.171216597439828,6.163620115903597,17.823944802445045,11.31004251350493,15.041503522262348,57.52880570604683
600.108,600.242,USV_896,0.13400000000001455,2.0,5.550000000000011,False,450.489,456.039,149.61899999999997,144.06899999999996,0.00985341239720583,0.020636792452830188,13973.906662922409,14951.251090993755,2.7858563942063498e-05,30926.88679245283,24599.85451305637,2.183669766510452,5.109521724629105,6.148629014217111,18.435721658710168,10.918877483426284,15.240373559348651,58.447971382727296
600.274,600.313,USV_897,0.03899999999998727,2.0,5.550000000000011,False,450.489,456.039,149.78500000000003,144.235,0.008763604797422886,0.01852596507352941,15005.141469378223,16317.684722119733,0.0003474543560024467,31632.352941176472,28886.378271051475,2.4757460179891364,3.9425036213246423,6.084582752504069,15.967669077849731,12.200658173233789,14.277672981052334,53.69147932266735
600.482,600.55,USV_898,0.06799999999998363,2.0,5.550000000000011,False,450.489,456.039,149.993,144.44299999999998,0.011313035152852535,0.01123046875,13178.639543806934,15790.469024811007,0.00018130115348762363,29876.116071428572,16263.223380864012,2.6093449424413437,3.893211243819632,5.1041307449330935,17.944640902387874,11.669840528283208,15.111139657775423,56.22770855793938
600.705,600.757,USV_899,0.05199999999990723,2.0,5.550000000000011,False,450.489,456.039,150.21600000000007,144.66600000000005,0.01058320514857769,0.013006036931818182,14377.756508118724,17074.942793808226,0.00037171075166781103,30843.75,20293.330681862073,1.8881467894828796,5.308323134494956,5.333704354339243,16.764498773426393,11.493342796919945,15.737380678928554,54.42478048183391
601.037,601.059,USV_900,0.021999999999934516,2.0,5.550000000000011,False,450.489,456.039,150.54800000000006,144.99800000000005,0.014334643259644508,0.006569602272727273,14744.975766795214,21827.32884624859,0.0003044726744752426,32505.68181818182,27993.539169031254,2.2632820857386515,7.149297845379393,4.510194752796689,12.313124702755148,8.725825215882132,12.879855723727395,44.75932806585974
601.947,601.977,USV_901,0.029999999999972715,2.0,5.550000000000011,False,450.489,456.039,151.45800000000003,145.90800000000002,0.013362789526581764,0.011858258928571428,13980.78981542219,18871.40529907494,0.00018552442399506652,31332.589285714286,26796.721288335546,1.7660551298242075,5.618376148138926,4.683462024076336,13.288512524667492,10.388769118579534,15.586776255258949,48.80348061725419
602.239,602.284,USV_902,0.04499999999995907,2.0,5.550000000000011,False,450.489,456.039,151.75000000000006,146.20000000000005,0.008204529993236065,0.020520662006578948,14896.08342189143,16770.650132250903,0.0001257782873290726,31509.86842105263,22889.443566649355,3.309387451886267,3.094609244929783,5.853708809317164,16.3446462298368,10.958728342872273,16.082355772295855,55.10360236886412
602.357,602.456,USV_903,0.09900000000004638,2.0,5.550000000000011,False,450.489,456.039,151.868,146.31799999999998,0.009527631103992462,0.021710205078125,15079.307023472338,15524.314146805433,0.00042898646773865403,31012.5,21132.394450569594,2.0625094800177473,5.6999482984034975,5.444475075402055,17.312932508990777,10.628737385335153,15.272851156421785,58.65461826364517
602.508,602.611,USV_904,0.1029999999999518,2.0,5.550000000000011,False,450.489,456.039,152.01900000000006,146.46900000000005,0.009157386608421803,0.024670112423780487,14380.116617817725,14924.720174014015,4.2998874374539404e-05,30596.798780487807,20490.47125067749,2.3828508777861015,6.08665628552182,4.395954929562201,17.411458306094097,11.166833502370542,14.41318107901055,58.27017464654289
602.732,602.748,USV_905,0.016000000000076398,2.0,5.550000000000011,False,450.489,456.039,152.243,146.69299999999998,0.009541752748191357,0.011138916015625,16061.689573766882,17409.22878243192,0.00043038316413208775,30949.21875,20216.470338684572,2.467095139616589,3.0610055817492965,5.4381471676315325,12.669592745711197,11.213545080387679,14.639131285606137,46.89843084803964
602.931,602.945,USV_906,0.014000000000010004,2.0,5.550000000000011,False,450.489,456.039,152.44200000000006,146.89200000000005,0.009608256630599499,0.022796630859375,15809.551794674697,19654.151695307322,0.00041450383021784796,31828.125,26321.099848547678,0.6553662725883211,5.365907131044439,4.4187752775001705,15.338051168310695,9.964491616462656,14.379211127768933,42.63470413065881
603.142,603.241,USV_907,0.0989999999999327,2.0,5.550000000000011,False,450.489,456.039,152.65300000000008,147.10300000000007,0.010253758169710636,0.022511017628205128,13893.3462953158,14130.47747337846,1.780569410019934e-05,30024.03846153846,24659.217157553932,2.546278679728669,5.357664848640406,5.705968610418296,17.34001313493282,11.999880686543833,16.249650174859628,60.08069689794242
603.858,603.875,USV_908,0.01700000000005275,2.0,5.550000000000011,False,450.489,456.039,153.36899999999997,147.81899999999996,0.00862086657434702,0.012179904513888888,16894.237384061933,22091.107445292713,0.0008461009815654318,32656.25,26341.749944962696,1.7900823526932033,4.356977673536527,4.399269429278704,12.140870516485883,10.143967526134396,13.686152714973916,43.902952477898765
604.312,604.36,USV_909,0.04800000000000182,2.0,5.550000000000011,False,450.489,456.039,153.82300000000004,148.27300000000002,0.011510496027767658,0.01749267578125,13852.175811079922,16239.303474912482,0.00013111238385412767,29873.4375,21251.177446222184,3.69833661437407,5.262631805148746,5.402899440997331,15.818790813311338,10.680468499926409,15.032424849027535,54.20612563254616
607.318,607.358,USV_910,0.03999999999996362,2.0,5.550000000000011,False,450.489,456.039,156.829,151.279,0.008876025676727295,0.021843405330882353,15195.396987594064,14815.668217901624,3.3600234488119416e-05,30408.08823529412,23821.9353746821,2.601480610028813,6.511782449673408,5.608754112691948,15.337556349318026,11.166884155557554,14.930541805653414,56.9968425119662
607.495,607.532,USV_911,0.03700000000003456,2.0,5.550000000000011,False,450.489,456.039,157.00600000000003,151.45600000000002,0.009102044627070427,0.0314483642578125,15197.767356079712,14868.789918665625,0.0004373362176033817,29074.21875,20423.55177635234,2.07369587433657,3.908263009607902,5.560988165234408,17.01916784768079,11.33323236338937,15.631927795326028,56.277214235284006
607.663,607.754,USV_912,0.09100000000000819,2.0,5.550000000000011,False,450.489,456.039,157.17400000000004,151.62400000000002,0.009038923308253288,0.01982817778716216,13797.111639050938,14591.925624915986,6.667345032085055e-05,30068.412162162163,24844.5626744111,2.4089116567973594,4.189741163644386,5.9780397810760775,17.75841747845758,12.458074029844152,14.503231033557894,59.87430196781022
607.841,607.89,USV_913,0.04899999999997817,2.0,5.550000000000011,False,450.489,456.039,157.35200000000003,151.80200000000002,0.010724641382694244,0.039004371279761904,16407.764960028442,15921.235082511948,0.0002050548362661696,29750.0,23580.18704373821,2.2229133337489975,6.470802785720585,5.630647649418035,16.57105384434193,9.556862793576013,13.390878583312851,58.293725096107494
608.024,608.106,USV_914,0.08199999999999363,2.0,5.550000000000011,False,450.489,456.039,157.53500000000003,151.985,0.011047311127185822,0.03350645123106061,14381.607057076315,14788.56869012437,8.496412830022705e-05,29525.56818181818,18292.7914902512,2.655549026403185,5.845874282323417,5.094234028211143,16.063867304348346,11.834862426498152,13.895691539717518,60.56218796820288
608.229,608.256,USV_915,0.02699999999992997,2.0,5.550000000000011,False,450.489,456.039,157.74000000000007,152.19000000000005,0.010184203274548054,0.02105712890625,13919.636760618863,16107.0151360931,4.262488301844883e-05,30250.0,26143.85122780901,3.091591094395508,6.091602156192676,5.622852594730073,17.71574500816175,11.690391896502895,16.08739911350716,53.71537800194926
617.804,617.86,USV_916,0.05600000000004002,2.0,5.550000000000011,False,450.489,456.039,167.315,161.765,0.012166155502200127,0.021601137907608696,13902.25592817033,14585.958258474,0.00014838633715589709,28255.434782608696,16550.960528306943,2.7469371192622765,8.42093108289266,5.308137596784418,14.670119834006949,10.403077032048039,15.737041527666571,56.65669596600788
623.97,623.98,USV_917,0.009999999999990905,2.0,5.550000000000011,False,450.489,456.039,173.48100000000005,167.93100000000004,0.006526749115437269,0.026896158854166668,19096.295989697086,22876.7188893674,0.0014537488269287596,34078.125,24892.17934795795,1.9810903464897407,4.0928279246560875,4.089974114778002,14.719845330178218,10.113211522826221,15.016699154900161,37.2693191115771
633.828,633.876,USV_918,0.04800000000000182,2.0,5.550000000000011,False,450.489,456.039,183.339,177.789,0.010114869102835655,0.0203369140625,14881.668254486416,15037.353660645877,0.00024900908766464883,28964.0625,17168.530658650932,3.861101278762862,6.132708079757791,5.352639827839626,16.712103001745504,10.523987815909114,15.861443033781942,56.824874496600856
633.909,633.952,USV_919,0.043000000000006366,2.0,5.550000000000011,False,450.489,456.039,183.42000000000002,177.87,0.008364570327103138,0.01597193667763158,14363.751884333351,17515.00978908467,0.0003569040853815186,31208.88157894737,21340.9271509706,1.2749045058554398,5.3914911257595035,4.493822787476976,15.414797406097662,10.071392561914855,14.329251083708177,53.350893782918774
634.609,634.621,USV_920,0.011999999999943611,2.0,5.550000000000011,False,450.489,456.039,184.12000000000006,178.57000000000005,0.016221072524785995,0.004185267857142857,15735.220506051422,24560.731080045534,0.00038910223989783234,31660.714285714286,24174.846555301574,2.2947061614022055,5.202100499143734,6.360111466533232,11.066437596179188,8.064002946109683,11.863744057410893,37.308251032942685
651.893,651.903,USV_921,0.009999999999990905,2.0,5.550000000000011,False,450.489,456.039,201.40400000000005,195.85400000000004,0.0063461423851549625,0.023356119791666668,17562.923528023166,21517.385218045692,0.0015556371424113322,32843.75,16379.535453226554,2.1572451452806316,2.692646676516336,5.258519728386625,11.182816823059177,9.277328389417159,17.29005478982408,37.13128726401038
653.021,653.047,USV_922,0.026000000000067303,2.0,5.550000000000011,False,450.489,456.039,202.53199999999998,196.98199999999997,0.010217842645943165,0.024149576822916668,14565.999363909455,18211.467379247246,0.0004076886333309825,31281.25,20969.139021490566,2.003823899282219,6.554146059119205,4.411050600629324,14.640990484394509,10.114372613451051,14.360175678591572,47.78313891217376
653.233,653.246,USV_923,0.013000000000033651,2.0,5.550000000000011,False,450.489,456.039,202.74399999999997,197.19399999999996,0.008548588491976261,0.015032087053571428,15878.608608257504,19275.56766007904,0.00036263657358968183,31808.035714285714,21347.24274560795,2.5817033454957845,4.46715394224932,7.128285334073218,15.759419978824296,10.21851287550364,14.701959397082295,42.08369605510773
653.578,653.628,USV_924,0.05000000000006821,2.0,5.550000000000011,False,450.489,456.039,203.089,197.539,0.01194379199296236,0.013148716517857142,12808.267563898926,15488.5753117652,0.00019280012186902455,29437.5,18701.55861979959,2.274593608969184,3.811256213688416,5.196327639209698,16.2561967250392,10.330559847145125,14.494697161944142,55.11323325581599
653.692,653.733,USV_925,0.04099999999993997,2.0,5.550000000000011,False,450.489,456.039,203.20300000000003,197.65300000000002,0.011545629240572453,0.033732096354166664,14468.926004855593,13485.95667276317,3.611686930857753e-05,28723.958333333332,17670.45677233051,2.0421092155535234,4.988343844726956,4.617407675708886,14.821314111225405,10.775149441207473,13.789311512602874,56.612879869781885
653.837,653.896,USV_926,0.05899999999996908,2.0,5.550000000000011,False,450.489,456.039,203.348,197.798,0.010374335572123528,0.025390625,13736.481625776367,15632.870211148402,8.912014802185707e-05,29816.40625,22063.916977269488,1.962906584616577,3.810899079030994,5.54976278347682,17.051841655654396,10.205555688187246,13.584387872003527,56.908303604876984
654.547,654.675,USV_927,0.12799999999992906,2.0,5.550000000000011,False,450.489,456.039,204.05800000000005,198.50800000000004,0.010879771783947945,0.019482421875,13610.354624892654,14721.50185901354,2.119560091635243e-05,29983.125,23031.744262886477,2.691159970473583,4.825672170145048,5.8674707113161295,16.987380502933885,11.148733576516559,16.363071289495384,59.1465004362835
654.878,654.939,USV_928,0.06099999999992178,2.0,5.550000000000011,False,450.489,456.039,204.38900000000007,198.83900000000006,0.011448364704847336,0.010712890625,12563.655655061179,14968.275605093662,4.324551583680275e-05,28353.75,17528.316794002967,2.587596023732848,3.0954893684404357,4.888726996628725,15.014764839040755,11.752944440795995,14.115198000350652,56.281643454037855
655.007,655.115,USV_929,0.10800000000006094,2.0,5.550000000000011,False,450.489,456.039,204.51799999999997,198.96799999999996,0.01132496353238821,0.017793877180232558,13258.934872699174,14953.671112696922,0.00017460859519635136,29382.99418604651,21986.257077964758,2.0693199779342755,5.958909149857074,4.828479473401707,18.623908937682494,10.947827339893418,15.015444476997176,57.57139998082835
655.25,655.354,USV_930,0.10400000000004184,2.0,5.550000000000011,False,450.489,456.039,204.76100000000002,199.211,0.01086642500013113,0.033911728277439025,14622.980754076441,14029.790872385118,3.3159197122576446e-05,29705.030487804877,24114.431910497686,2.5808440974578604,4.768698931684629,5.935668701620554,18.191506998402083,10.383271242119413,14.2842969058079,61.06860967111132
655.384,655.411,USV_931,0.02699999999992997,2.0,5.550000000000011,False,450.489,456.039,204.89500000000004,199.34500000000003,0.00951221864670515,0.015950520833333332,15861.218762334485,19065.814924632476,0.0003976480967911699,32554.6875,23545.884086727903,2.3804648827869164,2.762049174249308,5.759003791480289,15.398245950309622,10.230514350579412,13.459582908454474,52.90552716842868
655.44,655.512,USV_932,0.07199999999988904,2.0,5.550000000000011,False,450.489,456.039,204.95100000000008,199.40100000000007,0.011128026060760021,0.057962351831896554,17819.07542749253,13490.838189903401,1.967542054622574e-05,31778.01724137931,26708.14273878912,2.235805835360324,4.978475933761021,5.534130087267811,16.90574090174769,10.41711985601496,15.533891518063886,61.69888100669533
655.769,655.804,USV_933,0.03499999999996817,2.0,5.550000000000011,False,450.489,456.039,205.28000000000003,199.73000000000002,0.00805437471717596,0.023372395833333334,16194.804426808474,17564.49336888589,0.0004256874722508654,33031.25,24444.867030946436,1.2515408964211732,4.165871471654389,5.1525689582076755,15.781411732874961,13.342577160092889,14.914211116386626,54.635392421102466
656.058,656.12,USV_934,0.06200000000001182,2.0,5.550000000000011,False,450.489,456.039,205.56900000000002,200.019,0.010310688056051731,0.016789362980769232,14943.599723379913,16537.7845883435,0.00024105464397321854,31507.21153846154,21610.528321037553,2.7800773081549126,4.7148510390534435,5.586607130589533,16.378272895069042,11.051013162532424,15.62902192401023,56.001162932559005
656.163,656.233,USV_935,0.06999999999993634,2.0,5.550000000000011,False,450.489,456.039,205.67400000000004,200.12400000000002,0.008029663935303688,0.02723430765086207,15259.880826496577,16182.840729864325,0.00023249258984651367,31519.396551724138,26195.83096309095,2.7829726237833907,4.239402196434422,5.232217041747216,16.149884643305334,10.746382264509858,14.738707131476211,56.87793755134409
656.336,656.398,USV_936,0.06200000000001182,2.0,5.550000000000011,False,450.489,456.039,205.84700000000004,200.29700000000003,0.010681445710361004,0.02734375,15086.523396304838,16535.112562251037,0.00017738798889565586,30587.740384615383,19480.573725267084,2.1894908884782214,4.850340008205102,3.981799208660542,15.401074568308529,10.801970935444958,14.153716771123293,56.00575063623342
656.617,656.67,USV_937,0.05299999999999727,2.0,5.550000000000011,False,450.489,456.039,206.128,200.57799999999997,0.011583790183067322,0.012229225852272728,13599.637027814386,16270.617536645987,0.00012444487060235922,30000.0,22573.53883993757,2.189205281939993,5.428719757587333,4.929544036061063,16.81649808097745,10.184117117233432,14.386963200061674,54.87339289276852
657.324,657.344,USV_938,0.020000000000095497,2.0,5.550000000000011,False,450.489,456.039,206.83499999999998,201.28499999999997,0.00876370258629322,0.0069091796875,14771.438836296706,17952.734607734725,0.00017882776490503252,30937.5,24585.31190362981,2.709414303093687,3.208424663211474,5.724381334563268,13.987373473429068,10.960223835182632,16.994861193675757,47.83031040867214
657.46,657.477,USV_939,0.016999999999939064,2.0,5.550000000000011,False,450.489,456.039,206.97100000000006,201.42100000000005,0.005464121699333191,0.045220269097222224,18428.727728205544,18654.73951853589,0.0009033049167917103,33989.583333333336,22216.56253872837,1.3812901377336868,2.8708497385719665,3.8272491395137163,14.573615835326867,9.729459019578142,11.166387421318278,49.05044021852733
657.622,657.657,USV_940,0.035000000000081855,2.0,5.550000000000011,False,450.489,456.039,207.13299999999998,201.58299999999997,0.007281037047505379,0.0325164794921875,16023.230988611087,17739.8174431488,0.000244691482592823,32718.75,20224.93151605092,2.0596787190160786,4.82996005761183,5.095598743292573,16.542155931373614,11.136529838701433,14.308413610651897,53.055885290976775
657.749,657.807,USV_941,0.057999999999992724,2.0,5.550000000000011,False,450.489,456.039,207.26000000000005,201.71000000000004,0.01432302501052618,0.021820068359375,13368.408250886698,14767.894735895645,4.157449515994761e-05,29503.90625,20272.61699048201,1.7000146035382528,3.684354895268347,4.441544621679719,18.043332670291143,12.18458098362062,13.604490439897889,55.7804751112054
658.422,658.435,USV_942,0.012999999999919964,2.0,5.550000000000011,False,450.489,456.039,207.93300000000005,202.38300000000004,0.006379797123372555,0.03076171875,16756.761313598432,18152.427603932058,0.00017342895643519823,31848.214285714286,25021.544048834086,2.4316605559836595,3.531808763991862,6.189853678611915,14.408004259206136,12.340557551328232,15.515640895989717,44.411615486037356
664.785,664.853,USV_943,0.06799999999998363,2.0,5.550000000000011,False,450.489,456.039,214.296,208.74599999999998,0.010609674267470837,0.023454938616071428,14037.209778166502,15193.900213346551,8.4889128052853e-05,29691.964285714286,17595.422511405715,1.5636815475905197,6.154598793571043,5.946067356751654,17.010003444861862,12.025770212255548,14.184301673978037,56.65174492432011
665.501,665.529,USV_944,0.02800000000002001,2.0,5.550000000000011,False,450.489,456.039,215.012,209.462,0.01052948646247387,0.009446364182692308,14229.175023360245,16520.670219145406,9.419768022403046e-05,29819.71153846154,19015.268933261996,2.576114155451653,2.1553187523875628,5.128061298449022,15.73477316216935,11.328822452327149,14.71958239926877,52.019010469336806
665.729,665.742,USV_945,0.012999999999919964,2.0,5.550000000000011,False,450.489,456.039,215.24000000000007,209.69000000000005,0.006812523119151592,0.023646763392857144,16888.626899468847,17402.064731051152,0.0008008360625359792,31861.60714285714,25561.43209516677,3.4440050048244584,5.311493941046041,5.717364809122198,14.876892740147117,9.918286909397647,13.405987478037586,47.62992559438561
666.033,666.179,USV_946,0.14599999999995816,2.0,5.550000000000011,False,450.489,456.039,215.54400000000004,209.99400000000003,0.011693315580487251,0.0324792694627193,14042.253592201574,13708.388438476575,7.163235680756607e-05,28639.802631578947,15726.716314467772,2.71771742334597,5.036142933160038,5.393737758767211,15.763067173462233,10.734301564198258,14.869262697135609,61.40772571625914
666.625,666.691,USV_947,0.06600000000003092,2.0,5.550000000000011,False,450.489,456.039,216.13600000000002,210.586,0.009122876450419426,0.022108289930555556,13885.378452466706,14863.203308572109,5.532959978367009e-05,29631.944444444445,16883.818248913187,2.4552645928901677,4.394863498241916,6.190541452817105,15.451055642069605,10.806772232700572,13.668581620088057,57.267966884794774
666.721,666.735,USV_948,0.014000000000010004,2.0,5.550000000000011,False,450.489,456.039,216.23200000000003,210.68200000000002,0.010130252689123154,0.013427734375,15160.376125319135,18978.690634646817,0.000540404055458399,30843.75,18591.9549767337,2.7458730352441822,3.0357639139189603,4.016783197598676,10.04615480929602,10.410845997798816,15.011078203533694,43.65891530025651
666.78,666.827,USV_949,0.047000000000025466,2.0,5.550000000000011,False,450.489,456.039,216.291,210.74099999999999,0.008903085254132748,0.02159423828125,14285.160029709132,16218.162373571799,0.00023322732682956783,30651.5625,23854.470422349154,1.6086679876871854,3.875614478498851,5.08100593478935,16.365898716676803,10.171705508313325,15.130115714321164,55.496782494547496
666.901,666.94,USV_950,0.039000000000100954,2.0,5.550000000000011,False,450.489,456.039,216.41199999999998,210.86199999999997,0.01053616963326931,0.019789751838235295,15207.772311087043,17492.928692519676,0.0004332092742561483,31681.985294117647,24295.198062841864,2.9862084447653445,4.623290341607083,3.846802458005905,15.54880945871962,10.498316950846542,14.21788152061469,53.780155819554494
667.001,667.092,USV_951,0.09100000000000819,2.0,5.550000000000011,False,450.489,456.039,216.512,210.962,0.010608735494315624,0.021550358952702704,14168.766460968856,14248.036411415971,5.5457964039920613e-05,28801.52027027027,20908.14188134205,2.8097579369810335,5.158201928121567,5.1984764884568495,17.182062498945132,11.061830929616486,14.596475767154608,59.2324915073156
667.404,667.424,USV_952,0.01999999999998181,2.0,5.550000000000011,False,450.489,456.039,216.91500000000002,211.365,0.011171821504831314,0.01015625,13345.193588421349,16681.164376554,4.408680264828754e-05,29746.875,20728.12399038669,2.0789275070371915,6.302232601411697,5.8384699697130955,16.291177506980738,11.887731963163207,15.784817539635577,47.72079305419595
667.577,667.607,USV_953,0.029999999999972715,2.0,5.550000000000011,False,450.489,456.039,217.08800000000002,211.538,0.005936157889664173,0.03639439174107143,17400.39593375546,18535.725175054537,0.00046847745635920674,32571.428571428572,21350.50509589,1.9421167732687976,2.2241475818533174,5.78674986881595,14.874113433194534,10.948247412724665,13.030816228056276,52.84048434339212
672.269,672.35,USV_954,0.08100000000001728,2.0,5.550000000000011,False,450.489,456.039,221.78000000000003,216.23000000000002,0.00956999696791172,0.025723544034090908,15446.360766439779,15117.301911826298,0.0001319971850019376,30840.909090909092,25285.9580731118,3.589399591170853,5.921711185340783,5.678599263982164,16.668556656322323,11.26039157555329,14.611391690166515,58.55509835073585
672.389,672.507,USV_955,0.11799999999993815,2.0,5.550000000000011,False,450.489,456.039,221.90000000000003,216.35000000000002,0.011066100560128689,0.021136344747340427,13632.309823194313,13635.66611747808,1.7383879259018044e-05,28922.872340425532,16526.393000155276,2.6058953919862633,4.258686312225212,6.284276017603574,19.65278025767698,10.949417637870607,13.723523672079114,61.02447702834827
672.615,672.648,USV_956,0.03300000000001546,2.0,5.550000000000011,False,450.489,456.039,222.12600000000003,216.57600000000002,0.008938971906900406,0.01611328125,15452.438839321141,18411.520457587903,0.00029065135928221016,32893.75,23713.095712513954,2.1730711835815892,4.4603644808195435,5.237071255324136,14.558469658044595,9.872707793731225,13.63061596116837,51.41493843210773
672.724,672.8,USV_957,0.07599999999990814,2.0,5.550000000000011,False,450.489,456.039,222.23500000000007,216.68500000000006,0.007985370233654976,0.023272114415322582,14475.88718077686,14777.181252979151,9.31799123127814e-05,30994.959677419356,20099.33757447768,2.8844252109400847,3.9124713850787454,5.418032467756993,16.62755213777782,11.69185881573388,15.572488309659946,59.22363299478471
672.861,673.006,USV_958,0.1449999999999818,2.0,5.550000000000011,False,450.489,456.039,222.372,216.822,0.00956227071583271,0.016824287280701754,14090.960179152178,15025.156052233267,5.238182706507439e-05,30639.802631578947,21464.853837217248,2.6213938217837063,4.95229693063207,5.878650834543596,17.722863698900674,11.458146782114378,14.625198885825217,58.78135392202568
673.197,673.3,USV_959,0.1029999999999518,2.0,5.550000000000011,False,450.489,456.039,222.70800000000003,217.15800000000002,0.008706063963472843,0.019828982469512195,13988.741852456065,14489.469214080998,6.356807126649415e-06,30926.067073170732,21304.965490179504,2.3445653643975635,4.9657082601908265,5.116813580082485,15.898653760162752,11.786860303447419,14.046538522372954,58.80917924335383
673.888,673.927,USV_960,0.03899999999998727,2.0,5.550000000000011,False,450.489,456.039,223.39900000000006,217.84900000000005,0.008962191641330719,0.014935661764705883,14732.065679375777,18179.95568008433,0.00013708393220015545,31803.308823529413,23321.22472439369,2.241621564785517,4.25243656538899,5.5094491066424585,18.079690575788117,9.261948531898367,15.249288887380189,52.61051575917123
674.069,674.117,USV_961,0.04800000000000182,2.0,5.550000000000011,False,450.489,456.039,223.57999999999998,218.02999999999997,0.009561103768646717,0.0195068359375,15460.623557604942,16773.681704939718,0.00010506638437392542,32118.75,24548.061920159536,3.130895850945764,5.644494277290377,6.283748343838935,18.795461906879673,12.228611321956596,15.797781337710145,54.669581063013254
674.205,674.222,USV_962,0.016999999999939064,2.0,5.550000000000011,False,450.489,456.039,223.71600000000007,218.16600000000005,0.010935579426586628,0.013427734375,15529.120553283703,16706.81486488278,0.0001874590017042795,30427.083333333332,23397.2192334673,2.2204313462495384,3.294968902070725,4.857982509703641,13.420017614652402,10.46159147252344,16.518488746938846,47.603704534544065
674.32,674.426,USV_963,0.10599999999999454,2.0,5.550000000000011,False,450.489,456.039,223.83100000000007,218.28100000000006,0.008836840279400349,0.017270042782738096,14781.286764591878,15384.386674009285,9.345639468591976e-05,31348.214285714286,19454.682711257035,2.4574272454713615,4.373475905903604,5.473328539171969,17.99374125936773,12.214043387050769,14.976230595800002,59.40383754177207
675.043,675.112,USV_964,0.06899999999995998,2.0,5.550000000000011,False,450.489,456.039,224.55400000000003,219.00400000000002,0.011139833368360996,0.014334542410714286,14508.771888391577,14691.082193467095,3.33622230311296e-05,30284.598214285714,22006.855358689172,2.234415586207763,5.213907744716706,4.8716629156907,16.75178428054639,11.82183087231822,14.6873443191472,57.988548588018304
675.263,675.29,USV_965,0.02699999999992997,2.0,5.550000000000011,False,450.489,456.039,224.77400000000006,219.22400000000005,0.00884405616670847,0.02716064453125,16511.23676337951,15929.556972555227,0.00011120743414059997,30742.1875,23895.898777094237,2.5194491779540193,5.031780646339265,5.053350723961061,17.1981369442022,10.73843521347798,16.80443650116053,54.56768547938185
675.435,675.578,USV_966,0.1430000000000291,2.0,5.550000000000011,False,450.489,456.039,224.94599999999997,219.39599999999996,0.012535515241324902,0.026772635323660716,15542.258574810956,14151.78396889027,2.2019715140615794e-05,30709.821428571428,19674.14788336255,2.3866160956731974,6.131936828691784,6.553153092652678,17.062311147983838,10.339754963050146,13.39064140780138,61.309735091071225
676.01,676.03,USV_967,0.01999999999998181,2.0,5.550000000000011,False,450.489,456.039,225.52100000000002,219.971,0.010461819358170033,0.020458984375,13551.44363526277,15340.46006530041,2.4286442419466436e-05,29896.875,16628.181649615457,1.6907523141761627,7.491328240940142,4.670262721475702,18.091468217861085,11.340178303524752,14.448294325690696,49.4872662851965
676.417,676.454,USV_968,0.036999999999920874,2.0,5.550000000000011,False,450.489,456.039,225.92800000000005,220.37800000000004,0.01080441102385521,0.014007568359375,12868.367172618173,14656.329613429989,2.0979782774106856e-05,29437.5,17960.155760009573,2.657633569993335,4.605847543398827,6.05770814647833,16.532689743153863,11.590055193158296,14.324757487632382,54.35876786055573
676.517,676.544,USV_969,0.02699999999992997,2.0,5.550000000000011,False,450.489,456.039,226.02800000000008,220.47800000000007,0.007186099421232939,0.031514485677083336,15827.989486868699,14671.929862614736,4.945411167907664e-05,30585.9375,15571.233898960016,2.544089459269616,3.504179043267902,5.00971863520454,14.778998285181613,10.079282866894822,14.94373998020553,57.0433358756984
676.706,676.737,USV_970,0.03099999999994907,2.0,5.550000000000011,False,450.489,456.039,226.21700000000004,220.66700000000003,0.009516455233097076,0.013392857142857142,14654.631238809063,17230.87698623779,0.00027201667822031116,31801.339285714286,27956.64373897021,2.1703825831519654,6.3566688919546745,5.435445392770477,15.200644747314552,10.160208481755467,13.227325262188055,50.64162962217117
677.3,677.333,USV_971,0.03300000000001546,2.0,5.550000000000011,False,450.489,456.039,226.81099999999998,221.26099999999997,0.007635288871824741,0.026546223958333334,16066.531580666158,17272.74104720635,0.0005033510910631167,31912.5,21087.88541504627,1.9932974596607045,4.156820314737749,6.404519761791266,17.259068048535266,12.503180270429516,14.697924009282433,52.6246421749518
677.442,677.45,USV_972,0.008000000000038199,2.0,5.550000000000011,False,450.489,456.039,226.95300000000003,221.40300000000002,0.007526544388383627,0.021875,18982.736386010183,24488.22738195326,0.0014392760518094055,34950.0,17927.117607200278,2.2164831007494983,2.642062672469013,4.765587817934524,13.94683964837193,6.698904311452137,13.991096281304703,33.774542170942944
677.79,677.808,USV_973,0.018000000000029104,2.0,5.550000000000011,False,450.489,456.039,227.301,221.75099999999998,0.007009970024228096,0.04123263888888889,18346.943987486902,19184.20298840945,0.000381778210850278,31937.5,23068.476733233805,0.9495352259809225,5.849901569809775,5.262391968576058,16.21810684421019,10.243662356502877,13.976148448919343,46.71691242082384
680.173,680.255,USV_974,0.08199999999999363,2.0,5.550000000000011,False,450.489,456.039,229.68400000000003,224.13400000000001,0.008245870471000671,0.02744732481060606,15615.962264268346,16074.362432307864,0.00011760298607615273,32468.75,28225.86247477089,2.454276475178233,4.635739533774845,5.874557469768893,16.587990365927915,10.621604127232517,15.130829046857144,57.15061419385265
680.522,680.54,USV_975,0.017999999999915417,2.0,5.550000000000011,False,450.489,456.039,230.03300000000007,224.48300000000006,0.011189100332558155,0.028049045138888888,16497.48808399316,19056.30760005131,0.0004164920826685142,32239.583333333332,26990.363193155838,2.0053712321853343,7.84064226733313,4.092844528552283,12.39002457598477,11.576371689630996,13.918457221259716,45.955002345807294
681.988,682.001,USV_976,0.012999999999919964,2.0,5.550000000000011,False,450.489,456.039,231.49900000000008,225.94900000000007,0.0036924013402312994,0.06270926339285714,19447.98829934068,17034.000760649862,0.0006654636949382491,33401.78571428572,23826.396023425023,2.966469318384242,3.839663733395219,5.863809299065025,13.70956644522482,11.732603319383513,14.861607817200134,47.238298086561706
682.074,682.098,USV_977,0.02400000000000091,2.0,5.550000000000011,False,450.489,456.039,231.58499999999998,226.03499999999997,0.008879185654222965,0.022816051136363636,15772.979609208582,19388.654422785225,0.0004685222293908347,32599.43181818182,19730.06941815524,2.162799684630718,4.9661283923168105,5.983064144339331,14.652768295509464,10.318713633454827,13.174436015563897,48.56861438551507
682.658,682.67,USV_978,0.011999999999943611,2.0,5.550000000000011,False,450.489,456.039,232.16900000000004,226.61900000000003,0.007872912101447582,0.019252232142857144,18526.230986005674,21487.86139913439,0.0003333712022562441,34995.53571428572,28489.1688392818,0.9897429668315348,2.2926022133352157,6.478555195261198,17.449693832415683,12.412548047805249,13.569350674961253,40.56850924035545
682.752,682.81,USV_979,0.057999999999992724,2.0,5.550000000000011,False,450.489,456.039,232.26299999999998,226.71299999999997,0.00809619203209877,0.031585693359375,17111.544734971027,15895.317612865729,0.00023799379298399797,33269.53125,23632.602282577504,2.7146248458968145,3.938525218997704,5.703516567185368,14.352831102149139,12.000747979729374,14.772742377591795,57.42658284514462
682.882,682.987,USV_980,0.10500000000001819,2.0,5.550000000000011,False,450.489,456.039,232.39299999999997,226.84299999999996,0.00929382722824812,0.018990652901785716,14869.581843258351,15329.763127749595,4.430109645876496e-05,31433.035714285714,24675.169418359354,2.214750708901717,4.931872380905218,4.3978203427042155,16.95217663449769,11.557144166059256,14.486653400269946,59.428324404628974
683.041,683.11,USV_981,0.06899999999995998,2.0,5.550000000000011,False,450.489,456.039,232.55200000000008,227.00200000000007,0.009011800400912762,0.027544294084821428,15366.183722991338,16283.2437783879,0.00033499037683148904,31918.526785714286,21259.42301299577,2.1218756630720574,4.499094952328354,3.931827506154641,14.750448542034126,12.772169519152166,15.209437303284284,56.65219760260877
683.205,683.316,USV_982,0.11099999999999,2.0,5.550000000000011,False,450.489,456.039,232.71600000000007,227.16600000000005,0.00920978281646967,0.014814897017045454,14471.489746204601,14733.448258624701,4.9790075631066096e-05,30713.778409090908,19612.050764606385,2.7495837566703902,3.586670755830921,5.858892219623915,16.961576984894613,11.745677059342396,14.500126664100959,59.391982600472836
683.483,683.504,USV_983,0.02100000000007185,2.0,5.550000000000011,False,450.489,456.039,232.99399999999997,227.44399999999996,0.009108176454901695,0.0124267578125,14484.92243191756,18165.430696104184,0.0002092488538125832,32137.5,25982.07768590751,1.8912661423179196,3.4540308134938895,5.539328934526095,15.610437429444872,13.215458776412996,15.489137973569607,47.926412494238036
684.118,684.258,USV_984,0.13999999999998636,2.0,5.550000000000011,False,450.489,456.039,233.62900000000008,228.07900000000006,0.010962733998894691,0.022061434659090908,12965.965492282761,13645.979930318344,8.679444948928836e-05,27969.886363636364,17900.53292660107,2.3432569932585627,5.058247437246556,6.33385814787809,15.663947578034318,11.741061476837244,15.222907223980036,59.86207946766126
686.506,686.557,USV_985,0.051000000000044565,2.0,5.550000000000011,False,450.489,456.039,236.017,230.46699999999998,0.009033169597387314,0.018965287642045456,15761.296225253005,17608.02000101205,0.00039047075758380495,33080.96590909091,20304.944309596747,2.4692359549758724,5.512566606322921,4.856458738604885,14.579280960089774,9.995190486245328,13.679763322130237,55.120577954426125
686.632,686.7,USV_986,0.06800000000009732,2.0,5.550000000000011,False,450.489,456.039,236.14299999999997,230.59299999999996,0.010957741178572178,0.018458775111607144,13936.647591192228,14824.073542484342,4.2262803486578205e-05,30910.714285714286,24827.004060527328,2.123100050321733,7.479123193743475,5.196394618746292,16.006996885609265,10.998263195764798,13.813395078816006,56.53843230654507
686.935,686.947,USV_987,0.012000000000057298,2.0,5.550000000000011,False,450.489,456.039,236.44599999999997,230.89599999999996,0.008840927854180336,0.01318359375,18308.644105749143,22416.06381076675,0.0004896579768343429,34593.75,25912.709186955984,2.323642670014063,2.7973997399663975,4.5254792869461244,14.534087068687228,10.132457191363367,12.37431056181054,40.73802639434105
702.082,702.095,USV_988,0.013000000000033651,,,None,,,,,0.009973243810236454,0.016287667410714284,13110.846054288,16937.655646092993,0.00017165076051666004,29008.928571428572,27935.147647560116,1.5374019292097052,2.5423931112909526,5.4876184209973236,17.1696698227837,10.59080433760542,15.665927120024266,43.12015676132154
702.221,702.278,USV_989,0.05700000000001637,,,None,,,,,0.012246687896549702,0.019938151041666668,12330.599468016684,15602.322241205582,0.00018510733363699076,27718.75,19348.69347303725,2.750496206484621,2.441956360987074,5.311377300496688,17.181355989383373,11.158574772857238,15.891891990149945,56.00138537036272
703.175,703.189,USV_990,0.014000000000010004,,,None,,,,,0.015033251605927944,0.01434326171875,14831.490959078186,22834.816853128883,0.0006629333231866227,32039.0625,28094.90456254586,2.7323377311488013,2.7364724444950617,4.313652487270703,16.009897375701012,8.452420852759433,11.56574088171186,40.92209467373881
703.233,703.294,USV_991,0.06100000000003547,,,None,,,,,0.011028424836695194,0.0187890625,12633.052441239191,15333.603479949636,6.507261637446039e-05,29415.0,27542.9524115414,2.4637133432083296,3.2441700132326305,7.32830620405858,20.698035563584025,10.737672683391452,14.290411914079918,57.4823885254202
705.104,705.123,USV_992,0.019000000000005457,,,None,,,,,0.01788182556629181,0.014208984375,10774.81768856326,18148.31240284036,0.00018155420733274343,26559.375,27361.710178443685,3.408165902178721,2.5761190978111497,5.331278774217172,16.306752916213046,7.50416955841677,15.056059320525785,44.81907897771962
711.556,711.636,USV_993,0.07999999999992724,,,None,,,,,0.016094103455543518,0.01490020751953125,10748.348898765711,14294.411751517555,0.00044319751305927876,25798.828125,25950.20027378929,3.296977165165006,2.570540029346273,5.428893971995706,18.982512171009503,10.044291469546504,16.4162639242219,56.75554897586727
714.491,714.596,USV_994,0.10500000000001819,,,None,,,,,0.013448644429445267,0.01877557663690476,10399.577897780811,13640.921913560735,0.00017447945874263823,24834.821428571428,31543.01486094134,2.3694854373179077,2.317537344058594,4.052494112066624,16.01315435915349,12.312492112810222,16.741606983766,60.029187337312365
723.635,723.739,USV_995,0.10400000000004184,,,None,,,,,0.014024998061358929,0.021335508765243903,13055.087687514419,14045.852991322987,4.012486092109823e-05,27807.164634146342,19470.680517666508,2.228148989091894,6.807496045687236,5.587251505923302,16.879093108750713,11.306483057892484,15.357827303103399,59.109559861231915
728.351,728.435,USV_996,0.08399999999994634,,,None,,,,,0.009148634970188141,0.03305951286764706,15087.399016451294,13627.63490815908,5.653559333248334e-05,29418.198529411766,15218.792472230713,2.2669838685492008,6.153077496942156,4.879314904733488,16.230303550889378,11.815715308256276,14.345204477882678,61.0952869274563
728.599,728.648,USV_997,0.04899999999997817,,,None,,,,,0.008527444675564766,0.024518694196428572,15516.541675211973,15292.796732742796,0.0004766623412969781,30433.035714285714,15637.72834704974,3.4022041260757616,6.6376277786348465,5.617843822746666,14.953726320948663,10.757868603817558,13.625833327734322,56.10469949532783
761.254,761.263,USV_998,0.009000000000014552,,,None,,,,,0.006150495260953903,0.027099609375,19837.77823760554,23954.05016666513,0.0010440457647478939,34500.0,27913.891330742128,1.4486137479573966,4.384645952074854,3.50171197951545,10.327708172055099,8.839226421208407,13.815149449811509,35.904009825296946
762.381,762.505,USV_999,0.12400000000002365,,,None,,,,,0.010566282086074352,0.018310546875,12594.593162836292,13934.624550560271,3.1124506231257945e-05,28620.535714285714,17984.584028085952,2.4482721731751353,5.157758504122538,6.144655959730752,17.26549917666251,11.170802194927955,14.19763982971326,59.06917487687863
767.996,768.059,USV_1000,0.06299999999998818,,,None,,,,,0.010293353348970413,0.020094651442307692,13599.052077005264,15206.93038817152,0.00015316643631023346,28727.16346153846,23364.541980339298,2.352072343171696,3.657464195723903,6.961930949118291,19.412356077377275,12.452412379818933,14.045246717949869,57.292692603742054
768.273,768.309,USV_1001,0.03599999999994452,,,None,,,,,0.006941246334463358,0.0231170654296875,16183.208259323363,16306.94120763386,0.00011236640851325063,31845.703125,23933.50529586088,2.508417359141153,3.513849013924278,5.057206947549849,14.937743204693595,10.150168047250189,16.185436738462577,54.71877678378125
768.498,768.634,USV_1002,0.13599999999996726,,,None,,,,,0.030526455491781235,0.006803692511792453,7294.206565529495,12204.646431458365,5.5958621701971495e-05,18827.830188679247,31275.081733080657,2.386450105172135,3.4242508817150323,5.562409580104141,20.428199912142496,11.740818440675204,14.995890329215861,55.79986428128835
770.411,770.425,USV_1003,0.014000000000010004,,,None,,,,,0.008151911199092865,0.008392333984375,15155.226652343597,19116.2799279011,0.00025388735578016374,30949.21875,25256.027813315646,2.226942127661359,3.52763025838071,5.54063550616679,11.889659406375003,9.08271012544663,13.585498553753792,44.03597974103647
771.212,771.253,USV_1004,0.04100000000005366,,,None,,,,,0.010628344491124153,0.019341362847222224,13018.651387173068,15158.618520166163,4.926816294505471e-05,29223.958333333332,18527.41148874128,2.440821697765451,4.717208706976442,4.5386529187516675,14.766116768865524,10.95472756906675,14.767827288774631,54.58921682602134
771.338,771.441,USV_1005,0.10300000000006548,,,None,,,,,0.009623602032661438,0.03468583269817073,14819.79901827673,15326.673432610256,0.0002445083384268562,30887.19512195122,24421.349340575092,1.8025182469591812,4.8690337758870035,4.723492295149687,16.543462418264813,11.045900237200847,15.631854996830556,58.345010546642584
771.544,771.562,USV_1006,0.018000000000029104,,,None,,,,,0.006434588693082333,0.02294921875,16708.364783953763,18580.702482609726,0.0003619320979735936,33020.833333333336,17967.532525008122,2.508060971303706,3.4021228221481277,6.50409346167596,13.94240604368322,12.34488013091872,14.910367237731768,48.807688058014406
772.987,773.031,USV_1007,0.04399999999998272,,,None,,,,,0.009845760650932789,0.011436060855263159,14804.47393970483,16779.042560197187,0.00019121972976582862,30083.88157894737,17535.222943304954,2.575331352775267,4.889846232029368,5.081740714475035,15.694107333894129,12.466027564291945,14.193197371861515,54.24507588921836
773.456,773.523,USV_1008,0.06700000000000728,,,None,,,,,0.01094056386500597,0.016741071428571428,13357.725310905347,14940.443319734544,2.9832641114203004e-05,29196.428571428572,23988.61249786679,2.162556373201993,5.113845354852742,5.87898487538442,17.040736067455992,12.142815788596701,15.177839499171053,57.35216698277016
788.929,788.952,USV_1009,0.023000000000024556,,,None,,,,,0.009742961265146732,0.01522549715909091,11763.11355083069,14209.83721376348,1.276439895414698e-05,28159.090909090908,26876.16927914986,2.41692305198115,2.8233483518033116,4.818435451865782,15.561400804063243,10.199331973787372,17.27259941152764,52.23736178578824
790.109,790.15,USV_1010,0.04099999999993997,,,None,,,,,0.016497544944286346,0.015719943576388888,9370.929942298784,13266.995297214624,5.902377743347026e-05,22203.125,24040.52434497914,2.2697719354123636,2.029466380566069,5.001665054360359,16.849010029270595,12.137357259166803,16.32798148579154,55.758999040059194
790.327,790.415,USV_1011,0.08799999999996544,,,None,,,,,0.04782431572675705,0.007017299107142857,5996.815694939079,10242.5046877974,2.6065783666837263e-05,14105.357142857143,28503.957718839258,2.7287258661832476,2.131153282053196,5.5007130263380795,19.103525710786478,11.0789821022032,15.36243352668232,59.7759073656944
790.466,790.583,USV_1012,0.1169999999999618,,,None,,,,,0.038557086139917374,0.009908924932065218,6258.172322256831,9898.87383786048,5.4808189383236835e-06,14651.494565217392,25436.703213025507,2.9485858264387756,2.102954340507764,5.162193432000041,18.9796874474242,12.452414648852633,15.57630245032635,60.633915500785555
791.523,791.558,USV_1013,0.03499999999996817,,,None,,,,,0.009972816333174706,0.018929036458333333,14054.670645043136,15530.6074139179,4.645532888088606e-05,29737.5,16108.112542743009,2.363115343794427,5.269272293163628,5.25382416935086,15.434078253984241,11.239467123455483,14.058931304248167,55.92193487139214
791.77,791.882,USV_1014,0.11199999999996635,,,None,,,,,0.011638659983873367,0.050115411931818184,16279.20759228292,12041.249486194667,0.00010106215526250553,27882.102272727272,15399.577361583384,2.96739178520357,4.216134755180684,4.615150499526606,16.920170328206687,12.848615879743976,14.108478276922567,65.83275267820133
792.874,793.006,USV_1015,0.13199999999994816,,,None,,,,,0.010283510200679302,0.028231107271634616,12680.87464691835,12718.740117530688,6.090565015210432e-06,26879.20673076923,15684.109545789093,2.787426644489185,4.848866363591153,6.1447968531414,15.938369634819761,11.772141885122739,14.054230826210718,62.41957098985871
794.145,794.222,USV_1016,0.07699999999999818,,,None,,,,,0.03002713806927204,0.012348790322580645,8978.152914550277,12696.686448607796,0.00018078061199375191,21849.798387096773,24273.616627665237,2.53867818549199,2.3779307716538414,6.568490663336684,17.97252475629805,10.116967588395713,15.047626992092997,56.90344193102103
794.271,794.329,USV_1017,0.057999999999992724,,,None,,,,,0.010648210532963276,0.022755940755208332,13064.17831347972,15335.344859921483,0.0001484849458075098,28628.90625,20267.846861202906,2.314604808010293,3.9899791814608445,6.030281110090404,16.68797834218097,10.464602276304754,15.494188886121398,57.2322411561424
799.658,799.728,USV_1018,0.06999999999993634,3.0,3.766999999999939,False,794.8960000000001,798.663,4.761999999999944,0.9950000000000045,0.010235748253762722,0.01794854525862069,13675.132841884657,15698.86241359818,0.00011029313428007272,29010.775862068964,22442.3910783323,2.4030234764724985,4.901103446703815,5.049096295188989,14.887861101473446,10.07318005052113,13.862595882434189,57.521149087466455
799.953,799.962,USV_1019,0.009000000000014552,3.0,3.766999999999939,False,794.8960000000001,798.663,5.056999999999903,1.2899999999999636,0.006278034765273333,0.020304361979166668,21193.706767226264,26967.82708560799,0.0023868331887849756,37687.5,27012.365969132432,4.615855754628975,4.406824897037686,4.552282734253156,9.068086762401615,6.177998281839433,14.115856748514526,35.13312798469723
800.646,800.655,USV_1020,0.009000000000014552,3.0,3.766999999999939,False,794.8960000000001,798.663,5.749999999999886,1.9829999999999472,0.007278467062860727,0.033650716145833336,21222.741144302712,22722.97018271038,0.002377423153958874,34375.0,23693.63888717364,1.8839018827638832,3.316306156071399,3.8365610223610074,14.731590646947147,9.592507566003624,14.098522315951117,37.58227160188141
800.701,800.729,USV_1021,0.02800000000002001,3.0,3.766999999999939,False,794.8960000000001,798.663,5.80499999999995,2.038000000000011,0.01211828924715519,0.019005408653846152,16654.38576649155,15967.44205952167,0.00010687730711861839,30887.01923076923,25155.9812306006,2.4239775438296456,5.005798541227922,5.7797576998993385,16.938869435535196,10.370107158638763,14.60717571127795,53.377485441781474
802.189,802.213,USV_1022,0.02400000000000091,3.0,3.766999999999939,False,794.8960000000001,798.663,7.292999999999893,3.5259999999999536,0.008106493391096592,0.022594105113636364,15788.374264516982,18281.790367336795,0.00044585732975481685,32019.886363636364,23938.04287102538,2.5155934367884365,5.074879148421274,4.2082745328696465,15.090290210091508,10.44047961447347,15.288823248125992,49.977699289147
803.32,803.388,USV_1023,0.06799999999998363,3.0,3.766999999999939,False,794.8960000000001,798.663,8.423999999999978,4.657000000000039,0.00851618405431509,0.029898507254464284,15915.094572549879,16409.50356316072,0.00030573582055829087,31988.839285714286,23719.541811460225,2.3464914881728633,3.8121098164836105,5.749092598736789,16.885149906979382,11.5992002655853,13.459303680133063,56.77267713855558
812.42,812.446,USV_1024,0.026000000000067303,3.0,3.766999999999939,False,794.8960000000001,798.663,17.523999999999887,13.756999999999948,0.00877306330949068,0.024088541666666668,14704.709063944856,15955.960654001547,0.00019754041306354177,30906.25,22309.043829216305,2.0607003816444602,4.15685690252288,5.301784442049661,18.121237996960982,12.053971216574842,15.7224781123074,51.61926561288396
817.045,817.057,USV_1025,0.012000000000057298,3.0,3.766999999999939,False,794.8960000000001,798.663,22.148999999999887,18.381999999999948,0.0058466545306146145,0.024797712053571428,17261.71406672903,20007.15400853525,0.0003351434636994413,32825.892857142855,27836.873237345713,3.513830894180072,3.030948803974598,6.003308366614063,12.713505069798968,10.089064134675969,14.775325228472818,42.2792737434125
818.186,818.205,USV_1026,0.019000000000005457,3.0,3.766999999999939,False,794.8960000000001,798.663,23.289999999999964,19.523000000000025,0.010763860307633877,0.022705078125,17218.64375405259,20039.837593795284,0.0012949055326568885,32793.75,25086.797051211684,1.2908674900130246,6.3695486915170525,2.458924197136123,14.935927226241606,9.173912020964309,15.105523924759973,46.00088868480976
818.471,818.509,USV_1027,0.038000000000010914,3.0,3.766999999999939,False,794.8960000000001,798.663,23.574999999999932,19.807999999999993,0.009247022680938244,0.02877987132352941,15374.831476128496,18139.899352343502,0.00023646205029720363,32266.54411764706,28285.744504159524,2.3703603342809676,4.820994569901118,4.664058662042316,16.800139080811192,11.099324401171055,14.664243589085071,52.07512317412752
818.581,818.637,USV_1028,0.05599999999992633,3.0,3.766999999999939,False,794.8960000000001,798.663,23.684999999999945,19.918000000000006,0.008296903222799301,0.026505180027173912,14945.635273077876,15878.514467734592,9.218405418434295e-05,31875.0,28120.77008458934,2.129765012495663,4.242067904450306,5.717253202877677,19.444069725038343,11.072275701629962,14.81721459463654,56.207005762782174
819.541,819.585,USV_1029,0.04399999999998272,3.0,3.766999999999939,False,794.8960000000001,798.663,24.644999999999982,20.878000000000043,0.010751654393970966,0.02129163240131579,15017.43526367797,16574.04316817,0.00010763772073801482,32289.473684210527,23690.201044236455,3.247174630619036,3.898689958990853,5.1885670969558895,15.35398854851131,11.445070388403586,13.674133865318145,56.578918746462264
819.97,819.997,USV_1030,0.02699999999992997,3.0,3.766999999999939,False,794.8960000000001,798.663,25.073999999999955,21.307000000000016,0.008875403553247452,0.009379069010416666,14855.401312002576,17250.011836246547,0.0002832471980395411,31437.5,21474.858372762046,3.206387888837334,2.548351298339654,6.4059355571681,14.980056514697567,10.757591854677836,14.834799574698613,53.708098915021004
820.247,820.307,USV_1031,0.06000000000005912,3.0,3.766999999999939,False,794.8960000000001,798.663,25.350999999999885,21.583999999999946,0.008878779597580433,0.022607421875,14935.903948200901,15510.883948850587,3.720875982939549e-05,32156.25,28211.122426475154,2.138935325764024,6.372382256333137,5.761475368760138,18.728739705026065,13.162124372135628,15.064074031405493,57.37465919794679
820.651,820.75,USV_1032,0.09900000000004638,3.0,3.766999999999939,False,794.8960000000001,798.663,25.75499999999988,21.987999999999943,0.009299608878791332,0.016766357421875,16228.628915822099,16655.325316085706,0.00029092060191154075,33323.4375,28793.78645549208,2.9148659188497854,4.466060755477474,5.509932286180008,16.292915271969388,12.20230690050597,14.604042454395557,58.29602446708306
820.812,820.828,USV_1033,0.01599999999996271,3.0,3.766999999999939,False,794.8960000000001,798.663,25.91599999999994,22.149,0.008448157459497452,0.016387939453125,16989.61773256462,17541.98590864906,0.00018276951153614813,33480.46875,29891.295025540934,3.1542387937740326,3.5160362670228946,4.856682385534811,16.302760957533234,9.836032508075903,14.121713551005257,47.02506532494783
821.281,821.341,USV_1034,0.06000000000005912,3.0,3.766999999999939,False,794.8960000000001,798.663,26.384999999999877,22.617999999999938,0.01149012427777052,0.01666015625,15516.745853570195,16343.784004882054,0.00020102240388442225,32621.25,26619.695527266,2.6215477177513513,5.1316607722678915,5.284459407486337,18.401628015919268,11.814079364217639,15.706561119692642,56.54165667844194
821.423,821.441,USV_1035,0.018000000000029104,3.0,3.766999999999939,False,794.8960000000001,798.663,26.52699999999993,22.75999999999999,0.010174513794481754,0.015055338541666666,14245.812731049029,16025.473266037197,3.5388862821282446e-05,29833.333333333332,23815.73010882346,0.8027750910472992,4.960868519127925,5.47608858616889,17.658338627310496,10.763118615097593,13.540409955671938,48.29993080078385
823.444,823.574,USV_1036,0.12999999999999545,3.0,3.766999999999939,False,794.8960000000001,798.663,28.547999999999888,24.78099999999995,0.008762402459979057,0.024232153799019607,14917.402606125926,14836.833933183398,5.2562503283540476e-05,31235.29411764706,24851.05998592021,2.351707962785302,5.679754642313691,6.405118991688945,18.321111062155502,12.87947213092143,13.900504276115806,59.797502837428226
824.272,824.327,USV_1037,0.05499999999994998,3.0,3.766999999999939,False,794.8960000000001,798.663,29.375999999999976,25.609000000000037,0.010136249475181103,0.022652004076086956,16728.240518198192,15870.247304829676,0.00011569644385927611,33819.29347826087,29340.27352134506,3.044685742670266,6.846865674191291,4.624018439383344,17.234984227710985,12.701303860599081,15.67900041757905,56.54316345982842
825.644,825.661,USV_1038,0.016999999999939064,3.0,3.766999999999939,False,794.8960000000001,798.663,30.747999999999934,26.980999999999995,0.008311185985803604,0.018744574652777776,17878.221283162686,20527.09095702653,0.0015794027208990268,35552.083333333336,23259.82221291132,2.483512085614187,1.9283405789421266,5.331195286103505,13.660432501272334,9.873179582514924,14.020208070200413,45.3487065990168
825.758,825.817,USV_1039,0.05899999999996908,3.0,3.766999999999939,False,794.8960000000001,798.663,30.861999999999966,27.095000000000027,0.007792357355356216,0.04205322265625,18568.472893398288,15432.548844728552,0.0003306877088640901,33042.96875,27022.99152130522,1.860709525878644,4.830578151004335,5.259704794244267,16.908876600926607,10.667717650903427,14.829006771867377,59.913454664911136
827.236,827.278,USV_1040,0.04200000000003001,3.0,3.766999999999939,False,794.8960000000001,798.663,32.33999999999992,28.57299999999998,0.008009742014110088,0.030802408854166668,15552.83924285964,15659.986588551963,0.00022249864972069216,32911.458333333336,24244.707986359794,2.4743148569107287,3.243430279279886,5.416759096547254,17.440037263533316,12.592999892120709,14.036403928862962,54.651475182642145
827.317,827.341,USV_1041,0.02400000000000091,3.0,3.766999999999939,False,794.8960000000001,798.663,32.420999999999935,28.653999999999996,0.008349894545972347,0.03171608664772727,16304.888496857708,18329.47483474382,0.0005974915298163704,33511.36363636364,22223.583758661345,1.9137480329182934,4.549262558996691,5.847897192284524,16.669204168934222,10.223034033411459,13.934002203675474,50.595932530801406
827.461,827.473,USV_1042,0.011999999999943611,3.0,3.766999999999939,False,794.8960000000001,798.663,32.56499999999994,28.798000000000002,0.008321194909512997,0.03076171875,16795.148837379955,18009.265159131748,0.00038115446194300374,32879.46428571428,17191.647390747552,1.031382257876896,5.478857112175008,4.666358045711482,15.130417600170036,11.270903231442276,14.270905539159552,43.75129553810083
827.589,827.605,USV_1043,0.01599999999996271,3.0,3.766999999999939,False,794.8960000000001,798.663,32.692999999999984,28.926000000000045,0.009204310365021229,0.01800537109375,14133.493877761073,15130.927987908966,5.095397701861779e-05,29941.40625,16604.58091668749,2.441754455860928,6.2069336081376605,5.214412690895802,16.170877270026438,11.393199428801314,16.720656295480097,49.628659682228694
827.747,827.796,USV_1044,0.04900000000009186,3.0,3.766999999999939,False,794.8960000000001,798.663,32.850999999999885,29.083999999999946,0.011638952419161797,0.004534040178571429,13091.490221523114,16093.586832633111,8.326512142638546e-05,29758.928571428572,23258.9056302281,2.594538220189745,2.9069682336595455,5.1566898612991485,16.61821956086296,11.927621448972618,14.227226673017269,55.16350457472917
829.031,829.045,USV_1045,0.014000000000010004,3.0,3.766999999999939,False,794.8960000000001,798.663,34.13499999999988,30.367999999999938,0.008589562959969044,0.01141357421875,15378.439443895662,20378.48016977539,0.00021750650132837764,31769.53125,25133.62029286867,2.3742292524463684,3.925015511916173,4.666629950951304,13.913715502544344,10.342833658755488,13.517171267874316,42.493148866550584
830.252,830.37,USV_1046,0.11800000000005184,3.0,3.766999999999939,False,794.8960000000001,798.663,35.35599999999988,31.588999999999942,0.009833207353949547,0.03646006482712766,18804.165145547995,16289.061675889068,0.000221460040336227,35002.65957446808,29477.745022978117,2.11019862768355,4.437691392447758,4.948065025299637,17.39594628567644,11.610032399302881,15.742194160917482,60.016976004434426
832.041,832.167,USV_1047,0.12599999999997635,3.0,3.766999999999939,False,794.8960000000001,798.663,37.14499999999998,33.37800000000004,0.011143145151436329,0.0279541015625,15783.28115914006,15126.106374680297,3.193293149888983e-05,32248.125,28649.999670824156,2.850212877550287,4.1787122249683515,6.256017314908271,17.34077479854592,10.964656100601582,14.957512962724753,59.46950383000665
832.319,832.342,USV_1048,0.023000000000024556,3.0,3.766999999999939,False,794.8960000000001,798.663,37.42299999999989,33.65599999999995,0.007990062236785889,0.034956498579545456,18969.56313730481,18934.976844823952,0.00019000362315080602,35232.954545454544,30939.772283974453,2.1601971689904604,4.362762592972277,6.741961097275651,14.848589353121982,10.128433205673037,13.055961718511458,50.058944941454506
835.546,835.573,USV_1049,0.02699999999992997,3.0,3.766999999999939,False,794.8960000000001,798.663,40.64999999999998,36.88300000000004,0.0083922715857625,0.016764322916666668,15058.153972091886,17903.323293859907,0.0002903006842518131,31882.8125,23081.486028430798,2.252292282327579,5.846569980421438,4.455744839718148,15.824756226707683,10.310959416646911,15.262246924402163,52.36153696902699
836.06,836.076,USV_1050,0.016000000000076398,3.0,3.766999999999939,False,794.8960000000001,798.663,41.163999999999874,37.396999999999935,0.0058457818813622,0.031494140625,18158.175846276637,19647.17947412304,0.0007869122030012897,33738.28125,26894.377277242616,1.3382431872228935,4.65937022962752,4.363975662494198,15.448128777664685,9.077604304443257,14.04469089943628,45.6580352846952
836.849,836.983,USV_1051,0.13399999999990087,3.0,3.766999999999939,False,794.8960000000001,798.663,41.952999999999975,38.186000000000035,0.008801110088825226,0.025888119103773585,17103.6198777484,15621.964398521963,0.00010627194923639123,33562.5,28987.929080645128,2.6843417112555934,3.4791736267235187,4.587890926997967,15.848570161386002,11.396633894658704,15.252504519262281,60.62105997808233
837.551,837.57,USV_1052,0.019000000000005457,3.0,3.766999999999939,False,794.8960000000001,798.663,42.65499999999997,38.888000000000034,0.008046705275774002,0.036376953125,18986.89407754087,19161.36272016209,0.00037009274555940873,33675.0,23614.618450134418,4.558731754741914,2.9474302317648244,5.01268011202272,14.18410914776157,11.694012348492263,14.172779948768568,48.14755257793728
839.491,839.556,USV_1053,0.06500000000005457,3.0,3.766999999999939,False,794.8960000000001,798.663,44.594999999999914,40.827999999999975,0.009352626278996468,0.01642975983796296,15017.806042221368,16913.446277279807,0.00019012145642981735,32142.36111111111,25813.2528373618,2.8249845366531128,5.684510791344381,4.3726385672288375,16.263701804330115,11.585340451742148,13.860141595488722,55.4993764256672
839.682,839.725,USV_1054,0.043000000000006366,3.0,3.766999999999939,False,794.8960000000001,798.663,44.785999999999945,41.019000000000005,0.00983903557062149,0.01864463404605263,14860.439155317432,17359.128897834715,0.00020384916085342694,31667.763157894737,24519.817775025753,2.5167622353919232,5.806239810290968,5.326461745958263,15.849497510020827,9.493087525255982,14.089553180514782,53.43115176164071
839.818,839.855,USV_1055,0.03700000000003456,3.0,3.766999999999939,False,794.8960000000001,798.663,44.92199999999991,41.15499999999997,0.007715457584708929,0.03369140625,16040.371651352727,15607.897558583622,0.000178866923251408,32431.640625,26886.062254480596,2.117429326080528,5.026583051814984,4.379534753306235,15.70105712447969,10.326757059080297,15.147084908386569,55.78970067494668
839.954,839.967,USV_1056,0.013000000000033651,3.0,3.766999999999939,False,794.8960000000001,798.663,45.05799999999988,41.29099999999994,0.008703201077878475,0.021763392857142856,15879.170370502872,18462.4131882005,0.00011809214002805563,31151.785714285714,26384.232161935193,2.6856110723140354,3.07887061673167,7.074265003926997,12.920097797827648,11.068983941462681,12.589425497501752,41.8788191131951
840.612,840.628,USV_1057,0.016000000000076398,3.0,3.766999999999939,False,794.8960000000001,798.663,45.715999999999894,41.948999999999955,0.00932016409933567,0.011962890625,14594.477355665667,19912.99345592378,0.00017487166371973935,31253.90625,23477.152495989096,2.1818901549148944,5.217548174566336,5.44129306362761,15.702805990146764,10.427395970967885,13.754953466026127,43.312681967766416
840.901,840.94,USV_1058,0.039000000000100954,3.0,3.766999999999939,False,794.8960000000001,798.663,46.00499999999988,42.23799999999994,0.009568354114890099,0.03463924632352941,16441.047941720717,16209.214297965642,0.000311643793903552,31869.485294117647,23767.548453899202,2.720123120380214,4.837676785307391,6.255392762824953,14.601912620717675,12.078569745242637,14.03886196701059,54.584758003502365
841.077,841.085,USV_1059,0.008000000000038199,3.0,3.766999999999939,False,794.8960000000001,798.663,46.180999999999926,42.41399999999999,0.011880284175276756,0.01455078125,16893.064769597746,25291.694462481355,0.0007539030643557077,32493.75,23882.75006067423,1.9778864827015354,4.4557051937497025,6.0186795281449035,8.887148843441764,8.942426867082409,10.706581271284039,31.663676624362893
841.255,841.28,USV_1060,0.024999999999977263,3.0,3.766999999999939,False,794.8960000000001,798.663,46.358999999999924,42.591999999999985,0.011200346052646637,0.013224283854166666,13713.524098907836,17539.479869409548,0.00015366751016433788,30164.0625,20561.374919132217,2.0056749594575596,5.169159758489728,5.57210216875253,15.64335926006589,10.017629523818593,14.902579819454564,49.090791363016706
841.41,841.487,USV_1061,0.07699999999999818,3.0,3.766999999999939,False,794.8960000000001,798.663,46.513999999999896,42.74699999999996,0.008746098726987839,0.024335307459677418,15229.840011266182,15057.023530421013,0.00014977330363900588,30378.024193548386,22046.890745266708,3.4507063828546163,6.119990838478476,6.755070898121012,16.980030007311395,11.395210453305276,14.15319998883141,58.55607806053198
847.318,847.395,USV_1062,0.07699999999999818,3.0,3.766999999999939,False,794.8960000000001,798.663,52.42199999999991,48.65499999999997,0.008505251258611679,0.026375063004032258,14101.945831899426,14931.638722309703,2.13667189401518e-05,31252.016129032258,21916.17338350909,2.5124023948891345,5.324317969764791,6.048499532646699,16.933003115580355,9.92833821051987,15.198131254882135,57.69191947430779
849.19,849.268,USV_1063,0.07799999999997453,3.0,3.766999999999939,False,794.8960000000001,798.663,54.29399999999998,50.527000000000044,0.010435656644403934,0.02108001708984375,13296.8084314269,14335.980587258535,0.00014248626717476594,29531.25,20132.12371255258,2.7990698066723887,4.380301316654062,5.261298349612043,17.46652563171291,12.467357330571293,15.932407625537964,58.3666587268606
849.742,849.78,USV_1064,0.038000000000010914,3.0,3.766999999999939,False,794.8960000000001,798.663,54.84599999999989,51.07899999999995,0.00933005753904581,0.027573529411764705,15340.134449649726,16861.399705266056,0.0003790810560846114,30650.735294117647,21970.735993545713,0.9702640202547729,5.838100434514452,4.649722041930457,15.07175609137776,10.860255623976979,15.38856724264629,52.73741425655221
850.14,850.226,USV_1065,0.08600000000001273,3.0,3.766999999999939,False,794.8960000000001,798.663,55.243999999999915,51.476999999999975,0.009584182873368263,0.01640625,14611.065384171696,14992.045097934291,0.00012097976012670092,29710.714285714286,20176.357566309136,2.492135442605028,2.2781453554114424,5.711745177542914,18.823544201846232,11.190166614173604,14.83204020393338,59.11758035976135
856.716,856.74,USV_1066,0.02400000000000091,3.0,3.766999999999939,False,794.8960000000001,798.663,61.819999999999936,58.053,0.0058889444917440414,0.028076171875,16786.983557487925,17703.096077755323,0.0006973921651799009,32019.886363636364,18686.36591930742,2.1258095496611453,2.9624586409000027,7.363038495504015,16.438406563202605,10.12111562487104,13.519176211156848,52.3194890319116
860.856,860.898,USV_1067,0.04200000000003001,3.0,3.766999999999939,False,794.8960000000001,798.663,65.95999999999992,62.192999999999984,0.009928761050105095,0.019992404513888888,14701.768136914143,16429.56322953343,0.00014142023104694943,30062.5,21474.62320161113,1.63282215143894,5.034831055642433,5.331342898307317,17.73672236131915,10.859993214128268,14.270121631952183,54.14849266173846
867.364,867.45,USV_1068,0.08600000000001273,3.0,3.766999999999939,False,794.8960000000001,798.663,72.46799999999996,68.70100000000002,0.009945305064320564,0.018198939732142858,14457.947216964101,15515.238222714284,0.00016649762758123832,29871.428571428572,21914.62525355237,1.9777039052039846,5.7028322189201495,4.855025713300876,16.53748320146779,11.284890451964438,15.140078859490128,57.78549384248405
880.187,880.296,USV_1069,0.10900000000003729,3.0,3.766999999999939,False,794.8960000000001,798.663,85.29099999999994,81.524,0.009525789879262447,0.038239235101744186,14845.917682918875,12819.503171586426,5.3519043224843505e-05,27815.406976744187,14813.903356398134,2.428308411116112,3.428713885487451,5.90935870509704,16.73134090054827,10.324395278934295,14.596125927935407,62.80367369516253
884.807,884.834,USV_1070,0.02699999999992997,3.0,3.766999999999939,False,794.8960000000001,798.663,89.91099999999994,86.144,0.007687646429985762,0.028035481770833332,15562.145086504475,15303.116747982413,3.126431421075241e-05,31078.125,19128.005144382307,2.4329975004715396,2.7093928784580754,4.5379512596047915,14.324750287941102,12.800365312155606,13.301427292928564,54.930948552089745
887.012,887.053,USV_1071,0.04100000000005366,3.0,3.766999999999939,False,794.8960000000001,798.663,92.11599999999987,88.34899999999993,0.00798690877854824,0.027859157986111112,15200.015159483895,16273.958768901764,0.00029163599546579096,30583.333333333332,20394.232864435184,1.5547259386854373,4.122382852597827,4.22659852233161,15.270968032299777,11.03537194677061,14.563802104450351,54.8108511761569
887.198,887.234,USV_1072,0.03600000000005821,3.0,3.766999999999939,False,794.8960000000001,798.663,92.30199999999991,88.53499999999997,0.006639163009822369,0.028839111328125,15492.106110250621,16419.090596019352,0.0004268879172660836,32214.84375,16942.500016571783,1.6132697311612467,4.625736820118636,4.768813187629785,16.229893641734478,11.465441637356031,13.747056118014738,54.78741872923116
887.778,887.81,USV_1073,0.03199999999992542,3.0,3.766999999999939,False,794.8960000000001,798.663,92.88199999999995,89.11500000000001,0.05160456523299217,0.006992885044642857,7101.542565812405,13379.705617311743,0.0001526162963496849,14979.910714285714,32557.440683140034,4.185109263920866,1.8373400832361975,5.619561206680209,19.186478425783925,10.913943196935744,15.609396665826155,47.90384506789709
888.089,888.171,USV_1074,0.08199999999999363,3.0,3.766999999999939,False,794.8960000000001,798.663,93.19299999999998,89.42600000000004,0.012894801795482635,0.017430160984848484,12409.021561913642,14256.71532651849,4.8465038728327976e-05,28857.954545454544,23298.87371596709,2.0443281161703433,4.555659801051771,6.573820574149011,16.885767422915706,12.175038844554104,15.989506934560763,57.55029322852042
888.229,888.268,USV_1075,0.03899999999998727,3.0,3.766999999999939,False,794.8960000000001,798.663,93.33299999999997,89.56600000000003,0.010622498579323292,0.020148782169117647,14052.4089382835,16404.40000985282,9.440940200983911e-05,30380.514705882353,26637.22686375643,3.4715716177255054,4.538275776703081,5.604929968774697,16.503343129682005,11.066466233761696,14.450175690315163,53.30394974717665
888.39,888.484,USV_1076,0.09400000000005093,3.0,3.766999999999939,False,794.8960000000001,798.663,93.49399999999991,89.72699999999998,0.00893376860767603,0.03211734169407895,15432.660211083283,15961.768727938197,0.00017469904911616977,31655.427631578947,23248.75304351581,2.2837070937455914,3.7190516658654134,5.395672718566378,15.915434032977346,10.50166640044816,14.74530636507416,58.148882446160364
888.685,888.78,USV_1077,0.09500000000002728,3.0,3.766999999999939,False,794.8960000000001,798.663,93.78899999999987,90.02199999999993,0.008934861049056053,0.024767423930921052,14846.997734823648,14747.994108599507,6.985690853875312e-05,30811.677631578947,20697.883220869557,2.6881741180216716,3.241819480210162,6.101149150892556,16.022888661572825,10.916814377268013,15.335647926629777,59.91791788753835
888.811,888.827,USV_1078,0.01599999999996271,3.0,3.766999999999939,False,794.8960000000001,798.663,93.91499999999996,90.14800000000002,0.011907081119716167,0.0047607421875,15251.836534197857,18272.160323720454,0.0003572996203988682,30574.21875,18087.31380473434,2.4712390234714636,6.522365318147826,6.297900000800876,13.613203753891247,14.13372845151235,17.109133110436545,47.127741858769824
888.875,888.906,USV_1079,0.03099999999994907,3.0,3.766999999999939,False,794.8960000000001,798.663,93.97899999999993,90.21199999999999,0.014760972000658512,0.01318359375,13344.621677987498,15919.467469434681,0.00011724432218111919,29196.428571428572,25505.315672291712,4.689294112554245,4.655928251822799,4.699382824829928,16.46707951371714,11.592515391730952,17.818062494574104,51.94965106265467
889.013,889.111,USV_1080,0.09799999999995634,3.0,3.766999999999939,False,794.8960000000001,798.663,94.11699999999996,90.35000000000002,0.009495704434812069,0.03368514623397436,14234.75189347656,13655.43620981039,7.293745572640748e-05,28375.0,18833.565117398866,3.1527154126868893,4.985790244302338,5.531284131485075,17.363999899925723,12.375740064685479,16.38640174632184,61.38395904926487
889.492,889.55,USV_1081,0.057999999999992724,3.0,3.766999999999939,False,794.8960000000001,798.663,94.59599999999989,90.82899999999995,0.009343198500573635,0.025054931640625,14720.891309134187,16132.871946686797,0.00015293652289108723,31234.375,23486.38459135385,2.4634639677828134,5.4752232969873385,4.05579501428979,15.557664722236566,11.130282144091993,13.385785132966904,55.904039515451664
889.593,889.645,USV_1082,0.05200000000002092,3.0,3.766999999999939,False,794.8960000000001,798.663,94.69699999999989,90.92999999999995,0.009165585972368717,0.023182262073863636,15681.544339341961,16827.06317649914,0.0004044803886928477,32186.079545454544,28254.692407792438,2.6662804208646635,5.433127812327454,4.628995654303265,17.300171875074106,11.029183733570807,15.64085738679353,54.11898662926242
889.702,889.727,USV_1083,0.024999999999977263,3.0,3.766999999999939,False,794.8960000000001,798.663,94.80599999999993,91.03899999999999,0.006762681528925896,0.0235595703125,16588.381346163744,19338.02160002264,0.0005090617747336677,32929.6875,28159.245356170828,3.3868916210901894,5.850389595375621,4.030839558860874,16.65467875951043,10.919899472720418,14.545578968684223,49.9725123460602
889.759,889.775,USV_1084,0.01599999999996271,3.0,3.766999999999939,False,794.8960000000001,798.663,94.86299999999994,91.096,0.007370753213763237,0.0343017578125,18706.99419793913,18077.255866076666,0.0006551049007797492,33667.96875,23384.261920920024,4.77959410254061,5.761247083896848,7.15620255432372,16.53307732204838,8.85594159903749,13.507262804129013,48.328207445016616
889.874,889.945,USV_1085,0.07100000000002638,3.0,3.766999999999939,False,794.8960000000001,798.663,94.97799999999995,91.21100000000001,0.008972812443971634,0.022797683189655173,15761.49124481252,15498.3250688575,4.1669450494603424e-05,32321.120689655174,23407.417772673612,2.0543746346700966,5.604153991891405,5.716197269282637,18.027840011447513,11.10356571470772,15.255294060108382,58.14861258131933
890.144,890.171,USV_1086,0.027000000000043656,3.0,3.766999999999939,False,794.8960000000001,798.663,95.24799999999993,91.481,0.007406468503177166,0.027775691105769232,15954.141101851586,18672.734762950182,0.00025785626401908946,32480.76923076923,20800.054914724064,2.3880624505137766,4.322814714427015,5.607192595040767,14.87423314605458,11.119393005325358,15.835837339016855,50.19380521981493
890.2,890.215,USV_1087,0.014999999999986358,3.0,3.766999999999939,False,794.8960000000001,798.663,95.30399999999997,91.53700000000003,0.009072314947843552,0.036590576171875,16719.723837623515,15522.649142687966,8.547640426922349e-05,31500.0,24827.92595690235,1.6835113220484668,5.612403840666181,5.210393942568117,16.280646836352332,11.098832040411066,17.929494619075072,48.79448029441472
890.288,890.304,USV_1088,0.01599999999996271,3.0,3.766999999999939,False,794.8960000000001,798.663,95.39199999999994,91.625,0.012977302074432373,0.01123046875,13757.939936893741,17647.4663708204,8.089134027316322e-05,29414.0625,23772.491759685774,1.6092355877362803,6.609684262866544,5.863676095662523,14.133106354967087,9.707303841129313,14.474693097961822,44.61222740903766
890.583,890.615,USV_1089,0.03200000000003911,3.0,3.766999999999939,False,794.8960000000001,798.663,95.6869999999999,91.91999999999996,0.007884742692112923,0.017752511160714284,16216.82464586005,17774.31343946579,0.0003475898492890633,32745.535714285714,26464.66548430819,2.3384862842791985,4.292017589477109,4.759997089347548,15.33574767652822,10.398997007645079,12.843259035835057,52.82415423548072
890.99,891.067,USV_1090,0.07699999999999818,3.0,3.766999999999939,False,794.8960000000001,798.663,96.09399999999994,92.327,0.009676264598965645,0.04010994203629032,16661.37891921654,15138.722062086561,0.0002069657603206557,31738.91129032258,26036.149777886687,2.3869542079777317,4.371814228262206,5.34428413997129,17.48582771884114,11.066264989163498,15.218635550773566,59.958368467776765
891.235,891.244,USV_1091,0.009000000000014552,3.0,3.766999999999939,False,794.8960000000001,798.663,96.33899999999994,92.572,0.00848016794770956,0.024617513020833332,17341.81723025505,21152.88301806765,0.0004853476724045696,33468.75,27429.53174539395,0.9230780889997923,3.649262396846087,6.134292052655849,11.986093104589342,11.844056922911484,12.633753155541479,37.75159237393634
891.482,891.505,USV_1092,0.023000000000024556,3.0,3.766999999999939,False,794.8960000000001,798.663,96.5859999999999,92.81899999999996,0.010408447124063969,0.017045454545454544,16653.156240334312,18846.293394406493,0.0002554652021310282,33494.318181818184,28292.029110611707,2.320671655960295,4.111323472206539,5.029076234586051,16.10881497112569,10.777367462775391,13.840898825857023,48.95679839982579
891.648,891.677,USV_1093,0.028999999999996362,3.0,3.766999999999939,False,794.8960000000001,798.663,96.75199999999995,92.98500000000001,0.00947532057762146,0.019211989182692308,16492.92692856922,18036.553193233452,0.0001314867998294575,31766.826923076922,26517.97488227665,1.6800465879815538,5.418536223708794,4.2802163254634475,14.365367745731062,11.214585101289071,13.474945383145911,51.14854068811378
891.974,892.004,USV_1094,0.029999999999972715,3.0,3.766999999999939,False,794.8960000000001,798.663,97.07799999999997,93.31100000000004,0.010098271071910858,0.020908900669642856,16143.494737541698,18307.416313576952,0.0002282039583294183,31774.553571428572,26187.446325423913,2.3202982378548866,5.376917159160648,4.724588310748259,13.319140718697378,10.487819377364948,13.43929072627491,51.45558973833895
892.302,892.32,USV_1095,0.018000000000029104,3.0,3.766999999999939,False,794.8960000000001,798.663,97.40599999999995,93.63900000000001,0.010810347273945808,0.015109592013888888,16787.79159980971,18870.432019718242,0.00046818820107921905,32864.583333333336,28674.511645277853,2.622600482867244,7.805232322393351,5.483529395450182,15.157602848704723,11.070260796078875,14.134062505151864,45.987655914181076
892.494,892.513,USV_1096,0.019000000000005457,3.0,3.766999999999939,False,794.8960000000001,798.663,97.59799999999996,93.83100000000002,0.01116860006004572,0.01669921875,16947.984784271724,21103.72191516836,0.0008248089339318216,32718.75,26863.03800592482,1.6712100858705767,4.151209602533119,4.835618432582744,13.724019015815582,11.3657246063239,13.248060465325747,45.18362263992467
895.682,895.768,USV_1097,0.08600000000001273,3.0,3.766999999999939,False,794.8960000000001,798.663,100.78599999999994,97.019,0.010824952274560928,0.020982142857142855,12052.962788976703,13418.388878118838,8.422180864214456e-05,26461.60714285714,18972.2882694185,2.397422323789691,3.8088668157020176,3.8697044392706226,14.225981626116727,10.273900726449329,16.19637185756592,59.53957056917592
897.659,897.667,USV_1098,0.008000000000038199,3.0,3.766999999999939,False,794.8960000000001,798.663,102.76299999999992,98.99599999999998,0.007962108589708805,0.0251953125,18864.17453127008,22310.832356263993,0.00033483476887767274,33843.75,25636.75040759411,1.2790382761728616,5.436833012218164,4.852535999285247,12.150132061532151,8.573580819255799,12.929689308576709,33.97043739044001
897.982,898.085,USV_1099,0.10300000000006548,3.0,3.766999999999939,False,794.8960000000001,798.663,103.0859999999999,99.31899999999996,0.00937147717922926,0.018941739710365852,14411.097062573648,14802.97692585784,7.991677306415379e-05,30551.067073170732,20911.577529335584,3.033775175588745,6.334310776533394,5.655368106923105,16.7784395956021,10.958008122673707,14.976078255820209,58.781582584116144
898.601,898.614,USV_1100,0.013000000000033651,3.0,3.766999999999939,False,794.8960000000001,798.663,103.70499999999993,99.93799999999999,0.00850845780223608,0.02587890625,16130.68653964983,14881.265995666761,4.303171946060754e-05,31232.14285714286,26249.35927703771,2.21088582513267,4.502202218118982,5.372187698964476,17.46748908275187,9.841405801714696,14.430922538521274,48.7312385028755
898.808,898.842,USV_1101,0.033999999999991815,3.0,3.766999999999939,False,794.8960000000001,798.663,103.91199999999992,100.14499999999998,0.009260148741304874,0.01884765625,14609.102579203376,14984.490821796498,2.7956863934404357e-05,29950.0,22421.466158718526,2.5768066811907473,5.539398997366116,6.430007989763113,14.667492358928955,11.418955021794888,14.51195093302556,54.61241482807288
900.758,900.781,USV_1102,0.02299999999991087,3.0,3.766999999999939,False,794.8960000000001,798.663,105.86199999999997,102.09500000000003,0.009621191769838333,0.024280894886363636,15612.067796456966,17641.15035378852,0.0004837421780898755,31525.56818181818,21144.737855481417,2.065712249776529,4.854426821690326,3.4447361471269207,13.42043508675428,10.373001659832953,14.680638761810313,48.36570524971052
900.841,900.886,USV_1103,0.04499999999995907,3.0,3.766999999999939,False,794.8960000000001,798.663,105.94499999999994,102.178,0.00978855974972248,0.022139699835526317,14530.84884321227,16493.542630127526,0.0003863503669507561,31490.13157894737,25452.187008495763,2.4980117922393794,5.954261907108577,4.939335700158306,16.774467163373927,11.48004644920985,14.799831712812429,54.55969604006598
900.995,901.024,USV_1104,0.028999999999996362,3.0,3.766999999999939,False,794.8960000000001,798.663,106.09899999999993,102.332,0.009289419278502464,0.0283203125,17536.348586448414,17008.07288035429,0.00017993407868859584,31543.26923076923,25038.21054800382,2.4492646270933016,3.1993434545101915,5.084579345888387,13.774988192272515,11.49715506358368,12.801316547464326,53.69033203224072
902.215,902.26,USV_1105,0.04499999999995907,3.0,3.766999999999939,False,794.8960000000001,798.663,107.31899999999996,103.55200000000002,0.00866536982357502,0.014288651315789474,14449.33563099678,16736.0006589073,0.00024135793754901446,31036.184210526317,23812.72976305156,2.876523684338967,3.881990501127302,5.14789518635209,16.18345100302858,12.168979688744253,14.568102709294696,54.94179042988447
902.337,902.365,USV_1106,0.02800000000002001,3.0,3.766999999999939,False,794.8960000000001,798.663,107.44099999999992,103.67399999999998,0.00937409047037363,0.010028545673076924,15259.040926421538,18601.699922266278,0.0001464925609669887,31939.903846153848,25370.486499167644,2.6607420006956466,3.7243034802785577,5.66033312407615,15.211800814637778,11.71930210430374,12.629909817817323,50.16142653452945
902.438,902.461,USV_1107,0.023000000000024556,3.0,3.766999999999939,False,794.8960000000001,798.663,107.54199999999992,103.77499999999998,0.00835621077567339,0.03262606534090909,18253.501024926925,17600.624659493253,0.00018313796210615125,33366.47727272727,23560.485102866773,1.3285841298268029,4.588745209503137,4.939653374115514,14.662582652330451,9.690239571604728,14.225954165477363,50.448860456955806
902.855,902.878,USV_1108,0.023000000000024556,3.0,3.766999999999939,False,794.8960000000001,798.663,107.95899999999995,104.19200000000001,0.008628850802779198,0.026034268465909092,15533.800819880236,16338.301541800483,0.00015807027447227182,31082.386363636364,23054.564439724418,1.4599906499871589,6.583717139748325,6.5635817439191015,20.263621841308836,10.024202851545839,15.29990562185596,50.180599274439416
904.07,904.085,USV_1109,0.014999999999986358,3.0,3.766999999999939,False,794.8960000000001,798.663,109.17399999999998,105.40700000000004,0.010401052422821522,0.01416015625,15791.885649902579,21747.84993113223,0.0004006858327810438,33304.6875,22562.229636035107,2.3729754170337807,6.264444276601518,5.200998548564343,12.353439960401664,11.030469764142328,13.71421449381108,41.686878730212456
904.124,904.154,USV_1110,0.029999999999972715,3.0,3.766999999999939,False,794.8960000000001,798.663,109.22799999999995,105.46100000000001,0.011104600504040718,0.028738839285714284,16539.258257177986,18642.099505862683,0.00039714436538673085,32725.446428571428,29199.480969445493,1.68253886167648,5.98065418749804,7.017223496817435,19.378182568617977,10.309670551616568,16.144955801660096,52.004486856999975
904.696,904.729,USV_1111,0.03300000000001546,3.0,3.766999999999939,False,794.8960000000001,798.663,109.79999999999995,106.03300000000002,0.010030693374574184,0.014127604166666667,15709.315421117253,16965.42973960106,8.196863189276156e-05,33087.5,28506.039932248994,2.658329151622679,5.2994833296799095,5.66088159519208,18.261854759991067,11.7748985958477,14.736845430838448,53.0702855252119
904.867,904.887,USV_1112,0.01999999999998181,3.0,3.766999999999939,False,794.8960000000001,798.663,109.97099999999989,106.20399999999995,0.010779167525470257,0.0113037109375,15809.621889952168,18689.98378687737,0.00027307898673634357,30000.0,17543.329279668647,2.478435253327086,4.854361049922103,5.912385216574052,14.796936153147115,9.768457605971001,15.80331306755026,48.84564062380717
904.991,905.026,USV_1113,0.03499999999996817,3.0,3.766999999999939,False,794.8960000000001,798.663,110.09499999999991,106.32799999999997,0.008718456141650677,0.012613932291666666,15001.986035502156,17433.111686201297,0.0002625407953590019,31943.75,27610.13887925867,2.1503077428472763,6.285169924574645,6.019629858100547,15.536813694531384,11.505045646357852,15.852407098302907,54.33383549939914
906.223,906.254,USV_1114,0.031000000000062755,3.0,3.766999999999939,False,794.8960000000001,798.663,111.32699999999988,107.55999999999995,0.007323054131120443,0.03220912388392857,17765.871493611183,18668.724834078606,0.000354871556577301,34533.482142857145,29089.776714946056,2.2120079494907694,3.4785724739684896,7.171218299493321,16.164078028757775,11.723134420986968,14.056800655182728,51.67696916609727
906.326,906.468,USV_1115,0.14199999999993906,3.0,3.766999999999939,False,794.8960000000001,798.663,111.42999999999995,107.66300000000001,0.010039345361292362,0.020132882254464284,14464.133408308042,15645.332084529673,9.379175666304422e-05,31767.85714285714,26362.891412114375,2.7108565353741367,5.633704212334311,5.208470773930349,16.758576069100883,10.835135428243658,14.750272511844445,58.871332836280985
907.205,907.249,USV_1116,0.04399999999998272,3.0,3.766999999999939,False,794.8960000000001,798.663,112.30899999999997,108.54200000000003,0.009919269941747189,0.03036338404605263,16615.291944137643,15337.402781889097,0.0002002614934896808,31519.736842105263,27418.394191414158,2.335018313419635,2.4824489591301675,5.005001858001103,16.09949986691547,11.583620938719402,14.015626933237193,56.77210746840385
907.549,907.604,USV_1117,0.055000000000063665,3.0,3.766999999999939,False,794.8960000000001,798.663,112.6529999999999,108.88599999999997,0.009975217282772064,0.022970448369565216,15194.22684175216,16191.391370256426,9.535240811868986e-05,31548.91304347826,27145.02518924789,3.313461935309369,4.6678225845437655,4.884885864870064,16.600052819778774,10.524837174432417,14.51864370558769,54.490532974314526
907.635,907.694,USV_1118,0.05899999999996908,3.0,3.766999999999939,False,794.8960000000001,798.663,112.73899999999992,108.97199999999998,0.0102841230109334,0.018280029296875,14286.66438996914,15656.578456608398,0.00014683853942700477,30292.96875,26295.58926552119,2.885451265521381,5.186248574106869,5.122087865358327,16.651423426630508,10.884968403835193,14.419369902653647,56.60250827330941
907.724,907.765,USV_1119,0.04099999999993997,3.0,3.766999999999939,False,794.8960000000001,798.663,112.82799999999997,109.06100000000004,0.01050512120127678,0.033935546875,17342.694206248052,17482.24201016276,0.0003417768925191188,32401.041666666668,27984.187107563466,1.7586850812617678,6.097277259463863,5.375868070324851,13.358795228342625,9.7848895388932,14.589110725968851,55.06506372564435
907.833,907.879,USV_1120,0.04600000000004911,3.0,3.766999999999939,False,794.8960000000001,798.663,112.9369999999999,109.16999999999996,0.009599359706044197,0.0150634765625,14465.031204188042,16973.239262330513,0.0002642995758660372,31570.3125,24088.917337128063,2.336587892359153,3.5408469304631054,4.8108028459665295,15.931930694680279,11.231885550990368,14.36433391179394,53.55360093205017
908.159,908.233,USV_1121,0.07399999999995543,3.0,3.766999999999939,False,794.8960000000001,798.663,113.26299999999992,109.49599999999998,0.010400776751339436,0.021663411458333334,14778.362004027624,15333.334630097377,0.00012985185046237275,30800.0,24416.637168104076,1.7549155498363882,5.249248465748976,5.268345708677321,17.775170771992705,11.611026506869981,15.600609831126604,57.55069295005349
908.429,908.535,USV_1122,0.10599999999999454,3.0,3.766999999999939,False,794.8960000000001,798.663,113.5329999999999,109.76599999999996,0.009822173044085503,0.026483444940476192,13679.503554964815,14839.990323528213,0.00027424950077343185,29595.98214285714,22623.39921574374,2.6814949606870706,3.6553621561324934,5.368648485329525,16.082090119586464,10.098074609066387,13.942084817638037,60.30414008530296
911.418,911.479,USV_1123,0.06100000000003547,3.0,3.766999999999939,False,794.8960000000001,798.663,116.52199999999993,112.755,0.010120556689798832,0.023017578125,13296.620636649746,14526.726221663428,0.00018948057944724497,27465.0,16711.045077460163,2.029071913434903,4.17378663497868,6.135432201513096,12.807671047067881,11.598294026719461,16.508666493813294,58.772298758184434
929.099,929.145,USV_1124,0.045999999999935426,3.0,3.766999999999939,False,794.8960000000001,798.663,134.20299999999997,130.43600000000004,0.011060340330004692,0.026318359375,15343.538162052491,17066.539990367975,0.00022916127533224384,30210.9375,22337.319064492058,1.8059980032698444,6.570912967865108,4.787081294074817,14.14717255017948,10.628120191808428,14.635963804681055,55.38082379214817
929.28,929.312,USV_1125,0.03200000000003911,3.0,3.766999999999939,False,794.8960000000001,798.663,134.3839999999999,130.61699999999996,0.007778234779834747,0.027622767857142856,15373.807206362324,15191.043910705357,7.238378618440703e-05,30220.98214285714,16585.138550122447,2.3906044366727848,4.014901801587047,6.386038391996928,13.60292968414552,11.75619744963883,15.195658790967487,54.78291869780741
930.016,930.024,USV_1126,0.008000000000038199,3.0,3.766999999999939,False,794.8960000000001,798.663,135.1199999999999,131.35299999999995,0.015320157632231712,0.006005859375,14074.83076575363,24272.977311861017,0.0002897722440838448,30656.25,26991.822511298822,2.449956100752693,6.987407451059174,4.696933492386836,11.464497500934021,7.504073794649838,13.247433931812358,30.421229937190247
931.159,931.222,USV_1127,0.06299999999998818,3.0,3.766999999999939,False,794.8960000000001,798.663,136.26299999999992,132.49599999999998,0.010384036228060722,0.02088341346153846,14651.667418881492,16346.322241940332,0.00031160491283335745,30731.971153846152,23536.930132550184,2.8186837737708808,5.320128810822909,4.200810506261691,17.174914345660074,11.803492213164624,14.128606559243853,56.259131479906
943.442,943.46,USV_1128,0.018000000000029104,3.0,3.766999999999939,False,794.8960000000001,798.663,148.54599999999994,144.779,0.010109905153512955,0.021267361111111112,14763.986238639382,18994.77213462243,0.00021522745444097247,31708.333333333332,27576.870232934074,1.9467703217781813,5.390948429500665,4.278964965712576,12.72301409454077,10.122269009702585,14.888848213397827,44.919743737217054
945.395,945.411,USV_1129,0.01599999999996271,3.0,3.766999999999939,False,794.8960000000001,798.663,150.4989999999999,146.73199999999997,0.007875317707657814,0.026214599609375,18094.090476235942,18456.766799648463,0.00022020652854355877,33492.1875,25901.92978126916,2.0142920318060034,4.719189377260791,5.3388860666563325,14.509455220121474,10.261471064967612,13.776031738498823,48.156622303997594
947.372,947.497,USV_1130,0.125,3.0,3.766999999999939,False,794.8960000000001,798.663,152.47599999999989,148.70899999999995,0.009235423989593983,0.02330795599489796,14880.188075267783,14305.985077552637,3.7472654269662824e-05,30286.98979591837,23406.140482302435,2.655569916364324,4.758278474880241,5.647234332941727,16.702773152320546,12.11712528689887,14.200216835201765,59.822347486574664
954.975,955.009,USV_1131,0.033999999999991815,3.0,3.766999999999939,False,794.8960000000001,798.663,160.07899999999995,156.312,0.010002908296883106,0.012972005208333333,13661.107023853017,16494.07551386397,0.0001405090813237679,30331.25,21593.810082259573,3.5135726431319183,6.4921066767822975,5.051497933138545,17.057294521676898,11.398309989065728,16.225794171370097,52.73992930059641
955.214,955.26,USV_1132,0.045999999999935426,3.0,3.766999999999939,False,794.8960000000001,798.663,160.31799999999998,156.55100000000004,0.01176733709871769,0.021533203125,14509.97707592748,17764.60162529953,0.0002352952287688715,31106.25,19445.17909691238,1.484614114880646,5.906253135891458,5.003900685222583,13.398872205381707,10.332088974851082,14.83376360690579,52.83170048123528
956.377,956.403,USV_1133,0.026000000000067303,3.0,3.766999999999939,False,794.8960000000001,798.663,161.48099999999988,157.71399999999994,0.011347223073244095,0.015238444010416666,15140.197112189477,19564.635816087448,0.0006041530470664865,32664.0625,16300.83490243917,3.2489392882636277,6.3906665635821795,4.0940320130238685,14.080787542443653,11.927972604802603,15.439772618396182,48.17805473854199
956.814,956.925,USV_1134,0.11099999999999,3.0,3.766999999999939,False,794.8960000000001,798.663,161.9179999999999,158.15099999999995,0.010091230273246765,0.018160733309659092,13052.97329661538,13921.889538943882,3.168873286592882e-06,29456.676136363636,24550.36812013068,2.3843218059876636,3.9124598220624005,6.096497804922165,17.168034261808852,12.156051878866446,15.4171081143659,59.923607371197974
957.861,957.968,USV_1135,0.1069999999999709,3.0,3.766999999999939,False,794.8960000000001,798.663,162.96499999999992,159.19799999999998,0.00811378937214613,0.028459821428571428,14804.31910557357,14449.75241397499,7.804664404288446e-05,30604.910714285714,20818.926579072846,2.7086918599102128,3.035314869759513,6.078653530493742,17.053833366376967,11.324107300829318,14.939029047241092,61.49163056280343
958.019,958.086,USV_1136,0.06700000000000728,3.0,3.766999999999939,False,794.8960000000001,798.663,163.12299999999993,159.356,0.007802874781191349,0.026035853794642856,15342.198242120441,16100.16476763493,0.0001954374624535747,31466.51785714286,27296.22252565287,3.06645440849023,3.8081230516944506,5.235239228828981,17.56206077394737,10.833354357985655,15.252267766082229,56.873304228392406
958.229,958.259,USV_1137,0.029999999999972715,3.0,3.766999999999939,False,794.8960000000001,798.663,163.33299999999997,159.56600000000003,0.006166853476315737,0.03758021763392857,17956.72923089594,18447.965888337036,0.0009239192296596353,34011.16071428572,25290.09022313469,1.9581566280161664,5.087120938916184,5.39590711489067,13.320701091720338,9.795486794463645,15.287020958301778,52.31651750350687
958.356,958.423,USV_1138,0.06700000000000728,3.0,3.766999999999939,False,794.8960000000001,798.663,163.45999999999992,159.69299999999998,0.009624505415558815,0.0196533203125,15255.383313507336,16204.618803062756,0.00023143003629446282,31841.51785714286,23715.754889332096,1.8331967642866613,4.365574565601883,5.600101785054212,16.3567329664907,12.837347549246276,15.204050880083589,57.010662512788215
958.484,958.521,USV_1139,0.036999999999920874,3.0,3.766999999999939,False,794.8960000000001,798.663,163.58799999999997,159.82100000000003,0.0059547387063503265,0.0341033935546875,16675.202173245292,16294.668969391858,0.00013618713668592215,32537.109375,26548.266164218134,2.4535457163023398,3.7029020831932575,6.670014073380346,19.60411501578832,11.914917540255427,15.47987108727914,56.95499825252763
958.645,958.687,USV_1140,0.04200000000003001,3.0,3.766999999999939,False,794.8960000000001,798.663,163.7489999999999,159.98199999999997,0.007687303703278303,0.021891276041666668,16736.878210432784,16746.574240572347,0.00016411805399633132,32760.416666666668,24523.22183442578,2.2076529868339345,4.086430181016317,4.116955801944062,15.256221321605503,11.016299480765964,15.34486102735212,56.45348630322901
959.396,959.506,USV_1141,0.11000000000001364,3.0,3.766999999999939,False,794.8960000000001,798.663,164.4999999999999,160.73299999999995,0.013246525079011917,0.041093306107954544,16811.72575569618,14281.533540105907,0.00014576188793627553,31299.715909090908,23092.682409918387,2.566699220699895,4.016670135593767,4.987336248953451,15.905094203004099,10.970401184546835,14.628395479858225,61.41951508971869
959.712,959.747,USV_1142,0.03499999999996817,3.0,3.766999999999939,False,794.8960000000001,798.663,164.81599999999992,161.04899999999998,0.009913203306496143,0.020930989583333334,16573.972778052903,17709.479910292936,0.00035373803703323155,32306.25,27551.96261331956,3.780450188645722,7.300027204757757,4.759596499459932,16.078847065535673,12.900719945978416,14.239787759475393,55.26124481266121
959.906,959.935,USV_1143,0.028999999999996362,3.0,3.766999999999939,False,794.8960000000001,798.663,165.00999999999988,161.24299999999994,0.011140321381390095,0.022291917067307692,15423.397689867288,18603.15375832928,0.000779088779836002,32004.80769230769,27391.62164888718,2.913501717055152,6.770699253138901,5.079963039000524,15.337850900709915,9.9417317994336,15.969496097415465,49.389661179931714
960.271,960.309,USV_1144,0.038000000000010914,3.0,3.766999999999939,False,794.8960000000001,798.663,165.3749999999999,161.60799999999995,0.010333450511097908,0.020866842830882353,16194.896442093013,17592.42825701369,0.0003063514983482106,31698.529411764706,26170.564583402702,2.7518972662749372,7.329959758000634,5.200758619658358,15.165552867737206,11.506407559619928,16.392118198455996,52.598830658961006
961.435,961.477,USV_1145,0.04200000000003001,3.0,3.766999999999939,False,794.8960000000001,798.663,166.53899999999987,162.77199999999993,0.011736045591533184,0.017415364583333332,13616.862826712771,16683.371918404257,0.00010740219676750855,30906.25,22341.679471806034,1.4482825144710967,7.896676060525381,5.829607964251085,18.57556912759586,10.023179345774944,14.740436147420532,53.458201203029404
961.908,961.917,USV_1146,0.009000000000014552,3.0,3.766999999999939,False,794.8960000000001,798.663,167.01199999999994,163.245,0.008797558955848217,0.01416015625,17385.127171446584,22063.645185573812,0.0003938505849454247,31906.25,24296.10696145175,1.974752243052336,2.9688079374012353,4.901409789673458,14.248985165210108,8.453293926733043,14.564628040072106,37.3168179765731
963.04,963.049,USV_1147,0.009000000000014552,3.0,3.766999999999939,False,794.8960000000001,798.663,168.1439999999999,164.37699999999995,0.011994664557278156,0.004150390625,18178.029240098916,26714.767925983528,0.0010239283967944147,34796.875,26137.423497580938,2.176301908893795,2.789123519505693,3.80995484919881,11.260758552323168,9.134725528238308,15.363433297483278,33.24989919281515
965.679,965.783,USV_1148,0.10400000000004184,3.0,3.766999999999939,False,794.8960000000001,798.663,170.7829999999999,167.01599999999996,0.01018078438937664,0.02853467987804878,14234.65831169551,12921.02161958643,1.6731949473039968e-05,27317.835365853658,15128.605406497954,3.132811641925792,4.520004473996546,5.193786383953503,16.859331684044996,10.922437607187645,15.040379368924047,62.48755861974984
967.736,967.751,USV_1149,0.014999999999986358,3.0,3.766999999999939,False,794.8960000000001,798.663,172.83999999999992,169.07299999999998,0.00883384607732296,0.0233154296875,18427.775547645622,20806.191605109874,0.0008765401457818658,33363.28125,19825.370091416902,4.602219955060882,6.8336259589904085,6.206810642413094,13.623740910468314,9.469474895011505,14.551950722645225,44.450771893379326
968.064,968.08,USV_1150,0.016000000000076398,3.0,3.766999999999939,False,794.8960000000001,798.663,173.1679999999999,169.40099999999995,0.010677183046936989,0.022125244140625,16273.482071042237,18203.053446968293,0.0002594933519895395,30246.09375,24964.416916367292,1.4581849694495252,6.0557346532931575,5.104918438984275,16.18140593915226,9.86529995908679,14.990257920715178,45.920693986500495
971.221,971.252,USV_1151,0.03099999999994907,3.0,3.766999999999939,False,794.8960000000001,798.663,176.32499999999993,172.558,0.010122007690370083,0.01953125,15179.042606609006,14949.58297614632,3.5958772268975376e-05,31185.26785714286,26267.564656244973,3.1591024726787116,5.282243817495103,4.983292391554529,17.483675026183665,10.897773490913139,13.823828304018347,55.054898595995645
972.316,972.433,USV_1152,0.1169999999999618,3.0,3.766999999999939,False,794.8960000000001,798.663,177.41999999999996,173.65300000000002,0.009093470871448517,0.032980213994565216,15607.048991252437,14506.126366633509,4.573584169462665e-05,30963.994565217392,23540.27827952657,2.5147530796724875,4.412110729663038,5.208850971554184,17.267925661720437,11.057823221479191,13.856848343091212,59.97907784503653
972.919,972.946,USV_1153,0.027000000000043656,3.0,3.766999999999939,False,794.8960000000001,798.663,178.0229999999999,174.25599999999997,0.007580504287034273,0.02647986778846154,17975.348280863065,19977.792125805237,0.0006611914733787148,34117.78846153846,24373.971529769005,2.177520089480282,4.807173084039574,3.6222283756520364,11.409257662280897,9.606172672819941,14.433291867594306,50.368197766767864
974.187,974.195,USV_1154,0.008000000000038199,3.0,3.766999999999939,False,794.8960000000001,798.663,179.29099999999994,175.524,0.010665345005691051,0.02744140625,19772.85211076936,21749.390097633026,0.0022944183500688826,33225.0,25093.893929061465,1.9202054055284734,5.013470796885225,4.761985691168479,10.42801293412236,8.615880406382184,15.455416259642345,34.59306569625248
974.641,974.664,USV_1155,0.023000000000024556,3.0,3.766999999999939,False,794.8960000000001,798.663,179.7449999999999,175.97799999999995,0.00978502444922924,0.02130681818181818,15866.244747860213,18581.676190677226,0.0006664887816505731,31406.25,22097.138767299173,1.930580667846466,3.8955305923848385,9.471299430481794,17.318676403863915,9.761823506642452,16.974452478963986,48.396279975185514
974.813,974.839,USV_1156,0.026000000000067303,3.0,3.766999999999939,False,794.8960000000001,798.663,179.91699999999992,176.14999999999998,0.008195747621357441,0.027201334635416668,15999.715751708618,17713.333441136554,0.00033384629583107757,32945.3125,25848.174893644118,1.0861203539370494,6.536846960716638,7.168148859327791,16.921517590093597,10.393238613438243,16.666893385907628,52.21336952443415
974.911,974.979,USV_1157,0.06800000000009732,3.0,3.766999999999939,False,794.8960000000001,798.663,180.01499999999987,176.24799999999993,0.009202915243804455,0.020281110491071428,15190.164983728962,16329.428405364053,0.0004521866280662455,31965.401785714286,24481.662865352588,2.692346724922245,4.507479015688636,5.247343990082952,17.371685286365082,11.720422127774828,13.861635630079679,56.99972771133248
975.217,975.236,USV_1158,0.019000000000005457,3.0,3.766999999999939,False,794.8960000000001,798.663,180.3209999999999,176.55399999999997,0.0060355388559401035,0.0398193359375,18638.01073572562,18236.280060690195,0.0008753631967305129,33318.75,23069.021525785305,1.7737048077076616,5.15664616006772,5.787839749365569,16.406842239078927,10.020361820292724,14.38703652539898,49.82863905409142
977.706,977.717,USV_1159,0.010999999999967258,3.0,3.766999999999939,False,794.8960000000001,798.663,182.80999999999995,179.043,0.008114478550851345,0.023966471354166668,16944.14651631036,17222.05092173487,8.255535720356923e-05,33609.375,27355.684139553025,1.4491077375980452,6.633047807136222,3.6249679173125102,13.799762666890205,9.113936338733005,13.723386210140609,46.24833259957841
978.217,978.26,USV_1160,0.043000000000006366,3.0,3.766999999999939,False,794.8960000000001,798.663,183.3209999999999,179.55399999999997,0.010532506741583347,0.016768606085526317,14182.763005279388,16651.389023502983,0.00017881891478143088,30730.263157894737,28336.997655572824,2.8572256735499275,5.6025913264822735,6.0072938366086674,16.240346402414588,9.486746867951876,13.290014769711892,53.69901226555171
978.485,978.521,USV_1161,0.03599999999994452,3.0,3.766999999999939,False,794.8960000000001,798.663,183.58899999999994,179.822,0.012454181909561157,0.0148468017578125,15604.302573635317,18724.092952083338,0.0003150079027504631,32126.953125,26601.908425867892,1.7455065722876504,5.265793039371192,5.7640156563888105,15.729078330269306,10.08816274352419,13.35743372813043,50.748185069912495
978.581,978.639,USV_1162,0.057999999999992724,3.0,3.766999999999939,False,794.8960000000001,798.663,183.68499999999995,179.918,0.008298960514366627,0.023274739583333332,15108.37024271258,14769.585864184251,1.1274764472191167e-05,31410.15625,25938.46487966483,3.080731246534718,3.9029315019062856,5.334194231981794,16.215507687436407,10.89912769630999,14.746706817210978,57.8015630303517
978.785,978.822,USV_1163,0.03700000000003456,3.0,3.766999999999939,False,794.8960000000001,798.663,183.8889999999999,180.12199999999996,0.009172446094453335,0.026702880859375,15945.745524513968,17401.08375437069,0.00041248485873521154,33427.734375,27605.827243195843,2.701667331229826,4.122336968076465,5.5510747163724865,15.24428692390589,11.42772225169683,14.25822205817717,53.53208979139487
978.882,978.895,USV_1164,0.013000000000033651,3.0,3.766999999999939,False,794.8960000000001,798.663,183.98599999999988,180.21899999999994,0.005353436805307865,0.03264508928571429,17583.643122287514,17777.985322564382,0.0007851167878676291,32424.10714285714,22323.60288320604,1.5455492685525567,5.299309648816946,5.093751015089977,15.78116146086147,10.557466177809927,16.565159500045972,47.26148054715121
979.091,979.11,USV_1165,0.019000000000005457,3.0,3.766999999999939,False,794.8960000000001,798.663,184.19499999999994,180.428,0.009780597873032093,0.0201171875,17255.90740160395,19824.911767486446,0.0002893019931093078,32775.0,25791.77583596683,1.3570027193450955,5.130290359184037,3.842941762692304,15.1351699923969,9.764311770473475,14.485971184855586,46.66603587644169
979.666,979.717,USV_1166,0.05099999999993088,3.0,3.766999999999939,False,794.8960000000001,798.663,184.76999999999998,181.00300000000004,0.007826860062777996,0.02927362351190476,16197.879542906627,15308.41385281794,5.52613228056634e-05,32093.75,25879.177744985947,1.7650993187599822,6.5050483504764225,4.9817177156455115,17.265370165310877,10.977808476557016,15.781567785913445,58.50863196036484
979.763,979.845,USV_1167,0.08199999999999363,3.0,3.766999999999939,False,794.8960000000001,798.663,184.86699999999996,181.10000000000002,0.01005886122584343,0.01416015625,13675.792746320916,15603.699290816206,6.959318209517699e-05,30687.5,26819.03980101399,1.8311498518050444,4.49711150230928,6.672645644557512,18.915525908859365,11.991175974399916,15.198525518373325,56.679755395581346
980.114,980.138,USV_1168,0.02400000000000091,3.0,3.766999999999939,False,794.8960000000001,798.663,185.21799999999996,181.45100000000002,0.006412195973098278,0.044722123579545456,16500.358833736023,14591.494960410137,0.00011150623175351842,30903.409090909092,26312.096508339644,2.2203626905529945,2.641846254957516,3.2542466014542515,14.602716618781802,12.582104810679335,15.076425868139141,53.48435714952233
980.216,980.268,USV_1169,0.05200000000002092,3.0,3.766999999999939,False,794.8960000000001,798.663,185.31999999999994,181.553,0.009152639657258987,0.01504794034090909,14875.458211001493,15763.498155702879,5.236361770934331e-05,30392.045454545456,19726.019508650163,2.9395181966839727,3.25266583815116,5.420642264735661,14.359718887524126,11.14912183349466,14.631175355681005,57.08517522000143
980.349,980.405,USV_1170,0.05599999999992633,3.0,3.766999999999939,False,794.8960000000001,798.663,185.45299999999997,181.68600000000004,0.011520884931087494,0.028511379076086956,15506.404314617794,14124.365639394662,6.66522759597701e-05,29384.510869565216,16253.209424393375,2.3547841013640864,5.152536470415643,5.13779310790274,16.163411777040604,10.964669910110493,15.31677109587085,59.84365296533914
981.678,981.72,USV_1171,0.04200000000003001,3.0,3.766999999999939,False,794.8960000000001,798.663,186.78199999999993,183.015,0.009360935539007187,0.02880859375,15979.260624445942,15483.594134474222,0.000193331021694392,30479.166666666668,21556.6769987361,2.5307901024563577,5.389877413661088,6.238213482508454,17.64587300076639,11.557014452928144,15.263126265826124,56.50261981159297
982.932,983.037,USV_1172,0.10500000000001819,3.0,3.766999999999939,False,794.8960000000001,798.663,188.03599999999994,184.269,0.00873021874576807,0.024233863467261904,14643.555396262786,15624.26378012015,0.0002832772131602158,30834.821428571428,20021.506291940208,2.514598122024207,3.1618535349000787,5.4981411290243285,17.023221316830973,10.054969125216953,14.65006684987517,59.622873522988954
983.114,983.144,USV_1173,0.029999999999972715,3.0,3.766999999999939,False,794.8960000000001,798.663,188.21799999999996,184.45100000000002,0.008849910460412502,0.013427734375,14535.968050467365,16324.642029857214,6.516413455662185e-05,29919.64285714286,18077.285373500217,2.414687263372133,4.202069708369164,5.528551982994574,18.89647239334611,10.915703086987676,13.664203769999517,53.693410196870026
983.35,983.368,USV_1174,0.018000000000029104,3.0,3.766999999999939,False,794.8960000000001,798.663,188.45399999999995,184.687,0.012805514968931675,0.011800130208333334,14290.803520601225,20264.149829506503,0.0003093792189046131,30906.25,22025.977981775493,1.7211211152360515,7.104164441528651,4.910266090884303,13.581239560622148,11.724771168452264,14.346022862556449,43.22822362764944
983.417,983.506,USV_1175,0.08899999999994179,3.0,3.766999999999939,False,794.8960000000001,798.663,188.52099999999996,184.75400000000002,0.01051261555403471,0.024848090277777776,14746.238235139928,14744.9578925373,0.00014166450018485068,29989.583333333332,19093.742882529725,2.160136592294994,6.009253662091242,4.8353982163484845,17.194744159233654,10.97989484051056,14.695692181987003,58.26867595838231
983.562,983.7,USV_1176,0.13800000000003365,3.0,3.766999999999939,False,794.8960000000001,798.663,188.66599999999994,184.899,0.010041320696473122,0.019273546006944444,14124.678083399158,15025.7597427121,7.705711021682254e-05,30493.055555555555,22779.344578986293,2.32752031563184,5.09556803314462,5.404007534096178,15.725819178468207,11.15488791837407,15.917261246014723,58.40200394335517
984.262,984.375,USV_1177,0.11300000000005639,3.0,3.766999999999939,False,794.8960000000001,798.663,189.36599999999987,185.59899999999993,0.009847977198660374,0.01650933159722222,13765.874890030547,15265.373252409578,0.00015109856135654527,30608.333333333332,22275.348873348616,2.5796854099007396,5.8813952472882445,5.848818609627307,16.69022080179913,11.367451095799291,15.054263583267753,58.148393753165266
986.231,986.315,USV_1178,0.08400000000006003,3.0,3.766999999999939,False,794.8960000000001,798.663,191.33499999999992,187.56799999999998,0.012669519521296024,0.008774701286764705,12228.70227746324,14448.312061625487,4.64220813829665e-05,28491.727941176472,24065.59282359703,2.607605926815326,6.475636248329798,5.899346741516531,17.84178392828463,11.796037190643293,14.191645821398428,57.666652617191886
994.746,994.76,USV_1179,0.014000000000010004,3.0,3.766999999999939,False,794.8960000000001,798.663,199.8499999999999,196.08299999999997,0.028388533741235733,0.007843017578125,12958.32790245296,21427.88033715258,0.0006954832494134031,27152.34375,23711.566090792774,6.186927258743987,1.5388085741799435,6.713563920192138,16.83246468058107,8.72578579846855,16.7720082353458,39.63372230195501
995.16,995.173,USV_1180,0.013000000000033651,3.0,3.766999999999939,False,794.8960000000001,798.663,200.2639999999999,196.49699999999996,0.00556423794478178,0.031703404017857144,18625.45451271094,20015.2110337245,0.0007418363493715317,33669.642857142855,23279.45104653158,2.2616450015650473,3.2577551421786217,4.466925067200305,16.636026018351295,10.237442565780741,14.795228523005088,42.68450229251045
995.237,995.282,USV_1181,0.04500000000007276,3.0,3.766999999999939,False,794.8960000000001,798.663,200.3409999999999,196.57399999999996,0.009126518853008747,0.028204666940789474,15086.38930505017,15475.81652674529,0.00023053995847746223,30187.5,21326.02407268358,3.4337162602247484,5.578349356103423,5.07643560812373,17.379949393721933,9.951193348983718,13.929786053059038,55.701409899981485
995.478,995.504,USV_1182,0.026000000000067303,3.0,3.766999999999939,False,794.8960000000001,798.663,200.58199999999988,196.81499999999994,0.00951929297298193,0.028483072916666668,15456.79150265942,17142.613823919874,0.0002795086073606079,30773.4375,25697.190544090856,1.1909672889571963,6.253097769789981,5.793704366096904,17.27330855464363,10.744779019471201,13.500436233088706,50.07475574452169
995.594,995.668,USV_1183,0.07399999999995543,3.0,3.766999999999939,False,794.8960000000001,798.663,200.69799999999998,196.93100000000004,0.012721716426312923,0.013785807291666667,12840.30142577222,14683.361850924015,0.00012114286250536055,27634.375,16610.137876209603,2.7777742873722944,6.1313458328247235,4.764931024794322,17.635330778335344,11.42892223478947,13.960795769662923,57.44168393646119
995.742,995.759,USV_1184,0.01700000000005275,3.0,3.766999999999939,False,794.8960000000001,798.663,200.8459999999999,197.07899999999995,0.010247820056974888,0.010362413194444444,15565.007503156034,21301.856822569855,0.0003740426613722509,32114.583333333332,21818.257676465335,2.1636275393423308,3.0211063832261384,4.387066954590929,12.826598438160996,9.502479211658397,12.280653475133091,44.17486215616041
995.837,995.859,USV_1185,0.022000000000048203,3.0,3.766999999999939,False,794.8960000000001,798.663,200.94099999999992,197.17399999999998,0.009206936694681644,0.022594105113636364,17070.89490012668,19703.862391262013,0.0009735695645399005,32250.0,25457.29776688627,3.3802746981797043,4.075791612128744,5.032609291332592,16.682884603073173,10.124813199750237,15.171376340168386,48.40654561424754
996.134,996.158,USV_1186,0.02400000000000091,3.0,3.766999999999939,False,794.8960000000001,798.663,201.23799999999994,197.471,0.006642852444201708,0.03917347301136364,17122.80999306715,18188.152575332813,0.00033170789549681937,32250.0,17734.801924507934,1.9032596332607483,4.1353434844116,6.445572080565785,15.978961087187093,10.358246726008444,14.674884494054744,50.042581241816876
996.194,996.219,USV_1187,0.02500000000009095,3.0,3.766999999999939,False,794.8960000000001,798.663,201.2979999999999,197.53099999999995,0.007541695609688759,0.024454752604166668,15630.566356118608,18556.284025829802,0.00014767756338883832,31960.9375,28827.75688062761,1.626215694916091,3.969668234306107,5.936941807472549,17.056228422377973,9.522468551662813,15.357786837015778,48.822550698918825
996.385,996.405,USV_1188,0.01999999999998181,3.0,3.766999999999939,False,794.8960000000001,798.663,201.48899999999992,197.72199999999998,0.0059090000577270985,0.03583984375,18774.21356696568,16721.821522004837,0.00022666407532180997,32850.0,24360.213879112194,3.7316499082636816,2.916638588310002,5.734385289520825,14.959562808358978,9.453452242059205,14.157013052709313,50.91777283193857
996.585,996.65,USV_1189,0.06499999999994088,3.0,3.766999999999939,False,794.8960000000001,798.663,201.68899999999996,197.92200000000003,0.01022042240947485,0.016266999421296297,14084.104988407436,15310.026812696316,4.2931701299609584e-05,29812.5,20856.24779580489,2.2414678704320927,4.991323753733105,4.197933991416993,13.711066225570177,10.259699671583688,15.249276086751804,57.072614422453675
997.265,997.315,USV_1190,0.05000000000006821,3.0,3.766999999999939,False,794.8960000000001,798.663,202.36899999999991,198.60199999999998,0.008908869698643684,0.025390625,15355.542066565047,16138.394353064641,0.0003189201050812358,31151.785714285714,18277.157650669073,2.199811586643097,6.989733069430351,6.816398621017282,16.947396081913237,11.445452270388998,14.047738312821114,55.87999029767076
998.972,998.998,USV_1191,0.026000000000067303,3.0,3.766999999999939,False,794.8960000000001,798.663,204.0759999999999,200.30899999999997,0.009402671828866005,0.0201416015625,16287.780889014466,20026.834888233123,0.0012728181089247202,33695.3125,20383.42610835429,3.6391396401809017,3.8740272572069028,4.208729890841256,15.30225352695092,8.874064394458793,12.690149241079014,49.16315251995774
999.049,999.09,USV_1192,0.04100000000005366,3.0,3.766999999999939,False,794.8960000000001,798.663,204.1529999999999,200.38599999999997,0.009392227977514267,0.024142795138888888,15596.444008907805,16212.476209110535,0.00022604342327411545,30578.125,23628.816917980384,2.2704377911767164,4.464192469420985,4.729353052708952,13.51418424654883,10.747860576547172,14.915939345562505,54.78220958637238
999.158,999.181,USV_1193,0.023000000000024556,3.0,3.766999999999939,False,794.8960000000001,798.663,204.26199999999994,200.495,0.010505924001336098,0.01708984375,15232.46421091112,17245.888076207943,0.000149294542456276,31815.340909090908,27486.43132945377,3.7757577232640718,7.3026597657636225,3.998210175952043,16.157589700622474,10.104131208982103,14.917642000976462,50.03232811362775
999.228,999.281,USV_1194,0.05299999999999727,3.0,3.766999999999939,False,794.8960000000001,798.663,204.33199999999988,200.56499999999994,0.00921898428350687,0.01873224431818182,14255.53955279045,16107.232234876392,7.172811995835521e-05,30690.340909090908,25598.42117194461,2.3577549022256665,3.984955569056636,4.23876206188714,18.783465243958407,10.667723576032296,15.184323038265847,55.79867925105196
999.417,999.434,USV_1195,0.016999999999939064,3.0,3.766999999999939,False,794.8960000000001,798.663,204.52099999999996,200.75400000000002,0.011898379772901535,0.013237847222222222,15536.93080668703,20496.341657596702,0.00020768796468369587,30437.5,26618.30125137705,2.3879657649929587,7.367688196099381,5.389522708005412,14.22470747859528,10.277241639336602,14.328617065087046,44.407229466806854
1002.945,1002.971,USV_1196,0.025999999999953616,3.0,3.766999999999939,False,794.8960000000001,798.663,208.04899999999998,204.28200000000004,0.008948416449129581,0.019510904947916668,14762.189835138017,15152.140971566165,7.178530122412464e-05,30781.25,23697.59621498201,1.8324021493113383,4.4149629005884785,6.051842450621689,16.451805635081726,9.692634094892767,14.889730314661278,53.190512226853876
1003.639,1003.656,USV_1197,0.016999999999939064,3.0,3.766999999999939,False,794.8960000000001,798.663,208.74299999999994,204.976,0.005574277602136135,0.03125,19762.1165550022,21694.04820474866,0.0006022487741934122,35354.166666666664,24334.139811055604,2.2715166288474813,1.6258025563322884,4.4905198388000525,12.642252634768978,11.4390627032165,14.908337408365052,46.417166223702644
1003.999,1004.014,USV_1198,0.014999999999986358,3.0,3.766999999999939,False,794.8960000000001,798.663,209.10299999999995,205.336,0.012086361646652222,0.01556396484375,15344.046999541404,19632.31777602238,0.0005149342272842905,32015.625,26010.725807071263,1.1471993761535824,4.507639072450912,5.326743038704153,14.046831128742689,8.199059201558347,15.061607599189003,43.87879221358969
1004.178,1004.219,USV_1199,0.04100000000005366,3.0,3.766999999999939,False,794.8960000000001,798.663,209.28199999999993,205.515,0.010679886676371098,0.018351236979166668,14240.947340194842,16271.760712947647,0.00011787488086453382,29125.0,20230.50227425859,3.371705331358863,6.242361190513616,4.393466503436418,14.212559115932569,11.029071148119746,12.177367275905338,54.781042588842375
1004.779,1004.919,USV_1200,0.13999999999998636,3.0,3.766999999999939,False,794.8960000000001,798.663,209.88299999999992,206.11599999999999,0.01342757698148489,0.03299005681818182,12442.70184821743,11737.93042162363,1.917831289416609e-05,25085.795454545456,16471.914606605977,2.5338435859232207,5.232160897226475,5.942514410139415,14.157469614369889,12.57975288667887,15.756482722071283,63.64375428246836
1005.008,1005.033,USV_1201,0.024999999999977263,3.0,3.766999999999939,False,794.8960000000001,798.663,210.11199999999997,206.34500000000003,0.00936200376600027,0.012736002604166666,14223.768122316667,16645.482982111058,0.00011902275921030507,29812.5,26633.08206226505,3.524865592493665,5.672586537466177,4.955532971462215,12.99700575884672,10.921937274761737,16.610737537575112,49.656071613617115
1005.821,1005.85,USV_1202,0.028999999999996362,3.0,3.766999999999939,False,794.8960000000001,798.663,210.92499999999995,207.15800000000002,0.01251876913011074,0.017634465144230768,14644.696473025977,18748.304127700525,0.00040210858300171497,31651.44230769231,19472.708402541455,2.576342035490626,6.347288039086185,6.237358607366131,16.425518717417226,10.020971238784655,15.138054334274424,49.64722302003085
1005.886,1005.953,USV_1203,0.06700000000000728,3.0,3.766999999999939,False,794.8960000000001,798.663,210.9899999999999,207.22299999999996,0.00993822980672121,0.014238630022321428,14144.476659560267,16255.570458234468,9.285252056043474e-05,30756.696428571428,25774.06481145276,2.2349182347525653,3.8986694346364064,4.519561860703171,17.407870688221387,11.455977516336626,14.27358420490955,57.081233179754676
1006.063,1006.107,USV_1204,0.04399999999998272,3.0,3.766999999999939,False,794.8960000000001,798.663,211.16699999999992,207.39999999999998,0.006933968979865313,0.028153268914473683,16837.00594421387,17165.013349311655,0.00024629195857288794,32531.25,19702.54413709636,1.9167619523454702,4.9672984671216645,4.535006662520821,14.170419992222024,9.896873601573715,13.164937543832275,54.290198168655515
1006.213,1006.307,USV_1205,0.09400000000005093,3.0,3.766999999999939,False,794.8960000000001,798.663,211.3169999999999,207.54999999999995,0.01121953222900629,0.013614052220394737,13512.714545042501,15863.97389169193,0.00016655387748204528,30535.361842105263,28221.47899550536,3.009911868442626,6.6183254411726224,6.275423021124739,17.267438485804043,10.836193155305933,14.31188781754396,57.00624637880978
1006.571,1006.652,USV_1206,0.08100000000001728,3.0,3.766999999999939,False,794.8960000000001,798.663,211.67499999999995,207.90800000000002,0.010353676974773407,0.02504290956439394,14343.16397598375,15536.007955086845,9.047754351617661e-05,30360.795454545456,24583.14378712238,2.6085270135678633,4.3414137053644914,5.679933264627206,16.7053145473403,10.583508807082866,14.745358454957406,56.82890181211842
1007.001,1007.074,USV_1207,0.07299999999997908,3.0,3.766999999999939,False,794.8960000000001,798.663,212.1049999999999,208.33799999999997,0.010433037765324116,0.014461263020833334,13909.465708101927,15898.828728998906,0.0002961980596229785,30365.625,23692.355659390636,2.5712275862920135,5.0941663931616095,5.956367653640966,17.35344376566267,11.913076881094007,14.405966442859274,55.94386204855889
1007.212,1007.318,USV_1208,0.10599999999999454,3.0,3.766999999999939,False,794.8960000000001,798.663,212.31599999999992,208.54899999999998,0.010074444115161896,0.0272216796875,14585.122218254357,15225.52621756839,6.430546106784387e-05,30705.35714285714,22151.067782687052,2.3617240256118155,5.951854999726011,4.860227883309999,15.54747175266054,11.680920761313365,14.649995655688201,58.764414035542096
1009.359,1009.368,USV_1209,0.009000000000014552,3.0,3.766999999999939,False,794.8960000000001,798.663,214.46299999999997,210.69600000000003,0.007906877435743809,0.008382161458333334,18463.287886663074,25703.977180567832,0.0007975399058647464,34656.25,17384.619837305952,2.2121841582012007,3.0434813383044834,3.3035001701841593,11.739010516487673,9.247187053825753,11.663511093812014,35.06669356110189
1010.063,1010.104,USV_1210,0.04100000000005366,3.0,3.766999999999939,False,794.8960000000001,798.663,215.16699999999992,211.39999999999998,0.0069478279910981655,0.026801215277777776,17101.945890834482,15751.565823464545,0.00028390396196846523,31937.5,20165.20897174474,2.431706075457475,3.6221314350297913,3.2960846797964005,15.328217904841331,11.855917690945741,14.84161957136049,56.924002902701886
1013.455,1013.604,USV_1211,0.1490000000000009,3.0,3.766999999999939,False,794.8960000000001,798.663,218.55899999999997,214.79200000000003,0.009518937207758427,0.02174114358836207,13728.211262437017,14185.87337578048,4.289937284914724e-05,29316.271551724138,19218.94232398695,2.8197394826761193,4.9871408332510585,5.843906663296241,15.67182325591824,11.41473747747034,14.059895704350051,59.91388705574871
1017.909,1017.955,USV_1212,0.04600000000004911,3.0,3.766999999999939,False,794.8960000000001,798.663,223.01299999999992,219.24599999999998,0.007262849714607,0.0250732421875,15494.475678426816,16913.238527028836,0.0005130773381545482,31739.0625,18188.29875828599,2.5958031175720153,4.78839680099199,5.499660735847546,15.859280785756031,8.6447673077893,15.439089851119206,55.07981726323045
1020.915,1021.053,USV_1213,0.13800000000003365,3.0,3.766999999999939,False,794.8960000000001,798.663,226.0189999999999,222.25199999999995,0.009666488505899906,0.021742078993055556,13582.468491579406,14411.00733683887,9.336730647510726e-05,29605.902777777777,18660.702199963027,2.1357274837305016,4.103921402891143,5.107562080320053,17.971163025612448,12.646500419654066,15.139533815026693,59.21423627885422
1021.441,1021.495,USV_1214,0.053999999999973625,3.0,3.766999999999939,False,794.8960000000001,798.663,226.54499999999996,222.77800000000002,0.008627747185528278,0.016336192255434784,14469.017986109731,16197.621254358397,0.00039403249362457904,29470.108695652172,15825.016093579301,3.0025358997936626,3.6698190294032345,4.6266061726951815,15.426408375522902,11.435483983462078,13.821362921697716,56.69812857684446
1021.538,1021.58,USV_1215,0.04200000000003001,3.0,3.766999999999939,False,794.8960000000001,798.663,226.64199999999994,222.875,0.006593908648937941,0.030666775173611112,16209.888399939377,17349.13849559447,0.0006009243552687999,32614.583333333332,22434.048086209936,3.2211581616142744,3.3884075965165334,6.143241700195186,16.641132507861595,12.784550623408451,15.949475838499602,54.15141701148279
1021.833,1021.903,USV_1216,0.07000000000005002,3.0,3.766999999999939,False,794.8960000000001,798.663,226.9369999999999,223.16999999999996,0.008464671671390533,0.02620723329741379,15144.74945123693,14691.046445096606,5.268630267566897e-05,30834.05172413793,22852.272343996356,3.3441988494936186,4.626609084235149,5.953103305457761,17.315017547614268,10.91827815922369,15.074729994801222,57.541933491280176
1030.25,1030.315,USV_1217,0.06500000000005457,3.0,3.766999999999939,False,794.8960000000001,798.663,235.35399999999993,231.587,0.005717075429856777,0.032036675347222224,15868.103006532932,15327.874657475899,0.00025003942626074314,31579.86111111111,15962.83420179542,2.944984283511488,3.37685906814443,5.273911165067682,17.078492023364976,10.95151611887309,13.119279894552745,60.09940254154649
1032.141,1032.167,USV_1218,0.02599999999983993,3.0,3.766999999999939,False,794.8960000000001,798.663,237.245,233.47800000000007,0.00739893177524209,0.022298177083333332,15480.827813523245,18345.73524363858,0.00021034061752567135,31734.375,16529.256387719714,1.8710329708867839,5.17076408195165,5.829583043194031,15.957207160478577,10.353712460685044,14.469152652265064,50.29445785149275
1051.545,1051.602,USV_1219,0.05700000000001637,,,None,,,,,0.02612229250371456,0.009389241536458334,8276.538849595285,14390.518093630582,0.000381777206284991,20324.21875,32120.3150538394,1.7349715103626755,2.680624663499201,4.108893131395534,13.61078535766137,9.622785830415253,13.849166492617323,54.486807813996364
1051.789,1051.908,USV_1220,0.11899999999991451,,,None,,,,,0.016110986471176147,0.018902717752659573,10633.759592727783,13688.432519889615,1.6983683576567997e-05,27488.69680851064,27819.344372960364,2.6492997947132153,2.151042122315325,5.449041639561315,19.435549384439238,10.794502466681088,14.506297036403474,57.72412173370257
1051.963,1051.988,USV_1221,0.02500000000009095,,,None,,,,,0.0245253536850214,0.00482177734375,10677.389055055175,19284.056885812046,0.000340276417640689,26210.9375,30984.537841831083,3.842779983571789,1.8739842971029035,7.616380730532501,18.084472285177707,9.706746347686169,12.83894396838287,46.05308753033404
1052.068,1052.12,USV_1222,0.05199999999990723,,,None,,,,,0.0475221611559391,0.005681818181818182,5928.04019633804,11983.101944408247,0.00010604821564115128,13828.125,34514.80504105059,3.1611261714045025,3.0447766322313297,4.611371432451529,17.131368697960454,8.40439074219722,15.743759300754677,52.32897499817491
1052.203,1052.249,USV_1223,0.04600000000004911,,,None,,,,,0.10044542700052261,0.00216064453125,7216.703459502581,14586.560181869707,0.0001915975631254766,13992.1875,35009.18639427527,3.268241542271774,3.009323641425652,5.814436806578996,16.14478531544968,9.519616097767187,12.72963448564792,49.613171920406124
1052.402,1052.427,USV_1224,0.024999999999863576,,,None,,,,,0.05313881114125252,0.0021565755208333335,8835.792595415649,18484.11361703121,0.00024030781640846868,19929.6875,32928.32796021358,1.479796021023722,2.7076499024950835,7.8266821814475795,15.470735833112348,8.197133303594242,11.91202869808037,44.24468695755178
1052.523,1052.598,USV_1225,0.07500000000004547,,,None,,,,,0.08186284452676773,0.003402217741935484,5529.430041435249,11571.579553468926,8.978207158490759e-05,12408.266129032258,36538.91240918167,3.366354123512981,2.7401799342475597,5.727520328855888,13.859898644389686,10.786289165971157,14.141328975165894,52.61322991176333
1060.987,1061.01,USV_1226,0.02299999999991087,,,None,,,,,0.009137836284935474,0.024258700284090908,12708.015290474834,15690.159894841352,9.435508298187098e-05,28082.386363636364,18412.097839568803,2.13925496307322,2.1628674990879406,5.482073828008964,15.278835230222603,10.284388501315185,12.988628796667642,49.805200612991854
1062.367,1062.5,USV_1227,0.1330000000000382,,,None,,,,,0.04919736832380295,0.010108360877403846,6698.33685139502,10169.173649982502,5.083955469254101e-05,14862.98076923077,19392.380847517208,3.299364133766939,2.7350712443990846,5.230734816306763,18.395630905677454,11.339792503847908,15.034885891788782,61.303211818443884
1066.935,1067.014,USV_1228,0.07899999999995089,,,None,,,,,0.010429234243929386,0.01326751708984375,13517.406693394318,15040.014359748144,5.939374077923547e-05,30008.7890625,21438.893346142366,2.302065684523529,4.561595817194822,5.179459461111948,17.04158675589489,11.01206346625428,13.922144820855381,57.69419750617039
1071.339,1071.368,USV_1229,0.028999999999996362,,,None,,,,,0.010053964331746101,0.019474909855769232,14983.864963858401,17773.004227390964,0.00044535217893566846,31117.78846153846,15984.412237888535,3.0069536149983582,3.906298234892153,4.997462348780668,13.82804508712632,11.097119688454438,15.622641966641446,50.48044755427553
1071.592,1071.697,USV_1230,0.10499999999979082,,,None,,,,,0.009836822748184204,0.020682198660714284,14420.284876788088,15643.261149165515,5.649997894979436e-05,30631.696428571428,20830.3505941756,1.9900541899729358,5.640551835604065,5.789039831583498,14.915532771496027,11.692813098747413,14.723816977890847,58.08204858920346
1071.778,1071.847,USV_1231,0.06899999999995998,,,None,,,,,0.007789830677211285,0.028407505580357144,14951.796053199767,14590.350724283324,2.774647775007777e-05,30997.76785714286,17930.538980201432,3.265587650335649,5.542695646305746,4.534310588118987,15.891910762322217,11.043941707939414,13.793057598600997,58.4463244745284
1108.284,1108.392,USV_1232,0.10799999999994725,,,None,,,,,0.011809039860963821,0.019224654796511628,12585.802208442423,13855.715781382696,0.00029961390870676,27475.29069767442,18238.47948223823,2.5072060160016125,5.031226787130401,5.513606016968359,15.09717685589654,12.410010716002523,14.24917768373737,59.62963496565228
1109.232,1109.25,USV_1233,0.018000000000029104,,,None,,,,,0.006271709222346544,0.026340060763888888,16446.301411853117,18641.211677555766,0.0006851898423162954,31625.0,15791.174078582473,3.760864698014771,2.2964583493221453,5.807898430702309,14.690764473517229,11.08025848280608,15.118484499441003,47.512342055351674
1109.305,1109.455,USV_1234,0.14999999999986358,,,None,,,,,0.010975890792906284,0.02974377648305085,13423.396546240849,12854.114090580262,6.031799710310052e-05,27303.495762711864,15232.687677520698,2.3724235099368727,3.8733287620091312,5.880739360269335,15.649926221624611,10.347792493513666,14.132025159429622,62.65464715630737
1109.562,1109.621,USV_1235,0.05900000000019645,,,None,,,,,0.011444803327322006,0.021552734375,13517.369714492947,15484.334458297059,9.021636096004854e-05,29722.5,19479.382637760074,2.3517768734753393,6.659016807379953,5.110536902769703,15.527390421848112,10.063160537919657,15.043046831583023,55.85412566418554
1109.752,1109.896,USV_1236,0.14400000000000546,,,None,,,,,0.009181837551295757,0.018471854073660716,14110.178469462046,14610.283165641682,7.177576570770335e-05,30534.040178571428,21292.777089729032,2.3220624182323304,4.537128333870778,5.028731812326236,15.450315692556321,11.670350433978983,15.394410954044487,61.01144409292762
1110.119,1110.171,USV_1237,0.052000000000134605,,,None,,,,,0.007559545803815126,0.025956587357954544,15395.50113990684,15555.922564397013,0.00013956397136638066,31666.19318181818,16301.15352031075,2.5323492202432623,5.6269080154912094,5.990482637474262,16.154670371107716,10.51715220976285,13.361740088321058,57.35689129656851
1110.267,1110.389,USV_1238,0.12199999999984357,,,None,,,,,0.009524830617010593,0.028264363606770832,13839.251254897254,13816.546470881012,3.5962555587552695e-05,29750.0,15401.81156012851,2.17386725052168,6.525766206190506,5.151875318103641,16.495288919206793,10.651387371471118,13.620992766304616,59.971346016726706
1117.542,1117.55,USV_1239,0.008000000000038199,,,None,,,,,0.011756567284464836,0.015380859375,18623.195353300107,26088.2398499846,0.0013243603871562197,36093.75,27824.761865851724,1.313285676167411,5.666854775904429,5.4227287993297,11.178623322601748,7.560560720517872,13.572846894264,30.358118019220957
1119.584,1119.647,USV_1240,0.06299999999987449,,,None,,,,,0.011308865621685982,0.023296649639423076,12396.433192697663,13164.75356578606,5.985030381767535e-05,25849.759615384617,15348.877270106064,2.1228965628727092,6.558529235250509,5.390742052360448,10.908507260875961,9.949738705326878,15.148212467701633,59.46867426644107
1121.484,1121.525,USV_1241,0.04100000000016735,,,None,,,,,0.01101759448647499,0.019585503472222224,14045.293668072642,16506.90382594473,0.00013574952838722487,30630.208333333332,22388.43922765909,2.3978977119159026,4.719790231842405,6.530406643207054,17.256946841624274,10.614858988992399,14.633646746935812,54.633998598289686
1123.845,1123.923,USV_1242,0.07799999999997453,,,None,,,,,0.010549548082053661,0.0178985595703125,12809.53414025826,14845.110688575689,4.277776806124717e-05,28330.078125,22851.191756986802,2.8505649557387738,4.742484460443256,6.601269899918581,17.616005564156843,10.010980133982134,14.16218348036637,57.71542702890184
1125.815,1125.945,USV_1243,0.12999999999988177,,,None,,,,,0.044147901237010956,0.011800130208333334,7380.886517986754,10466.260559521013,3.43224712017227e-05,16998.16176470588,21569.592640114515,2.8374237969173497,2.7073297084345116,5.73581015128038,18.722175426498666,10.603923512406096,15.256887656535042,59.847340456235486
1128.665,1128.708,USV_1244,0.04300000000012005,,,None,,,,,0.009617741219699383,0.017501027960526317,13602.84576577482,16839.120577369114,0.00037155913480672957,28909.53947368421,20575.75266762678,1.8319667024432598,4.254082121278513,6.061793705319622,12.619433432282415,11.43101074232358,15.26861694130668,54.5957463316113
1146.391,1146.474,USV_1245,0.0829999999998563,,,None,,,,,0.01312780100852251,0.017289595170454544,11395.724166149277,13658.705665933458,4.671844646210528e-05,26338.06818181818,17300.934712917857,2.4571629151870065,4.970054851028147,8.253450683027191,19.20886426510825,11.10249289077442,14.49858593859234,59.168877008028886
1147.842,1147.863,USV_1246,0.020999999999958163,,,None,,,,,0.00785836111754179,0.0181884765625,13916.478370711333,16138.48598133666,0.00012096364593567642,29990.625,20130.343218974325,2.1727808188493407,1.4853900485053173,5.600728647845965,17.096915711592906,11.638236233632991,15.517559978873706,49.6155276168685
1148.73,1148.762,USV_1247,0.03199999999992542,,,None,,,,,0.01030960213392973,0.016305106026785716,13256.522176988863,16288.61708453241,0.0001138332862132386,28774.553571428572,26352.637029910617,2.4153194796163904,3.963108877315968,4.939446442376046,18.063153516914813,12.037122496108859,14.00347040160995,52.70262781733114
1152.893,1152.921,USV_1248,0.02800000000002001,,,None,,,,,0.012854712083935738,0.01697716346153846,14283.516987894765,18550.297244699846,0.0003371269985776665,30389.423076923078,27405.630957510086,3.0490566732753646,6.044487506649187,5.564114445107932,13.858579152635654,11.37101584004854,13.707320191715755,49.66890920436552
1157.265,1157.301,USV_1249,0.035999999999830834,4.0,64.04999999999995,True,1154.32,1218.37,2.9450000000001637,-61.10499999999979,0.008331568911671638,0.0169525146484375,14342.69413853644,16275.37452353399,0.00021237250230125263,31130.859375,24824.245165008484,2.543805074903303,4.125540846130237,4.755362750577572,15.222212080772534,12.350682639104503,15.599863692879538,53.684028107813035
1158.061,1158.08,USV_1250,0.019000000000005457,4.0,64.04999999999995,True,1154.32,1218.37,3.7409999999999854,-60.30899999999997,0.009380409494042397,0.0166015625,16784.738993370513,21615.097140678692,0.0008180191426600154,32831.25,16645.03082334057,2.3735751258419406,3.1048786690253736,4.626631157872646,14.735742212429553,10.644773587437873,13.390574638548244,46.52227468537363
1159.206,1159.325,USV_1251,0.11900000000014188,4.0,64.04999999999995,True,1154.32,1218.37,4.885999999999967,-59.16399999999999,0.010140507481992245,0.0181391289893617,13470.86779583492,14831.840455681457,6.122562822848296e-05,29702.792553191488,19838.822459520332,2.738401321654576,5.557244089004043,5.2715532933032145,17.355931524625284,11.70492563429679,14.698871210459393,59.14334119065413
1161.648,1161.748,USV_1252,0.10000000000013642,4.0,64.04999999999995,True,1154.32,1218.37,7.3279999999999745,-56.72199999999998,0.01143865380436182,0.013653564453125,13156.176903718424,15160.319656669055,6.326110430364907e-05,28823.4375,19525.53747543113,3.36049048957465,3.979177259541843,5.1952142852287935,16.323159257633314,11.271708443883695,13.987251440794774,57.88383309225774
1162.672,1162.701,USV_1253,0.028999999999996362,4.0,64.04999999999995,True,1154.32,1218.37,8.35200000000009,-55.697999999999865,0.007235146127641201,0.023137019230769232,17266.244529429256,17993.26688374651,0.0004900180775409493,33591.346153846156,21902.595902387184,2.205546846289375,3.386131580864926,5.473429664832507,14.563727878560066,11.798387299089613,13.682266718972782,52.412987620712215
1164.84,1164.849,USV_1254,0.009000000000014552,4.0,64.04999999999995,True,1154.32,1218.37,10.519999999999982,-53.52999999999997,0.009566874243319035,0.013102213541666666,18125.676374454757,23565.944889964245,0.00037335114835641554,32906.25,25394.438399786042,1.7933064705569015,4.376793829921827,4.000615045405028,10.662682778117068,9.780750279330645,14.092459584038766,35.54444510412569
1167.128,1167.168,USV_1255,0.03999999999996362,4.0,64.04999999999995,True,1154.32,1218.37,12.807999999999993,-51.24199999999996,0.008955098688602448,0.01999080882352941,13923.580491699395,15167.492629027483,3.1462488435086225e-05,29520.220588235294,18718.59744196782,2.210564528947233,5.594569105921758,5.6866986530552985,15.59055674661569,11.16325433104549,14.77393216999824,56.0558658641427
1167.644,1167.75,USV_1256,0.10599999999999454,4.0,64.04999999999995,True,1154.32,1218.37,13.32400000000007,-50.725999999999885,0.009993738494813442,0.026675269717261904,13696.580461901243,14192.367175536205,0.00010051744807012943,29265.625,15924.062259310296,1.8055302886153062,6.122856514539101,4.872083702704569,16.834322408280297,11.813211332006713,14.066113149041406,58.381841698129016
1168.734,1168.76,USV_1257,0.026000000000067303,4.0,64.04999999999995,True,1154.32,1218.37,14.413999999999987,-49.63599999999997,0.007090454455465078,0.0284423828125,16455.50295072763,16364.551034465077,0.0002407146708184232,31093.75,15895.064168919162,2.3296003252237725,3.2845363822420848,4.523904567708307,14.689537518799858,11.875004748418396,13.651207692081869,52.53982676046352
1168.817,1168.844,USV_1258,0.027000000000043656,4.0,64.04999999999995,True,1154.32,1218.37,14.497000000000071,-49.552999999999884,0.00821573194116354,0.02430138221153846,16861.6039455241,18286.655925172887,0.0006195736621706918,31463.94230769231,16209.10122697457,2.030921408317549,4.157345207224555,5.306896530260338,15.904057089044935,14.012106629126375,13.654999445095175,52.71170261756161
1168.894,1168.936,USV_1259,0.041999999999916326,4.0,64.04999999999995,True,1154.32,1218.37,14.57400000000007,-49.475999999999885,0.009746864438056946,0.03298611111111111,14740.00137589311,16032.650344801634,0.00014538440872361363,30713.541666666668,18474.64061728701,1.8788266519072607,6.260395280811884,6.168258187066597,15.86535307487709,11.68438041411497,14.12205967801812,54.920166324520814
1170.452,1170.462,USV_1260,0.009999999999990905,4.0,64.04999999999995,True,1154.32,1218.37,16.132000000000062,-47.91799999999989,0.006401138845831156,0.037027994791666664,17502.60095821129,19577.792723440547,0.0005647590407720506,31921.875,16331.708436931856,3.1878604090504,4.433473977885714,9.26155434106795,15.560744883857756,9.31164781379192,14.165391039238505,39.174345495729185
1170.893,1170.901,USV_1261,0.008000000000038199,4.0,64.04999999999995,True,1154.32,1218.37,16.573000000000093,-47.47699999999986,0.008582858368754387,0.03291015625,15556.089547185431,16339.628709818313,0.00021622087779792228,30787.5,18072.349513660447,1.0280632765646172,4.276014180384591,3.0752660175917326,14.6778192693539,10.296294391661116,17.05189213065882,39.62477906735476
1171.555,1171.587,USV_1262,0.03199999999992542,4.0,64.04999999999995,True,1154.32,1218.37,17.235000000000127,-46.81499999999983,0.0075079528614878654,0.024135044642857144,15932.05063439366,16915.988812773205,0.0003225058550727509,31553.571428571428,20287.36896399466,2.9722269984776424,3.1630432283476644,7.101860504040138,15.187345319292579,11.033158359125713,14.962804620111553,54.33921179739209
1171.66,1171.672,USV_1263,0.011999999999943611,4.0,64.04999999999995,True,1154.32,1218.37,17.340000000000146,-46.70999999999981,0.008870571851730347,0.021065848214285716,16118.277604718856,20039.687783438454,0.0003382390477583436,31125.0,16358.08236408837,1.180189974720798,4.00911154513342,3.8796547602479627,11.504342783131591,10.927791521468597,16.99209416747847,41.113203683514136
1171.748,1171.762,USV_1264,0.013999999999896318,4.0,64.04999999999995,True,1154.32,1218.37,17.42800000000011,-46.621999999999844,0.011018970981240273,0.01800537109375,17734.765594835568,24885.479322400985,0.0007163607820670105,34933.59375,17499.63527709041,3.4615729751137048,7.04002661262226,4.251328537920408,12.36319064423205,7.413746149041538,13.142005707896782,40.4929061312179
1172.471,1172.505,USV_1265,0.0340000000001055,4.0,64.04999999999995,True,1154.32,1218.37,18.151000000000067,-45.89899999999989,0.01201413944363594,0.016617838541666666,13826.667618345351,16307.088688016454,0.00017427829433603418,29062.5,16004.554882286784,2.290188749882638,5.526993307692523,5.02311727865225,14.402025862709355,10.311464178705828,15.227910612673385,53.187040433431704
1173.116,1173.133,USV_1266,0.01700000000005275,4.0,64.04999999999995,True,1154.32,1218.37,18.79600000000005,-45.253999999999905,0.012754618190228939,0.018446180555555556,15631.361298764661,20678.946629279624,0.00020070787556683166,31437.5,25236.305502624433,2.0904800752419965,6.269162470111652,4.652876037943582,11.746760901786844,11.813385033104886,14.215878742160907,44.27089255838651
1173.758,1173.813,USV_1267,0.055000000000063665,4.0,64.04999999999995,True,1154.32,1218.37,19.438000000000102,-44.61199999999985,0.009907552041113377,0.012015964673913044,12736.205001830505,14746.286912489635,4.792388554588146e-05,29290.760869565216,18661.20214255626,2.8004718247013325,2.6492415598457244,6.221287324902075,19.05937410462576,12.512700560165836,15.179242970903948,56.12693626760759
1173.856,1173.928,USV_1268,0.07200000000011642,4.0,64.04999999999995,True,1154.32,1218.37,19.536000000000058,-44.513999999999896,0.008721651509404182,0.019943763469827586,14151.051417509678,15767.32466432873,0.00011544265382578436,30727.370689655174,22828.72015605628,2.8167297634009443,5.290720793664618,5.383691611209147,15.961912794030358,11.250568482163102,14.983844274869854,58.099372740492456
1175.078,1175.086,USV_1269,0.008000000000038199,4.0,64.04999999999995,True,1154.32,1218.37,20.758000000000038,-43.291999999999916,0.008746410720050335,0.02451171875,17516.036137609415,21105.27914696706,0.00020752904007697383,31743.75,26607.31153663901,1.8391779897780374,6.032316324172783,4.212037698875025,13.978390657005264,11.093210933965162,12.67867779190267,35.20107716628763
1176.801,1176.846,USV_1270,0.04500000000007276,4.0,64.04999999999995,True,1154.32,1218.37,22.480999999999995,-41.56899999999996,0.007904177531599998,0.024105674342105265,14922.5102687602,16082.788556338024,0.0003107262932603532,30597.03947368421,14815.474533182962,3.6473228147517625,6.638527452911064,4.072092317680184,15.372882118136712,11.279230180732936,14.477210622600083,56.61051095064387
1177.312,1177.324,USV_1271,0.012000000000170985,4.0,64.04999999999995,True,1154.32,1218.37,22.991999999999962,-41.05799999999999,0.01145267579704523,0.028738839285714284,16400.05988837503,18095.650548935453,0.00016387397521296996,30602.678571428572,24567.03084685191,1.9974133295953205,2.493213641289579,5.233820360279269,14.117567717563563,10.476723086456087,15.172558936173024,43.55347913426748
1177.41,1177.428,USV_1272,0.018000000000029104,4.0,64.04999999999995,True,1154.32,1218.37,23.090000000000146,-40.95999999999981,0.010862832888960838,0.031168619791666668,15753.775432820905,14806.069802401655,2.039507610211948e-05,30031.25,23607.361244225976,1.2592908310274262,6.832339119560247,5.0178395889296485,15.782315304531071,11.283623981258541,12.863971079851199,50.56792513941941
1179.4,1179.429,USV_1273,0.028999999999996362,4.0,64.04999999999995,True,1154.32,1218.37,25.080000000000155,-38.9699999999998,0.011879711411893368,0.030461237980769232,16130.97679578441,16591.53313538202,0.00046989190040486097,29192.30769230769,14840.305996185352,2.1907854049748283,6.9293761482075285,5.427751277128552,13.387665312190375,11.725194590517305,13.05762793761531,53.026133379193
1179.478,1179.498,USV_1274,0.01999999999998181,4.0,64.04999999999995,True,1154.32,1218.37,25.15800000000013,-38.891999999999825,0.008740535005927086,0.0347412109375,17676.819810132838,18592.536454347504,0.0011051255346302773,32296.875,14769.230769230771,1.235982435519625,4.836990072760087,4.760835672692048,14.484330174505407,9.943150980657025,13.12589295530434,48.87816283232282
1179.559,1179.577,USV_1275,0.018000000000029104,4.0,64.04999999999995,True,1154.32,1218.37,25.239000000000033,-38.81099999999992,0.004641448613256216,0.050048828125,18527.10916560162,18704.551581386848,0.0005211509434285184,33250.0,15012.008033994036,3.852006281559456,3.945606407942311,5.362344349105116,14.997208947134968,10.023822376766937,13.681980673470875,48.8871924949788
1180.425,1180.448,USV_1276,0.023000000000138243,4.0,64.04999999999995,True,1154.32,1218.37,26.105000000000018,-37.944999999999936,0.010185758583247662,0.015070134943181818,14577.918466927304,17082.354092886562,9.647794708401445e-05,31039.772727272728,26095.254166846466,3.0083227805147503,6.864422297994415,4.535902880567179,18.31190123562496,12.492690125114732,15.301940492972124,49.484161946190355
1180.491,1180.529,USV_1277,0.038000000000010914,4.0,64.04999999999995,True,1154.32,1218.37,26.17100000000005,-37.878999999999905,0.009585444815456867,0.01925838694852941,13902.898086820092,16501.94734116586,0.0003048662894537584,29961.397058823528,24373.459306474033,1.3747987700282684,5.23923501288802,6.156630081871524,14.054745961423729,10.875227441339705,17.004854130065734,53.24119592491146
1181.953,1181.964,USV_1278,0.010999999999967258,4.0,64.04999999999995,True,1154.32,1218.37,27.633000000000038,-36.416999999999916,0.009078829549252987,0.02197265625,15982.462414909392,20281.48213939581,0.0006271435921950541,30203.125,14769.230769230768,2.461338822515837,5.071751678790843,5.162537258282486,16.010159804045042,8.961830160302762,15.312579649027592,43.521396406319695
1183.472,1183.511,USV_1279,0.03899999999998727,4.0,64.04999999999995,True,1154.32,1218.37,29.152000000000044,-34.89799999999991,0.009107660502195358,0.015294692095588236,14546.80742803925,17282.651512418885,0.0004829770441043604,30871.323529411766,21886.602504454037,2.565500613307216,5.741832914176621,5.129914237830212,15.965494165697013,11.709433226946182,17.102596238143075,53.25527430389058
1184.457,1184.482,USV_1280,0.024999999999863576,4.0,64.04999999999995,True,1154.32,1218.37,30.13700000000017,-33.91299999999978,0.012571848928928375,0.012939453125,14206.109918152279,19798.99024419884,0.00022625047885593626,30867.1875,26752.624566339986,1.8250938188762127,7.331546151626083,5.930919866994209,12.945820852942662,8.686090740804776,12.600994526404593,47.227256626448
1184.563,1184.594,USV_1281,0.03099999999994907,4.0,64.04999999999995,True,1154.32,1218.37,30.243000000000166,-33.80699999999979,0.009885303676128387,0.023106166294642856,15337.068318002024,19065.470383710133,0.00043293013179874357,31640.625,26644.923117640752,1.8016249345122142,5.309867001678332,3.9301551555248326,13.148710275981069,11.459067991988404,16.200027680965075,49.833317077236394
1184.633,1184.655,USV_1282,0.021999999999934516,4.0,64.04999999999995,True,1154.32,1218.37,30.313000000000102,-33.73699999999985,0.005020246375352144,0.043701171875,18161.087019075556,17507.52251856416,0.0006883600355557267,32650.56818181818,24489.820228994326,2.316706178842565,3.5248496279262285,5.924156957215987,14.425753180839372,12.330001710366668,14.098731093256516,52.327398051732985
1184.737,1184.786,USV_1283,0.04899999999997817,4.0,64.04999999999995,True,1154.32,1218.37,30.417000000000144,-33.63299999999981,0.013949903659522533,0.015741257440476192,13253.470590543917,17013.485886082286,0.00045241264492756547,30138.39285714286,23989.405591192997,2.3782069231049494,4.990469264087968,4.814907421855177,14.894581288987043,10.346971613138594,14.830543768305176,53.82590358831111
1185.065,1185.109,USV_1284,0.04399999999986903,4.0,64.04999999999995,True,1154.32,1218.37,30.74500000000012,-33.304999999999836,0.00951412133872509,0.025069387335526317,15319.741709626665,16403.673005264962,0.0002022290637990358,31036.184210526317,25052.27736581392,2.9075705420047573,2.999161636013426,4.9088357948224095,17.13259193834649,9.96616740251061,14.921483308598127,55.4475961857125
1185.184,1185.253,USV_1285,0.06899999999995998,4.0,64.04999999999995,True,1154.32,1218.37,30.864000000000033,-33.18599999999992,0.011020755395293236,0.026375906808035716,14780.816800900038,15847.80393392005,0.0001616097585951244,30616.071428571428,23724.409052660892,2.0504273801869157,5.174041646979489,6.665302427010292,16.112247073345937,10.41152479232517,13.646653950681182,57.085490770916216
1185.306,1185.349,USV_1286,0.04299999999989268,4.0,64.04999999999995,True,1154.32,1218.37,30.986000000000104,-33.06399999999985,0.012237753719091415,0.016493055555555556,13018.81876815094,15384.428777527946,1.3418824158840623e-05,29671.875,26321.22313231613,2.046210609862804,2.746432126810573,4.56800826209353,16.469844168300156,11.478213351819468,12.595193460748243,55.24150225191898
1185.367,1185.435,USV_1287,0.06799999999998363,4.0,64.04999999999995,True,1154.32,1218.37,31.047000000000025,-33.00299999999993,0.009294061921536922,0.022539411272321428,14315.198726232076,14277.204180778488,1.1358447717462697e-05,30154.01785714286,25831.6033161495,4.0448809755911395,5.576458935698853,4.6168319153715895,17.302553032212344,12.024802242681128,13.05747303307339,58.9105083754554
1185.604,1185.673,USV_1288,0.06899999999995998,4.0,64.04999999999995,True,1154.32,1218.37,31.284000000000106,-32.76599999999985,0.01417996734380722,0.014142717633928572,13161.603401643632,15408.052195900553,9.086127899064115e-05,29029.01785714286,23156.660270708475,2.464693165480805,7.407587512202831,5.5253360158146565,16.574553605931822,11.078846655418754,14.727444970397203,56.03777392693648
1185.804,1185.841,USV_1289,0.03699999999980719,4.0,64.04999999999995,True,1154.32,1218.37,31.48400000000015,-32.5659999999998,0.01193660032004118,0.00518798828125,13282.477626464508,17019.003078294372,0.00016306437959732954,30339.84375,20861.41504253787,3.0131006431989467,3.55898501233061,5.113575273553889,16.316932857547,11.590136189174054,14.405977215817368,53.18597059637091
1185.872,1185.923,USV_1290,0.05099999999993088,4.0,64.04999999999995,True,1154.32,1218.37,31.552000000000135,-32.49799999999982,0.010620953515172005,0.02126348586309524,14037.640296683288,15843.776704718026,0.0003340706747574093,30566.964285714286,21747.813374408215,2.6416858124378746,7.00367454635429,4.998981061914266,17.010289692933824,10.870954536208437,14.442834598972297,56.98195410544351
1186.214,1186.278,USV_1291,0.06400000000007822,4.0,64.04999999999995,True,1154.32,1218.37,31.894000000000005,-32.15599999999995,0.011245930567383766,0.0238037109375,15839.953794724828,15391.105112202147,0.00023928181550765553,31453.125,24045.624633250158,2.250482876240095,3.58760300304839,5.705886704518883,16.230845862888764,12.597308260455069,15.32731870992804,57.38379618348127
1186.545,1186.576,USV_1292,0.03099999999994907,4.0,64.04999999999995,True,1154.32,1218.37,32.225000000000136,-31.824999999999818,0.00948342215269804,0.0174560546875,15070.155994496969,15944.765004000814,0.0006365860360333331,30857.14285714286,19545.166735625167,2.2973122958525685,3.476613333853769,4.840670569189337,17.698842944507707,10.875455121657932,14.271190107655451,53.28264894341354
1186.691,1186.743,USV_1293,0.05199999999990723,4.0,64.04999999999995,True,1154.32,1218.37,32.371000000000095,-31.67899999999986,0.009190552867949009,0.02507990056818182,16118.437352142088,15944.08642797973,0.0003858122873783513,31700.284090909092,23938.750400940215,2.509167968911734,4.017959159751677,4.9743234132609375,14.766848680735537,11.13157812259906,15.239077819750934,56.392171559944764
1187.207,1187.281,USV_1294,0.07399999999984175,4.0,64.04999999999995,True,1154.32,1218.37,32.88700000000017,-31.162999999999784,0.009561008773744106,0.018221028645833335,14150.861072645324,15572.414276137551,0.00011171571691360031,30765.625,21860.772740922603,2.1894661238095545,4.650814109927784,4.949469084687166,16.154372662884988,10.124595316731444,14.131708454418947,57.43854586918858
1188.39,1188.452,USV_1295,0.06199999999989814,4.0,64.04999999999995,True,1154.32,1218.37,34.070000000000164,-29.97999999999979,0.009636656381189823,0.021775465745192308,13996.488155685316,15184.45083120549,5.348677964681122e-05,30122.596153846152,21942.587837179246,2.3198640106301323,4.69909924233859,5.116722110740549,14.561873302585782,12.614026333540412,15.848965955928035,56.75879488733171
1188.643,1188.663,USV_1296,0.01999999999998181,4.0,64.04999999999995,True,1154.32,1218.37,34.32300000000009,-29.72699999999986,0.006558945868164301,0.0288818359375,18301.945761872797,20864.67352849191,0.0019505857175033743,35071.875,18678.442669379838,1.2315676032161544,4.877214682974911,5.3069663921115735,13.290219825126409,8.909974535793316,13.549045454861623,46.23433488420567
1188.702,1188.731,USV_1297,0.028999999999996362,4.0,64.04999999999995,True,1154.32,1218.37,34.38200000000006,-29.667999999999893,0.011259595863521099,0.018216646634615384,13371.609460471318,16067.112205046844,8.448712996931724e-05,29343.75,25325.85175372126,1.842008526930671,7.107358266409049,4.193748432095619,17.453151931785705,11.147851879992016,14.884817536886223,51.59801629973605
1189.685,1189.737,USV_1298,0.052000000000134605,4.0,64.04999999999995,True,1154.32,1218.37,35.36500000000001,-28.684999999999945,0.009435458108782768,0.023648348721590908,14728.087741983412,15551.407423772353,0.0002474254894312095,30417.613636363636,18967.36120179291,1.9162016135656663,5.716556975331783,4.687873557973743,16.305398408443917,10.540828924303721,15.424060605081714,56.488318231437255
1190.116,1190.125,USV_1299,0.009000000000014552,4.0,64.04999999999995,True,1154.32,1218.37,35.79600000000005,-28.253999999999905,0.005044823978096247,0.0316162109375,19081.28848461085,16809.347596776715,0.0002364184258361969,33359.375,29030.959775411848,2.4683372057038557,1.4231106317400632,4.839431832968773,15.26288676027873,12.677476016072857,16.610193424693747,43.50680646357705
1190.951,1191.056,USV_1300,0.10500000000001819,4.0,64.04999999999995,True,1154.32,1218.37,36.631000000000085,-27.41899999999987,0.0079216742888093,0.026971726190476192,14349.482328326398,15072.634121048133,4.378428510959253e-05,30772.321428571428,17426.57893031829,2.590253445357839,4.196189196402907,5.983764141629085,17.690242227444532,11.37925129622174,14.334105724078448,58.84676172289265
1191.223,1191.339,USV_1301,0.11599999999998545,4.0,64.04999999999995,True,1154.32,1218.37,36.90300000000002,-27.146999999999935,0.010235602036118507,0.024429984714673912,14043.549960025683,14908.477918831282,7.735762952630389e-05,29641.304347826088,17092.693933380906,3.0497854898725394,6.043138513717412,4.342386384961464,16.466594679728157,11.660329786453296,14.859067884375229,58.84586482367874
1192.816,1192.847,USV_1302,0.03099999999994907,4.0,64.04999999999995,True,1154.32,1218.37,38.496000000000095,-25.55399999999986,0.008135003969073296,0.024466378348214284,15042.186355781305,16519.704237685502,6.919743021856109e-05,31279.01785714286,24217.839346547196,2.1611359672958272,6.11784894794056,5.838803348150232,16.914724066101314,10.862099529197774,15.368522843448899,52.18844616797674
1193.23,1193.28,USV_1303,0.049999999999954525,4.0,64.04999999999995,True,1154.32,1218.37,38.91000000000008,-25.139999999999873,0.00841290783137083,0.03218005952380952,15276.136309707965,14926.69871557609,3.502105882651334e-05,30303.571428571428,18949.95520918755,2.336918666582079,3.90986465912874,5.866630359299723,16.853739306743403,12.048791126183817,14.091490294577412,57.410950349589655
1194.5,1194.508,USV_1304,0.008000000000038199,4.0,64.04999999999995,True,1154.32,1218.37,40.180000000000064,-23.86999999999989,0.007420498877763748,0.0072265625,17198.662898867246,20995.89705572592,0.0004149008815505674,31518.75,23044.39012203222,2.159144816234385,4.074594012671804,4.23248739918711,12.353578024876942,8.496918624610213,12.819607232331345,34.890917954472926
1196.015,1196.045,USV_1305,0.029999999999972715,4.0,64.04999999999995,True,1154.32,1218.37,41.695000000000164,-22.35499999999979,0.009022777900099754,0.017787388392857144,15212.10977118101,18997.8179016947,0.00044601017825509606,31761.160714285714,21311.794105036217,1.8708255665122981,4.925234015265,5.133231194674892,14.73703075842481,10.801498431077407,13.329589328425161,50.99951054314452
1196.474,1196.497,USV_1306,0.023000000000138243,4.0,64.04999999999995,True,1154.32,1218.37,42.153999999999996,-21.895999999999958,0.005982665810734034,0.030517578125,18127.900194574886,19413.86574930757,0.0005648001041467809,33153.40909090909,16125.717944025739,3.5737666790616798,5.478788596040846,4.942978141362671,14.314485292356936,11.750855380867744,15.560682684809267,49.96365212241658
1196.74,1196.787,USV_1307,0.047000000000025466,4.0,64.04999999999995,True,1154.32,1218.37,42.42000000000007,-21.62999999999988,0.008216586895287037,0.03084716796875,15213.17487744826,14005.063065638173,4.151628914170784e-05,30262.5,16057.04619576684,2.4895600708071832,4.742076015778731,5.20680559299388,16.70568422302024,11.428425541458434,15.177188757368523,58.316839591368854
1196.831,1196.853,USV_1308,0.02200000000016189,4.0,64.04999999999995,True,1154.32,1218.37,42.51099999999997,-21.538999999999987,0.01083559263497591,0.021839488636363636,15102.050360716112,16532.731769151404,0.00029751342378042824,28798.295454545456,15621.019899567442,3.6964538565216927,5.296640285037466,5.828922305092954,14.996747138487935,10.125456827671032,14.485221977269704,50.76254097749634
1197.019,1197.028,USV_1309,0.009000000000014552,4.0,64.04999999999995,True,1154.32,1218.37,42.69900000000007,-21.350999999999885,0.009791772812604904,0.016642252604166668,17535.333436090714,22393.796337532054,0.0011857490197000138,31375.0,16180.249334812253,3.750593003863367,5.5493629332680365,6.742998384144468,13.651247490629999,9.662529398115453,13.023046522837943,36.926045604018064
1197.117,1197.14,USV_1310,0.023000000000138243,4.0,64.04999999999995,True,1154.32,1218.37,42.797000000000025,-21.25299999999993,0.010720663703978062,0.01260653409090909,14848.922633174412,17033.81820371885,0.00016372312079972735,29301.136363636364,16976.381410410846,2.193160804461391,1.9035992969832234,5.389437819542933,16.87345493249206,10.053134493745405,16.508223887834998,50.47035226178814
1198.367,1198.405,USV_1311,0.038000000000010914,4.0,64.04999999999995,True,1154.32,1218.37,44.047000000000025,-20.00299999999993,0.009936075657606125,0.019890280330882353,14281.265783225199,16602.707520491294,0.00020777196276510035,30209.558823529413,20083.601518040337,3.207373419407028,6.697264699569078,6.152413203385361,18.019097163609732,11.659394576466012,15.71758845808584,53.273224604235665
1199.461,1199.49,USV_1312,0.028999999999996362,4.0,64.04999999999995,True,1154.32,1218.37,45.141000000000076,-18.908999999999878,0.007823130115866661,0.016282301682692308,14386.205389280974,15287.893557483134,3.838697016665259e-05,31175.48076923077,15710.21027370995,2.233615732281928,2.8166722449916417,6.061026475353869,16.998960218346852,12.481216268360544,15.460796027131947,54.01618481429303
1199.734,1199.76,USV_1313,0.026000000000067303,4.0,64.04999999999995,True,1154.32,1218.37,45.41399999999999,-18.635999999999967,0.013325996696949005,0.025472005208333332,15132.197001624163,15644.57855673806,3.282903354277999e-05,29992.1875,19524.495652342008,1.2696403206622098,8.099871914309913,5.165354008644592,16.639318132298417,10.058837564476752,15.590672880110702,52.62947138776655
1200.157,1200.197,USV_1314,0.03999999999996362,4.0,64.04999999999995,True,1154.32,1218.37,45.83699999999999,-18.212999999999965,0.0067215850576758385,0.03379193474264706,16168.263358938282,16201.118549804443,0.0001999523352890595,32045.95588235294,23503.345353853278,2.3287050595665,4.691971633253794,5.6039632860652,18.442228273853754,11.299723012761955,15.134639354692805,55.649537257369865
1200.817,1200.85,USV_1315,0.032999999999901775,4.0,64.04999999999995,True,1154.32,1218.37,46.49700000000007,-17.552999999999884,0.008900104090571404,0.027490234375,14657.061218147806,16642.886108012874,0.0002301430923641431,31606.25,26460.975263187855,2.69319537014376,6.248176309518351,4.019555137414918,16.2483818806617,11.95776412802039,14.680037567328634,51.23166758246301
1201.488,1201.505,USV_1316,0.01700000000005275,4.0,64.04999999999995,True,1154.32,1218.37,47.16800000000012,-16.881999999999834,0.011464569717645645,0.03160264756944445,18037.175403844576,17107.154918589986,0.0002136297239421814,30989.583333333332,26660.368358228076,2.9664162392162217,5.1982066305824866,5.680029254425098,11.606903110685272,9.693441780639967,12.555618917680427,49.30084349257654
1202.801,1202.827,USV_1317,0.026000000000067303,4.0,64.04999999999995,True,1154.32,1218.37,48.480999999999995,-15.56899999999996,0.00841577723622322,0.0400390625,16582.16058149767,15659.697768029982,0.00014263923348463155,30617.1875,15861.983505163473,1.8201048377742897,5.443842837033865,5.357799089308344,14.25050647355984,12.007633268508789,14.348721410625133,53.74805690363346
1203.836,1203.901,USV_1318,0.06500000000005457,4.0,64.04999999999995,True,1154.32,1218.37,49.516000000000076,-14.533999999999878,0.008731354027986526,0.01856372974537037,14185.982498766152,15877.564685450494,6.0491430263501843e-05,30097.222222222223,20077.57500674396,2.27865395793485,5.46919730433837,4.708961616145757,15.54505330537838,12.238682958368603,16.090811222847567,56.8505298446174
1204.32,1204.328,USV_1319,0.008000000000038199,4.0,64.04999999999995,True,1154.32,1218.37,50.0,-14.049999999999955,0.006142596248537302,0.0330078125,18809.356455364217,18905.45151144557,0.0004936638655324468,32043.75,24784.11418357022,3.478098261886603,5.168373665825814,5.065734016648699,14.381422230628178,10.790298104770613,13.019002735174016,37.17689007819393
1204.983,1205.008,USV_1320,0.02500000000009095,4.0,64.04999999999995,True,1154.32,1218.37,50.66300000000001,-13.386999999999944,0.007803079206496477,0.019673665364583332,14872.483947700448,15985.979536591343,0.0002744462869315716,31468.75,22746.70689419424,2.4799393290055898,3.523153378489264,5.459553679236891,15.023698623141387,10.996876932518985,13.808216014075901,51.94244772393491
1205.256,1205.29,USV_1321,0.03399999999987813,4.0,64.04999999999995,True,1154.32,1218.37,50.93600000000015,-13.113999999999805,0.007293589413166046,0.024397786458333334,16071.699243078645,17365.7972334991,0.0004200950619078792,32237.5,21446.64817522657,4.1534708146967665,6.047913756608191,4.923079717368629,15.419909827990605,10.359883561992076,15.637643341899775,53.39119020254853
1205.383,1205.397,USV_1322,0.013999999999896318,4.0,64.04999999999995,True,1154.32,1218.37,51.0630000000001,-12.986999999999853,0.007092432584613562,0.0245361328125,17225.700597377137,21148.339902739674,0.0010521940869427644,32660.15625,20602.076899174474,2.331055617660616,3.013764977710313,4.068201414407956,15.230942366985769,10.148234504534678,13.183222366783827,42.9509817810523
1205.467,1205.51,USV_1323,0.04299999999989268,4.0,64.04999999999995,True,1154.32,1218.37,51.14700000000016,-12.902999999999793,0.009851719252765179,0.013617621527777778,14042.399320788189,16083.893927218787,0.00023181371733013172,30359.375,21734.14293014787,2.4988215597263506,3.3462894123153566,4.578118471232543,14.134868258906048,12.431469121115846,15.501598536310148,55.85424624927323
1205.73,1205.811,USV_1324,0.0809999999999036,4.0,64.04999999999995,True,1154.32,1218.37,51.41000000000008,-12.639999999999873,0.008644238114356995,0.02040423768939394,14162.66124202276,15321.865759397813,0.0004793457398249431,31036.93181818182,18987.85402532242,2.4499647645742657,3.385843530574741,4.976395414732087,17.088776789117524,11.288111360739764,14.367429720169953,58.32852136906202
1207.264,1207.283,USV_1325,0.019000000000005457,4.0,64.04999999999995,True,1154.32,1218.37,52.94399999999996,-11.105999999999995,0.006172217894345522,0.03818359375,16914.13644205737,17244.667470802662,0.0002906228391449709,32503.125,20198.26175364542,2.4944279801844926,4.893403428937868,5.6118454993734,17.969474830236013,13.204136449953115,14.628224620459491,49.57111510444133
1207.597,1207.632,USV_1326,0.035000000000081855,4.0,64.04999999999995,True,1154.32,1218.37,53.277000000000044,-10.77299999999991,0.011615244671702385,0.0149688720703125,14314.18087479692,18528.249590942178,0.0002734468475131876,30791.015625,22874.582942291163,3.1376096600409986,6.45293905578704,5.1522212581082965,13.520696928889944,10.586025503812087,13.724060167999086,50.693190681781175
1209.627,1209.638,USV_1327,0.010999999999967258,4.0,64.04999999999995,True,1154.32,1218.37,55.307000000000016,-8.742999999999938,0.007548908237367868,0.023722330729166668,18424.570716395876,24209.077080413987,0.0008802302270993238,35625.0,24385.46519102459,3.0009277508220653,4.749909710024461,6.2218614355812365,11.688960299598621,9.95484594696767,14.651191842038514,41.81452585741132
1209.721,1209.84,USV_1328,0.11899999999991451,4.0,64.04999999999995,True,1154.32,1218.37,55.40100000000007,-8.648999999999887,0.009456598199903965,0.023375166223404256,14275.4339768913,14436.60857936813,3.529420744074304e-05,30225.39893617021,24248.878848640194,2.558692790249741,4.488904702718707,5.447277396947287,17.654329920447463,11.028546820234421,15.346388794880701,59.40045709185405
1209.928,1209.979,USV_1329,0.05099999999993088,4.0,64.04999999999995,True,1154.32,1218.37,55.608000000000175,-8.44199999999978,0.015232173725962639,0.014601934523809524,13338.509583993487,16920.443079029872,0.0005615096463593198,30375.0,20720.858238052002,3.5914144895077373,5.2544172436673,5.341072341501613,17.895913287146374,10.772820244561109,15.236354992003983,53.678674268205896
1210.305,1210.359,USV_1330,0.05399999999985994,4.0,64.04999999999995,True,1154.32,1218.37,55.98500000000013,-8.064999999999827,0.010847946628928185,0.01699431046195652,15207.09043225386,16256.018817969205,0.00015585506471337544,31059.782608695652,24466.363847458008,2.4884710390445024,5.423322757002634,5.2209705029178055,15.525742522035985,11.457151285862487,13.923475844636394,55.509083390116835
1210.404,1210.428,USV_1331,0.024000000000114596,4.0,64.04999999999995,True,1154.32,1218.37,56.08400000000006,-7.9659999999998945,0.011455554515123367,0.020308061079545456,14385.26804797458,16118.072059599,0.00041056721674001263,30349.43181818182,20413.001410081673,2.473638747367005,7.0107394360071815,4.097456398731424,16.679821484013807,12.05516784374481,14.051267710152858,52.28972589448617
1210.62,1210.63,USV_1332,0.010000000000218279,4.0,64.04999999999995,True,1154.32,1218.37,56.299999999999955,-7.75,0.010305400006473064,0.011067708333333334,18388.1141477668,25901.227076462757,0.0017888323845495875,37843.75,24939.96624555196,2.3304875297070597,4.824113120118072,4.189116875204435,9.094137482236858,8.433916547870105,12.284682327809593,34.1509101277404
1210.713,1210.755,USV_1333,0.0420000000001437,4.0,64.04999999999995,True,1154.32,1218.37,56.39300000000003,-7.656999999999925,0.010663841851055622,0.026570638020833332,14969.732055325298,16984.320794822394,0.0003375836917255769,31114.583333333332,23850.844926012316,1.8718902166943545,6.91999528351365,5.611814175815592,18.13000139411989,11.41450114291309,13.484481719882503,53.579907754881845
1212.873,1212.96,USV_1334,0.08699999999998909,4.0,64.04999999999995,True,1154.32,1218.37,58.55300000000011,-5.496999999999844,0.009448550641536713,0.020968191964285714,13727.644337712376,14739.614635262145,0.00019278497547627808,30219.64285714286,17256.974414801916,2.2577598877412006,6.420937077593791,4.952220412047871,17.167086628705817,11.57098925924305,14.865693028917784,58.870939421127005
1213.0,1213.008,USV_1335,0.008000000000038199,4.0,64.04999999999995,True,1154.32,1218.37,58.680000000000064,-5.369999999999891,0.01139330118894577,0.016064453125,14596.329986438748,20132.81837129158,0.0003146249195500159,29043.75,15035.1481719013,2.8843885464144443,6.019640494444269,4.362732829230035,12.589654681689453,8.752897689580465,14.68699655813532,34.188436172563584
1213.062,1213.103,USV_1336,0.04100000000016735,4.0,64.04999999999995,True,1154.32,1218.37,58.74199999999996,-5.307999999999993,0.009259862825274467,0.017740885416666668,14869.880860245292,17908.77589675612,0.00026613754225473515,31796.875,27579.555064223416,2.050975506999988,5.684300220204252,6.916255859933837,17.85282754667032,9.911279983964773,14.031679140706206,52.86345261694768
1213.233,1213.312,USV_1337,0.07899999999995089,4.0,64.04999999999995,True,1154.32,1218.37,58.91300000000001,-5.136999999999944,0.011842679232358932,0.02097320556640625,14011.986167013998,14210.089660985312,7.66404221282004e-05,28816.40625,16893.819451590207,3.4336939933622124,5.0098567466688575,5.31165571564712,15.575348588173126,10.907959499897892,15.496233650688158,58.502615299952055
1213.346,1213.402,USV_1338,0.05600000000004002,4.0,64.04999999999995,True,1154.32,1218.37,59.02600000000007,-5.023999999999887,0.007355489302426577,0.024849269701086956,14838.215719540935,15737.06461819289,0.0001659960497447527,31500.0,18108.017880173848,3.39141542219634,5.78880412925342,5.628476555104062,18.191707674431186,11.376291010402559,15.76519982490211,56.99314539006744
1215.623,1215.695,USV_1339,0.07199999999988904,4.0,64.04999999999995,True,1154.32,1218.37,61.30300000000011,-2.7469999999998436,0.008895250037312508,0.017333984375,14470.009908244569,14397.705359776566,1.0205707263382717e-05,30536.637931034482,22944.435443104365,3.233927054875704,5.885575900105989,5.843082844166319,17.990559750488003,11.523693324941219,14.350516878511675,58.67641468613278
1215.921,1215.936,USV_1340,0.01499999999987267,4.0,64.04999999999995,True,1154.32,1218.37,61.60100000000011,-2.4489999999998417,0.00834503211081028,0.025299072265625,16787.932867991876,17946.70005468547,0.0003696663564446316,31851.5625,19595.981896896283,2.011250019832061,4.0225871205303365,3.6083517922413053,13.515503548739131,10.996082578843147,13.374383579532427,45.061563775345476
1216.21,1216.245,USV_1341,0.03499999999985448,4.0,64.04999999999995,True,1154.32,1218.37,61.8900000000001,-2.1599999999998545,0.012409549206495285,0.013004557291666666,13243.972281543172,16062.55204144304,8.010705691856492e-05,29312.5,24472.737920713098,1.7843044195375382,4.507849621292154,5.392600126928837,15.918408254272867,10.396030303502336,15.368900466763495,53.60465497860776
1216.329,1216.36,USV_1342,0.03099999999994907,4.0,64.04999999999995,True,1154.32,1218.37,62.009000000000015,-2.04099999999994,0.00816227775067091,0.031651088169642856,16201.755014799346,17891.531974412934,0.0001989199172862511,32102.678571428572,23809.476612234128,1.9628164166455575,2.497187422325493,4.8266434349177505,13.947375375307002,10.655917873058632,14.33843850747546,51.908379221178606
1216.683,1216.743,USV_1343,0.05999999999994543,4.0,64.04999999999995,True,1154.32,1218.37,62.363000000000056,-1.6869999999998981,0.009132609702646732,0.026728515625,15677.56362821877,16206.454669647748,0.00022831574788736994,31008.75,18260.794568833215,3.380837281705563,3.3702818518706095,5.585858652170633,14.924120158119397,10.85323195581577,15.052991607800639,56.53641037330144
1216.8,1216.876,USV_1344,0.07600000000002183,4.0,64.04999999999995,True,1154.32,1218.37,62.48000000000002,-1.5699999999999363,0.008256099186837673,0.021066973286290324,14869.570551519811,15405.818439025006,0.00013913546162909725,31363.91129032258,23439.474901634243,2.446754419670716,5.968893517639026,4.881698109496255,17.898113041067127,11.966936352153944,14.155763237882272,57.44384275505114
1217.087,1217.095,USV_1345,0.008000000000038199,4.0,64.04999999999995,True,1154.32,1218.37,62.76700000000005,-1.2829999999999018,0.011756221763789654,0.017138671875,18937.92519688918,18880.75087394547,0.00012951796751347607,32193.75,26857.85663247208,1.7340823094768099,5.246279025650084,2.1852764193664904,14.791312450916925,9.258419576983624,17.282263561994107,36.814720755001495
1217.233,1217.338,USV_1346,0.10500000000001819,4.0,64.04999999999995,True,1154.32,1218.37,62.91300000000001,-1.1369999999999436,0.011225134134292603,0.022931780133928572,14431.556900543113,14466.906081112817,2.8101188102079578e-05,30305.803571428572,22566.25002869292,2.076331472143462,6.050929784072033,5.708587524082302,15.775000687414718,11.128125485094525,15.37736834234183,59.91476751813392
1217.479,1217.572,USV_1347,0.0929999999998472,4.0,64.04999999999995,True,1154.32,1218.37,63.159000000000106,-0.890999999999849,0.009816023521125317,0.02803658150337838,14406.854537585892,14896.213914538945,0.00013055349474752162,30245.777027027027,22529.144117571053,2.7705942640231127,6.0928458601579925,5.924876320173999,18.110071177002226,11.770872929708409,14.927070210933248,58.44829322879961
1217.868,1217.892,USV_1348,0.024000000000114596,4.0,64.04999999999995,True,1154.32,1218.37,63.548,-0.5019999999999527,0.008215357549488544,0.022017045454545456,14787.10362048981,16558.778139429272,8.778793772261621e-05,31406.25,17772.54574134075,2.744032617772467,3.530512234937836,4.485332692020131,15.217225020510428,11.8451520742216,13.993781772824493,50.52183299753607
1218.029,1218.054,USV_1349,0.02500000000009095,4.0,64.04999999999995,True,1154.32,1218.37,63.70900000000006,-0.3409999999998945,0.006678092759102583,0.02587890625,15960.63432956869,17601.7828601549,0.0001066773701009698,32062.5,20989.194188568355,1.4933324796444045,4.761953977001674,3.767144826636842,15.563518549530118,12.712848994285475,15.44129136633734,50.86088264010352
1221.895,1221.926,USV_1350,0.03099999999994907,4.0,64.04999999999995,False,1154.32,1218.37,67.57500000000005,3.525000000000091,0.00939218420535326,0.013462611607142858,15184.50296219644,17956.148115926742,0.0011496684057933268,33790.17857142857,16412.82658178604,2.2765285903437267,4.726498875780209,5.406004917091627,15.263450535890781,12.73366376358635,14.82362522775259,51.091195807622164
1222.03,1222.053,USV_1351,0.023000000000138243,4.0,64.04999999999995,False,1154.32,1218.37,67.71000000000004,3.660000000000082,0.00790900643914938,0.02483575994318182,15033.50692514282,16179.549267577944,0.0001275311085376067,31167.613636363636,27669.76297188501,1.1380460160053532,4.387099254671188,5.196491409782751,18.1715190501046,10.273980438575041,15.083097022009945,50.025555454073725
1222.187,1222.205,USV_1352,0.018000000000029104,4.0,64.04999999999995,False,1154.32,1218.37,67.86699999999996,3.8170000000000073,0.012504253536462784,0.010308159722222222,16022.237933230128,20450.32107296141,0.0007871447381215429,31270.833333333332,17036.471502238444,2.974782470702179,5.0335274684548414,5.074600552244892,14.589500571613778,11.405125106480346,14.406384062986284,46.47320206273294
1222.269,1222.323,USV_1353,0.05400000000008731,4.0,64.04999999999995,False,1154.32,1218.37,67.94900000000007,3.8990000000001146,0.008882056921720505,0.013640030570652174,14810.01289448563,15964.362956358056,0.0002472243867031178,31243.206521739132,24053.9398766744,2.157791242970944,5.3490988471133685,5.686414727091786,17.859276362979372,11.025826719693626,14.878854430294982,55.58624110618182
1222.662,1222.675,USV_1354,0.012999999999919964,4.0,64.04999999999995,False,1154.32,1218.37,68.3420000000001,4.292000000000144,0.00642783148214221,0.03355189732142857,16999.824943388823,18369.83182764617,0.00046017929867755135,32665.178571428572,15428.64401100272,1.3660059832397464,4.848417503259976,4.170706264504776,14.860547095346918,12.02625703091748,15.36382308037645,43.01963787489416
1223.136,1223.202,USV_1355,0.06600000000003092,4.0,64.04999999999995,False,1154.32,1218.37,68.81600000000003,4.766000000000076,0.00934109278023243,0.02171043113425926,15651.48777770045,15337.827969485117,8.581576855653222e-05,30770.833333333332,21182.59676192624,2.9457110670485416,3.509094106224027,5.737633102751171,17.002327685923905,11.457428566196336,14.59822056371703,58.39531794138542
1223.264,1223.313,USV_1356,0.049000000000205546,4.0,64.04999999999995,False,1154.32,1218.37,68.94399999999996,4.8940000000000055,0.00902610644698143,0.022274925595238096,15227.049613541094,16595.66348951522,0.0002186373147824959,31276.785714285714,24409.6747339084,2.4266078801695516,4.175622400425034,6.09644355161732,15.777597107622713,13.134840472938881,14.501746937183654,55.3343964851007
1223.407,1223.447,USV_1357,0.03999999999996362,4.0,64.04999999999995,False,1154.32,1218.37,69.08699999999999,5.037000000000035,0.010048671625554562,0.018899356617647058,15532.908782175495,16202.971347012708,0.0002571540863545169,31351.102941176472,22145.272569257504,2.3503739590486386,5.474904014927351,5.295407207340266,17.32441686513998,10.93266214977527,15.075382207252835,54.93436909423331
1223.567,1223.697,USV_1358,0.12999999999988177,4.0,64.04999999999995,False,1154.32,1218.37,69.24700000000007,5.197000000000116,0.011010573245584965,0.021546606924019607,14316.896786214713,14512.010614126022,7.94418471157845e-05,29806.985294117647,17242.02368222538,2.4649724409120566,6.3498204130495965,5.255427831482031,16.959203612421934,11.71749735589871,13.760840495889665,60.195287821025644
1223.783,1223.829,USV_1359,0.04600000000004911,4.0,64.04999999999995,False,1154.32,1218.37,69.46299999999997,5.413000000000011,0.011166367679834366,0.0151123046875,13528.109196068888,15612.469153924885,9.1960115631813e-05,29034.375,16516.639384617,1.9838197128661605,5.148874291077441,3.986284504572315,15.51612787848266,11.178798094546444,14.790607991681753,55.791648469195366
1225.099,1225.112,USV_1360,0.013000000000147338,4.0,64.04999999999995,False,1154.32,1218.37,70.779,6.729000000000042,0.007716488558799028,0.011056082589285714,15704.943174797156,19024.37313784655,0.00039782165597292493,31205.35714285714,17465.112151477468,1.5751005849289388,2.312601411478334,5.318528586233401,12.576253039198477,10.113135419201795,15.38979441027785,42.587781072082784
1225.28,1225.302,USV_1361,0.021999999999934516,4.0,64.04999999999995,False,1154.32,1218.37,70.96000000000004,6.910000000000082,0.008233644999563694,0.01806640625,14980.982991974866,17749.615551022405,0.00014282017054725507,31167.613636363636,25992.853923945477,1.5744320386019395,4.763529079991464,5.959192174047305,19.776267635626912,11.07604084234439,15.595734272881275,49.161900418214934
1225.426,1225.498,USV_1362,0.07200000000011642,4.0,64.04999999999995,False,1154.32,1218.37,71.106,7.05600000000004,0.009874221868813038,0.017999057112068964,14996.05274097033,15108.440020498954,6.359450203152382e-05,30219.827586206895,20740.136610778292,2.2326791919440305,4.939897034578357,5.0788584637518,18.62275399616197,10.920785411466564,14.089738562332217,58.74810986631141
1225.576,1225.674,USV_1363,0.09799999999995634,4.0,64.04999999999995,False,1154.32,1218.37,71.25600000000009,7.206000000000131,0.01012171246111393,0.014028695913461538,13268.601662568166,15124.358760434576,6.181547220621082e-05,30216.346153846152,21885.844435413917,2.299445045559331,3.547078057681042,4.699150329901815,16.30296574222672,12.312378231926587,14.150110148499115,57.95947817195221
1225.768,1225.875,USV_1364,0.1069999999999709,4.0,64.04999999999995,False,1154.32,1218.37,71.44800000000009,7.398000000000138,0.008078455924987793,0.02235049293154762,15273.3376987506,14159.304443160068,7.165592811366344e-05,30216.51785714286,18289.583776306612,2.7585930727717054,3.4340049939531045,4.795784996712016,16.88379565369243,11.88843583419531,14.917557333535589,61.6958017541704
1225.969,1226.022,USV_1365,0.052999999999883585,4.0,64.04999999999995,False,1154.32,1218.37,71.64900000000011,7.59900000000016,0.006761419586837292,0.033269708806818184,15917.260056224914,15754.872762413732,0.0002590685025125295,31342.329545454544,20310.392304447876,3.2118510769661905,3.997945361562437,5.521140288138878,17.147826150149022,11.833656386694445,13.060605850085814,57.493746062263
1226.569,1226.681,USV_1366,0.11200000000008004,4.0,64.04999999999995,False,1154.32,1218.37,72.24900000000002,8.19900000000007,0.014133790507912636,0.017800071022727272,12432.213244273269,14889.92414983172,8.724608820893148e-05,28636.363636363636,25225.4933331661,3.6875893499327956,4.542119687528162,4.778239694714466,18.581342659881646,10.959014489803296,14.550646625344552,56.75770499054923
1227.996,1228.035,USV_1367,0.03899999999998727,4.0,64.04999999999995,False,1154.32,1218.37,73.67600000000016,9.626000000000204,0.00990770198404789,0.019157858455882353,13328.431373261672,15713.004342705675,0.00013855368253606372,29040.441176470587,15587.810015421648,1.9519886877534844,4.39427982692932,5.364205935300048,15.297062662080847,11.308483958482222,15.709582056980055,53.96066758839123
1234.408,1234.444,USV_1368,0.03600000000005821,4.0,64.04999999999995,False,1154.32,1218.37,80.08799999999997,16.03800000000001,0.01001475565135479,0.020904541015625,14624.275021460988,16504.93324791867,0.0002766622857429228,28751.953125,15789.620578244254,2.5862115877471332,3.266811047916331,6.39083861133672,15.697336599446919,11.528226971921834,14.194285417027494,54.39713234644204
1234.631,1234.667,USV_1369,0.035999999999830834,4.0,64.04999999999995,False,1154.32,1218.37,80.31100000000015,16.261000000000195,0.010662863031029701,0.0281219482421875,14588.673102190249,14584.336291048292,6.41314806923581e-05,30193.359375,15633.115768208792,1.3550055755807557,6.6070014539164506,5.5399701371987105,16.59263215522477,11.956220315243081,16.643853494577503,54.899300894963105
1237.875,1237.898,USV_1370,0.02299999999991087,4.0,64.04999999999995,False,1154.32,1218.37,83.55500000000006,19.50500000000011,0.008119243197143078,0.03733132102272727,20008.362257053537,18752.07199188654,0.00048365000499919005,35531.25,28956.639495736294,2.7238145058460392,6.431038704132098,5.922833382119182,14.91298376728178,9.68816547174302,14.648939825689956,50.98155400539265
1240.907,1240.916,USV_1371,0.009000000000014552,4.0,64.04999999999995,False,1154.32,1218.37,86.58699999999999,22.537000000000035,0.007313048932701349,0.011759440104166666,19532.09193215902,25595.78533236473,0.0020676159469771357,37531.25,28090.430869742282,2.453199019662346,6.347647783966033,4.592418775713709,11.888413949692891,7.1617484727928895,15.115949466878016,34.81120980157467
1241.871,1241.887,USV_1372,0.015999999999849024,4.0,64.04999999999995,False,1154.32,1218.37,87.55100000000016,23.501000000000204,0.007925620302557945,0.017242431640625,16792.577112254552,19887.605560488977,0.00030833003088250434,32753.90625,21373.10720419139,3.2213423794693004,2.8033848876427254,7.676498469267186,16.33458048875512,9.706511997903284,17.676221915525215,44.3920053270987
1242.354,1242.377,USV_1373,0.02299999999991087,4.0,64.04999999999995,False,1154.32,1218.37,88.0340000000001,23.98400000000015,0.010873967781662941,0.022083629261363636,16904.152409986393,20016.66760703529,0.00018838703114905313,34244.318181818184,29629.245469209844,1.0793850288667715,7.445512997791861,5.324663234977357,15.511898032970869,9.652635633219207,12.14086712928763,47.9360919852685
1242.492,1242.522,USV_1374,0.029999999999972715,4.0,64.04999999999995,False,1154.32,1218.37,88.17200000000003,24.12200000000007,0.006573355291038752,0.022984095982142856,15887.634183269634,16588.78598414735,0.00038294969054710495,32370.535714285714,25651.024888318647,2.0854978594225253,4.659117236026681,4.453930134660227,16.855016709328417,10.513850498317591,14.254892238988178,52.36858363807644
1243.048,1243.058,USV_1375,0.009999999999990905,4.0,64.04999999999995,False,1154.32,1218.37,88.72800000000007,24.67800000000011,0.005260663107037544,0.033203125,19099.925858450017,21433.562177554806,0.0006762755151230457,33843.75,17077.624333428874,2.8673250659222838,1.7585417287998037,7.091969059400054,17.478572240792992,11.750167955892863,15.944230941552453,38.21464862347635
1243.236,1243.254,USV_1376,0.01799999999980173,4.0,64.04999999999995,False,1154.32,1218.37,88.91600000000017,24.866000000000213,0.006123953964561224,0.025661892361111112,16257.805000393319,18078.92686067332,0.0001712168231562311,32333.333333333332,19007.71178665645,2.0371816959159696,3.2306369596577276,5.63154103712937,14.494891802068878,11.69898675967464,15.474146134063922,48.41468144985514
1243.427,1243.445,USV_1377,0.018000000000029104,4.0,64.04999999999995,False,1154.32,1218.37,89.10699999999997,25.057000000000016,0.0056584421545267105,0.036431206597222224,17835.19087150431,17013.966369071586,0.0002286350455117905,32145.833333333332,24534.413545636762,1.2272432528064576,5.522179412005638,6.47760569005898,15.09329313288246,10.480419452104197,15.545037433321308,49.59127883008168
1243.708,1243.744,USV_1378,0.035999999999830834,4.0,64.04999999999995,False,1154.32,1218.37,89.38800000000015,25.338000000000193,0.007174496538937092,0.0250244140625,16721.90352069585,15839.310681309846,4.225165114844055e-05,32742.1875,25134.264363085196,1.991427924125026,3.5176978386204003,6.09610004681186,16.955065916573208,12.090430129728047,14.899168734027848,54.995189255006835
1243.967,1244.046,USV_1379,0.07899999999995089,4.0,64.04999999999995,False,1154.32,1218.37,89.64700000000016,25.597000000000207,0.010097790509462357,0.02275848388671875,13498.359077753863,13551.440864363707,5.1598122844078825e-05,28687.5,19172.928833267855,2.306414644454554,4.436908042836336,5.439379955379827,17.31464544740706,10.642431601698302,14.854528009952364,59.17710937768386
1244.838,1244.851,USV_1380,0.013000000000147338,4.0,64.04999999999995,False,1154.32,1218.37,90.51800000000003,26.468000000000075,0.012906363233923912,0.011369977678571428,14311.908812472471,22002.351431036583,0.00022784165772055405,31325.89285714286,26637.77060946173,2.494792003499479,6.1746285691440415,6.369153052049094,16.372817511858692,10.017713739466483,14.040320632833929,38.55769013735279
1244.921,1244.995,USV_1381,0.07399999999984175,4.0,64.04999999999995,False,1154.32,1218.37,90.60100000000011,26.55100000000016,0.008072211407124996,0.0294677734375,15830.679902906924,14826.49923298795,1.06844899204836e-05,32328.125,25268.88554522228,1.34623749977287,5.213871226962676,4.732588199517326,16.368815216299744,10.594805431390586,14.488666367678832,59.07881683623858
1245.139,1245.189,USV_1382,0.0500000000001819,4.0,64.04999999999995,False,1154.32,1218.37,90.81899999999996,26.769000000000005,0.00963130034506321,0.014973958333333334,15226.900692264286,17261.97909575538,0.00011217016584304056,32625.0,24761.352846732996,2.743719120369532,3.992566510646578,5.291112448527443,15.601441868012163,12.080854211370402,16.131042165616837,54.68822357317642
1245.398,1245.44,USV_1383,0.0420000000001437,4.0,64.04999999999995,False,1154.32,1218.37,91.07799999999997,27.02800000000002,0.006315531209111214,0.0347900390625,16297.270520328828,14930.764848895957,5.48960074918586e-05,32619.791666666668,24019.866320989662,2.997835630354631,1.9447112320247295,4.957066796537802,15.683356788808819,11.50345033704964,13.66924750279244,57.4669529542111
1245.572,1245.636,USV_1384,0.06400000000007822,4.0,64.04999999999995,False,1154.32,1218.37,91.25199999999995,27.201999999999998,0.00934714637696743,0.018470177283653848,14677.371743488857,14934.239157845117,2.3233249102083422e-05,31009.615384615383,22991.908530912908,3.518489031728712,5.9792131435516715,5.6717225406138665,16.241287461367364,11.883603125360045,14.839290991918444,58.01325053112384
1246.235,1246.335,USV_1385,0.10000000000013642,4.0,64.04999999999995,False,1154.32,1218.37,91.91499999999996,27.86500000000001,0.008639556355774403,0.02315673828125,16258.157922852988,15972.597869126872,0.00014599559641522618,33063.28125,28619.57970947904,2.868373363261086,4.41215314718288,4.895833809617822,17.23615184925839,11.143779777657175,13.983725019721874,58.99088732922962
1246.42,1246.436,USV_1386,0.015999999999849024,4.0,64.04999999999995,False,1154.32,1218.37,92.10000000000014,28.050000000000182,0.00688420794904232,0.02105712890625,16981.074126430085,18239.941260834366,0.0002339183198931607,31816.40625,20741.327076799786,3.9035096602786146,6.4554989608848965,3.791306681632173,17.874350595536058,11.451207434807403,13.65495159114445,46.420835533450045
1248.129,1248.205,USV_1387,0.07600000000002183,4.0,64.04999999999995,False,1154.32,1218.37,93.80899999999997,29.759000000000015,0.008626176975667477,0.026138797883064516,14225.14646911929,15781.702407556972,0.00018307603664253726,30190.524193548386,20991.334147923084,1.9662887233518807,4.206891395281995,5.004651112702426,15.563498097355119,12.225768824227341,16.703556686677643,57.51807637143805
1248.319,1248.355,USV_1388,0.03600000000005821,4.0,64.04999999999995,False,1154.32,1218.37,93.99900000000002,29.94900000000007,0.008528375066816807,0.021636962890625,14374.48080858129,14927.974818195413,7.955964583834977e-05,29853.515625,19647.723583975523,2.5335470068292527,4.828658577994242,5.181602885655641,13.76830033115068,12.23849734078218,13.987891433128917,55.57148822872698
1248.827,1248.873,USV_1389,0.04600000000004911,4.0,64.04999999999995,False,1154.32,1218.37,94.50700000000006,30.457000000000107,0.010035594925284386,0.0335205078125,17025.77860531267,14954.16473727991,0.00014319492749114657,32137.5,24624.840924146716,3.0901886700859214,5.758213998338902,6.355266805378614,16.62631779871029,11.230753742462309,15.083165136668407,56.84876386699339
1250.215,1250.24,USV_1390,0.02500000000009095,4.0,64.04999999999995,False,1154.32,1218.37,95.89499999999998,31.845000000000027,0.008960561826825142,0.015279134114583334,14473.313965362844,14985.19609888037,2.2112036989826794e-05,31039.0625,24869.67640648887,2.180016437883084,5.658924441279396,4.899762335461171,15.225129878969843,10.147674083770045,13.994375348127598,51.116020597791795
1250.43,1250.467,USV_1391,0.03700000000003456,4.0,64.04999999999995,False,1154.32,1218.37,96.11000000000013,32.06000000000017,0.009257766418159008,0.0210418701171875,13827.139659883665,15264.421521456936,4.184971218722299e-05,30093.75,24801.78449842063,2.283215785185225,4.785144252984585,5.428162271979392,17.138633198057995,10.742117838090564,15.103492596908557,54.66439913960964
1251.584,1251.599,USV_1392,0.01499999999987267,4.0,64.04999999999995,False,1154.32,1218.37,97.26400000000012,33.21400000000017,0.007514222990721464,0.015167236328125,15776.242431294862,18186.01977636975,0.00010708525730587827,31757.8125,20176.07582851804,2.7632445058299786,5.08490934502518,7.376046216320702,12.694637342297174,12.263721877726248,15.261121847880588,44.87152431322112
1251.631,1251.685,USV_1393,0.05399999999985994,4.0,64.04999999999995,False,1154.32,1218.37,97.31100000000015,33.261000000000195,0.009527338668704033,0.021208389945652172,13434.104119604552,14169.700982458884,2.1980276785441185e-05,29266.304347826088,18078.54867561506,1.9843090212391907,4.836880261587494,6.612783959394818,19.62555494210415,11.31037260164245,13.836473425015958,57.38746918163947
1251.768,1251.796,USV_1394,0.02800000000002001,4.0,64.04999999999995,False,1154.32,1218.37,97.44800000000009,33.39800000000014,0.00844415370374918,0.025071364182692308,15628.155785033932,19397.628466907732,0.00034574683667461774,32617.78846153846,25758.45248820813,1.2353321290179409,4.464251057075986,6.290531028424002,13.564960651708722,10.953200264837696,13.805292443673396,49.41670132568989
1251.98,1251.998,USV_1395,0.018000000000029104,4.0,64.04999999999995,False,1154.32,1218.37,97.66000000000008,33.61000000000013,0.008080926723778248,0.014865451388888888,15588.621861446523,19682.314254906654,0.0006209770265205608,33239.583333333336,21920.153229924374,2.2638721808264766,2.8801080454778347,4.540885489245493,14.910256528570894,12.506077089053655,13.931156745522031,46.384658920433445
1252.339,1252.377,USV_1396,0.038000000000010914,4.0,64.04999999999995,False,1154.32,1218.37,98.019,33.96900000000005,0.013264637440443039,0.011015050551470588,12587.094672089972,17154.24890728276,0.00032842829163462137,29443.014705882353,26343.158650733843,2.180746742704745,6.960970632984777,5.9750653036149695,17.105887833784482,10.583846854231263,15.962964347358263,51.616958603345715
1252.524,1252.573,USV_1397,0.049000000000205546,4.0,64.04999999999995,False,1154.32,1218.37,98.20399999999995,34.153999999999996,0.0095102209597826,0.020438058035714284,14092.127507850024,14688.862428074226,3.359336992608096e-05,29183.035714285714,21131.793167048792,2.4629203209417945,4.918103352088632,4.3088616551096495,17.657690447080274,10.993204721637948,15.932411279720627,56.30859048590285
1252.633,1252.708,USV_1398,0.07500000000004547,4.0,64.04999999999995,False,1154.32,1218.37,98.3130000000001,34.26300000000015,0.01084392610937357,0.01237241683467742,13582.987812107625,15619.796601278595,0.00035315794768753207,29476.814516129034,22359.957474666942,2.3838461072802506,3.90853600320344,5.88540588977143,16.226404113292535,10.666454325783711,14.509206740918524,57.29916066244317
1252.812,1252.88,USV_1399,0.068000000000211,4.0,64.04999999999995,False,1154.32,1218.37,98.49199999999996,34.44200000000001,0.008591224439442158,0.023768833705357144,15285.518576779776,15562.277948627174,0.0002545213254390938,30595.98214285714,24868.85387165559,3.7367644021192428,6.402330174406274,3.543175930118821,15.820223719881298,10.674447626887657,14.731575692400401,56.64564982348345
1252.957,1253.038,USV_1400,0.0809999999999036,4.0,64.04999999999995,False,1154.32,1218.37,98.63700000000017,34.58700000000022,0.010404708795249462,0.015410452178030304,14528.242428817375,15049.803774985601,3.319510540428586e-05,31630.68181818182,22196.48274124286,1.8586556054181693,6.0509634608959715,4.982771856350515,16.98649184142695,11.835014819671633,14.746552275714603,57.57238446535242
1253.276,1253.288,USV_1401,0.011999999999943611,4.0,64.04999999999995,False,1154.32,1218.37,98.95600000000013,34.906000000000176,0.006923740264028311,0.029296875,19235.179477181657,23143.212671771693,0.0008123347442730121,34941.96428571428,24915.115166048952,3.358118818022448,3.6515830582400013,4.786314314993585,14.351829175190076,9.77893357406521,14.381931713362714,40.18282404356169
1253.332,1253.458,USV_1402,0.12599999999997635,4.0,64.04999999999995,False,1154.32,1218.37,99.01200000000017,34.96200000000022,0.01006793137639761,0.0271484375,16999.35178834019,15127.41904134145,0.00015121273731759689,32548.125,26700.680894194837,2.234937044933383,4.522187984846052,5.8067820187732355,17.709163961246418,11.242225715886619,15.009608682106975,60.35515177186003
1254.293,1254.353,USV_1403,0.060000000000172804,4.0,64.04999999999995,False,1154.32,1218.37,99.97299999999996,35.923,0.006444958038628101,0.030380859375,15722.745308997826,15981.780792795636,0.000172165608358093,32471.25,19940.527409847364,1.7212710636838742,5.356233815136273,5.3865034101282605,18.97303713644499,10.735346679413551,16.28447695388542,55.96909901690399
1254.792,1254.808,USV_1404,0.016000000000076398,4.0,64.04999999999995,False,1154.32,1218.37,100.47199999999998,36.422000000000025,0.008377857506275177,0.02691650390625,15328.30141204429,16424.13646367728,0.0001056318192197654,32179.6875,25545.286685968404,0.9792884127040502,3.625712775470634,4.408644500267825,14.561383553608685,12.953757496759783,14.948061107624785,47.09763637806364
1255.994,1256.015,USV_1405,0.021000000000185537,4.0,64.04999999999995,False,1154.32,1218.37,101.67399999999998,37.624000000000024,0.011128912679851055,0.0164794921875,15357.578438772762,20067.03634702648,0.0004235841248305675,31087.5,16911.57927054064,2.5325450580380435,6.085849377685287,6.80019711967843,13.890356364738787,10.526230072343681,14.919402558706054,47.2263959805052
1256.496,1256.544,USV_1406,0.04800000000000182,4.0,64.04999999999995,False,1154.32,1218.37,102.17600000000016,38.126000000000204,0.009981182403862476,0.0237548828125,15999.744360441127,17315.96585685304,0.00023830332209482855,32573.4375,26594.970058982686,2.0499215100000043,2.4351075957802033,6.056390805828665,18.00676336588142,11.465716461329787,14.579739952212615,55.34970849669613
1256.615,1256.624,USV_1407,0.009000000000014552,4.0,64.04999999999995,False,1154.32,1218.37,102.29500000000007,38.24500000000012,0.00796516239643097,0.026774088541666668,18505.932469976597,21122.434027754196,0.0003976267055392901,32765.625,25116.552404204525,2.157555003847104,2.7476689518149,4.191278809427719,11.276647395733582,7.357640778667026,12.303859323359669,38.18465715829369
1257.577,1257.605,USV_1408,0.02800000000002001,4.0,64.04999999999995,False,1154.32,1218.37,103.25700000000006,39.20700000000011,0.010298864915966988,0.028395432692307692,18390.38078344197,18844.985345818786,0.0005622182640742351,33526.442307692305,25319.103818004343,4.9008971466553,6.094968064607737,5.718221120148166,14.950016638797784,8.813950317209306,14.512218685810979,51.606478544005626
1257.873,1257.909,USV_1409,0.03600000000005821,4.0,64.04999999999995,False,1154.32,1218.37,103.55300000000011,39.503000000000156,0.008881842717528343,0.042510986328125,18321.89012688514,17480.301064760788,0.00014399139449372612,34857.421875,30454.772025032114,1.5260113215769389,5.516865927761654,5.4843202284283965,15.290239103132631,11.638913342618661,13.271543336691549,53.870807120080066
1259.446,1259.462,USV_1410,0.016000000000076398,4.0,64.04999999999995,False,1154.32,1218.37,105.12599999999998,41.07600000000002,0.009500439278781414,0.00518798828125,16433.831256355,21007.162033831533,0.00029263557658244175,32859.375,24913.10180113942,2.6104556916090056,3.707546734454885,4.778355534444431,11.65812311888694,8.870831228489878,14.76356085113023,44.12381606686939
1260.746,1260.816,USV_1411,0.06999999999993634,4.0,64.04999999999995,False,1154.32,1218.37,106.42600000000016,42.376000000000204,0.009694946929812431,0.018857758620689655,15830.743874124486,16218.493245854195,0.00031698371730489274,33307.112068965514,19866.64387106065,2.613493277279838,4.5976139540171275,5.566109292783958,16.816237849791506,11.55962787231765,14.949593502119404,57.990255978385626
1260.931,1260.969,USV_1412,0.038000000000010914,4.0,64.04999999999995,False,1154.32,1218.37,106.6110000000001,42.56100000000015,0.010641245171427727,0.01904296875,15278.956252047834,17455.174543415415,0.00018874034945708508,30876.83823529412,20852.324921386316,2.002310385368033,5.7111405322775255,6.361802472046161,15.837898960123777,10.084920641388539,14.543250537625589,53.10362161659287
1262.538,1262.557,USV_1413,0.019000000000005457,4.0,64.04999999999995,False,1154.32,1218.37,108.21800000000007,44.16800000000012,0.010865602642297745,0.0143310546875,14154.434183953208,18054.135354133447,0.00012703349291799676,30609.375,27778.32959461435,1.6852303778297404,6.997961301896614,7.203938034752456,16.76748493899757,11.152152992601057,16.11425319135398,46.473518158258614
1262.603,1262.627,USV_1414,0.023999999999887223,4.0,64.04999999999995,False,1154.32,1218.37,108.28300000000013,44.233000000000175,0.009907804429531097,0.012251420454545454,13339.404477125847,16037.366988490105,4.853516223789812e-05,30409.090909090908,17002.628672226354,2.651109384912718,3.6772049913335825,7.750947807086649,17.805569301596766,12.173697153229513,17.21379071605809,49.77308320592053
1264.278,1264.297,USV_1415,0.019000000000005457,4.0,64.04999999999995,False,1154.32,1218.37,109.95800000000008,45.90800000000013,0.010177366435527802,0.0122802734375,14039.907337734465,18287.588622421306,0.00016406499546865378,30346.875,19049.637954362915,1.5244280120030727,3.215117315210849,5.028645340542793,15.032745117701282,11.670379117641366,12.196792333678072,46.53880874410119
1264.565,1264.582,USV_1416,0.01700000000005275,4.0,64.04999999999995,False,1154.32,1218.37,110.24500000000012,46.195000000000164,0.012282159179449081,0.010416666666666666,14323.663412034903,17496.396489137558,0.00011049290766641807,28989.583333333332,20378.24562773131,1.5727016925950439,6.1774079421321595,4.970422919355944,14.152197055785035,8.493628690964274,14.885189290128007,46.66011811491657
1264.648,1264.693,USV_1417,0.04500000000007276,4.0,64.04999999999995,False,1154.32,1218.37,110.32799999999997,46.27800000000002,0.009378118440508842,0.027857730263157895,15264.435926307704,17281.095735843635,0.0002593662054764782,32141.447368421053,21274.184672058243,2.023310209251685,5.668064899122678,5.221881333597264,16.881972027835747,12.108170407245094,13.06437274751761,54.26080247578009
1264.724,1264.754,USV_1418,0.029999999999972715,4.0,64.04999999999995,False,1154.32,1218.37,110.404,46.35400000000004,0.008906231261789799,0.015293666294642858,14454.292915921676,17343.17725959176,0.00014917021897180345,30716.51785714286,22197.42929702887,1.8867752537385927,4.38762022672324,5.283131747396044,14.291326165301248,11.463050691171222,13.792321934669534,51.46523805644858
1264.828,1264.86,USV_1419,0.03199999999992542,4.0,64.04999999999995,False,1154.32,1218.37,110.50800000000004,46.458000000000084,0.010634109377861023,0.023454938616071428,15979.979131952186,16188.06079368197,0.000812328630402818,30790.178571428572,21763.239258098365,2.5024943199466834,5.175561208403815,4.699323597807957,15.737394932180004,11.423977072792054,14.670048863832685,54.79132188182309
1264.899,1264.923,USV_1420,0.024000000000114596,4.0,64.04999999999995,False,1154.32,1218.37,110.57899999999995,46.528999999999996,0.008836552500724792,0.025967684659090908,15510.854257614597,16840.095522973188,0.0001244240332417094,31056.81818181818,16277.886695603433,1.91383083091916,8.08451485997535,4.2334774668831106,16.47938111031905,12.405944921036951,14.146491447088325,49.95628606622998
1265.06,1265.095,USV_1421,0.035000000000081855,4.0,64.04999999999995,False,1154.32,1218.37,110.74000000000001,46.690000000000055,0.011515585705637932,0.0257720947265625,16109.384047998694,18250.136325927197,0.0004433918310402655,30720.703125,18240.534714295685,2.080405873826941,6.478212180783101,4.462491131344896,15.71863144285454,9.579248570109602,12.45019565234185,52.40539608949871
1265.355,1265.439,USV_1422,0.08400000000006003,4.0,64.04999999999995,False,1154.32,1218.37,111.03500000000008,46.98500000000013,0.010408778674900532,0.022238338694852942,14023.668462458585,14255.257824107342,1.9263914207269537e-05,29647.058823529413,19569.778573560216,2.261342732393607,5.1305100286078495,5.965068530888787,17.108905721429522,11.329016566542592,14.186728399817802,59.03648707554851
1266.332,1266.341,USV_1423,0.008999999999787178,4.0,64.04999999999995,False,1154.32,1218.37,112.01200000000017,47.96200000000022,0.00968619529157877,0.0208740234375,14715.238070748188,17584.835470239985,5.232706388606549e-05,30906.25,26814.07337805808,1.252357477781317,5.193256416341305,3.997743406042782,12.578602607174881,10.258070152902434,12.92251712494769,40.17506488210197
1268.092,1268.144,USV_1424,0.05199999999990723,4.0,64.04999999999995,False,1154.32,1218.37,113.77200000000016,49.72200000000021,0.010519534349441528,0.013372247869318182,13812.21686230013,16611.352193537354,0.00017933683451717722,30805.397727272728,23380.77807371866,2.36075527145735,5.283636104481601,4.742576491984573,18.357837402058706,11.661887638347018,14.969171977770456,55.247686655526515
1276.404,1276.446,USV_1425,0.041999999999916326,4.0,64.04999999999995,False,1154.32,1218.37,122.08400000000006,58.034000000000106,0.0082591213285923,0.03652615017361111,15408.760011839397,14962.504078617116,0.00013342665508224688,30390.625,16862.167480624714,1.7137877480508248,4.668431268409289,6.021453386243483,14.918702411071068,10.911673425289706,14.2663587593221,55.31571596124118
1276.519,1276.538,USV_1426,0.019000000000005457,4.0,64.04999999999995,False,1154.32,1218.37,122.19900000000007,58.149000000000115,0.008077401667833328,0.0246826171875,18213.96298700096,22474.054656550914,0.0008499300342795486,35343.75,20177.277738240107,2.423541368330416,4.236577059074585,4.663154733551434,13.987913637664652,9.337987772756756,14.18850968838172,46.71806482002125
1277.147,1277.165,USV_1427,0.018000000000029104,4.0,64.04999999999995,False,1154.32,1218.37,122.827,58.777000000000044,0.009371395222842693,0.021891276041666668,14835.648419954794,17395.071496150777,9.203650995166366e-05,30010.416666666668,21526.234454941055,2.192505024628071,5.030582692280403,5.946611412687596,16.70095710655147,12.281655253496462,14.238730835652818,47.167646217851875
1277.415,1277.476,USV_1428,0.06100000000014916,4.0,64.04999999999995,False,1154.32,1218.37,123.09500000000003,59.04500000000007,0.009405497461557388,0.021318359375,14253.141113321306,15422.481294723471,0.00015223992685946857,30498.75,20201.629691940965,2.007678428883611,5.102198829925368,6.209158732047091,14.956809839017936,10.986811312462251,15.79295579746532,56.84231040917337
1277.646,1277.721,USV_1429,0.07500000000004547,4.0,64.04999999999995,False,1154.32,1218.37,123.32600000000002,59.27600000000007,0.011342382989823818,0.013537991431451613,13506.285363995199,14954.341938031488,0.0001786737699308883,28908.266129032258,17821.738559610392,2.5089481984653865,5.086725410313158,6.230736839018712,18.465841762666944,11.71108606246546,15.336540869784308,57.47338070148029
1277.75,1277.776,USV_1430,0.026000000000067303,4.0,64.04999999999995,False,1154.32,1218.37,123.43000000000006,59.38000000000011,0.009453457780182362,0.01995849609375,14802.717719149789,16704.19043415463,0.00015287903118002303,30437.5,20851.55434948683,1.8117187351333996,3.8370138425627185,4.991533696706843,16.396908092257892,10.543757571810287,13.065830797193426,50.248604064878386
1278.092,1278.198,USV_1431,0.10599999999999454,4.0,64.04999999999995,False,1154.32,1218.37,123.77200000000016,59.72200000000021,0.010428926907479763,0.01525297619047619,13691.938218298354,15080.218053374101,4.2807178114820255e-05,30524.553571428572,26023.449437172174,2.2885740392324494,5.144528668390227,5.659143705293842,17.79209898420592,12.451955397214508,16.566438493690455,58.680794635795735
1278.249,1278.274,USV_1432,0.024999999999863576,4.0,64.04999999999995,False,1154.32,1218.37,123.92900000000009,59.87900000000013,0.007924516685307026,0.03363037109375,17343.80543959409,19556.718378646947,0.0007729975479837418,32414.0625,21045.357036199122,2.317007677227922,2.3887984801917947,5.20178314487318,13.682019307194475,10.256798651651026,14.581648320497912,48.26146643700367
1278.417,1278.445,USV_1433,0.02800000000002001,4.0,64.04999999999995,False,1154.32,1218.37,124.09699999999998,60.047000000000025,0.008886592462658882,0.018103966346153848,15975.260683527576,18674.702054009285,0.0005417571073851221,33382.21153846154,29038.691356182906,1.8585588155567385,4.909724650381628,5.437768039008873,17.04656193833073,12.326240220461141,16.289949762538313,50.10353650281702
1279.545,1279.578,USV_1434,0.032999999999901775,4.0,64.04999999999995,False,1154.32,1218.37,125.22500000000014,61.17500000000018,0.0067833042703568935,0.04108072916666667,17773.852829396164,16397.326395377786,0.0001450157751481111,32718.75,24857.965457373844,2.2277951344749307,3.1922131509701104,5.438498362092754,15.281636134327417,10.336958645374485,14.702524702547171,54.98581155172915
1279.818,1279.871,USV_1435,0.05300000000011096,4.0,64.04999999999995,False,1154.32,1218.37,125.49800000000005,61.44800000000009,0.014997354708611965,0.014470880681818182,11459.52938492544,14298.669975161833,1.246989630787858e-05,28414.772727272728,25767.683489511503,2.5456649529484774,4.33725244575727,4.9431505181489275,19.15846676965678,12.118429574916904,15.448468581353977,55.009362537961835
1279.967,1280.017,USV_1436,0.049999999999954525,4.0,64.04999999999995,False,1154.32,1218.37,125.64700000000016,61.59700000000021,0.011712412349879742,0.019170851934523808,13686.919659433406,15935.579478917956,6.206592737723082e-05,29517.85714285714,22049.94422457052,2.031556661966798,5.522648625898112,4.2276656052560035,14.080017296720122,11.979645490343614,14.910805150885551,55.16792323279138
1280.086,1280.115,USV_1437,0.028999999999996362,4.0,64.04999999999995,False,1154.32,1218.37,125.76600000000008,61.71600000000012,0.009671835228800774,0.024357722355769232,15146.159160892072,15473.94290505165,0.00013601357251778688,30512.01923076923,26600.456118534938,1.947734792339777,6.284985292411433,4.354859266084216,19.442897885213632,9.310093738894953,15.795681808889764,52.33856537692047
1280.616,1280.638,USV_1438,0.021999999999934516,4.0,64.04999999999995,False,1154.32,1218.37,126.29600000000005,62.246000000000095,0.009030499495565891,0.0166015625,14646.194979086325,17045.81381719051,0.00015100422352427325,29965.909090909092,24241.77403872808,2.4987606171129717,2.5047667314326856,4.9506323899404245,14.868885654889015,13.811156041280697,14.159529560053182,49.17714916968655
1295.213,1295.241,USV_1439,0.02800000000002001,4.0,64.04999999999995,False,1154.32,1218.37,140.89300000000003,76.84300000000007,0.008404665626585484,0.017521784855769232,14580.994057880047,16089.219414497664,7.53829191050266e-05,30721.153846153848,18494.395045283974,2.1780410802239087,5.429892954473657,4.310363477481433,14.26378251397173,10.170824673306736,17.09772983035144,53.04778779449499
1295.569,1295.59,USV_1440,0.020999999999958163,4.0,64.04999999999995,False,1154.32,1218.37,141.24900000000002,77.19900000000007,0.010750703513622284,0.0114501953125,14887.514695934718,18629.03846562931,0.0005293661590630916,30825.0,15744.675343329465,2.3848846494107656,5.544640564765993,5.865617722560308,13.093746343488524,10.821220848574956,13.415521272774864,47.5323512451867
1298.933,1299.044,USV_1441,0.11100000000010368,4.0,64.04999999999995,False,1154.32,1218.37,144.61300000000006,80.5630000000001,0.01250069122761488,0.030495383522727272,14007.92257432589,13201.920788750662,0.00010676206343958695,27066.051136363636,15220.201126506227,2.6906979409923726,6.29829798241457,5.509471531566077,18.43520778894271,12.83227277013266,14.945032167122049,61.41616325270941
1302.846,1302.86,USV_1442,0.013999999999896318,4.0,64.04999999999995,False,1154.32,1218.37,148.52600000000007,84.47600000000011,0.00709678465500474,0.0284423828125,17699.816308970854,21560.913894667294,0.0005224074977481254,33574.21875,20441.604828241325,2.0278364939797857,4.364598560606419,5.971868341782616,13.834261043598715,9.321721891810382,13.884061511905081,42.98671995013521
1303.236,1303.326,USV_1443,0.08999999999991815,4.0,64.04999999999995,False,1154.32,1218.37,148.91600000000017,84.86600000000021,0.008950550109148026,0.02734375,15263.714884236097,14901.501699742457,9.19137947490308e-05,31083.333333333332,24753.837699927048,1.8198606304921643,3.4003816401365006,5.091326256736926,16.526286615279695,12.507503417481887,14.439137641169228,59.28286106815168
1303.513,1303.611,USV_1444,0.09800000000018372,4.0,64.04999999999995,False,1154.32,1218.37,149.19299999999998,85.14300000000003,0.010880650952458382,0.017402844551282052,13500.11681085207,15011.028034053215,0.000101404936161349,29894.23076923077,23807.800469293197,2.808651550873192,4.567379351495043,5.478142105186931,18.6303076997213,11.881676496363943,14.02681644300005,58.369879638091895
1303.995,1304.035,USV_1445,0.040000000000190994,4.0,64.04999999999995,False,1154.32,1218.37,149.67499999999995,85.625,0.005063880234956741,0.04895737591911765,18265.997486610053,16251.950596888173,0.00030415915599488674,33077.205882352944,25111.37760053075,2.825323292994923,3.1281219994940224,6.5298317184194765,15.72541827191787,12.020462127852678,16.19879827953748,55.821543823787565
1310.559,1310.607,USV_1446,0.04800000000000182,4.0,64.04999999999995,False,1154.32,1218.37,156.23900000000003,92.18900000000008,0.01006278209388256,0.02518310546875,13970.826171840885,14704.461121324543,7.259786886969091e-05,29737.5,25125.65050841061,1.5974909754311306,3.740593938747184,7.354130218439828,18.086130493001498,10.924795259116808,14.715402340032554,56.08395411423002
1321.363,1321.396,USV_1447,0.032999999999901775,4.0,64.04999999999995,False,1154.32,1218.37,167.04300000000012,102.99300000000017,0.007171048782765865,0.0283203125,16864.3586057782,17497.206038457185,0.0005574857556623975,32193.75,16553.926586647594,2.7907487046858486,2.397544991274816,6.269831801258178,17.97403822571306,11.336559519466512,14.360517371575488,54.76065861980745
1321.518,1321.536,USV_1448,0.018000000000029104,4.0,64.04999999999995,False,1154.32,1218.37,167.1980000000001,103.14800000000014,0.01204533502459526,0.021538628472222224,19528.36742013785,18353.97147696503,0.001145111599666699,32281.25,26335.68009208571,5.0046433319152674,5.734741522705698,5.9251354238291,14.41728589370082,10.748476241517169,14.879719281544832,47.982343358619346
1322.0,1322.078,USV_1449,0.07799999999997453,4.0,64.04999999999995,False,1154.32,1218.37,167.68000000000006,103.63000000000011,0.008626461029052734,0.02188873291015625,14611.667896849542,15657.88093583446,8.917929495862046e-05,31453.125,22749.17088446971,2.9023020216054625,3.8076084429745007,5.398278654942005,17.201321976689524,11.692368486759632,14.216026594077974,57.52528292307406
1323.152,1323.241,USV_1450,0.08899999999994179,4.0,64.04999999999995,False,1154.32,1218.37,168.8320000000001,104.78200000000015,0.0095071941614151,0.021165635850694444,14629.149186671004,15290.784689603784,0.00010754620173086598,30502.604166666668,24047.882805951416,2.3651206467989017,3.7489387859370726,5.659033025305433,17.526704515291815,11.123877735873535,13.838627597400283,59.00420054184206
1323.772,1323.839,USV_1451,0.06700000000000728,4.0,64.04999999999995,False,1154.32,1218.37,169.452,105.40200000000004,0.00901914481073618,0.04125104631696429,16014.7602874913,13701.133777458303,3.292290306358689e-05,29092.633928571428,22528.97461385473,2.9749392474088237,4.60718593610683,5.769821147380239,17.876524462115917,11.872063373179946,15.407511581312404,61.095579626953324
1327.985,1328.007,USV_1452,0.02200000000016189,4.0,64.04999999999995,False,1154.32,1218.37,173.66499999999996,109.61500000000001,0.007694337982684374,0.033025568181818184,16410.47008974664,18112.067227901865,0.00015306682019056324,31542.613636363636,21457.893374033603,1.6569792423666128,4.250630418689181,4.350613741567613,14.966201539876941,10.962625479489436,12.419983910240035,49.48423259106808
1328.49,1328.6,USV_1453,0.10999999999989996,4.0,64.04999999999995,False,1154.32,1218.37,174.17000000000007,110.12000000000012,0.011501327157020569,0.02502996271306818,12397.479374473049,13228.381187502297,7.934940396266363e-05,26262.784090909092,21255.175878946335,2.493228782617274,6.0936478323299434,5.858909094195974,15.388343486565374,10.977823514507218,16.165066929680243,59.733984427048085
1329.189,1329.236,USV_1454,0.047000000000025466,4.0,64.04999999999995,False,1154.32,1218.37,174.86900000000014,110.81900000000019,0.013001225888729095,0.01396484375,13017.034464486434,15525.286240168964,0.00011737839192028544,28598.4375,15135.810312828962,2.982157581067573,6.677311317881555,4.633163108180972,14.793970982130864,10.628107440924953,14.643829998352862,54.21192278527785
1329.281,1329.425,USV_1455,0.14400000000000546,4.0,64.04999999999995,False,1154.32,1218.37,174.961,110.91100000000006,0.014413299039006233,0.03840855189732143,13416.968238532592,11238.963747523356,3.162714395934514e-05,24408.48214285714,15345.304758947526,3.234998767009799,4.366221362068821,5.5453789916009395,17.819637700538927,11.687750777591797,14.625568616491424,64.38923718782208
1332.29,1332.311,USV_1456,0.020999999999958163,4.0,64.04999999999995,False,1154.32,1218.37,177.97000000000003,113.92000000000007,0.011304720304906368,0.010546875,14858.48811405351,17199.486934705466,0.00023279405867837797,31378.125,24888.274021942205,2.57040530832984,4.250537462738583,5.667521445238773,12.788654116120757,9.819049464772249,14.462023262820646,49.84267513298417
1344.129,1344.161,USV_1457,0.032000000000152795,4.0,64.04999999999995,False,1154.32,1218.37,189.80899999999997,125.75900000000001,0.009287449531257153,0.017979213169642856,13451.525715229087,16979.42031144957,0.00014114427021991277,29437.5,19141.180548634475,2.8148614096351445,2.336612671235178,5.418973585627,13.825060773877668,9.45881761949658,14.299625027103051,53.79284708005838
1347.617,1347.663,USV_1458,0.04600000000004911,4.0,64.04999999999995,False,1154.32,1218.37,193.29700000000003,129.24700000000007,0.0070036896504461765,0.03062744140625,16836.973881533384,18275.636065014496,0.0007270527905750772,33754.6875,24104.60595141256,1.8227202571793701,4.688601569402421,6.584156528504178,15.929721906709068,11.620868795330875,12.597296438379605,53.63448625371791
1355.756,1355.845,USV_1459,0.08899999999994179,4.0,64.04999999999995,False,1154.32,1218.37,201.43600000000015,137.3860000000002,0.011230976320803165,0.020948621961805556,13889.679694839782,14807.164453408132,6.041736423072653e-05,30127.604166666668,22203.131483763984,2.1341997313575707,6.259225924891142,6.140812383967461,16.795200101286,11.862370242893498,14.653325710399436,58.1568054483733
1368.13,1368.141,USV_1460,0.010999999999967258,4.0,64.04999999999995,False,1154.32,1218.37,213.81000000000017,149.76000000000022,0.008006957359611988,0.030680338541666668,18944.004363252916,21017.71124164266,0.0003333408182995431,33140.625,22010.49015737248,3.371982476629206,4.664538645087972,5.131542717456037,9.470844214883307,10.171461694823318,12.291424706600838,43.44084700071488
1373.608,1373.645,USV_1461,0.03700000000003456,4.0,64.04999999999995,False,1154.32,1218.37,219.288,155.23800000000006,0.00812622345983982,0.0222625732421875,14497.495068705213,16019.505903869,8.804206041155642e-05,31283.203125,20804.644527104156,3.4208132714991097,4.39202338227427,6.09476532602712,18.232773818136312,11.90971284233401,14.115788725807091,53.08404395409309
1375.023,1375.14,USV_1462,0.11700000000018917,4.0,64.04999999999995,False,1154.32,1218.37,220.70299999999997,156.65300000000002,0.009726003743708134,0.028362771739130436,14919.831063324538,14712.06334485589,7.40983456123702e-05,30503.396739130436,22333.39783279481,2.1816313702335917,5.328570582245581,5.361106981862347,17.436696689133843,10.338013070142603,14.751872204872672,59.56985046053832
1375.774,1375.854,USV_1463,0.08000000000015461,4.0,64.04999999999995,False,1154.32,1218.37,221.45399999999995,157.404,0.011882763355970383,0.01959991455078125,14585.859876426886,15547.361156117968,0.0002584059204548296,30395.5078125,25564.24681146324,2.605093121766881,6.821548399343273,5.7390662167968,17.820436282341156,11.257909419183632,14.287605161339094,57.81489041140098
1382.966,1383.068,USV_1464,0.10200000000008913,4.0,64.04999999999995,False,1154.32,1218.37,228.64599999999996,164.596,0.010694674216210842,0.0340308212652439,14611.521344053448,13020.53079503562,7.080669575474017e-05,27306.40243902439,15131.14813115889,2.5688470640137924,4.433004362351571,5.234448202616376,16.382979807091537,11.946578549855417,15.080905819672585,62.260008498799344
1385.537,1385.642,USV_1465,0.10500000000001819,4.0,64.04999999999995,False,1154.32,1218.37,231.2170000000001,167.16700000000014,0.008891684003174305,0.024239676339285716,13456.62718183678,13982.554035993977,4.777405938348149e-05,29348.214285714286,16553.255835955457,2.511582218910558,5.171547475871083,6.012910060262999,15.262221957670937,10.732223180673206,15.0821702700842,59.286531103042115
1389.586,1389.603,USV_1466,0.01700000000005275,4.0,64.04999999999995,False,1154.32,1218.37,235.26600000000008,171.21600000000012,0.004854085389524698,0.04747178819444445,18644.5890479552,18899.52134387597,0.0004856553011586765,34468.75,30133.970185288563,3.0250052280013495,2.8711513583118813,3.992625207780436,14.425149352359735,10.730855619911791,16.688913167282394,49.08158643157142
1392.383,1392.402,USV_1467,0.019000000000005457,4.0,64.04999999999995,False,1154.32,1218.37,238.0630000000001,174.01300000000015,0.010808061808347702,0.0145263671875,17447.498873622444,20916.15315477526,0.0006151676111845868,31800.0,25214.153621707723,2.105537109200818,6.066864843997337,3.653540069462251,12.214317921405087,8.890952955019833,13.10147214064715,46.62409644332812
1405.083,1405.177,USV_1468,0.09399999999982356,,,None,,,,,0.011316974647343159,0.027542917351973683,15275.62138039816,14988.212931617742,0.00011059233761843602,30984.375,23771.100909077064,2.4982829006389737,4.329784564581556,4.69913167322846,16.800804458554676,11.402212288690887,14.261343694317356,57.93963888884836
1405.26,1405.297,USV_1469,0.03700000000003456,,,None,,,,,0.009562172926962376,0.03033447265625,15957.840243135397,16222.827008387121,0.00025610896091703,31101.5625,20673.507405336717,2.873351931301227,3.037975214172917,5.199851466532579,17.17405033882788,11.117457795216982,14.67696125078443,55.232347483008226
1405.332,1405.357,USV_1470,0.024999999999863576,,,None,,,,,0.008177701383829117,0.02508544921875,15675.567700949769,15034.274338752017,0.00011710065930762739,31437.5,20766.5784445825,3.8602129600803483,5.591579848327531,4.811653751468591,16.353683808690263,11.15994982957943,15.086530063499863,52.93500884434321
1405.436,1405.481,USV_1471,0.04500000000007276,,,None,,,,,0.01102420687675476,0.015008223684210526,13113.811697948298,15523.192849161045,0.00013633765200758512,30498.355263157893,26884.644542718084,3.0960121361998305,4.585854646657164,5.807805288065017,16.421253116046845,11.747724221181276,14.679143155538222,55.16210852956795
1405.646,1405.676,USV_1472,0.029999999999972715,,,None,,,,,0.013126201927661896,0.017717633928571428,13282.833308979441,18423.578819355906,0.0002992429028638279,30837.053571428572,21117.96394155829,1.6282674453513348,4.180517136243909,4.780197398310392,14.214163132532802,13.007855319295468,13.282013339838969,48.48989932922853
1405.995,1406.102,USV_1473,0.10700000000019827,,,None,,,,,0.013025038875639439,0.032958984375,15918.481769245687,14898.887576787134,0.00018279364051121183,30564.68023255814,23626.66384162553,2.3354106267895545,3.9387400408841686,5.065195454693461,17.486651298238943,9.755095224263814,14.518699825849815,60.720887610639004
1406.238,1406.246,USV_1474,0.008000000000038199,,,None,,,,,0.007974558509886265,0.025390625,19784.745297885413,20577.73773226013,0.0006802569756042593,35006.25,19011.902922491572,3.3497551601430446,5.069687079099476,5.467145250273086,13.353092093123195,9.875676086459432,12.629403081063977,35.73518869904783
1406.351,1406.383,USV_1475,0.03199999999992542,,,None,,,,,0.009384388104081154,0.014334542410714286,15454.303069950543,17448.82793904896,0.000323007952582944,32671.875,23907.066730912244,3.2037925332154193,5.052905517318193,5.566617307499274,13.084592635720607,10.620939187575994,14.327691181016519,53.49704639309225
1408.233,1408.252,USV_1476,0.019000000000005457,,,None,,,,,0.006017756648361683,0.0343994140625,18502.818980635282,19030.47943369578,0.0015250691119559133,33412.5,25524.249667519995,3.004426152865837,4.319357019478162,4.047063431528714,15.85699057160026,10.565242819771777,14.690699390780054,47.92210895300499
1413.102,1413.236,USV_1477,0.13400000000001455,,,None,,,,,0.010125868022441864,0.019973466981132077,14266.20548130894,14862.070056182301,0.00010143845577075072,31041.86320754717,22676.74684133453,2.3430444363722986,4.570052723904987,5.031024240756752,16.588223899031348,10.844249115917526,16.111811890837995,59.33506230307004
1421.361,1421.412,USV_1478,0.05099999999993088,,,None,,,,,0.008446822874248028,0.028018043154761904,14470.956435340831,16305.60910581917,0.0002307731171710032,30745.535714285714,26709.3247955827,3.5454114094101934,4.8816112067264195,4.499030086529153,14.37322254302674,11.678264040812703,15.02854692459887,56.7657308520949
1422.882,1422.899,USV_1479,0.016999999999825377,,,None,,,,,0.008217805996537209,0.022189670138888888,15163.372559639629,18949.824970026948,0.00035408073118497005,31125.0,22359.387761155544,2.8187577947956792,4.713471635527019,3.649041021320797,15.88690399723379,9.007972760244225,14.835523575639797,44.95351863345513
1423.051,1423.075,USV_1480,0.024000000000114596,,,None,,,,,0.010768434964120388,0.008611505681818182,14073.641326046118,18965.91709523893,0.0002529160506984826,30750.0,19543.63030890661,2.474403628712818,2.641008682796268,4.066307192116794,15.518696427982896,9.57172520343828,14.063341626011514,48.782518627113376
1423.119,1423.172,USV_1481,0.05300000000011096,,,None,,,,,0.013857177458703518,0.01947576349431818,12961.853121083497,14799.42935578975,0.00024507510880429395,27132.102272727272,20343.08097225762,1.966181691993907,5.635770183833372,4.085417614625961,15.07121106665488,11.519180041051927,15.908414411871247,56.57800437366293
1423.23,1423.306,USV_1482,0.07600000000002183,,,None,,,,,0.013963377103209496,0.018940587197580645,12087.060153350834,13971.357805327892,9.626383177661523e-05,27308.467741935485,23292.7535309102,2.2896824162372953,3.3567437587042708,5.111043459411855,18.269441796153064,10.342271791329608,15.802951084211069,57.017802532781225
1423.864,1423.934,USV_1483,0.06999999999993634,,,None,,,,,0.008486099541187286,0.019211341594827586,14310.60987148391,15010.965340659552,4.0625796918979007e-05,30378.23275862069,17280.16921751271,2.525237707253129,3.0229778590223852,5.258171424961809,15.635023331214859,11.667381294505658,14.661949403174688,57.6234015565529
1424.604,1424.68,USV_1484,0.07600000000002183,,,None,,,,,0.023927271366119385,0.013238722278225807,7821.189951844131,11064.908403426749,1.9471886533626136e-05,18489.91935483871,22214.45910289507,2.821071663123508,3.1310396372700278,5.057295971008603,15.733687600858755,10.184608730487035,15.586222960877437,60.27695783098179
1426.263,1426.405,USV_1485,0.14200000000005275,,,None,,,,,0.008924605324864388,0.027600969587053572,14163.33912668205,14097.030551501606,3.77848522704887e-05,29435.82589285714,19013.670472536895,2.010435503247105,5.233279112478097,5.267920879461692,14.707017947265049,11.528237831931673,15.855672902430118,61.38090407398249
1426.825,1426.914,USV_1486,0.08899999999994179,,,None,,,,,0.04101677983999252,0.007703993055555556,7701.044160775489,12327.742571279365,5.939171450954742e-05,19989.583333333332,26815.135499194483,2.670428168219306,3.370262631501998,7.0430656518464865,19.02939312841478,10.287389486537888,15.969795773234539,59.348484347178406
1427.075,1427.094,USV_1487,0.019000000000005457,,,None,,,,,0.014552461914718151,0.009033203125,11745.625285767534,18807.589292232053,0.00016839042955617669,27590.625,28947.959181978156,2.1052659234395583,2.2035215823368133,9.122840885088369,19.815942439755336,9.021357999703932,13.037830210688142,46.12659160838991
1428.968,1429.0,USV_1488,0.03199999999992542,,,None,,,,,0.0055252620950341225,0.04150390625,17269.44086778284,15243.32208903194,0.00018695741853759804,31854.910714285714,22625.64645814329,1.835117459729498,2.656327990444127,4.993496334019389,17.621750898061865,10.111108528660639,13.285862156681182,57.95852767019277
1436.213,1436.23,USV_1489,0.01700000000005275,,,None,,,,,0.009832863695919514,0.014485677083333334,16531.12226433345,21754.24826099657,0.0016303609069184455,33239.583333333336,22968.245088162104,1.6788087673315726,2.5103889895230123,4.643661513861011,14.333882300338733,10.021459933650567,15.074291493668504,43.917091286267556
1437.504,1437.606,USV_1490,0.10200000000008913,,,None,,,,,0.008145497180521488,0.028356040396341462,14405.847590935457,14347.506345044883,0.00011539620655262665,30272.103658536584,15109.485496604391,2.664046467007675,5.475177200364194,6.064531419339317,17.244862607881366,11.209361509417285,15.343851180799852,59.25577770591794
1441.733,1441.827,USV_1491,0.09400000000005093,,,None,,,,,0.009176635183393955,0.02169639185855263,14603.922714444445,15360.307994646599,0.00018783476483292296,30414.473684210527,20444.799740614468,2.4918052026846307,7.399082253019617,5.117673753685103,15.731552881604456,10.258143049172135,13.8297058412154,58.08093763627149
1490.932,1491.051,USV_1492,0.11899999999991451,,,None,,,,,0.012931792996823788,0.020648063497340427,11250.865669916991,13336.340271875692,3.67382078694656e-05,26024.60106382979,19767.7688874425,2.0744301387590753,2.65809949640086,4.834723007765679,15.940868932304616,12.218963539807902,14.90155521646696,60.73153476840528
1500.99,1501.056,USV_1493,0.06600000000003092,,,None,,,,,0.00925365462899208,0.024522569444444444,14738.659523919037,15562.52965898198,0.00016703990368191672,30409.722222222223,17655.094237220237,3.3526955643069902,2.521074551982619,5.358612858009487,14.162219509071123,10.967220826970314,15.535660493786022,56.96441236216682
1512.334,1512.406,USV_1494,0.07199999999988904,,,None,,,,,0.011617937125265598,0.019253434806034482,12157.046197153093,14172.454588940165,0.0002945386668425548,27213.362068965518,15769.405020696851,2.1529116330429847,5.202798571938943,8.481575233930965,18.494152104890667,10.42562821797338,12.901654947697565,58.8527163042154
1519.0,1519.038,USV_1495,0.038000000000010914,5.0,,None,1514.96,,4.039999999999964,,0.008542812429368496,0.019229664522058824,15130.589979472574,16828.930338216553,0.00029347246317155593,31367.647058823528,20805.06512771017,2.302879345094747,3.8909869358150226,4.303390196131295,15.357533509952031,9.816509356066204,14.678464585365946,53.186223539830316
1519.178,1519.282,USV_1496,0.10399999999981446,5.0,,None,1514.96,,4.218000000000075,,0.009261165745556355,0.019709889481707318,13979.112914630894,14862.189251281761,9.407910895038076e-05,29693.59756097561,15807.03085427267,2.396079358517431,3.1392929383082113,5.110723366268612,16.337929854456224,11.054595762736088,14.977358021944438,59.475734759744064
1522.634,1522.687,USV_1497,0.052999999999883585,5.0,,None,1514.96,,7.673999999999978,,0.010099352337419987,0.014570756392045454,13940.283120933767,15458.40196900741,0.0008364670384489264,29735.795454545456,18782.88042908257,2.9705286580784804,4.626476811643439,5.701857791367446,17.147131876023984,11.409798731200599,15.472379532726784,55.88113696765384
1524.022,1524.048,USV_1498,0.026000000000067303,5.0,,None,1514.96,,9.061999999999898,,0.007925664074718952,0.024027506510416668,15388.179558204423,18205.411834760696,0.000555447393666,31445.3125,16752.219002590853,2.535325413490565,3.7774324180810126,5.949104804365308,13.41488760647234,9.080953838026266,15.570498463587283,50.854119197791135
1526.778,1526.819,USV_1499,0.04099999999993997,5.0,,None,1514.96,,11.817999999999984,,0.010529839433729649,0.017985026041666668,14373.275769003181,16108.40156208792,0.0002906948238935486,29197.916666666668,19079.098991308485,1.7857556483358974,6.045973599775773,5.688470726253076,15.926141525684617,11.537129278242968,14.386465531229334,53.86826914505467
1534.2,1534.23,USV_1500,0.029999999999972715,5.0,,None,1514.96,,19.24000000000001,,0.006254039704799652,0.024152483258928572,16359.26120562648,17415.670020948255,0.00030374263285813674,32337.053571428572,21307.786255064646,2.1262857181907693,3.6898608853502375,5.243631464438924,14.63993579286892,10.15706688390569,13.671205024163381,52.648907290272504
1534.25,1534.276,USV_1501,0.026000000000067303,5.0,,None,1514.96,,19.289999999999964,,0.008082964457571507,0.021158854166666668,15284.014291008707,17143.757802094613,0.000284789581293293,31234.375,21349.60574624162,2.0909505170663905,3.947485303752735,5.822933270087494,16.504133266873158,10.46899078327616,15.629314232441603,49.86506021282792
1536.61,1536.73,USV_1502,0.12000000000011823,5.0,,None,1514.96,,21.649999999999864,,0.012352809309959412,0.031068193151595744,15690.627399060042,13107.082917982198,1.5713600810698705e-05,29455.452127659573,20926.446944630374,2.179152336161477,4.0321547891177625,6.325263199367753,17.40643121514667,12.547625383437703,15.275944872076513,62.88289302961282
1537.107,1537.192,USV_1503,0.08500000000003638,5.0,,None,1514.96,,22.146999999999935,,0.008348717354238033,0.0283203125,15360.55304638693,15424.236089500722,0.00013682782440598527,30755.514705882353,20541.843203134325,2.1585417905518853,5.192862821004664,5.102202190580803,16.273707973625402,10.918859881499225,13.939819103582805,58.482972366584335
1538.012,1538.04,USV_1504,0.02800000000002001,5.0,,None,1514.96,,23.051999999999907,,0.011358206160366535,0.022761418269230768,16007.400941773598,19851.635274782086,0.0006055891431123843,32992.78846153846,25040.817839822077,1.5070418919719337,4.664296667527972,4.79939696822528,15.05441629603192,11.643944240564405,13.158169737886901,49.62979521976444
1538.478,1538.494,USV_1505,0.015999999999849024,5.0,,None,1514.96,,23.51800000000003,,0.008530816063284874,0.01336669921875,14855.20059473493,18112.25834779407,0.00015402349057481253,31136.71875,21685.590143552596,2.088680936581347,5.06766234362568,6.287463415390684,14.30512751047672,10.335145242401374,16.57725483040708,44.497744157001975
1543.196,1543.246,USV_1506,0.0500000000001819,5.0,,None,1514.96,,28.235999999999876,,0.01171971671283245,0.022077287946428572,14537.211318364038,16089.928759209826,0.00010306410591056785,29924.10714285714,22991.21903795483,1.50749618060132,5.332614021487813,6.437136294555766,15.012888595407416,11.325956853872952,15.653672901014115,56.12432872705307
1543.479,1543.494,USV_1507,0.01499999999987267,5.0,,None,1514.96,,28.519000000000005,,0.009071778506040573,0.01617431640625,16427.118878586567,20107.98223771513,0.000647055404972643,31875.0,26046.636983781762,1.7705531590162407,2.4307233877926135,3.8638520939387195,13.69875629167852,10.784145475668726,15.668969228203693,43.562518871965494
1543.76,1543.821,USV_1508,0.06099999999992178,5.0,,None,1514.96,,28.799999999999955,,0.01246218103915453,0.024296875,13958.710538254334,16294.011766521335,0.0002980538076603463,30060.0,25417.160554226095,1.5829012943781262,3.9187719391074634,6.707771631840496,15.336989205954954,9.718912546725635,14.122708458920542,55.64997549202265
1543.919,1543.98,USV_1509,0.06099999999992178,5.0,,None,1514.96,,28.95900000000006,,0.0074060880579054356,0.027626953125,15170.309239277009,14793.188592516288,3.452447110817634e-05,30952.5,23776.289365178392,2.9354703054581988,4.691431661616194,5.444746527557937,15.958894008687455,9.58964896288186,13.787218031247578,59.01483304891147
1544.356,1544.374,USV_1510,0.018000000000029104,5.0,,None,1514.96,,29.395999999999958,,0.01197335310280323,0.012098524305555556,13192.187884534065,14633.794561970917,1.2969589968083652e-05,29552.083333333332,21472.05868284388,1.8974758834831178,6.863499590133518,5.988768621261802,16.63383185398114,10.735392110630762,13.679510524632178,49.532850382854406
1544.417,1544.449,USV_1511,0.032000000000152795,5.0,,None,1514.96,,29.45699999999988,,0.008124525658786297,0.024239676339285716,14376.835262577933,16856.8820578274,9.849839744674104e-05,31486.60714285714,20714.507209020456,3.0815769908135855,4.278065118386486,4.938850666415918,18.148661763882284,11.840856320269296,15.91594154201076,53.000437239120934
1544.526,1544.608,USV_1512,0.08199999999987995,5.0,,None,1514.96,,29.56600000000003,,0.01150032039731741,0.019938151041666668,15085.901123813457,14909.603954876911,0.00010294783031974342,30363.636363636364,26315.112999501023,2.6809348688710717,3.429153190322833,5.682306766167464,16.414842174291312,11.695897291292434,15.38743997717238,58.33766364135417
1544.637,1544.705,USV_1513,0.06799999999998363,5.0,,None,1514.96,,29.676999999999907,,0.012188861146569252,0.018702915736607144,13665.502467291455,14514.314851077015,0.00010649859001801177,28255.58035714286,18529.56142095522,2.1198871164937656,3.13745291654545,5.810125230076883,15.239264842498995,10.665900533506074,14.880863282334499,58.06360343127811
1544.739,1544.747,USV_1514,0.008000000000038199,5.0,,None,1514.96,,29.778999999999996,,0.012791285291314125,0.00673828125,13697.899015109046,19439.733255695937,0.00012693222174144867,28687.5,16933.463535255443,2.0339149883333034,6.2187366042738335,9.023488990684964,16.44639881240675,11.590475030866694,13.83329676422851,34.24641157197681
1544.953,1545.056,USV_1515,0.10300000000006548,5.0,,None,1514.96,,29.992999999999938,,0.007423081900924444,0.027379477896341462,15242.23106830768,15344.37026479279,6.562664620671711e-05,31490.853658536584,20606.323512103067,3.0649989139142786,3.8353102754304955,5.6640279847103825,17.19440906691349,11.091308285247045,14.783638733556517,59.19359050148623
1545.508,1545.539,USV_1516,0.03099999999994907,5.0,,None,1514.96,,30.548000000000002,,0.011564255692064762,0.021868024553571428,13789.920568111616,16044.454512766799,0.00010609656495481586,30488.839285714286,22768.11134253581,1.4991266283050637,6.82160669255179,8.076941729559865,18.99800702645456,11.52231223119885,16.51876746010883,51.8270474015618
1545.572,1545.601,USV_1517,0.029000000000223736,5.0,,None,1514.96,,30.611999999999853,,0.007878224365413189,0.031588040865384616,15573.382308521084,16626.183704581592,7.092235630048657e-05,32213.94230769231,24137.278902286933,1.9837685593623156,3.752263439160368,7.239156577634312,16.996462111069086,10.094235083213288,16.408469907245966,53.27439107559408
1546.148,1546.159,USV_1518,0.011000000000194632,5.0,,None,1514.96,,31.187999999999874,,0.005438310094177723,0.03135463169642857,18190.270049233404,21396.448073123964,0.0012812193403965214,33294.642857142855,20419.720739728866,1.4885945908395473,3.190835177258065,3.930739065331245,13.061340138228053,8.454446268536325,16.66556118973104,41.785199778870435
1546.654,1546.724,USV_1519,0.06999999999993634,5.0,,None,1514.96,,31.69399999999996,,0.009620321914553642,0.02406889816810345,15102.391791610598,16440.83942515988,0.00018934656341240648,31448.275862068964,27419.4069592284,1.903497343416339,5.334983223188605,5.526115220313398,18.38990343552027,11.006708321299651,14.149508789649497,56.53721450611981
1546.759,1546.824,USV_1520,0.06500000000005457,5.0,,None,1514.96,,31.798999999999978,,0.008101372048258781,0.027217158564814815,16056.825205632487,16514.05165424244,0.0003493444589505931,31750.0,24460.779422405456,2.169439376421912,5.105386108671244,4.85326441986231,15.261052538911304,11.202311004891412,15.39459485054199,57.392829413263726
1546.922,1546.98,USV_1521,0.057999999999992724,5.0,,None,1514.96,,31.96199999999999,,0.007996450178325176,0.025634765625,16204.977256332926,16634.327700516853,0.000214037088948019,32597.65625,21936.802599458166,2.730094908793758,3.5897589225237545,5.268203285248834,15.167290606831594,10.215339894448038,14.012353651800538,56.71538992645821
1547.132,1547.14,USV_1522,0.008000000000038199,5.0,,None,1514.96,,32.172000000000025,,0.01008899137377739,0.0150390625,16926.535259054912,22451.659490440383,0.0003426902932395751,31687.5,25013.151915129587,1.6021360205810826,4.772633377352408,3.4423253521033907,13.286095402012142,9.790755858715446,14.929286999851394,33.156602675333794
1547.281,1547.389,USV_1523,0.10799999999994725,5.0,,None,1514.96,,32.32099999999991,,0.010827895253896713,0.025277071220930234,14803.617494236945,14961.974079823738,9.082286699382746e-05,30178.779069767443,23643.740072748005,2.074595798628544,5.220446319279204,5.549763851181732,16.762450462000007,10.947426992022178,14.590718387875123,58.75224810703039
1547.482,1547.604,USV_1524,0.12200000000007094,5.0,,None,1514.96,,32.521999999999935,,0.03607909008860588,0.015706380208333332,9544.526952981934,12460.51321733921,4.7989234932305866e-05,22953.125,24450.012688048926,3.9971924158209178,2.2144122292652875,6.5150277725992245,18.626724307281297,10.365382014068226,15.157485892520333,53.84816061787135
1547.672,1547.776,USV_1525,0.10400000000004184,5.0,,None,1514.96,,32.71199999999999,,0.011287154629826546,0.01972775342987805,12929.535318000106,15246.830985361701,0.00011825288208063506,30267.530487804877,25758.0071295534,2.1995014620630773,3.314801221774435,5.400148447293598,16.90895963251481,12.08660696802562,15.010465816624787,58.175011214330546
1548.02,1548.034,USV_1526,0.014000000000123691,5.0,,None,1514.96,,33.059999999999945,,0.006259760819375515,0.01300048828125,17356.815071102075,19690.673183032857,0.0007873606480449938,32554.6875,27047.487372557924,2.110815043747242,2.9625106105063543,6.519065819328013,14.398022020242445,13.09840933017642,14.618818651739538,44.48601208212979
1548.348,1548.363,USV_1527,0.015000000000100044,5.0,,None,1514.96,,33.38799999999992,,0.008586157113313675,0.019378662109375,16986.818904193242,21443.246432334498,0.00047945681799673183,32859.375,18071.563856653785,2.36144883899292,5.064679611939279,7.057147243229135,13.414297098619652,10.687582397341744,14.968107733492044,42.35663489085012
1548.436,1548.491,USV_1528,0.055000000000063665,5.0,,None,1514.96,,33.475999999999885,,0.009795524179935455,0.030464504076086956,14195.826274145234,12989.158253677604,1.4272376400441062e-05,28577.445652173912,16274.74918892197,2.40298976816377,4.289626516238813,4.96961311838204,16.234239093430173,12.851911742252076,14.495396303524084,60.810052134358806
1548.914,1548.922,USV_1529,0.008000000000038199,5.0,,None,1514.96,,33.95399999999995,,0.010460316203534603,0.01220703125,14634.60473252276,18286.806722536614,0.00037283721209784005,28481.25,17801.969505642042,1.8552554454604642,6.905276512596363,6.768616868962025,15.338220107879824,10.030315344239147,12.641011377041693,36.50691409536846
1566.873,1566.894,USV_1530,0.020999999999958163,5.0,,None,1514.96,,51.91300000000001,,0.006238087080419064,0.01962890625,15570.666633944516,17456.966844700288,0.0002806122426690911,30853.125,18093.596532249496,2.587710377972847,3.5585845441540123,5.64100164966476,15.81784381762525,10.3243157634407,13.23073369497526,49.10775750566067
1575.368,1575.445,USV_1531,0.07699999999999818,5.0,,None,1514.96,,60.4079999999999,,0.010325326584279537,0.017845892137096774,13971.220461234347,14731.14889132131,2.8335921227823553e-05,29464.717741935485,19654.56960210946,2.274601021297826,4.412928068733519,5.8589118774399145,15.407451017042533,11.885503576421387,15.4546685848473,58.682140418416274
1579.699,1579.743,USV_1532,0.04399999999986903,5.0,,None,1514.96,,64.73900000000003,,0.01185425091534853,0.011603104440789474,12948.124892126189,14963.081748426148,2.6511751594379176e-05,28485.197368421053,15056.314205590272,2.0270426278176257,5.568684151974615,5.944328897605277,18.21950813895532,11.300403766734537,15.505294848205528,54.41648072362979
1609.899,1609.921,USV_1533,0.02200000000016189,5.0,,None,1514.96,,94.93899999999985,,0.05100351944565773,0.0031960227272727275,8887.579897121981,17917.45851026254,0.00029684918128943894,19321.022727272728,31565.508416454428,3.927582753197255,2.080297989483852,4.577276279440458,18.175105395578715,7.7107484723776425,15.03403071335744,42.42376343166197
1612.177,1612.19,USV_1534,0.013000000000147338,5.0,,None,1514.96,,97.21699999999987,,0.010594485327601433,0.018938337053571428,14664.501075173312,19363.74642571099,0.0010766056793481149,30147.321428571428,26446.62363364735,2.206251942219234,4.631118863998189,5.945387295357344,16.04521433368591,8.588343328877324,15.054593291922973,42.84070818325539
1612.603,1612.655,USV_1535,0.05199999999990723,5.0,,None,1514.96,,97.64300000000003,,0.025092853233218193,0.010309392755681818,8573.84829809806,13022.287206024384,0.00017050754803832425,20122.159090909092,27838.981451543143,3.313936274456814,3.8061181447466357,6.2709088240727,15.175994686199608,11.014966947737044,16.206581006786976,56.67339035772447
1616.343,1616.446,USV_1536,0.10299999999983811,5.0,,None,1514.96,,101.38300000000004,,0.010409410111606121,0.031107088414634148,14091.38108597191,12965.508618127396,2.1698534149089315e-06,28829.268292682926,16736.529938557615,2.698913934496069,5.136266385435017,6.088391845992155,17.45614458106358,10.519597653558609,15.16728623961668,61.68012150264714
1617.637,1617.758,USV_1537,0.12100000000009459,5.0,,None,1514.96,,102.67699999999991,,0.008565609343349934,0.028350830078125,14625.400603169708,14436.866230015463,0.0001772764661471247,30189.453125,15336.14516994141,2.008395728168019,4.025544126148162,4.943422549141288,17.578931163557055,11.217973371030789,14.320142548188022,60.16372688657128
1618.06,1618.087,USV_1538,0.027000000000043656,5.0,,None,1514.96,,103.09999999999991,,0.008225020952522755,0.023606520432692308,15948.032875135059,18763.799868074337,0.0004355276746657136,31774.03846153846,19661.730239118922,2.108241126875441,5.361265142152866,5.161916286719817,14.038678790185843,10.547509366159117,13.51727466755986,50.60829819546369
1627.829,1627.934,USV_1539,0.10500000000001819,5.0,,None,1514.96,,112.86899999999991,,0.009853680618107319,0.015177408854166666,13689.262281688263,15138.406282026634,6.498475109422941e-05,30390.625,20124.842136487194,2.1863499850879666,4.524794404891272,5.892833581229961,16.648594551762717,12.621630464901159,14.981144048539383,57.314994087441676
1628.734,1628.749,USV_1540,0.015000000000100044,5.0,,None,1514.96,,113.77399999999989,,0.010099725797772408,0.01300048828125,16862.559560332244,20382.671137960504,0.00046742463328770643,32625.0,25086.98636083427,5.23157776298568,5.965096348753021,4.443188677072888,13.762599466512487,10.313119113606524,13.095767306985245,43.38109510820436
1633.899,1633.962,USV_1541,0.06300000000010186,5.0,,None,1514.96,,118.93899999999985,,0.010781609453260899,0.018817608173076924,14464.624271225593,16151.69311854768,0.00011351352691228622,30490.384615384617,25736.956721756367,1.4744396870135428,7.39021838527705,4.839500784583702,16.466726554547073,12.37717239470838,13.853665323627114,56.1330838311516
1635.033,1635.042,USV_1542,0.009000000000014552,5.0,,None,1514.96,,120.07299999999987,,0.01167462021112442,0.019083658854166668,15854.975033955547,23519.667443296556,0.0004356419890593542,31906.25,29040.680620295694,1.6128184551813323,7.016345891722633,5.203906220284897,13.851746059295825,9.67362535981564,15.536807095759293,34.50296746313463
1636.293,1636.371,USV_1543,0.07800000000020191,5.0,,None,1514.96,,121.33299999999986,,0.01038341224193573,0.01290130615234375,13358.973193285801,15077.636467587467,0.00010919283725479413,30014.6484375,20374.335603068164,2.830121299309789,4.781848734885974,5.108017836359245,15.549167908043966,11.776758563907277,14.959708936716336,58.15785744170202
1636.631,1636.683,USV_1544,0.05199999999990723,5.0,,None,1514.96,,121.67100000000005,,0.009424864314496517,0.02276056463068182,14570.76851103359,15719.212666035193,0.00015354915698850477,30485.795454545456,20806.268208563728,1.932937240685182,3.723530262513113,5.73842507278463,16.351494618988163,10.891230723614878,15.028606274457042,55.97010034711723
1636.781,1636.798,USV_1545,0.01700000000005275,5.0,,None,1514.96,,121.82099999999991,,0.0114127853885293,0.005425347222222222,15076.268719562378,19788.37283966221,0.00013583363282926078,30395.833333333332,23645.98732736532,2.500196939985022,2.890255967910827,5.558304265664416,13.611079515709356,11.759312455507189,14.23365038698774,45.21988826675516
1636.839,1636.871,USV_1546,0.032000000000152795,5.0,,None,1514.96,,121.8789999999999,,0.008806103840470314,0.023175920758928572,14350.693609744321,15542.103576741565,5.4917506166342716e-05,30756.696428571428,19302.279211816935,2.3458817537486607,5.552280062740553,5.868664107369441,15.983644080034962,10.320198899475454,14.79525367692901,52.89889220039871
1636.923,1636.97,USV_1547,0.047000000000025466,5.0,,None,1514.96,,121.96299999999997,,0.008954720571637154,0.0211669921875,14943.98890456387,15251.962954900257,0.00012054426526825784,30609.375,23492.637930782315,1.9752620570949673,3.36159572973317,5.31770043655277,16.172395682474434,12.787621323039389,14.299528129558741,56.34812512875696
1637.095,1637.152,USV_1548,0.05700000000001637,5.0,,None,1514.96,,122.13499999999999,,0.0069823674857616425,0.034281412760416664,17013.904060300585,16905.580178067034,0.00045147158292591316,33000.0,20318.281964246344,2.7375522757952377,3.1503926995056726,5.114205841875644,15.652280843878787,10.450053425747745,14.682862398580289,57.3569683311195
1637.217,1637.232,USV_1549,0.01499999999987267,5.0,,None,1514.96,,122.25700000000006,,0.010594483464956284,0.02197265625,16064.64064968562,18388.217559766017,0.00011592865481872076,31781.25,22306.96114339349,1.9833500717334123,4.063475527496555,4.0835523213443885,15.023097610123537,9.967328995296125,14.695123096183579,44.977875625834734
1637.273,1637.324,USV_1550,0.05100000000015825,5.0,,None,1514.96,,122.31299999999987,,0.011507107876241207,0.01726740056818182,14887.289885269218,18108.670641784105,0.0007096408400158376,32309.659090909092,25275.560379214712,2.7018322899196057,6.041497367341273,4.829493452336465,15.44165365223687,10.378039007843922,13.109621471231021,54.06019902218968
1637.436,1637.557,USV_1551,0.12100000000009459,5.0,,None,1514.96,,122.47599999999989,,0.010281424038112164,0.020594278971354168,14588.93272757447,15423.223430661123,0.00011260060332344277,30957.03125,24750.814878509573,2.1594348244490735,6.6105903959516334,5.744768807167382,17.259324626658294,12.31872951386176,15.23890614447978,58.28548461077131
1637.689,1637.736,USV_1552,0.047000000000025466,5.0,,None,1514.96,,122.72900000000004,,0.008334493264555931,0.0175537109375,14663.74953126949,15468.041364824103,1.728113885226015e-05,31565.625,20227.853101719018,2.9329901906602744,3.9293840735193752,6.172889266562534,17.178184325661448,12.038919831983922,15.226687449433081,54.74378469547073
1637.787,1637.843,USV_1553,0.05600000000004002,5.0,,None,1514.96,,122.827,,0.011768337339162827,0.023575492527173912,15486.14011933945,15300.322192151987,6.22107674075032e-05,30839.67391304348,20267.664462579156,1.9856421704598988,6.180322591591948,5.316034396372766,16.7131366862867,12.343357424858809,13.990081382126203,57.61614097063959
1637.936,1638.02,USV_1554,0.08400000000006003,5.0,,None,1514.96,,122.97599999999989,,0.010233289562165737,0.014835133272058824,13348.85499273033,14179.28972149872,4.746120751113671e-06,30030.33088235294,22276.78259764429,2.6365923725371325,4.109864067172387,4.912022516945701,17.459598805648614,12.320575083330889,14.036879320179915,58.00878799957599
1638.104,1638.205,USV_1555,0.1009999999998854,5.0,,None,1514.96,,123.144,,0.009146876633167267,0.027789306640625,15534.150500373338,14823.07241579179,0.00017767788077267517,31279.6875,24743.016192806834,2.4602999119087636,4.611033337106818,5.561420483830199,15.506194936077833,11.30390955774532,15.029323689960972,59.957106817550844
1638.266,1638.323,USV_1556,0.05700000000001637,5.0,,None,1514.96,,123.30600000000004,,0.01049479003995657,0.009694417317708334,13904.955169479013,15877.079437310129,0.00010288562212803559,31207.03125,29172.939619308538,2.891587136320559,4.814817420294983,5.420364203616871,16.98774409410034,11.746594995020851,14.797072308376272,55.93750646041474
1638.377,1638.448,USV_1557,0.07100000000014006,5.0,,None,1514.96,,123.41699999999992,,0.00843521673232317,0.02624090786637931,15079.14001264795,15079.17704257881,0.00016375096276401735,31095.905172413793,20276.353835754202,2.5887667956876586,4.700302160122654,5.615702072032144,16.944897530439107,11.662369318403865,14.03242927515455,57.60215613013269
1638.57,1638.629,USV_1558,0.05899999999996908,5.0,,None,1514.96,,123.6099999999999,,0.008625227957963943,0.025309244791666668,15062.403167974197,15555.25944138616,0.00011462818160654503,30574.21875,23734.860098540626,2.1880856508255757,3.6305718880391127,5.387587313689683,15.246951549076456,11.740906086291574,14.281614704622983,57.62501421724635
1638.824,1638.843,USV_1559,0.019000000000005457,5.0,,None,1514.96,,123.86400000000003,,0.011109068058431149,0.03076171875,17536.1509445027,17260.005075740184,0.00020783896025232184,31359.375,22099.46966051583,1.8178793041664427,6.2542051551432625,5.329655458295329,14.788921682808162,12.42120045348059,14.686876926985061,48.54733962555346
1639.135,1639.154,USV_1560,0.019000000000005457,5.0,,None,1514.96,,124.17499999999995,,0.009388995356857777,0.0145263671875,17443.640000241645,21872.683768077648,0.0005839471310692369,33946.875,25864.769692755413,2.0304358116219943,3.19947282360353,5.050959522681572,14.089510577851971,10.148578565578088,13.27728054568276,45.74159443709478
1639.234,1639.321,USV_1561,0.08699999999998909,5.0,,None,1514.96,,124.27399999999989,,0.012436174787580967,0.03325892857142857,13645.277702625603,13192.232649557573,6.079734781406146e-05,27396.428571428572,19816.09755761045,1.8949280463332254,4.8049715065481005,5.482420176010582,12.040010737053594,10.582324600226617,17.677629872738205,60.943276842122295
1639.875,1639.909,USV_1562,0.0340000000001055,5.0,,None,1514.96,,124.91499999999996,,0.009393539279699326,0.020947265625,13846.398607061878,14868.766933339713,6.424546568320736e-05,29368.75,17360.692659386674,2.199799591749598,5.223773404497298,6.072711693883827,13.730857003958109,10.39167058031653,15.238558470454544,53.93090276661469
1640.035,1640.085,USV_1563,0.049999999999954525,5.0,,None,1514.96,,125.07500000000005,,0.021073296666145325,0.016671316964285716,12175.409676779536,15187.72743911773,6.565866040920118e-05,27227.678571428572,18263.5259689319,3.581949695729161,4.576514295211522,5.820701512028933,16.842262591057825,11.759968386513217,14.487709403415655,50.31648662035664
1640.238,1640.246,USV_1564,0.008000000000038199,5.0,,None,1514.96,,125.27800000000002,,0.0077856904827058315,0.012841796875,15738.024143025521,22575.953657043305,0.001121961611294447,31331.25,27114.553215947148,1.2457793916439655,1.3173855273627988,3.6077210566899502,13.607786772832828,7.548172923330017,13.080898235291983,33.18707775984784
1649.628,1649.659,USV_1565,0.031000000000176442,5.0,,None,1514.96,,134.6679999999999,,0.02119377814233303,0.025687081473214284,13230.930500983517,16127.383721063323,0.00016956693171996145,27107.14285714286,20035.754075223635,3.277162689125962,1.5372059138720309,5.121420795769133,15.997745333643953,9.522974217311715,12.764706657522263,49.6346334481119
1650.026,1650.046,USV_1566,0.01999999999998181,5.0,,None,1514.96,,135.06600000000003,,0.009104404598474503,0.0178955078125,17181.534454385266,20870.103650168232,0.001394036825754466,33815.625,25013.757541442606,1.7824871722750395,3.8866887402945736,5.84197212206419,13.768735681112773,10.569615147890442,14.547224033569824,45.87139182544691
1650.782,1650.842,USV_1567,0.060000000000172804,5.0,,None,1514.96,,135.8219999999999,,0.008762762881815434,0.0186328125,13648.434456591154,15287.878197267466,7.390687803698547e-05,30281.25,19343.68729441264,2.607797411389082,3.175429427812501,4.31067016678602,16.992746995001447,10.518267849536398,15.0227383353589,57.357811159357006
1650.938,1651.022,USV_1568,0.08399999999983265,5.0,,None,1514.96,,135.97800000000007,,0.011317787691950798,0.02872960707720588,14043.533046997596,14043.98883384814,1.2680552025660972e-05,29208.639705882353,23247.188030849076,2.1913758393886678,4.769353685882933,6.049792762878731,18.27601517175981,11.400989439921933,15.241723025949826,58.909970691909436
1651.195,1651.215,USV_1569,0.01999999999998181,5.0,,None,1514.96,,136.2349999999999,,0.008128279820084572,0.0272705078125,14679.687151020864,16569.334935672618,0.0001084823143008652,31115.625,20969.44634415289,1.6985437271668076,3.1748803735747844,6.497020459724736,16.469073003890255,12.787213647634612,14.785733711835551,48.81634234627786
1651.278,1651.3,USV_1570,0.021999999999934516,5.0,,None,1514.96,,136.31799999999998,,0.006051408126950264,0.04305752840909091,18376.615980009137,17211.058236273286,0.0005090294725558047,34184.65909090909,24432.141829005148,2.691927892967155,2.9943478686381453,5.465240293817596,16.38919342389448,10.667522856951258,12.799883449856933,51.87742374502997
1651.513,1651.547,USV_1571,0.0340000000001055,5.0,,None,1514.96,,136.55299999999988,,0.006936282385140657,0.023128255208333334,15159.027654836264,16194.148230659432,0.00025427803736075775,31075.0,19414.303282583038,2.5099643413908606,3.150675309751092,6.180921540112523,14.990625596429549,10.676579932517228,14.41520931042603,54.92240942742935
1651.628,1651.664,USV_1572,0.03600000000005821,5.0,,None,1514.96,,136.6679999999999,,0.010753560811281204,0.0272064208984375,15948.55414758916,15354.152676209069,8.205216467885972e-05,30369.140625,21612.986428631535,2.3569202042204696,5.514637351697428,5.557467612028253,16.297878175723895,11.511544275840885,15.007167329213583,54.95097890239161
1652.046,1652.074,USV_1573,0.02800000000002001,5.0,,None,1514.96,,137.086,,0.00855697225779295,0.018648587740384616,14722.122846057891,17203.926881562373,0.0001162503649772563,31456.73076923077,23477.721476504397,2.193323891233428,5.531964237579729,5.372903464568868,16.941334079067158,10.586017105389999,15.149871473294116,50.02588294572463
1652.134,1652.162,USV_1574,0.02800000000002001,5.0,,None,1514.96,,137.17399999999998,,0.010039101354777813,0.020207331730769232,16393.216815946933,17318.210311655283,0.00028335306672910355,30872.596153846152,16769.79153627055,2.940522811762186,4.48227775580138,5.718957308555698,14.439708633817437,11.654497495103767,13.134982537615958,52.66062730026015
1652.208,1652.225,USV_1575,0.016999999999825377,5.0,,None,1514.96,,137.24800000000005,,0.009716819040477276,0.016330295138888888,16363.132367673308,16258.00242762179,5.618233448136868e-05,31270.833333333332,26082.797938523614,3.5148915351284518,7.890154327392845,4.315092952571464,14.755811596303825,10.127026330358852,14.70660823160528,48.023623556039226
1652.628,1652.642,USV_1576,0.014000000000123691,5.0,,None,1514.96,,137.6679999999999,,0.0064498684369027615,0.029022216796875,18423.05757155191,22375.878350667575,0.0014368564185554362,34734.375,23611.080386927417,3.4912158038668153,1.9906782741017226,4.552255934340059,12.94546130723329,11.1899803340245,16.088222385345595,43.105400951741665
1652.756,1652.876,USV_1577,0.11999999999989086,5.0,,None,1514.96,,137.79600000000005,,0.009262612089514732,0.020476645611702128,14281.08426837202,15199.25979147355,0.00021542723074437884,30933.510638297874,21726.111599263924,2.239794087353478,4.147021362083145,4.510575544632677,16.46032224668984,12.165995913314436,14.395279046864156,58.783650801190504
1652.97,1653.044,USV_1578,0.07400000000006912,5.0,,None,1514.96,,138.01,,0.009446297772228718,0.01826171875,14506.670119445675,15023.686932777242,3.937808770932551e-05,30796.875,22291.730600308376,2.432673143150251,3.9203931805237957,5.8160093995408735,17.761018228481337,13.085320709748933,14.589365548280643,58.45644179152494
1653.327,1653.346,USV_1579,0.019000000000005457,5.0,,None,1514.96,,138.36699999999996,,0.00973094068467617,0.011279296875,15209.703376311863,19867.497516362288,0.0001296859921410818,31856.25,27558.730245000002,2.1941103459446465,4.93207124281124,4.164602613967752,12.227175064071364,12.619607599473394,13.766956999592471,45.674114302427796
1653.39,1653.415,USV_1580,0.024999999999863576,5.0,,None,1514.96,,138.43000000000006,,0.012182842008769512,0.01690673828125,14677.890023354243,16084.316367470827,3.151865693529991e-05,30648.4375,22797.822585995502,2.1982679370600184,9.000660056269249,4.350830745814206,17.355079997675016,13.927019729176408,13.934634321875242,51.160325044016446
1653.641,1653.657,USV_1581,0.015999999999849024,5.0,,None,1514.96,,138.68100000000004,,0.009590839967131615,0.02301025390625,16960.845257277826,18535.844570118992,0.00042169767279711686,31312.5,23643.81904296871,2.6066454555479956,2.3171304472360466,2.76219936620393,13.819616454720322,9.685049408282248,11.520177569303115,45.97236741140978
1654.211,1654.24,USV_1582,0.028999999999996362,5.0,,None,1514.96,,139.25099999999998,,0.009096545167267323,0.03299654447115385,15479.456256358164,15134.724697773976,0.0001725618117681069,29581.73076923077,17086.227511910005,3.2228585388890205,4.427126768947273,5.160369074522133,16.395731579421984,10.853224325146638,13.53163870125489,54.46726350459487
1654.34,1654.364,USV_1583,0.024000000000114596,5.0,,None,1514.96,,139.37999999999988,,0.009564572013914585,0.012828480113636364,14170.666096864408,17537.293982480038,0.0003454296435369726,30281.25,16884.52530829074,3.1420018900683844,2.7132071159273146,6.891735763412052,17.858744680639514,11.920837544382524,14.792506384157337,49.0596441940816
1654.74,1654.819,USV_1584,0.07899999999995089,5.0,,None,1514.96,,139.77999999999997,,0.01131105050444603,0.02146148681640625,13865.034807298602,15101.10802374229,0.0002619031670715191,29416.9921875,16167.75967331773,3.832618943955266,6.355916425305784,5.31106631211376,17.6875598304831,12.998179460364412,13.893410569336055,57.44801288262941
1655.311,1655.324,USV_1585,0.013000000000147338,5.0,,None,1514.96,,140.35099999999989,,0.006414058152586222,0.028494698660714284,15711.322610360234,14737.98110849698,7.572010514488726e-05,31500.0,21657.119411581953,2.892337567107607,4.355358463569167,6.5612327073665835,16.471940393583008,10.859823984520196,15.69452052367613,49.98589772448671
1656.688,1656.73,USV_1586,0.041999999999916326,5.0,,None,1514.96,,141.72800000000007,,0.007585460785776377,0.04017469618055555,16209.147369036717,14966.707061886775,0.00012543539200723843,30692.708333333332,20710.236350221116,3.098098490673881,4.855740412741799,6.858086014731941,17.75589965999984,12.966645419837166,13.513202025257538,56.15370842132576
1672.036,1672.142,USV_1587,0.10599999999999454,5.0,,None,1514.96,,157.07600000000002,,0.010051586665213108,0.02085077194940476,13424.677536282143,14633.140940341531,8.626624017860428e-05,28839.285714285714,19986.954505428515,2.3873872871261406,6.63692227784771,5.952992685395774,16.969403777245653,10.789467913042957,14.055430623571462,59.064868367736096
1676.851,1676.942,USV_1588,0.0909999999998945,5.0,,None,1514.96,,161.89100000000008,,0.008786085993051529,0.021843804253472224,14373.189347419417,15564.37045608576,0.00011197305879775136,31273.4375,21758.76882774825,2.5326837985066497,4.783557063789437,5.542730307383592,16.404770788051373,12.067309304541938,15.776439750786388,58.99770866775444
1677.224,1677.237,USV_1589,0.013000000000147338,5.0,,None,1514.96,,162.2639999999999,,0.0078034126199781895,0.018938337053571428,15452.57121114227,18717.693487029763,0.00038367557205681624,31165.178571428572,18260.369398826773,3.7564013397720584,5.466155858926222,6.493534654556707,17.5853764427282,10.253629024782944,13.93318064651876,42.64408994391549
1678.986,1679.004,USV_1590,0.01799999999980173,5.0,,None,1514.96,,164.02600000000007,,0.00861429050564766,0.027669270833333332,17110.139038960875,17266.084702720633,0.00011132413929599247,32125.0,26688.618525457194,3.0675789678635224,3.691150691657179,5.212170094838047,16.13042548987378,12.91906346382318,15.216494606939657,48.15739870698306
1680.702,1680.722,USV_1591,0.01999999999998181,5.0,,None,1514.96,,165.74199999999996,,0.009179020300507545,0.0153564453125,16419.18309708275,20756.585911801358,0.001358631703989617,33956.25,28238.72156770609,2.0318152873239845,3.34727602820657,6.775165065874411,14.740014664762999,10.66808403442727,14.265687543629578,45.410752537046235
1680.999,1681.074,USV_1592,0.07500000000004547,5.0,,None,1514.96,,166.039,,0.010071021504700184,0.022208921370967742,13961.86217016634,15212.127814904294,0.0002781131179408796,30650.201612903227,19670.236547656383,1.7469454417410737,7.196112988351848,5.45053688220462,18.53474805276671,13.135229030463526,13.622934229297597,57.79130999821193
1681.186,1681.213,USV_1593,0.027000000000043656,5.0,,None,1514.96,,166.22599999999989,,0.009372862987220287,0.01893028846153846,14429.51460618129,18665.941557236052,0.000460190986995392,30995.19230769231,19612.226143564356,2.844691693683117,5.187507666282731,5.484508882362126,16.08487906618972,11.143820507147195,13.78043266006222,50.032028372732306
1682.475,1682.493,USV_1594,0.018000000000029104,5.0,,None,1514.96,,167.51499999999987,,0.005012925714254379,0.03298611111111111,16230.063607349244,17255.609246116695,0.0001369290534010233,32447.916666666668,21585.301905609158,1.6759379338344516,3.483869408356709,5.508359770633401,17.35634193461058,11.6238067060721,13.619248548282892,48.193371595563065
1688.164,1688.301,USV_1595,0.1369999999999436,5.0,,None,1514.96,,173.20399999999995,,0.009253558702766895,0.02569354021990741,14669.029935846986,14562.077898068826,3.269903144325208e-05,30607.63888888889,18255.27766943584,2.3208766243222607,5.916172730955982,5.035904770215247,16.818843731481646,12.109119555978717,13.826848334598152,59.99657733141717
1693.327,1693.367,USV_1596,0.03999999999996362,5.0,,None,1514.96,,178.36699999999996,,0.01061614416539669,0.01737706801470588,14379.891094482617,15846.599290655638,4.8067630718640685e-05,29371.323529411766,21874.148274484924,2.164928728540944,6.632593826166037,4.0127586158341675,18.170826043266565,10.527372485430307,14.78467417659506,54.33873517259156
1701.651,1701.708,USV_1597,0.05700000000001637,5.0,,None,1514.96,,186.69100000000003,,0.008879274129867554,0.027262369791666668,14487.918028977752,15261.035834530057,4.53530490377499e-05,30480.46875,19839.89829353652,2.482641246202357,4.162394238724404,5.563925390270559,16.762698595606647,12.769296827778433,15.474533603389977,56.81098611942233
1726.491,1726.535,USV_1598,0.044000000000096406,5.0,,None,1514.96,,211.53099999999995,,0.01019810326397419,0.013851768092105263,13970.89668906656,16068.89778375373,0.00021571482563496156,29935.855263157893,19502.344109230693,2.2749688133999477,2.0929999515798814,5.092118144824479,12.80424338109357,10.946289093677768,15.342394598757386,54.62179596461838
1726.973,1726.987,USV_1599,0.014000000000123691,5.0,,None,1514.96,,212.01299999999992,,0.006331005599349737,0.02410888671875,17425.956667824154,19622.18223383056,0.0007174635141688374,32636.71875,18197.207549079823,1.9183748429129241,3.463560465365703,3.6754683582123064,12.759861087766112,11.270815077263544,13.638450008895706,43.827232394551814
1729.048,1729.067,USV_1600,0.019000000000005457,5.0,,None,1514.96,,214.08799999999997,,0.008639559149742126,0.0219970703125,16821.964739412473,21343.30803757923,0.0012022193802261288,33459.375,26380.147227535967,4.0808804624906285,4.054701513252361,6.3904860046820575,14.816825437628257,11.391888391628848,13.770657838619709,46.024593329652056
1736.386,1736.395,USV_1601,0.009000000000014552,5.0,,None,1514.96,,221.42599999999993,,0.007428175304085016,0.0234375,20022.189351963578,25361.11878012041,0.001199987942122831,36328.125,21372.628747504335,1.0197706187714284,3.7275319878910036,4.373354997424981,10.776792352168668,10.927691417600299,14.404173630836786,35.07388241522701
1741.408,1741.531,USV_1602,0.1230000000000473,5.0,,None,1514.96,,226.44799999999987,,0.014082965441048145,0.04871851084183673,12799.536482160118,10871.920399834347,5.058439167097215e-05,23322.70408163265,16050.93093790198,2.604255737228669,3.9148113913023095,7.058242051119869,13.134596555363572,12.525952961694147,16.093652657827228,68.11370881397393
1753.028,1753.095,USV_1603,0.06700000000000728,5.0,,None,1514.96,,238.06799999999998,,0.01076045073568821,0.02325439453125,12937.75673766809,14510.528680608226,0.00012397105539459086,28151.785714285714,24817.69387425366,2.2471559139389963,6.834640153111429,7.289027006592854,17.009014710401914,11.219844657620625,15.786307278763019,57.993950447255884
1754.298,1754.386,USV_1604,0.08799999999996544,5.0,,None,1514.96,,239.33799999999997,,0.009487941861152649,0.025990513392857142,13427.926487506924,14736.280502905729,8.167629341496081e-05,29595.535714285714,22591.1469307974,1.870175596239903,4.341870897288585,4.72187375993842,16.358199161982157,12.848838570279863,15.768024118462003,59.15930047051335
1759.744,1759.866,USV_1605,0.12200000000007094,,,None,,,,,0.012052315287292004,0.0224456787109375,11521.241080366728,14075.490804465278,3.93906687392607e-05,27751.953125,24180.405932954483,2.1420010787505697,2.8615262475955707,4.5592381042508,17.48775970639055,10.441811338403667,14.299767667745593,58.417627145835404
1761.848,1761.903,USV_1606,0.055000000000063665,,,None,,,,,0.03522681072354317,0.00969132133152174,7768.746798121335,12044.987897433723,0.00015559309996748846,17686.141304347828,15393.005260962762,1.652901608600226,2.4298370915657155,5.4961021051127315,16.407796292931295,10.99261797137103,15.364949079769593,57.62289961556419
1771.528,1771.656,USV_1607,0.12799999999992906,,,None,,,,,0.011084156110882759,0.020703125,12598.231717927492,13998.04613174539,1.688055215470246e-05,29100.0,26290.15552200593,2.887284363461727,7.822170459927488,6.240317582683972,16.481843721835848,14.095220604526975,17.025286545581416,59.5941219088942
1771.955,1771.981,USV_1608,0.026000000000067303,,,None,,,,,0.010427596978843212,0.0032552083333333335,14673.435057480669,18952.774727857406,0.00016780895999317022,31554.6875,19268.759227666713,2.670352973556744,2.531766835054689,6.1183468919202175,13.661915860567305,11.639577891376026,12.306344568024336,49.408951367152405
1772.18,1772.231,USV_1609,0.05099999999993088,,,None,,,,,0.008515497669577599,0.018891834077380952,16099.011484491468,15821.258410454951,4.911580550945012e-05,32870.53571428572,28172.32870636661,2.5217521256188116,5.822576644319593,5.823908127912447,16.04490798066273,11.961394655725186,14.604511793618837,58.85011310175212
1774.122,1774.144,USV_1610,0.021999999999934516,,,None,,,,,0.006165551021695137,0.03897372159090909,18086.54592571091,17935.146907469247,0.0005784621888379229,32053.977272727272,16408.873154240166,2.110672177702984,2.891635584519536,4.544152207769691,16.032902399035507,11.499353359427088,15.178035334455496,52.612884212035986
1785.242,1785.385,USV_1611,0.1430000000000291,,,None,,,,,0.025734860450029373,0.013911655970982142,7835.680424510655,10652.10866841937,6.166148852475226e-05,16824.776785714286,15893.30421561494,3.2126658976872906,2.3407628161455674,5.3852232188294,15.348567737774257,11.602549261537067,15.327908063831577,63.951752578198935
1785.515,1785.637,USV_1612,0.12199999999984357,,,None,,,,,0.014865346252918243,0.021306355794270832,9644.765435305282,11325.933038238734,3.029705869233673e-06,21640.625,15025.008687648116,2.65401166106879,3.43937174466301,5.500008101350301,15.451946337718136,11.08023631022285,16.944389156358387,63.46030279878113
1786.18,1786.214,USV_1613,0.03399999999987813,,,None,,,,,0.011230825446546078,0.016748046875,12667.937323940921,15461.855409260537,0.0001137122243654968,29231.25,16298.035201410039,2.528973213336888,3.7313336675597353,5.225906185255946,14.667900361000854,10.828502682233085,14.314251705667642,53.42863777109383
1787.327,1787.37,USV_1614,0.04299999999989268,,,None,,,,,0.010481762699782848,0.020657009548611112,13233.504034391928,15359.961779813944,8.859290301139424e-05,29541.666666666668,21128.482182760596,2.68760890068121,4.435854178249151,4.9791106309545246,16.761140387719152,11.033100906260707,14.564063103212042,55.25159268259383
1787.67,1787.71,USV_1615,0.03999999999996362,,,None,,,,,0.0067250351421535015,0.030646829044117647,15572.999051284161,16028.185244793953,6.697668949125804e-05,31764.70588235294,20151.364508046972,2.006052874957206,3.143064518393556,4.341608896965023,15.384839820274241,11.18345998055868,14.718795854833756,56.10196000485316
1798.843,1798.919,USV_1616,0.07600000000002183,,,None,,,,,0.010317148640751839,0.029777280745967742,12916.627322935818,13416.889283508037,0.00017775514380094653,27039.314516129034,15772.834669280288,2.5394207045309103,1.714403910152657,5.41245237368915,15.404497535836548,11.312813652431942,15.467415854546152,59.49941248597896
1800.837,1800.944,USV_1617,0.1069999999999709,,,None,,,,,0.020000651478767395,0.0230712890625,9949.322614623088,11075.558707398717,3.5309326489408687e-05,20241.071428571428,15915.533229625613,2.5116973483087954,3.081396151236836,7.402803440894182,16.745429881469924,10.85912905074712,15.296975434968667,65.25814450338183
1801.418,1801.453,USV_1618,0.035000000000081855,,,None,,,,,0.011387353762984276,0.007232666015625,15345.908610969593,18264.057233467665,0.00043678017223316594,29958.984375,24735.20020495936,2.519037151197349,2.63630253950003,6.66576009204765,13.988174394307645,10.326473647292453,14.16188060251973,53.02383547929308
1802.174,1802.216,USV_1619,0.041999999999916326,,,None,,,,,0.007742997724562883,0.024373372395833332,14529.883679906829,15764.241858579342,9.121653224941631e-05,30213.541666666668,18790.599531976575,1.7343710308226232,4.46654927797777,5.013363228646525,14.922093983129693,11.08604711536634,13.949636730565148,54.55890222369789
1803.215,1803.289,USV_1620,0.07400000000006912,,,None,,,,,0.01180870272219181,0.034684244791666666,15004.499102882084,13757.825216091524,3.2916072951634054e-05,28000.0,16090.214134288106,2.980906204167464,5.890478649077012,5.499090042568108,16.267223687713322,10.327952877405428,16.071203232302746,61.46403610743912
