trial_num,trial_start,open_time,open_latency
1,192.331,270.54999999999995,78.21899999999997
2,575.406,672.141,96.73500000000001
3,961.53,,
4,1326.124,1327.474,1.349999999999909
5,1709.494,,
