start,stop,label,duration,trial_num,open_latency,before_open,trial_start,lever_press,prox_to_trial_start,prox_to_lever_press,rms,zcr,centroid,bandwidth,flatness,rolloff,f0,contrast1,contrast2,contrast3,contrast4,contrast5,contrast6,contrast7
1.669,1.806,USV_1,0.137,,,None,,,,,0.019650010392069817,0.0267333984375,10678.056519571117,12409.742288222573,1.9255901398537895e-05,23151.041666666668,22922.494992880616,2.800603771970508,2.4669901710339976,4.640852700443559,16.42799513830589,10.224247573620353,14.115892855638412,62.254400947514156
2.79,2.88,USV_2,0.08999999999999986,,,None,,,,,0.010698399506509304,0.045783148871527776,15331.956050933959,13595.062116630903,0.0002494956648968365,28703.125,19674.880087285914,2.1833575338148776,3.801126333494495,7.073001457116296,15.851855845324142,10.907276704760056,17.45865987794079,64.25146017003868
4.127,4.223,USV_3,0.09600000000000009,,,None,,,,,0.009955868124961853,0.04839766652960526,15789.710810236553,13564.38678343166,0.00010823313018388489,28339.638157894737,20263.11265784758,2.6479946994801904,4.415373275828785,6.071396534196626,16.962100800362418,11.062836438104865,16.476876693113635,63.911711390283905
4.914,5.019,USV_4,0.10500000000000043,,,None,,,,,0.010267714969813824,0.042125883556547616,15153.2540197087,13051.36456398042,8.650531721836476e-05,27741.071428571428,18981.24742816252,2.204270699384027,5.183538682717651,6.086096824057506,17.819247882176818,12.264794055549322,15.451120918342724,63.558226988161636
8.739,8.811,USV_5,0.07199999999999918,,,None,,,,,0.009145858697593212,0.027402680495689655,13734.865086261108,13326.666362765538,5.8917707368816406e-05,27985.991379310344,15297.210353323011,2.856096765438738,3.8866962334737503,4.8380911355247616,16.2500902611735,9.882312301350995,14.403791164492803,60.80686260764029
12.780999999999999,12.806000000000001,USV_6,0.02500000000000213,,,None,,,,,0.008647498674690723,0.030476888020833332,14481.569600202636,15615.616914670682,0.00010520655581002372,29093.75,18605.918099090944,2.4689238752634957,5.3689139730709075,6.504806384590041,17.424232996792227,9.720574037072309,14.041106663124935,52.78728628834964
14.907,14.99,USV_7,0.08300000000000018,,,None,,,,,0.04310360178351402,0.007288315716911764,6506.415143988287,11491.692688161691,0.0001024153008073579,15104.779411764706,31868.866765778814,3.4820636451447635,2.070816982832733,6.447728400804412,21.345692032640443,13.539621531263704,16.801129664629766,58.123947967207606
17.849,17.899,USV_8,0.05000000000000071,,,None,,,,,0.007895705290138721,0.029145740327380952,13596.968208059658,13845.805644492248,7.822337969487405e-05,28205.35714285714,15028.246203508386,2.3798126463306075,6.113644735492099,6.071099698324686,17.995757498452388,13.321114683505352,18.181587412710847,58.26383281702314
18.526,18.567,USV_9,0.04100000000000037,,,None,,,,,0.02633769065141678,0.009412977430555556,9145.5307530762,13095.24073532367,9.181197438372864e-05,21182.291666666668,15810.741643533223,2.6800444912863894,4.9834225912917045,4.522439690594033,17.706034063279375,11.563540130616412,14.41607261947202,54.37452281800344
18.747,18.789,USV_10,0.04200000000000159,,,None,,,,,0.012992286123335361,0.023383246527777776,12063.183493607672,15221.872491109089,0.0003641174502506535,26026.041666666668,14769.230769230771,2.330422447641859,3.009343186567685,5.989783140487948,16.151607804282605,9.733939639930853,15.07304190973749,57.863268983540415
19.012,19.034,USV_11,0.021999999999998465,,,None,,,,,0.009278081357479095,0.018221768465909092,15408.444369095507,18332.264535026818,0.000294089328347985,29318.18181818182,20799.610179248204,1.776982316365539,6.705133813853505,5.476765430613333,15.470660979098364,9.34118094521236,15.427197374396123,49.46005622839737
19.367,19.386,USV_12,0.01899999999999835,,,None,,,,,0.010219582356512547,0.014702690972222222,14421.155766446427,17278.50760275888,0.00019269115626088093,28312.5,18630.256184300626,2.304803287142543,5.527592697160227,5.158291199045275,13.682456220155792,9.592409771973928,17.30338870973614,50.741439395551886
22.570999999999998,22.671,USV_13,0.10000000000000142,,,None,,,,,0.01094469241797924,0.037847900390625,14993.93164062966,13209.19099380838,4.83657030417693e-05,27881.25,18124.39238986232,2.4360653739242535,6.166939155683845,5.198275718361032,16.81323916022149,11.716078888738325,16.657466911861153,62.57949648661459
22.743000000000002,22.811,USV_14,0.06799999999999784,,,None,,,,,0.0092830341309309,0.060817173549107144,16993.84136016371,12977.904075108248,0.00012179605818268187,28289.0625,21290.90663903897,2.655077972227577,7.001173407114346,5.127437948244319,15.483752098606155,11.897543998554784,17.769664576067765,64.0443706914367
25.623,25.695,USV_15,0.07199999999999918,,,None,,,,,0.012191388756036758,0.02430462015086207,10785.524603700462,12502.759847111865,0.00010945714108617602,22920.258620689656,15173.751767131784,2.1483210319439654,3.856761033723294,5.9993437612032325,15.064974918591773,11.332204160088573,13.228220394983818,61.380498751652844
26.561,26.64,USV_16,0.07900000000000063,,,None,,,,,0.01031498983502388,0.05596923828125,15810.357830373152,12812.87602993006,3.1561988873520746e-05,28139.6484375,16390.63877383394,2.8370204656723503,3.4652331217785424,5.125491287461688,18.69773364647022,13.314867325987418,15.578013435224019,64.24995410997526
26.69,26.761,USV_17,0.07099999999999795,,,None,,,,,0.018986474722623825,0.03146888469827586,13280.329761783498,12951.446411002082,4.959746926805674e-05,25706.896551724138,17791.420119761893,3.8054569447754867,2.534854895870785,6.857693038287251,16.822297155060436,14.489004066684599,16.389121174806473,63.75187441126978
27.828,27.86,USV_18,0.03200000000000003,,,None,,,,,0.015218907035887241,0.014979771205357142,10876.597477989313,13853.971393158963,3.486104247575873e-05,25017.85714285714,19973.390517484706,2.568155036718412,6.473120425088631,4.076190525456561,19.180387163012423,13.076660153232813,14.904175254836455,53.92039230566129
29.794,29.85,USV_19,0.05600000000000094,,,None,,,,,0.09547623246908188,0.028776749320652172,11030.582393345865,11359.250845728126,1.8662607416352502e-05,21778.532608695652,16788.31698542474,2.606124322018016,3.306122222422035,5.8497089517450185,13.558521907269277,23.45688456967087,18.349179659760818,62.25910805827973
29.905,29.975,USV_20,0.07000000000000028,,,None,,,,,0.008993914350867271,0.030180832435344827,13693.304694650245,13796.592704180777,0.00016554614366553344,26831.896551724138,19834.774743382048,2.9034326723085857,3.3972610623442496,5.359490966348524,16.301701576245843,14.250489488003439,15.673715933116819,60.54463648690036
30.048000000000002,30.11,USV_21,0.06199999999999761,,,None,,,,,0.08545831590890884,0.02601036658653846,11918.501759746836,13054.561379213563,0.00025788297194109306,23689.903846153848,17471.205152610615,2.558748791411782,3.822261839973125,5.4173959354240955,14.605385435237288,22.7361112288277,17.808527577139444,58.93026984711991
30.81,30.888,USV_22,0.07800000000000296,,,None,,,,,0.07684013247489929,0.024932861328125,10848.671396315045,12240.859005756934,6.69417824889199e-05,21360.3515625,18372.145249160196,2.980854061449973,4.279448964220842,6.182926216963966,13.033817990290867,19.573860247581653,17.184374739848764,61.338604427728455
36.499,36.51,USV_23,0.01099999999999568,,,None,,,,,0.008874747902154922,0.018269856770833332,15703.719245881048,19679.386749382495,0.00042938062947372183,30484.375,25751.546290415557,1.87794854999652,3.7885359518911628,5.580777844795851,13.93985591657958,10.554131251576544,17.298561467849094,44.106202411517664
36.59,36.73,USV_24,0.13999999999999346,,,None,,,,,0.009366569109261036,0.019384765625,12903.503078498305,13729.140679433558,3.3837295108735424e-05,27934.090909090908,18393.20640020894,2.496687707379131,3.355365451694127,5.769874917300321,16.02341855553347,10.872322479890736,15.882354752479943,61.08740569114901
36.921,36.943,USV_25,0.021999999999998465,,,None,,,,,0.017521634697914124,0.0035289417613636365,14513.924923209352,20751.297753244748,0.0002582848164801293,29318.18181818182,24798.14679402909,2.4848459498200337,5.151458737074547,4.584838154058783,13.502126730939136,9.411611403168338,15.641122070572175,46.888563898514946
38.605000000000004,38.637,USV_26,0.031999999999996476,,,None,,,,,0.04169127717614174,0.0086669921875,6573.953070573267,10241.457066286634,8.85605188318268e-06,14638.392857142857,14769.230769230775,1.286381817295459,2.2520030240600595,4.161891052958446,18.009610641395216,11.384141779393563,15.681348008492305,56.877590960792986
39.685,39.71,USV_27,0.02499999999999858,,,None,,,,,0.010543830692768097,0.0233154296875,11812.306052579428,14445.419617864673,0.00023447104995794898,24796.875,15695.624117340134,1.8273860210802455,3.3852402301516413,3.613329430040269,12.597226662517693,10.709907124795096,14.06182041023984,53.70541452820336
40.88,40.903,USV_28,0.022999999999996135,,,None,,,,,0.03526083752512932,0.007834694602272728,7403.169095133772,14325.872330285927,5.630177172993277e-05,18093.75,28281.694578920735,1.4816093211322048,2.0164231279535154,4.490626219215705,16.25935784237494,10.899563965520482,15.660458227624305,48.240738788453676
51.098,51.238,USV_29,0.14000000000000057,,,None,,,,,0.053446970880031586,0.00947265625,6880.380146075575,10573.018219978741,4.164544922414509e-05,16997.727272727272,25724.731934423995,4.917544005188152,2.1232881344694614,5.737212476026693,16.46380752200603,9.96590835431415,14.985053784101225,56.24246403230544
56.459,56.544,USV_30,0.08499999999999375,,,None,,,,,0.009418335743248463,0.019840016084558824,13591.505921602267,13671.771489809194,4.58070996503147e-05,28169.117647058825,15129.859148063793,2.595481449087151,4.582080907816473,5.311223132082766,18.908671243323944,11.174305057164622,16.292406109795984,60.628808723292025
56.636,56.661,USV_31,0.02499999999999858,,,None,,,,,0.009941144846379757,0.021443684895833332,14972.437295112055,17630.823898772793,0.0003277938903336098,29171.875,16033.453608803631,2.3247864322543825,4.9905742683492065,6.263833601196592,15.134339177860637,10.986935062849957,14.703121848648053,50.593062850259265
56.732,56.812,USV_32,0.0799999999999983,,,None,,,,,0.008662374690175056,0.04096221923828125,15282.770295314405,13091.312561712377,4.415630611481679e-05,28708.0078125,18277.77749203125,1.7088328050838166,5.731114685290766,5.845192208732747,16.687413906204128,10.24019080222779,15.71661461138315,61.762760426501885
57.082,57.203,USV_33,0.12100000000000222,,,None,,,,,0.009434129111468792,0.024744669596354168,13739.101796592236,14179.943474617661,0.0004420652693997664,29001.953125,22491.24676454392,2.634751165041098,4.919175047311735,5.68031209319055,16.47672784517348,12.157052162086963,17.042808952567434,60.6840321683629
57.602000000000004,57.647,USV_34,0.0449999999999946,,,None,,,,,0.015002933330833912,0.014314350328947368,9888.508232452667,13865.204975534509,6.991293509911696e-05,24266.447368421053,26345.10218208226,2.968533296496248,1.6045124159589734,6.402965616731533,17.78662108973596,10.788433284777259,16.130661330675576,55.92046030162079
65.131,65.177,USV_35,0.04600000000000648,,,None,,,,,0.00640419777482748,0.0374755859375,15517.789728916669,14673.601631294989,0.00022433775511167324,29910.9375,18714.39105138104,1.3072896749905274,2.9193385764475765,4.9690641673149685,17.137589392970334,10.021570256175004,16.137703134463248,58.30385801556257
77.286,77.411,USV_36,0.125,,,None,,,,,0.011179406195878983,0.02951610331632653,10855.970829447553,11596.373788963256,3.2929962792749704e-06,23854.591836734693,15836.360060028186,2.517350222470372,2.780255803232798,5.659964743242108,13.467455038268138,11.567993708805913,15.175847388520179,64.30001624397633
81.767,81.841,USV_37,0.07399999999999807,,,None,,,,,0.0104777617380023,0.0250732421875,13668.666722154012,13790.062650730568,4.112721165983014e-05,26978.125,15670.300708709507,2.5551307868736646,6.59757898571743,5.740102944096262,14.407524953797205,11.195351880828323,14.265095479655548,59.49302922306673
82.203,82.321,USV_38,0.117999999999995,,,None,,,,,0.010199555195868015,0.04332716921542553,15109.69052618542,13063.972049074113,0.00010296406345546,27594.41489361702,15574.360040304531,3.281251583961538,5.278452527705393,5.887140836827183,16.533537454579022,11.321218419666637,16.383729987448646,64.6313862335584
82.952,83.053,USV_39,0.10099999999999909,,,None,,,,,0.008262000977993011,0.034906005859375,15573.725357838775,14123.024314907909,6.8837233643173e-05,29847.65625,20928.851718809343,2.843605264519658,4.746719749702434,5.344523179984243,16.535749494637372,10.598638033776119,15.384631868937308,61.24795676887701
91.213,91.277,USV_40,0.06400000000000716,,,None,,,,,0.015557149425148964,0.0157470703125,9648.632616358565,13271.838553331683,0.00020773552171443122,23149.03846153846,26104.772050812997,2.5086766516959234,3.007329962829992,4.862630956227054,16.56659262090203,12.83811796090516,16.48399822474463,57.28536267587243
105.0,105.081,USV_41,0.08100000000000307,,,None,,,,,0.008817511610686779,0.028586647727272728,13971.123385084527,13896.15208639284,7.652162604250493e-05,28727.272727272728,22697.288430820754,2.380329314579018,6.182488957485039,5.202840664874381,15.723191742280374,12.69400327007128,16.531832832550776,59.51965754126716
106.187,106.237,USV_42,0.04999999999999716,,,None,,,,,0.008729226887226105,0.024972098214285716,15174.198114827896,16026.631799948058,0.00018624032808351782,30428.571428571428,18594.44527911838,2.0337288278358105,5.544365807276949,6.412709481136828,17.25084836839888,10.471348145341576,16.14188676794668,57.10991101090029
111.413,111.46,USV_43,0.046999999999997044,,,None,,,,,0.013708071783185005,0.01793212890625,12532.341764674631,15270.921059453976,0.00018478334216468533,26939.0625,20489.898207196733,2.34883338086368,3.2639443857849613,7.589558283725734,17.546494621265957,10.382185822462604,15.997445172591103,57.44601603653717
113.985,114.012,USV_44,0.027000000000001023,,,None,,,,,0.009394840337336063,0.015944260817307692,13624.097833139347,14075.095633995146,3.8820563405902475e-05,28305.28846153846,18188.82051774547,2.3769734278648116,5.909293657442905,4.393224554027044,15.679414787793174,8.807971003483605,13.478220191347045,54.55003098952553
125.494,125.599,USV_45,0.10500000000000398,,,None,,,,,0.009616202674806118,0.02391415550595238,13532.277461683874,13579.40308682613,8.614480325845616e-05,27950.89285714286,20065.016748112143,2.903874092930273,3.9547087204681297,5.527478027492065,15.601355254278282,10.559572138095998,14.869793282081652,62.47515909240381
125.8,125.926,USV_46,0.12600000000000477,,,None,,,,,0.027824098244309425,0.0196923828125,11080.184205185644,12803.183659139606,8.81882194372052e-05,24832.5,21182.300717488684,2.77816465984044,2.100394354589687,4.525063770767709,15.053795562030343,11.911120459021891,16.385840345926656,61.55695388226867
139.892,139.922,USV_47,0.030000000000001137,,,None,,,,,0.012509234249591827,0.023385184151785716,13876.09653691266,16176.380361806723,9.238802221812581e-05,29484.375,24513.457482947506,2.711251696995639,2.910851826889789,5.453401449854413,16.963691092450205,11.23714177089021,17.433150171868462,52.47297135340205
140.081,140.151,USV_48,0.0700000000000216,,,None,,,,,0.010514479130506516,0.020229997306034482,13176.20984165598,14701.942008566193,0.00024092330821786544,27636.853448275862,18762.369815153994,3.1003614895307403,6.13482921885609,5.271057814308801,14.40815115035697,12.254893867413335,15.95523861335372,58.77218994515529
159.338,159.376,USV_49,0.038000000000010914,,,None,,,,,0.030063465237617493,0.015969669117647058,11966.189714688619,16589.17659844773,0.00023806109602923214,28808.823529411766,27662.265867558657,2.1294912195153013,2.0258585835935166,4.506513045046233,18.622834167689255,9.228082970250693,15.088996229480415,54.936752410383974
159.51,159.57,USV_50,0.060000000000002274,,,None,,,,,0.011318878270685673,0.047119140625,18824.085443602875,15425.860126545602,0.000277173548653554,32565.0,26060.25127770812,2.6645323663251563,2.751451352276106,4.400981454702954,15.740127945049055,11.167343109220392,15.437268215063456,60.26552947706845
159.683,159.739,USV_51,0.056000000000011596,,,None,,,,,0.010420392267405987,0.050653872282608696,18741.30059442424,15404.63134246874,0.0001411422090444763,33110.05434782609,26405.953462206282,2.069669723626541,7.290958844362434,5.743726088075965,16.584369747241443,11.065834817164838,16.04036003182025,60.00010390809297
160.283,160.399,USV_52,0.11600000000001387,,,None,,,,,0.011045943014323711,0.052336319633152176,16393.30248749486,13258.125084832607,6.204980295765027e-05,28974.864130434784,19111.926357958735,2.993507817839087,6.137789897600896,5.119989415150257,18.286177470918094,10.434655233281886,14.974210743614512,63.903815823329246
160.49,160.587,USV_53,0.09699999999997999,,,None,,,,,0.011053964495658875,0.05758588741987179,16100.303608797305,13061.716760327861,4.604949376881752e-05,28814.903846153848,18942.84604905771,2.81881194733201,4.204943397200202,5.735990964418799,17.688628123372887,11.113376259209117,15.377117467605844,64.49982405228823
160.684,160.776,USV_54,0.09200000000001296,,,None,,,,,0.011338746175169945,0.05866633234797297,16732.9701800806,13675.926755384147,0.00011136434234055276,29082.77027027027,21994.97479707845,2.5662850743739583,3.914610949036688,4.973134783292246,15.325863088571518,10.806326151496343,15.456899124853425,64.2054520563089
160.888,160.982,USV_55,0.09399999999999409,,,None,,,,,0.01224112045019865,0.04620040090460526,16198.383395837041,14014.178819846828,0.00013615536061384594,29370.888157894737,17739.410606734476,2.222727782744205,7.4286384456792645,5.519693680409861,16.294775116367106,10.943782602638722,16.15620541647231,62.85023328878534
161.84,161.884,USV_56,0.04399999999998272,,,None,,,,,0.010296314023435116,0.023206208881578948,13879.498115357983,16020.733247304492,0.0001668337313385677,28924.342105263157,22743.21784301597,2.0372795361303373,3.719159414624373,6.297859456264441,17.885464006588926,11.710046095883678,16.791916102454127,56.16067272409508
161.978,162.081,USV_57,0.10299999999998022,,,None,,,,,0.007903906516730785,0.03210746951219512,15164.188101576081,15094.650378058182,0.00013149287548342123,31010.670731707316,26178.306545064595,2.2308004961462795,5.802663858970347,5.821728370840453,17.622815312841787,10.82574112646542,16.5428131859595,59.625312033904564
164.132,164.272,USV_58,0.13999999999998636,,,None,,,,,0.009532997384667397,0.032053444602272725,15478.08664784471,13886.22298375295,3.98938388488946e-05,29662.5,23457.35660232549,2.662469608851993,6.461263479346953,6.615816043494136,19.506736757724255,11.246267898024682,15.881098922172239,62.791267138233444
164.541,164.638,USV_59,0.09700000000000841,,,None,,,,,0.010682146064937115,0.015355819310897436,13326.458360760334,15131.714053889244,8.451294486788935e-05,29908.653846153848,28220.141793023206,3.048076072429652,5.939020346487894,5.878699898017373,18.481640479554752,10.843531902935194,18.27069431572939,58.06277873256085
165.027,165.122,USV_60,0.09500000000002728,,,None,,,,,0.010775688104331493,0.027947676809210526,14742.69128823471,14714.852889582107,6.187650820175343e-05,29807.565789473683,23470.69809454656,2.7883739923905497,7.151860099966097,6.215096673308705,17.366870558842056,11.082280952271734,16.47590861312437,60.001149849479205
165.702,165.76,USV_61,0.057999999999992724,,,None,,,,,0.011589775793254375,0.026407877604166668,14222.320684467202,14765.064824730405,0.00015973016902479125,29847.65625,25576.039079141832,1.8116065439055287,2.8715009033014223,4.9584612354945,16.725059967803787,11.430827030870352,14.302016875307567,58.6273791659414
165.807,165.887,USV_62,0.0800000000000125,,,None,,,,,0.007819851860404015,0.02892303466796875,14713.028054278799,14774.040686399607,7.348573468803702e-05,30243.1640625,22598.099588045974,2.323124254074556,4.5296449038298,5.167627963260573,16.21586513774561,10.550608022020166,15.961722488689022,59.5866403281417
165.928,166.022,USV_63,0.09399999999999409,,,None,,,,,0.010261841118335724,0.02061060855263158,13737.17252882122,14756.055688590697,4.512312263149763e-05,28860.197368421053,23593.32797433833,2.4001241945668164,6.976502753091069,5.7810580603629464,15.510090507260035,10.077151105513018,16.545803926296816,59.17500002367557
166.212,166.329,USV_64,0.11700000000001864,,,None,,,,,0.0072745680809021,0.03586213485054348,15692.888513920387,14169.288408190665,3.0057677579053572e-05,30823.369565217392,24536.373067703265,2.4053644083258594,6.723726358873883,5.701095921347635,15.387816712597308,11.052689909679762,16.297192597075167,61.29192332517892
166.62,166.719,USV_65,0.09899999999998954,,,None,,,,,0.008484963327646255,0.02039513221153846,14896.314662915389,14266.63240346747,7.873591233863063e-05,30233.173076923078,22612.952464114118,2.633255089698645,5.985729294448376,4.983485042684825,16.59086252496516,12.258942617356784,16.77990028992277,60.760985095504694
166.798,166.895,USV_66,0.09700000000000841,,,None,,,,,0.008083704859018326,0.025659805689102564,14979.2489274669,14746.664114802215,6.444484231713211e-05,30189.903846153848,21301.433705195155,2.381879827783956,6.314952986880905,5.795303225327052,16.35835033099203,10.639458259218843,15.638488298948637,59.188282590151
167.04,167.053,USV_67,0.01300000000000523,,,None,,,,,0.007237591780722141,0.023228236607142856,17280.08717156501,20238.36675375274,0.0006086671551910648,32116.071428571428,19160.390001225092,1.5553275376296434,5.187980083998368,6.773035743286172,12.701479895636693,8.796974660794142,16.6805169792672,42.42005523103408
203.734,203.86,USV_68,0.12600000000000477,,,None,,,,,0.01015490759164095,0.033896484375,14150.281402072264,13776.260892987308,1.5600466776436225e-05,28987.5,23277.304858636322,1.778512620676188,3.0130629049880775,4.722240998147617,18.770156588423458,10.436906434379821,15.878032548864555,62.05261449444647
206.977,207.084,USV_69,0.10699999999999932,,,None,,,,,0.010567095130681992,0.02442568824404762,14747.237117984872,14940.138390795848,5.012118001636174e-05,31169.64285714286,26677.100063239635,2.276719710845847,2.983511786660919,5.002686638920121,17.978311204261335,11.257305900561304,15.545399441702855,59.99401395443936
209.615,209.717,USV_70,0.10200000000000387,,,None,,,,,0.007318285293877125,0.04113471798780488,17510.188891965707,15457.193469868896,0.00014647460775321747,33205.79268292683,28629.179039142044,3.0928614859442516,6.061917441143131,5.9805148707984035,16.70069774249222,11.706285041109775,16.65445699617038,60.24581070283399
209.851,209.936,USV_71,0.08500000000000796,,,None,,,,,0.012224213220179081,0.022740981158088234,13349.04545687914,14345.899706440323,7.688922702091205e-05,27835.477941176472,21329.223978012065,2.6497506467996117,4.438588906828339,4.763383417218193,16.235607119038256,12.206132851383675,16.292435129682833,60.334043901007455
210.041,210.135,USV_72,0.09399999999999409,,,None,,,,,0.009955499321222305,0.03182180304276316,15696.768819788851,14431.72984848514,6.025597051712161e-05,30530.427631578947,19995.060510562635,2.533534326985014,4.965770077607513,5.927877935084764,16.943145971039133,11.784970052988866,16.044555710466955,61.492772728830516
212.386,212.487,USV_73,0.10099999999999909,,,None,,,,,0.009383291006088257,0.028521728515625,14663.768822056189,13878.38254476017,7.588333396690081e-05,29306.25,21498.097512132033,2.213192400918919,4.961193876385915,5.5271355091794785,15.166724165417753,12.305887069638505,16.7784250642909,60.98129512548282
225.131,225.236,USV_74,0.10499999999998977,,,None,,,,,0.011469016782939434,0.026814778645833332,12907.288853819404,12805.155804333172,1.1125931841727771e-05,27145.089285714286,18574.82027735025,2.906839843402412,3.4688623059342945,7.814841594652854,19.273372689593298,11.300146897585549,15.175876179224057,61.58930219613494
228.909,228.925,USV_75,0.016000000000019554,,,None,,,,,0.0156574584543705,0.013519287109375,11687.213736933783,17174.702248087084,0.0001845298426563647,27023.4375,27246.3701079668,1.736179197183874,5.282460210869568,9.496854234878985,19.324268986913182,12.680504214895208,14.19347282906714,46.424561253487084
257.197,257.3,USV_76,0.10300000000000864,,,None,,,,,0.012523708865046501,0.01798899580792683,11821.616419029095,14011.977498248341,0.00010100969530433559,26657.01219512195,16954.05963270601,2.560692501546277,2.3917041605056477,5.070156093474416,17.874054735943123,10.320646012664234,15.217156913961096,60.17669555179563
257.94,258.015,USV_77,0.07499999999998863,,,None,,,,,0.012330676428973675,0.02158203125,12026.5846968454,14139.915580838611,5.817319098407066e-05,26931.25,25444.823814357096,2.638339702012657,3.7591164265136654,6.302843149236522,18.072486119711435,12.241011632473226,14.97501309378249,59.51987869278799
262.0,262.057,USV_78,0.05700000000001637,,,None,,,,,0.00979949813336134,0.033905029296875,14310.827516897496,14006.814641120383,0.00018555069564372788,28546.875,18503.772169622385,5.233164174553352,3.8795949825373817,5.673187450430092,17.2325302300916,10.338612511110815,15.714589128060817,58.88641871082459
266.905,267.006,USV_79,0.10099999999999909,,,None,,,,,0.024720078334212303,0.02122802734375,9385.950603801582,11106.108312982791,3.059143298015197e-05,20116.40625,16670.654273652082,1.852304438996697,3.1411519464878177,5.217680998237788,18.51162731763814,11.634905250579518,15.092319486414613,63.57003542840111
267.096,267.149,USV_80,0.05299999999999727,,,None,,,,,0.013786188326776028,0.01837713068181818,11138.094319339378,14560.33434056538,6.805292155275048e-05,26616.477272727272,27625.21635918862,1.9791723579481704,2.5412948166279246,5.055583703199489,18.697626191354388,10.385764238289665,16.277354245752164,56.99946312220834
267.251,267.295,USV_81,0.04400000000003956,,,None,,,,,0.009092090651392937,0.023077713815789474,14104.901057455385,14584.091525393627,3.9574019512531345e-05,29718.75,26692.076091627343,2.3184195381719515,4.445634415290167,4.848907926552346,17.670729955481782,11.199887603385475,17.107774809182136,56.733211701053456
267.611,267.743,USV_82,0.132000000000005,,,None,,,,,0.013749687001109123,0.02086463341346154,10845.888867319096,12658.16766650805,2.125225746018168e-05,25092.548076923078,20763.241936195933,2.6469151178475316,2.82467903299319,4.9880137838471414,17.86016807573695,11.448045204022385,15.667321202068159,61.334443809445965
269.429,269.492,USV_83,0.06300000000004502,,,None,,,,,0.00709074642509222,0.034348707932692304,15624.671236021564,15046.420151146043,0.0001399537619481173,30793.26923076923,16076.66856682718,2.1916284856799972,4.408422598922629,5.345472556634397,16.77215550049345,11.175605550208648,15.622233836279971,58.687431323399935
269.523,269.643,USV_84,0.1199999999999477,,,None,,,,,0.030584074556827545,0.027276221742021278,10380.78687256443,10288.082479141689,5.316999343333648e-05,19166.88829787234,15291.946461293133,2.142493585545345,3.0873874030275616,7.477031587196884,15.935962070510037,11.824972287589123,15.434277301362487,66.8889782919579
269.987,270.101,USV_85,0.1139999999999759,,,None,,,,,0.023264169692993164,0.03138020833333333,10494.973923530359,10389.72365089407,2.537600631122583e-05,20812.5,15098.188794917443,2.289618628539559,3.913419496745019,5.629970314612425,14.383158770557806,10.150477083473236,16.349493558854196,65.73946443845091
270.602,270.678,USV_86,0.07600000000002183,,,None,,,,,0.011763665825128555,0.021263860887096774,12592.104770391652,15213.075392113888,8.898432771877691e-05,28451.612903225807,25102.291759983644,2.1455889731304896,3.032494320453955,5.489804803410226,17.47540735171855,10.062826132278628,15.575017170787039,57.85889523244438
276.073,276.15,USV_87,0.07699999999999818,,,None,,,,,0.010141021572053432,0.025130733366935484,15094.408808035421,13897.715682265247,0.00025216888014315567,28738.91129032258,18048.082748159322,2.74514773197585,5.55912406368946,4.94126529117071,16.200847609711335,11.965458428741549,14.996243955498427,60.72584622197022
277.255,277.349,USV_88,0.09399999999999409,,,None,,,,,0.02602630853652954,0.012431897615131578,10080.968483184904,14011.498572959617,0.00026133876404423024,25120.065789473683,28959.928925816428,2.1231174871640817,3.3677962869281926,8.544907634427926,22.86301199438502,10.562446622059031,15.771355773002252,58.67273207338991
278.175,278.184,USV_89,0.009000000000014552,,,None,,,,,0.008499731309711933,0.020345052083333332,15905.171842877855,19903.50614035635,0.00023433755633583896,30203.125,20912.28839462859,2.1230690723698817,7.328079689606228,7.191229083263544,16.262752679508505,10.202137021663807,16.613171810707566,38.41430545519515
279.628,279.719,USV_90,0.09100000000000819,,,None,,,,,0.011131863109767437,0.035400390625,13026.13884060372,12801.602725453145,0.00026034924289889023,25555.743243243243,16749.725768090655,2.5591333252512483,4.388728203457222,5.0490393429905405,17.31807694357697,13.24531969078052,18.636376878418677,63.28716287409161
280.558,280.668,USV_91,0.11000000000001364,,,None,,,,,0.009517323225736618,0.020607688210227272,13720.732115065412,14083.80042071531,3.654207023077693e-05,29011.363636363636,17284.422642897694,2.6296992292020245,5.659264032234113,6.069929081718995,16.409229421751583,9.925669558658955,15.338629314175959,59.697973917579155
283.698,283.843,USV_92,0.14500000000003865,,,None,,,,,0.011687367223203182,0.029515316611842105,12053.836797924929,12100.78169946415,2.79414548859943e-05,25414.473684210527,18746.949028581606,2.2326647136687545,4.0453200647696335,5.3322712206526965,14.41478332293878,12.317898088678444,16.565272529266544,63.86979926093934
286.788,286.937,USV_93,0.1490000000000009,,,None,,,,,0.011269800364971161,0.026514513739224137,12825.679120201119,13097.507448488102,9.65043015211732e-06,27454.202586206895,20085.585855429406,2.6993408715233325,4.255574737619924,4.9115363408928285,17.433704394755182,11.597420059631057,15.777439508990932,62.56297270979639
287.391,287.438,USV_94,0.04699999999996862,,,None,,,,,0.010286500677466393,0.022705078125,13562.985787142283,14659.673217577238,3.994032663798576e-05,29146.875,23378.122667067262,2.2941023231510256,4.449456802613456,7.228030156501037,17.759907999436386,10.535627446048721,17.730329379688836,57.48313643347071
287.497,287.561,USV_95,0.06399999999996453,,,None,,,,,0.008797857910394669,0.03302471454326923,15076.280688329776,14705.494744818865,0.00015744378679956731,30382.21153846154,23630.058794980872,2.7847265032018993,5.2742901182338935,5.630282546059076,16.823179929351202,11.216889389686319,15.319352992358422,58.49144162492955
287.642,287.777,USV_96,0.1349999999999909,,,None,,,,,0.008947493508458138,0.03612359964622641,16823.81190765406,14960.924989781384,6.132214328826273e-05,31563.67924528302,20028.310113156756,2.23073125870437,5.497764749562159,5.674307028650292,17.29544346295958,11.002460256620541,14.213113748527915,62.16726079546651
287.844,287.861,USV_97,0.016999999999995907,,,None,,,,,0.007774462923407555,0.04283311631944445,15934.435929704943,14683.603034260417,6.289149089607671e-05,30781.25,17023.42043692577,2.569113168513239,5.804283303822222,4.35291008778866,13.61726759121247,13.142267467587423,14.142699577016618,51.437979902557565
288.029,288.088,USV_98,0.05900000000002592,,,None,,,,,0.010013733990490437,0.037490234375,16096.695099688686,15166.74621568518,0.0001300287834579482,30746.25,22406.08986851513,1.8826807351271955,6.753299591198941,4.825655685542891,16.759471994492447,10.015900120341906,16.00285884085019,58.66693747567543
288.215,288.23,USV_99,0.015000000000043201,,,None,,,,,0.009017277508974075,0.01953125,16229.428418019132,19678.397294311235,0.00030310938227212896,31218.75,26272.59319451303,2.5006535045411473,3.2222875868611736,3.892174583606685,13.122304103524396,11.697163310793531,15.761731183199094,44.14536351735181
289.32,289.403,USV_100,0.08300000000002683,,,None,,,,,0.013240698724985123,0.03322466681985294,16220.870226345296,15822.940296884168,0.00011381580308706394,31447.610294117647,24157.926287412105,2.5370707077001216,2.9771749173680044,5.792974149005646,15.862860909286868,11.458640797189183,15.456166952746306,60.37298916207129
289.464,289.605,USV_101,0.14100000000001955,,,None,,,,,0.011151245795190334,0.031902521306818185,15831.953314183007,13925.682207712804,1.945143084872078e-05,30865.909090909092,24654.60461955751,2.5217710770779966,4.495776464213679,5.015123545045881,17.114616660248288,12.175051831291523,15.445889237613443,61.216165149281906
289.731,289.808,USV_102,0.07699999999999818,,,None,,,,,0.009519915096461773,0.054388230846774195,18405.07339058828,13988.866748982105,3.148276736029297e-05,32349.798387096773,26608.19962519143,2.4285572816311567,6.461436766339144,6.62970730180919,18.154369794413604,11.210268019781648,14.737164466747586,62.53742064425178
290.302,290.409,USV_103,0.1069999999999709,,,None,,,,,0.010202213190495968,0.05217052641369048,18700.73868637335,15902.684998561648,0.00010815616420360777,37082.58928571428,23330.481249732016,2.4068073530085794,3.5084674966028913,5.482101125152541,17.619098538329354,10.401686685248318,13.873821239543433,62.98084382404173
290.889,290.949,USV_104,0.060000000000002274,,,None,,,,,0.00988091342151165,0.053583984375,19122.941437029956,15275.097399248461,0.0003732959048148281,31653.75,25797.557230973387,2.517218676930011,6.556082127218909,5.13611517539513,15.835442266004453,11.116104412072481,15.897106460357902,59.87923249799269
291.086,291.14,USV_105,0.053999999999973625,,,None,,,,,0.0063867573626339436,0.039380944293478264,17260.74989776851,15348.497132968288,0.00017706027544680722,31834.239130434784,24792.080730665148,2.7732084845458034,5.341953430127372,4.821063052323326,16.160474249384688,10.765112390037219,14.63045458919586,58.074584342346576
291.383,291.415,USV_106,0.03200000000003911,,,None,,,,,0.008250712417066097,0.023332868303571428,16364.077546450124,17877.166163834918,0.0005686971805842448,32263.39285714286,20009.531168868318,2.4885876746125706,4.971774855880595,4.661850684836174,16.103734169479395,12.542365401565245,15.196840681794857,52.314197718094455
291.746,291.768,USV_107,0.02199999999999136,,,None,,,,,0.009391016326844692,0.042902166193181816,18716.248396794163,16669.362090579343,0.00022259561513614826,31610.795454545456,26548.752783806736,2.271669852735542,4.7795027680570055,5.964618656226777,14.890002301513897,9.647677356928112,14.735856554792086,51.655170687337325
291.824,291.846,USV_108,0.02199999999999136,,,None,,,,,0.007842609658837318,0.023881392045454544,17609.918870048215,20219.249246309817,0.0012483482256677358,32914.77272727273,22526.817471031438,2.3664616077665745,3.6162406469006854,3.7047248387256757,12.166693457280049,10.09774900021366,14.010079426185063,49.00696099392303
291.939,291.993,USV_109,0.053999999999973625,,,None,,,,,0.008523029275238514,0.03202488111413043,15184.753958943664,16320.59887730784,0.00021675038815665356,31010.869565217392,24171.79249708829,2.512961787385605,5.855324780196093,6.238814832212401,17.59258566391519,10.977361632926101,14.85555828775165,57.50969294683088
292.305,292.373,USV_110,0.06799999999998363,,,None,,,,,0.009514275006949902,0.021963936941964284,14734.31308440877,15988.589835780544,7.965393390526305e-05,30244.41964285714,20626.577789407656,1.8468991783676587,7.08782539782996,4.97824979255235,15.529523769824456,11.899673459549442,13.873844882420645,57.80374552187113
292.406,292.426,USV_111,0.01999999999998181,,,None,,,,,0.011764852330088615,0.0333984375,15788.440764414936,15544.525355849497,7.988399908707356e-05,29118.75,23952.469854580162,1.505891832197763,2.5771680012665037,4.786365062104754,14.357849508952759,8.162439972516689,14.51891748656028,51.31003286647403
292.457,292.526,USV_112,0.06900000000001683,,,None,,,,,0.008254444226622581,0.04265485491071429,16710.348973684937,14782.752575029339,0.00013409750012942728,30863.839285714286,19298.540610190576,2.876640047084329,4.117249535018394,5.145081362017579,17.38766712281536,12.941207161846526,15.05391674315552,59.813285262965806
293.427,293.496,USV_113,0.06899999999995998,,,None,,,,,0.010436460375785828,0.03514753069196429,14968.48619985498,14243.098726639319,0.0001294521655722445,28349.33035714286,16073.649250127186,2.2528320495375977,5.1473158324161945,5.2531139983947535,17.0642597133274,11.361611637248561,15.1694280860965,60.1806109570278
294.335,294.388,USV_114,0.05299999999999727,,,None,,,,,0.007094563450664282,0.04261363636363636,18691.701200597665,17181.541068868853,0.0013118236177394418,34934.65909090909,20021.372556308375,2.254300106885839,7.555617505619744,5.070007114328562,16.590424139541057,12.031888468677334,15.50019012772234,57.98015827295446
294.478,294.525,USV_115,0.04699999999996862,,,None,,,,,0.008832927793264389,0.02333984375,15005.904760498112,15392.76843126691,0.00017220226403811452,29995.3125,22358.4588780705,3.424719023756566,5.704208068462967,8.937084728362604,15.040709057314917,11.651757035843326,14.761670475147628,57.0302157728206
295.418,295.459,USV_116,0.04099999999999682,,,None,,,,,0.01178515050560236,0.0238037109375,14755.556968679086,15761.361803747403,0.00011195439954996201,28875.0,24279.444552876404,2.4101736098168054,6.637660795214193,4.719004949643258,16.7801538407407,12.110691130852564,15.023618112467139,55.17186069323416
295.513,295.521,USV_117,0.008000000000038199,,,None,,,,,0.007297534495592117,0.027783203125,16450.026809843195,19284.67335632015,0.00014714184985073839,31012.5,26423.67862990916,1.2685131303792692,3.06240136294623,4.733114228824805,12.531352106157865,10.238442183046311,13.304855502189985,36.07357524649476
295.829,295.84,USV_118,0.010999999999967258,,,None,,,,,0.00806295033544302,0.016927083333333332,15515.025853262225,18023.481914644282,0.0002058963657160136,29937.5,17345.540816379453,2.013489514002275,3.807926900509745,6.141901331543216,14.82102856329483,10.155191021584528,14.075970296415255,45.04677862849237
296.027,296.142,USV_119,0.1150000000000091,,,None,,,,,0.009158173575997353,0.031281844429347824,15486.387602825054,14751.780411765587,7.555939734625282e-05,29977.581521739132,21384.772204206776,2.866052653641799,5.016605849816796,5.595814526516121,16.98350648741329,11.249969258203924,14.680372876099277,60.84833706859713
296.205,296.316,USV_120,0.11099999999999,,,None,,,,,0.011771228164434433,0.04285777698863636,16847.675894392774,12924.551770251297,0.0001385783385440862,28698.153409090908,20358.09010644995,2.3205231541554885,4.28346961555199,5.213649488818775,17.11742892797777,12.323636465825057,16.13947126316021,63.89929912359432
297.304,297.35,USV_121,0.04600000000004911,,,None,,,,,0.007809539791196585,0.03597412109375,17332.79548871745,16735.31357809736,0.00021605537260427723,32217.1875,23865.680674919065,2.671179424038696,5.526878397109548,5.363756327859206,15.60151924711169,11.037876002602998,15.904641880401817,55.982093831275236
297.43,297.448,USV_122,0.01799999999997226,,,None,,,,,0.0073678577318787575,0.035346137152777776,19136.49928702525,21287.60552501153,0.0011591543276816174,34718.75,25368.756424800304,5.669936354575919,6.56492093623809,6.6164586055538885,14.694050646752077,11.049791645403168,13.584052331607566,45.180123176968806
297.478,297.588,USV_123,0.11000000000001364,,,None,,,,,0.012266277335584164,0.053466796875,17688.556462990633,13365.40753852607,8.812390408602738e-05,29590.909090909092,21418.58965880345,2.3412056227727573,6.683776802650757,5.3113952357569465,15.652980577945579,12.953376125235026,15.411374698263897,63.84396318650226
297.678,297.812,USV_124,0.13400000000001455,,,None,,,,,0.012842653319239616,0.05814232016509434,17365.088111706762,12725.081257429962,0.00010234674376377344,29508.254716981133,20393.698949977443,2.505532552080642,5.226741836377824,5.503687001560158,16.014156166342513,11.927075431368463,16.059513824163965,65.15758629018853
298.09,298.203,USV_125,0.11299999999999955,,,None,,,,,0.010006720200181007,0.046929253472222224,16895.303791728933,13495.940671806775,0.00015053438989748636,30054.166666666668,20045.960787585725,2.6293144523504925,5.409455039030652,5.699413612135418,17.276842734914396,12.306179947782352,15.531591088337272,62.5985162413006
298.313,298.44,USV_126,0.12700000000000955,,,None,,,,,0.01128535158932209,0.0571435546875,16555.59151061015,13462.44740571385,0.00012602554066798514,28702.5,19766.51772718889,1.915557795352618,6.497729507674073,6.154949818908595,17.14018049457945,11.388431449343786,14.948961982867893,62.82993207078489
298.536,298.552,USV_127,0.016000000000019554,,,None,,,,,0.0069228485226631165,0.02886962890625,16947.710069177414,20339.101456674245,0.0005529054227244744,32824.21875,26437.367772663016,1.421679803519952,4.222479592134034,5.9935598858215835,14.89109618868061,9.584345933757213,14.431276332773152,44.45650500901057
299.055,299.069,USV_128,0.014000000000010004,,,None,,,,,0.010028205811977386,0.00531005859375,18601.180694709805,23065.532024378674,0.0006749191085453051,34089.84375,26722.943083408038,2.2852354586561634,6.610571076478447,6.0171347312948384,14.806399676997671,8.972275558242268,14.984877822691775,41.78589159224762
299.193,299.228,USV_129,0.03500000000002501,,,None,,,,,0.008058030158281326,0.037017822265625,16545.19861083617,15323.682369935046,4.8397050467204e-05,29396.484375,25640.95321935889,2.6580017359362196,2.8077012926371085,5.448922743734778,17.65504353094441,12.96530631677371,14.108643918704363,57.23935003558218
299.325,299.436,USV_130,0.11099999999999,,,None,,,,,0.010007749311625957,0.05605246803977273,16771.740090570438,13242.847908488066,4.5344027494115395e-05,29450.284090909092,20661.38969642531,3.3530372924985454,5.580026169810028,5.842729365843397,18.404053007623723,11.059125037552171,14.784775498492497,63.36795111462734
299.562,299.586,USV_131,0.02400000000000091,,,None,,,,,0.008831178769469261,0.03870738636363636,15843.422344875697,13641.867685152143,3.538867650591888e-05,29088.06818181818,18459.837916498258,2.158870899622278,1.6714532388554424,5.875551697937874,16.642036365080894,10.662113079468494,14.177872356007278,55.85116045060515
299.713,299.768,USV_132,0.05499999999994998,,,None,,,,,0.009921443648636341,0.018915591032608696,15769.940311317292,15110.146863661985,0.0001932366116467774,28838.315217391304,17998.49547174013,2.4856044132872217,6.121486760312233,4.483582376083715,16.718416346345574,11.886794492953712,15.432180477099363,59.131599018556656
300.355,300.385,USV_133,0.029999999999972715,,,None,,,,,0.008999928832054138,0.016026088169642856,16800.59357502159,18813.988772058503,0.00015601058539727974,32216.51785714286,27390.515189817375,2.3371033412799376,4.653274797795603,5.069019934019368,11.77982191365692,10.33386510009655,13.507613238929238,51.63401345270659
300.452,300.467,USV_134,0.014999999999986358,,,None,,,,,0.007015197537839413,0.020233154296875,18276.9841166512,21696.559182773948,0.0005801234006262693,33070.3125,20050.299697122202,2.0888247339148687,5.106496198901448,5.4276151776540775,13.419888348767554,9.134571002348837,13.330599282314463,43.60384822576381
300.5,300.56,USV_135,0.060000000000002274,,,None,,,,,0.01005280390381813,0.018671875,14682.10703858908,15622.699215170285,7.551368927592938e-05,30153.75,22575.85447654048,2.6647061572711777,6.128326742851682,6.432786228747955,17.432215757322968,11.655788377145694,15.663370495301956,56.75618448828166
300.614,300.646,USV_136,0.03200000000003911,,,None,,,,,0.012057118117809296,0.014142717633928572,14535.633555500486,15147.985120514773,4.300279160157886e-05,28767.85714285714,24014.16033402888,2.6108645883429094,4.1826589197330675,7.954142921773877,18.922556438043614,10.267110593353342,15.79596386750964,54.99556229789037
300.955,300.994,USV_137,0.03900000000004411,,,None,,,,,0.006468545645475388,0.03748276654411765,17239.78887055037,16703.318611111885,0.0003814492239156736,31759.191176470587,16420.32036758753,2.5896954755578356,3.1722846786675047,4.051437112647347,14.139842449865851,10.248418753707007,13.895202225412564,55.729140653286805
301.225,301.281,USV_138,0.055999999999983174,,,None,,,,,0.008046823553740978,0.051089079483695655,17347.274740562516,14852.973042502179,0.00026035873982894515,30032.608695652172,22938.698805205873,1.909721819067957,4.903915672393439,3.893422143832459,16.648804020817067,11.03302948782446,15.001287079477226,60.348975170140974
301.658,301.703,USV_139,0.04499999999995907,,,None,,,,,0.008520994335412979,0.06285978618421052,18549.856146817056,13937.740726562284,4.4003446457638314e-05,31356.907894736843,26045.324305315375,1.9913449168181505,6.374110202086075,5.369324472517787,17.188992977943077,11.16678727861638,15.536795798882975,60.12838541759227
301.894,301.905,USV_140,0.010999999999967258,,,None,,,,,0.03847171366214752,0.0185546875,11672.960685182845,14690.492379135636,0.00014758978821769253,19875.0,14984.6547089038,2.1501003337900806,1.8669773192564039,6.1634088862740635,16.92192821307036,10.030680610790048,14.010006642502299,50.57773677127374
302.23,302.253,USV_141,0.022999999999967713,,,None,,,,,0.00820064079016447,0.02277166193181818,18749.160377180822,18599.6376131119,0.00043428924558974817,33409.09090909091,29414.833185514024,2.318889091335977,4.750760884147788,7.59637765486703,18.274893153098834,11.353895635206626,14.13239223835975,49.7029601987459
302.414,302.427,USV_142,0.013000000000033651,,,None,,,,,0.0069660316221416,0.03606305803571429,18389.748832359164,20252.815938403557,0.0007150310826367203,31848.214285714286,21413.181349167706,2.212173461229065,4.552040579690721,4.921785065324378,17.141394156805827,8.072482932754184,11.130818489196903,42.93444570486434
302.541,302.627,USV_143,0.08600000000001273,,,None,,,,,0.011943076737225056,0.035302734375,16161.544465436773,14338.273152590258,0.00017384009808632606,29766.964285714286,15616.573895596233,2.1749075139293583,5.656548177391692,5.427896378815548,16.99975580891989,11.528115328835575,13.853996169112927,60.585004270657514
302.717,302.798,USV_144,0.08100000000001728,,,None,,,,,0.010060420259833336,0.024436257102272728,15933.165248368172,16782.455929741805,0.00042126660861747684,32755.68181818182,21814.35025096866,2.83854260195371,4.447705591984397,5.646816002946717,15.795379885676422,12.13250086689159,14.000033006064058,58.33306587664846
302.886,303.029,USV_145,0.14299999999997226,,,None,,,,,0.008661541156470776,0.028023856026785716,15918.622125025156,14571.492362676732,1.597201357674937e-05,31808.035714285714,22583.900186509618,2.485420807247071,4.700254048870677,5.342446702990752,17.89307348698085,12.921400842404848,14.456040132458876,61.70856887432223
303.069,303.101,USV_146,0.031999999999982265,,,None,,,,,0.007730416487902403,0.03911481584821429,16423.640455197652,15773.38193491709,9.986613635095899e-05,31526.785714285714,19707.05186057835,1.765445101232288,5.419448513664373,5.302003556084886,14.100368092814932,11.685304467919579,13.449078909624317,54.841926695310626
303.135,303.274,USV_147,0.13900000000001,,,None,,,,,0.012765409424901009,0.03297230113636364,15785.187962059515,13821.72177074732,0.00015226683688289344,29062.5,16659.032627003606,2.0163574725733757,5.987880242163871,5.372757582285466,16.075403709804103,12.63393416186049,14.890433380185545,63.719826869869664
303.408,303.502,USV_148,0.09399999999999409,,,None,,,,,0.01673946902155876,0.03836862664473684,15998.007736460524,12955.7632375793,4.756287916204296e-05,28699.83552631579,19193.450576543008,2.5111635124006413,5.221817058541066,5.234247491943247,15.981374967465477,12.017446043925336,13.884037938588813,63.60667715937899
303.604,303.658,USV_149,0.05400000000003047,,,None,,,,,0.008433104492723942,0.02937117866847826,15256.845817813522,14221.617321317874,3.28256767136078e-05,30546.195652173912,22915.0813136134,1.8642501126338384,4.050779034210713,4.932500287964222,15.20609124468916,11.642086264802861,13.933492867095012,57.77268429300792
303.996,304.064,USV_150,0.06800000000004047,,,None,,,,,0.007674389984458685,0.026559012276785716,15388.244328204064,15348.873630983286,0.00014163831792054658,31027.901785714286,18192.19393927554,1.884599401849681,3.7055482826904353,6.971435275901003,17.241929136881502,11.55567227183572,13.256082775627105,57.77148077183739
304.194,304.238,USV_151,0.04399999999998272,,,None,,,,,0.01769539900124073,0.015483655427631578,12833.649105491384,16523.129410433714,0.0002522850657871693,27375.0,22564.73637019732,1.9795761730151102,3.5541599081077777,5.430703713182771,15.509455747385104,10.451079617157557,15.963620700881643,55.865130867191795
304.444,304.458,USV_152,0.014000000000010004,,,None,,,,,0.009678616188466549,0.01934814453125,17918.598288303165,23157.18935551717,0.0010994017373679276,33433.59375,23709.43366741234,1.97863198560992,3.3109607561914975,7.831768303276285,14.82374812042826,9.328822315378702,12.001946403331937,42.30914463441127
305.166,305.253,USV_153,0.08699999999998909,,,None,,,,,0.011185813695192337,0.04372907366071429,17490.346619826436,14342.589697073805,0.00013088974094781547,31205.35714285714,25139.156008770773,2.3388291236371757,5.461253626691375,5.865125575157829,17.044469127753118,11.617000957294158,15.86989642269929,61.92646627761614
305.336,305.425,USV_154,0.08899999999999864,,,None,,,,,0.010935367085039616,0.06477864583333333,18995.77195794032,14221.251504765427,0.00018063769968105342,31445.3125,23165.337616623412,2.069962201726614,5.186993168430706,4.9662248027458595,14.783301371522896,12.198611596543007,15.630687826261177,63.658965705123286
305.518,305.606,USV_155,0.08800000000002228,,,None,,,,,0.010446215979754925,0.05936802455357143,18096.162663839965,13552.460699702779,7.909068780433114e-05,30886.60714285714,20810.776268473037,2.367593042191222,5.6818579464392585,5.5589612147379945,15.96566020001484,10.570152312601799,16.83162211254577,63.677771782618855
305.7,305.807,USV_156,0.10700000000002774,,,None,,,,,0.012033944949507713,0.05435819404069767,17516.79674324087,13148.345028396325,0.00010898476706684388,29572.674418604653,18965.558322280966,2.4365241531481474,6.596138139863596,5.801753665000592,16.467753880842633,11.206542385516398,14.8607883591937,64.10594620082365
305.873,306.01,USV_157,0.13700000000000045,,,None,,,,,0.010963015258312225,0.05101634837962963,17293.521798937432,13727.316263613106,0.000127474601094848,30545.13888888889,20796.44570256082,2.522557926858061,5.042990802171152,5.722559708647089,15.860941949492656,12.607662021810969,15.294758964733749,64.23042428227107
306.073,306.115,USV_158,0.04200000000003001,,,None,,,,,0.01005545537918806,0.010999891493055556,14006.996797425474,14851.679367037781,3.36386887174115e-05,29161.458333333332,21672.776372988865,2.65514260658796,4.523748877100634,5.031161361560608,16.1161816798473,11.132368504464887,16.845076101163208,56.67584225114666
306.351,306.381,USV_159,0.029999999999972715,,,None,,,,,0.009233717806637287,0.022391183035714284,15455.187735762074,16385.226278636044,8.94691263008488e-05,31700.89285714286,16598.611630566575,1.2364116564329137,6.4256671435966215,6.676633886661796,17.300140410973214,10.948358256725472,13.603326404846033,52.385931112947034
306.504,306.639,USV_160,0.1349999999999909,,,None,,,,,0.010310718789696693,0.02268665241745283,14613.831475965275,14937.70049634268,3.554333429904205e-05,31475.235849056604,18424.77290020783,2.323372622625973,6.058616724433301,4.428935500374252,17.007979961506585,12.116929977237541,14.453582847951557,60.365812993484894
306.78,306.812,USV_161,0.03200000000003911,,,None,,,,,0.009909233078360558,0.01318359375,15832.743073695316,17917.725966137285,0.0004293211635065304,32571.428571428572,26887.45244417979,2.7075194789979244,4.540261593293254,5.229002943663606,15.038390999828144,11.435772380957701,13.899737567138944,52.179298455854344
306.896,306.958,USV_162,0.06200000000001182,,,None,,,,,0.007053627632558346,0.026414137620192308,15291.157231923471,15096.608499187187,5.1032326137540905e-05,31096.153846153848,19432.415699263875,2.929505029329574,5.006972902014467,5.015074262938082,17.243544159134956,12.022142748214149,14.304544723839971,57.647748965367946
307.084,307.097,USV_163,0.012999999999976808,,,None,,,,,0.009458783082664013,0.022321428571428572,19261.46846145705,18245.440419664865,0.00047364701008241337,31339.285714285714,21397.803443607263,2.2515405676586275,5.953180639873225,7.674892610406282,15.401286866930347,9.632891685803312,13.620539096113417,45.62864862734508
307.169,307.216,USV_164,0.047000000000025466,,,None,,,,,0.007885174825787544,0.0253662109375,15870.790903809397,16356.678068705392,0.00018056391128312777,31800.0,18693.929834662737,2.0685614793640474,4.814510275744131,5.266489443852568,15.391466149784453,10.907921071137473,13.51889248083271,55.710428393046485
307.499,307.575,USV_165,0.07599999999996498,,,None,,,,,0.011693039909005165,0.05852287046370968,17866.34305583335,13366.567541299286,6.562006483794232e-05,30514.112903225807,22932.978820330132,1.993507209672185,5.454315899979636,5.466971019237715,16.563314555579286,11.407852276558911,15.30488558065365,63.67342779270173
307.677,307.791,USV_166,0.1139999999999759,,,None,,,,,0.01124007161706686,0.05402560763888889,16691.664921689466,12657.125088452918,3.0378560864374535e-05,28829.166666666668,18588.982472539887,2.901938620637476,5.729046658514026,4.8247005809762715,16.351146396310018,11.27469135376825,14.024640177444878,63.49197462176657
307.859,307.929,USV_167,0.06999999999999318,,,None,,,,,0.009272687137126923,0.02016264816810345,14496.624769293292,14587.441534771864,3.847416679547253e-05,29637.931034482757,19352.282571871947,2.680814791365759,7.24121005137049,4.779514736910257,15.747174305902293,10.635097405452905,14.567469861938424,58.76327825244197
308.228,308.243,USV_168,0.014999999999986358,,,None,,,,,0.008002139627933502,0.01800537109375,18684.80955385096,20934.92205878953,0.0005489392450115358,32484.375,23038.304681935508,2.4200351296919616,4.914877335560966,7.356381986056045,13.386313796355314,10.81243195074886,17.056603154353958,44.47154754184277
309.057,309.094,USV_169,0.03699999999997772,,,None,,,,,0.007220541127026081,0.041015625,17063.64393275467,14220.564852520798,0.00010081575082238634,29958.984375,15322.090749460629,3.8566983526736056,5.6891304427479366,5.227900917782991,14.032895516784944,11.003050610330492,14.450722808770593,58.616518319871446
309.228,309.323,USV_170,0.09499999999997044,,,None,,,,,0.012612409889698029,0.04808927837171053,16956.49304192331,12514.758242916014,3.8673706385900965e-05,28907.072368421053,18055.937418759964,2.828809234601529,5.485096294572915,5.538660029789922,14.651341834165189,11.776584410904453,14.751448033733443,63.37260447383173
309.435,309.538,USV_171,0.10300000000000864,,,None,,,,,0.010600724257528782,0.0318335556402439,15636.233684308463,14132.458536133448,3.91280475870386e-05,29785.060975609755,18564.39880043046,2.176152288059434,5.918742934267591,5.625849677532875,16.195148128060247,12.179972357761354,15.577801426203289,61.94284323203038
309.819,309.832,USV_172,0.012999999999976808,,,None,,,,,0.009750159457325935,0.008021763392857142,15215.483111024909,18196.416048364445,0.0001712609290396247,29290.178571428572,17127.446215548098,2.4159228725214965,5.410125381068858,3.498377467385438,14.059828373477975,13.534825146729517,15.485351183607905,43.28461457561197
310.651,310.689,USV_173,0.038000000000010914,,,None,,,,,0.009818513877689838,0.026252297794117647,16542.699265578965,18459.190190682046,0.0002417380411288836,32553.308823529413,26707.944200403683,1.847978549150798,6.195325050794892,4.654166832000295,16.143627006032347,9.154389529921028,12.907111337213934,52.64174002202607
311.885,311.974,USV_174,0.08899999999999864,,,None,,,,,0.00889802910387516,0.032341851128472224,16851.597271405495,16187.693183067795,0.00012275180378254705,32085.9375,24032.917208209095,1.8329724903927835,6.353840640724321,5.496145283160451,17.161400141990562,11.385477293199337,16.16527767145031,59.62032239734472
312.039,312.105,USV_175,0.06600000000003092,,,None,,,,,0.008060098625719547,0.04161241319444445,17885.616149647052,15907.859913556455,4.318536709457403e-05,33937.5,25806.107389688208,2.119653347887597,5.843892187941941,5.588943363375953,17.902030312892695,11.8033480485944,14.777938144386539,59.42693166923833
312.32,312.373,USV_176,0.05299999999999727,,,None,,,,,0.010114503093063831,0.012007279829545454,16229.004945171859,17227.452815148114,0.0001368720121665232,33882.10227272727,24833.042128577796,2.8977946892704893,5.021910240710565,5.278428346471476,16.498272873006048,12.308553496395575,15.220745733908375,56.89030686271569
312.538,312.564,USV_177,0.02600000000001046,,,None,,,,,0.006887234281748533,0.026692708333333332,16642.170449669804,15795.894135722985,6.11365858299605e-05,33281.25,28656.698237666573,1.341870532760933,5.9672029181692645,5.382367032977505,16.280066011522162,11.436383176193376,13.907179526622514,53.64822286719979
312.67,312.712,USV_178,0.04199999999997317,,,None,,,,,0.005296814721077681,0.04684787326388889,18896.789312069646,16875.688138941357,0.00038822150932624113,34182.291666666664,24191.226576640478,2.500787719052395,4.086994466475308,5.304675848008191,17.062456022439562,10.661594358371499,16.092871942301855,56.48777400860135
313.061,313.098,USV_179,0.03700000000003456,,,None,,,,,0.008908649906516075,0.01800537109375,15495.351159296013,16864.65291261005,0.00022189210437278595,31406.25,16150.53837310485,2.601500195993665,4.788123081827654,5.29227133648434,15.791817290946797,10.29236392539234,14.579193185515667,54.323107480890876
313.722,313.774,USV_180,0.05200000000002092,,,None,,,,,0.010655749589204788,0.01480379971590909,14363.648307598574,15537.456848865933,0.00014665921783972187,30796.875,24237.433680965278,1.8360855554628268,6.108522789427311,5.623359758825891,17.75764977743858,11.659168539606656,14.61353288396795,55.264463512963445
313.864,313.926,USV_181,0.06200000000001182,,,None,,,,,0.008451028726994991,0.024930513822115384,16422.88659798854,15507.082960515614,0.00030595320482881426,30973.55769230769,21038.957267467726,2.576108527882348,5.774237032748291,6.022146142512445,17.491257258763195,11.650299020529198,14.578911070332861,57.86870151040924
314.416,314.432,USV_182,0.016000000000019554,,,None,,,,,0.020365361124277115,0.014007568359375,14368.113572281287,20141.645009467506,0.00037188305091542307,29039.0625,18187.754491746466,2.7740333868542186,1.8280696514574273,4.343265485302723,16.042413018922332,10.074922074872426,12.909184759150957,44.94336769902968
315.191,315.248,USV_183,0.05700000000001637,,,None,,,,,0.008786607533693314,0.027557373046875,16305.219960522189,15763.050060034513,0.00046948760978279217,30382.8125,19344.055074249536,2.073982379749842,6.375282599317768,4.506465006133376,15.993192773417325,11.584666825211258,15.059882305340944,57.66619836477386
315.368,315.441,USV_184,0.07299999999997908,,,None,,,,,0.010388532653450966,0.05984700520833333,16976.59194922288,12486.517638666684,5.4885991277765866e-05,27950.0,19685.29508204958,2.5921566982823436,6.510352596329292,6.01163100552747,16.50507516995069,12.343330384470331,13.717836431679725,63.910497618545456
315.543,315.608,USV_185,0.06499999999999773,,,None,,,,,0.009306327439844608,0.05275245949074074,16761.91237839841,13755.851138088878,7.252588089935025e-05,28517.36111111111,24817.04483237215,2.5489114909807795,5.981731649985774,5.99446618326972,17.507880948193048,12.147655601146512,13.912241717489426,61.52731855908501
315.736,315.8,USV_186,0.06400000000002137,,,None,,,,,0.009521163068711758,0.02222618689903846,14921.233223663901,14287.310856666689,0.0001892794308820668,28503.60576923077,18485.990401045965,2.6780701864757837,6.374867761332145,6.31972179730722,17.029573954189743,10.89747466090778,13.934482303963371,59.394367932493964
315.92,315.942,USV_187,0.02199999999999136,,,None,,,,,0.0072845639660954475,0.02434747869318182,17789.925668967622,20783.84180400305,0.0008007212789439732,32838.068181818184,22256.023520995506,3.384331000549849,5.528925423999703,5.409632752956612,13.899082682640643,11.135091547337872,12.992631849991444,49.24004899970735
316.264,316.308,USV_188,0.04399999999998272,,,None,,,,,0.00897189136594534,0.025506270559210526,15305.025119491042,14334.26317567197,3.4719684144189845e-05,29427.63157894737,20551.737905939855,2.428053327438723,4.642535071865156,6.276024977133548,16.030213950308035,12.528556328087157,15.10328402962873,57.127215843577474
316.45,316.528,USV_189,0.07800000000003138,,,None,,,,,0.010357346385717392,0.0543060302734375,17196.73750391641,13141.17747759309,7.194325998129524e-05,29654.296875,19984.949435476185,2.233605526038108,5.860977207076442,5.313385204598456,16.56848793850393,11.613956775779254,14.43776959373546,63.59379783758619
316.639,316.663,USV_190,0.02400000000000091,,,None,,,,,0.008162409998476505,0.047407670454545456,18962.356176131867,18563.20150648912,0.0006678378027390148,31943.18181818182,22737.329765494676,2.3208813143040317,3.317150233701995,5.678429910458458,13.190960843217443,9.639819079797114,13.751409921238002,53.022523268483724
316.846,316.881,USV_191,0.03499999999996817,,,None,,,,,0.008535617962479591,0.03463541666666667,16388.421414974706,15211.857687276972,0.00019265045096312776,29637.5,18132.92903270154,3.1145451814414904,6.474606013541977,6.524645062695752,16.687026078300136,10.676631291009178,16.418399389891086,57.6697633354353
317.0,317.056,USV_192,0.055999999999983174,,,None,,,,,0.009193179197609425,0.044497282608695655,16347.335814649376,13424.339708465628,8.151006279493387e-05,28826.08695652174,18643.544906856154,1.8375310853816746,6.480705246295167,5.854842151304797,17.193119848890568,11.580330951788266,14.438143583235444,61.39867093684224
317.183,317.262,USV_193,0.07900000000000773,,,None,,,,,0.011207126080989838,0.0534820556640625,16664.52329758527,12521.134057348601,0.00013841743698481162,27503.90625,18993.897289167006,2.4198216938234407,6.378777640820525,5.920418305736954,14.259558956156688,11.420875550341723,14.915922649659036,63.44671386764973
317.375,317.477,USV_194,0.10199999999997544,,,None,,,,,0.009535245597362518,0.03366163300304878,15284.495432249018,13989.93121738494,8.042699029928172e-05,29266.006097560974,18687.38990000947,2.3935699517973683,6.98025869100072,5.38879041528097,16.982653055743516,11.301279838202761,15.171300211022047,61.35672872545909
317.548,317.609,USV_195,0.06099999999997863,,,None,,,,,0.009209297597408295,0.056044921875,17102.617589775113,14503.134287795481,6.270192615935537e-05,29242.5,24450.459044257317,3.0714903776607567,6.958412579050473,4.851870290143069,16.378124034254803,12.420719234361139,14.76603456274387,60.01549069785183
317.746,317.819,USV_196,0.07300000000003593,,,None,,,,,0.009234982542693615,0.04491373697916667,17237.773993385574,14175.418587759194,5.622861148069885e-05,30993.75,20858.446731090884,2.4464008835014757,4.645399405245394,5.689562537913256,18.130774217765012,11.06183575567049,16.457895935306592,61.62699928810755
317.924,317.99,USV_197,0.06600000000003092,,,None,,,,,0.009821439161896706,0.045012297453703706,16899.117117471545,15312.720459023303,0.00038045524210353446,29475.694444444445,23756.172121049225,2.6346360437336953,5.241933423599239,4.544657798624398,16.460029855756506,11.383137704956058,16.20089181521667,60.85839602898128
318.114,318.241,USV_198,0.12700000000000955,,,None,,,,,0.008561918511986732,0.0245849609375,15371.596940192538,14498.301694986476,0.00010209049555336543,31181.25,19668.1421022669,2.4376932086899656,5.226628861699115,6.3207951219038145,17.22437758215528,12.272772631377043,15.283492385926216,61.087140060427316
318.663,318.716,USV_199,0.05299999999999727,,,None,,,,,0.008996686898171902,0.021384499289772728,15219.341952601477,15668.008670278661,8.362001921238699e-05,30775.56818181818,22573.205821098596,2.374812160378198,6.59240260667064,5.3780997927078245,16.007574743685037,12.544782535931235,15.323945722792718,57.426715228523264
319.503,319.537,USV_200,0.033999999999991815,,,None,,,,,0.009720224887132645,0.007942708333333333,14633.994778605676,17742.00263982464,0.00010844076666191527,31206.25,17887.50787309841,2.427513984022584,5.395394824958686,4.050114598886268,16.072162657413838,11.464577827550446,15.26171727196943,51.681069468962214
319.592,319.626,USV_201,0.033999999999991815,,,None,,,,,0.007746747229248285,0.020100911458333332,15108.842170254598,16640.554520122932,0.0002015424098052608,31368.75,20099.62066955079,2.0150204271841448,5.887955432834612,5.4084252752889626,18.46702752873186,10.251015961858508,14.857283513482079,53.08196405263949
319.902,319.986,USV_202,0.08400000000000318,,,None,,,,,0.009970425628125668,0.03366268382352941,16131.856373526625,14281.95247223683,6.308639975842206e-05,30612.132352941175,23410.958962885263,2.335424183367026,5.809869751806566,5.083643519484124,15.865860496722478,11.703148041238267,15.326167731486036,60.39831551040267
320.139,320.153,USV_203,0.014000000000010004,,,None,,,,,0.007163606118410826,0.027099609375,16649.947111633457,17150.399440360157,0.00015350666259403092,29894.53125,18915.271416650114,1.2239601159224454,5.238360795610162,5.8635358732450795,17.783243171895194,12.043144352022281,12.822437577352023,46.20009488626265
320.185,320.282,USV_204,0.09699999999997999,,,None,,,,,0.009099953807890415,0.021778595753205128,15753.175307132724,15226.399131402271,0.00026059657098617315,30713.94230769231,20202.164684451287,2.52742346840345,5.581304196040547,5.156960987708525,16.210343352287417,12.136432776794615,13.722568287857017,60.08830518246761
321.655,321.722,USV_205,0.06700000000000728,,,None,,,,,0.009109990671277046,0.021327427455357144,15691.669187294165,16993.31679791129,0.00024177740544867806,32829.24107142857,17583.66741319301,2.52336075189327,6.203726481969922,5.297505497959639,16.815064338703397,12.380882252926034,13.883123603465648,56.74562265488481
321.833,321.875,USV_206,0.04199999999997317,,,None,,,,,0.006466780323535204,0.035563151041666664,17417.244987596245,17077.22603645635,0.0006523687871821832,32401.041666666668,20048.30859206005,2.155070608125672,3.2331426710737334,5.23530845544092,15.990500751582651,10.750325028245719,14.633975198700805,55.069153925312534
322.112,322.148,USV_207,0.036000000000001364,,,None,,,,,0.011383024975657463,0.01800537109375,16410.915407538872,14249.282264649202,0.00019948232349620792,29683.59375,21796.793094709286,2.214124451462747,4.5560106365422435,5.6960777074205815,17.758929381058696,14.025875807483436,14.113064004452475,56.70233161738389
323.148,323.254,USV_208,0.10599999999999454,,,None,,,,,0.007826396264135838,0.03726050967261905,18260.578226663765,16838.015268719922,0.00014087334949411818,37410.71428571428,27038.48208058357,2.5003432636388765,5.311350629472967,5.450221067789313,17.767361760538474,12.810342782644433,13.204863006098295,60.62578293177927
323.723,323.78,USV_209,0.05699999999995953,,,None,,,,,0.008900757879018784,0.028391520182291668,17889.61056470725,16628.765327892048,0.00016446386207742756,32515.625,25655.458075282804,2.381950041302612,6.642739166289421,6.557286006948245,15.658917391268076,11.542452307679662,11.922057741504352,58.100216767640745
323.932,323.952,USV_210,0.01999999999998181,,,None,,,,,0.006024332717061043,0.046875,20034.668316121853,17626.353100045446,0.0006508830616162323,33328.125,25289.90641220665,2.2087130219443374,8.291755457614398,4.4070894153075795,13.962956545794967,10.632680843551979,14.157192645014423,50.323545124111355
324.095,324.148,USV_211,0.05299999999999727,,,None,,,,,0.006983145605772734,0.03467906605113636,17632.24451672232,14855.956769239443,0.00012182195578257435,31836.647727272728,23274.676157400318,2.654572457417008,6.389843241999383,5.839164996521823,16.818642055483977,12.502854558211368,14.743065525646296,58.80720492993801
324.419,324.559,USV_212,0.1400000000000432,,,None,,,,,0.010380182415246964,0.028422407670454546,15817.075605818782,14304.254843706041,3.2637687458250366e-05,30632.386363636364,22524.45240224221,2.377370733927858,6.427066575489218,5.047924941630609,17.93983282233741,12.4903716038605,14.585814202531145,62.185442004619695
324.693,324.741,USV_213,0.04800000000000182,,,None,,,,,0.00829976238310337,0.03682861328125,18718.569371083206,15262.57019062932,6.447146702604075e-05,33890.625,28180.743741907507,1.8757631899217728,6.651396039831728,5.372032446816392,17.640563529562144,10.741949704772237,14.888365294476477,59.00015610042019
325.49,325.611,USV_214,0.1209999999999809,,,None,,,,,0.009839975275099277,0.045074462890625,17289.078756673658,14124.969538472622,0.0001320380416579758,31302.734375,18575.61022458899,2.643741078252798,4.8626797933293,5.747899607632173,16.79215719164467,11.406141153755657,14.503375715402868,63.30049017024788
325.692,325.797,USV_215,0.10500000000001819,,,None,,,,,0.01203690841794014,0.06243024553571429,17230.508382604643,12406.698905369736,3.1192931072214e-05,29122.76785714286,19775.330122007905,2.061835933075642,6.642690240911647,6.27874924694983,17.659513859715624,10.954443804684777,14.047444899249902,65.02026879948568
325.89,326.002,USV_216,0.11200000000002319,,,None,,,,,0.013028526678681374,0.04883922230113636,16153.49359005282,12221.462896326771,2.085224112517822e-05,28212.357954545456,19881.68299977834,2.4862445882931428,5.206843578322392,5.663856889016876,15.46895524118244,10.607631506349064,14.422708492424526,64.54507339030505
326.042,326.178,USV_217,0.1360000000000241,,,None,,,,,0.01076318509876728,0.051057635613207544,16948.756164237493,13534.774384961758,5.750504595488924e-05,31415.094339622643,19624.263043673694,2.25792396310122,7.19517662665492,6.226411535300739,16.838173441498448,10.957967874051946,14.59361522692366,63.62567134544139
326.581,326.618,USV_218,0.03699999999997772,,,None,,,,,0.00977722555398941,0.014739990234375,15063.598021931924,16758.432793706797,0.0001311541709507388,30234.375,19178.01389234396,2.7066538372102813,4.2615954657133335,5.388661325522091,14.911855404919365,12.278266001999452,13.597202359770446,54.3385909268819
327.147,327.174,USV_219,0.026999999999986812,,,None,,,,,0.04520333930850029,0.0133056640625,11236.10235590223,15000.66257098768,0.00013627804787609923,22695.3125,15817.811288827259,2.2471930788295746,2.389559722293295,5.953612845561248,14.976878601570304,10.796111560903041,14.740770431545839,55.66378218913824
327.216,327.239,USV_220,0.022999999999967713,,,None,,,,,0.03448641672730446,0.01473721590909091,10267.239596876023,14190.780910456198,0.00032754317039191734,18698.863636363636,14769.230769230773,3.435943544433724,2.9459264184694787,6.068001126205974,15.128603023350001,10.899969063958881,14.465154251945727,53.37841808012568
328.325,328.355,USV_221,0.03000000000002956,,,None,,,,,0.007420376408845186,0.025233677455357144,16847.35600436624,17663.02285958723,0.00023087209674238978,32156.25,24362.716147492356,2.8005963543804566,6.229261780464933,5.433726739990242,16.415011669298945,11.420508441394372,14.69591726759701,52.42426868971324
328.48,328.517,USV_222,0.03699999999997772,,,None,,,,,0.008862308226525784,0.0375518798828125,18506.030509315176,15814.576107154984,0.00014171802688015317,33140.625,26225.535980381275,1.8104020028124153,4.802804843483336,3.955321577048194,16.828249615490957,11.451185621175352,13.924487059005761,56.9965583446663
328.636,328.762,USV_223,0.12599999999997635,,,None,,,,,0.012805863283574581,0.0415576171875,17211.599989855433,13812.639755646558,2.558234405613342e-05,31700.625,23007.919237082522,2.6629704934398095,5.218245667487718,5.7299967775712695,18.641071544705643,12.581920797685918,13.251070403345885,62.90095714043557
328.868,328.922,USV_224,0.05400000000003047,,,None,,,,,0.009243219159543514,0.01767365828804348,16466.43000846687,16928.86006530982,0.00037731334262363015,31663.043478260868,25982.51508045758,2.2890719243267914,4.159636755314343,5.907914537020642,17.145637482103815,13.675664118383004,13.955033115059482,56.267731193647805
329.317,329.46,USV_225,0.14299999999997226,,,None,,,,,0.009960283525288105,0.015106201171875,14552.963870430487,15111.253787478976,0.0002094269668567145,30855.46875,21272.252163326873,2.7087965325089463,3.8162595056457413,5.116410312831135,16.535937354582405,11.75575237001362,15.021430517645737,60.634220656226546
329.567,329.675,USV_226,0.10800000000000409,,,None,,,,,0.01014137826859951,0.03040970203488372,16359.6587183887,14032.992558377231,4.083011863829991e-05,31083.575581395347,21666.955325031606,2.4846580362081983,5.164358746635821,6.25150361117243,17.676888157722807,11.914894014921996,15.4895705463992,61.40831099344455
331.88,331.926,USV_227,0.04599999999999227,,,None,,,,,0.008225705474615097,0.02537841796875,15060.643428863617,15456.484887607188,0.0002612311198469538,31453.125,23054.354969715874,1.8976494573373592,4.5766987556008845,5.411867387457506,17.63381266344286,10.84482160264302,15.542583426596988,56.9700850355019
334.576,334.717,USV_228,0.1409999999999627,,,None,,,,,0.010454587638378143,0.03197798295454545,16164.98950453537,14588.062664433693,1.5041036922787743e-05,32149.43181818182,25503.239217074166,2.1534400640510096,4.092600249014758,6.973714263201354,18.650947065526402,11.608525464909478,14.482642019849838,62.175020845081164
335.287,335.368,USV_229,0.08100000000001728,,,None,,,,,0.009785700589418411,0.02431048768939394,14968.137883053825,14946.380575022855,5.1281749122920786e-05,31036.93181818182,23976.027298046978,2.283205302930269,4.291203714986394,5.183865187758349,15.874090770609424,12.189685629079547,15.763021393381315,59.66193101660922
335.49,335.559,USV_230,0.06900000000001683,,,None,,,,,0.006860700901597738,0.03514753069196429,17625.07820344303,15444.205157856257,0.00013330514599292607,32588.16964285714,27607.700334558736,2.527555741538326,5.3224011522435095,5.168998026659152,16.896092754131157,11.320467377632946,14.789776703284499,59.97620854420527
336.306,336.322,USV_231,0.016000000000019554,,,None,,,,,0.008289827965199947,0.022430419921875,16133.11663215714,18920.946174657027,0.00025694479047886026,31078.125,14883.217354032893,1.5238353237477547,6.651397781952983,5.207394224548695,16.350998914778774,10.442927578181859,14.185693978841945,46.10566566639075
337.652,337.712,USV_232,0.060000000000002274,,,None,,,,,0.006441294681280851,0.027275390625,16323.27940705119,15989.087919608965,0.00020207535227494445,32287.5,17696.069857221013,1.9588110709471769,6.44578052741879,4.825966656767082,16.94453151271141,10.258001476519935,16.013091171382467,58.09561765400163
338.181,338.261,USV_233,0.08000000000004093,,,None,,,,,0.008884308859705925,0.02791595458984375,15535.531287973574,15180.897150812105,0.0001118326247307439,31312.5,22513.638420264433,2.0429619897167197,6.904376168462014,5.107066986908706,17.26771390664106,10.7498279154154,15.586727362287151,58.759889986811295
338.325,338.347,USV_234,0.02199999999999136,,,None,,,,,0.00782853364944458,0.02838689630681818,18579.174177000918,18647.574906629885,0.0007221419355616135,34133.52272727273,27053.081407689377,1.7354154259316155,4.37986641731767,5.077391466466278,13.800307483156594,11.744712259327374,15.137222093081647,49.544542707476666
338.444,338.505,USV_235,0.06099999999997863,,,None,,,,,0.01001929771155119,0.0226953125,16143.78743982025,15849.175367855283,0.00012712992264818948,31102.5,24273.369658152,2.6721646923920472,4.6476852953751395,6.748202897231,17.98643503823886,11.640302914953567,14.673326223571598,58.04751838730262
338.546,338.555,USV_236,0.009000000000014552,,,None,,,,,0.008040264248847961,0.018595377604166668,18191.371382358175,19298.217504124983,0.0003112892569257756,33718.75,26483.88534832007,2.4375886870805887,5.6942504510779175,7.54507180109385,17.978771714152625,12.98990368115461,16.969756503964504,39.19196120283237
338.589,338.638,USV_237,0.04899999999997817,,,None,,,,,0.008711175993084908,0.028878348214285716,17432.51485650178,15918.701890383081,0.00016606263721930656,32339.285714285714,25257.514954023973,2.4583778893188004,4.762276899957243,5.128569109329948,16.223438642085448,11.493153493165114,15.254331690566564,57.19820256648872
338.783,338.833,USV_238,0.05000000000001137,,,None,,,,,0.00963225495070219,0.024588448660714284,15632.383678175354,14755.322489492919,0.00022442069907959052,30200.89285714286,20497.231422566845,2.0251585828487366,5.69731781004689,5.559836629388617,16.412615108026337,11.657337703202732,14.619439089685082,57.232936960476266
339.127,339.16,USV_239,0.03300000000001546,,,None,,,,,0.008737961761653423,0.024137369791666665,16061.379469119773,16887.751268660617,0.00028008534538373486,30631.25,21190.81734285499,2.8488481867617326,5.206522437629229,6.573993750042604,17.686682823050752,10.15688536430867,15.359126800462569,53.453102972160835
339.22,339.236,USV_240,0.01599999999996271,,,None,,,,,0.008410627953708172,0.015869140625,16845.72583955474,19385.820865703645,0.00025276173582276226,32132.8125,24491.12331218276,1.9123964016348278,5.538377484364981,6.197758248746592,13.498044100430391,9.494112082912803,11.576014007089036,45.26822751086475
339.274,339.323,USV_241,0.04899999999997817,,,None,,,,,0.00977342203259468,0.015043712797619048,14937.73868135599,15303.35154631424,0.00020668500608530776,30053.571428571428,21436.202325839033,2.843694788777359,5.041941316935319,4.653853595525275,17.504090565517224,10.813784507296482,13.914817074878867,56.27024519378979
339.666,339.685,USV_242,0.019000000000005457,,,None,,,,,0.005861951969563961,0.03876953125,19671.714507413162,18431.26913202389,0.0008811660462359006,34218.75,25319.34951382547,2.8874065727486635,4.716268003380324,6.2293913124946565,13.909506502410306,10.485580752110735,15.267132606600082,50.07876391698151
339.743,339.787,USV_243,0.04399999999998272,,,None,,,,,0.041651587933301926,0.01069078947368421,9333.401954099452,14524.127903217572,6.547453492917621e-05,23797.697368421053,33228.09274193722,3.077483537043851,5.192629650848086,11.524405403818777,18.77329332502057,10.354331984827502,16.388594815283792,55.5100710274207
340.192,340.235,USV_244,0.043000000000006366,,,None,,,,,0.033230971544981,0.009996916118421052,10957.22133971091,15902.214127006788,0.0002832078731253282,25944.07894736842,28863.54858173216,2.159261127938863,3.380736135098184,9.242977858340028,18.606672335344662,9.286981440809777,16.102637531170792,55.570077155366
340.363,340.389,USV_245,0.02600000000001046,,,None,,,,,0.008298658765852451,0.021891276041666668,15149.180206196002,18033.063613905433,0.0005231380209501334,30781.25,15912.016375962987,2.7015143015208896,5.817220898872525,6.495480600469549,16.32152217855617,10.01810217076031,14.32324509238241,50.75292604344279
340.498,340.513,USV_246,0.014999999999986358,,,None,,,,,0.009079010225832462,0.025634765625,15522.715359977867,17041.918197406452,0.00013171387842000754,30656.25,27422.615170234094,2.9166159036878185,2.373851195617801,9.086867121901038,19.542465889794954,11.426959506952509,15.067763206757915,46.585484787202816
340.66,340.67,USV_247,0.009999999999990905,,,None,,,,,0.007537698373198509,0.038859049479166664,21373.15997130697,21326.449002387944,0.0009280850351272343,35812.5,24990.590446703296,2.2609401329178427,3.033510742117025,5.126534122722633,13.35490464865279,10.568557154789573,15.344031546247344,40.533586683372896
340.915,340.976,USV_248,0.06099999999997863,,,None,,,,,0.02012433484196663,0.0107421875,10071.347009126306,14069.851385621603,4.090232772451581e-06,26321.25,24221.273875999475,2.645723840964045,3.42648764858283,5.830893239528525,18.854271298678373,10.58186216133965,14.562983291895488,55.33783699245074
342.088,342.146,USV_249,0.057999999999992724,,,None,,,,,0.008396940305829048,0.025370279947916668,16363.383136053375,16917.454212155193,0.00010559732552702928,32738.28125,20905.02585649647,1.4403019148894032,7.050836251345907,5.559011664804541,16.417324437322634,11.65101483501193,14.279165898198832,55.89416199820573
342.206,342.254,USV_250,0.04800000000000182,,,None,,,,,0.009082481265068054,0.027734375,16023.293886543208,14669.723283114066,4.551276821481669e-05,31195.3125,20020.416802966043,1.8691346090672767,7.990572182991056,5.7407346117163724,17.041213348495354,11.651505274261348,16.030215153733756,57.99929474188453
342.32,342.395,USV_251,0.07499999999998863,,,None,,,,,0.013818890787661076,0.015169270833333333,12241.201474133475,14715.028853213054,3.890621222486358e-05,28575.0,27161.11902608364,2.037328505706747,3.2829025767451805,6.0553904403032695,17.914612307172415,11.25605323148624,15.712299162462065,59.28411438712393
342.44,342.478,USV_252,0.038000000000010914,,,None,,,,,0.016161635518074036,0.018310546875,14401.642018272469,17437.172615609143,0.00028017065385993684,29895.220588235294,24433.423099806652,2.6393003590825375,5.513270789655581,8.00007225967104,19.391762025674133,10.674290756613733,14.642085573326646,54.41432839860839
342.902,342.967,USV_253,0.06499999999999773,,,None,,,,,0.009772346355021,0.020842375578703703,16147.88662731424,17584.553983157355,0.0004622495497485375,33777.77777777778,25616.74393748725,2.4909232774119374,6.515611041611438,6.598555487432118,17.103097355251446,10.553666523828978,13.508493718880699,56.974017761649485
343.108,343.257,USV_254,0.1490000000000009,,,None,,,,,0.02953670732676983,0.028800175107758622,13909.544238843133,13826.402953630795,8.393115554289116e-05,28837.82327586207,26005.520363332176,2.2625288040853935,2.6847090177474793,7.307128385693952,19.490628910008652,11.84368859279264,16.279676223190485,63.01026807113108
343.803,343.894,USV_255,0.09100000000000819,,,None,,,,,0.011994386091828346,0.02912531672297297,18172.014453553886,15697.273123712206,0.00013989149147668528,33005.06756756757,25608.189444908166,2.3830381451360316,7.1973667669124515,7.421179928197139,17.82913827222039,11.318508049566413,14.14564877317525,60.243044358357444
343.957,344.039,USV_256,0.08199999999999363,,,None,,,,,0.009808402508497238,0.04179983428030303,17104.605941965638,13959.761513014411,2.5825018209958624e-05,31735.795454545456,21207.43098057905,2.714035451709801,6.801260387258803,6.682013830160242,19.591052482459816,12.637218706322571,14.581925599175884,61.44241751645577
344.11,344.152,USV_257,0.04199999999997317,,,None,,,,,0.009958683513104916,0.04356553819444445,19864.3807720657,16401.272294289807,7.180902921211724e-05,36218.75,27320.096079854367,2.6547050808195833,5.448327797956281,8.149007860144785,19.603729475742107,10.872696109417285,14.74844543254503,57.591299532091675
344.293,344.383,USV_258,0.08999999999997499,,,None,,,,,0.01318791788071394,0.037848578559027776,18095.500843542493,13643.649039933352,4.754581316663626e-05,31973.958333333332,27344.20974744589,1.9764357889908781,7.242522133210023,5.918516624305031,18.45889258363669,11.934364513294408,14.456179871929843,63.32341397668443
344.459,344.534,USV_259,0.07499999999998863,,,None,,,,,0.008467496372759342,0.023030598958333332,15848.632857420105,15491.67695049965,0.0001462598613392484,31737.5,21753.64704903956,1.9722252442733,5.685583883025278,5.203618785293116,16.970175250444505,12.883534381293373,12.89576688909117,59.724636486047366
345.264,345.278,USV_260,0.014000000000010004,,,None,,,,,0.011333052068948746,0.027191162109375,15842.939704106127,20512.471967780344,0.00042369445031802523,30164.0625,21744.325383044044,1.2552215225089862,1.1354143237564718,5.136337831858546,18.692338032909426,10.40031732943584,14.991626872143103,43.574500283590766
346.348,346.43,USV_261,0.08199999999999363,,,None,,,,,0.009417920373380184,0.04011304450757576,17638.018846903098,14695.946523306766,0.0001291171401802868,31838.06818181818,19557.68849397322,2.362342418196976,4.234900671395097,6.076626839753779,16.40711304214395,11.394680016937512,15.537291982791,61.417911309241376
346.554,346.684,USV_262,0.1300000000000523,,,None,,,,,0.011236103251576424,0.04278684129901961,17116.3099937642,13314.660370988215,4.898229037370857e-05,30799.632352941175,21509.218173552345,2.5729636541888357,3.594263166879117,5.324010579139363,15.23729571059952,10.426289981826516,15.014919674205064,63.730504918729515
346.98,347.011,USV_263,0.03100000000000591,,,None,,,,,0.00932408683001995,0.019182477678571428,17578.279399433723,16940.576592642006,7.898778926473605e-05,32109.375,26567.706641539582,2.481799329043219,5.112947055008337,5.902479849211971,16.790348008369616,13.10641915053381,16.561578895047212,53.63544359424806
347.043,347.188,USV_264,0.1449999999999818,,,None,,,,,0.007668944075703621,0.03080883360745614,16027.482537212412,14837.293753813077,4.9383507454821895e-05,31894.736842105263,21839.679738495604,2.297605627365105,5.293340441124177,5.802075989489762,18.14867915233423,11.829949204796366,15.002266799979608,61.39919512763972
347.242,347.259,USV_265,0.016999999999995907,,,None,,,,,0.009655551984906197,0.013129340277777778,18379.765705430225,22241.473190768913,0.0008450755146508003,34083.333333333336,23882.75671004916,2.1221912335618813,3.5787150060400372,4.045623856940204,15.052797057119696,11.017544622884586,14.024241561285338,44.28566271390255
347.288,347.307,USV_266,0.019000000000005457,,,None,,,,,0.009255759418010712,0.015771484375,19033.152159089725,20571.508750039055,0.0005304078382118519,33262.5,23016.651921470308,2.4018135842844153,4.903989048492462,5.297621385494823,13.875919444365849,10.528533792786444,15.622866401933644,47.80190784565752
347.339,347.453,USV_267,0.1139999999999759,,,None,,,,,0.010942946188151836,0.02160915798611111,14705.233285150192,14787.740960499823,3.272964745849553e-05,30160.416666666668,20342.914938737544,2.1433690519817654,6.6921609767904995,5.2650856529807575,17.137006925924258,11.497293407054697,15.00347548533653,58.677455325454766
347.55,347.582,USV_268,0.031999999999982265,,,None,,,,,0.008940272033214569,0.020961216517857144,15799.815214599943,15589.529520962722,0.0001325703681815438,31071.428571428572,25798.213693599366,2.1770972277218976,6.05830302565368,5.22076108618086,15.111187642461093,12.32516374275693,16.532635248263734,53.8287243096247
347.647,347.784,USV_269,0.13700000000000045,,,None,,,,,0.009450476616621017,0.026896158854166668,15442.312564417163,14063.699861077372,6.7408839087350465e-06,31126.73611111111,22888.097219249754,2.753180038604689,6.485052506656986,6.8967564763967735,18.751171476085226,12.530460474601378,14.384821107092002,60.57525303975669
347.959,347.995,USV_270,0.036000000000001364,,,None,,,,,0.009100401774048805,0.007843017578125,15048.524555435462,17605.83025834768,0.00020319707638459067,30972.65625,18917.459010999373,2.7729339209755928,4.821216458068743,5.554226186457741,14.35330456106844,12.564506407995992,15.063453161185517,53.30233960710543
348.09,348.104,USV_271,0.014000000000010004,,,None,,,,,0.011809973046183586,0.0208740234375,16646.76768248053,16716.22567188285,0.00013214741508325522,30082.03125,22436.7576427668,2.843130906177517,6.814967178740632,5.0110261572773656,12.106686896223083,13.419872872894063,14.306322460237038,46.24848380631676
348.372,348.477,USV_272,0.10499999999996135,,,None,,,,,0.009062663652002811,0.041393461681547616,17332.635115519108,14850.458872625071,0.00014613446098557298,32290.178571428572,25068.75030219974,2.195009398923553,5.646452870362826,5.712143078880278,16.455911507173145,11.470475203627771,15.373454016986537,60.76791040396953
348.568,348.591,USV_273,0.023000000000024556,,,None,,,,,0.007717730011790991,0.01708984375,16730.302116439754,18457.063561345705,0.0007755563464966832,32318.18181818182,23059.19979848037,1.7500081412926904,5.4360281166309905,4.359058473315357,16.904387646760732,10.558276285060531,15.21629036217734,48.71147548070464
349.886,349.912,USV_274,0.025999999999953616,,,None,,,,,0.010096781887114048,0.011678059895833334,14495.840258664606,15444.59689476261,4.260172301792661e-05,30312.5,17953.201441710884,3.0843094994271714,4.255493995424746,4.804716459627176,16.7582915791294,10.982035738664313,14.851589340478428,52.338518746616835
349.968,349.979,USV_275,0.010999999999967258,,,None,,,,,0.00553329661488533,0.054158528645833336,20137.263031820698,21015.949798251484,0.0023290385140087564,32515.625,18743.200665684413,0.6796103569141753,3.483219266636604,6.671348842703096,14.197987562008032,9.663074480905633,15.46227048577498,46.015983577180045
350.207,350.236,USV_276,0.028999999999996362,,,None,,,,,0.017255472019314766,0.010141225961538462,10365.886063314272,14815.541888941254,0.00013052857777473903,26213.94230769231,28298.543333259513,2.3626698620982935,2.267637859874626,7.551718231767144,17.121566815459552,9.150148788024483,15.783899637355335,53.126650813614226
350.366,350.43,USV_277,0.06400000000002137,,,None,,,,,0.011075534857809544,0.02515587439903846,14120.545789862397,15241.140204375597,0.00016034897989537897,29358.173076923078,19701.27021426455,2.359132654794104,5.858178935993852,7.1125742559477345,17.092976711188122,11.42293885434061,14.002272246345147,58.88428685047726
350.489,350.536,USV_278,0.047000000000025466,,,None,,,,,0.012505600228905678,0.01639404296875,13365.685963139995,16301.570620252274,0.00021316685272813624,29625.0,22428.579505967362,2.7672322491542234,3.8405813320965323,8.77789167239425,19.22638753888734,9.819685108555399,13.381658636658226,55.92624303457778
350.566,350.699,USV_279,0.1330000000000382,,,None,,,,,0.02398836240172386,0.023169884314903848,11250.208134291777,13304.868021852055,2.0483443108532126e-05,26513.221153846152,26451.858652028794,1.7933483714880036,2.9563408059000134,8.410285177805303,18.81490939367541,11.079783156711885,15.598414408255156,60.73108889746236
350.903,350.989,USV_280,0.08599999999995589,,,None,,,,,0.016883760690689087,0.021812220982142857,12720.100397557306,15015.331794499656,0.0002597977317442768,27988.39285714286,25825.89578846174,2.900063057781757,4.212268083887448,6.929024844323084,18.971725046928128,10.956056872999078,14.5144783861862,59.13131190338748
352.109,352.124,USV_281,0.015000000000043201,,,None,,,,,0.01292620413005352,0.02178955078125,14473.11761900987,18244.253193064742,0.0004989550087696784,30058.59375,20715.724296694774,2.2668778380727277,3.078932543005436,4.2520840769779245,14.260354430635395,10.116055467416853,14.813263256757219,44.56287874626541
352.277,352.329,USV_282,0.05200000000002092,,,None,,,,,0.010253331623971462,0.018099698153409092,14093.649520569063,16317.92836490468,0.00014107856554506455,29825.284090909092,23382.370305490684,2.958035349688652,3.478614292276315,5.879727086398842,18.992534260126316,11.345773724485756,15.080577497140284,56.712040765860394
352.713,352.791,USV_283,0.07799999999997453,,,None,,,,,0.009749870747327805,0.03423309326171875,15682.561545266604,14847.541407382065,0.00010997673851320349,30430.6640625,21345.17759824571,2.663750069823524,3.930968618356945,5.861897660973222,16.162238477431423,11.521692597107778,15.147517728506894,60.526485320741976
353.207,353.243,USV_284,0.036000000000001364,,,None,,,,,0.009765411727130413,0.01910400390625,16179.225830834675,17576.953097349553,0.00036931576189553077,31921.875,24391.2282096506,3.653371401996841,4.231091523431724,5.74251489436696,16.179234279218672,9.548903047537229,15.05782915748392,53.292287112780556
353.977,353.995,USV_285,0.018000000000029104,,,None,,,,,0.010651054792106152,0.014756944444444444,17106.89108224649,20483.664862025318,0.0009099154143532596,33260.416666666664,24915.502056147685,1.3263903175334915,7.1917819571457295,5.354394953628455,15.123621699240061,10.616216765335805,14.41064208569301,44.68462959685632
354.025,354.088,USV_286,0.06300000000004502,,,None,,,,,0.008261514827609062,0.026836688701923076,15175.079413322352,14881.866299139343,1.3458774929183603e-05,31406.25,18369.360680094927,2.1836734921859327,6.872305060788305,4.90124308113814,17.637040701515428,12.134647562169532,13.902059615245244,57.70207709125392
354.696,354.773,USV_287,0.07699999999999818,,,None,,,,,0.032588083297014236,0.013325352822580645,9554.853803022204,13434.013603490128,0.00017188075825368463,24480.84677419355,28835.93161225761,2.345638739149977,4.210769949699533,9.319685543574476,19.703448663602067,10.589671723830012,14.813168959540148,57.87338637404107
355.371,355.427,USV_288,0.05600000000004002,,,None,,,,,0.009479361586272717,0.02497664741847826,15261.12680422789,15231.908740093975,4.0983917008592965e-05,31312.5,19891.680277467683,2.058560413797073,5.626957838125994,5.206769589255879,17.570838165765363,10.116316971403512,14.674851985310468,58.906298022364965
355.463,355.475,USV_289,0.012000000000000455,,,None,,,,,0.00637871865183115,0.03864397321428571,17786.84913708442,18691.97675356502,0.00042122271771607035,33375.0,18853.59049721106,2.1679843508541814,3.2717172063738684,6.661811208002009,15.595144251937711,11.668229464276054,12.681659755781528,43.58626494043704
355.515,355.564,USV_290,0.049000000000035016,,,None,,,,,0.018461767584085464,0.03562127976190476,16847.443468284495,15860.481394871498,0.0001487305256729754,32165.178571428572,27020.25124593877,2.5763542198291445,4.9337408315507325,7.401646453080694,17.519325378515045,10.377441604005194,15.411119021171162,58.36445465196539
355.617,355.641,USV_291,0.02400000000000091,,,None,,,,,0.009687832556664944,0.020973899147727272,14214.423322540817,16686.543307873435,4.4006144661168195e-05,30102.272727272728,26177.07311668957,2.6068811793030804,4.22746082030147,4.98713355518632,17.950596291725418,11.857159231151064,14.135574196530218,51.97130441557299
355.958,356.019,USV_292,0.06099999999997863,,,None,,,,,0.009339069947600365,0.02361328125,16588.67970872466,16264.952687847894,6.388584597833457e-05,32805.0,26243.413892737222,2.5046601664720036,6.5671138064722125,5.161211132052028,15.236169005301837,13.083893557659712,14.757640695156331,57.27805749449292
356.263,356.303,USV_293,0.040000000000020464,,,None,,,,,0.01040201261639595,0.018569048713235295,13091.379183575473,16765.476295231056,0.0002907193495803978,29277.573529411766,23755.774346286067,1.8142995509608781,2.9900467662222745,4.575708105192541,18.229982873662358,10.157527114734672,13.477664523497166,55.93042372417971
356.332,356.43,USV_294,0.09800000000001319,,,None,,,,,0.010764801874756813,0.03179462139423077,15710.121960067969,14911.146993998525,0.0002548520947250035,30850.96153846154,20373.413117664408,2.50720038139559,3.7598571813250046,6.291482528894376,18.256962373061153,10.651733990949444,15.329260893816107,60.19392830233302
356.489,356.559,USV_295,0.07000000000005002,,,None,,,,,0.009435788728296757,0.02171167834051724,15854.215608014116,15217.456443540234,8.443573968818759e-05,31399.78448275862,24363.84745827119,2.6768041526949475,5.47285826651775,5.192358390052498,17.430092051295542,11.687223777293616,16.743270593966212,58.147550077874335
356.598,356.608,USV_296,0.009999999999990905,,,None,,,,,0.011963066644966602,0.012369791666666666,15415.835760818716,19997.604919664594,0.0004666940545828935,30578.125,16052.08495170548,2.0483743145304385,4.522608554966644,6.39691743910224,13.190957226158439,8.936015340868051,13.559527148041747,41.916585803482334
356.657,356.693,USV_297,0.036000000000001364,,,None,,,,,0.007695547770708799,0.02911376953125,18438.17587216255,16821.17174563329,0.00032269063708015213,32314.453125,19486.367264222554,2.2068578428199657,5.5983049260908295,4.6921190748981765,13.829151148447801,10.733198753746176,16.276475539011123,55.54665625632206
356.747,356.767,USV_298,0.01999999999998181,,,None,,,,,0.010434952564537525,0.019287109375,17831.36605253846,19303.852167392106,0.0003320358311678593,33909.375,23997.902919444365,1.831139859384703,3.623659613395702,4.85222171237895,15.460723373098284,10.488074813879766,14.881238808756015,47.39070674679893
357.108,357.181,USV_299,0.07299999999997908,,,None,,,,,0.008384926244616508,0.029557291666666666,14358.224409399298,13808.264547681702,3.3538364697970374e-05,28978.125,15389.599465148245,2.009977722561538,6.28458782559752,5.988162189170347,16.24121483223961,12.280149737910968,14.466622545850452,60.32847845346748
357.288,357.337,USV_300,0.04899999999997817,,,None,,,,,0.010311724618077278,0.017031715029761904,14115.880978548026,14698.415678006511,6.271832330402495e-05,29062.5,17188.755319509037,2.4301863274176556,5.909618235575175,6.041745664870333,18.19614165438771,12.908653197625537,13.723907827726334,57.290777184678596
357.923,357.937,USV_301,0.014000000000010004,,,None,,,,,0.0078026410192251205,0.02227783203125,17809.247871219413,21463.498676449366,0.00041980442889043876,31464.84375,24314.308520179737,2.1791926227500693,5.547252985315968,5.2597054663117575,13.583695632424014,9.908260048526273,11.713628660493963,43.49934606799802
360.147,360.159,USV_302,0.012000000000000455,,,None,,,,,0.008581909351050854,0.016322544642857144,14832.528446548842,17255.072188180904,0.00018026801591077566,29370.535714285714,18933.4884732201,1.9433297784755053,2.4373580427202812,6.176780657560076,17.40130921659571,9.916470196203283,13.471839654119877,43.77605090039184
360.335,360.412,USV_303,0.07699999999999818,,,None,,,,,0.010156281292438507,0.01505796370967742,13748.97967520178,14769.71769250006,5.753383017948592e-05,30139.112903225807,24707.256367428152,2.7710103491913087,4.976522681938587,6.670018047383985,17.241237961284163,12.522807696242088,15.054245633234538,58.67288445819243
360.459,360.472,USV_304,0.012999999999976808,,,None,,,,,0.009917248971760273,0.0185546875,15050.490507398903,19497.96278517206,0.0005117412246044109,30254.464285714286,16025.452060495707,2.071131267906878,6.22779876859689,10.270219145157979,16.107422680313515,11.305162112461598,16.304538274491144,41.52622303518471
360.522,360.602,USV_305,0.07999999999998408,,,None,,,,,0.009001925587654114,0.031646728515625,15188.907970571834,15442.340936689054,9.853208704940815e-05,31315.4296875,25773.6704259639,2.5783224988260396,5.8029787002096995,6.217631605379475,18.60987665398633,11.074063338979059,13.898333956708225,59.9310372512399
360.631,360.648,USV_306,0.01700000000005275,,,None,,,,,0.008152734488248825,0.03274197048611111,15173.88741936077,13949.660076866858,5.1824585537166026e-05,27916.666666666668,17046.11695171395,2.0721881411713015,7.932098130882171,4.841061129604657,19.174390019831275,9.754728207873411,13.76701789737325,51.37903274210164
361.06,361.2,USV_307,0.13999999999998636,,,None,,,,,0.008950046263635159,0.026185191761363635,14433.4296298285,14148.799098030817,4.15183774720166e-05,30177.272727272728,19427.61257967955,2.2601367733769417,5.484845369334765,6.60980304947576,18.829770792428935,11.107523979785212,15.26010101708698,61.71002674372004
361.255,361.375,USV_308,0.12000000000000455,,,None,,,,,0.009444118477404118,0.02745283410904255,14623.580349286301,14770.305736698212,8.329425175039351e-05,30319.14893617021,22583.856258282463,2.3965307723419125,3.6157914128880053,4.812184200984877,17.553693617185164,11.777762518571501,16.41453772492511,60.07551628248911
362.031,362.065,USV_309,0.033999999999991815,,,None,,,,,0.008489039726555347,0.028597005208333335,17384.19172294362,15583.17273093583,5.358991040529348e-05,33068.75,27400.899571627353,2.198188173794912,4.435368420130843,6.545360807122823,18.3336160687805,11.32998470142968,16.135983992285905,56.4085969952941
362.122,362.171,USV_310,0.04899999999997817,,,None,,,,,0.010188387706875801,0.020949590773809524,14067.312563437506,14122.201019235157,0.00014766865666972334,27629.464285714286,19279.628195760688,2.534754030111125,4.685733090790623,7.092698748536561,19.47909973598227,12.722704651002985,16.14496883177483,58.1943134258974
362.21,362.344,USV_311,0.13400000000001455,,,None,,,,,0.01260654628276825,0.03115787146226415,14917.91277670945,13182.978495367857,5.5003431293142695e-05,28043.632075471698,21628.13775352257,2.2835587125748447,5.2056240701337915,5.600768908713488,18.337480431461827,11.559633452541386,16.10403459974065,62.649956925078726
362.387,362.489,USV_312,0.10199999999997544,,,None,,,,,0.009559373371303082,0.023699504573170733,14208.27437798083,14147.474441671444,9.079040430278975e-05,29855.94512195122,21024.40296117402,1.851981890361779,4.239625635478551,6.5286162494476185,17.54534433053915,10.524756451167763,13.892366233804104,61.322793869297115
362.542,362.644,USV_313,0.10200000000003229,,,None,,,,,0.008599105291068554,0.026385051448170733,15000.18154420924,13913.176005260655,5.912253761537573e-05,29919.969512195123,19729.921281627696,2.277407653712888,4.710269481818627,5.994433557379182,18.090156011291967,12.967794354495915,14.166962340845604,61.37343564324306
362.707,362.731,USV_314,0.02400000000000091,,,None,,,,,0.007883448153734207,0.025368430397727272,16924.90172283167,18024.160191793235,0.0010027548842621086,32181.81818181818,21511.578191850745,1.4666090873352957,4.829414000004896,5.4334107187402285,13.04556725362645,11.18535113065364,14.553754164500702,50.829993051695936
362.978,363.083,USV_315,0.10500000000001819,,,None,,,,,0.009919248521327972,0.022786458333333332,14869.62657054293,15510.160796125923,0.00010947002015792884,31305.803571428572,23874.079581147456,2.4114267054738923,3.53098290578537,6.692429322268221,17.02868133300626,11.166013013453936,14.596636310694887,59.558737061844916
363.123,363.152,USV_316,0.028999999999996362,,,None,,,,,0.010060270316898823,0.025803786057692308,15405.313930824012,15246.229930087113,0.00022423136455125396,30194.71153846154,20332.29562226864,3.0402752794342067,6.1196183797750585,6.415509819014437,15.752452319156463,11.529172292936625,17.3548908322994,54.64911157794216
363.197,363.259,USV_317,0.06200000000001182,,,None,,,,,0.010952236130833626,0.023118239182692308,16058.06787231353,16824.525102055024,0.0004743932197746437,32069.71153846154,26154.159358277237,2.4514473469557108,6.947409016659959,6.258406304034373,16.432181917507485,10.748408620166604,15.494269209209513,57.020165866762575
363.315,363.339,USV_318,0.02400000000000091,,,None,,,,,0.010699869133532047,0.027365944602272728,14599.108833474946,14679.961127144225,6.20208163000445e-05,29318.18181818182,24741.36743631463,3.078159659040169,7.222904507062872,6.504938680017625,17.126814961723476,10.397352815101755,15.099207439582784,54.02889819260651
363.433,363.567,USV_319,0.13400000000001455,,,None,,,,,0.009722540155053139,0.028532208136792452,14750.819947596003,14455.941432962783,6.4918038678685e-05,30141.509433962263,20599.844704460655,2.499340553819349,6.533963770796768,6.340347134889571,16.01881723016596,11.740852096461138,14.995157853804686,62.12613899660325
363.626,363.668,USV_320,0.04200000000003001,,,None,,,,,0.011938463896512985,0.018337673611111112,14768.133146694263,15432.635615497691,6.467750790437363e-05,30536.458333333332,22082.742779007105,2.405532671898808,6.064156468784974,8.147723599473085,15.882778035977545,10.217554498513962,14.798600681412232,56.29757652933588
363.762,363.901,USV_321,0.13900000000001,,,None,,,,,0.010099073871970177,0.0216796875,15289.475243924844,14713.210432575772,5.1581351655395104e-05,31090.909090909092,18436.351225936447,2.2580943739238535,6.339712395098584,5.012847713246704,15.656986982716262,10.95421189162515,14.632817877061141,60.61410103704924
363.962,363.978,USV_322,0.016000000000019554,,,None,,,,,0.012323664501309395,0.02130126953125,16349.037767103195,18715.205824939498,0.0004876909183953093,30257.8125,20214.913657088648,2.4105752796112756,4.3243776942766265,5.775684478486434,18.179934896447424,10.929301663477512,14.471359807439075,47.07777394927565
364.01800000000003,364.112,USV_323,0.09399999999999409,,,None,,,,,0.007623154204338789,0.03741133840460526,17091.872627233868,15537.932127277032,7.820260952023526e-05,32422.697368421053,20704.943806128704,1.8458863894098054,6.056541878638368,5.516307810027845,16.497724046734458,10.594288264341776,13.30380320906151,59.71286554415715
364.171,364.183,USV_324,0.012000000000000455,,,None,,,,,0.00645067123696208,0.029889787946428572,16997.0247792186,16806.90287485454,0.00010362185289448348,31687.5,21633.84021198121,2.0461810202099526,4.958080067320943,3.7152560135084793,13.418949283797962,9.24419777294282,12.04157603787264,44.43119661585778
364.506,364.555,USV_325,0.049000000000035016,,,None,,,,,0.00901231449097395,0.02756463913690476,15844.438394798823,15411.499447940363,0.00013033031332018263,32294.64285714286,25690.747107155148,1.531435467544349,3.447050292620906,4.8472451861076955,18.36632530625252,11.877216531903745,14.158841874417533,57.5388512668516
364.785,364.866,USV_326,0.08099999999996044,,,None,,,,,0.009590116329491138,0.02277166193181818,14993.345761291897,14028.486075212271,0.00031296680980958096,29511.363636363636,15764.575653168837,2.4602923479301353,3.5702159789616146,4.7828075387022775,15.851671667130319,12.082699158503107,14.289100077267642,61.30648386187755
364.92,364.971,USV_327,0.05099999999998772,,,None,,,,,0.009275568649172783,0.019694010416666668,16126.026465185287,15102.467429445274,2.4594513709407666e-05,31575.89285714286,24491.608422396122,2.2884239293545803,3.1741626053242165,4.843057983903445,17.82290759909376,12.624238381389883,14.630583239908606,59.729802926784224
365.024,365.055,USV_328,0.03100000000000591,,,None,,,,,0.006379653234034777,0.019827706473214284,15778.023347246128,15527.69605197005,8.594791274408387e-05,31533.48214285714,18404.264832199977,2.6495261870908347,3.5770892535771472,4.399959225889389,15.449827871632666,11.541729855467835,16.414833073856272,54.127186252510526
365.119,365.168,USV_329,0.04899999999997817,,,None,,,,,0.009958060458302498,0.023611886160714284,15911.256278062567,15728.171560589995,7.052919323555163e-05,31441.964285714286,22838.94631899541,2.324862465418911,6.458345122653865,5.769183324501762,15.074758969862557,10.674861818195087,14.58931893954419,56.43331528978975
365.297,365.328,USV_330,0.03099999999994907,,,None,,,,,0.010179591365158558,0.014787946428571428,15099.972813426788,18325.97130554367,0.0003930834592805382,31854.910714285714,19040.294555624627,3.1579856991093336,4.1798915384532735,4.9782139926987465,17.76768643808347,11.968436728825278,14.470295247266497,50.69417609896227
365.479,365.506,USV_331,0.026999999999986812,,,None,,,,,0.01050193328410387,0.022969563802083332,16581.53811352491,16002.797756970962,8.492685955191331e-05,31703.125,15059.510822918535,2.8807276193680713,4.389294279363392,4.185624587969991,20.160056732927945,11.803914279387259,15.44691629044221,55.50753182917933
365.648,365.695,USV_332,0.04699999999996862,,,None,,,,,0.0073447078466415405,0.0287841796875,16543.680223396535,16023.960290445704,0.0001819411117341387,32367.1875,22794.022935390567,1.8323938457198437,6.650888574754985,6.468701151112306,16.77246557104632,11.827028689430687,14.321160669504355,56.2010700467924
365.761,365.793,USV_333,0.031999999999982265,,,None,,,,,0.011702279560267925,0.026960100446428572,16045.895400403426,14759.747190110065,0.0005387117016459002,29450.89285714286,16096.68769595462,1.8172572029500234,4.4706212030997134,4.297844609085954,18.335231834467077,11.302257347140097,14.840518864307684,55.66447028167688
365.843,365.884,USV_334,0.04099999999999682,,,None,,,,,0.008320558816194534,0.032172309027777776,16096.399206211354,16494.136778113647,0.00032006303487145754,30994.791666666668,16092.535165317053,2.5047192507909846,4.435189211014069,5.272816438434855,13.84378610317215,11.235717170145643,13.756298585143526,55.679858021510434
365.922,365.985,USV_335,0.06299999999998818,,,None,,,,,0.007993816398084164,0.025775615985576924,15988.787469484534,16261.158133364688,0.00011082902683184572,32542.06730769231,23126.1528891972,2.8074490693701857,4.999548487453189,6.077288286867972,17.20618121524935,11.47683727385811,14.545069766782273,57.31229349668862
366.142,366.163,USV_336,0.021000000000015007,,,None,,,,,0.007350697182118893,0.0228271484375,17470.71233653969,17604.45610888354,0.0003886237258394304,32887.5,21823.93609707114,1.8144994471835805,7.384834994498618,6.829198483510902,17.412819224699643,10.559437428304145,12.558782711330656,49.151535738958145
366.248,366.311,USV_337,0.06299999999998818,,,None,,,,,0.008493832312524319,0.027653620793269232,16058.291689721507,14844.110533237505,2.3372466531089096e-05,31575.721153846152,19769.49512647604,3.236313137260503,6.842707866941748,6.030884364454549,16.79704301177985,11.07577388558988,14.8000704361128,57.37160974064723
366.352,366.445,USV_338,0.09300000000001774,,,None,,,,,0.008052167482674122,0.019577438766891893,16660.47368929666,15864.443670247807,3.553628492249292e-05,33202.7027027027,23291.3406243184,2.633075787525022,6.070966182661098,4.668386967801156,16.365625785535467,11.857169930100111,14.391478422247719,59.84130099290813
366.477,366.534,USV_339,0.05700000000001637,,,None,,,,,0.011536960490047932,0.012369791666666666,16322.101770717238,16331.438939337066,0.00014668135811818505,31449.21875,22056.471573452047,2.720008798762601,5.616451006799321,5.740899733227207,15.879230616089965,11.163257015923676,13.05231217096331,57.62940162787951
366.65,366.682,USV_340,0.03200000000003911,,,None,,,,,0.01050047017633915,0.016148158482142856,16318.164597708092,16545.291781276403,9.352994330455024e-05,31118.303571428572,20197.467564689527,2.324590266731655,6.887789513902737,6.213733652901959,16.982653121909255,9.62545348607846,13.651328856026103,53.887593950308464
366.763,366.773,USV_341,0.010000000000047748,,,None,,,,,0.010769654996693134,0.015625,17248.243645055594,21870.040346984675,0.00022631067159136888,32375.0,29283.960762129554,2.306893776571924,2.894677243817109,6.545119278591083,12.477086317685574,7.725671770641429,11.555440295673465,36.59957249404833
367.789,367.844,USV_342,0.05500000000000682,,,None,,,,,0.008779345080256462,0.03252377717391304,18508.661056075507,16082.603866624706,0.00022957858411476538,33489.13043478261,25845.509824552013,2.5290374354165044,5.678721187964221,4.843220145514854,16.68135671352612,12.198096988276456,15.645596967296171,58.02194201917418
367.881,367.902,USV_343,0.021000000000015007,,,None,,,,,0.009063390083611012,0.0203857421875,17385.87894461768,17507.674191720853,0.0003151121298249278,30918.75,22879.515318408652,2.2508557682108994,3.418129127894699,4.090075414359143,13.793058165799394,12.308075171005994,13.527244203920336,50.330500065838095
367.942,368.024,USV_344,0.08199999999999363,,,None,,,,,0.01024695672094822,0.023792613636363636,17450.745297415902,15810.902532407996,0.00024611345911984013,33732.954545454544,27354.828303299513,2.805366301535247,5.443289960832733,6.259457388982931,17.073427082745678,12.07298823311561,14.400917746759001,59.41953032302132
368.054,368.103,USV_345,0.049000000000035016,,,None,,,,,0.013322936370968819,0.018891834077380952,14707.473632632777,16823.71126687885,0.0002521360723478757,29955.35714285714,24573.179046968045,1.6468753919020263,3.306958415971876,5.034022321063371,17.684218993001707,11.609265266254097,14.013761340816885,55.14584108247825
368.134,368.243,USV_346,0.10899999999998045,,,None,,,,,0.009041220881044865,0.03350972020348837,17633.17227018894,15559.604420587726,0.00018043338299654195,33501.45348837209,24623.4117664287,2.566125182216498,4.018830786966389,5.859543649135457,17.176508973435546,11.259459322380717,14.984596747804002,60.039053413959614
369.086,369.149,USV_347,0.06299999999998818,,,None,,,,,0.008355212397873402,0.020470252403846152,15032.371314523883,14530.961248143893,1.5885952424869526e-05,30887.01923076923,17682.20884353184,2.340024763781125,5.165560248623378,5.236310105536949,16.51024246481019,11.902620982415753,14.633599608833967,57.233997620220414
369.183,369.21,USV_348,0.026999999999986812,,,None,,,,,0.012570299208164215,0.017415364583333332,15093.235441928575,16966.629328800078,0.00013835966445477598,31445.3125,26086.803465569665,4.363583907671042,5.772751289587407,5.576252416026178,18.06299931710362,10.826503175818756,14.696936498975212,52.300050336922304
369.351,369.398,USV_349,0.047000000000025466,,,None,,,,,0.007492005825042725,0.04256591796875,17991.73238642794,15258.129015405697,0.00010364924395865728,33065.625,25328.741722608243,2.1456143519580584,6.964541155296336,5.365099261235345,16.843406036728858,12.477191098838116,15.411033081043366,57.676179786989415
369.542,369.624,USV_350,0.08200000000005048,,,None,,,,,0.009328501299023628,0.031375769412878785,16442.067200009566,14126.332310613383,4.895301702819376e-05,30866.477272727272,23596.62409527003,2.4911520079761615,6.339964293590857,4.75779169507567,16.414336442143647,11.998371519092617,16.687627061941598,60.129957973099486
369.69,369.739,USV_351,0.04899999999997817,,,None,,,,,0.008431557565927505,0.04674711681547619,18555.920692745578,15332.085876200137,0.0004976606288340326,32250.0,23781.59122094028,2.2045700065910663,6.358522979535624,5.991493390936988,14.961947750234922,12.229677513024594,16.430054996752787,59.16570156774361
369.819,369.847,USV_352,0.027999999999963165,,,None,,,,,0.00792858935892582,0.04095928485576923,19083.746225929153,18427.907065328636,0.00042674002459723153,32913.46153846154,26135.532587797676,2.100649318563123,4.641374801729425,3.942303587418713,14.633216724446212,10.61547937035569,14.721802388370138,52.489736375493585
369.929,369.993,USV_353,0.06400000000002137,,,None,,,,,0.008935941383242607,0.029813326322115384,16182.457156935958,14995.07085626781,0.00011979879856230513,31312.5,25326.49584313788,2.1462305233944345,5.051040417183945,6.0429717740731865,16.435210077663964,11.329434573232948,14.998195538876486,58.60315747743051
370.059,370.091,USV_354,0.031999999999982265,,,None,,,,,0.00811032298952341,0.03276715959821429,18457.102423607288,16398.88094404474,0.00018322136251368645,33107.142857142855,25895.162368272806,1.7694871124634337,5.711545339289306,4.300023033672577,14.753852954157646,12.49572714137995,15.784975641918392,54.8404185152266
370.159,370.236,USV_355,0.07699999999999818,,,None,,,,,0.00895928218960762,0.025713520665322582,16831.094903782192,15836.430545667252,7.68547730204944e-05,32322.58064516129,26898.209478242945,2.3579048847690767,7.024916746678005,4.854817890315012,15.693560665185165,12.458431970303689,15.29540854973853,58.43636356248885
370.32,370.431,USV_356,0.11099999999999,,,None,,,,,0.009557726792991161,0.023975719105113636,16311.181308208883,15142.93890632422,6.91061556318874e-05,32456.676136363636,27869.688413943688,2.2516567183166036,6.821575908820581,5.136577186432547,16.969875085946416,12.117277441958661,15.264905507080643,59.75565857916713
370.821,370.848,USV_357,0.026999999999986812,,,None,,,,,0.0074215601198375225,0.030171712239583332,18319.148634234287,16778.559188607516,0.0003545811113837291,32953.125,23540.576116205903,2.3105724448031726,5.26388547328146,5.263085465486218,16.984080102105857,12.325475092071239,17.047299152662394,55.20932336696197
371.583,371.594,USV_358,0.010999999999967258,,,None,,,,,0.007633543107658625,0.024169921875,16966.577542885676,20211.559335352988,0.001210997895308141,30437.5,16425.44207957848,2.1082552961756305,3.4546169404018756,8.133597637794457,13.594746246294177,9.15089952404796,15.738240419754291,45.32565206041926
371.632,371.76,USV_359,0.1279999999999859,,,None,,,,,0.007843364030122757,0.0271435546875,15976.590548884054,14622.29114117173,7.976414288737555e-05,32015.625,21410.79859969851,2.1064903514305624,4.945659900591569,5.084019424796665,17.213917654566057,12.290592761178091,14.976055324881878,60.49803414352122
372.048,372.096,USV_360,0.04800000000000182,,,None,,,,,0.006255944259464741,0.0438720703125,18284.818808477685,15233.910882699947,3.3528922623323005e-05,33853.125,26359.788781081512,1.5245581360776432,7.620148173119631,5.215361777604923,16.679310234131535,12.051877670940573,15.024385038635211,58.052160577329666
373.046,373.069,USV_361,0.023000000000024556,,,None,,,,,0.010765612125396729,0.025679154829545456,15648.904662894016,17012.345525798835,8.297389649216095e-05,32446.022727272728,29369.3704492738,1.3657828981866358,5.230795311728328,5.777647152129126,17.099973013423234,12.781733108797164,16.028025495701268,49.43930586217511
373.554,373.586,USV_362,0.03200000000003911,,,None,,,,,0.0079037481918931,0.05287388392857143,19891.333373220423,15111.847803172206,0.00017758137211120145,33341.517857142855,26035.714391159046,2.502767789459669,5.697159669222245,4.394382295034861,15.579245150713566,10.258174715054626,14.092738087415157,56.79366935161143
373.772,373.807,USV_363,0.03500000000002501,,,None,,,,,0.008692811243236065,0.02093505859375,15878.122152307133,16190.31416743608,0.00026896620324730504,30679.6875,17975.857881391217,2.35895113786572,6.279132497295013,4.081512002334424,16.649061034240123,12.71165902053292,14.75870198236765,53.85438438647232
373.94,373.95,USV_364,0.009999999999990905,,,None,,,,,0.008385335095226765,0.035196940104166664,20336.496534802605,17820.258572847975,0.0002837947359429649,31312.5,25782.978411859498,1.9131842219899653,5.997981991472279,5.024117918013513,12.63164794725481,11.168145151390783,17.873617018466742,41.28203100402434
374.247,374.27,USV_365,0.022999999999967713,,,None,,,,,0.006586145143955946,0.020063920454545456,16891.0251406555,17651.15040620704,0.00028182046838587903,32863.63636363636,19631.795404958262,2.5636563679293376,3.4027345376591898,3.7214279746550005,15.754882437560134,11.671749348502846,14.295505140027617,52.13340380580868
374.329,374.359,USV_366,0.029999999999972715,,,None,,,,,0.011860684491693974,0.004847935267857143,14627.4452578015,18097.880745170227,0.00019592256796683636,30689.73214285714,24522.25730165191,2.453984865101799,6.040142259431915,6.363275961756078,16.391883274385098,10.873088568867589,12.686534932823163,51.323991663995834
374.425,374.555,USV_367,0.12999999999999545,,,None,,,,,0.009684036485850811,0.022752948835784315,15081.48102334139,15284.153236975717,6.494857816340909e-05,31356.617647058825,21735.607669071516,2.305095092351184,7.034441968212433,4.930768273523977,16.85681677450326,11.686945885415614,14.2454574260396,59.15802915733537
374.659,374.718,USV_368,0.05900000000002592,,,None,,,,,0.009193969890475273,0.01369140625,14415.832287352107,16443.979810810903,0.00021256092275922554,30791.25,16869.702586762898,2.5839231023559854,5.376726705004901,4.439031858499575,17.226303388113205,11.455261778293275,15.401213321704942,56.160577020074676
374.779,374.832,USV_369,0.05299999999999727,,,None,,,,,0.008651182055473328,0.0340576171875,18145.34712911781,15657.888598175865,0.00044608607318835213,32356.534090909092,21283.89076979551,3.0865695006147416,5.546541877089283,4.763141960965949,17.947939016890913,10.963829307506971,15.632318375626518,59.179799956956295
375.009,375.025,USV_370,0.01599999999996271,,,None,,,,,0.009602094069123268,0.028656005859375,15896.276586690925,14335.892431024025,1.8764619562586228e-05,30339.84375,22450.275122680214,1.3410716591113774,6.413817787585262,4.345466880042295,14.370406342553117,12.78349950790191,16.074026743826618,50.59373412391615
375.086,375.194,USV_371,0.10800000000000409,,,None,,,,,0.009005678817629814,0.02117210210755814,14319.036097418495,14638.648441279262,4.7451065344713876e-05,29757.99418604651,18169.004667102294,2.3428480205369207,6.037251172015588,5.800252193994258,18.123691119832305,12.453852448688524,15.451111772071947,60.23126267397287
375.285,375.422,USV_372,0.13700000000000045,,,None,,,,,0.010148586705327034,0.027004665798611112,15063.55391314315,14106.27454869302,3.795325996765462e-05,30180.555555555555,20246.620672384855,2.1275483513277007,6.235565420740384,5.688723995040389,17.25548554760616,11.868604947950907,15.336478750195,61.56812449944852
375.453,375.47,USV_373,0.01700000000005275,,,None,,,,,0.010138608515262604,0.025716145833333332,16474.624855506234,20379.785064245905,0.0003767924951815272,30552.083333333332,24632.30706249821,1.4809037942663794,6.408755764581523,5.471607559393288,18.385356866046724,10.09119377895232,13.636156316895246,45.47108224819843
375.558,375.601,USV_374,0.043000000000006366,,,None,,,,,0.006818331312388182,0.030453330592105265,15841.443755511795,16103.318265953629,0.00013714816382370639,31356.907894736843,20025.501545484105,2.2870963379217164,4.1554333353154,4.746659976115335,15.822451602591006,10.270533228662657,13.098959689470918,56.216202673468686
375.711,375.737,USV_375,0.02600000000001046,,,None,,,,,0.005875198636204004,0.036600748697916664,18297.646013553403,18878.663791237177,0.0007920187122988125,32929.6875,15434.678490947748,1.9215945020451075,3.9924557316133282,6.386866965511253,16.20263845337563,12.341716255991832,13.652412812129766,51.321021086460185
375.814,375.884,USV_376,0.06999999999999318,,,None,,,,,0.010713507421314716,0.011449353448275862,13247.420764581811,14949.47371481989,2.4105193389330192e-05,28820.043103448275,16631.528564016295,2.777762220606362,7.068328376882513,5.748609555630999,16.427160373323197,11.425000389431407,14.110007426513848,57.84168543927437
375.994,376.025,USV_377,0.03099999999994907,,,None,,,,,0.010739944875240326,0.025442940848214284,14791.90622003492,15242.341807416668,0.00025470450390259485,28319.196428571428,15491.858118881344,1.734381763425313,3.2428217202085676,6.794958344222258,19.408222030504902,9.599019563307435,14.520753640664271,54.60222188614872
376.442,376.456,USV_378,0.014000000000010004,,,None,,,,,0.006515469867736101,0.025054931640625,19440.753847156637,18491.256670840834,0.0006618204907663331,31347.65625,21967.0553573194,3.794392635222807,3.7160715881481883,6.338155595733345,14.306259478679351,11.094155769569232,15.538937106581587,46.48715665910707
376.927,376.956,USV_379,0.028999999999996362,,,None,,,,,0.009635243564844131,0.024019681490384616,16190.619346496258,16291.872398515618,0.0008501983347319957,30735.576923076922,17075.2622316138,2.076982929744263,5.512626392078866,3.9944614543925203,15.68131656031729,9.860929836518242,14.238303250367268,54.51687507282796
378.372,378.403,USV_380,0.03100000000000591,,,None,,,,,0.009425465948879719,0.019670758928571428,15759.391296488551,15428.11456873671,5.499147756338088e-05,30180.803571428572,24406.65602604393,2.6600297706681184,7.684718887809195,6.0631431561261575,17.378280503345646,10.190198711262155,12.907257665949347,54.78378824123053
378.573,378.616,USV_381,0.043000000000006366,,,None,,,,,0.008862714283168316,0.019261410361842105,15957.759468950107,17298.491593171002,0.00031278477414659707,30606.907894736843,21393.273159136108,2.37924824948403,5.795289684665602,4.769531660546227,14.888208859643152,12.33830708031375,13.313217775042187,55.04471015481688
378.716,378.754,USV_382,0.038000000000010914,,,None,,,,,0.007748691365122795,0.030661190257352942,16315.15450841035,16722.86971359753,0.0003171708955240124,32012.867647058825,16341.98488519345,2.077008718103639,6.531426898464174,4.385519749964041,14.118792250608674,11.394106680118302,14.419304622841995,54.84989296271604
378.878,378.943,USV_383,0.06499999999999773,,,None,,,,,0.007139652501791716,0.02556242766203704,16033.5529127288,15934.86464213881,0.0001922974388987001,31402.777777777777,21091.288651398147,2.0019015635875013,4.426257448519634,4.28552890600423,14.668949224427056,12.218966057744758,14.857867756552738,58.47180488364077
379.404,379.496,USV_384,0.09199999999998454,,,None,,,,,0.0077555421739816666,0.025252058699324325,16579.619839014656,15306.403144083062,8.165406096002913e-05,31824.324324324323,23344.993035875825,2.8511281477707127,4.309789358713578,5.040548813613795,16.318593246854324,12.670236671923538,14.290325598918734,60.64902307690561
379.784,379.883,USV_385,0.09899999999998954,,,None,,,,,0.01002465095371008,0.018154046474358976,15136.152669641933,15069.960446233303,5.17347024078716e-05,31146.634615384617,24165.554957392833,2.626043377312279,4.822519105892769,6.064187124368445,17.136312624756734,12.946121803829287,15.268969489906231,60.071313799028246
380.052,380.147,USV_386,0.09499999999997044,,,None,,,,,0.00917202141135931,0.034031918174342105,17515.821650748847,14561.41635597552,0.00012964045599682001,31125.0,24158.98999976779,2.3258931088818864,5.707068959677127,6.16353496278136,16.48142313623701,12.665379500959133,14.69206133174349,60.47596604392953
381.195,381.253,USV_387,0.057999999999992724,,,None,,,,,0.006590808276087046,0.044708251953125,16467.645603843997,14425.132797584467,3.06265443554153e-05,31343.75,25288.911506731023,4.177468778304934,5.835456689197275,5.254008975555181,16.19556621508856,14.939255319893908,16.37690497632584,59.670819244999535
381.558,381.582,USV_388,0.02400000000000091,,,None,,,,,0.012394104152917862,0.007723721590909091,14456.722300813253,16991.920567392463,6.546525909913807e-05,31210.227272727272,29641.310067509665,2.670050695031233,5.361529372017729,4.56965692008717,16.304993018098322,10.273201285684907,14.396403067503758,50.03008933137159
381.723,381.736,USV_389,0.012999999999976808,,,None,,,,,0.009824886918067932,0.0234375,15068.284376484686,15568.951808053504,2.9848776718802678e-05,30107.14285714286,17717.858324840046,1.0872753249772837,7.251945229361231,6.91616089705208,17.05388613113238,11.098696373463058,15.757243868043531,46.18730005095489
382.266,382.35,USV_390,0.08400000000000318,,,None,,,,,0.010378883220255375,0.0091552734375,13769.39805567118,15456.032999852172,0.00010353161357327787,29473.345588235294,25518.062448189925,2.732593159831334,5.376153723908253,4.935907024677316,17.022425462482335,15.595030116336291,16.39934205719938,58.51923629502478
383.605,383.666,USV_391,0.06099999999997863,,,None,,,,,0.010312697850167751,0.0243359375,15647.919903328462,14430.136955598346,5.4738905900225985e-05,30000.0,17732.335140899868,2.3434265929010873,8.289612591416015,6.0101400604114055,16.745292387242703,11.989364331007634,15.673970169143413,59.17134652376013
383.699,383.847,USV_392,0.1479999999999677,,,None,,,,,0.009129988960921764,0.02427515490301724,15429.725977808406,14137.532959325476,3.976100670109025e-05,30324.89224137931,22494.804473304193,2.6758678858922034,3.6614226591839985,5.589255640481763,17.771049264655314,10.914668642134318,13.961036336127314,61.881928043176835
384.16,384.186,USV_393,0.025999999999953616,,,None,,,,,0.010517747141420841,0.017781575520833332,15623.732875885338,15809.81735430861,9.948327985640332e-05,30210.9375,25105.96541142065,2.147459270607076,4.692887086172423,5.406129309631406,17.081525111571228,15.261236019801549,15.37447430354287,52.8946129948942
385.091,385.123,USV_394,0.031999999999982265,,,None,,,,,0.008186137303709984,0.023018973214285716,16400.699390119604,16965.48053019656,0.0003712244432565657,31875.0,21462.663784863427,2.387105684629908,4.618785346853756,5.127509196486675,16.85642850890806,10.475514771621937,13.717598287531013,55.235828854477006
385.368,385.42,USV_395,0.05200000000002092,,,None,,,,,0.008281120099127293,0.018022017045454544,16588.537706240517,15905.46130252484,0.00012540332442404848,30963.06818181818,22869.488658697795,2.3527203768670755,5.229204453684765,5.535006476630046,15.250216833858254,10.713480826470722,13.290324121620428,56.689298629417934
385.493,385.529,USV_396,0.036000000000001364,,,None,,,,,0.007396569475531578,0.0337066650390625,17109.513572026022,15232.905116003449,0.0006598907831867936,30357.421875,20275.289313829217,2.852927120259341,4.828916697610531,4.451121419287786,17.069504391732252,11.169401470726559,12.70991029356144,56.83038382413739
385.75,385.769,USV_397,0.019000000000005457,,,None,,,,,0.012567125260829926,0.019287109375,18108.859951851446,18969.859485453155,0.0002734088463127526,31340.625,25033.101830291478,2.4089026079074274,4.071036920061414,4.623918249368664,16.966424625021595,9.10225106783288,14.395437879053597,49.032432706514555
387.413,387.436,USV_398,0.022999999999967713,,,None,,,,,0.008946645073592663,0.010187322443181818,15266.689067291212,18317.2687668009,0.00017834459742044364,30784.090909090908,20827.93225037245,2.3729225279153727,3.5653926562683838,5.5178117782118,14.85313825919078,12.151564700172958,14.324545217433462,49.34398800649098
387.541,387.562,USV_399,0.021000000000015007,,,None,,,,,0.004357774276286364,0.051904296875,18620.436380052783,15557.408226796306,0.0003682286659727551,32137.5,17351.58456968073,5.06879127394439,4.803628947345173,4.357636109932635,14.058951841184882,12.128781080246265,15.982871690254683,53.3134179289908
388.599,388.608,USV_400,0.009000000000014552,,,None,,,,,0.012375679798424244,0.004638671875,16650.1212508777,21293.984349842634,0.0004464183366187936,28171.875,17595.461291371164,2.0240543266222426,3.4181597570336,5.4723740218004755,11.600663845441007,11.087751685735313,13.202659204212026,38.715936381120805
388.704,388.731,USV_401,0.026999999999986812,,,None,,,,,0.010651313699781895,0.014058430989583334,13536.13672391994,14637.338459641343,1.1316030038467093e-05,29750.0,22226.875795184704,2.6048746503383344,7.0819702359287895,4.818217107359968,17.72641881897754,10.828076252759738,14.605654841875245,54.84076259898047
388.962,388.994,USV_402,0.03200000000003911,,,None,,,,,0.008676526136696339,0.025948660714285716,16559.139799668126,16714.36947419866,0.0001791683546741452,31553.571428571428,22965.86819121432,1.9394224837766139,5.644981612871665,5.5783476620304375,16.899689402887255,10.115369695694117,14.173716803723236,53.424784407934176
389.061,389.109,USV_403,0.04800000000000182,,,None,,,,,0.007252965122461319,0.02259521484375,15716.015930341975,16199.065019221405,0.0001823792446776675,31889.0625,20129.23749890444,2.1398163618136143,3.833414073559209,4.8713796802907305,16.921645114035492,10.835684625801585,15.41651484121733,57.191080204139794
389.141,389.161,USV_404,0.01999999999998181,,,None,,,,,0.008627695962786674,0.0142578125,16561.891975004597,19122.189101427844,0.00032342676731334126,32259.375,23238.869074479946,2.2120911663530802,4.299209936305772,5.00982831804656,14.861637905117536,12.20409229978093,14.538789574685188,47.301642245642945
389.287,389.296,USV_405,0.009000000000014552,,,None,,,,,0.007271809969097376,0.015584309895833334,19071.578817157137,22195.679781915984,0.0005644285384872579,33171.875,23487.511601922484,1.8029756849747993,3.3275470192446144,2.8661216279990622,12.908434720626275,9.832989568201903,14.175689220022917,38.444562459251976
390.376,390.384,USV_406,0.008000000000038199,,,None,,,,,0.009344799444079399,0.02294921875,15718.050573359633,20142.08243757297,0.0002754166774311497,29906.25,15184.188835760611,1.5800506416984421,6.0393032727825515,6.2996424783135705,9.561204890771544,8.525035142534794,13.445994511166088,36.546887592130375
390.547,390.556,USV_407,0.008999999999957708,,,None,,,,,0.009337244555354118,0.008626302083333334,17593.16790789554,23115.282614947402,0.00042467551394145575,33500.0,22587.710970831016,2.1317627526821448,4.9985623951453695,4.006686413506852,10.29494658341627,9.112242019142641,14.07912021829226,35.9968776948534
390.883,390.907,USV_408,0.02400000000000091,,,None,,,,,0.0114982845261693,0.018199573863636364,16092.834230525199,18210.26834576204,0.0004381351122719899,30852.272727272728,20666.11551277101,2.8048603574817683,5.813261377390335,4.094774636957224,14.522125705794593,9.490408882875636,14.765287258988705,50.64535830898956
391.148,391.204,USV_409,0.055999999999983174,,,None,,,,,0.008975132368505001,0.03999660326086957,16922.265392383662,16426.736898258503,0.00011979133991362858,32404.891304347828,23223.39370107049,1.8733996813321336,7.235778122250308,6.370862729171007,15.544235538926758,10.465474253335955,12.827676003897357,58.1864934442468
392.902,392.931,USV_410,0.028999999999996362,,,None,,,,,0.009413417428731918,0.02208533653846154,16292.406573838944,17770.8850788487,0.0003096601597872461,31673.076923076922,21981.487323906713,1.8060816463438496,6.562594862182918,3.9043059569715934,15.554366521644974,10.767380106402438,13.864741640131596,50.98694730462865
393.004,393.017,USV_411,0.012999999999976808,,,None,,,,,0.008293895050883293,0.014090401785714286,16324.851172589988,19162.42872903979,0.0001508849417856937,31915.178571428572,20857.304476574915,3.9702046031386216,7.00021815507499,4.032198958322509,12.85384300763941,11.14425849255186,15.030165586658338,42.7250532135213
393.579,393.599,USV_412,0.01999999999998181,,,None,,,,,0.011058442294597626,0.0205078125,16130.247117626956,18093.29998572141,0.0002316834727544682,30618.75,22223.257578185145,2.0823843159223108,5.955728886932703,5.949324316124467,14.539808345665378,10.759899924030403,14.955651268337565,47.96499046456097
393.762,393.801,USV_413,0.03899999999998727,,,None,,,,,0.010196095332503319,0.011891084558823529,14297.445374866656,15604.622705474085,0.0001213857289751139,29746.323529411766,18020.842194909324,2.7384582983168295,6.862598270696355,4.849199967950348,14.527886088132353,11.060498887151102,14.715196805394394,54.90881888704927
393.937,393.98,USV_414,0.043000000000006366,,,None,,,,,0.007408415898680687,0.02035361842105263,15893.709541284323,16693.972485933285,0.0004766425413541427,31115.13157894737,18617.496204126623,2.8168579226606467,6.57231057037332,5.8422743539860145,15.359908609460183,11.268260197086692,14.008059881881987,55.796610874897134
394.043,394.056,USV_415,0.012999999999976808,,,None,,,,,0.008404003456234932,0.019845145089285716,15163.166749830196,15925.650314373588,5.258451963360022e-05,30040.178571428572,21039.934080173934,2.364073918714308,4.711546369607165,5.788682306962666,14.419617853421283,10.493713443714261,13.755009663246927,45.47897738460869
395.518,395.556,USV_416,0.038000000000010914,,,None,,,,,0.007771430537104607,0.019588694852941176,16516.31282233967,17671.601853957796,0.00021798401822759254,32431.985294117647,20999.608006645496,1.991079297384448,3.1952680500198367,5.8504832381942355,13.9119066565443,9.873396413605859,13.669966033999568,54.25751765870881
395.67,395.697,USV_417,0.026999999999986812,,,None,,,,,0.011126592755317688,0.015401204427083334,13394.883007554323,15135.348990055902,0.0001132879488284905,27976.5625,15673.0647337676,2.4063087669968826,6.851578141850598,3.085341107391239,14.605145661767237,11.331084160531155,13.816944949486784,54.44359499148309
395.993,396.042,USV_418,0.04899999999997817,,,None,,,,,0.009161185473203659,0.023960658482142856,15397.67443306426,15848.605523094631,0.00019886586228421224,30379.464285714286,20132.761839521067,2.209798219422047,6.812489947794662,5.734825526379019,16.336869308476516,11.268155588093634,14.2189509316896,56.563493599984426
396.293,396.325,USV_419,0.031999999999982265,,,None,,,,,0.009652202017605305,0.017769949776785716,15027.61570003962,16469.14281998202,0.0001470511471088718,31125.0,24173.690416946763,2.386816250778066,5.835286710983429,5.245071689171617,17.20738347883761,13.220177616261486,15.993598248676049,52.913370238181194
396.42,396.445,USV_420,0.024999999999977263,,,None,,,,,0.008187031373381615,0.034932454427083336,16071.53167979614,16649.476977762457,0.0005323377433750841,30453.125,15313.59576188046,1.5455442230378384,6.306684054348342,5.066184929619793,14.138778842743854,11.209474776065887,14.336625750519458,51.263871846765475
396.757,396.766,USV_421,0.009000000000014552,,,None,,,,,0.005851347465068102,0.030314127604166668,18102.177725981182,20220.938481595756,0.0011787011933170862,31156.25,14913.297150875618,1.1321826762037959,2.87418239025329,6.696115025002489,9.902413361996079,9.95215115422916,14.814021154200857,39.254653194534875
396.849,396.901,USV_422,0.05200000000002092,,,None,,,,,0.006875063292682171,0.019697709517045456,14908.351950119535,15151.664084106793,0.0002482429889916387,30890.625,19215.884573266067,2.649279329938282,4.032140360539755,4.871409877244546,15.250448063695215,10.679125407367893,16.795332829903103,58.72882496119681
396.997,397.056,USV_423,0.05899999999996908,,,None,,,,,0.008762286975979805,0.029337565104166668,15089.000446452808,15250.788001106432,9.742510535368552e-05,30480.46875,19007.215350865245,1.7782161556991314,4.89205484488514,5.180444742882262,15.391539793268208,11.459199586830275,15.049120449231202,59.23891721845727
397.251,397.274,USV_424,0.023000000000024556,,,None,,,,,0.010993603616952896,0.012739701704545454,14942.12265976288,16722.839113391125,0.00010437187874108591,29650.56818181818,14980.457555930234,1.9455387705769978,3.443870381840789,4.818285306033532,13.042852755591737,10.473083971821422,12.764551616004054,50.69825922335384
397.334,397.343,USV_425,0.009000000000014552,,,None,,,,,0.008705776184797287,0.010701497395833334,16257.47135389587,20796.083082856287,0.000596916300149525,31390.625,26842.84872369644,1.8110025099804685,4.989405598986196,4.960051571900385,10.718221391381507,10.11701865582815,15.589505120850935,37.24074887472374
397.488,397.538,USV_426,0.05000000000001137,,,None,,,,,0.01170490775257349,0.053280784970238096,18518.739485041435,13287.511446232253,1.8124482610886172e-05,31267.85714285714,27495.997818636097,2.6372802701885516,5.214046929148749,4.541994666738284,14.456975061434107,9.673941857090856,15.253341419675584,62.59427916501814
397.606,397.707,USV_427,0.10099999999999909,,,None,,,,,0.007325691170990467,0.0325439453125,15887.589349359583,14900.272060336109,5.3998116951592854e-05,31260.9375,21870.793980104943,2.329782599145395,3.8743984297859577,5.31669499076898,15.754417763471821,10.753851918469653,15.13665392025527,60.63106237329654
397.759,397.799,USV_428,0.03999999999996362,,,None,,,,,0.008223636075854301,0.03501263786764706,17018.815275183824,15060.548580794579,3.5765472135841945e-05,31058.823529411766,26174.247259792694,2.6973395487396505,5.923583886596212,7.253164382569037,16.556263763951943,10.767873822970152,14.277947120841546,57.07660471886543
397.856,397.898,USV_429,0.04200000000003001,,,None,,,,,0.008951665833592415,0.028483072916666668,17789.376610269737,16343.908466189518,0.0003715726449302327,31776.041666666668,25862.008934401634,2.6095132469491054,3.5845527181939496,5.595343869648005,15.19365900341555,10.372247694081219,14.548543724510587,56.27196944126094
397.948,397.998,USV_430,0.05000000000001137,,,None,,,,,0.010493893176317215,0.012486049107142858,16016.601614852802,16288.60218463903,0.00017347388404674173,31080.35714285714,26361.825995743708,2.7303857387047805,7.20356140061087,5.457243319717512,15.992723331199423,12.51524266078964,15.313618029981063,56.725823235968285
398.03,398.122,USV_431,0.09200000000004138,,,None,,,,,0.010119442827999592,0.025027713260135136,15278.469593575206,15689.363088858832,0.0003057468832856981,30970.43918918919,22223.31447067511,2.735359641907086,6.298360828369644,5.9958530302408946,17.990143525035066,10.909848895303137,14.033366791377325,58.5205293638303
398.151,398.203,USV_432,0.051999999999964075,,,None,,,,,0.009293853305280209,0.042069868607954544,16883.580612695157,14258.134765464487,2.9204405476990678e-05,31095.170454545456,25749.202864717223,2.1578870618312678,6.069352541094272,6.93372760119446,17.52804920292543,11.61961312488919,14.13285728172067,58.45226496298401
398.249,398.301,USV_433,0.051999999999964075,,,None,,,,,0.008667376823723316,0.0391845703125,18041.521323751815,15428.634566018392,0.00014233267427201174,31870.738636363636,25622.685004235445,2.435082997003795,5.142367849113203,4.863883213294608,15.520716323770273,9.844955845437676,16.758382970328203,59.28652892045929
398.349,398.404,USV_434,0.05500000000000682,,,None,,,,,0.007120642811059952,0.051343834918478264,19371.91171439754,15945.883101538433,0.00046882395082515623,32686.141304347828,25193.959321572598,2.281452057265935,5.076791177669434,5.405956333038376,14.88283314421018,11.480524136049148,14.430631098209089,58.57013623795168
398.452,398.505,USV_435,0.05299999999999727,,,None,,,,,0.007164821028709412,0.05698464133522727,19813.56269933467,15662.983403290138,0.0008369836147391126,33187.5,25494.105023924167,1.9981533894508892,6.173977671233678,5.092618978617582,15.168474491158326,10.409584532431216,13.639113453331909,59.351475415779966
398.555,398.605,USV_436,0.05000000000001137,,,None,,,,,0.012680130079388618,0.023797898065476192,16180.617950932865,16023.031961705323,0.0002475888269097831,30950.89285714286,26026.31710901049,2.2924892069937552,4.8459914744621555,5.1782381245564055,15.71116142644274,11.656747682289659,15.020229086341473,56.20605407145548
398.676,398.709,USV_437,0.03300000000001546,,,None,,,,,0.009126397781074047,0.03885091145833333,18227.19168417759,16655.353194590476,0.00024422551894683655,32312.5,26068.138699009727,2.0647098083664974,4.68185280520005,4.790624876470147,15.718063930546071,10.029670904616891,13.925741884144612,54.61525773068635
398.762,398.808,USV_438,0.04599999999999227,,,None,,,,,0.012631326913833618,0.01337890625,15848.466221431267,16231.810012300994,0.00015717022149632065,30834.375,26239.85056937621,2.4719701608448252,6.462385957320343,5.436346391365083,17.3413626376875,10.990203902876047,15.323003133006603,55.970816054445336
399.106,399.146,USV_439,0.040000000000020464,,,None,,,,,0.00888754427433014,0.030043658088235295,15844.456182461034,15932.107806567301,0.0001028441028057883,30270.220588235294,22147.460341428552,1.6851523925216834,6.5502173798801655,5.134289594097677,13.905587181472724,12.541901002539593,15.690660779641556,55.44778338598439
399.775,399.813,USV_440,0.038000000000010914,,,None,,,,,0.008470190688967705,0.04123104319852941,17943.116075339534,15526.331371745786,7.84692949935789e-05,30027.573529411766,24252.187968850092,2.146006498417446,7.084978824804611,4.537776571439791,12.313567793194187,12.618727359088226,14.880526912107557,57.345345413703456
399.865,399.906,USV_441,0.04099999999999682,,,None,,,,,0.007735992316156626,0.030259874131944444,17169.975070400043,15538.823227954006,0.00011257272847847719,31291.666666666668,22818.625017973125,1.874640195431717,6.567396303412654,6.133109705468266,17.70163194576581,10.797107248848128,15.997864255745732,57.74812045401997
400.085,400.093,USV_442,0.008000000000038199,,,None,,,,,0.010986155830323696,0.0078125,17168.096714209292,21918.46743788431,0.00026058296883027727,32531.25,26522.80467912905,2.190974369560805,4.463621919267644,5.188813177653339,13.551192237334826,10.982392880256176,14.888737176119943,36.30373943655359
400.271,400.296,USV_443,0.024999999999977263,,,None,,,,,0.008043657056987286,0.024393717447916668,17067.23091362925,19745.979151426374,0.00031575171418930976,33046.875,24482.589975533367,2.2724097163057557,5.012390945615327,4.965193408160577,14.10651720070157,9.76219293856098,12.372331223945755,49.72964951030147
401.75,401.802,USV_444,0.05200000000002092,,,None,,,,,0.006281354930251837,0.031538529829545456,16925.98445388537,16163.93205168452,0.00011960560881526722,32215.909090909092,20968.842043061624,2.1609949629588923,6.712939703955177,4.782337487917914,15.568954589076617,11.915084969303763,14.468356950252547,57.37894916714817
401.977,402.013,USV_445,0.036000000000001364,,,None,,,,,0.006539869587868452,0.035186767578125,17695.89284262815,17236.77379769206,0.0003680799272223501,32882.8125,23599.64852966863,3.1608074881463555,6.138204673750928,5.092661355534167,16.01182779618514,10.377103915022946,12.241839311076614,54.55948415512219
402.266,402.315,USV_446,0.04899999999997817,,,None,,,,,0.011175228282809258,0.012183779761904762,15353.247064799947,17124.60946228908,0.00016047187946980991,31058.035714285714,23683.214639495494,2.553844874550956,6.077895439842768,5.175528806221752,15.85156649353416,12.554581001286268,14.672087019596802,55.389034921515716
402.663,402.678,USV_447,0.014999999999986358,,,None,,,,,0.007388983853161335,0.013336181640625,16465.089170900537,17521.126913652042,0.00013437982412658082,31031.25,21872.98113622069,2.2400881601764033,3.191276098967152,5.006830002479773,14.905982801347317,12.093618118534057,15.238847718701342,46.331907282528185
402.947,402.984,USV_448,0.03699999999997772,,,None,,,,,0.009774860925972462,0.0200347900390625,15743.810433058781,16358.415742267018,0.0005884487005491732,30779.296875,24459.55190289978,2.402968677373397,5.622518665281268,4.775267193130643,16.157077001820817,11.152763124985448,15.614428231915406,54.33839221750647
403.45,403.464,USV_449,0.014000000000010004,,,None,,,,,0.006229560822248459,0.021270751953125,17719.899966969053,19039.964103734754,0.00042060306443116144,32109.375,23419.462943709877,2.069001276999189,5.547721915259793,6.63676972459986,17.000597638660395,12.197859562896358,14.574104394072528,45.04136131304208
404.976,404.986,USV_450,0.009999999999990905,,,None,,,,,0.008060096763074398,0.018595377604166668,19882.558666027024,25246.373850083473,0.0011934535923408347,35562.5,21696.73349549199,1.7590464270529222,7.669659819554998,3.700295557608054,12.991128519429955,11.04807427715276,13.97151688333735,35.62812365844638
406.166,406.199,USV_451,0.03300000000001546,,,None,,,,,0.007904133759438992,0.03826497395833333,17971.05814222061,15784.592286797078,0.000442176350635356,30900.0,23213.737973455594,2.9589741801476666,5.381971930938857,5.457830381731074,14.851498160029974,10.691411726263377,14.160678727858384,54.99278947959278
407.272,407.297,USV_452,0.025000000000034106,,,None,,,,,0.009284610860049725,0.017171223958333332,14790.571461210648,16614.354394395217,7.563731610334681e-05,30304.6875,18907.68642235381,2.6121097635797073,4.492455891417524,5.108499293479508,14.425254197813748,10.640209616240385,15.646397519327493,51.0766623203394
411.383,411.443,USV_453,0.060000000000002274,,,None,,,,,0.007739368826150894,0.0244140625,16483.289183717625,15340.191219525295,0.00016641215015064645,30712.5,21312.85571435633,2.2762611814411575,5.5016030966183145,5.6781899197424,17.094116082872958,12.12626358816394,14.735123299247888,58.283469013243895
411.67,411.704,USV_454,0.033999999999991815,,,None,,,,,0.007598802447319031,0.01943359375,15785.854689432706,16794.132479080443,0.00017320623985029652,31568.75,16859.92439250563,2.016993921222766,2.978008610876268,6.056488373792631,16.810796597759325,12.41182602661383,14.203570567247365,53.41207918073409
411.736,411.845,USV_455,0.10900000000003729,,,None,,,,,0.007550652138888836,0.037166151889534885,17248.887185653446,15396.502812207022,0.00017107796787082404,32511.627906976744,23763.677399445998,2.293670146866712,5.810311827129112,5.5456065060799276,15.94392681574533,11.105018190213368,15.653807832076835,59.29001046445694
411.953,412.024,USV_456,0.07100000000002638,,,None,,,,,0.008727404288947582,0.026080953663793104,15109.635030315945,14845.275356195065,5.6539271741178776e-05,30772.629310344826,15981.171358692312,1.5145683173037578,7.15246290124119,4.414105747530058,15.364970855187213,11.567478895783422,14.09633443191715,59.34249235704599
412.28,412.31,USV_457,0.03000000000002956,,,None,,,,,0.009339498355984688,0.018659319196428572,15590.660014258348,17890.673467580833,0.0004252083370050831,31165.178571428572,15189.198841107582,2.247950989980583,5.660533319547414,5.423398105889389,14.374066005282161,11.046460593888368,13.431234378765085,51.28812775565937
413.013,413.109,USV_458,0.09600000000000364,,,None,,,,,0.008956384845077991,0.029136256167763157,15788.047641000392,14621.24211697965,4.2763057664504394e-05,30552.63157894737,23309.52230432733,2.639986540875357,4.055499053215747,5.502184737673616,16.997479869112546,11.320508370688744,14.708373542432918,60.284724938779355
414.246,414.306,USV_459,0.060000000000002274,,,None,,,,,0.010131554678082466,0.018662109375,14088.34176915037,16512.923638971402,8.193876523444032e-05,30198.75,16408.224440252347,1.7168984111142764,7.433360946775932,3.9036392978262984,16.061294217688257,10.451635934723331,13.520586074867058,55.59583873352141
415.032,415.051,USV_460,0.019000000000005457,,,None,,,,,0.00995167251676321,0.005322265625,15448.958797901863,18774.076544912044,0.0005115248518784647,29596.875,17234.350694144123,2.3600430918060775,3.6458952938996254,6.381861561775372,15.897680367772201,12.901711867424549,14.332153251514507,47.471903911790626
415.242,415.254,USV_461,0.012000000000000455,,,None,,,,,0.006714054383337498,0.014787946428571428,16990.96625290241,20109.297185977757,0.00039391246837050086,31968.75,20286.910218498346,2.1026731494365647,5.147766847403481,5.187693983196475,14.135065234157333,10.660030226515444,14.53828023365819,41.18850318831509
415.76,415.777,USV_462,0.016999999999995907,,,None,,,,,0.008348824456334114,0.027615017361111112,16132.383473081623,17167.264114881324,0.00022188424995532883,29083.333333333332,16561.044980564475,2.3386075222078184,6.888536273669794,7.3900864562162,13.024171539510368,11.126470149082945,13.950904384572972,47.94471846648382
415.942,415.959,USV_463,0.016999999999995907,,,None,,,,,0.009135518223047256,0.017496744791666668,17177.134534327703,21212.446416302897,0.0006844392373889364,32427.083333333332,19835.2999483434,2.131789784021586,5.950247936612694,5.193459282500319,14.360311855827595,9.935622979247448,12.62608711337469,44.30104908442274
416.044,416.058,USV_464,0.014000000000010004,,,None,,,,,0.011148445308208466,0.02117919921875,15787.417057905344,15905.785398923072,0.0001932617618946213,28218.75,19133.867197325533,1.6391575536522807,6.5480771719996325,6.999613543161935,17.952673800124117,10.284433730842558,18.38227668000019,47.798510654675496
416.128,416.168,USV_465,0.040000000000020464,,,None,,,,,0.00726728979498148,0.04189165900735294,15864.467376790879,13717.916095795114,8.178311108735154e-06,30292.279411764706,17089.066391861124,1.7179622751435915,6.097394395532369,5.5891268626438055,16.980889538389846,10.840782069098344,15.015110327477615,58.83845694236999
416.415,416.437,USV_466,0.02199999999999136,,,None,,,,,0.009058772586286068,0.023215553977272728,16610.776085508012,17519.521624617308,0.0001508834234826452,30494.31818181818,19132.646308903422,1.1103486995780534,7.354891354217548,4.418401547215687,15.746651331516864,11.44018867167104,15.31965901192712,50.20764463530852
416.531,416.57,USV_467,0.03899999999998727,,,None,,,,,0.009045364335179329,0.021010454963235295,15896.847625479226,15418.7044945558,0.00014490446972281013,30077.20588235294,15635.444969909397,2.2403410904120826,6.3131591377414695,6.183225487952874,16.095252834695533,12.63925576307383,16.404606123409632,57.43412020423541
416.624,416.661,USV_468,0.03699999999997772,,,None,,,,,0.010406763292849064,0.0176849365234375,15977.780256006694,16266.568893453514,0.00020800508930190933,29291.015625,18523.41271874116,2.4129569758657947,4.845047386927491,5.133863836068219,14.275200421347206,11.253643485488677,14.761197587329526,55.89208883679594
416.73,416.746,USV_469,0.01599999999996271,,,None,,,,,0.008431309834122658,0.021759033203125,15894.354755599863,16068.225662721015,8.75361370358485e-05,30257.8125,24063.79727236505,2.5348365294646724,4.3836031418205454,5.207016651471132,17.8427937471294,11.02240824746413,16.566550448375864,47.85510797602194
416.864,416.883,USV_470,0.019000000000005457,,,None,,,,,0.011762780137360096,0.0142578125,16859.117333722803,18566.109256306005,0.0005844255431319836,29203.125,21070.424268556435,2.242657859526515,5.725084310068698,4.889536135798295,15.632099161130858,10.909275539239147,14.215857550827769,49.15702472102751
417.563,417.584,USV_471,0.021000000000015007,,,None,,,,,0.008199343457818031,0.018701171875,15491.668583387049,17559.189505603295,0.00014714458225132532,31575.0,25823.08120579851,2.480189064313664,3.1148661705598832,7.498956764038416,16.79851664590334,10.118628869748388,13.195407031034682,49.4785479786603
417.771,417.805,USV_472,0.033999999999991815,,,None,,,,,0.0072652981616556644,0.050830078125,17967.45238888976,14082.495807351333,9.822429243774969e-05,30956.25,19873.41082439867,2.120608194519111,5.409308371424619,5.905078259879073,16.905785656122255,11.349070541800167,14.545994281807667,58.20073310086973
417.928,417.951,USV_473,0.023000000000024556,,,None,,,,,0.00879007950425148,0.020419034090909092,16231.236560943136,15871.697474621584,9.274936573428834e-05,30298.295454545456,22777.539509591807,1.845783914610685,6.640214130254018,7.175856931584008,14.704936318397193,11.62117473497705,13.290103039790516,53.02309666754481
418.037,418.093,USV_474,0.05600000000004002,,,None,,,,,0.010285170748829842,0.01423445991847826,14401.209335452888,14514.95702930181,1.3191932326043738e-05,30114.130434782608,21936.809988257697,2.8197263449067864,8.330642581556589,6.244205571124873,17.914187323898844,13.33776721076934,14.062283297476156,57.59272096199309
418.16,418.203,USV_475,0.04299999999994952,,,None,,,,,0.007428447250276804,0.025702582465277776,16402.997752703228,16273.635617897406,0.00027269153006787147,31562.5,20061.64948562999,2.202763668507421,5.191466802166767,5.9415402374263655,17.83212161330127,12.852433643529581,13.486476531145836,57.498670100158165
418.552,418.6,USV_476,0.04800000000000182,,,None,,,,,0.007999774068593979,0.02481689453125,15174.274222877008,15389.415657349808,0.00021792085880117536,31214.0625,19339.784179658174,1.965220043591597,6.961350510797834,5.8049036845960975,17.620364024055977,13.267141450346822,14.998207077715668,57.19205832719424
419.462,419.48,USV_477,0.018000000000029104,,,None,,,,,0.009987962432205677,0.01171875,17157.298334401556,20590.080508269002,0.0002573111558656639,33239.583333333336,15925.844208512439,2.494569572390775,6.319889204639502,4.444811754619837,15.398125919438108,9.838998301507068,12.71646227819068,45.310620569874516
420.06,420.111,USV_478,0.05099999999998772,,,None,,,,,0.009838931262493134,0.02466982886904762,17403.882959951523,16758.566050887624,0.00017063321344592722,32875.0,27406.15171135977,2.5615689349064903,6.4408421180281765,5.167580875009039,17.42417505155027,12.298010165974931,15.858917003398707,57.90016625329878
420.31,420.322,USV_479,0.012000000000000455,,,None,,,,,0.007004575338214636,0.024693080357142856,15793.352788627086,14209.587414547566,5.6752881948736225e-05,29196.428571428572,15509.930653782856,2.351836665984614,1.9168455026329752,3.176872088516297,16.99577086422868,12.348009790131101,14.142732564894194,48.61507722961385
420.545,420.643,USV_480,0.09799999999995634,,,None,,,,,0.009326270781457424,0.028702173477564104,15675.85047107453,15326.2007809492,0.00012160245249892903,31146.634615384617,23869.81251355203,2.3886411863573835,5.413964818278269,5.503580733083422,17.851952563285323,11.29188860582669,15.035431326302856,58.483387500128046
420.918,420.963,USV_481,0.045000000000015916,,,None,,,,,0.007402344141155481,0.04188939144736842,17503.686639764634,17523.841998451902,0.0004134118718010982,34194.07894736842,21866.78435764513,1.3375842597998822,4.129366692050101,5.349382481720357,17.662388613167877,11.491434500851428,14.182607843978587,55.449762884387695
421.105,421.115,USV_482,0.009999999999990905,,,None,,,,,0.009343422949314117,0.0299072265625,19174.434097209665,23866.199644897828,0.0005360424394806244,33984.375,26283.94995626491,1.28997819388914,3.2551488721591872,4.732733673732221,11.13014912030372,9.892892925213992,15.234892105194687,36.03369101874937
421.154,421.247,USV_483,0.09300000000001774,,,None,,,,,0.008676956407725811,0.019874366554054054,16673.80100984432,14896.69741507157,0.00026809519388260093,31340.37162162162,21493.08857699115,2.7378151505800914,4.5279497402302695,4.944225345285622,16.459315342461935,11.7887994974153,16.32801070213851,61.040046930248835
421.658,421.687,USV_484,0.028999999999996362,,,None,,,,,0.010044445283710957,0.02355018028846154,14602.69835892642,14318.623963247626,2.713853089022351e-05,29906.25,18365.90064061483,2.931633390914359,3.9858857291701972,4.962874970976158,17.730646565516285,13.185469128063188,15.454465726292122,53.8524790004533
421.896,421.928,USV_485,0.031999999999982265,,,None,,,,,0.00810485053807497,0.021763392857142856,16378.14222763995,15697.6393306426,5.460164194549969e-05,31607.14285714286,20158.862195389407,2.0960619142130854,4.045353188497156,6.239529740360427,17.69554919587314,12.2545465894133,13.450515505375675,54.901531941900764
423.431,423.493,USV_486,0.06200000000001182,,,None,,,,,0.011795075610280037,0.010216346153846154,14390.15940988451,15405.148451181112,5.9620409673476764e-05,30025.240384615383,19730.344306085663,2.4272666855150002,4.577390214216089,5.30682433637693,16.756565735765996,12.49968945043175,13.958509834641603,57.62346749921892
423.954,424.051,USV_487,0.09699999999997999,,,None,,,,,0.009409607388079166,0.016801883012820512,15277.959483398086,15567.433341987258,7.334464572246563e-05,30843.75,23382.952249154456,2.6401602398126687,6.7424140863442705,5.9204289935701535,16.92348711494425,12.334858176959367,15.337923817253158,57.96274016707059
424.106,424.209,USV_488,0.10300000000000864,,,None,,,,,0.00934054609388113,0.021889291158536585,15764.526714255247,14997.545412635996,7.065334224148209e-05,30798.018292682926,23321.304322747605,2.524834391563613,7.245164729767299,5.8913701868388095,18.021559336391896,11.663187277420397,13.54462182914909,59.98862027078538
424.35,424.367,USV_489,0.016999999999995907,,,None,,,,,0.009453008882701397,0.017144097222222224,18378.156524362505,18997.17560355262,0.00021360056768974348,32041.666666666668,25856.582534854027,2.6825427262779633,4.324253828887658,5.708674323345799,14.268421711173403,10.646576124595924,12.555447057486516,46.76151198236709
425.032,425.063,USV_490,0.03100000000000591,,,None,,,,,0.00920065026730299,0.0264892578125,14979.509945228621,16042.389576996853,0.00010391183322598486,31078.125,21653.834591826686,1.9850942226169956,3.6297985449773167,5.877240123194848,15.53993869533531,10.814743225889417,15.765982528691827,53.03887724653358
425.102,425.115,USV_491,0.013000000000033651,,,None,,,,,0.007829931564629078,0.025530133928571428,17362.659076694275,17692.457108790662,0.00024063996801156154,32477.678571428572,20629.31614282559,2.0599264703583553,3.1592879616874674,6.070678349701069,14.875173287123763,11.03572573411274,13.799504000611366,44.25747063209831
425.22,425.313,USV_492,0.09299999999996089,,,None,,,,,0.008452269248664379,0.024572423986486486,15901.133361752803,15035.304917765656,4.933118759226597e-05,31125.0,20846.06894831884,2.3691766060623163,6.361046897835229,5.492479210267646,16.672786241269037,11.75196314815007,14.780762358911408,60.41774216364138
426.012,426.03,USV_493,0.01799999999997226,,,None,,,,,0.007508744951337576,0.029893663194444444,17277.41773460387,17673.171818085622,0.0001876392938233788,31385.416666666668,17380.881505800404,2.130901223622085,6.14298354976676,4.212345858263392,11.652834850262927,10.090545300741958,12.864160049311195,48.16409869283335
426.944,426.976,USV_494,0.031999999999982265,,,None,,,,,0.008906898088753223,0.016531808035714284,16044.306804821897,18422.694464400796,0.0007756167491295094,32993.30357142857,19762.216788590136,2.5876228373556396,5.7175107263468785,5.70947521125723,14.729155348371037,11.532290094298409,14.429200197079805,51.508287897798205
427.013,427.027,USV_495,0.014000000000010004,,,None,,,,,0.010085185058414936,0.0255126953125,17092.087115836814,22482.461687483636,0.000370107371433983,31851.5625,27302.169763025875,2.1575151957062118,5.390136268290252,5.920187013803945,15.49060315865215,8.759911950874688,12.881279493390677,42.2048722052018
427.12,427.144,USV_496,0.02400000000000091,,,None,,,,,0.011036690324544907,0.011052911931818182,13948.536006645802,16313.395434732522,5.854204190490505e-05,29659.090909090908,21918.497509457025,2.7580999581526093,5.554707161817391,4.096073500868115,15.16736717625392,13.405039589976791,13.692372428124298,49.89325446821188
427.174,427.194,USV_497,0.020000000000038654,,,None,,,,,0.008704589679837227,0.022900390625,17147.9990743445,19623.871112732384,0.0003691075261302882,33412.5,29540.547153845768,2.8399287680721246,4.186447866345941,4.568613699086255,15.71407492986666,12.057934172298932,13.733182062727323,47.19914773612423
427.283,427.411,USV_498,0.1279999999999859,,,None,,,,,0.007673008367419243,0.02431640625,15623.73579764116,14904.815534193915,0.00019541207434469105,31882.5,18691.984868551866,2.288864980587434,6.1974148103372,5.538092040446562,17.217187878904223,12.330116047924497,14.654906463875049,60.82818285725408
427.48,427.502,USV_499,0.02199999999999136,,,None,,,,,0.008984594605863094,0.023703835227272728,18627.996085374758,18041.378788400794,0.00022262995943679362,32795.454545454544,26219.371721050506,2.1536817220878075,6.820340469647186,4.692892253257142,13.656689562919382,11.244327319654918,13.732238865751306,50.79709414908025
427.64,427.708,USV_500,0.06800000000004047,,,None,,,,,0.007334711495786905,0.028590611049107144,16787.201496523438,16099.067333268045,0.00010750616191417187,31938.616071428572,23202.86654496383,2.9812849545412483,4.477127289219816,4.703434598412117,17.1094875416622,12.135284851068361,15.018696174988985,59.06709400761794
427.742,427.769,USV_501,0.026999999999986812,,,None,,,,,0.011428202502429485,0.0111083984375,14958.80450167573,18922.55952938349,0.0003101638908114864,32820.3125,21495.036256747808,2.801424613818527,4.367759210378297,5.630752875137183,15.36885794708643,10.224423955130122,14.692973700968187,51.384307500059066
427.858,427.889,USV_502,0.03100000000000591,,,None,,,,,0.009735917672514915,0.023454938616071428,15619.706508270601,15029.814957209712,0.00026164083400894545,29250.0,17935.1987221801,2.1018397632745502,5.099250251255747,4.450780884798206,16.58446968046991,9.744032468086322,15.152343635476626,54.54504634223276
427.961,428.008,USV_503,0.04699999999996862,,,None,,,,,0.006742534227669239,0.03470458984375,16522.165707364176,14809.046020245374,0.0001012942439545991,30871.875,16830.806504160988,1.8896345640022845,4.835053837881217,5.130138839701941,18.207026003373866,11.244628422267526,13.417299006018663,59.29192433849435
428.062,428.086,USV_504,0.02400000000000091,,,None,,,,,0.004419173579663038,0.04845081676136364,19192.96876719479,18029.893613186334,0.0007427267148766178,34125.0,18067.389268364648,2.357376744530292,4.980745772916313,5.977063785031442,15.495122579567106,12.116335667643854,16.56428959310355,53.17136113205534
428.274,428.39,USV_505,0.11599999999998545,,,None,,,,,0.01006192248314619,0.021781589673913044,14564.404875456645,14749.915258517178,3.787921126469101e-05,30228.260869565216,20739.07888973544,2.691027255320877,5.962355540249417,5.321686095142029,17.411840824226314,11.385389841454785,14.586360304342913,60.03050550993615
428.971,429.013,USV_506,0.04199999999997317,,,None,,,,,0.010690427385270596,0.016357421875,13963.011484265495,15826.177076843176,0.00016486400130178377,28963.541666666668,23464.73508020224,2.6738906144782257,3.400050467826631,7.458771140979222,18.135100974505505,10.597152088893475,14.622863732194824,54.13789261793076
429.176,429.22,USV_507,0.04400000000003956,,,None,,,,,0.011552652344107628,0.006476151315789474,13510.752104291625,15259.813486775025,7.135859609474452e-05,29353.61842105263,19186.265153333134,2.789409415769667,6.092702065612205,6.3277006774079805,16.836235422875074,11.837575582790242,14.381034303693971,55.89809351651009
429.402,429.436,USV_508,0.033999999999991815,,,None,,,,,0.007369427941739559,0.015494791666666667,16086.071337787485,17449.746877987163,0.0003157184264683238,32218.75,19846.616974861976,2.3125101830850507,4.542089617089735,5.236883937379056,16.190829602955215,9.813698811529127,14.181267077001133,53.28461242900535
430.126,430.161,USV_509,0.03500000000002501,,,None,,,,,0.008470408618450165,0.02862548828125,17433.70323255811,18566.73138291984,0.0007730062444910537,33292.96875,26815.251190118106,2.0199528997658756,4.992223339828525,5.643271015217641,14.351256627466764,13.073828818467199,15.316527205704062,52.60155475566282
430.356,430.367,USV_510,0.011000000000024102,,,None,,,,,0.006112667266279459,0.019635881696428572,19811.43737344738,24241.3651432321,0.0021943414323484854,35330.357142857145,17850.068901063943,3.1191538714514024,3.0092975111307916,3.6820849545300995,13.239363707939727,8.64572400038374,12.94596256968711,39.42105628678929
430.683,430.723,USV_511,0.040000000000020464,,,None,,,,,0.00821216031908989,0.03214039522058824,15670.035868897003,15179.064353430018,0.00011484643790757674,29586.397058823528,17058.711581107993,2.2184696451587023,4.652360019959962,5.626244354263893,14.819012645523198,10.534710711213188,15.14851314596131,57.01174111897305
431.138,431.154,USV_512,0.016000000000019554,,,None,,,,,0.006453154608607292,0.029876708984375,17968.353063153318,19580.941033166404,0.0013044443892262472,33199.21875,20853.09559602429,1.5326820890039181,4.246258548208901,4.053989007228049,14.473380399339437,9.088039090500963,18.252021767687317,45.607133323496825
431.66,431.706,USV_513,0.04599999999999227,,,None,,,,,0.007023961748927832,0.035107421875,17546.183259946738,16609.46850030309,0.00019790386895351806,31621.875,25727.539597746363,2.703899275621764,5.527838085009628,6.106721370429656,17.369935400378886,11.1782802122142,13.530760152382499,56.54724152327948
431.755,431.795,USV_514,0.040000000000020464,,,None,,,,,0.007487731985747814,0.03742532169117647,17234.314529016672,15192.661392515072,0.00029257738052610214,31400.735294117647,25490.76649651852,2.5624295075457475,6.2161482656275,6.9401676662465706,18.026660838042236,10.934452703719428,13.97304390386403,57.037693003320165
431.847,431.885,USV_515,0.038000000000010914,,,None,,,,,0.011761263012886047,0.012408088235294117,15702.49558157842,17119.657242715155,0.00016513960190570013,29977.941176470587,24748.431142753227,2.633939197255704,5.379463577884727,6.7794253414078405,15.022084638299923,10.822486817745064,14.216169123629548,53.73964622340767
431.92,431.987,USV_516,0.06700000000000728,,,None,,,,,0.008856521919369698,0.019208635602678572,15753.088309478006,16202.907425370895,0.00016480637365961628,31047.991071428572,25195.347945936643,2.558894372847019,4.809709144907431,6.722559426324622,18.014086034025247,12.69904807301107,15.366537006031718,57.58059759519174
432.055,432.068,USV_517,0.012999999999976808,,,None,,,,,0.00843167956918478,0.01220703125,18175.54866949443,19584.185165308354,0.0006620980336800446,31285.714285714286,24655.663597153478,2.4216815570040255,3.7279059106863977,6.731928480397164,13.291940199690297,10.062312528128672,15.652083317022987,42.92729970517702
432.147,432.159,USV_518,0.012000000000000455,,,None,,,,,0.007310659624636173,0.029541015625,20297.1623323948,21998.691850800977,0.001041546777602744,32866.07142857143,25256.129924307133,2.2246769241488042,8.142197654497332,7.124115854246936,14.84140809356656,7.93309302878916,13.251836420420696,41.371585860167166
432.235,432.367,USV_519,0.132000000000005,,,None,,,,,0.007766718044877052,0.02900108924278846,16026.104294163912,14703.484326305605,5.009646866775902e-05,31287.259615384617,20386.327597163196,2.4848368173032305,5.4942715350520395,5.560504413602571,17.864917574853486,11.869518286470576,16.000671105118013,60.70956873806613
432.42,432.451,USV_520,0.03100000000000591,,,None,,,,,0.010311521589756012,0.023646763392857144,16143.041645427937,17670.05128884748,0.00013222625905105634,31084.821428571428,21754.143565435053,1.6570527120819076,7.19742966495001,6.6012726537392945,15.957222366769054,10.718289160291363,13.99001212539957,51.93410394184534
432.506,432.523,USV_521,0.01700000000005275,,,None,,,,,0.008311920799314976,0.022677951388888888,18070.947966366803,18521.001097706365,0.0005039153421147586,29989.583333333332,22128.28553365041,1.9937419670027063,4.903042974756356,4.476598051184636,13.991019983323522,8.996485439801319,15.315565913993108,47.73058424178031
432.61,432.623,USV_522,0.012999999999976808,,,None,,,,,0.009517786093056202,0.025913783482142856,17097.265954130387,16930.399619591848,0.00017120167643939463,31031.25,24919.714705537914,2.13482228797126,7.814426051248695,4.98739967484526,13.451646148813367,9.766198360356867,12.248357291948148,44.77088375842012
432.689,432.739,USV_523,0.049999999999954525,,,None,,,,,0.00874515250325203,0.01613653273809524,15494.042891889976,15804.716017765099,0.0001585755483088254,31111.60714285714,21554.385231996504,2.7417127006890807,4.474711907000692,3.9706613860359425,16.710263164647692,11.87338288684302,14.722800296721982,57.573171120684385
432.784,432.81,USV_524,0.02600000000001046,,,None,,,,,0.007470585871487856,0.0430908203125,18460.90463705703,17173.045911789366,0.0007191446285688348,32375.0,25925.05481388001,1.9473774464979572,4.57524268018313,4.811469418023063,16.721886712752877,10.479033930745901,13.629478732812807,52.266451332099315
432.844,432.929,USV_525,0.08499999999997954,,,None,,,,,0.00999425258487463,0.0263671875,15190.210372147578,15115.242265594465,9.982981590500603e-05,30157.16911764706,22582.55966483105,2.0469824482049708,6.658815421834821,4.250233220776117,16.3719736964627,12.480280526237898,15.52067277050907,58.21177286595815
433.369,433.386,USV_526,0.016999999999995907,,,None,,,,,0.010587711818516254,0.012993706597222222,16473.71484263023,21610.386412133856,0.0005765226679673651,31750.0,20905.375285535476,1.4143264420576829,6.1612232983279585,4.282712878311022,13.529650802147106,8.968582985611611,14.419645894148061,43.2730843637045
433.773,433.818,USV_527,0.04499999999995907,,,None,,,,,0.008034941740334034,0.02382298519736842,15704.891706071807,14740.07390583148,8.706684035739673e-05,30488.486842105263,15626.580916041652,2.2269772759227457,6.18709545002468,4.936482622689381,16.733961927301586,11.159025529699283,14.501414312800001,57.05964622022805
434.039,434.136,USV_528,0.09700000000003683,,,None,,,,,0.01069660484790802,0.015581179887820512,13908.50337755974,15259.819039208898,0.00010277428259575734,29622.596153846152,19483.637778586748,2.6189068507730653,5.757695285994781,4.753031660041025,17.248947827610476,11.258374058647469,15.336065601261184,58.65109274573908
434.296,434.327,USV_529,0.03100000000000591,,,None,,,,,0.005617006216198206,0.03254045758928571,17506.884120121333,18117.564505443963,0.0006157591680622181,33214.28571428572,20967.58505809272,1.6310719559527525,3.993659046892674,5.506220917610653,14.6930596837964,11.935984124182353,15.173944432399328,52.326996658847065
434.871,434.893,USV_530,0.02199999999999136,,,None,,,,,0.007218129932880402,0.017311789772727272,17976.95880277953,19184.588380180434,0.0005963284384628088,32727.272727272728,24671.035122770114,2.6944706791657604,3.3774400135676133,4.204113301254113,14.738896530185569,10.28172461531321,13.907937307270712,50.47296845434656
435.503,435.576,USV_531,0.07300000000003593,,,None,,,,,0.011040694080293179,0.011572265625,13242.954987554303,15023.256634549474,7.348793811796963e-05,28884.375,16744.77043704596,2.475572367746023,5.373094735261879,5.775357688090095,17.062414071516116,11.828751776843113,14.320021948967678,56.8344100638457
435.999,436.036,USV_532,0.03699999999997772,,,None,,,,,0.02562650293111801,0.01385498046875,10769.179148001673,14624.818092256539,9.557974221620889e-05,24855.46875,24565.560531156283,3.285688125173974,2.264648015454407,4.550371810292644,16.877979389830067,10.975718800846819,15.559461196815972,51.525003515418895
436.339,436.361,USV_533,0.02199999999999136,,,None,,,,,0.012293540872633457,0.003728693181818182,13928.486658319247,17470.74143123905,0.0001321428633386996,27835.227272727272,17807.37395261448,2.3480419036982005,2.932611879241557,5.180746006960713,13.490878814278153,8.869188252894814,15.661988455183018,48.939980428327914
438.322,438.366,USV_534,0.04399999999998272,,,None,,,,,0.011300080455839634,0.018349095394736843,14169.19969376426,14997.489289539328,8.645698877979648e-05,29797.697368421053,18405.105943390994,2.2057612761796164,6.0963287029862165,5.547924884654239,15.623979208606745,11.57110809737727,14.294145899905288,55.49099096215391
439.433,439.453,USV_535,0.01999999999998181,,,None,,,,,0.007600316312164068,0.0204345703125,15765.821507015042,17477.247515364124,8.440943181097537e-05,31603.125,16888.312894381255,2.1675540638737347,5.93454851536234,4.19673275261681,14.845630507217086,10.63647293452454,13.489356632330185,48.6729419762339
439.917,439.979,USV_536,0.06200000000001182,,,None,,,,,0.011335705406963825,0.02259239783653846,13963.123756659761,15587.096043380123,7.956088420789759e-05,30306.490384615383,20262.558786598747,1.8775976978542224,5.147809653826787,7.435685094831308,17.69171894766401,10.880375893229493,14.06039756464094,57.11171546068849
440.076,440.12,USV_537,0.04399999999998272,,,None,,,,,0.007902529090642929,0.03633840460526316,16258.280017195168,15509.195503810623,0.00016364411995551447,30685.855263157893,21008.605458386966,1.220414756747533,5.917207151046358,5.573819937716574,16.533470145540022,12.777107161837893,15.301005966350095,56.222012734093504
440.157,440.171,USV_538,0.014000000000010004,,,None,,,,,0.008520366623997688,0.0198974609375,18085.218100039143,21927.514222364436,0.0013684138942536125,32332.03125,18435.78469320047,2.2931176649962355,2.00995390496813,5.2524069189807605,14.087081846117165,9.430940092355353,13.039019124396837,43.80504005860227
440.769,440.883,USV_539,0.1139999999999759,,,None,,,,,0.015298786573112011,0.03714192708333333,14907.325651089497,13425.214951907592,3.730266300699161e-05,28614.583333333332,20599.090710669192,1.9036929932684066,4.3897857431771,6.158738563548623,14.645795760717483,10.681723334794157,14.884397582430095,62.689139724816
441.124,441.139,USV_540,0.014999999999986358,,,None,,,,,0.016041241586208344,0.016632080078125,15477.444533450947,21475.789246121596,0.0015351332981043647,31792.96875,22806.0127609965,2.4468123787253235,1.0283604715468204,4.756233968107541,12.856937988017197,9.23683767253704,10.980701376543347,42.509598321332035
441.236,441.269,USV_541,0.03300000000001546,,,None,,,,,0.009445513598620892,0.016861979166666666,14945.310358978466,16978.886774235714,0.0002859169986954401,29250.0,19981.269662671428,2.1635419674948873,4.1671100206985665,4.13344842155624,15.455470927640922,10.460079302032074,14.002804559110041,53.533869222726146
442.83,442.911,USV_542,0.08100000000001728,,,None,,,,,0.010249069891870022,0.028364701704545456,16205.924000273144,15527.302462315562,0.00025925667038147865,31184.659090909092,25128.32245200455,2.5170288405667844,5.32701465248356,5.90597763781861,16.73710941820785,11.174705597513963,14.197673636829196,59.290242606253244
443.253,443.267,USV_543,0.014000000000010004,,,None,,,,,0.008060650900006294,0.02197265625,17366.368389395837,21394.7822441679,0.0006577565979711479,31945.3125,19132.251551666363,1.4769021975268188,3.1154091339054366,5.342541929181557,11.409649382050622,9.872069345127464,11.717809796809238,43.012226006340526
443.49,443.501,USV_544,0.010999999999967258,,,None,,,,,0.009274561889469624,0.007568359375,16332.158975703745,23044.746348306424,0.0005552917606939674,31781.25,15591.763270624062,2.390509153691484,4.200641533576261,4.030202283586168,13.080313992619397,8.955128064656863,13.273771562353351,41.77163044553444
443.8,443.831,USV_545,0.03100000000000591,,,None,,,,,0.009033569134771824,0.017037527901785716,15213.435855591722,15405.83554208158,0.00018239339910332934,29852.678571428572,18443.277871310343,2.336537340591112,4.599412526560053,5.341367541031581,17.18010494691457,13.32053277461292,13.667875948648884,53.43898360187636
444.091,444.101,USV_546,0.009999999999990905,,,None,,,,,0.007513939868658781,0.0242919921875,14923.54889437722,14515.706937935136,2.105423991863432e-05,29375.0,19135.1044760666,2.1275834405596945,6.601772604913138,4.622549162740941,15.567397421795318,12.290995420666272,17.359881202075883,44.24836775187182
445.4,445.414,USV_547,0.014000000000010004,,,None,,,,,0.0068330783396959305,0.023590087890625,18939.18514781402,22541.647265097905,0.0012024305552710628,32976.5625,21090.935350334847,2.2307714554370035,2.3149276874920255,4.4954606375148245,13.18613527487756,8.528348997120474,13.234602084270028,43.230785907584846
445.444,445.468,USV_548,0.02400000000000091,,,None,,,,,0.006119301542639732,0.023459694602272728,18047.11317670713,19345.266042748946,0.0005887953381138866,34482.954545454544,22427.72991354511,2.6699030142976214,6.048349784079004,6.282148709641462,16.642446849222743,12.14546381792029,13.870568114749847,50.449772304860865
445.548,445.562,USV_549,0.014000000000010004,,,None,,,,,0.011519760824739933,0.0054931640625,16962.480398743664,21110.83451119909,0.0009019047482533934,30914.0625,21637.79854169074,2.206513207664047,6.311668125624399,5.042834790358269,15.424740861448404,11.41409003528174,14.071842282076814,42.64854458827561
445.755,445.777,USV_550,0.02199999999999136,,,None,,,,,0.00764983706176281,0.03480113636363636,17731.530700084535,19503.84776504451,0.0006363975954722763,31713.06818181818,15641.043598550734,1.7102138077144355,3.9147334122681112,6.299667815847192,14.277938873438641,9.585058149876806,13.784097549942224,49.66744419392585
446.008,446.041,USV_551,0.03300000000001546,,,None,,,,,0.009328450076282024,0.026025390625,18672.99064818781,18809.244289617058,0.0008009088859874003,33612.5,25675.601209412867,2.613672943293648,6.546088393294468,6.331616766365044,16.485754467112425,10.01579409963434,14.294027177434105,53.3812034639989
446.638,446.659,USV_552,0.021000000000015007,,,None,,,,,0.006703742779791355,0.0309814453125,18000.14699072597,18585.27964137569,0.0005659799425684018,32737.5,25781.655822226912,1.8020868690751108,4.406908686386416,5.975321745110943,17.846470863073005,11.313217334842125,17.30849053839815,49.064369943815564
446.965,446.997,USV_553,0.03200000000003911,,,None,,,,,0.009587774984538555,0.019566127232142856,15497.28860455835,17623.81724029951,0.0003230174271755207,31546.875,19658.384176260013,2.3925441146893047,5.192180570949483,5.560625922251779,16.186123853926613,11.045822786372197,15.303170478655217,52.00620860902638
448.384,448.518,USV_554,0.1339999999999577,,,None,,,,,0.010119453072547913,0.017849904186320754,13727.428333832784,14283.614293424023,0.0002014611752480921,28768.867924528302,20206.766548627988,2.716422144382106,5.202300881145593,5.720029822593043,17.478389849086035,12.255920429254752,15.477394331443808,60.48955279002197
448.648,448.658,USV_555,0.009999999999990905,,,None,,,,,0.009709510020911694,0.017415364583333332,16312.013825434353,20691.931326181104,0.00019393517006988957,30718.75,17846.03679900242,1.7801047073435565,7.035421662025262,5.23538638804673,13.74342230834614,11.389956147271898,13.255017144232482,38.334331581529185
449.54,449.567,USV_556,0.026999999999986812,,,None,,,,,0.010378541424870491,0.024881998697916668,14612.314019963474,15017.39809936272,3.902134014641289e-05,30031.25,23897.783647519424,2.361299091630428,5.588893930425578,4.394885309487016,17.578123273658008,11.350254277788212,15.975691554102232,54.415407931279724
450.68,450.703,USV_557,0.022999999999967713,,,None,,,,,0.007113806903362274,0.02789861505681818,15249.133172619999,15194.437812869572,3.928360233267663e-05,31031.25,17934.23711632176,0.8707268310390777,7.960274582274717,5.328808736722075,15.901478389061225,10.947197565833743,14.668825716780857,52.22967633337118
455.948,455.998,USV_558,0.05000000000001137,,,None,,,,,0.006633962970227003,0.03099423363095238,16857.88720835603,16520.50531459605,0.0003654289976305197,31544.64285714286,17380.76128843015,2.3300016203758855,5.3048676700527535,7.261319013826758,17.79465180359008,10.56997226222219,13.973023946724558,56.84768747040307
456.269,456.398,USV_559,0.1290000000000191,,,None,,,,,0.009743968956172466,0.023356119791666668,15031.06730943866,14609.504743380085,7.423541181013876e-05,29961.397058823528,22537.624192881936,2.2341893211305828,5.917068790164676,5.305822004081048,17.314213693080212,11.80093056059378,15.621791319245192,59.44757649132102
456.471,456.55,USV_560,0.07900000000000773,,,None,,,,,0.021656934171915054,0.02709197998046875,12149.941396018283,12660.84940466737,9.884834300245287e-05,24568.359375,16406.40087311623,2.6080961362185624,4.641776952918255,9.159529179777717,19.532382846710966,11.128075027519515,13.588920088693888,62.782413973791996
456.829,456.844,USV_561,0.014999999999986358,,,None,,,,,0.010642996057868004,0.01605224609375,15671.41179811976,18447.18252601332,0.00020254980293057695,30246.09375,23519.730273888825,2.176760636593519,7.154873471311008,7.310382344928729,15.572738155898122,12.188427957175652,15.08522253446713,43.82416252821345
457.069,457.107,USV_562,0.038000000000010914,,,None,,,,,0.007479796651750803,0.029067095588235295,16763.94942420199,15864.747343555628,0.0002458358284033271,31549.632352941175,24745.45560074988,1.2882868923437105,6.537070689046518,3.838507014832223,15.097411359389893,11.792700611392384,13.968385203862443,54.79382611780858
457.3,457.334,USV_563,0.033999999999991815,,,None,,,,,0.007075334433466196,0.026936848958333332,16842.08152951333,16903.2111091429,0.00022135208958989604,31868.75,24932.10870063524,3.2768781862384446,4.637566489189766,5.899300804359223,16.984963396074154,11.65118051692898,14.163418603981848,53.206677689506144
457.528,457.542,USV_564,0.013999999999953161,,,None,,,,,0.00988014042377472,0.005615234375,15678.471072825432,18715.55279008412,0.00015453070938066716,30316.40625,24781.7745454284,2.187656761065046,4.222667963475374,4.98407967261074,15.102951954426876,14.009739777237552,15.930685024131492,44.26871584807927
457.741,457.763,USV_565,0.02199999999999136,,,None,,,,,0.009908806532621384,0.015358664772727272,15500.792334668275,17306.670864343796,0.00024215054918688277,30127.840909090908,20250.751308091505,2.259204002679208,2.5939053359944686,4.841544867150183,16.12676555253176,10.37323613930582,14.645258775401885,49.50639440009092
458.425,458.48,USV_566,0.05500000000000682,,,None,,,,,0.010298263281583786,0.014881963315217392,13681.763316647479,14635.93405237159,8.77820958062262e-05,28618.206521739132,18808.095529799302,2.201242277981632,6.831382640062901,5.359227341012043,16.303677217277478,9.810125298822493,13.600986510340572,57.02575152968378
458.553,458.598,USV_567,0.045000000000015916,,,None,,,,,0.00856647826731205,0.019210012335526317,13849.455900093348,13860.940991504918,1.0265492803810736e-05,29526.315789473683,15272.105802271371,2.4956306408800195,5.846045944161954,6.441148565163194,17.394640047523307,12.116857676308415,12.831101149277513,57.24020131779711
459.152,459.174,USV_568,0.02199999999999136,,,None,,,,,0.012073376215994358,0.019176136363636364,15684.69306988218,17840.246785093615,0.00022828897791632658,28678.977272727272,18281.705298837125,2.320940902815417,6.577429987518506,4.640278783827351,12.162350141270268,9.456767650939359,13.057085897242626,50.12744636756211
459.224,459.315,USV_569,0.09100000000000819,,,None,,,,,0.010348509065806866,0.04264542863175676,16181.689016593999,13898.500536789554,7.508607623120609e-05,30230.574324324323,18647.838906303004,2.41646953901065,6.4547317710884755,4.571997150290009,14.818805023491876,11.03240308205602,13.97593490664731,61.4595503879508
459.382,459.432,USV_570,0.05000000000001137,,,None,,,,,0.008058127947151661,0.03431919642857143,16076.460511017624,15462.16149172807,0.00012629287312145387,30669.64285714286,21159.193067785505,1.282081799305678,6.729200514182578,5.516763068602057,16.897263824337873,11.629809661581856,13.927697494161675,57.18049721616882
462.483,462.553,USV_571,0.06999999999999318,,,None,,,,,0.00700670899823308,0.035543507543103446,17279.89934590541,15522.504966884471,0.00040085319076885244,32017.241379310344,21008.830028022574,2.319866332438985,4.964206203386205,6.434323912806855,16.493982191804353,11.928171993181008,14.16072312523285,59.24657154366693
462.622,462.636,USV_572,0.014000000000010004,,,None,,,,,0.008753604255616665,0.016326904296875,17156.194794411815,22535.630763064284,0.0014676141797765139,32566.40625,17881.35429495339,2.6141891659481127,4.776283850297899,5.339717811394417,12.398165024855924,10.730553779759283,11.787306649741469,42.79565391134879
462.898,462.956,USV_573,0.057999999999992724,,,None,,,,,0.008391652256250381,0.033905029296875,18315.742587914676,15762.237223447586,0.00010472612711965664,31285.15625,26151.230520651512,2.4429725813450456,5.039235534816682,5.256665571870207,15.375990210901984,12.599966864677969,13.863821365937795,58.533410831604556
464.683,464.728,USV_574,0.045000000000015916,,,None,,,,,0.006981867831200361,0.030594675164473683,16250.869526376231,15003.11649447235,5.058209401461886e-05,31657.894736842107,25220.69523611598,3.038567356571728,4.931244215573886,5.2748022359150575,16.999336231213487,12.01870206290162,13.761818237761773,56.54791729159835
465.303,465.324,USV_575,0.021000000000015007,,,None,,,,,0.008366607129573822,0.0220703125,15844.103632152532,17244.66421514497,9.34581033658545e-05,30328.125,22269.27966317196,3.0084242913726165,5.815665997933446,4.402740095391973,16.599374469528236,12.530708059089893,13.326641356038891,49.359792324737434
465.531,465.547,USV_576,0.016000000000019554,,,None,,,,,0.008036726154386997,0.032501220703125,16571.44421955205,16461.458078784453,0.0003330241267975465,29332.03125,17804.838922761443,1.7392819819409855,5.744089455243563,5.099713198536451,13.890559349199549,10.432880358186786,16.38121512326456,48.14621650066394
465.751,465.814,USV_577,0.06300000000004502,,,None,,,,,0.008238229900598526,0.028658353365384616,16667.567497710403,15427.49792482027,0.00021547386632374754,30180.28846153846,22161.334335909567,2.6932126394984417,3.3039383715960824,4.409536473462782,16.813052306849077,12.444102182775508,14.064311031602317,59.22270731640117
466.701,466.717,USV_578,0.01599999999996271,,,None,,,,,0.007197994738817215,0.038787841796875,18201.175731938765,16801.93653642739,0.00022850195952796326,32285.15625,24805.768505916963,1.177276042614968,6.951396531839372,5.265727796195026,16.117033797322676,11.481868485632084,15.17496188906344,47.974385928581896
467.127,467.139,USV_579,0.012000000000000455,,,None,,,,,0.00677840830758214,0.017996651785714284,18457.899610048353,19870.51089943661,0.0018086644441738134,34486.607142857145,24455.668400688763,1.485211514877226,5.3422941159561015,8.238701817002655,16.208743686783823,11.012411050833895,14.145797495950216,44.13106149752069
467.588,467.637,USV_580,0.04899999999997817,,,None,,,,,0.007181977387517691,0.027425130208333332,16066.827683143694,16508.24831103108,0.00016172362334799647,31397.321428571428,18749.055456029557,2.105432013056601,5.400641702956341,6.778490243718931,17.931442611348437,11.264111023486961,14.496693724210404,55.89917735400278
468.609,468.629,USV_581,0.020000000000038654,,,None,,,,,0.007777214050292969,0.0393310546875,18179.33449673082,17088.09978058126,0.0007740783154992446,31415.625,23937.028738299647,2.087748819395424,2.7919114407573673,6.239801685090416,13.222535695965837,12.255393243601661,16.774949831779605,49.812055328263504
469.73,469.81,USV_582,0.07999999999998408,,,None,,,,,0.007675325497984886,0.02425384521484375,15599.26498190359,15153.922794224309,0.000206315061034856,30958.0078125,21156.82867199683,2.557494366063903,5.848584517115473,5.416371322864103,16.5334295380017,11.085707930990795,14.44756277158933,59.190965372816194
470.357,470.367,USV_583,0.009999999999990905,,,None,,,,,0.012154349125921726,0.022908528645833332,15113.59551694223,18661.97873366307,0.0010130785199866453,29328.125,23400.602875454464,1.9477942519433071,2.65864678253565,6.573750870671052,13.087547971518807,9.627229506114782,16.231445759832834,43.95747960356698
470.417,470.457,USV_584,0.040000000000020464,,,None,,,,,0.012609840370714664,0.010124655330882353,12540.07954233755,16803.87330162697,0.0001261034037984249,28764.70588235294,24500.565557752394,2.758980182641797,3.5712316434923883,6.374695596177541,21.417486272703744,11.943683878973196,13.716282750417692,53.356027311054156
470.759,470.797,USV_585,0.038000000000010914,,,None,,,,,0.007719975896179676,0.025720932904411766,15445.016059092619,16176.2299436472,0.00017225088541034775,31180.147058823528,22372.171771356247,2.304790554311048,5.495147341110399,5.463851840936803,16.499918742350538,9.282563991453271,17.187016217970562,54.537928079423146
471.436,471.451,USV_586,0.015000000000043201,,,None,,,,,0.009283551946282387,0.02374267578125,15898.309191793915,16086.9695995667,0.0003738937967254967,29074.21875,20195.385178712757,2.2442449503935737,4.063449884508026,4.258710333630118,15.067527224177717,10.43819077714565,14.02721634635202,46.58700185413821
471.51,471.581,USV_587,0.07100000000002638,,,None,,,,,0.009547845460474491,0.03450801454741379,16889.045389320614,14405.176627339155,0.0004492008848492983,29754.310344827587,18922.72314547711,2.6463986251652467,5.10050141311001,4.27512424817808,17.563843545036455,10.846860142502791,14.281404087567433,60.65648317488572
472.295,472.338,USV_588,0.043000000000006366,,,None,,,,,0.010108105838298798,0.02334755345394737,16252.666451991465,16776.226598827223,0.0001983555795608249,31248.355263157893,23435.472764241345,2.167057306414005,7.341820712111135,6.042525003618637,16.57298698290695,10.748572977528994,15.008962002749692,55.604721878624844
472.434,472.469,USV_589,0.03499999999996817,,,None,,,,,0.007736283354461193,0.020198567708333334,15764.100187000124,15208.281014492275,8.462482447069664e-05,30781.25,22606.770474787707,2.596298919048951,3.5742132997227296,5.071101752714756,16.27359675888667,12.936386923366307,14.629210747155918,56.02332368500709
472.63,472.645,USV_590,0.014999999999986358,,,None,,,,,0.012142143212258816,0.00738525390625,16494.571482858835,22264.748507384007,0.000601579875728453,32847.65625,26252.521826519103,2.47380850399468,3.34310174208763,4.835366301807644,15.28231976421828,9.406792959964566,14.52414666874238,42.7332801857836
472.968,472.991,USV_591,0.022999999999967713,,,None,,,,,0.0065974402241408825,0.03353604403409091,17853.254924079603,17851.739892401933,0.0005934919528077352,31985.795454545456,20162.646307575298,1.4434245285590437,4.382097837617915,5.6271439088963895,17.960469920458987,10.774194880819511,16.01822607346269,50.97039755027259
473.06,473.074,USV_592,0.014000000000010004,,,None,,,,,0.009867364540696144,0.00152587890625,17091.47267048547,23416.33932981583,0.00056119195853399,33328.125,24080.83180656009,2.3657712172214236,2.099202260592374,4.597716321321825,12.545198995319453,11.449166020099902,13.5845099383987,41.57731420867694
473.774,473.796,USV_593,0.02199999999999136,,,None,,,,,0.008386996574699879,0.025767933238636364,16119.372829550435,16678.141653429975,0.00018851393535982132,30187.5,15753.990604559478,2.1184680075854443,7.449328966969461,4.1249221572593076,17.72992610006311,9.969250470814556,14.53715879638713,51.51451630317732
473.87,473.919,USV_594,0.04899999999997817,,,None,,,,,0.009679718874394894,0.014590308779761904,15548.537225178929,17274.51541084835,0.0001761782232767469,31763.39285714286,21809.726248157956,2.4922432665516485,5.980007048686632,5.426143683292938,15.34310322601211,11.405993991673117,14.42193568817332,55.40209076336774
474.497,474.507,USV_595,0.009999999999990905,,,None,,,,,0.006440081167966127,0.022298177083333332,19188.69442381141,21811.315388422965,0.0004979220709871125,33250.0,23122.306150300574,2.1671717315650763,7.3129982595609775,5.15343496454597,14.405750823592305,11.269517526374832,15.017579369119188,37.75572663698233
475.141,475.202,USV_596,0.06099999999997863,,,None,,,,,0.010694947093725204,0.0196484375,14856.086055167243,15302.965895765552,0.00035847777328516616,29636.25,21886.61695962239,2.2799295557223873,5.794919477685981,5.987921039957493,17.354610239554482,12.354755374157802,14.424803798074645,57.80660245906265
475.295,475.352,USV_597,0.05699999999995953,,,None,,,,,0.010528564453125,0.01708984375,13616.064822125883,14799.141269397995,0.00010899518347193939,29289.0625,16385.833424672233,2.2893845952383884,5.765331106277709,5.747738903238196,17.37551733250583,10.4696372929635,15.283723032500191,57.074253948875615
477.934,477.968,USV_598,0.033999999999991815,,,None,,,,,0.010027353651821613,0.024951171875,16631.294576528915,14724.505518094102,0.00022993819341736796,29375.0,20293.037830983445,2.892399119506108,6.259341310541654,4.674498541477006,15.250789439785018,11.249940859139006,13.501795190176704,56.918963149155026
478.14,478.149,USV_599,0.009000000000014552,,,None,,,,,0.010769764892756939,0.026529947916666668,18260.799221326986,24266.392999005464,0.000653428497662084,31953.125,20958.741450152975,0.4763831132256384,2.8039488477500947,6.9276230283506095,13.560178222758486,8.355908548116973,11.429869207998705,36.08912933522197
479.74,479.865,USV_600,0.125,,,None,,,,,0.011025928892195225,0.03935646524234694,15079.761261773865,13417.117253498633,2.4596241814953427e-05,28446.428571428572,22004.903427135334,2.2392632309758556,7.709327291465407,6.897212051939831,18.027764134505396,12.469692645072723,15.032719346482025,62.1292678904275
483.207,483.224,USV_601,0.016999999999995907,,,None,,,,,0.010536450892686844,0.019585503472222224,15024.53896135139,16613.178390166748,0.00014541192742485322,28895.833333333332,21598.65459644222,2.3189070824193974,3.835846997107466,7.078699807790254,16.448029060114486,9.435180034328994,15.472866180117443,48.626823815799476
485.248,485.258,USV_602,0.009999999999990905,,,None,,,,,0.010921533219516277,0.0150146484375,17069.344726169435,23603.16073816516,0.0007468264421722567,31687.5,14769.230769230768,2.532347096948401,1.9195375573689517,6.9238064460672355,12.670598533556293,7.969014272830475,12.622374915911891,36.058753714151045
485.909,485.963,USV_603,0.05400000000003047,,,None,,,,,0.008276863023638725,0.02482804008152174,15483.799995997371,15002.900527762204,4.711159375635843e-05,30766.304347826088,21734.002160212352,2.5054241001784066,7.647043051865611,5.824567130165337,19.41667099993596,12.494816399584659,14.437246817278389,57.4088288635151
486.321,486.358,USV_604,0.03699999999997772,,,None,,,,,0.006103552877902985,0.03253173828125,16453.492937135594,15925.047414042077,0.0001370427375944678,31605.46875,15264.705165608073,2.3740337680578074,4.724456230681341,4.4158258928973035,14.55753014479017,12.38858028610706,13.107425341038436,55.36012482860889
486.963,486.976,USV_605,0.012999999999976808,,,None,,,,,0.03823542967438698,0.007742745535714286,10917.740206842009,19109.720416285418,0.0005631029337889228,26357.14285714286,28470.648344304613,4.607628151693741,1.502795179522719,7.848297533781126,17.057118030619275,9.660865643604225,11.960998800592634,39.39812214164823
487.053,487.093,USV_606,0.040000000000020464,,,None,,,,,0.010938643477857113,0.019933363970588234,14126.908715769563,16532.640731863066,0.00035482051109489746,30016.54411764706,23797.57725649927,1.3671039877269773,2.1695417962001113,5.359950451750803,15.857483155543555,11.058237690388632,15.146274383587578,53.82583679334046
487.324,487.348,USV_607,0.02400000000000091,,,None,,,,,0.007417956367135048,0.025390625,16319.865621013292,18163.551488015066,0.0008712546715838892,32343.75,18379.924819415155,2.820307506700823,6.587981195212287,5.5534061002343496,15.15331600889042,10.14874052811537,13.236205052731641,49.86341647582372
487.816,487.85,USV_608,0.03400000000004866,,,None,,,,,0.007587890140712261,0.029573567708333335,16676.895213949207,16715.381190035776,0.00040138089419308753,31256.25,19256.502003473834,2.306441585362399,5.838623758474663,4.587743092798417,15.323481135892617,11.555848791390748,13.784471633777837,54.44076753103953
488.992,489.001,USV_609,0.008999999999957708,,,None,,,,,0.006740634795278311,0.022501627604166668,16270.345281772321,19556.047401025524,0.0004360225392324088,30984.375,15394.398042847317,1.7851990265184412,4.038233440860932,7.028926403096718,14.149517173307418,10.795052000151257,16.768955741243612,38.59207223159845
489.502,489.529,USV_610,0.026999999999986812,,,None,,,,,0.007374195847660303,0.033833821614583336,19077.446390337518,17327.37420816658,0.0005798087018010458,32023.4375,22593.0715605989,3.232644615237573,5.152205149223787,5.881173246881807,15.278903144304744,11.234536681659515,15.292517414615737,54.99073259330319
489.875,489.93,USV_611,0.05500000000000682,,,None,,,,,0.008863319642841816,0.040792713994565216,18027.570836478273,14761.090705300046,0.0007702354843657427,30423.91304347826,20535.57955543673,1.7493049492341173,5.294799404548179,5.7620594188813135,17.271800905527805,11.593332405043634,14.530675483533525,59.812754512225226
490.119,490.168,USV_612,0.04899999999997817,,,None,,,,,0.06756308674812317,0.015380859375,10330.953340324604,14835.207392570344,0.0002745355847146706,24013.39285714286,27235.940733915864,2.4371526402993973,2.9626878525412415,6.705653192060132,16.158571200803948,9.587744796073718,15.436621322848076,56.05347006004846
490.209,490.236,USV_613,0.026999999999986812,,,None,,,,,0.01796637661755085,0.01806640625,11836.673197142758,15553.80670462921,8.938796214015104e-05,25984.375,24701.313545421654,2.4974996329870396,3.1657872176731328,5.906800527411651,16.630167095292887,10.355053916661808,16.613269910382623,55.459048358930836
490.474,490.498,USV_614,0.02400000000000091,,,None,,,,,0.010981106199324131,0.010387073863636364,14635.27690911807,16918.42167934342,9.098169860797243e-05,30971.590909090908,28576.870115052236,2.3893485393614253,5.405691777480086,5.472105105998859,18.881102996267863,11.900653523778669,16.21631095118725,50.324946569242805
490.541,490.571,USV_615,0.03000000000002956,,,None,,,,,0.010558614507317543,0.010899135044642858,13693.552292623504,16639.552035152687,9.281875668126762e-05,30328.125,26563.263842677523,2.3972074921254807,6.920117733103928,5.008098864212691,17.284065966320743,12.421375975558144,15.592679064620674,52.72787198415312
491.483,491.532,USV_616,0.04899999999997817,,,None,,,,,0.010048903524875641,0.02049618675595238,15171.166875392786,16419.21994093403,0.00019930703394667302,30571.428571428572,18473.66893994038,2.2527503907583806,5.598338766783459,6.075295263133949,16.07389220210941,12.740009293269514,13.66552990139633,55.246034871495645
492.242,492.308,USV_617,0.06599999999997408,,,None,,,,,0.00647179177030921,0.03712745949074074,17544.249659694786,15251.345070071135,0.00012319114917773736,32097.222222222223,24157.267277830626,2.8214079370909153,6.289153237498339,6.029875097150737,17.611214173143974,11.41817584466299,15.773352772401719,58.680901895926226
492.471,492.528,USV_618,0.05700000000001637,,,None,,,,,0.011008098721504211,0.010996500651041666,14493.591584267851,16772.56554225403,0.0001687219949106061,30800.78125,22917.551508812012,2.5999017257464914,6.607792496666481,6.451364000501833,16.6742258258343,11.36760979275411,15.760081477156897,55.47639305047321
492.633,492.778,USV_619,0.14500000000003865,,,None,,,,,0.008460825309157372,0.022884971217105265,15652.697097772305,14792.044034124197,3.03629259575693e-05,31027.96052631579,23695.04264764197,2.3236563708057947,6.516390929767879,4.625775396008887,16.656094109446347,12.49062734511309,15.786925842015318,60.33198104836881
493.306,493.384,USV_620,0.07800000000003138,,,None,,,,,0.010152777656912804,0.03554534912109375,16686.904904656883,14648.940135443103,0.00028680506365607683,29961.9140625,21619.094689545665,2.564364860940783,6.269357419748026,6.69764610689285,17.245631839514715,11.656093695618637,13.775846527463177,60.733747908381766
493.547,493.562,USV_621,0.014999999999986358,,,None,,,,,0.008636018261313438,0.0159912109375,17003.15571983466,18736.585007877547,0.0005922361889324287,31253.90625,25513.54631481994,2.1233408899995823,5.1160941654717185,5.006523542311614,17.400734799694305,10.776846653052525,14.952741893615855,45.18420591245718
493.752,493.805,USV_622,0.05299999999999727,,,None,,,,,0.009395463392138481,0.0201416015625,14117.975982900574,14113.75669019537,3.425424960892413e-05,29092.329545454544,16008.921274386968,2.8873741323455464,6.325721609945651,5.911965904191376,16.901040622503544,12.080318173942016,15.40682357430087,58.103914680827444
493.892,493.969,USV_623,0.07699999999999818,,,None,,,,,0.009166679345071316,0.018798828125,15445.819388413986,16142.183891675608,0.00018348002973128343,31935.483870967742,23018.147506731635,2.624797935205878,6.218400999648454,6.08996396427847,17.889770367294172,11.746426407614326,15.082973230089907,57.41276992139686
494.033,494.062,USV_624,0.028999999999996362,,,None,,,,,0.009260850958526134,0.021259014423076924,16476.338042142877,18221.007838721674,0.00015693445642956034,32062.5,24939.29677090901,3.277000563328047,5.0923459348032045,4.5491727222992715,13.220542461053014,9.942249435199914,14.573809814124692,50.86908436060426
494.87,495.002,USV_625,0.132000000000005,,,None,,,,,0.009607354179024696,0.04274338942307692,16446.280400595017,12641.219512826432,4.469795766547214e-05,28658.653846153848,19506.56120817495,2.7471011371676965,6.6099315400391365,4.723892905751938,14.314155116270761,12.06275821730573,13.67551248762689,64.6758177806202
495.799,495.815,USV_626,0.016000000000019554,,,None,,,,,0.007584890350699425,0.02508544921875,16710.446961329548,15365.186077605393,0.00013157032882594755,30632.8125,24205.28338385913,1.4265086476629576,7.273337452983428,5.399663510288686,15.334639237035379,10.707239096798238,13.582380765502718,51.14231589621783
496.459,496.476,USV_627,0.016999999999995907,,,None,,,,,0.006482505705207586,0.027615017361111112,18542.078865058415,19927.03948184354,0.0006915648452908116,33020.833333333336,21005.086835122263,1.8090689409228071,7.531245107566495,4.5484201433415565,15.152967826185224,11.703860863739486,13.238280239330377,46.04578186139715
496.701,496.725,USV_628,0.02400000000000091,,,None,,,,,0.009058413095772266,0.02179509943181818,15827.894319748446,17197.11008447355,0.00033554662377708276,31099.43181818182,27303.975201672885,2.3687209649918035,7.176006566838001,6.680061104354372,16.56123850974672,13.107667668216823,18.439518890870342,50.364275691462105
497.259,497.287,USV_629,0.027999999999963165,,,None,,,,,0.007535658776760101,0.033785306490384616,18839.962514244136,17548.05713727921,0.00037513342366453725,32870.192307692305,27302.67013828825,1.5412662228487701,5.47737979430976,5.948491874213734,17.914428073358994,9.239252199244138,14.947717047225796,52.684014931472646
497.88,497.907,USV_630,0.026999999999986812,,,None,,,,,0.00732748256996274,0.032307942708333336,16717.432596340743,15356.041007943917,0.00010967291091361962,30023.4375,17224.54738810075,3.1087387005718257,6.745330345703235,5.558699168456126,15.695661042436493,10.585034567660225,13.352843691720986,56.106189886452164
499.563,499.627,USV_631,0.06400000000002137,,,None,,,,,0.012511019594967365,0.01978478064903846,14255.591752239632,14066.958484154133,3.378273563969396e-05,28157.451923076922,19430.63211161664,2.8460535364973767,7.739809082333585,5.898485613631733,17.422538709701467,12.53776186060146,13.836962315132492,59.00122652522944
499.716,499.749,USV_632,0.03300000000001546,,,None,,,,,0.009494924917817116,0.0126953125,14249.384970183684,15723.66175389489,7.332164057641758e-05,30087.5,19009.20228393538,2.258176657505616,5.165775815898238,6.617999488613895,18.141472325173304,11.341972370658395,14.307849951038587,52.86312023398486
499.783,499.811,USV_633,0.027999999999963165,,,None,,,,,0.008157726377248764,0.028057391826923076,17270.483565666793,18533.370035307664,0.0003238459967265789,32264.423076923078,26540.153757740958,1.6382411763017237,7.212909427414578,4.981642650335483,16.86474569116961,10.481333584460229,12.016141700627342,51.290935584855404
499.848,499.993,USV_634,0.1449999999999818,,,None,,,,,0.00878568273037672,0.02533066063596491,15277.062944826126,14747.18023891012,8.445509118729134e-05,31371.71052631579,24165.88629116855,2.133164811480027,3.2282865695784424,5.641418247497744,16.565840710844622,11.154036759775977,15.139573109091717,60.28639394631319
500.089,500.222,USV_635,0.13299999999998136,,,None,,,,,0.016185088083148003,0.039884127103365384,14342.64079760219,12746.099723505115,6.169937303569869e-05,27227.16346153846,18552.438922464964,2.3923369721649785,6.151079549149945,6.352316559631806,18.465950171170935,11.777668477620763,16.91427185774247,64.22208785676251
500.281,500.398,USV_636,0.11700000000001864,,,None,,,,,0.01037251390516758,0.017249065896739132,13317.67371976531,13648.304598353836,7.810603111608566e-05,28261.54891304348,22285.825187543323,2.523887137615565,6.73585793463545,6.072033249269711,18.952379183302956,12.453147557154947,16.95988748809335,60.33030419538917
500.473,500.512,USV_637,0.03899999999998727,,,None,,,,,0.009008113294839859,0.026984719669117647,15422.458405090158,15968.366099378978,0.00021386236627526692,29812.5,20670.501754070974,2.053096090885725,6.388178184708092,5.0083409012664495,15.39411172902359,10.642205957045078,14.448923024098818,54.50813690632271
500.559,500.618,USV_638,0.05899999999996908,,,None,,,,,0.009085658937692642,0.021443684895833332,15367.027508449692,15101.744505696099,0.0001288470607305308,30816.40625,22727.740873464423,2.270144025306445,4.3417471282029965,6.083716785161488,16.298527426628986,12.30159856042068,14.636481480271788,58.66763626463364
501.22,501.248,USV_639,0.027999999999963165,,,None,,,,,0.01420162059366703,0.013540414663461538,12995.531404250447,14810.418065983667,2.8528005052517126e-05,27706.73076923077,23675.36504023109,1.2042281343171983,5.120689523713058,8.61555954651443,19.82453929888227,10.127106918250567,13.873538828895976,54.03732247159086
501.328,501.475,USV_640,0.1470000000000482,,,None,,,,,0.007662702351808548,0.03272747171336207,15567.867304050522,14660.307195028574,0.00011526289140723119,30670.797413793105,22214.470669214807,2.839059695525161,4.3552263447919755,7.234884970806588,19.57070503899541,10.834851353727647,14.58619668467489,61.53083944893564
501.777,501.787,USV_641,0.009999999999990905,,,None,,,,,0.005979135166853666,0.027018229166666668,17082.60317636677,17457.215813683142,0.0001645114819103904,30890.625,24915.685288384513,1.2412419449883574,3.560762034359131,5.057444620635875,15.318845750810581,10.482451412223542,16.282829272342163,41.97098850362548
502.385,502.448,USV_642,0.06299999999998818,,,None,,,,,0.012082146480679512,0.02723106971153846,14042.236941967625,13779.484210517916,0.0002623547230461897,26592.548076923078,17373.331719742266,2.8097184350189597,4.698523011526453,6.216732004022694,18.00773105403598,12.688198172852445,13.637503992135134,60.199600471129884
502.498,502.522,USV_643,0.02400000000000091,,,None,,,,,0.010360278189182281,0.013139204545454546,15222.837779030513,19418.176429858377,0.0004160831618650256,31747.159090909092,21573.93016776267,2.8004345896784444,4.479949744242266,5.918064951063574,15.773529431336424,10.4950626459065,13.245668982510834,49.059860397304526
503.266,503.371,USV_644,0.10499999999996135,,,None,,,,,0.01038307137787342,0.021600632440476192,14809.069562470768,14356.55163735109,4.626533078227693e-05,29234.375,20825.473148901452,2.5071144778446146,3.924531217776538,4.902112972290409,17.11522813958363,12.825745924974253,13.931048861266122,60.21949701593646
503.429,503.488,USV_645,0.05900000000002592,,,None,,,,,0.006763349287211895,0.03439453125,16237.263877548992,15129.883508904528,0.00031057139466417286,30840.0,20983.66079615166,1.7635420797500663,5.842873080757233,5.287215811930637,17.800249367789505,11.39846334081002,14.861445520132401,58.69014365848069
503.588,503.621,USV_646,0.03299999999995862,,,None,,,,,0.007310991175472736,0.030940755208333334,15984.096376580264,15989.05729419695,0.0001710816176307868,31050.0,18870.333041251615,1.8323031042726179,7.130578992374336,7.335532791730757,18.80079620855572,10.32673661628173,14.748075786351967,55.242420191604864
503.701,503.76,USV_647,0.05899999999996908,,,None,,,,,0.008578983135521412,0.031483968098958336,15151.36733979595,14847.64561805744,0.00011059396124299865,29410.15625,17609.11279417267,2.4890032375528017,1.612529315609743,5.58122903825923,15.798180510701068,10.454824335103785,14.399212607442317,60.8464090723082
505.212,505.247,USV_648,0.03500000000002501,,,None,,,,,0.007756324484944344,0.0211334228515625,16181.473426987166,18843.745389525786,0.001345638530790499,32724.609375,20269.275087915463,1.316905900573902,6.341784693445291,4.775221383452906,14.208076387419187,11.030848816950133,13.944524634489447,51.929854541705744
505.651,505.682,USV_649,0.03100000000000591,,,None,,,,,0.010588674806058407,0.019269670758928572,12005.086313332116,14542.413937027568,1.7067129101023425e-05,28801.339285714286,25844.643347045723,2.37694679893842,5.592166260837097,6.51707638483514,18.01635706462385,10.893664859067457,15.019280138263838,53.85548862675014
505.93,505.947,USV_650,0.016999999999995907,,,None,,,,,0.011419533751904964,0.020968967013888888,17323.446219649122,18765.355074539213,0.00021165642284337493,30281.25,24904.76953317306,2.0729808497169246,4.522652815554802,3.6580007373327783,15.151885106419254,8.911595020901158,12.690443575926901,47.389539919942074
506.626,506.641,USV_651,0.015000000000043201,,,None,,,,,0.00521463667973876,0.03118896484375,18300.244074515704,18553.7528523676,0.0004179242512895175,33281.25,20445.189055546634,1.5495273203832847,3.1024122047586147,5.4586038335348395,15.912043073526286,11.396924921357478,13.563879227424078,46.01411717655959
506.8,506.832,USV_652,0.031999999999982265,,,None,,,,,0.00829769391566515,0.020228794642857144,14796.301622103967,15880.95687874508,6.762104910982719e-05,31667.410714285714,19037.027325484145,1.940851615605754,5.162589205494068,5.733981271393205,15.861133165159016,11.753393283610055,16.62911545807889,54.658093495235256
507.281,507.293,USV_653,0.012000000000000455,,,None,,,,,0.004892217926681042,0.03435407366071429,17175.73507747603,17339.026249398605,0.0004328143974383449,31111.60714285714,15767.67259148003,2.762946114708824,5.093950156894722,4.986350188217304,16.539477303604137,10.415420233430648,13.724407645818944,44.38498600159899
507.655,507.769,USV_654,0.11400000000003274,,,None,,,,,0.00932772271335125,0.02504340277777778,14547.294317917054,15026.951319708984,7.589532089160992e-05,30081.25,24321.307835597727,2.538827852311973,5.253826457220844,5.26860945391272,17.442164163392565,11.415230567512157,15.179949355672367,60.24682188745735
508.003,508.023,USV_655,0.020000000000038654,,,None,,,,,0.007746932562440634,0.018701171875,15929.022509479657,19756.43967910121,0.0007539298721809182,31893.75,16694.128393430678,1.6128977511687683,3.763149158149136,4.026565356084641,13.31446720681193,9.67855807441438,13.973603351517767,47.39702454998619
511.722,511.737,USV_656,0.015000000000043201,,,None,,,,,0.011780966073274612,0.012939453125,16207.572902612626,22053.056793945845,0.0005521601367009293,30890.625,17880.04406080096,1.7315597603308635,5.915557149604012,6.024433809263768,14.435309140602609,8.710167356316546,14.823918491295718,42.44727902292841
511.807,511.849,USV_657,0.04199999999997317,,,None,,,,,0.0065600271336734295,0.03274197048611111,15369.132899378594,14352.266661465963,2.332304066300178e-05,30822.916666666668,17108.307096092496,2.5338288367500974,4.414936049078757,5.8265165434441,18.472912982637865,12.305595031163998,14.514816614336581,57.56191213117003
512.014,512.055,USV_658,0.04099999999993997,,,None,,,,,0.007070059422403574,0.025702582465277776,16261.42886229417,15460.638732675192,0.00036822554578716505,30484.375,18509.52195373816,2.427491367428737,5.216809929112992,5.692139187199177,18.23166497165324,11.85474134563221,14.466363698930548,55.47707960409393
512.381,512.41,USV_659,0.028999999999996362,,,None,,,,,0.007775390986353159,0.013540414663461538,14699.38337503857,15774.647667953219,0.0001405268372654525,30915.865384615383,15772.445095286817,2.096208275824877,6.151335172718034,6.8317741920158905,15.397580915186571,11.645536868055084,16.365962094896773,52.24660025049279
512.99,513.042,USV_660,0.05200000000002092,,,None,,,,,0.008646620437502861,0.021129261363636364,15611.13729745176,16068.45599006528,0.00017761203713694603,30899.147727272728,21391.865204694317,2.300958329796357,5.763499176059429,5.0197766784566475,15.869125151986426,11.368180682253994,14.099934036498764,56.75707640230118
514.387,514.429,USV_661,0.04200000000003001,,,None,,,,,0.007474045734852552,0.032050238715277776,16309.791931045234,15341.607479657114,0.00015334102520348826,32526.041666666668,23742.32396643381,2.7700355115964808,6.416787160565915,4.951527771167638,16.246276176409093,10.322907401372014,14.897865352451582,55.99534939498671
515.666,515.677,USV_662,0.010999999999967258,,,None,,,,,0.008656964637339115,0.022013346354166668,17224.17019545549,19538.127243972678,0.000520914819963068,31062.5,23864.192226699368,1.4139676197585047,6.464326600348678,6.427228149822642,14.93006921281903,11.454334958031316,13.778112027402974,43.369126812901584
516.12,516.217,USV_663,0.09699999999997999,,,None,,,,,0.010167787782847881,0.018642327724358976,14074.240747762407,14287.320839762897,2.2001241435792984e-05,29742.78846153846,19211.909481790757,2.406552302280948,5.480294989605693,6.735646156588735,18.660254496807095,10.757121329429113,14.810971905692067,59.5595111212083
516.252,516.301,USV_664,0.04900000000009186,,,None,,,,,0.008133741095662117,0.023995535714285716,15094.825446205874,15051.800140022173,7.555703087931632e-05,30870.535714285714,25089.949863196613,2.2374269055031806,6.012452178047449,6.003739074864238,18.54309540158852,11.851986096317793,14.80992363633425,56.20992086234167
516.641,516.76,USV_665,0.1190000000000282,,,None,,,,,0.009002079255878925,0.01948969414893617,15391.423677944336,15107.338923183966,4.510091455150207e-05,31735.372340425532,22869.006075086807,2.7527060175125166,4.563444934265057,5.871660490630041,17.82342384139905,12.090177693284536,14.916846817912212,59.707412956836
516.802,516.916,USV_666,0.11400000000003274,,,None,,,,,0.008840450085699558,0.02548285590277778,16685.780133693803,14567.190572873757,8.563132103816215e-05,31004.166666666668,22506.91467343171,2.390976346520224,5.692150008460954,5.7770412713022345,17.38063586053295,12.724495774506883,14.410590923977738,61.3387309829003
517.047,517.078,USV_667,0.03099999999994907,,,None,,,,,0.00769443716853857,0.0281982421875,18352.456898710636,17654.31801519085,0.0003192997357961041,34051.33928571428,26656.497554883597,2.49546178413381,2.8669957388527307,5.039417620990433,14.558976922007188,12.652605202544626,13.189835022660535,52.88430408649811
517.11,517.176,USV_668,0.06600000000003092,,,None,,,,,0.008264605887234211,0.017677589699074073,16456.212182467076,16723.611517732068,0.00033733721421595547,32607.63888888889,23781.27130997903,2.5350599366710496,4.730238915122396,4.801625695410659,15.703643018233132,11.858388112988099,15.135766836468107,57.87137094472841
517.385,517.474,USV_669,0.08900000000005548,,,None,,,,,0.012890889309346676,0.019022623697916668,13091.74904304402,15116.634445936299,6.116556585832617e-05,28520.833333333332,19772.148945813817,2.054499637410806,4.217146208144248,4.224463829943263,17.497280934433785,11.351987816006837,15.358329538498484,58.26680584178402
517.519,517.611,USV_670,0.09199999999998454,,,None,,,,,0.012007604353129864,0.01899018158783784,12231.629206185171,14775.020526732336,0.00011327532608623094,27281.25,23967.03947811129,2.625895315953504,2.526479265412591,5.526764782098749,16.16858435682331,10.493256067300008,15.211526453863843,59.336532434745834
518.233,518.286,USV_671,0.05299999999999727,,,None,,,,,0.017054548487067223,0.030406605113636364,16234.85863835006,14628.069181320172,0.0004989201429271734,29382.102272727272,18974.90372515154,3.3115854974271426,4.704821686820965,4.9217660070588,14.064174451783368,10.67785400365981,15.370386477694854,59.17220878220944
520.189,520.254,USV_672,0.06500000000005457,,,None,,,,,0.009812634438276291,0.029378255208333332,15360.956202671128,14277.521708780383,0.00017548627365646541,29409.722222222223,21605.94559152566,2.3316410376907784,5.141159447434725,3.8968371926969887,16.3911452123013,9.196959272121799,16.233992684712277,59.70214711339718
535.041,535.126,USV_673,0.08499999999992269,,,None,,,,,0.034844741225242615,0.009076286764705883,8838.725174508476,13213.470162252077,0.0002790269705445353,22102.941176470587,22165.614095806573,2.7707228872006695,2.630701264476727,5.730257205150546,17.991630526459595,10.95545958068465,14.808128546632483,57.07883809506018
535.155,535.213,USV_674,0.057999999999992724,,,None,,,,,0.06009122356772423,0.00518798828125,6010.9955144140995,10988.2870230256,2.9596576590246786e-05,13648.4375,25423.865602330898,3.137429081785069,1.9551165688336358,5.786243327006642,17.687660456959453,9.575739749650253,14.978254171064087,54.725174493383584
554.894,554.982,USV_675,0.08799999999996544,,,None,,,,,0.04224485531449318,0.022335379464285713,9764.371397661578,12234.355811997846,7.14092016613551e-05,20426.785714285714,28748.47974422367,4.189202051133138,3.3940330665905285,5.760434305764815,17.044737403368885,12.542266736888884,16.75823855010657,59.50332647438336
557.058,557.079,USV_676,0.020999999999958163,,,None,,,,,0.011006427928805351,0.0271240234375,14618.05960406234,15255.496943866816,0.00014893065958919156,29325.0,25229.665034178513,2.1866178648532193,2.997279878368441,5.643718631488919,15.39633079567832,11.12671571896035,17.253877551728966,51.4457209162613
560.948,561.064,USV_677,0.11599999999998545,,,None,,,,,0.011624502018094063,0.02499787703804348,12026.953735252511,14073.319815725135,8.500467261693318e-05,26995.92391304348,26094.40810737274,2.8198955303872264,2.1216731408149343,5.712701176945677,16.891113713342232,11.806739515254415,16.540323959143233,60.95852325710169
594.797,594.869,USV_678,0.07200000000000273,,,None,,,,,0.010116131976246834,0.01439587823275862,14223.603505590178,15517.286486103183,7.98816149070532e-05,31154.094827586207,26231.130762541045,2.744195376635511,3.3981346309753726,6.668823120981398,20.267496408996436,11.295093755315879,17.24387142658456,58.5978177095319
594.913,594.978,USV_679,0.06499999999994088,,,None,,,,,0.007450355216860771,0.03358289930555555,17360.16771867327,15555.31109983599,0.00010009360502693902,33024.305555555555,29257.67095275863,3.472486121854903,4.863142618495283,5.617453292882966,15.688363534934082,12.47499230025227,16.555416028412704,58.12208147697941
598.813,598.834,USV_680,0.020999999999958163,,,None,,,,,0.007748124655336142,0.0341552734375,16163.02736704775,16085.364402781279,0.0005715182497305402,29878.125,21924.575416177227,1.0274299756480345,4.441759041367686,5.6177080110866,13.831255944398475,10.828837913147398,15.380486748903277,51.61947435001529
598.99,599.006,USV_681,0.01599999999996271,,,None,,,,,0.010263066738843918,0.01324462890625,15342.198807523151,20653.172565988854,0.00034995185080295417,31804.6875,27585.059146175317,2.9552573743315182,2.8041344015543,3.559147009787026,14.679554205459748,9.919113659298747,16.863083497851747,43.91048850402777
599.17,599.252,USV_682,0.08199999999999363,,,None,,,,,0.009183152578771114,0.023215553977272728,14374.946472376983,15001.479452111704,0.00011385984496239848,30380.68181818182,23847.276927470695,2.5315686371240282,4.410443730294146,5.791535823915601,18.326156191545515,11.63301982250461,16.512436033746837,58.94592750750785
599.434,599.516,USV_683,0.08199999999999363,,,None,,,,,0.007378097157925367,0.025849313446969696,15383.446664765646,15109.794596606711,0.00015218017374233977,31383.522727272728,26173.93178253043,2.457735583890381,4.6019233100669075,5.796176646320194,18.01770365703769,12.22084994315798,16.967893537537986,59.1942920538776
604.055,604.156,USV_684,0.10099999999999909,,,None,,,,,0.02065162919461727,0.01024169921875,8912.640988785302,13365.802948752651,2.061147684269594e-05,24532.03125,27517.915082412634,2.6328594592545436,2.2315945535387396,5.652156756292082,18.452466153852946,10.4772607204785,18.242297447671397,57.72378958707998
641.668,641.795,USV_685,0.1269999999999527,,,None,,,,,0.011032267473638058,0.0324462890625,14516.49871552036,13683.93719719085,3.366322926140443e-05,28494.375,21255.840584082063,2.2075252164098025,3.6473399365198014,5.381497880400284,19.512793289604343,11.040520118781622,15.277361470261981,62.598436828162356
641.874,641.943,USV_686,0.06899999999995998,,,None,,,,,0.05017118901014328,0.005998883928571429,5823.876232124647,10303.836078392867,6.4657036311025434e-06,13540.17857142857,32303.9270684332,3.074140517000871,1.5870570577996268,5.337561688594405,17.002574924238335,10.409171875952905,15.548026973220006,55.489251871007774
641.99,642.005,USV_687,0.014999999999986358,,,None,,,,,0.01894165575504303,0.025726318359375,14409.359850963958,21215.470152453487,0.00048057017462008536,30011.71875,22035.588311158284,2.116129724393074,1.5968063417127356,4.210198786364367,15.560246830569028,11.504816129141,14.770454552060624,42.93271374654162
642.136,642.205,USV_688,0.06900000000007367,,,None,,,,,0.009452174417674541,0.018729073660714284,13485.286891986447,14887.90877790698,0.00015126239544566768,29253.348214285714,20507.725269185245,2.8239321561155983,2.8379017182588413,4.6227440680031595,16.97327379008271,11.082283292917737,15.707987868820913,57.846867264256375
642.44,642.58,USV_689,0.13999999999998636,,,None,,,,,0.012458300217986107,0.017001065340909092,11643.212491618628,14001.970130552922,0.00014156952274699673,27272.727272727272,25217.06528740863,2.666876118667179,2.796124992700796,4.416858213546698,17.144702461447928,11.153351024588014,16.474504135216367,58.91154819803579
642.901,642.937,USV_690,0.03600000000005821,,,None,,,,,0.007997624576091766,0.0326080322265625,15695.30137271342,16518.23990847409,0.0002562430221301395,30837.890625,17181.750979578042,2.5768419128579834,4.310583422288828,5.044895680404759,15.543838470375967,10.519527103460472,14.481354690742545,54.227613534065796
643.026,643.043,USV_691,0.01700000000005275,,,None,,,,,0.005337910261005163,0.04942491319444445,17802.999422133682,16661.76230081464,0.00034063267749698527,31583.333333333332,17040.393118692376,2.004748910386061,2.0708914227650803,5.25688489964426,13.335232267179162,12.064946422689673,16.016237629611,50.12621129448145
643.864,643.971,USV_692,0.1069999999999709,,,None,,,,,0.013606689870357513,0.018816266741071428,10770.098747454449,13525.065600808906,0.0001124420855701133,25375.0,24587.295319408033,2.2604880330155863,2.2340943878954427,4.70010586575651,16.165867356907825,10.325694411686497,15.167010810174169,61.25036664140589
644.093,644.185,USV_693,0.09199999999998454,,,None,,,,,0.010099539533257484,0.024724187077702704,14617.665307911333,14996.334673158019,0.00020810529234043177,29794.763513513513,17590.595185670594,2.3748203917370474,3.699235986425613,5.178209659380491,15.676198837792425,11.786344341439627,14.672663220381896,60.01165941255715
649.042,649.135,USV_694,0.09299999999996089,,,None,,,,,0.01133757270872593,0.028914168074324325,13400.51007001109,13685.483509827884,4.6406718789788956e-05,27998.31081081081,18590.592145193248,2.3398038060738857,4.498216965875222,5.334894530490894,17.75584034682596,10.618830882983284,16.024740004490226,60.602847399087665
649.221,649.285,USV_695,0.06399999999996453,,,None,,,,,0.009287743829190731,0.021521935096153848,15533.53826660847,14810.736484405892,9.951992279920045e-05,30310.096153846152,21647.71390724385,2.3541995225211987,4.883307981974935,5.177722720438933,16.450689969584207,10.909806646538565,16.44854766419411,59.51050413305552
650.445,650.566,USV_696,0.1209999999999809,,,None,,,,,0.010596428997814655,0.037694295247395836,16500.513074534785,14610.142681186602,0.00010157233523340242,31279.296875,25977.37879034765,2.6045505001729583,2.8957814893852194,4.814043716397709,17.083255110364927,11.445375540098416,15.844327248256866,61.732176324862586
651.213,651.326,USV_697,0.11300000000005639,,,None,,,,,0.0224546380341053,0.031825086805555555,12624.898227258735,12187.914494391458,6.571734002627083e-05,24812.5,14849.260117794573,2.8773163816472604,3.020092005475917,5.591187816735623,17.167831150696756,11.384424155131324,14.125059980016935,64.37075591280961
651.369,651.417,USV_698,0.04800000000000182,,,None,,,,,0.011872556060552597,0.037255859375,15360.685978360194,14310.503451418137,3.432090695945296e-05,29362.5,24483.41360889654,2.7858953399342097,4.720398365796313,5.691911365606133,20.26748465507641,9.546324393197064,17.411873223355975,59.43543725458407
655.532,655.65,USV_699,0.11799999999993815,,,None,,,,,0.009457350708544254,0.03198761635638298,14643.136707230682,14380.27464286663,0.00016735737051608792,29447.47340425532,21471.115514157987,2.213651939630813,3.154614963185368,5.297727615281456,17.07782956839808,11.180421816891428,15.420888134223413,61.39733438948016
658.86,658.906,USV_700,0.045999999999935426,,,None,,,,,0.008909272029995918,0.01859130859375,15034.94285742209,17522.17021235147,0.0005582383323641277,31396.875,25802.70355891206,2.204784962635815,3.0833515406802325,7.675090492149813,18.087051564146726,9.56024538211416,14.111529491808966,55.680727952631045
663.02,663.068,USV_701,0.04800000000000182,,,None,,,,,0.014281375333666801,0.0138916015625,10940.211790124627,13705.233020878348,7.969013592082049e-06,26278.125,22498.95912338172,2.8382154114383606,3.3013790322755363,5.306006481411677,19.459511573867964,10.744538673428837,17.718354473010756,55.11393165892149
663.672,663.751,USV_702,0.07899999999995089,,,None,,,,,0.012953773140907288,0.0176239013671875,11943.460693284698,15106.331570542083,9.791239545801054e-05,27509.765625,21370.207170293706,2.421338441695263,2.1276766814053776,4.992123914265643,16.118662866964645,11.528564621500427,16.045067951921467,57.82325988930104
663.973,664.012,USV_703,0.03899999999998727,,,None,,,,,0.007648510858416557,0.026912913602941176,14129.736250707012,14764.507662196937,4.74644862900607e-05,29564.33823529412,18005.315684745798,2.0661108501141183,3.3746339830025693,5.265128866518118,16.44516417567791,11.688700427011646,15.456807351571944,56.39673353535191
664.287,664.332,USV_704,0.04499999999995907,,,None,,,,,0.030676232650876045,0.01123046875,8052.982300098155,12359.536933171195,3.030072997492308e-05,19125.0,24464.792399143098,4.053788597510659,2.793414674122916,5.10379115720855,19.5606412278381,12.986897858227392,16.156126865820678,53.387894995878376
664.569,664.63,USV_705,0.06100000000003547,,,None,,,,,0.013631809502840042,0.019462890625,11099.60685349778,13509.874897927011,9.352439158984064e-05,24888.75,18040.79591251631,2.830535863735776,2.6908334012637223,5.392412195057427,17.496060292351146,11.336068339202189,14.977995538466407,59.72464293287699
664.699,664.816,USV_706,0.11700000000007549,,,None,,,,,0.02210807055234909,0.027449898097826088,9970.35464354364,10629.189413911392,4.833382275508449e-05,18882.472826086956,14795.58940498986,3.3127891926500443,1.3898214961243918,5.980601047815895,16.854869572085068,11.531705261912723,19.479350771594085,64.7703381784122
674.275,674.415,USV_707,0.13999999999998636,,,None,,,,,0.021058786660432816,0.011780894886363637,9585.338079364114,14075.518925666884,4.074407079661618e-05,25690.909090909092,27649.150763468377,2.754460132309029,1.4889374474373323,4.626715528349459,16.823014196242188,11.903865088673218,16.178856609984763,58.554549039607096
680.618,680.652,USV_708,0.033999999999991815,,,None,,,,,0.01936020888388157,0.028792317708333334,12887.796595346113,12952.987623928668,0.0002451029675683752,24456.25,15466.476869169339,2.094359180465198,2.134823815035882,4.8130516255634666,15.559597608309467,10.281553398662828,14.236983382704643,59.23392208603029
680.699,680.718,USV_709,0.019000000000005457,,,None,,,,,0.012313192710280418,0.0227294921875,13474.305520835656,17640.80486706108,0.0006089365071530798,26456.25,16319.503150592087,1.7370296526852418,2.488742933201467,5.7070116595868345,18.18734186565433,11.578946638150772,14.26687703832027,49.58428422604634
680.794,680.807,USV_710,0.013000000000033651,,,None,,,,,0.00917948130518198,0.024867466517857144,15700.940547691584,15281.472303452942,0.00022259047445204904,27843.75,14769.230769230768,2.2966496693385543,2.4997133059368237,4.705817805412567,14.239960220508683,10.116484903939554,15.114422822159925,46.60358477761296
680.971,681.018,USV_711,0.047000000000025466,,,None,,,,,0.008158911019563675,0.01644287109375,14645.89773668896,15105.44755952262,0.0002711263632593609,30328.125,15118.91150740195,2.7640518266998204,2.6488510089690935,4.655800111377673,17.05432194124436,11.271688610431156,17.249968159182174,57.73969827142376
682.029,682.038,USV_712,0.009000000000014552,,,None,,,,,0.01203994732350111,0.006266276041666667,16418.30303787059,19496.53931096135,0.00025037964488549457,28718.75,21862.768690455763,2.062032067808423,5.869111256926012,3.6492220436239102,9.390819319514739,8.629098476737882,17.872315187549663,38.79003544589932
682.192,682.307,USV_713,0.1150000000000091,,,None,,,,,0.022554436698555946,0.03533139436141304,12727.75439845116,12088.10862277485,9.524789116502004e-05,24258.831521739132,16924.928098533288,2.309852929422193,3.138645814821866,4.844357266909425,15.726630357077886,11.497418979800596,15.473118188937347,65.15490500422787
682.485,682.596,USV_714,0.11099999999999,,,None,,,,,0.007955944165587425,0.03374134410511364,15284.737884332111,13870.707180463527,3.852914070730878e-05,30140.625,21030.493104167384,2.0369196506078207,4.994976008224291,5.929056550131861,15.90862097929069,11.670357519013608,15.647295747135786,61.05298213238762
682.731,682.798,USV_715,0.06700000000000728,,,None,,,,,0.0108345877379179,0.028032575334821428,14444.730431500428,13715.56902348861,5.789201626025546e-05,28747.76785714286,14800.708146499703,3.0115646450319877,2.5645204151613155,4.555342960093257,17.06806316034221,11.122648287657716,16.664679604700904,60.71483414337643
690.644,690.698,USV_716,0.053999999999973625,,,None,,,,,0.0336565226316452,0.007313603940217391,7822.325317576087,14240.526651709133,0.00012723241246641827,19275.815217391304,24808.780466027813,3.0604295897934355,2.387113567192133,4.092773534544976,18.252770774150527,12.125632470519582,18.233062456342907,54.12137273172357
692.417,692.509,USV_717,0.09199999999998454,,,None,,,,,0.044918037950992584,0.01979518581081081,10033.463391581703,11586.049126755019,0.00012723349992557788,21260.97972972973,16380.799790206209,2.3976909356837877,2.959761227961958,5.14730888393761,18.97156346534192,12.223845643738725,15.215170327825081,61.29393734425649
695.339,695.348,USV_718,0.008999999999900865,,,None,,,,,0.009505198337137699,0.020263671875,17604.56672202297,19996.595499215546,0.00045280290710694683,32593.75,26502.863878479544,2.27238742682568,5.423810046374887,7.008121441145186,14.694877141471792,8.737804409254288,16.777157989942342,40.163291659206216
703.563,703.637,USV_719,0.07399999999995543,,,None,,,,,0.010601182468235493,0.022932942708333334,13800.986143855089,14114.315444811316,6.289601918316575e-05,29225.0,22703.102965477436,2.6835376169668685,2.546463764287083,6.0770862496466425,17.66742029547456,9.85869657834606,16.602016095127944,59.21151133927226
703.944,704.054,USV_720,0.11000000000001364,,,None,,,,,0.01159903034567833,0.028797496448863636,13786.538210337201,13490.45119945907,3.0500771880210437e-05,28904.829545454544,20146.101769184068,2.7710748031778114,3.684790414149106,6.158562879029651,18.629677293105484,11.237798653692634,15.59633681740504,61.505907925621045
705.612,705.756,USV_721,0.14400000000000546,,,None,,,,,0.013449513353407383,0.016741071428571428,14290.44200277407,13372.747087367743,1.1819034334828491e-05,28680.803571428572,23035.365755893872,2.781112015814977,4.8273026913028145,6.092018221297455,17.13400584173196,11.596639058946208,15.339517406968993,62.38708522492508
705.829,705.953,USV_722,0.12400000000002365,,,None,,,,,0.028662346303462982,0.036252391581632654,12805.78841663633,11759.501512698125,6.047185058707823e-05,24271.683673469386,14777.485978497934,2.9551004231739126,3.0686034136432783,6.951186505831069,16.749706711139634,11.784629153536027,14.326420290655548,66.40343513641048
705.992,706.125,USV_723,0.1330000000000382,,,None,,,,,0.02856624871492386,0.023470365084134616,10774.82881832148,11735.552897838592,3.073930777126649e-05,22573.91826923077,18640.67236187456,2.8810766099776832,2.8465585736748613,4.775220849682674,17.944061968995193,11.813104274444708,16.029648881586127,59.379214123207085
706.377,706.386,USV_724,0.009000000000014552,,,None,,,,,0.00498899444937706,0.040079752604166664,18139.62139698775,20398.547818796527,0.0007247748876986097,32281.25,20810.74544056882,1.6763276992123208,2.941687233710064,5.321766419836448,12.42592356663876,12.006478617139111,17.21841408760943,38.70036236282119
708.502,708.534,USV_725,0.03200000000003911,,,None,,,,,0.02138240449130535,0.007725306919642857,12553.254589174749,15506.528677121529,7.258072573992547e-05,26497.76785714286,21596.18843377501,3.0461657284815575,3.1859675055387666,4.488215485797424,14.982573229814276,11.29173208357752,16.828692581408795,50.563763341961916
713.678,713.704,USV_726,0.025999999999953616,,,None,,,,,0.007982059381902218,0.021464029947916668,14651.02762084011,16861.552255275205,0.00015139027006271432,30710.9375,26696.445842543817,1.999236756903679,2.9449069204528118,5.695320912177581,15.7570267231619,10.460169223216031,14.953431804543184,51.9512388336874
714.725,714.746,USV_727,0.020999999999958163,,,None,,,,,0.010254859924316406,0.010302734375,13046.005226770172,15365.555141788067,4.460826022403864e-05,29850.0,25521.378227943525,2.1116246922161954,5.911471328539966,5.8295373704458004,17.014329178796043,11.111776737275099,16.674291446404485,51.18674977005087
715.201,715.296,USV_728,0.09500000000002728,,,None,,,,,0.012428630143404007,0.025281404194078948,12802.718370307768,14254.316379816026,8.406927502668728e-05,28142.269736842107,30285.088675491017,2.493561743737733,4.017182240879599,6.079693079087207,15.530537674992768,10.67068248214162,16.31271522255197,59.6065233244953
715.411,715.432,USV_729,0.02100000000007185,,,None,,,,,0.01224107388406992,0.0145263671875,13235.04936340042,18080.82716253603,0.00033501859897804693,29203.125,27621.30645192226,3.2081218788721677,3.1313198338768324,4.328825492213186,16.492990842954992,12.535561903933736,16.87428907226907,48.491915031362176
725.078,725.113,USV_730,0.035000000000081855,,,None,,,,,0.010709489695727825,0.0277099609375,14379.855661572836,16331.617240489848,0.0005088700923085784,28248.046875,14889.573183764847,2.260295948460117,2.3768366922821222,5.244980831077359,15.962461534904058,10.633295844035109,15.784225672100488,54.99596172115224
725.377,725.454,USV_731,0.07699999999999818,,,None,,,,,0.015013615600764751,0.035833543346774195,14487.781482805673,14280.556143525913,0.00018436904659335638,28953.629032258064,20978.260057077834,2.4504846045602444,2.94000561658079,4.15249442069354,19.734494122132848,11.089647380300521,14.729077799103306,61.276749224110006
732.231,732.257,USV_732,0.025999999999953616,,,None,,,,,0.006292370613664389,0.038065592447916664,17137.80221126888,16756.572193095668,0.0006686738724738869,31546.875,26644.465307089613,2.421784515363266,4.895239017078798,4.410349892244445,18.47703100416194,15.536228847619993,15.835292032226555,53.06692667010688
733.517,733.633,USV_733,0.11599999999998545,,,None,,,,,0.010432512499392033,0.024944802989130436,14895.832474118737,14181.204201702907,6.766715154334893e-05,30291.440217391304,23892.89206752838,2.4486765058208784,3.299178990763203,5.795541730925288,19.506480119375855,11.476171693093791,15.977742400599992,60.35377868342322
733.689,733.742,USV_734,0.05299999999999727,,,None,,,,,0.01248887088149786,0.020962801846590908,12624.52139048814,14746.228076143645,4.322329061233246e-05,28065.340909090908,25375.78068248635,1.9047527212788713,1.9879254504217136,4.486598163067072,19.38664720091285,11.13054270969813,15.093362672304279,56.36966453004075
742.567,742.575,USV_735,0.008000000000038199,,,None,,,,,0.01381140761077404,0.011572265625,15630.516111084831,24596.452652092783,0.0008102717741024426,31593.75,24341.535791855513,0.6896126542880505,2.4119833684215677,7.625901710583404,7.830196449043679,7.645945843039196,15.802030366006374,31.10344957103473
742.621,742.64,USV_736,0.019000000000005457,,,None,,,,,0.010924041271209717,0.013330078125,13946.629412823002,17663.880889598855,0.00013891584128228164,28940.625,16076.785562744717,2.184570173707918,2.4785868711027,6.909902081305882,15.723569647332019,10.900151288704826,14.50542099255323,48.40211751497131
742.743,742.781,USV_737,0.03799999999989723,,,None,,,,,0.008963212370872498,0.029282513786764705,16421.653194478735,16585.239963693497,0.0006467569981218062,30606.617647058825,16703.73990042883,1.713164335504755,4.7927106378034825,5.394213191014273,15.200379015654876,10.13810207183676,17.2634935101511,55.770730317410965
743.439,743.531,USV_738,0.09199999999998454,,,None,,,,,0.01946856826543808,0.011877111486486486,10388.705338884087,14014.343439667035,3.62105048921301e-05,25573.47972972973,26468.929832005048,3.147026180545195,1.1081531350793958,6.762123013607723,17.81984671879844,10.418915492454243,16.15458385376878,58.22193346627789
747.361,747.377,USV_739,0.01599999999996271,,,None,,,,,0.00926685519516468,0.01934814453125,16539.88410918133,19947.00823499012,0.000570737239992069,31863.28125,18984.848320665304,2.1745159198272104,4.059406172633555,5.542247692814179,14.858595925443296,10.104073436809848,12.19567751635953,45.09125953040506
758.195,758.292,USV_740,0.09699999999997999,,,None,,,,,0.009069357067346573,0.023631560496794872,15791.691625632002,15705.192542753588,0.00026107476297762046,31612.98076923077,27489.337282126213,2.7439385306596815,4.340908975934143,6.174452362079683,17.427226644182966,11.536459481446391,16.186205188929534,59.61422702723483
758.323,758.387,USV_741,0.06399999999996453,,,None,,,,,0.00961587019264698,0.022179236778846152,15357.730430119416,14312.370096408184,6.189072353045951e-05,30353.365384615383,26094.46885579636,2.8638275930731307,5.36097013925781,5.737249561372422,18.458704534537944,10.273459320922068,14.796219809476012,60.13681692217287
758.482,758.519,USV_742,0.03700000000003456,,,None,,,,,0.008674968965351582,0.014007568359375,15290.454316668427,17455.02783470124,0.00020376729667381067,31857.421875,28298.64454678456,2.3063375791135248,3.638421140609334,4.722206703699209,14.387367898326213,11.332770615678452,15.655553611924844,52.667340924537626
758.555,758.686,USV_743,0.1310000000000855,,,None,,,,,0.009291610680520535,0.03607647235576923,16532.96654914687,13841.052163919434,6.058950257351587e-05,31096.153846153848,25843.30857291515,2.73409362337999,3.997526339280346,5.568011110794244,17.600161929029536,10.499247630501934,16.08451925959093,62.564717664878344
759.534,759.608,USV_744,0.07399999999995543,,,None,,,,,0.007607029285281897,0.029622395833333332,15335.478225051535,14672.03307029029,5.650115816327519e-05,30781.25,21557.278522002263,2.0560629299546638,3.7728146039706014,4.960677833729511,18.252244102518702,11.65735219556983,16.301758643386865,59.50042540964735
759.66,759.81,USV_745,0.14999999999997726,,,None,,,,,0.008199797943234444,0.046163268008474576,16141.275361431435,12910.893294543097,9.277083622335167e-06,30139.830508474577,20708.62532792202,2.160859493163128,4.330613366470848,5.527021412121798,18.59751034511814,11.153317309674797,15.557165339191664,63.91963182188787
761.631,761.758,USV_746,0.1270000000000664,,,None,,,,,0.01241044607013464,0.0538671875,16143.334605520791,12710.618405697867,3.3740577458406375e-05,29690.625,21330.89532654137,3.1619099264061052,3.6035666222448732,5.6411351806119185,17.15527869437382,10.523838233821783,15.65235428286167,64.70845495540313
762.035,762.097,USV_747,0.06200000000001182,,,None,,,,,0.011753920465707779,0.018742487980769232,18032.17656519257,16808.897750243617,0.00014073492287036015,33796.875,27727.287329846436,2.796760487168229,5.177750149012401,4.327900327290893,15.177134203264796,11.48988271994623,17.05010476796142,57.92571615338338
762.295,762.437,USV_748,0.14200000000005275,,,None,,,,,0.010185027495026588,0.04939923967633929,17214.72167411553,13633.05370577743,5.794734170091515e-05,31263.95089285714,20897.787625250618,2.599666081037352,2.661110320141674,4.3498266214641195,16.777685709864723,10.91450783941959,16.552737557483187,64.22387241774243
778.905,779.05,USV_749,0.1449999999999818,,,None,,,,,0.02063593827188015,0.028187534265350877,12208.408049217911,12414.31957115805,2.8560581964514737e-05,25572.36842105263,18874.08998231592,2.6729948750913226,2.9079958246776387,5.193877312675963,17.54750162326591,11.57766952645795,15.96150295546792,62.762886501760875
779.108,779.174,USV_750,0.06600000000003092,,,None,,,,,0.013510940596461296,0.023383246527777776,13114.432696101043,13783.185139188698,0.00022296364337273333,26572.916666666668,17095.530929231965,2.6841607435778636,3.6941479052182706,4.7390608023344845,16.030215723254372,11.454694101876468,16.31548248501556,59.034822629074476
779.208,779.244,USV_751,0.03600000000005821,,,None,,,,,0.009619680233299732,0.03253173828125,15651.110487052478,15669.531257310671,0.0003447631461304251,29214.84375,18782.983349487964,2.499897314430826,5.165335101635003,4.256082318970981,15.971849489331206,9.459381094186154,16.743606452867805,56.18587661559944
803.972,804.076,USV_752,0.10400000000004184,,,None,,,,,0.03130117058753967,0.008282917301829269,7407.027876497272,12306.536093543153,0.0001283898321560641,19307.926829268294,29469.72989789861,3.162313460097024,2.310945221970334,4.774726066903883,18.748204936264408,11.73153017660338,14.844833016902015,57.40579812748458
804.655,804.717,USV_753,0.06200000000001182,,,None,,,,,0.07602034509181976,0.005446213942307692,5867.999379116948,11745.762958820244,2.2308893127488752e-05,13806.490384615385,34018.88845316873,1.687334668310558,2.2108013966585576,6.500766448214905,22.53890412963768,11.362681442963702,13.744496635872908,54.20293856504444
804.802,804.88,USV_754,0.07799999999997453,,,None,,,,,0.02276419661939144,0.01006317138671875,9747.240500449472,14332.41594646842,0.000194914656905966,23806.640625,26344.804392269158,2.6048105740227236,3.056951302344639,6.264157403132085,17.84156472030266,12.286575286829212,17.829548979968013,57.82880554701251
806.217,806.296,USV_755,0.07900000000006457,,,None,,,,,0.02180970460176468,0.0124969482421875,8769.11266517713,12068.676898007077,1.0992501964204392e-06,23206.0546875,28055.870285611814,2.6027145609155244,3.1634113906418957,8.81607487161526,16.028049800706032,12.230120185107422,14.890611456973035,60.81289971242977
807.184,807.248,USV_756,0.06400000000007822,,,None,,,,,0.008992385119199753,0.015690730168269232,13869.459608949119,15099.320487609424,0.00021685317189772338,29332.93269230769,17067.94737361622,2.446602547142093,3.3644312764740993,6.17355793118169,17.320560499224634,12.398417560850577,15.842088211245088,58.27371982760717
807.321,807.333,USV_757,0.011999999999943611,,,None,,,,,0.01511417981237173,0.012311662946428572,10835.634715400984,17460.89654051682,9.480346843029933e-05,25312.5,25961.415225817454,2.5386168631348363,1.6863114926591969,4.424896390179246,18.980200807712826,9.399581194814994,17.854151186273466,40.964106800431765
807.382,807.414,USV_758,0.03200000000003911,,,None,,,,,0.016540298238396645,0.0123291015625,10574.093603073674,14762.060712299039,5.591930594203147e-05,25921.875,27349.391622662293,2.6112827073960267,3.951238057409968,5.0554786425055,18.654164408454722,10.74059266300482,15.851981887180141,52.846844895966434
809.06,809.181,USV_759,0.12100000000009459,,,None,,,,,0.012450721114873886,0.024017333984375,12108.87543507875,13605.176606931365,0.00018233851333706338,26501.953125,16095.720047793913,1.9836862435610527,3.171754275690379,5.544878425781909,19.664646055637842,13.514046590650992,14.485614443806321,60.65856064689283
809.343,809.478,USV_760,0.1349999999999909,,,None,,,,,0.01561089139431715,0.022958431603773585,10378.010375257605,11963.18886917683,1.2357313331083932e-05,22970.51886792453,17449.592048852108,2.6050968084070765,4.224189740395183,4.966157647743153,15.927996402977666,13.593018647157512,16.800548743812335,61.78436133892388
816.602,816.715,USV_761,0.11300000000005639,1.0,133.95299999999997,True,810.7837,944.7366999999999,5.818300000000022,-128.13469999999995,0.012418781407177448,0.023182508680555554,13754.693477980194,13840.786277145668,6.885498927512417e-05,29189.583333333332,21198.79593846908,2.526715313183707,3.604081515866266,5.581317784804653,15.987731466567887,10.561357187565573,14.984696965753605,60.32176305209477
817.039,817.059,USV_762,0.01999999999998181,1.0,133.95299999999997,True,810.7837,944.7366999999999,6.255300000000034,-127.69769999999994,0.008370798081159592,0.022607421875,17736.150702731124,20034.44280987845,0.00037416577631395754,32981.25,26095.215481414423,2.5056369471801334,3.1348375479120003,6.2878763132826965,13.4747971908035,8.777129948235388,14.750146128869162,47.87397342846607
818.167,818.248,USV_763,0.08100000000001728,1.0,133.95299999999997,True,810.7837,944.7366999999999,7.383300000000077,-126.5696999999999,0.00987106654793024,0.04069750236742424,18569.20363611279,15626.292762672234,0.00013149194351384249,32539.772727272728,26842.30285064908,2.295583301966572,5.741529455065567,5.18191660694685,17.072929050109835,11.920457584548561,15.284191930415716,60.36142235085873
818.709,818.741,USV_764,0.03200000000003911,1.0,133.95299999999997,True,810.7837,944.7366999999999,7.925299999999993,-126.02769999999998,0.00893410760909319,0.021449497767857144,14331.00381398546,15449.232295064803,0.00012878214311632017,29852.678571428572,18771.91580899657,2.690202270638825,3.0604473169939825,5.213838307172771,16.729576734988644,10.915388185345336,14.699602460943396,54.31121401045057
819.798,819.896,USV_765,0.09799999999995634,1.0,133.95299999999997,True,810.7837,944.7366999999999,9.014300000000048,-124.93869999999993,0.008599461987614632,0.03264598357371795,13908.147983802972,13841.10230448415,0.00014186537599241878,28555.28846153846,16657.056576294683,3.348455471362803,5.165444270262165,6.1436807862607425,14.196576230544483,10.263808051042382,15.768007338284523,62.25896541087453
820.464,820.488,USV_766,0.02400000000000091,1.0,133.95299999999997,True,810.7837,944.7366999999999,9.680300000000102,-124.27269999999987,0.013066544197499752,0.015758167613636364,11420.167492382841,15365.700300234026,0.00016268890581621105,25159.090909090908,16364.59208105877,2.8171103881834525,2.3916032005024137,5.74314644426401,13.990414471839957,10.141578297277825,14.740596233197937,51.08906761284982
820.64,820.715,USV_767,0.07500000000004547,1.0,133.95299999999997,True,810.7837,944.7366999999999,9.856300000000033,-124.09669999999994,0.011654205620288849,0.037684286794354836,15129.015354490168,14660.914130960837,0.00031748969742317385,28236.895161290322,15000.474635436982,2.248700317488775,3.7754020185588484,7.919847608732585,12.954050240465552,9.324063342598402,14.116455290825035,62.6593065879319
820.823,820.855,USV_768,0.03200000000003911,1.0,133.95299999999997,True,810.7837,944.7366999999999,10.039300000000026,-123.91369999999995,0.009708662517368793,0.017159598214285716,15388.248927412029,17183.145721537505,0.0002895400159944292,30381.696428571428,23712.720079299015,2.5195264839437206,3.841933413719573,3.677909194057331,13.603299172789928,10.434077883012375,15.866733995879956,53.14584852075928
821.34,821.375,USV_769,0.03499999999996817,1.0,133.95299999999997,True,810.7837,944.7366999999999,10.556300000000078,-123.3966999999999,0.008971351198852062,0.01787109375,15516.375626919898,15461.632555135653,3.827029804070538e-05,31475.0,23494.394793237552,2.434622719153571,7.277975678237994,6.131715197067776,15.395502334617127,11.180390073994618,15.627321806278262,56.64458800671666
821.554,821.564,USV_770,0.009999999999990905,1.0,133.95299999999997,True,810.7837,944.7366999999999,10.77030000000002,-123.18269999999995,0.012105286121368408,0.0006510416666666666,17581.832697909882,22206.126846035357,0.00041449942898678173,33640.625,27371.258744321003,2.2895809487904164,2.8358826538421096,3.6890503352753705,10.486976727566473,8.786062205753836,15.139817482118223,37.47816722494326
821.594,821.735,USV_771,0.1409999999999627,1.0,133.95299999999997,True,810.7837,944.7366999999999,10.810300000000097,-123.14269999999988,0.02196914330124855,0.019313742897727273,10928.782716012209,12685.489354200328,4.859784922000365e-05,24589.772727272728,20725.677115219816,2.311118632706288,2.9063061798130283,5.345176416637867,18.230021815352448,10.359651359764085,15.118985307757502,61.364774009681085
822.158,822.17,USV_772,0.011999999999943611,1.0,133.95299999999997,True,810.7837,944.7366999999999,11.374300000000062,-122.57869999999991,0.008087234571576118,0.01904296875,18664.748108683114,21679.027959224728,0.0005191217650649648,35531.25,26066.068321288196,2.4108329243114603,7.380497675064643,5.060857053204756,13.654992864086173,10.294715221286014,13.001347010234825,41.71349154722958
822.21,822.255,USV_773,0.04499999999995907,1.0,133.95299999999997,True,810.7837,944.7366999999999,11.426300000000083,-122.52669999999989,0.012250705622136593,0.009534333881578948,14179.896867402887,16225.90211529504,0.0001533959375998773,30054.276315789473,20823.43939064237,2.684525028810654,7.216781261821124,5.581510622941127,16.648003540039706,11.531710546361333,14.557857490610735,54.990407035771625
822.291,822.396,USV_774,0.1049999999999045,1.0,133.95299999999997,True,810.7837,944.7366999999999,11.5073000000001,-122.44569999999987,0.010542795062065125,0.019827706473214284,15901.338979248107,16325.755754852873,0.00015921070693952576,32506.696428571428,24251.95078164417,2.6273310773318634,3.8216548205359775,5.573752820063638,16.590241297469028,12.160145098149853,14.2146237755773,60.0432973680182
822.556,822.619,USV_775,0.06299999999998818,1.0,133.95299999999997,True,810.7837,944.7366999999999,11.772300000000087,-122.18069999999989,0.007028787396848202,0.034883939302884616,15833.811037521004,15482.160682883363,0.00012812028365822117,31344.951923076922,17391.019655490738,2.704588525034066,4.168824162002397,4.514178892444316,14.442594842971735,9.262816629806197,15.551013140614591,59.35986169080848
823.234,823.249,USV_776,0.014999999999986358,1.0,133.95299999999997,True,810.7837,944.7366999999999,12.450300000000084,-121.50269999999989,0.009234944358468056,0.02374267578125,18059.253819479803,18121.19386729083,0.00030619710330576197,30527.34375,21277.035736825273,2.059452361794129,4.229739466079899,4.66505759932503,15.275509262383782,9.644185900826557,14.237467993971505,46.62764978523238
824.158,824.288,USV_777,0.12999999999999545,1.0,133.95299999999997,True,810.7837,944.7366999999999,13.374300000000062,-120.57869999999991,0.013765554875135422,0.02591720281862745,14860.118000085653,14736.336632346767,4.951233947571643e-05,30466.91176470588,24233.73763945371,2.6303017492895506,4.766659901623579,6.854103607711719,19.424234360818005,11.01298655918455,14.300204982718842,61.68829071319411
824.584,824.598,USV_778,0.014000000000010004,1.0,133.95299999999997,True,810.7837,944.7366999999999,13.800299999999993,-120.15269999999998,0.008646328933537006,0.002197265625,17682.595162278794,22748.941202589307,0.0003387178498604689,33503.90625,23048.486431084664,2.3420526265859296,3.4563636098536987,5.066992999256241,12.126735257433381,8.867511538996412,14.486752973423773,42.773237499830614
825.06,825.162,USV_779,0.10200000000008913,1.0,133.95299999999997,True,810.7837,944.7366999999999,14.276299999999992,-119.67669999999998,0.01033906638622284,0.007854182545731708,14873.082594696009,15614.281709865121,0.00020116954640242706,31225.60975609756,22886.426626059776,2.9150898414880877,4.20259188745231,4.75152817743262,16.432618425555432,11.562096947487314,14.764313171004002,58.60689271732221
825.25,825.312,USV_780,0.06200000000001182,1.0,133.95299999999997,True,810.7837,944.7366999999999,14.466300000000047,-119.48669999999993,0.02036506123840809,0.02587890625,13276.37069934656,14522.832645174149,7.140626743300163e-05,27598.55769230769,20199.15313435399,2.1498890620363262,2.3437540243871258,6.281010701928717,20.942303393928157,10.754128670664585,15.163748252643824,59.55679553509481
825.687,825.759,USV_781,0.07200000000000273,1.0,133.95299999999997,True,810.7837,944.7366999999999,14.903300000000058,-119.04969999999992,0.010148249566555023,0.04377693965517242,16936.32893708913,13276.18515499704,0.00018799897571619603,29482.758620689656,15831.10078900415,2.241752454416123,6.385591496945412,6.505272760190389,16.491735264526884,11.024022014210134,15.259480118948339,62.4891197248899
825.863,825.919,USV_782,0.05599999999992633,1.0,133.95299999999997,True,810.7837,944.7366999999999,15.079300000000103,-118.87369999999987,0.011451087892055511,0.019828464673913044,15434.941547693275,15223.01213668918,0.00021289060293886068,29551.630434782608,18825.471523813147,2.5766136410399825,5.922003339558768,5.796133006031726,17.861544693278038,11.637971582692058,14.495925752573626,58.05137518333125
826.028,826.056,USV_783,0.02800000000002001,1.0,133.95299999999997,True,810.7837,944.7366999999999,15.244300000000067,-118.70869999999991,0.008180738426744938,0.023475060096153848,14944.541827981959,14743.347713934441,3.2223653473389034e-05,30937.5,17194.687466256575,2.1508881826720687,3.898257010315348,5.052375126443577,17.57835999451978,11.622176734058298,15.60252072685213,53.81983659445911
826.096,826.126,USV_784,0.029999999999972715,1.0,133.95299999999997,True,810.7837,944.7366999999999,15.31230000000005,-118.64069999999992,0.00906801875680685,0.018607003348214284,17465.009880552687,20095.55537926633,0.0009887500831459463,34051.33928571428,25296.14904432928,2.0172723107348,5.785027939481166,4.754233642902794,12.918954856875404,11.732993864077727,15.763290913303972,50.51506793092745
826.34,826.367,USV_785,0.02699999999992997,1.0,133.95299999999997,True,810.7837,944.7366999999999,15.556300000000078,-118.3966999999999,0.007354535162448883,0.025492350260416668,17315.20572241878,19082.222399720453,0.0005251814033396712,33390.625,20582.13280539295,1.985412205232434,4.54534291959392,5.613879093297011,13.747861097064076,11.536130682737195,13.926018072550841,52.73015205115336
826.43,826.512,USV_786,0.08199999999999363,1.0,133.95299999999997,True,810.7837,944.7366999999999,15.646299999999997,-118.30669999999998,0.008316011168062687,0.035163648200757576,17732.454096887504,14822.641519203957,3.454369101509293e-05,32843.75,23144.20683804736,2.2742515460457797,6.267057456166237,6.203315223350073,17.611463966575403,12.091785069700043,14.907930185128002,61.04647106321394
826.612,826.632,USV_787,0.01999999999998181,1.0,133.95299999999997,True,810.7837,944.7366999999999,15.828300000000013,-118.12469999999996,0.005741902161389589,0.0421630859375,19168.770826688393,17585.36481940589,0.0008128542377291716,33178.125,25404.945205921947,2.531949025261582,5.366379591913918,4.244623939423031,12.356389984280103,10.93610639354886,16.45849540154768,49.71902114749226
826.882,826.924,USV_788,0.04200000000003001,1.0,133.95299999999997,True,810.7837,944.7366999999999,16.098299999999995,-117.85469999999998,0.006627361290156841,0.03378634982638889,18659.75496327992,17830.14474438649,0.00037841157698759187,34604.166666666664,25229.981657285258,3.0429768875332956,3.698578040167008,4.409309594147393,16.27007702626056,12.631643847031599,14.309500753617762,56.26924852374571
827.053,827.11,USV_789,0.05700000000001637,1.0,133.95299999999997,True,810.7837,944.7366999999999,16.269300000000044,-117.68369999999993,0.01058416161686182,0.016835530598958332,18178.676721032083,17274.91383279387,0.0006881208288605567,33855.46875,26170.188554196884,2.717652123618872,4.394607972057705,5.26036677365602,15.737976873541896,13.447283135958005,13.98386397382103,56.48689243163599
827.165,827.181,USV_790,0.016000000000076398,1.0,133.95299999999997,True,810.7837,944.7366999999999,16.38130000000001,-117.57169999999996,0.007627401500940323,0.0294189453125,18305.347443159466,18327.471796191043,0.0009108788599717908,32226.5625,16309.69007438832,2.1483718600460464,6.589800318371092,5.147499062768088,12.949080961834905,10.772656667156038,13.954388029111788,46.00976893809106
827.212,827.284,USV_791,0.07200000000000273,1.0,133.95299999999997,True,810.7837,944.7366999999999,16.428300000000036,-117.52469999999994,0.01497869472950697,0.012863685344827586,13299.69765055293,16154.906522953257,6.204347724602143e-05,30698.275862068964,26289.23364325255,2.7604785079335383,5.746219067753456,7.310825752049142,21.050530970371362,10.797303435154882,14.158757794313093,57.313505879364065
827.498,827.522,USV_792,0.02400000000000091,1.0,133.95299999999997,True,810.7837,944.7366999999999,16.714300000000094,-117.23869999999988,0.006475456524640322,0.03844105113636364,17278.716620860698,14851.799204014818,0.0001731822037414653,31201.704545454544,22814.98322840064,1.823909300829743,5.763865934628238,5.231647857575672,18.845539124204215,13.034115424018891,14.457776996195207,55.39732631960503
828.088,828.131,USV_793,0.043000000000006366,1.0,133.95299999999997,True,810.7837,944.7366999999999,17.304300000000012,-116.64869999999996,0.00875973142683506,0.006630345394736842,15938.350013769616,18060.836549695825,0.00031246753115397397,31988.486842105263,21761.409221920243,2.6729206365713787,4.228918580114241,4.830587015092104,13.782553927367184,11.013288868328459,13.726889943728263,55.12505754152872
828.246,828.326,USV_794,0.08000000000004093,1.0,133.95299999999997,True,810.7837,944.7366999999999,17.462300000000027,-116.49069999999995,0.009858425706624985,0.02825164794921875,16219.33325790042,14663.772522709518,0.00024126010908101113,31133.7890625,20973.26528882073,2.4374000818052868,5.589044766332723,4.862596783701031,16.351423992176194,12.038921815455936,14.332015055967375,60.06840333376806
828.386,828.497,USV_795,0.11099999999999,1.0,133.95299999999997,True,810.7837,944.7366999999999,17.602300000000014,-116.35069999999996,0.00960624124854803,0.03744229403409091,15996.17212729146,13849.708952846162,6.123601782999862e-05,30142.75568181818,20258.236422153328,2.826064085611509,5.215592747766473,5.436061358020706,18.46059118678424,11.451158667409869,15.041819176613417,61.59164619985061
828.58,828.679,USV_796,0.0989999999999327,1.0,133.95299999999997,True,810.7837,944.7366999999999,17.796300000000087,-116.15669999999989,0.009421585127711296,0.01917442908653846,14853.610169873215,15330.554165411555,5.912844299314166e-05,30798.076923076922,22841.764958614327,2.4996966137293537,5.74114713558654,6.4162425209800125,17.586177150561223,11.77194516058877,14.613936482746285,59.481144624167136
828.97,828.979,USV_797,0.009000000000014552,1.0,133.95299999999997,True,810.7837,944.7366999999999,18.186300000000074,-115.7666999999999,0.010700886137783527,0.028889973958333332,17309.65948053084,21295.805630229683,0.00034637893048348995,31250.0,24806.620156129826,0.9035476839853608,2.849182256577235,3.772831947510697,14.168015635417161,9.313509742510627,12.021216895950738,37.22024030866637
829.058,829.121,USV_798,0.06299999999998818,1.0,133.95299999999997,True,810.7837,944.7366999999999,18.27430000000004,-115.67869999999994,0.0075189839117228985,0.028282752403846152,15733.177929831636,15703.001153172778,0.0001619190284512159,31330.528846153848,21103.84310880266,2.629093974757117,4.377319517698518,5.340313250316711,18.35770781273899,12.266103351103053,14.355136523517197,57.69689313190708
829.166,829.195,USV_799,0.028999999999996362,1.0,133.95299999999997,True,810.7837,944.7366999999999,18.3823000000001,-115.57069999999987,0.008607304655015469,0.019024188701923076,16572.73832823344,16673.413027305898,0.00021206918032193317,30533.653846153848,22395.598804236677,2.9986278172853775,3.6215879401873647,6.186840117691792,16.916493075111042,11.70552018063078,14.236626456521323,52.88213432120842
829.785,829.793,USV_800,0.008000000000038199,1.0,133.95299999999997,True,810.7837,944.7366999999999,19.001300000000015,-114.95169999999996,0.00810807105153799,0.02021484375,19767.897437020445,21468.10917875386,0.0011051114216663119,34218.75,24668.957508144882,2.22626810563646,2.959237647279058,4.827645796872305,11.908149292226838,10.644477025399363,14.882735434307673,37.03515613204292
830.564,830.624,USV_801,0.06000000000005912,1.0,133.95299999999997,True,810.7837,944.7366999999999,19.78030000000001,-114.17269999999996,0.008590374141931534,0.036484375,16556.55805703009,14529.209504515866,0.0001134996934216101,30168.75,18809.5670262308,2.5072968342291024,4.6526481454951085,6.722669602313574,17.040552370596764,11.532226409093923,14.817004238510982,61.21910267343095
830.742,830.767,USV_802,0.02500000000009095,1.0,133.95299999999997,True,810.7837,944.7366999999999,19.95830000000001,-113.99469999999997,0.011397265829145908,0.028157552083333332,16080.898333326002,18149.750269776127,0.0002264374734581628,29281.25,20016.095158954788,1.9843094617704111,5.864495723702056,4.1731589972509235,14.241550565476539,11.111588669638822,12.463510847818904,51.73393567881029
830.922,830.952,USV_803,0.029999999999972715,1.0,133.95299999999997,True,810.7837,944.7366999999999,20.138300000000072,-113.8146999999999,0.01017532404512167,0.011928013392857142,15003.921670095933,17465.925558170304,0.00012208069170234516,30348.214285714286,23908.39175182089,2.283604448241923,4.9768470604585975,5.735150882075393,16.469383437591222,11.459517057348663,13.399733569031612,52.495407389762185
831.075,831.146,USV_804,0.07099999999991269,1.0,133.95299999999997,True,810.7837,944.7366999999999,20.291300000000092,-113.66169999999988,0.008425145410001278,0.04397898706896552,16074.94242261855,14021.357361391454,0.00013375490020185117,28820.043103448275,19728.5891254782,1.5685392654693133,5.323235453338787,6.573960565193803,17.133823795768198,12.605757751576398,14.77304675273286,61.418099370517076
831.913,831.937,USV_805,0.02400000000000091,1.0,133.95299999999997,True,810.7837,944.7366999999999,21.129300000000057,-112.82369999999992,0.008191616274416447,0.030229048295454544,17289.459242771656,17982.987724306717,0.00041589801974872576,30409.090909090908,22492.18253095493,2.515659808691639,3.941645005428715,4.625296550407241,14.472293050488988,11.103028068421496,12.76487859646557,52.27731770732266
832.055,832.139,USV_806,0.08400000000006003,1.0,133.95299999999997,True,810.7837,944.7366999999999,21.271299999999997,-112.68169999999998,0.010344048030674458,0.04049862132352941,16694.97777768651,13992.26011253815,0.0001479977311708046,29029.41176470588,20433.975616414944,2.58380217677067,5.92249052787628,5.333853122975721,17.103047431392014,12.458221414897487,15.936211504512688,61.74199040155086
832.248,832.276,USV_807,0.027999999999906322,1.0,133.95299999999997,True,810.7837,944.7366999999999,21.464300000000094,-112.48869999999988,0.011183888651430607,0.01624474158653846,16508.714482720534,19353.107335261615,0.00037808910956895034,30843.75,22588.26068367399,2.4194415014377344,5.2815691086605785,4.243110248217312,16.59090608880821,9.939053143259697,13.189850831604321,51.45790807947421
832.587,832.674,USV_808,0.08699999999998909,1.0,133.95299999999997,True,810.7837,944.7366999999999,21.803300000000036,-112.14969999999994,0.027753489091992378,0.018359375,9604.635039200853,12728.70287404011,4.997259366233095e-05,23033.035714285714,26308.29774705739,2.6973329586947337,3.130870291693068,5.417070439881228,16.100319859525907,10.45928398907471,16.198893185941074,53.84097325043736
832.968,833.028,USV_809,0.06000000000005912,1.0,133.95299999999997,True,810.7837,944.7366999999999,22.184300000000007,-111.76869999999997,0.010924911126494408,0.011474609375,13826.919333735214,16678.67366969642,7.992332811289467e-05,30855.0,21111.041533227897,2.8151062319598577,5.4435987618397315,5.6936563112547125,16.03856244176562,11.986353268404585,13.63403218811957,55.59650402887458
833.435,833.454,USV_810,0.019000000000005457,1.0,133.95299999999997,True,810.7837,944.7366999999999,22.651299999999992,-111.30169999999998,0.009006975218653679,0.013427734375,18055.090967968863,18623.2706121014,0.0005551191587745483,32250.0,26916.505839658214,2.2889525616249093,3.4618225994072405,5.997945658125608,13.882082700972969,10.562396492256601,15.122676975423783,48.90911256331773
833.557,833.575,USV_811,0.018000000000029104,1.0,133.95299999999997,True,810.7837,944.7366999999999,22.773300000000063,-111.17969999999991,0.010278775356709957,0.03355577256944445,19184.769043290962,18968.0167210968,0.0005664407815819512,32718.75,24525.645892551503,1.9630144250326198,5.546616814984523,6.000579746794319,16.429686668822928,11.26784784062401,14.318242058305364,48.412212639997925
833.738,833.769,USV_812,0.03099999999994907,1.0,133.95299999999997,True,810.7837,944.7366999999999,22.954300000000103,-110.99869999999987,0.009682129137217999,0.015485491071428572,15796.166917258912,16793.62856305754,7.229186815629797e-05,30669.64285714286,21647.04840142404,1.8537702086180856,4.173139435780996,6.600665873927136,15.841808103521052,11.889806397590364,14.953116514827785,53.144386500284504
834.709,834.724,USV_813,0.015000000000100044,1.0,133.95299999999997,True,810.7837,944.7366999999999,23.925299999999993,-110.02769999999998,0.007254129275679588,0.0247802734375,17507.24851151597,17737.413334759476,0.0006855455860352504,30937.5,15338.126719254673,2.015301253797741,4.3515237338929085,4.045222261740214,13.289065320848195,12.587121400482479,11.808029489346854,45.93152200972333
834.995,835.101,USV_814,0.10599999999999454,1.0,133.95299999999997,True,810.7837,944.7366999999999,24.21130000000005,-109.74169999999992,0.010596522130072117,0.02634393601190476,14948.031751904378,14637.192540291802,0.00012169495550648584,29607.14285714286,17653.5795086442,2.660968882337797,5.312436771419626,6.041639471971424,16.239695595062265,12.123241680984037,15.801123249248267,60.35412584882444
835.148,835.157,USV_815,0.009000000000014552,1.0,133.95299999999997,True,810.7837,944.7366999999999,24.36430000000007,-109.5886999999999,0.011732473969459534,0.014892578125,17276.053430779943,21978.62048157734,0.0003648196367048889,29921.875,16991.537552099213,2.2371963856587405,5.473228495571701,4.577668652396585,12.410780702618792,8.084003450501482,15.710047209109597,37.16056217909571
836.612,836.691,USV_816,0.07900000000006457,1.0,133.95299999999997,True,810.7837,944.7366999999999,25.828300000000013,-108.12469999999996,0.00801956094801426,0.01406097412109375,14487.130837142522,15216.133880260404,7.754416425811604e-05,31417.96875,23008.60575990967,2.9271793768992658,5.437913845131213,6.184223721486018,17.35438389148137,12.512693680155225,14.687956430058701,58.585629762604555
837.108,837.151,USV_817,0.043000000000006366,1.0,133.95299999999997,True,810.7837,944.7366999999999,26.324299999999994,-107.62869999999998,0.008622155524790287,0.01947985197368421,15335.515881331718,15711.917742673106,3.815477075678141e-05,31430.92105263158,24678.156042705145,3.099000425840604,5.503975976243055,5.765882688425727,17.586318503703932,10.631647062753027,13.909053944991982,55.67114450338781
837.631,837.745,USV_818,0.11400000000003274,1.0,133.95299999999997,True,810.7837,944.7366999999999,26.84730000000002,-107.10569999999996,0.009992020204663277,0.019661458333333333,13378.99353509111,14106.64818331706,2.5255092816747026e-05,29339.583333333332,21086.415584464066,2.233024184361336,4.878059717838316,4.786145290806642,13.653111707116462,10.943694176498118,15.180812750904447,60.48755857269476
837.778,837.867,USV_819,0.08899999999994179,1.0,133.95299999999997,True,810.7837,944.7366999999999,26.994300000000067,-106.95869999999991,0.012047369964420795,0.030442979600694444,14315.360902919108,14563.970204303407,0.00017203242222520415,28223.958333333332,21458.185845341643,2.4832588839191825,4.137561667234868,7.275129293393931,11.636933266320348,11.183898953997272,14.947385034924975,61.25859727835699
837.947,838.023,USV_820,0.07600000000002183,1.0,133.95299999999997,True,810.7837,944.7366999999999,27.16330000000005,-106.78969999999993,0.010488040745258331,0.023532006048387098,16304.689153268391,14876.248844821359,7.654989034185229e-05,30991.935483870966,25127.810595550087,2.6870566390294943,4.559231579681883,5.577471665312201,14.84595018924936,10.443097267733053,15.708074787755587,60.323019467325196
838.155,838.174,USV_821,0.019000000000005457,1.0,133.95299999999997,True,810.7837,944.7366999999999,27.37130000000002,-106.58169999999996,0.006982957012951374,0.0375732421875,18827.772738014846,19369.60652599643,0.0009964342625754718,34171.875,27562.951491047534,1.5014082108695408,2.67976357419787,5.39988346171799,14.963987653054966,10.215065161994215,14.178343990992172,47.74115023120156
838.368,838.39,USV_822,0.021999999999934516,1.0,133.95299999999997,True,810.7837,944.7366999999999,27.5843000000001,-106.36869999999988,0.007344110403209925,0.035089666193181816,17919.42982664963,18747.092180724198,0.0006249756272012465,33980.11363636364,20846.38281027077,1.9137604042494407,4.056960880965124,6.657719615542972,13.506326857679229,11.311623241671734,14.927919368200968,49.44945615796152
838.532,838.609,USV_823,0.07699999999999818,1.0,133.95299999999997,True,810.7837,944.7366999999999,27.748300000000086,-106.20469999999989,0.009838154539465904,0.014112903225806451,14907.620515179722,16158.74796139916,0.0001531604793301319,31382.0564516129,23872.298492266138,2.2085321026146,3.964978724088928,5.995646620560057,15.642999619665876,11.660919087531717,15.190700058071117,56.856563484841665
838.754,838.775,USV_824,0.020999999999958163,1.0,133.95299999999997,True,810.7837,944.7366999999999,27.970300000000066,-105.98269999999991,0.00788239948451519,0.0429931640625,20131.087145719728,18164.9683808479,0.0002453610167952095,34612.5,27791.61755063706,2.5403125611087924,4.269742399476917,6.769222243879383,16.291188703396283,11.746800826903446,12.664657906983834,49.90734190578959
839.624,839.643,USV_825,0.019000000000005457,1.0,133.95299999999997,True,810.7837,944.7366999999999,28.84030000000007,-105.1126999999999,0.006583546753972769,0.0375,19726.226324609925,18216.326707147353,0.000998545010130967,32671.875,25270.48522676876,3.9679326772809715,3.57890427985154,4.342985177888126,13.210982894261889,9.520735383590846,13.976043735727725,49.89244148185121
840.527,840.639,USV_826,0.11199999999996635,1.0,133.95299999999997,True,810.7837,944.7366999999999,29.74330000000009,-104.20969999999988,0.019792204722762108,0.018338290127840908,11655.150971439856,13039.591549562623,1.3821116439366541e-05,26190.340909090908,19124.37679957209,2.418479019751245,4.299597656316142,6.890181659511029,19.162010040816924,11.248578271007558,16.006066491424004,60.44123032497748
841.145,841.185,USV_827,0.03999999999996362,1.0,133.95299999999997,True,810.7837,944.7366999999999,30.36130000000003,-103.59169999999995,0.008227231912314892,0.04867015165441176,16671.52179710185,13992.18793920128,8.876359746437182e-05,30386.029411764706,19272.54948268258,1.8154670023118271,5.7732602652582194,5.543178041609473,17.240815794083687,11.2173057085828,13.65638706147577,59.832117846384875
841.725,841.794,USV_828,0.06899999999995998,1.0,133.95299999999997,True,810.7837,944.7366999999999,30.94130000000007,-103.0116999999999,0.007338242139667273,0.025477818080357144,16321.49835922894,16374.266145300217,0.00023130252577965824,32363.839285714286,22527.83448539679,2.948005726705447,5.507525905047399,5.244544060852723,16.35985063525484,12.074232293807972,14.773908703016815,57.07376694676782
841.841,841.915,USV_829,0.07399999999995543,1.0,133.95299999999997,True,810.7837,944.7366999999999,31.057300000000055,-102.89569999999992,0.00696989381685853,0.0310546875,17472.901081829765,16320.841672787436,0.0001043872679562156,33828.125,26238.133346350212,2.907687748301845,6.423726059402359,5.816126473387039,17.552854396861385,11.361199786301363,13.45422414799553,59.25893934438008
842.146,842.171,USV_830,0.02500000000009095,1.0,133.95299999999997,True,810.7837,944.7366999999999,31.362300000000005,-102.59069999999997,0.007918445393443108,0.0262451171875,18879.471210484764,20236.807289199187,0.0007077850890050003,35492.1875,28317.42643944779,2.255403972225269,5.296212909851511,4.2392640250001365,12.945808004543073,10.919694088949308,13.873729800229981,49.18164268250857
842.275,842.298,USV_831,0.023000000000024556,1.0,133.95299999999997,True,810.7837,944.7366999999999,31.491300000000024,-102.46169999999995,0.009137137793004513,0.0205078125,17984.799184007177,17662.076348849096,0.00020628158178581145,32812.5,27161.823836993168,1.9560349935118553,6.613748439487754,6.154356715754005,17.412461731296187,11.902475705850712,13.665411783278953,49.71434455402699
842.514,842.544,USV_832,0.029999999999972715,1.0,133.95299999999997,True,810.7837,944.7366999999999,31.730300000000057,-102.22269999999992,0.00778794614598155,0.03437151227678571,18347.138753301486,18458.166885806673,0.0002241560590566378,35062.5,26829.476622397986,1.6498600945212638,4.972536255015756,4.000920702133554,14.999401026604902,12.73820385891697,14.678291778959712,52.96469624035566
842.646,842.722,USV_833,0.07600000000002183,1.0,133.95299999999997,True,810.7837,944.7366999999999,31.862300000000005,-102.09069999999997,0.008998396806418896,0.059349798387096774,18314.220658385522,13493.757743063792,0.00012448419547374866,30281.25,21936.697650638045,2.078112334889453,5.48306148819628,4.826235429018768,16.420084005800046,11.757867402882631,14.167972686497471,63.47784623094531
842.858,842.937,USV_834,0.07900000000006457,1.0,133.95299999999997,True,810.7837,944.7366999999999,32.074299999999994,-101.87869999999998,0.008614401333034039,0.02039337158203125,15400.525944629138,14667.256415196043,4.1601899125627423e-05,30752.9296875,17606.70993623491,2.487020133365365,6.224672419447855,5.089526974463435,18.425933259885376,12.58216701150591,14.901774620752523,59.642737024970465
843.044,843.115,USV_835,0.07100000000002638,1.0,133.95299999999997,True,810.7837,944.7366999999999,32.26030000000003,-101.69269999999995,0.0095994733273983,0.04959422144396552,18134.102092527646,14792.222584475785,0.0003122302740811456,31192.887931034482,24966.887724024033,2.2592232092556284,2.2706181900434825,5.639457948419937,18.356481667353698,11.610978165040006,14.60929140500161,61.30407109187278
843.89,843.997,USV_836,0.1069999999999709,1.0,133.95299999999997,True,810.7837,944.7366999999999,33.10630000000003,-100.84669999999994,0.007828245870769024,0.04260835193452381,17518.67800275911,14398.521563730723,1.6738840825527044e-05,32689.73214285714,23347.257360154425,3.2696908725211773,4.879073072934365,4.5190700913156805,17.634383741981367,12.66460656731977,15.15074741798696,61.71318144391738
844.05,844.091,USV_837,0.04100000000005366,1.0,133.95299999999997,True,810.7837,944.7366999999999,33.2663,-100.68669999999997,0.006745854392647743,0.028062608506944444,15784.801484997743,15985.120029551168,0.00031228471844127405,30911.458333333332,15725.53215298349,2.314344175340955,4.647169679480411,5.672205620008249,18.836673825478687,11.224249429097622,14.90832973028802,56.22465865008592
844.132,844.168,USV_838,0.03600000000005821,1.0,133.95299999999997,True,810.7837,944.7366999999999,33.348299999999995,-100.60469999999998,0.010226297192275524,0.0160369873046875,15501.684324668537,17561.716759942217,0.0004582457383061758,31605.46875,23124.9437158981,2.5786273407323366,3.221702210472773,6.058673755754362,16.74573908602481,10.837302251097322,15.121969987127237,53.30332476998305
844.412,844.45,USV_839,0.038000000000010914,1.0,133.95299999999997,True,810.7837,944.7366999999999,33.62830000000008,-100.3246999999999,0.009529881179332733,0.035113166360294115,17325.545851979336,16548.87712313327,0.0009192774582858212,29437.5,21593.780918596996,2.52438923889898,4.3615349610861855,5.734589281510953,14.568888459931042,11.796541021085474,14.231270781400235,56.47106361814365
844.489,844.508,USV_840,0.019000000000005457,1.0,133.95299999999997,True,810.7837,944.7366999999999,33.70530000000008,-100.2476999999999,0.008654656819999218,0.019873046875,17688.764671280172,20088.483242881826,0.0005364855948829156,32156.25,22088.91331448728,2.419513726954767,6.725184796549025,4.239933811916098,13.737164970650397,12.437633870131618,12.561862985831356,47.9107962739328
844.559,844.569,USV_841,0.009999999999990905,1.0,133.95299999999997,True,810.7837,944.7366999999999,33.775300000000016,-100.17769999999996,0.008686515502631664,0.014404296875,15029.558929291808,17928.498655226445,0.00010213543220714794,29171.875,16813.81614825168,2.1463214435274667,5.179431254538545,7.880604564220398,14.634077864245716,11.086373476746866,10.969091096476605,40.200071666950116
845.623,845.632,USV_842,0.008999999999900865,1.0,133.95299999999997,True,810.7837,944.7366999999999,34.839300000000094,-99.11369999999988,0.0057464041747152805,0.023681640625,18947.77551089411,21985.509872883846,0.0018501820846316209,33062.5,21024.732012790944,1.5905511692803973,4.0580565061535,5.0796252665866914,11.283132721048753,7.148713386858105,12.945528373522366,37.2296226639938
845.945,846.001,USV_843,0.05599999999992633,1.0,133.95299999999997,True,810.7837,944.7366999999999,35.1613000000001,-98.79169999999988,0.010372761636972427,0.06313688858695653,17746.928721795655,12523.471877049495,2.2039113609678435e-05,28365.489130434784,23455.837494491676,2.709612843979766,4.428091173415149,4.935325163374692,15.976185479936225,11.844158977739868,15.056580651698784,62.90369800780917
846.114,846.21,USV_844,0.09600000000000364,1.0,133.95299999999997,True,810.7837,944.7366999999999,35.33030000000008,-98.6226999999999,0.0086989626288414,0.05362741570723684,17144.90319084329,13769.240769378439,0.00015754647987600208,29620.065789473683,20337.68451147715,2.5321734027980294,6.562832874282651,5.487143871862176,15.201931785676475,10.976844873818925,14.881279883076541,62.859301971609874
846.29,846.388,USV_845,0.09800000000007003,1.0,133.95299999999997,True,810.7837,944.7366999999999,35.50630000000001,-98.44669999999996,0.013964712619781494,0.06660031049679487,17835.335986302267,12273.10723829381,0.0002629030074474636,28067.30769230769,19589.713787903198,2.738490581230192,6.6001423837953945,5.735594450858961,15.437759279436909,11.70365955765426,14.576057712798066,65.10594734464807
846.468,846.572,USV_846,0.10400000000004184,1.0,133.95299999999997,True,810.7837,944.7366999999999,35.68430000000001,-98.26869999999997,0.012714948505163193,0.05313333650914634,16609.15777487627,12198.280789722936,2.6044038792555438e-05,28012.95731707317,19396.46249998371,2.3707448156614346,7.91222116750334,5.3492153598054415,17.627719034883672,11.298489179878189,14.923217598772586,63.85960934062921
846.65,846.683,USV_847,0.03300000000001546,1.0,133.95299999999997,True,810.7837,944.7366999999999,35.866300000000024,-98.08669999999995,0.009953472763299942,0.010481770833333333,15064.60294385436,17617.245611252605,0.0002588374994374036,29712.5,20971.97768374566,2.5184026506387576,4.596237844570359,5.00956658922432,14.784072998184483,12.07641038842117,14.810719517804335,53.19907712279957
847.206,847.221,USV_848,0.014999999999986358,1.0,133.95299999999997,True,810.7837,944.7366999999999,36.422300000000064,-97.53069999999991,0.008097359910607338,0.0101318359375,17275.543822534466,19258.57012643353,0.00032567935557377767,31500.0,25708.456281264407,2.4380562450743994,4.815359417386009,6.155973292950451,12.171880820369427,8.385921804697702,15.396105971832386,44.35998735450171
847.323,847.348,USV_849,0.024999999999977263,1.0,133.95299999999997,True,810.7837,944.7366999999999,36.539300000000026,-97.41369999999995,0.00938331987708807,0.01605224609375,14926.445156421185,17079.138601725263,0.0001585960676924915,30531.25,19729.24296850537,2.586763257274425,5.399290974293936,5.789780189681001,16.68264207594549,11.142328399565747,14.366612227018898,50.72457643035634
847.468,847.477,USV_850,0.009000000000014552,1.0,133.95299999999997,True,810.7837,944.7366999999999,36.68430000000001,-97.26869999999997,0.008317350409924984,0.015950520833333332,17420.005721996324,23203.563286464672,0.000325087039336065,31843.75,23376.145099036617,2.312999068823854,5.011037189861264,5.8040009186388835,12.293590190943931,11.129566533886676,15.409704935301066,35.707546531444414
847.757,847.766,USV_851,0.009000000000014552,1.0,133.95299999999997,True,810.7837,944.7366999999999,36.973299999999995,-96.97969999999998,0.007462507579475641,0.0299072265625,17835.278411048042,21534.519651301012,0.0003436993481905422,32343.75,20830.02098817725,0.9945896900642208,4.854537855449283,4.842883201862797,11.888926095733316,8.191488980937201,13.444169111132247,36.997565487051574
848.226,848.256,USV_852,0.029999999999972715,1.0,133.95299999999997,True,810.7837,944.7366999999999,37.442300000000046,-96.51069999999993,0.010965201072394848,0.012468610491071428,13881.472348409314,18182.26886954802,0.00024676700841761345,29430.803571428572,21391.190906320146,2.528230265660569,2.1088628430846197,6.279185836408393,16.389899981267344,12.06179865673769,13.16901575294102,50.69810932083134
848.603,848.641,USV_853,0.038000000000010914,1.0,133.95299999999997,True,810.7837,944.7366999999999,37.8193,-96.13369999999998,0.03072173148393631,0.008415670955882353,9865.092463287714,14428.162444252026,0.00014272705838899163,24209.558823529413,22391.10047587147,4.197574590039004,2.1583469278416985,9.070931155833755,16.72586042669071,10.297781186284212,14.494517438155924,51.8873875866295
849.893,849.909,USV_854,0.01599999999996271,1.0,133.95299999999997,True,810.7837,944.7366999999999,39.109300000000076,-94.8436999999999,0.005826003383845091,0.0369873046875,17028.51800787211,16077.695297532982,0.00019236104924396556,31511.71875,14769.23076923077,2.9191644125093736,6.489729316868707,5.404981072435753,14.141279310690258,11.312370499321924,16.032037094531884,49.96702135783039
851.053,851.062,USV_855,0.009000000000014552,1.0,133.95299999999997,True,810.7837,944.7366999999999,40.269300000000044,-93.68369999999993,0.010278974659740925,0.013427734375,16708.78670415306,19320.446338966485,0.00026965859242785795,30171.875,14960.76140311404,2.099736072473483,4.786428665252244,3.829499194396144,10.04089753315584,9.782170391083902,12.773257776040237,39.155933212635794
851.697,851.734,USV_856,0.03700000000003456,1.0,133.95299999999997,True,810.7837,944.7366999999999,40.91330000000005,-93.03969999999993,0.006636536214500666,0.0329132080078125,16433.595357374623,15831.170070361924,0.00048326809139769185,30878.90625,18590.640380589182,3.272270043432391,4.791043264555938,6.308257715444018,19.64250895215458,12.398052679154958,14.611397078974528,55.99451765040031
851.848,851.901,USV_857,0.05299999999999727,1.0,133.95299999999997,True,810.7837,944.7366999999999,41.0643,-92.88869999999997,0.009534094482660294,0.042180841619318184,17004.321174634548,14418.828363008133,0.00020343205185117074,29352.272727272728,22898.213475735403,2.322298134370639,6.94651905806407,5.52235770700756,15.432750537196087,10.355947409962353,14.102389197193729,60.508084693583555
851.987,852.027,USV_858,0.04000000000007731,1.0,133.95299999999997,True,810.7837,944.7366999999999,41.20330000000001,-92.74969999999996,0.008517786860466003,0.012163947610294117,14650.099606620452,17063.27532720791,0.0003012896348021093,31169.117647058825,18860.665962734816,2.617840282788484,4.6892173271409865,4.9891536726951005,15.915519503931769,11.780707847360894,14.08661725053051,54.190941544223335
852.549,852.614,USV_859,0.06500000000005457,1.0,133.95299999999997,True,810.7837,944.7366999999999,41.765300000000025,-92.18769999999995,0.009374553337693214,0.019675925925925927,16014.14214818085,17737.653179914803,0.0003349376603128564,33305.555555555555,23367.553806795615,2.514966000947721,4.981537339584197,5.143148056382427,15.247939551696758,12.248531176488973,13.695451200969954,56.491723783241184
852.861,852.875,USV_860,0.014000000000010004,1.0,133.95299999999997,True,810.7837,944.7366999999999,42.07730000000004,-91.87569999999994,0.009401878342032433,0.017242431640625,17461.15100869751,20643.842634695455,0.00031658171188216685,31816.40625,23858.849054799466,2.0500621957388154,6.822164838274484,5.673945707983652,14.149561875368985,10.213175292240813,12.88470824681551,43.526058371026835
853.022,853.069,USV_861,0.04699999999991178,1.0,133.95299999999997,True,810.7837,944.7366999999999,42.238300000000095,-91.71469999999988,0.007983477786183357,0.0184326171875,16880.495066929605,16909.829590599496,0.0001601774415408962,32531.25,20984.1979831299,2.2258540956653676,4.636762270320753,6.622217624146894,17.21644259581216,11.348573255575639,16.8554745540978,55.8108494306593
853.2,853.323,USV_862,0.1229999999999336,1.0,133.95299999999997,True,810.7837,944.7366999999999,42.41630000000009,-91.53669999999988,0.02656572312116623,0.024637858072916668,11014.096310704655,11115.585488617036,1.63050090233687e-05,21044.921875,15237.971502482493,2.613183097919032,2.519068850713604,6.383334486203384,18.44328656153654,10.746964292986362,15.216737794313545,65.25227617924922
854.194,854.208,USV_863,0.014000000000010004,1.0,133.95299999999997,True,810.7837,944.7366999999999,43.41030000000001,-90.54269999999997,0.008451852016150951,0.016021728515625,16391.513119625164,21351.55664382319,0.0007450110350269631,32273.4375,24493.636363016754,1.788641165704397,4.676916082832581,5.816667492122129,13.72385729252599,10.280389556477704,13.208941283764185,42.644352754928335
854.592,854.615,USV_864,0.023000000000024556,1.0,133.95299999999997,True,810.7837,944.7366999999999,43.80830000000003,-90.14469999999994,0.0080226119607687,0.021595348011363636,15930.487497599534,18504.32044675193,0.00048385372666884686,31022.727272727272,21215.72060701788,2.3255639146881064,4.703610635764547,4.070197188844508,14.266983619513713,10.017843089484133,15.443891276947976,49.30049651082304
855.232,855.255,USV_865,0.023000000000024556,1.0,133.95299999999997,True,810.7837,944.7366999999999,44.44830000000002,-89.50469999999996,0.007661088835448027,0.04367897727272727,19487.71153293918,19722.211299044415,0.0005915267582895513,33613.63636363636,22061.306192508542,2.088123668184359,3.8728926554260834,4.444332486213796,13.094005167114686,12.403016235989883,13.312181360608447,50.08218356808456
855.328,855.339,USV_866,0.011000000000080945,1.0,133.95299999999997,True,810.7837,944.7366999999999,44.54430000000002,-89.40869999999995,0.006774373818188906,0.022112165178571428,19047.37564293244,21724.077991754824,0.0007597531041334359,33361.607142857145,20213.694532214686,1.7037986945357204,6.810101991903147,4.226703737007819,14.722111732577632,7.069562457741033,12.082548881390812,40.92364163775834
855.368,855.485,USV_867,0.1169999999999618,1.0,133.95299999999997,True,810.7837,944.7366999999999,44.5843000000001,-89.36869999999988,0.010326058603823185,0.04960300611413043,16954.714298210074,13097.521650537545,7.32492107377082e-05,30513.58695652174,19050.579333004822,2.749537574820767,4.644088731516841,6.069526490013215,17.49396168947855,12.000621174310632,14.227125649426984,63.61642641157733
855.572,855.627,USV_868,0.05499999999994998,1.0,133.95299999999997,True,810.7837,944.7366999999999,44.78830000000005,-89.16469999999993,0.009148715995252132,0.038266389266304345,16752.419102012926,14654.565214621787,0.00030265871553835624,30754.07608695652,17520.581952578785,2.20656126236191,3.770032873102248,4.919955142107088,14.481828674828593,12.927692974018715,14.799571784488194,59.166072750512264
857.004,857.099,USV_869,0.09500000000002728,1.0,133.95299999999997,True,810.7837,944.7366999999999,46.220300000000066,-87.73269999999991,0.0089417090639472,0.025474146792763157,14683.597672730832,14043.466755451416,0.00010051358100598843,29296.875,15033.548967934179,2.817213206959523,4.084584147157559,5.927982142882775,17.82674070352695,10.771364563955865,13.397709381054007,60.829329793303124
857.161,857.255,USV_870,0.09400000000005093,1.0,133.95299999999997,True,810.7837,944.7366999999999,46.37729999999999,-87.57569999999998,0.011125546880066395,0.030999434621710526,15018.831494105218,13264.879134740993,2.0762116402799792e-05,28796.052631578947,14852.341501834422,2.614852248074105,5.014449890458733,6.263242662606125,17.353493214382368,10.632825912163865,14.642057146536109,62.559188658267324
857.374,857.466,USV_871,0.09199999999998454,1.0,133.95299999999997,True,810.7837,944.7366999999999,46.59030000000007,-87.3626999999999,0.009511149488389492,0.02347049197635135,16785.110719894055,15573.893783331412,5.5398181941333365e-05,32827.7027027027,26868.768567421786,2.093914229232108,7.533942442693051,5.276897799002072,18.743821392405916,11.843748054567,15.194114292859409,59.19468279200171
857.523,857.543,USV_872,0.01999999999998181,1.0,133.95299999999997,True,810.7837,944.7366999999999,46.73930000000007,-87.2136999999999,0.007587731815874577,0.024609375,17299.358884255817,20331.893513362134,0.0006109390006107907,32634.375,22225.081961109703,2.0618993147001614,4.666867587521436,5.916765747080943,13.708032539840502,10.028081263050733,13.551215121159668,46.208179101123655
857.586,857.666,USV_873,0.08000000000004093,1.0,133.95299999999997,True,810.7837,944.7366999999999,46.80230000000006,-87.15069999999992,0.009901432320475578,0.03347015380859375,15148.5710352046,13238.914652027795,3.048323227869041e-05,28995.1171875,15170.459483285207,2.452795392273272,3.9821505414082834,4.69202517995688,16.250865800418225,11.931390375722717,14.613255863194587,61.85058912949886
858.277,858.328,USV_874,0.05099999999993088,1.0,133.95299999999997,True,810.7837,944.7366999999999,47.49330000000009,-86.45969999999988,0.0083320839330554,0.025216238839285716,15765.07624196224,16292.601236235849,0.0002864865716427808,32107.14285714286,20721.838469280377,2.064422204330172,7.1961838960925615,6.264635117526244,17.136927894190006,12.022089291383285,14.292447214767854,57.096732209942914
858.41,858.439,USV_875,0.028999999999996362,1.0,133.95299999999997,True,810.7837,944.7366999999999,47.626300000000015,-86.32669999999996,0.013705549761652946,0.015587439903846154,12130.887579928052,14784.319378440689,0.00019980220738787706,27338.94230769231,22879.368905706095,1.8490579184647349,1.966787281981182,5.580247384792884,16.108633965679875,12.041659577515437,16.380427031385338,53.93342305465568
859.216,859.258,USV_876,0.04200000000003001,1.0,133.95299999999997,True,810.7837,944.7366999999999,48.432300000000055,-85.52069999999992,0.006008027121424675,0.04150390625,17326.749925677173,16121.944283764356,0.00014492487708406377,32307.291666666668,23565.519432035522,1.6301249096326655,6.01054975810203,5.554927023266252,14.369549782119188,11.07030821984982,15.264053394845071,56.33838082778657
859.855,859.891,USV_877,0.03599999999994452,1.0,133.95299999999997,True,810.7837,944.7366999999999,49.071300000000065,-84.88169999999991,0.008898898959159851,0.025970458984375,18672.981565933285,18054.540195407,0.0003345501600838178,34347.65625,27962.160133446614,2.368031177366681,4.80281957465857,4.368715160670817,15.423049666336873,11.683418382691354,14.875148165512222,53.874824454553476
859.962,860.025,USV_878,0.06299999999998818,1.0,133.95299999999997,True,810.7837,944.7366999999999,49.178300000000036,-84.77469999999994,0.00887934397906065,0.040151742788461536,18326.211950582925,16011.497193040825,0.00022628328530171872,33126.20192307692,23229.99180692737,2.495122594698996,4.900858171422242,5.947755122477868,17.76801383781719,12.875016398754322,12.770157041546604,58.412496404808394
860.072,860.106,USV_879,0.033999999999991815,1.0,133.95299999999997,True,810.7837,944.7366999999999,49.28830000000005,-84.66469999999993,0.00924932025372982,0.042138671875,19817.256811903284,18022.21276334319,0.0004957228689833387,35300.0,27105.053646038617,3.015535703468782,6.637421146245128,5.086644349156118,18.810166375098497,11.658451504779702,14.543815350205609,55.39235081052626
860.807,860.853,USV_880,0.045999999999935426,1.0,133.95299999999997,True,810.7837,944.7366999999999,50.02330000000006,-83.92969999999991,0.02085692808032036,0.01990966796875,10804.431587406252,12494.79272778879,8.166488367916465e-06,25528.125,26191.89224204713,2.6601374102131428,3.4664083436338955,7.169799657118668,16.33317512218395,11.174891115807638,15.230248215611473,57.343400148442484
860.89,861.003,USV_881,0.11300000000005639,1.0,133.95299999999997,True,810.7837,944.7366999999999,50.10630000000003,-83.84669999999994,0.02121802419424057,0.018690321180555556,10133.280768074734,11534.965662495388,1.4867413195870267e-05,21835.416666666668,16894.18510542621,2.8069169050398353,2.437506684416163,4.983781481900494,16.262708303522675,10.154667343772628,15.263769165521373,62.05675923823209
861.726,861.804,USV_882,0.07799999999997453,1.0,133.95299999999997,True,810.7837,944.7366999999999,50.942300000000046,-83.01069999999993,0.007613104302436113,0.03769683837890625,17026.43192412415,15000.207688955223,2.1006972398198768e-05,33284.1796875,21170.22442690412,2.549886069830271,5.079004118135794,5.574961553802318,16.913098226260097,12.500466896484138,16.055799075645965,61.46434498968918
861.836,861.879,USV_883,0.043000000000006366,1.0,133.95299999999997,True,810.7837,944.7366999999999,51.05230000000006,-82.90069999999992,0.008277054876089096,0.05660207648026316,21506.839280313896,18030.3573127017,5.955410509592768e-05,42197.36842105263,27257.75735069525,1.9499969450836343,5.087866050955391,4.846632602310875,16.87708920102902,11.352968730750476,15.94264603048418,58.23690789491004
862.254,862.37,USV_884,0.11599999999998545,1.0,133.95299999999997,True,810.7837,944.7366999999999,51.470300000000066,-82.48269999999991,0.009412860497832298,0.028437075407608696,16809.483782720916,14427.33444820397,3.3970754237717924e-05,31681.385869565216,23465.25685904889,2.582617374741552,5.796061040801698,4.92854953028085,16.823090496049886,12.23503352183333,16.23258138559932,61.79121775986677
862.639,862.65,USV_885,0.010999999999967258,1.0,133.95299999999997,True,810.7837,944.7366999999999,51.85530000000006,-82.09769999999992,0.006132456939667463,0.034505208333333336,17581.15304137066,17474.791927656872,0.00019989390851729897,31781.25,24511.282178473615,3.896029984902075,3.8989090048735915,6.309886146565437,19.20859614828443,16.385087155474235,13.352777916078724,45.541529512340055
862.805,862.815,USV_886,0.010000000000104592,1.0,133.95299999999997,True,810.7837,944.7366999999999,52.0213,-81.93169999999998,0.006803608033806086,0.022786458333333332,18624.819266429695,21647.03229203154,0.0006054532206240083,33453.125,22083.612215585556,1.8906007605251849,4.930117879523393,3.767853333020875,12.202165748726577,9.279511002425165,14.164715469738328,38.11800171297936
862.952,862.961,USV_887,0.009000000000014552,1.0,133.95299999999997,True,810.7837,944.7366999999999,52.168300000000045,-81.78469999999993,0.008012495003640652,0.0233154296875,18388.505611198245,20345.46168960023,0.001953909882913026,33781.25,23858.78291109219,3.4214853059929804,4.690841696426988,6.414000375406805,14.07864097946357,13.746326602969985,14.781735581436719,38.709756895596016
863.08,863.118,USV_888,0.038000000000010914,1.0,133.95299999999997,True,810.7837,944.7366999999999,52.29630000000009,-81.65669999999989,0.006892318371683359,0.022863051470588234,16548.081581431004,16797.684041628643,0.00029976608208150406,31207.720588235294,20452.723163220646,2.3703040250914675,4.347042632959498,4.73495370665724,15.662928089386318,11.217912702964766,14.090031133139837,55.57069126800337
863.315,863.357,USV_889,0.041999999999916326,1.0,133.95299999999997,True,810.7837,944.7366999999999,52.5313000000001,-81.42169999999987,0.007633673492819071,0.025851779513888888,15418.498365475065,14811.093078598955,4.773586342675365e-05,29984.375,18905.84586907948,1.635150050660026,4.9565541461642635,4.644322135460283,15.781803454436439,12.127508240016414,13.731653302149645,56.40984396844553
863.914,863.928,USV_890,0.014000000000010004,1.0,133.95299999999997,True,810.7837,944.7366999999999,53.130300000000034,-80.82269999999994,0.008832949213683605,0.017578125,14644.555086968656,16600.12007918335,0.0003408836840588195,27621.09375,17453.45438928247,1.5277007155644686,2.23060435906705,4.885874303998301,12.740185695871803,10.53602160903533,15.322877547926655,47.404253969084095
864.123,864.223,USV_891,0.09999999999990905,1.0,133.95299999999997,True,810.7837,944.7366999999999,53.339300000000094,-80.61369999999988,0.009959268383681774,0.03172607421875,16233.850821954285,14276.98244703007,7.659612765120456e-05,30304.6875,21388.531803673908,2.617154232012692,3.563312288295202,4.942866353332658,17.494873152875776,12.030442412759717,14.737504872884518,62.58242836759621
864.334,864.398,USV_892,0.06400000000007822,1.0,133.95299999999997,True,810.7837,944.7366999999999,53.55029999999999,-80.40269999999998,0.009828239679336548,0.018338716947115384,14237.566478686653,15409.296190269844,8.63803814476004e-05,29671.875,20913.918461220946,2.8410401163782217,3.176548800583471,5.4845408247488425,18.662979609607333,12.363645462444454,16.218302602796317,57.48426461985826
864.668,864.717,USV_893,0.04899999999997817,1.0,133.95299999999997,True,810.7837,944.7366999999999,53.88430000000005,-80.06869999999992,0.008053277619183064,0.017380487351190476,16008.56971442086,16882.13833391883,0.0005359406987143499,31410.714285714286,22367.7803969427,2.556199388731466,5.262991971863204,5.846488546844391,16.017936042330682,10.926455114898948,15.577675808773414,55.981434624635824
865.044,865.062,USV_894,0.018000000000029104,1.0,133.95299999999997,True,810.7837,944.7366999999999,54.26030000000003,-79.69269999999995,0.010720055550336838,0.016655815972222224,19192.757071531996,20214.40838748638,0.00032688373533315405,33718.75,29134.655456076965,2.512462060738466,3.9315849813109662,5.133262473584025,12.270611573030763,9.791199820632038,12.239573501300477,46.59150633883618
865.214,865.227,USV_895,0.012999999999919964,1.0,133.95299999999997,True,810.7837,944.7366999999999,54.4303000000001,-79.52269999999987,0.00821438618004322,0.021030970982142856,16970.757434921252,19996.370520609435,0.0004038148905573958,31794.64285714286,23186.12211697749,1.9805023824723702,4.158703612159015,7.146769647261334,17.47851082393184,12.247480280192056,15.260174694045604,42.361546739404034
865.505,865.516,USV_896,0.010999999999967258,1.0,133.95299999999997,True,810.7837,944.7366999999999,54.72130000000004,-79.23169999999993,0.00823333952575922,0.012044270833333334,17643.700851124977,21985.5540704279,0.0002561608970683026,32578.125,26469.255422525104,2.317915834256004,5.057730199025242,5.9342537205292105,13.586276371794625,9.759939639872806,12.006642289618446,42.291506687476705
865.77,865.802,USV_897,0.03200000000003911,1.0,133.95299999999997,True,810.7837,944.7366999999999,54.98630000000003,-78.96669999999995,0.009736537002027035,0.012555803571428572,14562.737012667943,17217.791910691165,0.00020195846315268666,31071.428571428572,19931.797021990304,2.4247169649532725,5.433340668555876,5.354463846931556,14.750459613417032,10.546220145509839,16.79116267897715,51.564241645460825
865.906,865.938,USV_898,0.03200000000003911,1.0,133.95299999999997,True,810.7837,944.7366999999999,55.122299999999996,-78.83069999999998,0.0070518082939088345,0.027047293526785716,16199.112484734631,13943.095939932406,9.696408726640869e-06,30388.39285714286,22018.52777029924,2.8411897362180705,3.485036857766111,4.572568476869329,17.445043086194,12.04469592785088,17.09430844773439,57.16362592528946
865.974,865.986,USV_899,0.011999999999943611,1.0,133.95299999999997,True,810.7837,944.7366999999999,55.19030000000009,-78.76269999999988,0.007356279529631138,0.0283203125,17846.662594292975,20399.357540965004,0.0004898063155751647,31607.14285714286,23074.044434896226,1.5986806023879576,3.4870756666679497,3.732808244729575,11.40814374539477,10.190206938892901,13.75513677986415,41.38120733794949
866.04,866.088,USV_900,0.04800000000000182,1.0,133.95299999999997,True,810.7837,944.7366999999999,55.25630000000001,-78.69669999999996,0.007600629236549139,0.03458251953125,16108.397862324191,14581.187627300813,3.989006455993418e-05,30609.375,21984.09831989345,2.1582069168761557,5.979296833901294,5.530701468384832,16.092770954799597,11.460914128104283,15.24558398720448,58.04098795196575
867.038,867.174,USV_901,0.13599999999996726,1.0,133.95299999999997,True,810.7837,944.7366999999999,56.25430000000006,-77.69869999999992,0.010443056933581829,0.04473301149764151,17765.920855322245,13422.71839329067,4.673895100774232e-05,30750.0,23856.78654398511,2.643339219965755,6.079200730773338,4.411400030048999,16.83088842664674,12.37413965022994,14.369597754114286,64.17767136187966
867.937,867.951,USV_902,0.014000000000010004,1.0,133.95299999999997,True,810.7837,944.7366999999999,57.15330000000006,-76.79969999999992,0.005954616703093052,0.026824951171875,16950.916893694834,15702.4758634631,0.00018368459373252808,31769.53125,16261.837309685154,1.8952356940618886,6.290875789187227,5.904656625683007,14.792240477184617,10.647237082851913,15.404869344072951,48.237593318252436
868.084,868.094,USV_903,0.010000000000104592,1.0,133.95299999999997,True,810.7837,944.7366999999999,57.30029999999999,-76.65269999999998,0.010080418549478054,0.0245361328125,16970.797658174404,22183.211043932224,0.0008528759191539953,32546.875,24288.70561955552,1.2279992059528677,7.816391952475187,4.466020097245229,13.924550535998494,10.637676986939676,15.152427959955837,36.22220547290192
868.838,868.923,USV_904,0.08500000000003638,1.0,133.95299999999997,True,810.7837,944.7366999999999,58.05430000000001,-75.89869999999996,0.008955903351306915,0.019064510569852942,15348.626716581199,15470.460568844926,0.00011038360239128585,30976.102941176472,20670.137587116733,2.131449639998651,4.20049906427151,4.4602732947659,15.350289903680887,11.61482584138397,14.591386025092046,59.8578785038857
869.039,869.063,USV_905,0.02400000000000091,1.0,133.95299999999997,True,810.7837,944.7366999999999,58.255300000000034,-75.69769999999994,0.010533801279962063,0.023082386363636364,16061.052495073063,14744.668200471748,0.00017528431924670394,29309.659090909092,19490.714579316435,2.467239894046997,7.415254931834676,4.602092894468482,17.27839519946463,9.892208050145117,14.573015005466965,53.87717075353407
869.11,869.122,USV_906,0.011999999999943611,1.0,133.95299999999997,True,810.7837,944.7366999999999,58.32630000000006,-75.62669999999991,0.008903921581804752,0.020926339285714284,15327.773861458934,16087.0823254508,7.669194489283488e-05,29437.5,22817.45780069443,2.1419001764681282,3.4016037137147666,3.2414287627668235,13.099369430094038,10.120679092816419,12.573726584643987,46.39826110137243
869.21,869.231,USV_907,0.020999999999958163,1.0,133.95299999999997,True,810.7837,944.7366999999999,58.42630000000008,-75.52669999999989,0.0061801220290362835,0.0242919921875,16727.848005331725,16742.61647442208,0.000197629820626778,31959.375,22990.18530212812,2.1985542642967686,3.228897659659958,5.461625235420412,15.341433227242016,12.454990091410778,15.380594974977237,50.22653736149521
870.332,870.354,USV_908,0.022000000000048203,1.0,133.95299999999997,True,810.7837,944.7366999999999,59.54830000000004,-74.40469999999993,0.00851414818316698,0.026566938920454544,18223.85136926526,19543.212213642426,0.0004887817512211577,32582.386363636364,23986.98568704328,2.3100106193173335,5.398412239050559,4.748420818442953,16.560797507519943,10.823492679003387,13.378017266106514,49.24052719398688
870.384,870.418,USV_909,0.033999999999991815,1.0,133.95299999999997,True,810.7837,944.7366999999999,59.60030000000006,-74.35269999999991,0.007511972449719906,0.0232421875,15650.272411661144,15361.110444839424,4.476653645640094e-05,31193.75,17857.63819582998,1.9039522254751995,8.378527463089693,5.640848699165646,15.751445074971231,11.856462720557447,14.911957788507133,54.17077158211271
870.652,870.767,USV_910,0.1150000000000091,1.0,133.95299999999997,True,810.7837,944.7366999999999,59.86830000000009,-74.08469999999988,0.010632979683578014,0.031494140625,14912.715998297714,13501.698741572665,4.982921459083431e-05,29072.690217391304,19171.068837141705,2.2786258074654056,6.647711079234577,6.586175232625625,17.535803204339125,11.772870491008264,14.414659790990319,61.799140296712494
870.845,870.93,USV_911,0.08499999999992269,1.0,133.95299999999997,True,810.7837,944.7366999999999,60.061300000000074,-73.8916999999999,0.008022097870707512,0.033037971047794115,16265.41614966481,14250.45071705178,0.00010054541119465265,30317.095588235294,16902.59689593276,2.1971527343831063,4.688761345937341,5.002882047157841,16.088311843728412,12.281434480098811,15.336462333617225,61.2124870276793
871.059,871.137,USV_912,0.07799999999997453,1.0,133.95299999999997,True,810.7837,944.7366999999999,60.275300000000016,-73.67769999999996,0.008631506934762001,0.0364532470703125,16637.07091798582,15068.306300731267,0.0004366785132180243,30123.046875,17543.36807626232,2.5765405046860437,4.189077031316591,4.566381873418974,16.789962580271734,12.157717035219136,13.588004033398915,60.62780403323696
871.743,871.753,USV_913,0.009999999999990905,1.0,133.95299999999997,True,810.7837,944.7366999999999,60.9593000000001,-72.99369999999988,0.009254864417016506,0.01220703125,15698.495036545391,19948.65044153383,0.00025749423360484167,30937.5,17207.35853378984,0.8747554246829442,4.084140248966881,3.8536658268997086,11.566942178442437,9.884757578962072,12.380710682907313,42.06599163557102
871.804,871.837,USV_914,0.03300000000001546,1.0,133.95299999999997,True,810.7837,944.7366999999999,61.02030000000002,-72.93269999999995,0.007508533075451851,0.023209635416666666,15404.962429803933,16615.123096886426,0.00013061781032224285,31156.25,16883.95208211842,2.449616694022552,4.641922463050232,4.8186999206349155,15.842690008317454,10.830166372638212,16.052041625136816,53.02750771418848
872.045,872.06,USV_915,0.014999999999986358,1.0,133.95299999999997,True,810.7837,944.7366999999999,61.261300000000006,-72.69169999999997,0.008495301939547062,0.01959228515625,18662.910228370034,20948.01012579766,0.0010555543690842707,31945.3125,18103.9663118046,2.4311002497741585,3.172487718032628,3.9925807871212924,14.136790472460861,9.38891542433652,14.415673893764097,45.11819676129713
872.134,872.194,USV_916,0.05999999999994543,1.0,133.95299999999997,True,810.7837,944.7366999999999,61.35030000000006,-72.60269999999991,0.010060565546154976,0.01923828125,14701.237432184438,14794.57676080157,8.1683927055457e-05,29647.5,17290.12340072819,2.332311218394451,5.902618818467698,4.768070846214205,18.24673611730532,11.217890961349342,14.630582121905416,58.222189437021036
872.231,872.299,USV_917,0.06799999999998363,1.0,133.95299999999997,True,810.7837,944.7366999999999,61.44730000000004,-72.50569999999993,0.01045989990234375,0.022382463727678572,14340.829032828504,15037.419565962036,0.00010970696324658102,29762.276785714286,15642.371087225563,2.2005384956142615,6.0011161053997935,5.626450726654546,17.77245496729725,13.446954145735601,16.199490236375084,57.99433096835155
872.482,872.494,USV_918,0.012000000000057298,1.0,133.95299999999997,True,810.7837,944.7366999999999,61.69830000000002,-72.25469999999996,0.010241308249533176,0.014578683035714286,14809.200863803348,17212.184122740156,8.215924265881185e-05,29075.89285714286,15755.466741629538,1.9519122870064947,6.510062099958598,6.230699978997828,14.916157827700527,10.272147944684136,16.286934511299258,43.63791151229617
872.607,872.619,USV_919,0.012000000000057298,1.0,133.95299999999997,True,810.7837,944.7366999999999,61.82330000000002,-72.12969999999996,0.007158676628023386,0.017578125,18329.36417067519,22661.18482696827,0.0004262787640138193,33589.28571428572,17515.768550022796,1.8252942818525049,6.495049436986537,5.780122796537979,13.208399559221695,9.820462548445137,14.538756679763207,40.16589834125909
872.711,872.755,USV_920,0.04399999999998272,1.0,133.95299999999997,True,810.7837,944.7366999999999,61.92730000000006,-72.02569999999992,0.0074498835019767284,0.028307462993421052,16783.405861044837,15823.352430961959,0.00014872051732990328,30315.78947368421,18745.05377177196,2.133711590186308,5.032610904112928,5.477801137496918,17.78554671911535,12.724640055438128,15.411266979007957,57.265694211130864
872.787,872.837,USV_921,0.049999999999954525,1.0,133.95299999999997,True,810.7837,944.7366999999999,62.00330000000008,-71.9496999999999,0.009839260019361973,0.018345424107142856,15074.996617049408,14608.89909223168,7.208569500049566e-05,29285.714285714286,21184.280971186985,2.7595855321129026,5.812358918763955,5.83815537147929,17.788387505667043,12.466671841179831,15.25666990700628,57.5882919860797
873.69,873.715,USV_922,0.024999999999977263,1.0,133.95299999999997,True,810.7837,944.7366999999999,62.9063000000001,-71.04669999999987,0.008414299227297306,0.019327799479166668,17326.55722710933,19691.563699002552,0.0005000454507020814,32992.1875,22689.055564870418,1.9496929892784693,7.9218913523328505,4.940390817837303,14.35732592611358,10.684291360372379,14.634383817932267,49.88338617630264
873.855,873.891,USV_923,0.03599999999994452,1.0,133.95299999999997,True,810.7837,944.7366999999999,63.071300000000065,-70.88169999999991,0.007708004210144281,0.029449462890625,18427.926567442824,17985.423795040748,0.0008729348693733332,33562.5,24561.913905454545,2.492885307072596,5.045468007636037,5.71001514590366,16.0879538022616,12.367468456557809,14.466029521881168,53.9042110509553
874.012,874.062,USV_924,0.05000000000006821,1.0,133.95299999999997,True,810.7837,944.7366999999999,63.22829999999999,-70.72469999999998,0.007817222736775875,0.043398902529761904,18648.477226480114,14992.13553107075,0.00018419650804155107,33102.67857142857,26199.778395358073,2.783050871737541,4.552245213577275,6.43567922849379,17.70752369819525,11.603980349197565,14.22632274134289,58.66170079756871
874.197,874.262,USV_925,0.06499999999994088,1.0,133.95299999999997,True,810.7837,944.7366999999999,63.41330000000005,-70.53969999999993,0.00973727460950613,0.028103298611111112,17972.71494937889,14929.6634821463,2.789542400049729e-05,33343.75,26791.069107634514,2.6561581782792305,6.025853923154405,5.9524458131254505,18.021528831346057,12.461616819180945,15.252864919474677,59.811294136715055
874.405,874.419,USV_926,0.014000000000010004,1.0,133.95299999999997,True,810.7837,944.7366999999999,63.62130000000002,-70.33169999999996,0.010162217542529106,0.014373779296875,17041.78928004192,19487.64131188215,0.0002910994021937418,32156.25,26332.595296650376,2.129009483187393,4.038818472795846,4.4740301894440115,14.071425317535944,9.842240844604781,13.770757607779503,44.15231418192897
874.709,874.735,USV_927,0.026000000000067303,1.0,133.95299999999997,True,810.7837,944.7366999999999,63.92529999999999,-70.02769999999998,0.00661136070266366,0.06294759114583333,19870.848750888785,15600.492499139373,0.00028473213896891537,33039.0625,23331.25096382797,1.8631993617653195,5.744616401979983,5.184047226262283,17.828857701617384,12.381551194642327,15.402350692966033,54.85565603768172
874.891,874.918,USV_928,0.027000000000043656,1.0,133.95299999999997,True,810.7837,944.7366999999999,64.10730000000001,-69.84569999999997,0.010312480852007866,0.024939903846153848,18066.978297935515,18552.429699627326,0.00035775563304514833,31968.75,20773.65290131521,2.3843970479698333,6.362533697359928,5.677449082034025,15.761273461055733,10.286965886827838,13.493181245711307,52.542793087776005
875.056,875.111,USV_929,0.05499999999994998,1.0,133.95299999999997,True,810.7837,944.7366999999999,64.27230000000009,-69.68069999999989,0.010486144572496414,0.03560207201086957,17586.51576601636,16525.476228335865,0.0002575117812556497,33224.184782608696,26571.980147141458,3.168488786653813,6.239367448288543,6.671916364578356,18.132207633712333,11.76453104177889,14.259982205418762,56.173557692993825
875.274,875.297,USV_930,0.023000000000024556,1.0,133.95299999999997,True,810.7837,944.7366999999999,64.49030000000005,-69.46269999999993,0.006450589280575514,0.03702059659090909,18615.639955612955,16885.08031257255,0.0010122156423227372,32838.068181818184,24300.35239689874,3.3057629669837714,6.864415779091891,6.243705272304647,18.063450842611346,11.250689030376261,13.620016283960997,51.79924637785169
875.623,875.727,USV_931,0.10399999999992815,1.0,133.95299999999997,True,810.7837,944.7366999999999,64.8393000000001,-69.11369999999988,0.010354192927479744,0.04432641006097561,16858.78895890963,13373.035162320144,0.0001412748969704589,29359.756097560974,16671.48491829355,2.5559466304649954,5.029870969456107,5.647728040583658,17.17001063278923,11.88932403605365,14.274929036975301,63.44794256748851
875.803,875.895,USV_932,0.09199999999998454,1.0,133.95299999999997,True,810.7837,944.7366999999999,65.01930000000004,-68.93369999999993,0.01350365485996008,0.03725453969594594,16648.738557993165,14297.652982042162,4.004405832134901e-05,28520.27027027027,24407.039712786453,2.5978548920381948,7.235398864300426,4.355674747022677,15.728837502365545,12.02299763316487,14.529481536859429,61.784862532155124
876.513,876.538,USV_933,0.024999999999977263,1.0,133.95299999999997,True,810.7837,944.7366999999999,65.72930000000008,-68.2236999999999,0.00866023264825344,0.026082356770833332,17210.832594801614,16932.730823125676,0.000276922837108488,31171.875,17816.57761696147,1.6867683378154024,5.463797678067269,6.129411307637274,18.155707992872475,12.12829943076651,14.55894268766915,52.29101699350907
877.141,877.153,USV_934,0.012000000000057298,1.0,133.95299999999997,True,810.7837,944.7366999999999,66.35730000000001,-67.59569999999997,0.009684362448751926,0.013741629464285714,18425.301685475253,21302.271257833538,0.0006037187993755159,31004.464285714286,16555.242612737562,2.3075090488061796,5.050908523302764,5.978245935543085,12.647880487490403,9.649838606612523,12.872182785677962,42.2584048330722
877.189,877.28,USV_935,0.09100000000000819,1.0,133.95299999999997,True,810.7837,944.7366999999999,66.40530000000001,-67.54769999999996,0.009753315709531307,0.026446368243243243,13943.051844039202,14203.936139777677,4.840366781860479e-05,27967.905405405407,16318.347026008043,2.905465465910012,3.8975759070781963,6.1678023247799505,13.420937869591423,10.49445171613399,13.769228793717078,60.87489625539267
877.953,878.038,USV_936,0.08500000000003638,1.0,133.95299999999997,True,810.7837,944.7366999999999,67.16930000000002,-66.78369999999995,0.009932494722306728,0.026108685661764705,16948.701288007793,15286.518555770377,0.0001144491017584228,31952.20588235294,23774.8163744578,2.4093834027732015,5.509299434809996,5.948780059999142,15.979188461084568,11.790482206299107,16.059489408595958,60.023051402624866
878.615,878.623,USV_937,0.008000000000038199,1.0,133.95299999999997,True,810.7837,944.7366999999999,67.83130000000006,-66.12169999999992,0.006270169280469418,0.028564453125,17031.67149429901,16107.271467842253,0.00022571938408393437,30243.75,21972.0269397552,1.7245268293986684,4.735515299452896,4.630365551404866,11.32901555008883,10.714946510694997,14.770395169822521,40.43260619068378
879.346,879.356,USV_938,0.009999999999990905,1.0,133.95299999999997,True,810.7837,944.7366999999999,68.56230000000005,-65.39069999999992,0.010967654176056385,0.0164794921875,15296.809721320757,17940.70485787116,0.0001152015576793594,28390.625,15997.905914248033,2.038678929123105,6.532427704776718,3.0546282196346666,15.288978860917581,12.416785146609532,13.453438259121924,39.84499815115114
879.426,879.438,USV_939,0.011999999999943611,1.0,133.95299999999997,True,810.7837,944.7366999999999,68.64230000000009,-65.31069999999988,0.007962203584611416,0.014125279017857142,15690.985656206143,17445.122364250572,0.00021502142839268808,29879.464285714286,15908.619334399247,2.7255799860356427,5.53492840162685,4.454216644898863,15.621684426158096,10.153173952519577,15.992141489760824,43.05313668474456
879.477,879.492,USV_940,0.014999999999986358,1.0,133.95299999999997,True,810.7837,944.7366999999999,68.69330000000002,-65.25969999999995,0.008038302883505821,0.023681640625,17935.8710390747,18731.982147122253,0.0007185958378895828,32238.28125,24731.368717465106,3.7997510193300745,5.130020841246765,5.8974742393382735,14.740199441594548,10.618734140352718,14.250290974138181,45.37205236964676
880.263,880.281,USV_941,0.017999999999915417,1.0,133.95299999999997,True,810.7837,944.7366999999999,69.47930000000008,-64.4736999999999,0.008550935424864292,0.026041666666666668,17670.556006876504,18728.6455365904,0.00020968133272211708,31333.333333333332,24093.136915002327,1.7736866115606862,8.754028057505685,7.220918980257429,17.0686824342883,9.670584566957304,14.52746097170826,47.117281728777364
882.779,882.819,USV_942,0.03999999999996362,1.0,133.95299999999997,True,810.7837,944.7366999999999,71.99530000000004,-61.95769999999993,0.009984166361391544,0.01973230698529412,16241.974153275849,16904.623547243948,0.00021146761340730107,31488.970588235294,22061.46741924317,2.2706309833747875,6.389569657641677,5.3089546104062375,14.435738444188505,11.289869260090178,14.197294349290276,54.56824696655759
882.981,883.017,USV_943,0.03600000000005821,1.0,133.95299999999997,True,810.7837,944.7366999999999,72.19730000000004,-61.75569999999993,0.007487965282052755,0.02862548828125,18002.396108226643,16385.65174021315,0.0002787278075184483,32484.375,24339.554896672198,2.454797661797266,4.8866758087470386,5.7838676590817535,17.720608535506337,11.465422795690335,13.654593581701095,55.45441707586228
883.729,883.764,USV_944,0.03499999999996817,1.0,133.95299999999997,True,810.7837,944.7366999999999,72.94530000000009,-61.007699999999886,0.010590334422886372,0.024072265625,16981.683543623032,17309.529692315475,0.0002538784328025325,32156.25,22117.67419415511,2.4546458495108907,4.039287679619145,5.912051951726956,16.181445217058478,11.030044969136242,12.09678269916361,55.69221041718278
884.086,884.119,USV_945,0.03300000000001546,1.0,133.95299999999997,True,810.7837,944.7366999999999,73.30230000000006,-60.650699999999915,0.007394591346383095,0.03411458333333333,17799.26184602715,19251.514527935036,0.00025382737060351406,33625.0,22428.460395653172,1.4737190291425823,5.198835049321103,4.715524007450068,14.837969209309886,11.854379523578045,13.984688083607274,50.15975447578936
884.401,884.44,USV_946,0.039000000000100954,1.0,133.95299999999997,True,810.7837,944.7366999999999,73.6173,-60.335699999999974,0.009468591772019863,0.02267635569852941,15280.570544557475,16194.33091980285,0.00036685374824182873,29740.808823529413,17183.13278164116,1.7523246854589778,6.831733488213009,8.305045504900455,14.71363997728518,11.022808744185413,13.470967171547633,54.089670021252836
884.482,884.503,USV_947,0.02100000000007185,1.0,133.95299999999997,True,810.7837,944.7366999999999,73.69830000000002,-60.25469999999996,0.009310388006269932,0.0220703125,16120.99838636181,16444.998155607158,0.00028475819844374264,29803.125,23889.752404825296,2.487980797951019,5.168099672610134,6.163735637511246,16.11496572654859,10.498852049191802,15.530941828096141,50.22062210904385
886.433,886.447,USV_948,0.014000000000010004,1.0,133.95299999999997,True,810.7837,944.7366999999999,75.64930000000004,-58.303699999999935,0.008798763155937195,0.016632080078125,16608.061624251244,17367.865696585257,0.0005223311576953427,29625.0,17045.83786083805,2.230170633424902,3.7426312223866365,6.346803159609269,12.518622243333269,10.035518904085134,11.761939616237202,48.03430791559059
887.1,887.109,USV_949,0.009000000000014552,1.0,133.95299999999997,True,810.7837,944.7366999999999,76.31630000000007,-57.636699999999905,0.005371490027755499,0.035603841145833336,19538.24550128028,19899.64534799614,0.001480829754179699,32750.0,17235.06844434347,1.0818438456339488,4.637465731002398,3.4985208298624104,12.590282349813606,11.321844481135573,13.494984134439356,39.280779669076246
887.507,887.549,USV_950,0.04200000000003001,1.0,133.95299999999997,True,810.7837,944.7366999999999,76.7233,-57.22969999999998,0.0085989311337471,0.016506618923611112,14747.832766779327,14814.272295032712,2.679561888484347e-05,29812.5,19266.378424449504,2.398807903238063,7.500891108603572,4.941123225348772,15.946609212114689,12.722896987593067,16.108079639711498,56.51634719204108
888.123,888.195,USV_951,0.07200000000000273,1.0,133.95299999999997,True,810.7837,944.7366999999999,77.3393000000001,-56.61369999999988,0.008882054127752781,0.02307549838362069,15443.057013568883,14764.332378555519,3.220468944139424e-05,30252.155172413793,22957.357686135867,2.484277897251674,7.439805745974383,5.488568332831447,17.981592767897716,12.111064792602392,15.935887426956892,59.140658778203864
888.755,888.775,USV_952,0.01999999999998181,1.0,133.95299999999997,True,810.7837,944.7366999999999,77.97130000000004,-55.98169999999993,0.0064658597111701965,0.026953125,18313.783963406102,17335.82637495821,0.00042172337158066987,31293.75,23089.040568793607,2.403809764507561,4.152360649199399,4.7982081904517795,15.46797885661051,11.813632653007947,13.176289249789402,51.51636938278316
888.982,889.048,USV_953,0.06600000000003092,1.0,133.95299999999997,True,810.7837,944.7366999999999,78.19830000000002,-55.75469999999996,0.006483834236860275,0.03733543113425926,17322.434909960608,14682.228207080861,0.00011257759003119873,31920.13888888889,23236.708667816143,2.462695031436232,4.693156962961135,5.518842824874692,17.290089059456694,11.57088772759849,12.778723142262628,60.47113751739828
889.701,889.815,USV_954,0.11400000000003274,1.0,133.95299999999997,True,810.7837,944.7366999999999,78.91730000000007,-55.035699999999906,0.007743437308818102,0.03044704861111111,16001.843351940075,15203.116785929202,0.0002714869043108525,31495.833333333332,24131.192744175838,2.610444425961646,6.352153008619483,6.028312079405785,18.740190500314316,11.840205596883731,15.878094361222399,60.10238840980745
889.866,889.897,USV_955,0.031000000000062755,1.0,133.95299999999997,True,810.7837,944.7366999999999,79.08230000000003,-54.87069999999994,0.008365320973098278,0.0203857421875,16163.101669011909,15601.178766311741,7.19231234175545e-05,31915.178571428572,24371.651497803097,2.1985891924089556,4.252720393382955,6.61413626102051,17.147455250850875,11.543533665354804,15.173713188828259,53.774705951995834
890.247,890.391,USV_956,0.14400000000000546,1.0,133.95299999999997,True,810.7837,944.7366999999999,79.4633,-54.48969999999997,0.009787130169570446,0.025490897042410716,14401.636772207188,14039.012580380613,0.00011313969309990728,29681.91964285714,26163.293547815843,2.3067841254864385,5.06601052918824,5.721763804521574,16.843737678061107,11.607561932267743,16.83288288409201,60.792254706638424
890.776,890.811,USV_957,0.035000000000081855,1.0,133.95299999999997,True,810.7837,944.7366999999999,79.9923,-53.960699999999974,0.0071464041247963905,0.025390625,16821.45017646334,17583.159683298923,0.00040350466655555587,32261.71875,26375.76128861017,1.7294172954604456,5.390565059053523,4.619735351715209,15.013543213272973,10.021062858287033,14.75096866162951,53.3132311347255
891.42,891.433,USV_958,0.013000000000033651,1.0,133.95299999999997,True,810.7837,944.7366999999999,80.6363,-53.31669999999997,0.009762624278664589,0.009521484375,15201.855524330003,17287.961484768202,8.473717001436615e-05,29986.60714285714,26571.877067175752,2.4125641408743888,6.385203666534212,5.4189704823173654,15.359067638971029,10.2297117025385,15.406658854092628,44.113480932083235
891.587,891.611,USV_959,0.02400000000000091,1.0,133.95299999999997,True,810.7837,944.7366999999999,80.80330000000004,-53.14969999999994,0.009972752071917057,0.007191051136363636,15562.30514563047,16759.129114775547,0.00014979565059164041,28917.613636363636,23357.925303058102,2.699416614405575,6.25634313484037,4.365967576018419,12.350480267959403,9.769447972422281,14.548334303462012,51.40495877660424
891.7,891.736,USV_960,0.03599999999994452,1.0,133.95299999999997,True,810.7837,944.7366999999999,80.91630000000009,-53.03669999999988,0.00960245355963707,0.030181884765625,16390.37657771726,17050.6653123194,0.0003629464282415563,29906.25,25192.31378195763,2.3176034401034835,4.747979640555915,5.6703687303951975,17.248697549014125,10.251102083274883,13.533134045807973,54.91804425110225
891.812,891.852,USV_961,0.03999999999996362,1.0,133.95299999999997,True,810.7837,944.7366999999999,81.02830000000006,-52.924699999999916,0.00955947395414114,0.022073184742647058,15439.456691382231,14314.505801736794,4.2558084497304114e-05,29288.602941176472,22298.894434883823,2.173707360939816,6.8202043969309845,4.831020263051727,16.279501403405593,10.782668004575445,14.359901695450848,57.34153237706811
891.893,891.952,USV_962,0.05899999999996908,1.0,133.95299999999997,True,810.7837,944.7366999999999,81.10930000000008,-52.8436999999999,0.0073067806661129,0.033091227213541664,15726.002174623101,13950.923594304177,1.9747475950157635e-05,30710.9375,18210.49614359267,1.9722422762061642,4.246184683086163,4.1770301790635385,17.561745208275823,11.16796247103315,14.59895831143767,59.91737201873301
892.045,892.078,USV_963,0.03300000000001546,1.0,133.95299999999997,True,810.7837,944.7366999999999,81.2613,-52.69169999999997,0.005585364066064358,0.043863932291666664,18467.520294882517,17003.634659932202,0.0006570094095243903,32637.5,25428.056783727297,1.7198508073782681,3.383759658852521,4.880368649823377,14.514285594694053,12.455411390863558,13.602571995133514,55.01952305774262
893.23,893.247,USV_964,0.016999999999939064,1.0,133.95299999999997,True,810.7837,944.7366999999999,82.44630000000006,-51.50669999999991,0.006157168187201023,0.027099609375,18567.953159474877,19818.068491414262,0.001447362740097814,33010.416666666664,23809.750558282794,2.6816889112167206,6.021462259188242,3.8802593866882145,13.900615009143056,9.81801169074678,13.765794128528022,46.113658900546476
893.386,893.467,USV_965,0.08100000000001728,1.0,133.95299999999997,True,810.7837,944.7366999999999,82.60230000000001,-51.35069999999996,0.008109654299914837,0.028416489109848484,16553.178034193512,15018.346092068661,0.00015515441858583406,30880.68181818182,18503.390967517127,2.5930229225997565,5.7715397651378595,5.111425874888816,17.718538079562485,12.719355607246893,15.952583260605845,60.11157016462189
893.603,893.652,USV_966,0.04900000000009186,1.0,133.95299999999997,True,810.7837,944.7366999999999,82.8193,-51.133699999999976,0.008916163817048073,0.03666759672619048,14869.018863122046,14271.65339154259,0.00010017785468179174,28852.678571428572,15615.834631749858,2.2499511516587525,4.325473597863566,4.704125760681806,11.825398521195282,13.903431258732624,14.601016459323315,58.68953683279971
894.062,894.083,USV_967,0.020999999999958163,1.0,133.95299999999997,True,810.7837,944.7366999999999,83.27830000000006,-50.674699999999916,0.008780010044574738,0.031640625,16556.87162499995,16781.176753871834,0.00011535254226678427,30093.75,22475.326551263446,1.4955108557271943,6.677421408389931,4.635067320487266,14.684409413715224,12.17497510507836,15.145552912118998,50.276271129812166
894.484,894.507,USV_968,0.02299999999991087,1.0,133.95299999999997,True,810.7837,944.7366999999999,83.70030000000008,-50.25269999999989,0.009473375044763088,0.016756924715909092,14834.823913925398,16706.942062300033,6.200897999343081e-05,31022.727272727272,26217.389562016935,2.116230922378592,4.806537617835661,4.519525340094187,14.595150793287196,11.479573453524797,16.119618925391556,50.09023288987166
895.099,895.163,USV_969,0.06399999999996453,1.0,133.95299999999997,True,810.7837,944.7366999999999,84.3153000000001,-49.63769999999988,0.00821187999099493,0.02660193810096154,16544.568888766018,14686.698506228986,0.00013354260273117877,30335.33653846154,22171.974557908605,2.636503270583929,4.521169849168259,5.8766377520091275,16.364358077044287,12.426379318742294,14.76493839776359,60.360581474895405
895.452,895.499,USV_970,0.047000000000025466,1.0,133.95299999999997,True,810.7837,944.7366999999999,84.66830000000004,-49.28469999999993,0.009612259455025196,0.0165771484375,15022.093182763225,16270.580619939507,0.00011477137087120175,31110.9375,24013.03080208011,2.4406458975168914,5.69015374185071,5.524028627066848,15.7384974929931,11.935548522323607,12.74702696533493,55.40899658787477
895.975,895.985,USV_971,0.009999999999990905,1.0,133.95299999999997,True,810.7837,944.7366999999999,85.19130000000007,-48.761699999999905,0.009262488223612309,0.008138020833333334,15619.224850815584,20080.736722715617,0.0002317791471099851,30140.625,18105.333396052487,2.1522257128874664,4.813023763400203,2.889106219319602,13.1686510402601,9.326293187093428,15.909275404009477,38.07309403890458
896.991,897.057,USV_972,0.06600000000003092,1.0,133.95299999999997,True,810.7837,944.7366999999999,86.20730000000003,-47.74569999999994,0.008509778417646885,0.030381944444444444,16019.109288899985,14341.42052759615,4.489860281817365e-05,30621.527777777777,24240.621156204255,2.2189853540967728,5.345531080925491,4.962597691399285,18.28158707733095,12.682398897213602,15.416586973769833,59.669117228144806
898.528,898.552,USV_973,0.02400000000000091,1.0,133.95299999999997,True,810.7837,944.7366999999999,87.74430000000007,-46.20869999999991,0.007184956688433886,0.048029119318181816,19157.894987432337,18717.845275704287,0.0008424520091489946,32190.340909090908,23471.149223254666,2.7476386239844244,4.995759611393109,6.0661912291513485,14.623083600419934,9.933816614578996,14.098510975681101,51.955500064208806
898.676,898.735,USV_974,0.05899999999996908,1.0,133.95299999999997,True,810.7837,944.7366999999999,87.89230000000009,-46.06069999999988,0.008604808710515499,0.047780354817708336,17228.30217829529,14489.316678610403,0.0003220384322781275,29402.34375,24255.304012324905,1.7716020221143571,5.560346828581433,5.65546109673501,20.11531780115368,11.096615549964257,14.7185887356097,62.30647517016874
898.875,898.923,USV_975,0.04800000000000182,1.0,133.95299999999997,True,810.7837,944.7366999999999,88.09130000000005,-45.86169999999993,0.007913871668279171,0.04952392578125,18041.158899237034,14847.973762293306,0.00039596141985810305,30140.625,23938.19833197978,2.3929905959762117,4.926706292384851,5.090556600396437,16.130367400857516,9.966259530641283,15.433797497142686,59.483078204780234
900.314,900.339,USV_976,0.02500000000009095,1.0,133.95299999999997,True,810.7837,944.7366999999999,89.53030000000001,-44.42269999999996,0.008836214430630207,0.0257568359375,17102.637743755506,19655.59338386391,0.000444018497257053,31281.25,18506.198626433805,1.554588791928702,7.098145399945039,4.987960885344613,13.692279775648295,10.557054572990852,13.347199228331256,50.361834499236444
900.49,900.548,USV_977,0.057999999999992724,1.0,133.95299999999997,True,810.7837,944.7366999999999,89.70630000000006,-44.24669999999992,0.010449866764247417,0.0401611328125,17034.897861814097,14331.925467864474,0.00017983153857186276,28996.09375,22688.95329376469,2.8178214571307456,4.654103733375624,5.163997290916078,15.584488927859281,11.596836144648108,15.60162221447108,60.85466234766392
900.662,900.724,USV_978,0.06200000000001182,1.0,133.95299999999997,True,810.7837,944.7366999999999,89.87830000000008,-44.07469999999989,0.010162950493395329,0.04988919771634615,17245.617819154933,13263.170923373751,3.450240759457402e-05,28929.08653846154,21068.058653257394,2.290149406621192,6.168796170717234,5.813442649094221,15.732265009731863,10.68346963286546,15.30641689206673,62.32131730871892
900.857,900.923,USV_979,0.06600000000003092,1.0,133.95299999999997,True,810.7837,944.7366999999999,90.07330000000002,-43.87969999999996,0.011866106651723385,0.0643627025462963,18904.837559280604,14000.78375088027,5.286385673239571e-05,31378.472222222223,27554.26037179001,2.766262913430529,4.643743108672862,6.185092577002818,16.192111553843798,11.194805706859052,15.782233626318895,62.09810640112304
901.029,901.124,USV_980,0.09500000000002728,1.0,133.95299999999997,True,810.7837,944.7366999999999,90.24530000000004,-43.70769999999993,0.009774061851203442,0.04490260074013158,17040.080679146133,13301.20390522644,4.031136437520339e-05,29509.04605263158,20186.884895643856,2.390351154712309,5.42381628016768,5.745448929632776,15.59213499379644,11.852193198093794,15.047704671394706,63.01225503753309
901.216,901.31,USV_981,0.09399999999993724,1.0,133.95299999999997,True,810.7837,944.7366999999999,90.43230000000005,-43.52069999999992,0.011921687051653862,0.06607858758223684,17995.56096737192,12157.699085578717,3.400388937342544e-05,29499.177631578947,20268.446052853138,2.4214601007991288,4.859634359410668,4.735491309169328,17.05374618522597,12.565359803533054,15.75006518587012,65.12987511804481
901.407,901.463,USV_982,0.05599999999992633,1.0,133.95299999999997,True,810.7837,944.7366999999999,90.62330000000009,-43.32969999999989,0.010584237985312939,0.03133491847826087,16724.542493752015,14795.919655937676,0.00014285336317121228,29392.66304347826,22076.244112295924,2.8036353533207286,6.0697388468742774,5.901777162183384,15.530397538795286,11.482012551524145,16.616039449154908,59.576277872959466
901.513,901.526,USV_983,0.012999999999919964,1.0,133.95299999999997,True,810.7837,944.7366999999999,90.72930000000008,-43.223699999999894,0.008131797425448895,0.024623325892857144,17458.469436893047,19523.729075979823,0.0005525105144332755,31794.64285714286,17692.676709919153,1.9099431668638143,5.9564487559773,5.115631597647526,12.060110178437967,11.140589748612895,12.975386175718413,43.448171071817
901.582,901.655,USV_984,0.07299999999997908,1.0,133.95299999999997,True,810.7837,944.7366999999999,90.79830000000004,-43.154699999999934,0.010650372132658958,0.051953125,17884.371191102302,14149.532542085139,0.00014711256605285105,29203.125,23481.58846303532,2.019991471588857,6.784746991958803,4.788087190764801,15.395103323753005,11.80254865355184,13.817088085967717,61.90488732866656
901.76,901.839,USV_985,0.07900000000006457,1.0,133.95299999999997,True,810.7837,944.7366999999999,90.97630000000004,-42.97669999999994,0.009877631440758705,0.064971923828125,17419.22206842333,12238.714797068036,8.400783954738624e-05,28652.34375,20209.310488450436,1.8494400854745707,7.465645749738657,6.183804842718214,17.135190551797454,13.241361203105189,15.108375362730886,64.67940605708482
902.144,902.187,USV_986,0.043000000000006366,1.0,133.95299999999997,True,810.7837,944.7366999999999,91.36030000000005,-42.59269999999992,0.008441935293376446,0.026495682565789474,17211.854161993455,16401.85513603465,0.00023314665089886532,32620.065789473683,24247.183717947748,2.2332250690617523,5.6867375811802505,5.707805174662845,16.038857298314014,11.514859214028403,15.890523409092832,56.59068898632549
902.298,902.382,USV_987,0.08399999999994634,1.0,133.95299999999997,True,810.7837,944.7366999999999,91.51430000000005,-42.438699999999926,0.012048248201608658,0.04886402803308824,17296.17737702905,13287.305728117966,9.855183361944848e-05,29103.860294117647,22228.795009140405,2.3899900738175925,6.361717810248578,5.674473358795928,16.585676734116078,10.985531686265006,14.709246823915345,63.30039621081358
902.485,902.573,USV_988,0.08799999999996544,1.0,133.95299999999997,True,810.7837,944.7366999999999,91.70130000000006,-42.251699999999914,0.010360495187342167,0.058412388392857145,17770.48997674817,12808.395235009632,5.399360371955361e-05,29073.214285714286,23230.72791475494,2.4898636726180343,4.841229047535082,5.526895360478877,16.142779892036604,11.89340957355725,15.065915766316106,64.6099958053548
902.676,902.768,USV_989,0.09199999999998454,1.0,133.95299999999997,True,810.7837,944.7366999999999,91.89230000000009,-42.06069999999988,0.009923426434397697,0.06983081714527027,19694.340602163877,14526.409332642452,0.00011382108648129216,33420.60810810811,24333.561654902445,2.9576766129306473,6.220294080703522,5.890595113485172,15.978117671728526,10.318332697903378,15.475319970101673,63.91803712672798
902.859,902.967,USV_990,0.10799999999994725,1.0,133.95299999999997,True,810.7837,944.7366999999999,92.07530000000008,-41.87769999999989,0.011494778096675873,0.06189816497093023,17179.218170202334,12294.275958619008,2.2069042082843654e-05,28513.081395348836,21213.33343537507,2.1991886475148585,5.463332958817534,6.1460412320998925,16.55298420867331,12.125987956776628,15.50607122891033,64.9732579677359
903.039,903.127,USV_991,0.08799999999996544,1.0,133.95299999999997,True,810.7837,944.7366999999999,92.25530000000003,-41.69769999999994,0.009707537479698658,0.04334542410714286,16223.889493160828,13741.468253452962,0.00010655351261716586,28730.35714285714,17332.655181748425,2.485531094365406,5.371803766636016,4.631887935857157,16.492323951371734,12.602475861834124,15.027445133150085,62.53710735310728
903.187,903.274,USV_992,0.08699999999998909,1.0,133.95299999999997,True,810.7837,944.7366999999999,92.40330000000006,-41.549699999999916,0.008999503217637539,0.05426897321428571,16810.671988891336,12183.288049919893,8.67205229401691e-06,28240.178571428572,19679.173725784916,2.748654379702315,5.2637077374940855,5.10494403947678,15.936864680609162,11.228741547289259,17.091507423065682,63.486372114235
903.352,903.496,USV_993,0.14400000000000546,1.0,133.95299999999997,True,810.7837,944.7366999999999,92.56830000000002,-41.38469999999995,0.008876709267497063,0.04884556361607143,17112.447222739367,12902.997037930738,4.928587168422947e-05,30098.772321428572,20681.070635140833,2.4497734354854486,5.801371129926827,5.857608319065056,16.973080516295845,12.231009124790006,15.072142743676336,64.91671535201226
903.567,903.651,USV_994,0.08399999999994634,1.0,133.95299999999997,True,810.7837,944.7366999999999,92.78330000000005,-41.16969999999992,0.011485621333122253,0.05581485523897059,17644.100004877957,14129.796357422198,0.00011212242276166333,29779.41176470588,19913.981263403606,2.5689069626564653,5.90250137202503,5.9196789892633115,17.458699433470606,11.479247437139241,14.448236273415414,62.577073320724274
903.763,903.821,USV_995,0.057999999999992724,1.0,133.95299999999997,True,810.7837,944.7366999999999,92.97930000000008,-40.973699999999894,0.008084187284111977,0.037831624348958336,16794.26131837446,13884.088535784831,6.528609907313503e-05,30367.1875,20964.48460338628,2.010770752078622,6.85160507968898,7.438387555293379,17.74277918395843,11.51954274418362,15.067397277142954,60.55356316864038
903.941,903.991,USV_996,0.049999999999954525,1.0,133.95299999999997,True,810.7837,944.7366999999999,93.15730000000008,-40.7956999999999,0.00801889132708311,0.055431547619047616,18501.653838812847,14792.32613495941,7.74699892918849e-05,32401.785714285714,20809.353123218563,2.445744382074454,5.683954307661388,5.377454287389957,18.255444084793652,11.543288512846546,14.879132810564437,59.96380179519176
904.113,904.155,USV_997,0.041999999999916326,1.0,133.95299999999997,True,810.7837,944.7366999999999,93.3293000000001,-40.62369999999987,0.0068054827861487865,0.030558268229166668,16497.728849209125,16514.22728449671,0.00013106804532769583,32026.041666666668,18452.987421706373,2.6868841921929723,6.310339252758367,5.379597839583296,15.586059666449826,11.333038267555972,14.329779993884939,54.5934217073646
904.822,904.845,USV_998,0.023000000000024556,1.0,133.95299999999997,True,810.7837,944.7366999999999,94.03830000000005,-39.914699999999925,0.007089122664183378,0.0263671875,16124.881046351009,16858.007802227276,0.00024614371654476134,30750.0,14837.375687890233,2.4340924237540933,6.581716655840356,5.078940433606963,16.666062726796632,10.565259433806808,14.711953184574185,51.29919809021728
905.038,905.069,USV_999,0.03099999999994907,1.0,133.95299999999997,True,810.7837,944.7366999999999,94.25430000000006,-39.69869999999992,0.010265937075018883,0.006940569196428571,13795.201221761283,16255.071116361067,8.934382248787806e-05,29263.39285714286,14982.056784169281,2.608263962661649,7.998311556874296,5.248894645589324,15.023251598898963,10.413388142044747,14.492784428408216,53.05868357913438
905.541,905.579,USV_1000,0.03799999999989723,1.0,133.95299999999997,True,810.7837,944.7366999999999,94.7573000000001,-39.195699999999874,0.007298802956938744,0.04973288143382353,18099.52163836617,13771.23161762963,0.00011541281662816755,30452.20588235294,22633.949539903195,2.09623113956226,6.131167783299315,4.508398079472954,16.64735503356943,11.106445783002556,14.256811407779237,59.050389480318714
905.696,905.725,USV_1001,0.028999999999996362,1.0,133.95299999999997,True,810.7837,944.7366999999999,94.91230000000007,-39.0406999999999,0.008006609044969082,0.038217397836538464,17636.993508831983,15647.592979753616,0.0005787820474101481,29963.94230769231,18936.383108809023,1.5514492540652964,5.666245202510309,5.863095249785871,15.14628080374882,11.375744739144523,12.385059162379633,54.70065811028111
905.971,906.002,USV_1002,0.03099999999994907,1.0,133.95299999999997,True,810.7837,944.7366999999999,95.18730000000005,-38.765699999999924,0.008649831637740135,0.021519252232142856,14976.303948506995,15013.381478461384,0.0002121811940661771,30482.14285714286,15932.547833928895,2.149606996488926,3.726869665488397,5.841303741928546,15.414805841497335,12.087884747599224,14.701267019701197,53.63534098869595
906.032,906.055,USV_1003,0.02299999999991087,1.0,133.95299999999997,True,810.7837,944.7366999999999,95.24830000000009,-38.70469999999989,0.009065362624824047,0.014448686079545454,16391.039170499276,18762.44480840799,0.0003591325189403752,30170.454545454544,18361.997011534233,3.9530442080542723,4.729229891119638,4.606079191270961,15.155375713893365,10.239165864406504,14.14808692526716,49.436123047280304
906.354,906.382,USV_1004,0.027999999999906322,1.0,133.95299999999997,True,810.7837,944.7366999999999,95.57030000000009,-38.382699999999886,0.007871747948229313,0.038705679086538464,16329.000790816684,14876.659458480015,0.00020946091493310263,29920.673076923078,17462.118322926068,1.4410025108195337,5.487489049438616,4.952199683724631,15.205149638038158,12.796632064237922,14.149920337127352,54.66220541038012
906.603,906.645,USV_1005,0.04200000000003001,1.0,133.95299999999997,True,810.7837,944.7366999999999,95.8193,-38.133699999999976,0.009776964783668518,0.021470811631944444,16277.195209377694,15757.998550074126,0.00013457490511286467,29536.458333333332,21494.25659827385,2.8098743863818054,5.888300726220619,4.997853554068172,16.171270785529355,11.282714461489363,14.614582347797686,56.281632989911806
906.711,906.805,USV_1006,0.09399999999993724,1.0,133.95299999999997,True,810.7837,944.7366999999999,95.92730000000006,-38.025699999999915,0.008027800358831882,0.022293893914473683,15794.69520205736,15135.485734808302,0.00019182583929530346,30772.20394736842,19757.488003306775,2.488753865520704,5.446731537268736,6.174795840005173,16.874160597883233,11.241834382621159,15.155721401036663,60.39653726337827
906.842,906.955,USV_1007,0.11300000000005639,1.0,133.95299999999997,True,810.7837,944.7366999999999,96.05830000000003,-37.89469999999994,0.008317939005792141,0.031141493055555556,15605.364666020827,14936.683987971563,9.790685026650454e-05,30747.916666666668,21257.631013500148,2.1705115818183685,6.594143334773292,6.823816028763049,16.942119596977225,12.340911627041313,14.825738422953684,59.82585999279289
906.989,907.003,USV_1008,0.014000000000010004,1.0,133.95299999999997,True,810.7837,944.7366999999999,96.20530000000008,-37.747699999999895,0.01016751118004322,0.01751708984375,17259.628298662305,23534.814756680586,0.0005647372664016959,33164.0625,21754.065461576192,1.6263983689364052,5.01588744303341,6.294970790905667,14.257108352642227,11.120267036904405,13.30734690745344,41.2147053281274
907.587,907.616,USV_1009,0.028999999999996362,1.0,133.95299999999997,True,810.7837,944.7366999999999,96.80330000000004,-37.14969999999994,0.008320741355419159,0.039663461538461536,17586.875232109716,15852.564016422424,0.00048560209218835224,29942.30769230769,16497.358973574228,2.349665039600048,4.7583265278615725,5.502344821503313,15.72043217056722,12.156618011687089,14.266447559996822,54.72011422391198
907.826,907.843,USV_1010,0.016999999999939064,1.0,133.95299999999997,True,810.7837,944.7366999999999,97.04230000000007,-36.910699999999906,0.008137917146086693,0.024061414930555556,17544.486405632153,19294.547967032184,0.0004078779060486799,30958.333333333332,15611.483368138213,2.1243563766104736,5.660269831721742,5.238309307296552,13.714821893573074,10.861513962550577,12.418488993214474,47.25343852342014
907.952,907.969,USV_1011,0.01700000000005275,1.0,133.95299999999997,True,810.7837,944.7366999999999,97.16830000000004,-36.78469999999993,0.011080990545451641,0.019666883680555556,17526.288959088593,20332.705095892845,0.0005321665665123668,31635.416666666668,17867.722429805475,1.7924910256592916,7.360523792799857,5.221763945820317,13.46113971364632,10.184297512634059,15.179732002126222,46.25361165698979
908.073,908.087,USV_1012,0.014000000000010004,1.0,133.95299999999997,True,810.7837,944.7366999999999,97.28930000000003,-36.66369999999995,0.007948794402182102,0.0089111328125,16520.58388094126,19811.184605219743,0.00020529083823036094,30843.75,25140.334552276163,2.285633075457585,2.587031123568797,4.453453132842383,13.602620094354613,9.521876552501924,15.824465270348332,44.11892860018688
908.346,908.416,USV_1013,0.07000000000005002,1.0,133.95299999999997,True,810.7837,944.7366999999999,97.56230000000005,-36.390699999999924,0.007727026008069515,0.023639547413793104,15570.187100382542,14736.351033419347,0.00028843549356982756,30617.456896551725,19533.02219348811,2.4456686815289572,5.5991757314519255,5.653703502919491,16.38418226222301,11.669836092428415,14.978359056185171,58.27642941395317
908.515,908.544,USV_1014,0.028999999999996362,1.0,133.95299999999997,True,810.7837,944.7366999999999,97.73130000000003,-36.22169999999994,0.007532809395343065,0.022498497596153848,15626.376161668613,17522.53104237982,0.00017134171255949382,32105.76923076923,18210.802528130363,2.1665876349874003,5.089214823481452,5.6034902640906425,15.089565527121108,11.28260783289027,14.449816809219596,51.30225688063547
909.022,909.037,USV_1015,0.014999999999986358,1.0,133.95299999999997,True,810.7837,944.7366999999999,98.2383000000001,-35.71469999999988,0.007332213222980499,0.029998779296875,19698.388070748864,20800.91177429273,0.0010980452591254491,33117.1875,25851.168392026266,2.359712232278509,5.910686937783933,3.6212820758055497,13.804524529049798,10.912134145118035,14.42974716469876,44.586063748442534
909.126,909.14,USV_1016,0.014000000000010004,1.0,133.95299999999997,True,810.7837,944.7366999999999,98.34230000000002,-35.61069999999995,0.00789712555706501,0.0205078125,20360.271540778038,22356.407795260977,0.0007231253262994162,34019.53125,24785.244303395648,2.156150373493821,6.232675046356693,6.721889205751271,11.59533287262174,12.366108612283984,12.16478044882028,44.37786806220305
909.755,909.773,USV_1017,0.018000000000029104,1.0,133.95299999999997,True,810.7837,944.7366999999999,98.97130000000004,-34.98169999999993,0.007338831201195717,0.028727213541666668,17019.79863468147,18255.739682960542,0.000550951118067273,32010.416666666668,22850.917053562123,1.7424781196242074,3.4931079733735646,4.985193913651045,14.393756816669246,12.034233550074259,13.89526486639141,47.60660722830265
912.22,912.243,USV_1018,0.023000000000024556,1.0,133.95299999999997,True,810.7837,944.7366999999999,101.43630000000007,-32.5166999999999,0.008092383854091167,0.02643377130681818,16818.781798239474,18840.21845615066,0.0009114262198699621,32079.545454545456,20683.931996474465,2.4612209310396462,6.736419617158509,4.507724400673108,15.834989270019998,9.428387874721164,13.56303943890299,48.49889798721867
912.608,912.639,USV_1019,0.031000000000062755,1.0,133.95299999999997,True,810.7837,944.7366999999999,101.8243,-32.12869999999998,0.0092343520373106,0.013357979910714286,17020.487418073826,18124.208738757716,0.0002923334432118255,33040.17857142857,23594.541605518785,2.4659746215932143,5.1533223240339785,6.192002560231393,16.103980817890324,11.789385078843269,14.408567640652604,52.5809344062508
913.232,913.277,USV_1020,0.04500000000007276,1.0,133.95299999999997,True,810.7837,944.7366999999999,102.44830000000002,-31.504699999999957,0.00948205217719078,0.05174496299342105,16599.29236603546,13383.81362055147,7.908758565212426e-05,28065.78947368421,19599.99395068026,1.9443861280432115,5.927498329347465,6.30203983973608,17.75215048295193,13.648260254462095,14.76986600391396,60.39754955329687
913.419,913.438,USV_1021,0.019000000000005457,1.0,133.95299999999997,True,810.7837,944.7366999999999,102.63530000000003,-31.317699999999945,0.009659894742071629,0.02822265625,16790.414748035622,18374.22384959252,0.00020208549119145208,29887.5,25095.600345135445,2.3331737531345205,4.141416039542041,4.299436495567653,14.502602724994304,8.932515725223201,13.570709982592032,50.19057529393034
913.571,913.584,USV_1022,0.012999999999919964,1.0,133.95299999999997,True,810.7837,944.7366999999999,102.78730000000007,-31.1656999999999,0.007427215576171875,0.041469029017857144,16412.620817313724,17134.890446137855,0.00013039465509599664,29209.821428571428,14769.230769230768,2.1924686958048416,3.139457317473659,3.863197184879287,16.043337791629295,11.214841028740222,12.662513811170433,45.36446640206699
913.72,913.756,USV_1023,0.03599999999994452,1.0,133.95299999999997,True,810.7837,944.7366999999999,102.93630000000007,-31.0166999999999,0.007885506376624107,0.03424072265625,16428.721358226787,16898.18897778874,0.00038679434232149947,31365.234375,25434.726981885295,1.9548575552591902,6.647945576376058,4.832213091453439,15.764726635571211,12.015492346312087,13.941708184800415,54.72278586509105
914.25,914.271,USV_1024,0.020999999999958163,1.0,133.95299999999997,True,810.7837,944.7366999999999,103.46630000000005,-30.486699999999928,0.007667481899261475,0.03896484375,16453.56512563966,15783.18112387266,0.0001350218395040914,28781.25,19201.656408696137,2.519871542859984,4.297857846487508,5.5590573849205835,15.527662641490755,9.82987127702605,14.395804278974861,52.200767771900814
914.392,914.48,USV_1025,0.08799999999996544,1.0,133.95299999999997,True,810.7837,944.7366999999999,103.6083000000001,-30.344699999999875,0.010301871225237846,0.028306361607142855,14821.027106234891,14399.827135951487,0.00012782810731253177,29124.10714285714,19878.746915837193,2.026795050472713,7.429750144600132,4.624896188234475,17.05615158666558,11.805665262367079,14.572206226473352,60.398073510231484
914.566,914.617,USV_1026,0.05099999999993088,1.0,133.95299999999997,True,810.7837,944.7366999999999,103.78230000000008,-30.170699999999897,0.00847750436514616,0.031459263392857144,15598.093915451635,13982.99171589445,3.8155625647911696e-05,29964.285714285714,17411.5696735232,2.514967294866444,4.938654353445873,4.532382610217969,16.176216997509208,12.334386990943235,14.27003782484998,60.952378947013706
914.739,914.811,USV_1027,0.07200000000000273,1.0,133.95299999999997,True,810.7837,944.7366999999999,103.95530000000008,-29.997699999999895,0.007999638095498085,0.05061287715517242,17364.675561560492,13696.265390851431,0.00039318581830559326,29663.793103448275,19303.284630439583,2.418281355808637,5.874327095347135,5.077040645249417,16.437038236323204,12.748238760467851,13.582323833082846,61.97961239679939
914.868,914.877,USV_1028,0.008999999999900865,1.0,133.95299999999997,True,810.7837,944.7366999999999,104.0843000000001,-29.868699999999876,0.007792156655341387,0.007486979166666667,16505.366248698974,19787.12613243659,0.0002491977187929469,30453.125,17458.16362610989,2.1564155861836314,2.657533006140292,4.561123288624222,14.691641802021591,7.932470163670918,12.839068464896108,40.071858868040714
914.913,914.986,USV_1029,0.07299999999997908,1.0,133.95299999999997,True,810.7837,944.7366999999999,104.12930000000006,-29.823699999999917,0.007466654293239117,0.06769205729166666,18856.458675972666,13725.765859094789,0.0002356082363744357,31256.25,24407.784718480238,2.0956535723945184,5.7341692517847145,5.802929423398751,17.689229441125864,12.819786590431054,14.816718162344477,63.229740549343994
915.1,915.176,USV_1030,0.07600000000002183,1.0,133.95299999999997,True,810.7837,944.7366999999999,104.31630000000007,-29.636699999999905,0.007564327213913202,0.04044858870967742,16524.03844404156,15658.107863119523,0.0003052848350362444,30916.33064516129,20291.68539411398,2.332067852319977,6.458615985867757,5.201979825729072,18.129611699881572,12.28381954737032,14.664383644389067,59.278190143873196
915.262,915.307,USV_1031,0.04500000000007276,1.0,133.95299999999997,True,810.7837,944.7366999999999,104.47829999999999,-29.474699999999984,0.008829307742416859,0.017745168585526317,14852.797434512064,16733.342164164063,0.00013356656959347796,31159.53947368421,18147.919174023795,2.2304560709113765,5.551412110364511,5.028039953669723,15.476453980262985,10.895540896029374,14.809617948885997,54.73383160534912
915.419,915.437,USV_1032,0.018000000000029104,1.0,133.95299999999997,True,810.7837,944.7366999999999,104.63530000000003,-29.317699999999945,0.0072091626934707165,0.024278428819444444,15775.808699128555,16700.816629087873,0.000517237115727362,31291.666666666668,23787.167554943728,1.9112074319638512,5.773681720236924,4.792582863283127,16.058553940382787,12.165750018147756,14.528965947175843,48.61703490603245
917.147,917.209,USV_1033,0.06199999999989814,1.0,133.95299999999997,True,810.7837,944.7366999999999,106.3633000000001,-27.58969999999988,0.009892703965306282,0.029803936298076924,15775.212532174231,14674.947595186075,0.00011602681558506997,29942.30769230769,17703.72469031662,2.008791834818368,5.956126317405969,5.17447558060835,17.802549257713252,13.373372115169612,15.981888054944598,58.91486505688574
917.268,917.31,USV_1034,0.041999999999916326,1.0,133.95299999999997,True,810.7837,944.7366999999999,106.48430000000008,-27.4686999999999,0.00803400482982397,0.036187065972222224,16123.578324076758,13471.36086843245,6.271397748602801e-05,29619.791666666668,17391.421764145434,3.557489402093416,5.148722103958783,5.639433125998697,18.044693612793726,12.323388824981055,14.656393357727799,59.52739449937024
917.691,917.784,USV_1035,0.09299999999996089,1.0,133.95299999999997,True,810.7837,944.7366999999999,106.90730000000008,-27.045699999999897,0.007614017464220524,0.04715213260135135,16641.012938014534,14360.812675145015,0.00013237847075958954,30848.817567567567,21212.837846755836,2.3600548246123996,4.518980406772611,6.43421668188703,17.137242706620988,11.618430934010433,14.73302364977855,60.98177597676731
918.046,918.06,USV_1036,0.013999999999896318,1.0,133.95299999999997,True,810.7837,944.7366999999999,107.2623000000001,-26.69069999999988,0.010500195436179638,0.023040771484375,17729.36926484149,22296.73814273838,0.0006987827545027107,30726.5625,20152.422205218812,2.3542364891826075,5.194394744639198,6.190911026898533,13.091026810883314,9.327428834601584,11.65133207574518,44.27849391171955
918.184,918.206,USV_1037,0.022000000000048203,1.0,133.95299999999997,True,810.7837,944.7366999999999,107.40030000000002,-26.55269999999996,0.007288497406989336,0.020885120738636364,16347.083646331064,17823.987494760215,0.0005505966258786677,30911.93181818182,19090.604034798318,3.613386671893309,5.117300567871336,3.8908601945145675,15.008281813843821,12.725979825961991,14.475739518494949,49.83686879912404
918.909,918.96,USV_1038,0.051000000000044565,1.0,133.95299999999997,True,810.7837,944.7366999999999,108.12530000000004,-25.827699999999936,0.010516947135329247,0.028431285511363636,16245.969971881905,14593.14164777765,9.59761563245959e-05,28252.840909090908,23198.100192724265,2.4569185622199368,6.378613567198536,5.996455491211748,16.109264819072653,11.474405686016931,16.106807070957515,58.87458690785488
919.076,919.131,USV_1039,0.05499999999994998,1.0,133.95299999999997,True,810.7837,944.7366999999999,108.29230000000007,-25.660699999999906,0.008897675201296806,0.060791015625,17938.261031032893,14190.460713136645,0.00021027883049239745,28544.83695652174,24312.252260657937,2.238293060570771,6.279155001139852,5.987373130543259,15.965578747788914,11.697015441442568,14.90223829343638,61.150609696523695
919.214,919.316,USV_1040,0.10199999999997544,1.0,133.95299999999997,True,810.7837,944.7366999999999,108.4303000000001,-25.522699999999872,0.010035010054707527,0.05169826600609756,16848.724606705782,13444.930478978187,6.644526100793074e-05,29711.89024390244,22694.373241486268,2.5027004055838713,5.9148039904694105,5.128981223553993,17.275350263153214,12.395056402463323,14.931004872959567,62.7456885433447
919.411,919.511,USV_1041,0.10000000000002274,1.0,133.95299999999997,True,810.7837,944.7366999999999,108.62729999999999,-25.325699999999983,0.011181287467479706,0.039874267578125,15936.62361774632,14017.180368515412,5.126144185183209e-05,28382.8125,19977.862255708438,2.537313073452365,6.029280574626734,5.34773808976213,16.615374957641905,12.671807877901628,13.360685954617963,62.163491465741245
919.601,919.654,USV_1042,0.05299999999999727,1.0,133.95299999999997,True,810.7837,944.7366999999999,108.81730000000005,-25.13569999999993,0.010901164263486862,0.048994584517045456,16975.875253784066,12653.696500568825,3.667500683501915e-05,28713.06818181818,21554.12901764535,2.4660489669424854,5.707308240231756,6.65074710182729,16.12680923916201,11.191815400296093,14.646472088788359,61.533980832691434
919.768,919.831,USV_1043,0.06299999999998818,1.0,133.95299999999997,True,810.7837,944.7366999999999,108.98430000000008,-24.9686999999999,0.011110639199614525,0.050809420072115384,16860.023287874075,13386.492950291631,5.877711372782391e-05,28965.14423076923,24083.78313885057,2.5253452391467786,6.167472166991197,5.203066899863658,17.14054664131734,12.237740504403423,16.97734827069817,61.581519075684845
920.118,920.198,USV_1044,0.07999999999992724,1.0,133.95299999999997,True,810.7837,944.7366999999999,109.3343000000001,-24.618699999999876,0.008824982680380344,0.0600128173828125,17607.32449665924,12587.664741495963,6.122964600406535e-05,29586.9140625,20118.755240349397,2.512477013414248,5.163588228130224,4.608451085256961,15.165055110459983,11.04729730386443,14.32630433208718,63.58474432343368
920.294,920.419,USV_1045,0.125,1.0,133.95299999999997,True,810.7837,944.7366999999999,109.51030000000003,-24.442699999999945,0.009440232068300247,0.04949079241071429,16296.236563909797,12882.741006035107,7.869724603955353e-06,29718.75,20881.84976752442,3.34828663603894,4.974499700002384,5.750434612784113,16.255599891859784,12.595886073894892,14.406160098871357,63.05253798222305
920.474,920.549,USV_1046,0.07499999999993179,1.0,133.95299999999997,True,810.7837,944.7366999999999,109.6903000000001,-24.26269999999988,0.009765833616256714,0.05821940104166667,17398.90947037995,13138.951378000822,0.00010112691143025783,28656.25,19039.011402156277,2.186201035726684,5.91720627365592,5.423431581260347,17.404418491545368,11.51397058986112,13.796611387387854,64.25812858221302
920.811,920.877,USV_1047,0.06599999999991724,1.0,133.95299999999997,True,810.7837,944.7366999999999,110.02730000000008,-23.925699999999892,0.011126483790576458,0.019476996527777776,15483.463746306536,16071.773742091274,7.955830052263287e-05,32447.916666666668,20255.902909468386,2.640640776323264,7.057842922780622,6.170123171488021,18.122264027178442,11.96455753234393,14.896370617347237,58.45926804016072
920.989,921.081,USV_1048,0.09199999999998454,1.0,133.95299999999997,True,810.7837,944.7366999999999,110.20530000000008,-23.747699999999895,0.012688903138041496,0.039702544341216214,17460.564661794375,13617.120733907934,0.00022977730122000453,30050.675675675677,20666.975901351736,2.7451173595549854,5.951665751813169,5.951173432432523,15.532650562297173,11.61333120559675,15.435968461339915,62.73187525453825
921.174,921.309,USV_1049,0.1349999999999909,1.0,133.95299999999997,True,810.7837,944.7366999999999,110.39030000000002,-23.56269999999995,0.010610065422952175,0.04392228036556604,16660.80990246581,12997.136713197877,0.00012706698402560322,29251.76886792453,22530.963914423988,2.474513294806415,4.561194657414357,5.085491076892114,18.07006225346379,11.935048222016682,14.415655772737853,64.75025766921608
921.349,921.422,USV_1050,0.07299999999997908,1.0,133.95299999999997,True,810.7837,944.7366999999999,110.5653000000001,-23.38769999999988,0.008949670940637589,0.0319091796875,16744.98445198027,15566.857051087381,0.0003668949010817916,31434.375,16620.37266368315,2.7509161667634787,6.048228416898242,5.270097331677508,17.166570681352802,12.12299245392257,14.77742131645903,59.68233010189286
921.536,921.546,USV_1051,0.010000000000104592,1.0,133.95299999999997,True,810.7837,944.7366999999999,110.75229999999999,-23.200699999999983,0.008989608846604824,0.0076904296875,18491.405294639848,24835.72251159843,0.0007970550189337003,35437.5,16806.134561350173,2.384458075682345,3.921524302600005,5.525567536475002,13.44512295522945,12.43733607987874,14.600036268634659,35.416062388311936
921.719,921.74,USV_1052,0.020999999999958163,1.0,133.95299999999997,True,810.7837,944.7366999999999,110.9353000000001,-23.017699999999877,0.009848527610301971,0.019775390625,15736.549924630192,17135.459789775534,0.00018186048031254445,30365.625,18213.84674052619,2.010493108874438,3.868979692376063,6.353010548358268,16.650430596519996,11.311381594758341,13.562607289327596,50.07044939916072
922.234,922.253,USV_1053,0.019000000000005457,1.0,133.95299999999997,True,810.7837,944.7366999999999,111.45030000000008,-22.50269999999989,0.006838893052190542,0.0256591796875,17633.49733393035,20881.17120652593,0.0008579169162088824,32990.625,17653.261670057884,1.3746233967586243,6.7573223153314315,4.674533033171685,15.153033478908085,10.539082458999719,13.404066666888914,46.01636462948737
922.505,922.553,USV_1054,0.04800000000000182,1.0,133.95299999999997,True,810.7837,944.7366999999999,111.72130000000004,-22.231699999999933,0.009015402756631374,0.02440185546875,15457.538384506648,14992.926971666762,0.00014043408115706104,29409.375,15051.71903437998,2.5018582468730712,5.548607299216319,4.52484290962707,14.203961797023144,11.814918698443037,13.821296105172939,58.27636752152572
923.387,923.439,USV_1055,0.05200000000002092,1.0,133.95299999999997,True,810.7837,944.7366999999999,112.60329999999999,-21.349699999999984,0.010394472628831863,0.019453568892045456,14889.965615893407,15078.627183005896,3.950220636802883e-05,29569.602272727272,23760.12127484591,2.596893905898248,6.304142455530421,5.312211478146072,16.760626201461633,11.723966413242731,14.803610410542445,56.566455178675795
923.901,923.916,USV_1056,0.015000000000100044,1.0,133.95299999999997,True,810.7837,944.7366999999999,113.1173,-20.835699999999974,0.007208101451396942,0.018310546875,17215.042602208017,17934.593587808246,0.0002731585274604371,31605.46875,19925.316121804135,2.465740669264028,5.0716648469312275,5.096790092463088,13.143946873816992,9.642493019564256,15.965589536105433,46.45608714801429
923.96,924.007,USV_1057,0.04699999999991178,1.0,133.95299999999997,True,810.7837,944.7366999999999,113.17630000000008,-20.77669999999989,0.00842216145247221,0.025927734375,16222.040178573172,15414.586650863977,0.00015044692269147202,31204.6875,23679.847710406804,2.1871855250593772,5.522392176009119,3.7335135485973217,16.932250776411173,12.112931195080318,14.173820536562141,56.248747235568075
924.063,924.188,USV_1058,0.125,1.0,133.95299999999997,True,810.7837,944.7366999999999,113.27930000000003,-20.67369999999994,0.008309097029268742,0.025231186224489797,16218.93407050834,14999.993718137213,0.0001380701281609135,31463.647959183672,25751.96726343624,2.245616530713158,6.133617505313074,5.003988551810789,19.012754785307166,13.229923799670846,15.736960514609141,60.37064137097502
924.264,924.319,USV_1059,0.05499999999994998,1.0,133.95299999999997,True,810.7837,944.7366999999999,113.48030000000006,-20.472699999999918,0.008435599505901337,0.026982846467391304,16929.589475429613,15964.228855441675,0.00014015443212273202,31716.032608695652,22459.26252669619,2.858108799243971,5.429816534972847,6.259756278912705,18.171386802557294,11.818013039379043,13.797379906136516,57.8908726792307
924.383,924.404,USV_1060,0.020999999999958163,1.0,133.95299999999997,True,810.7837,944.7366999999999,113.59930000000008,-20.35369999999989,0.00845254771411419,0.022216796875,16917.508474082293,15764.547822838422,7.40238152479681e-05,31087.5,25135.23825447329,1.6219269837852934,3.090076247998179,5.3824548265674625,16.294946238780295,10.713828524072452,13.171231218666275,50.709702010562154
924.436,924.458,USV_1061,0.021999999999934516,1.0,133.95299999999997,True,810.7837,944.7366999999999,113.65230000000008,-20.300699999999892,0.01181707065552473,0.00790127840909091,15051.352837941637,17245.60895895333,8.511396789554337e-05,30357.954545454544,24822.083482915,2.369029003816686,7.537922771879217,4.950595701166829,15.0815989051934,10.72605870493745,14.24859051279771,49.04184989775733
924.581,924.617,USV_1062,0.03599999999994452,1.0,133.95299999999997,True,810.7837,944.7366999999999,113.79730000000006,-20.15569999999991,0.012174338102340698,0.0095977783203125,15486.895465490677,17951.779487516666,0.00022180448797388513,32162.109375,25560.74598687912,2.735161549567852,6.015735466639388,4.169627702267352,16.05450758412707,11.776117973084919,13.977826911218722,52.695414855426876
924.925,924.985,USV_1063,0.06000000000005912,1.0,133.95299999999997,True,810.7837,944.7366999999999,114.1413,-19.811699999999973,0.006249376107007265,0.03490234375,17104.88026948254,15994.917810893348,0.0006865151542736137,32058.75,21952.684921142507,1.7649721424216835,7.641458214600627,5.340651067446211,17.200425609504517,11.963238251920725,15.108318173382989,57.77547548169706
925.093,925.163,USV_1064,0.07000000000005002,1.0,133.95299999999997,True,810.7837,944.7366999999999,114.30930000000001,-19.643699999999967,0.00850431527942419,0.029296875,15377.421571370682,14974.255956201185,3.595108492302087e-05,30539.870689655174,20503.62290773556,1.881612977183092,6.604174115997055,5.414952892377933,16.247939895662793,10.848143101698271,14.762818479622096,58.70666152869029
925.29,925.309,USV_1065,0.019000000000005457,1.0,133.95299999999997,True,810.7837,944.7366999999999,114.50630000000001,-19.446699999999964,0.00888083316385746,0.0241455078125,16218.365525288056,18879.96185607854,0.00024140940304725797,31425.0,21511.071584300986,1.547956542766228,4.630329268052128,5.411536930931729,15.611695753287568,8.220514277976623,13.801413200557096,47.23421726324272
925.82,925.841,USV_1066,0.020999999999958163,1.0,133.95299999999997,True,810.7837,944.7366999999999,115.0363000000001,-18.916699999999878,0.00872289203107357,0.014404296875,17064.54832603502,16225.576253665267,0.00012544341569743333,31396.875,24717.41617503593,2.597452054600631,3.4606061263272636,5.756759072265128,15.345357481157786,11.453280417080608,13.700507731764642,50.824422199255125
926.275,926.293,USV_1067,0.018000000000029104,1.0,133.95299999999997,True,810.7837,944.7366999999999,115.49130000000002,-18.46169999999995,0.004618320148438215,0.051567925347222224,18976.102405859514,17024.474007250294,0.0002992501852513677,33177.083333333336,25918.923579518843,1.4674629721654926,4.518953755021411,5.054333887804242,16.65239933582232,10.66845143990377,15.258967165322964,49.23122909673344
926.489,926.584,USV_1068,0.0949999999999136,1.0,133.95299999999997,True,810.7837,944.7366999999999,115.70530000000008,-18.247699999999895,0.010001500137150288,0.039396587171052634,15941.023015212446,12927.461413083234,1.264124976173351e-05,28768.91447368421,23599.902408839458,2.488199137660199,7.145835158463174,7.7073349602287635,17.277535120924494,12.07453604006993,15.252933291978295,61.66743546105888
927.705,927.72,USV_1069,0.014999999999986358,1.0,133.95299999999997,True,810.7837,944.7366999999999,116.92130000000009,-17.031699999999887,0.007738620042800903,0.020904541015625,17230.872753521362,20659.06997627535,0.0006163772835043881,31464.84375,19859.95802812033,2.2466494691813246,5.4160712840011715,4.57927532771585,14.497584924472271,11.988911070770595,14.0249273560069,44.09648130043816
927.874,927.896,USV_1070,0.021999999999934516,1.0,133.95299999999997,True,810.7837,944.7366999999999,117.09030000000007,-16.862699999999904,0.007662652060389519,0.028031782670454544,16339.835697232937,17306.668168348533,0.00039447317067547105,29812.5,17708.922833953773,2.420255510096929,5.529633471133549,4.381445187431336,16.564256276106562,11.271266940793451,13.60147023030197,51.42919860162039
928.3,928.342,USV_1071,0.04200000000003001,1.0,133.95299999999997,True,810.7837,944.7366999999999,117.5163,-16.436699999999973,0.010034306906163692,0.022298177083333332,15808.945393552109,16326.954930184875,0.0001052386930336811,30718.75,20902.623560699118,1.9026095496931932,6.618021309752048,5.679283946890111,18.617645805602056,9.684017207006685,15.374618857296806,55.6397828303104
928.847,928.889,USV_1072,0.04200000000003001,1.0,133.95299999999997,True,810.7837,944.7366999999999,118.06330000000003,-15.889699999999948,0.0084184929728508,0.015028211805555556,16607.92007319212,17239.330769315704,0.0003145727267570644,33364.583333333336,22399.980808484866,2.350641942442265,5.923870367775169,5.658948490680812,16.336967863309848,11.665560394949154,14.340414208015277,55.35980892876098
928.938,928.993,USV_1073,0.055000000000063665,1.0,133.95299999999997,True,810.7837,944.7366999999999,118.15430000000003,-15.79869999999994,0.009429460391402245,0.037809952445652176,16671.786747500533,15019.69820373484,0.00020365382657553006,29417.119565217392,20305.973691795276,2.6379937819014883,5.343361444946111,6.225102109313642,15.890315748620095,10.92200604114411,14.77505740079937,59.50460631090577
929.105,929.185,USV_1074,0.07999999999992724,1.0,133.95299999999997,True,810.7837,944.7366999999999,118.32130000000006,-15.63169999999991,0.007719072978943586,0.0555267333984375,16653.2134913798,13353.33584915993,4.1212673383031875e-05,28549.8046875,23841.256348636685,2.5523729387651075,5.334328967649675,5.204756493932421,18.388506039001236,11.333720809948726,15.985729320096345,63.27255618343145
929.476,929.527,USV_1075,0.051000000000044565,1.0,133.95299999999997,True,810.7837,944.7366999999999,118.69230000000005,-15.260699999999929,0.007645031902939081,0.024125532670454544,16622.161928692967,17177.12405066572,0.0007956433328155488,32428.977272727272,17590.11124442651,2.4736367987587453,5.2980450223653435,7.272247850529403,16.835044758912908,10.307561746835633,14.386403561769846,57.00744504987845
929.682,929.727,USV_1076,0.04499999999995907,1.0,133.95299999999997,True,810.7837,944.7366999999999,118.89830000000006,-15.054699999999912,0.00800418108701706,0.01567639802631579,16234.140822944311,16820.334299309696,0.0001819997557438306,31485.197368421053,20256.980170577164,2.7563941788283954,3.866295010800304,6.097924491966279,16.144006376965997,12.61011011752566,14.06800252507925,55.528624790368426
929.793,929.81,USV_1077,0.016999999999939064,1.0,133.95299999999997,True,810.7837,944.7366999999999,119.00930000000005,-14.943699999999922,0.009628985077142715,0.011501736111111112,18205.211375146257,19448.018166129874,0.00039268589278468205,31656.25,22405.565953766505,2.4254095210452156,3.7913279878930197,5.494875339180585,14.480800218540017,9.815360603402317,15.411608006473251,48.09013121945456
929.845,929.873,USV_1078,0.02800000000002001,1.0,133.95299999999997,True,810.7837,944.7366999999999,119.06130000000007,-14.8916999999999,0.007369081024080515,0.029353215144230768,15870.439546579139,15222.100277660598,0.00017027830257178213,28615.384615384617,18914.841042410822,2.2872496517275342,5.794623038127967,5.588379474682167,16.304060878412315,11.043870250297665,13.472095761806246,54.90426021897627
930.006,930.041,USV_1079,0.035000000000081855,1.0,133.95299999999997,True,810.7837,944.7366999999999,119.22230000000002,-14.730699999999956,0.006792428903281689,0.0458831787109375,16992.763925579726,15305.69051757489,0.0006223411040520959,29865.234375,15333.51493568554,1.5897398817476942,5.795559303520256,4.163459607584425,15.781740361132837,11.31235961695118,13.6824703897443,57.81379399851938
931.026,931.053,USV_1080,0.027000000000043656,1.0,133.95299999999997,True,810.7837,944.7366999999999,120.2423,-13.710699999999974,0.0070635369047522545,0.014197716346153846,17420.370100523593,20769.27674453674,0.0006931030452899204,34572.11538461538,20001.35494362322,2.1003770369819614,4.606473895572328,4.915544875091481,15.606145381750014,11.374215190535752,14.610304487761669,50.19318952837792
931.085,931.115,USV_1081,0.029999999999972715,1.0,133.95299999999997,True,810.7837,944.7366999999999,120.30130000000008,-13.651699999999892,0.011255748569965363,0.004324776785714286,15187.263724112767,18905.69956612675,0.00021473653815840907,30602.678571428572,18366.861512930125,2.60923782447079,6.180112106445583,5.419385509281796,15.315460324070065,10.121801844977782,14.285251254424633,50.458841558177674
931.526,931.546,USV_1082,0.020000000000095497,1.0,133.95299999999997,True,810.7837,944.7366999999999,120.7423,-13.210699999999974,0.010068850591778755,0.0125,17632.27522555191,17323.239702167182,0.00023656335351130955,30553.125,17602.139971648525,2.5009212409944555,3.996051382436486,5.406289513371642,15.710759542119607,9.829302711090431,15.46321471380455,51.27373338898396
931.586,931.633,USV_1083,0.047000000000025466,1.0,133.95299999999997,True,810.7837,944.7366999999999,120.80230000000006,-13.150699999999915,0.007790394127368927,0.0253662109375,16099.954678022204,15943.564850706054,8.043895126712065e-05,31565.625,21257.724622589867,2.617152361969392,5.853100872176432,4.950533933141759,15.620420319701918,10.906455139266688,14.13232292448339,56.29048525115981
931.733,931.741,USV_1084,0.008000000000038199,1.0,133.95299999999997,True,810.7837,944.7366999999999,120.9493,-13.00369999999998,0.007697427179664373,0.01162109375,17766.522616372524,19557.425223734754,0.00015862821118513775,31518.75,22960.376024233155,2.2909377665317545,5.3595475697252954,7.997312426403264,13.304597845769226,9.450493929596643,14.55583018736289,36.35362992027896
932.182,932.203,USV_1085,0.020999999999958163,1.0,133.95299999999997,True,810.7837,944.7366999999999,121.39830000000006,-12.554699999999912,0.006079093553125858,0.024365234375,16749.4190939832,16770.088911860854,0.00026808639041438307,31996.875,21509.81841705738,1.9989002186156202,6.535518309587443,4.272987478253683,14.920494517782299,13.065708556377365,13.700531039333475,50.382278847145585
932.379,932.393,USV_1086,0.014000000000010004,1.0,133.95299999999997,True,810.7837,944.7366999999999,121.59530000000007,-12.357699999999909,0.010895304381847382,0.01220703125,19149.03114014055,18874.224971364994,0.00020739896929467138,31593.75,22463.98495742384,2.2273388751812933,4.062129933418548,6.471860092744179,13.393782750147087,11.413759952695159,12.084309027563384,46.66053443650655
932.425,932.491,USV_1087,0.06600000000003092,1.0,133.95299999999997,True,810.7837,944.7366999999999,121.6413,-12.311699999999973,0.00954155158251524,0.018165870949074073,15013.62599050696,15766.515077526921,9.93990824721956e-05,30677.083333333332,24016.60904534345,2.504523555704939,4.8956712623960135,6.228223163191914,16.76812994448143,12.634606029577974,15.461316073958578,56.5150818836409
932.609,932.624,USV_1088,0.014999999999986358,1.0,133.95299999999997,True,810.7837,944.7366999999999,121.82530000000008,-12.12769999999989,0.011703718453645706,0.0181884765625,19344.343215310313,20679.65782656974,0.0006191675239514275,33949.21875,23408.3222745749,2.2789732464194863,6.7574939603311375,5.738003969768767,15.558613756178081,9.10329590458461,14.516798043115752,45.49426489905518
932.898,932.928,USV_1089,0.029999999999972715,1.0,133.95299999999997,True,810.7837,944.7366999999999,122.11430000000007,-11.838699999999903,0.012751261703670025,0.020002092633928572,17096.208245856305,13396.843031556753,4.887043018841114e-05,29444.196428571428,25032.483089445424,2.5471201632419374,5.110092139895465,5.375289209315712,17.532920059005864,14.502723042280701,16.42317669660066,58.277381798509666
933.016,933.062,USV_1090,0.04600000000004911,1.0,133.95299999999997,True,810.7837,944.7366999999999,122.23230000000001,-11.720699999999965,0.008063828572630882,0.02327880859375,16675.793020571662,16044.853750109576,0.000387211020209181,31851.5625,22638.23110525153,2.3357220777272136,6.556973170331927,6.288066645075111,15.562517757826779,11.865019866810567,14.170775325035033,56.20767358781186
933.166,933.25,USV_1091,0.08399999999994634,1.0,133.95299999999997,True,810.7837,944.7366999999999,122.3823000000001,-11.570699999999874,0.009317804127931595,0.017757640165441176,15458.078022659109,15156.430819806432,0.0001807452361534966,30774.816176470587,16927.400676878475,2.606218312850155,4.751705727968655,4.975642321799807,16.473341836564106,13.103399646610924,15.352955470718868,59.34153383174786
933.402,933.456,USV_1092,0.053999999999973625,1.0,133.95299999999997,True,810.7837,944.7366999999999,122.61830000000009,-11.334699999999884,0.009586471132934093,0.029031504755434784,17277.05604591961,16531.07101567302,0.0002459436080446114,33199.72826086957,23576.126231722123,2.0169623135092154,5.155637995865625,7.307423493951209,18.299653846445295,11.70280574003811,15.371906434689784,57.68021781667241
934.256,934.273,USV_1093,0.01700000000005275,1.0,133.95299999999997,True,810.7837,944.7366999999999,123.47230000000002,-10.480699999999956,0.011448513716459274,0.022216796875,19852.73513492392,16989.456394491783,0.0001611645426132518,33958.333333333336,28994.316531209923,1.9709467231381181,5.982483202426609,5.5856695802441525,17.43528655407978,12.214117638155033,11.972255849454525,48.539726315144286
934.342,934.436,USV_1094,0.09400000000005093,1.0,133.95299999999997,True,810.7837,944.7366999999999,123.55830000000003,-10.394699999999943,0.008314326405525208,0.024561831825657895,16975.963279493375,15070.224677580862,0.00010445845280010792,32859.375,25010.14660941827,2.861824640351491,6.482691892690964,4.779607863703039,16.492148595834472,11.986217802165653,14.304957545577466,58.93901387795911
935.119,935.196,USV_1095,0.07699999999999818,1.0,133.95299999999997,True,810.7837,944.7366999999999,124.33530000000007,-9.6176999999999,0.009122839197516441,0.027162613407258066,14672.15671716678,14619.28951877618,0.00011149522359746922,29364.91935483871,22215.805682405084,2.8298123248661744,3.947949534848317,5.8566846974640026,16.7729794765592,10.304047250628672,17.407795296700495,59.695002959191854
935.747,935.781,USV_1096,0.033999999999991815,1.0,133.95299999999997,True,810.7837,944.7366999999999,124.9633,-8.98969999999997,0.004946916829794645,0.04208984375,18082.148191626115,14837.151005933407,4.440635116203889e-05,33793.75,24028.1021383667,3.06181120501525,4.056756002281889,5.426904588857081,19.326785905812226,12.854211867235769,15.058092409684745,57.422562853017965
936.369,936.475,USV_1097,0.10599999999999454,1.0,133.95299999999997,True,810.7837,944.7366999999999,125.58530000000007,-8.3676999999999,0.007306848186999559,0.03724888392857143,16444.79456954496,14721.628946016686,8.253045491723048e-05,30752.23214285714,21063.627556755877,2.48492439498882,5.111658597501599,5.142312307522997,16.5284290571998,11.38943446805939,14.726708394671924,61.65319906695803
936.589,936.641,USV_1098,0.05199999999990723,1.0,133.95299999999997,True,810.7837,944.7366999999999,125.8053000000001,-8.147699999999872,0.010953719727694988,0.050126509232954544,17080.40136185686,15275.097824013,0.00035479225158255084,28235.795454545456,23740.796376825227,2.515843162693812,5.6983330718891985,4.706844453049336,16.86821311309235,11.420442277112887,15.64479900949476,59.91099528452969
936.771,936.829,USV_1099,0.057999999999992724,1.0,133.95299999999997,True,810.7837,944.7366999999999,125.9873,-7.96569999999997,0.010575607419013977,0.0228271484375,16357.219829154636,16089.406402001527,0.00015355906061144061,32582.03125,26623.704336772218,2.750595792578062,7.239442405379777,5.314954976556499,16.51235873862126,12.173019676266625,16.199610766077956,58.08733183758954
937.076,937.158,USV_1100,0.08199999999999363,1.0,133.95299999999997,True,810.7837,944.7366999999999,126.29230000000007,-7.660699999999906,0.007887796498835087,0.034431226325757576,17208.506833146996,15140.245735939901,5.720343483524314e-05,31758.522727272728,23959.566532471657,1.9969482202818278,6.768539382557232,5.43797196534071,16.59866027790094,10.702977115375779,16.288927551194234,60.14199176137045
937.274,937.309,USV_1101,0.03499999999996817,1.0,133.95299999999997,True,810.7837,944.7366999999999,126.49030000000005,-7.462699999999927,0.008295104838907719,0.03933919270833333,16485.441319359306,15830.103135409487,0.00014887231897094398,29843.75,22881.0909317597,1.950334329209668,6.15355104393297,6.156977485020335,14.106097468083549,11.959646854265038,14.072035577184469,57.7437573782465
938.007,938.016,USV_1102,0.009000000000014552,1.0,133.95299999999997,True,810.7837,944.7366999999999,127.2233,-6.72969999999998,0.007258900906890631,0.028238932291666668,17869.090822019814,19227.634840315015,0.00037574239602217565,30484.375,20985.48399529621,0.9701746100207171,5.47556202628494,5.149950951721438,13.081942367568027,9.959171614332726,14.709486696342656,39.66721258961419
938.047,938.116,USV_1103,0.06899999999995998,1.0,133.95299999999997,True,810.7837,944.7366999999999,127.26330000000007,-6.6896999999999025,0.007332478649914265,0.025312151227678572,14991.760991132329,15093.293535525392,0.0001093221591242419,31205.35714285714,17371.079569385165,2.358464261883783,4.795311363160386,5.437629553662917,16.706024616128367,12.662972152399425,16.005582738942667,58.50913530833362
938.246,938.317,USV_1104,0.07100000000002638,1.0,133.95299999999997,True,810.7837,944.7366999999999,127.46230000000003,-6.490699999999947,0.010867690667510033,0.016382677801724137,14772.185287983446,14340.670919337037,5.718861677605348e-05,28396.55172413793,19418.33375448827,2.8604186742961084,5.032856389760753,4.877226416729065,16.55619306791721,10.918258194435198,14.83809305371825,59.57941663338059
938.431,938.508,USV_1105,0.07699999999999818,1.0,133.95299999999997,True,810.7837,944.7366999999999,127.64730000000009,-6.305699999999888,0.01168850902467966,0.058192099294354836,16996.90477546565,13914.875573805317,7.571078470736008e-05,28545.362903225807,25025.321920654726,2.5783963221036994,6.397029820596909,5.7250554128194695,16.704778624006988,11.26092624575619,16.58785595462751,62.0511951786617
938.602,938.654,USV_1106,0.05200000000002092,1.0,133.95299999999997,True,810.7837,944.7366999999999,127.81830000000002,-6.1346999999999525,0.007550476584583521,0.047185724431818184,17293.258241479805,14577.70008540174,0.0003327554377013259,29714.488636363636,18701.322526988,1.9688740042914838,6.261180120752335,5.871816209359824,15.990124909088381,10.819305988721382,15.476831556947959,59.40814445207766
938.784,938.85,USV_1107,0.06600000000003092,1.0,133.95299999999997,True,810.7837,944.7366999999999,128.00030000000004,-5.952699999999936,0.009312756359577179,0.04813187210648148,17381.24238788455,14316.880886723868,0.0001237182660721393,30291.666666666668,21482.557487915346,2.021745064539942,5.636996351696778,5.68896345758007,16.711625042310246,11.45902451042904,14.081331205961929,61.10095106177387
938.955,938.986,USV_1108,0.03099999999994907,1.0,133.95299999999997,True,810.7837,944.7366999999999,128.1713000000001,-5.781699999999887,0.010773099958896637,0.010881696428571428,15838.429796015307,18306.210240699584,0.00021936910944526095,30060.26785714286,23774.6292355113,2.6180670248178175,4.6411165224480495,5.402137301215987,16.23769582550363,11.478939528415788,13.016547853822411,52.50068057933063
939.929,939.96,USV_1109,0.031000000000062755,1.0,133.95299999999997,True,810.7837,944.7366999999999,129.14530000000002,-4.807699999999954,0.007819762453436852,0.025477818080357144,15700.884973651571,15251.166529248077,0.00024983789913903215,29450.89285714286,16386.309520383315,3.290601903606311,5.051692407578234,5.001806218140741,17.04279717968865,11.554569009015628,13.543440696773201,55.40947857890603
940.424,940.454,USV_1110,0.029999999999972715,1.0,133.95299999999997,True,810.7837,944.7366999999999,129.64030000000002,-4.31269999999995,0.011252256110310555,0.03705705915178571,17701.88975352838,17408.936064439178,0.0005254535796356798,30676.339285714286,23931.051482355073,2.667551776406729,6.54387149471354,5.288299289500906,14.49958345637739,10.394856271559375,15.38880178850105,54.13625831018478
940.566,940.628,USV_1111,0.06200000000001182,1.0,133.95299999999997,True,810.7837,944.7366999999999,129.78230000000008,-4.170699999999897,0.008818784728646278,0.032395582932692304,15975.65063916144,14520.471764879736,0.00014961158622867461,29033.653846153848,16719.92101599191,2.3003772780502194,5.217644534344789,4.954737953555344,17.1562609929023,10.678033781290555,14.336117028018284,60.61445652239103
940.721,940.812,USV_1112,0.09100000000000819,1.0,133.95299999999997,True,810.7837,944.7366999999999,129.93730000000005,-4.015699999999924,0.009747913107275963,0.048775337837837836,16291.234459901958,13331.811096622114,0.00018636350122039317,28677.364864864863,15892.754893057212,2.564763680519953,4.883252989037439,5.459474580352926,17.92788616678507,10.512151819344112,14.758369859258963,63.26173244416722
940.896,940.99,USV_1113,0.09400000000005093,1.0,133.95299999999997,True,810.7837,944.7366999999999,130.1123,-3.84069999999997,0.010279475711286068,0.03831080386513158,16059.256790884458,13361.739172914775,3.878347876684859e-05,29333.88157894737,18365.50874935145,2.459386432746056,6.805050557160519,4.544847276522677,17.585752790306433,11.289999488656731,14.91412988339476,62.237164327675444
941.057,941.126,USV_1114,0.06899999999995998,1.0,133.95299999999997,True,810.7837,944.7366999999999,130.27330000000006,-3.6796999999999116,0.008702714927494526,0.029549734933035716,16697.178024897752,14577.64617621333,9.681840485934803e-05,30525.66964285714,17573.94982572709,2.643100771392518,4.809581210301107,4.6962165658988075,15.978985039051329,11.917188994961142,14.570709001069348,60.84041181354759
941.189,941.259,USV_1115,0.07000000000005002,1.0,133.95299999999997,True,810.7837,944.7366999999999,130.4053,-3.5476999999999634,0.00799702201038599,0.021433863146551723,15889.367935119999,16455.430852225196,8.996865638494616e-05,32350.21551724138,22142.510618923152,2.3721262073365157,6.577227026608065,4.881568610885264,16.579214442770358,11.702743139242974,15.819248504225005,58.413600746705875
941.342,941.438,USV_1116,0.09600000000000364,1.0,133.95299999999997,True,810.7837,944.7366999999999,130.55830000000003,-3.3946999999999434,0.008038184605538845,0.027748509457236843,16654.528719225254,14852.953524107987,5.380867916697097e-05,31253.28947368421,21276.813184740513,2.764772052149945,6.042467996524382,5.6570985986089495,17.604426009853157,12.348329560017483,15.281792261764465,60.52454385659388
942.119,942.134,USV_1117,0.014999999999986358,1.0,133.95299999999997,True,810.7837,944.7366999999999,131.33530000000007,-2.6176999999998998,0.006602007895708084,0.033782958984375,18030.85462295136,17272.06874126933,0.0002741030067894433,32882.8125,27034.499880109957,1.5248303267317929,4.66085099978514,4.497507495990852,16.290179028211007,12.477615435963944,14.349019370717148,46.633924064832115
942.362,942.38,USV_1118,0.018000000000029104,1.0,133.95299999999997,True,810.7837,944.7366999999999,131.5783,-2.3746999999999616,0.010440642014145851,0.013400607638888888,15463.90390005603,17562.182135262658,0.00010741158902862495,29947.916666666668,21544.002373932755,4.9120641489986605,7.357114302169127,4.824006305670803,14.903244007708228,11.846759670106113,15.863747391254341,46.396529952589546
942.504,942.622,USV_1119,0.11799999999993815,1.0,133.95299999999997,True,810.7837,944.7366999999999,131.72030000000007,-2.232699999999909,0.00862948503345251,0.03556141954787234,16998.39374061585,15439.959349157643,0.00010678559088059084,31855.05319148936,21755.578992435334,2.1467113383705345,5.354346332257493,5.458374610932095,16.91217328313895,12.088140918399244,14.306110954937585,60.914823160519276
942.687,942.775,USV_1120,0.08799999999996544,1.0,133.95299999999997,True,810.7837,944.7366999999999,131.90330000000006,-2.049699999999916,0.008437974378466606,0.029861886160714286,16451.169385223322,14834.396088151965,5.832792730883522e-05,31725.0,21115.725307071843,2.1962599344371987,7.082572349634752,6.042071624072393,16.86561059956257,12.367926853875314,15.282351420748581,59.8849237438465
942.827,942.877,USV_1121,0.049999999999954525,1.0,133.95299999999997,True,810.7837,944.7366999999999,132.04330000000004,-1.9096999999999298,0.007629056926816702,0.03578404017857143,16881.501657396595,14998.300669506643,0.00013083037008697056,32410.714285714286,20699.428209091395,1.3376865605001778,4.6994068485071585,6.023668078174644,16.77279794441173,11.6171706835619,13.773099927210467,57.651237908033124
943.003,943.06,USV_1122,0.056999999999902684,1.0,133.95299999999997,True,810.7837,944.7366999999999,132.2193000000001,-1.7336999999998852,0.007553787436336279,0.031575520833333336,17028.686050474058,15478.500875754444,5.212950678192321e-05,33218.75,21102.59981993782,2.2103457204303,4.3849023647777825,6.2345384315609635,19.30369019085754,12.076928273041972,15.24147518194461,59.59442298173627
943.149,943.215,USV_1123,0.06600000000003092,1.0,133.95299999999997,True,810.7837,944.7366999999999,132.36530000000005,-1.587699999999927,0.008926454931497574,0.02082429108796296,16898.497363656883,17151.945035263532,0.00015093572607152004,33034.72222222222,25440.87539155956,2.583466681237908,6.233826303626631,6.396275909426941,17.949081403726108,12.150951650873438,14.373756919843101,58.131204196950485
943.305,943.359,USV_1124,0.05400000000008731,1.0,133.95299999999997,True,810.7837,944.7366999999999,132.5213,-1.431699999999978,0.00933549739420414,0.017387058423913044,15965.756597629206,15551.147644326506,0.0001295780747967212,31887.228260869564,23430.969518165635,2.1390857210796312,5.216990273970266,5.062140105344969,16.998856511833022,11.327539232254619,14.633045267769933,57.100904233601774
943.606,943.671,USV_1125,0.06500000000005457,1.0,133.95299999999997,True,810.7837,944.7366999999999,132.82230000000004,-1.1306999999999334,0.009021174162626266,0.030463324652777776,16689.701860314137,15734.462259447408,0.0004895946173353372,31767.36111111111,24418.857643021103,2.7252209136577,3.781132444639553,5.800962552653568,13.447085699182688,11.20281604164172,14.448265912807367,58.93209557613165
943.716,943.775,USV_1126,0.05899999999996908,1.0,133.95299999999997,True,810.7837,944.7366999999999,132.93230000000005,-1.0206999999999198,0.010482867248356342,0.036234537760416664,16236.62916644031,13959.868288317528,4.4060045702265386e-05,29871.09375,18618.872315529337,2.320310390909277,5.183572354458746,5.20159235901069,17.50721546441859,11.483452677975995,14.246351777008456,61.04445455576985
943.914,943.948,USV_1127,0.033999999999991815,1.0,133.95299999999997,True,810.7837,944.7366999999999,133.13030000000003,-0.8226999999999407,0.0066805677488446236,0.037353515625,17549.35945586335,16000.784322459296,0.00027243904825453456,32262.5,22640.19031793877,3.3857630531846357,4.573555481592974,4.1098388615561845,16.046538920102986,10.64638031866229,12.718201139216752,54.17499762286068
944.031,944.148,USV_1128,0.11700000000007549,1.0,133.95299999999997,True,810.7837,944.7366999999999,133.2473,-0.7056999999999789,0.00942708645015955,0.023591414741847828,15289.622284700932,14436.898406328717,1.473137654864798e-05,30847.82608695652,22137.99598765298,2.5267913105305078,5.959008299441365,5.8879261259936015,16.765413420595983,12.53296332019231,15.192695084492541,59.83164080087182
944.219,944.285,USV_1129,0.06599999999991724,1.0,133.95299999999997,True,810.7837,944.7366999999999,133.4353000000001,-0.517699999999877,0.0111842080950737,0.05408166956018518,17946.009624871487,14133.117904631361,0.00011012748435982168,30534.722222222223,18819.640812066566,2.2229119559931614,5.34420315230087,5.345262481231456,16.740354739810133,10.941078808935046,14.007805599742655,62.192173488153145
945.056,945.187,USV_1130,0.1309999999999718,1.0,133.95299999999997,False,810.7837,944.7366999999999,134.2723000000001,0.31930000000011205,0.010517125017940998,0.03288717830882353,15296.541826255547,13337.26137374219,8.22755579316557e-06,30233.45588235294,22921.921881736333,2.8942430919764615,4.347694680378902,5.994940789370223,17.781655455336537,11.252133389973226,15.053732821037837,62.92546523162618
945.222,945.261,USV_1131,0.03899999999998727,1.0,133.95299999999997,False,810.7837,944.7366999999999,134.43830000000003,0.485300000000052,0.0070528001524508,0.02852136948529412,15777.635019010271,14411.442399718617,2.753798953816207e-05,31312.5,23770.775075033012,2.8639283610794557,4.057501251355603,5.847472822234311,18.302252288073518,10.767501844516117,15.867589765151124,59.33205348470368
945.303,945.396,USV_1132,0.09299999999996089,1.0,133.95299999999997,False,810.7837,944.7366999999999,134.51930000000004,0.5663000000000693,0.010949674993753433,0.01953784839527027,14439.022627034681,14510.497588127415,7.370630323459522e-05,29303.20945945946,18314.530127671336,2.8745234332228904,4.389398926985544,5.47301436858852,17.669938006654778,12.302118300091951,15.312110777608513,60.713621816552156
945.431,945.581,USV_1133,0.14999999999997726,1.0,133.95299999999997,False,810.7837,944.7366999999999,134.6473000000001,0.694300000000112,0.009967566467821598,0.020300913665254237,15592.9243237172,14933.213778602107,5.351106560942683e-05,31225.10593220339,24820.88386337603,2.61595302585437,6.104993686281966,5.241307822212876,16.991350467887823,11.993756543602423,14.885666868665831,60.79335798583463
945.627,945.687,USV_1134,0.06000000000005912,1.0,133.95299999999997,False,810.7837,944.7366999999999,134.8433,0.8903000000000247,0.007899148389697075,0.03056640625,15582.744324314875,15436.063172196573,0.00011382513330176892,31601.25,20263.31390779563,2.743605188579424,4.451427836217084,4.626507606683803,17.527747222729573,10.150793966384592,15.329075192558326,58.41820121870663
946.069,946.077,USV_1135,0.008000000000038199,1.0,133.95299999999997,False,810.7837,944.7366999999999,135.2853,1.332300000000032,0.01131829060614109,0.0140625,15607.966096747123,19569.270366422432,0.0005970163796131184,26850.0,15024.438521306229,2.2776203902791625,5.378185326980137,6.042505616698277,15.578687479617823,9.373410127900868,13.41826833032103,38.2905445284221
946.124,946.137,USV_1136,0.012999999999919964,1.0,133.95299999999997,False,810.7837,944.7366999999999,135.34030000000007,1.3873000000000957,0.011682885698974133,0.029366629464285716,16476.275108279235,15769.025296803124,0.0005555863541043472,26812.5,14926.080291869841,2.345509010714157,3.1574913713559254,5.82659290517272,16.009832864436504,10.486994393893758,12.236370203904707,47.867475925236
946.489,946.603,USV_1137,0.11399999999991905,1.0,133.95299999999997,False,810.7837,944.7366999999999,135.70530000000008,1.7523000000001048,0.013320263475179672,0.01818576388888889,11242.972266174864,14135.58161068399,8.657385688004537e-05,27093.75,28090.341570532968,2.684825227469697,2.1551368498085144,4.746161693038798,20.13417976882867,11.80823064683369,15.087315734292181,60.106128699522614
946.677,946.783,USV_1138,0.10599999999999454,1.0,133.95299999999997,False,810.7837,944.7366999999999,135.89330000000007,1.940300000000093,0.008185409009456635,0.022373744419642856,15035.365129594511,15344.258519903726,0.00010756653425818272,31497.76785714286,24240.653008385416,2.2781925275342614,5.0711819399750855,6.384210584645109,18.166920858762666,11.730934551027989,16.11225543924856,59.739944900270544
946.909,946.917,USV_1139,0.008000000000038199,1.0,133.95299999999997,False,810.7837,944.7366999999999,136.12530000000004,2.172300000000064,0.01057522464543581,0.030322265625,19658.063496140363,21821.727031632203,0.00043241563228741943,31537.5,24442.899970411625,2.0734083174480484,3.949613842021269,5.769042572103018,12.580310253109673,8.292265925436705,13.199692106563145,34.86488384531369
947.046,947.143,USV_1140,0.09699999999997999,1.0,133.95299999999997,False,810.7837,944.7366999999999,136.2623000000001,2.309300000000121,0.008099106140434742,0.028514372996794872,16150.340287151726,15336.29429802944,0.00016054668650561247,31620.19230769231,25006.28680580242,2.7398421287866226,4.9991777316022485,5.505076869153362,16.508107492839688,11.809493024021856,14.692768695598215,59.4921401796248
947.214,947.227,USV_1141,0.012999999999919964,1.0,133.95299999999997,False,810.7837,944.7366999999999,136.4303000000001,2.4773000000001275,0.00708374846726656,0.020228794642857144,18611.622239935423,18296.3726529058,0.0010061240827598775,33549.107142857145,26357.789347735023,2.256852846480895,7.158771851554174,4.719883436248821,16.715839788819117,9.541039423537049,13.725332177273588,44.79096126843238
947.888,947.913,USV_1142,0.024999999999977263,1.0,133.95299999999997,False,810.7837,944.7366999999999,137.10430000000008,3.1513000000001057,0.007518805097788572,0.033711751302083336,18081.763724619435,20852.81625088245,0.000951940501645039,34648.4375,24565.262676378366,2.1019681182133625,3.273541720131229,6.027020058263383,15.09241232093225,10.286424754552113,12.706400241786588,49.25518254193855
948.18,948.268,USV_1143,0.08800000000007913,1.0,133.95299999999997,False,810.7837,944.7366999999999,137.3963,3.443300000000022,0.012111893855035305,0.02391880580357143,14969.681641266365,14313.846625354096,9.20264261936445e-05,29630.35714285714,25198.548429726183,2.5676109245606433,4.7686903629599655,6.1880621052235645,17.147451648996018,13.264123408085341,15.605596199301337,60.84079118349473
948.361,948.503,USV_1144,0.14200000000005275,1.0,133.95299999999997,False,810.7837,944.7366999999999,137.57730000000004,3.624300000000062,0.009230208583176136,0.03480747767857143,15896.327054209858,14185.497085784413,0.00010855153318390527,30172.433035714286,22765.5912632676,1.8474293740441183,6.045492028756658,7.772137362085448,18.801280504434164,11.807187763927358,15.285287835712543,60.88709914573307
948.538,948.656,USV_1145,0.11799999999993815,1.0,133.95299999999997,False,810.7837,944.7366999999999,137.75430000000006,3.801300000000083,0.008084828034043312,0.02574384973404255,15473.783715888372,15196.802856542176,7.154788436566829e-05,31286.56914893617,19678.43813353515,2.5838640890764086,5.351582696227879,5.5288670129686475,17.384355641681758,11.330683880776567,14.546498537870434,59.018491186849474
948.701,948.811,USV_1146,0.11000000000001364,1.0,133.95299999999997,False,810.7837,944.7366999999999,137.91730000000007,3.964300000000094,0.009800943545997143,0.033708052201704544,15569.547902608962,14266.125779559394,6.277862952368999e-05,30136.363636363636,23135.54221144094,2.833428625666795,4.4900412816531485,5.0838372639275775,16.898229598673982,11.059364606689222,14.766246179119925,60.87430817955783
949.169,949.224,USV_1147,0.055000000000063665,1.0,133.95299999999997,False,810.7837,944.7366999999999,138.38530000000003,4.432300000000055,0.009009120054543018,0.03749150815217391,16835.366233769226,14209.399580945576,3.81283106675987e-05,30705.16304347826,24129.1098200854,2.46837691747573,4.9382741085316075,7.590199253329012,17.56328086006271,10.571993053765256,13.579453884901712,59.15221114730185
949.282,949.375,USV_1148,0.09299999999996089,1.0,133.95299999999997,False,810.7837,944.7366999999999,138.49830000000009,4.545300000000111,0.010443403385579586,0.04502744932432432,17230.662302303062,13201.194580889287,4.482981580429683e-05,30828.547297297297,19837.075865343482,2.6352925655837263,5.0411879749550454,6.240794830953249,17.567204579916343,11.486280858773688,14.659287913728505,63.608637526319534
949.769,949.784,USV_1149,0.014999999999986358,1.0,133.95299999999997,False,810.7837,944.7366999999999,138.98530000000005,5.0323000000000775,0.009451041929423809,0.024658203125,17696.329304095456,20623.661061226812,0.0007024480979955269,31570.3125,23763.2662722784,2.113251849981917,3.865261060009651,4.980350411127778,16.68277992516816,10.197829504033571,13.858630023109804,43.78230403951218
950.81,950.889,USV_1150,0.07900000000006457,1.0,133.95299999999997,False,810.7837,944.7366999999999,140.0263,6.0733000000000175,0.008602356538176537,0.02033233642578125,15944.641264070498,14949.293484596346,0.00011095902433839091,31368.1640625,23396.464124054957,2.322258006246721,5.245365782554301,5.111028068630235,17.018182661227662,12.161502247179973,16.381541639687235,58.87297411261139
951.328,951.413,USV_1151,0.08500000000003638,1.0,133.95299999999997,False,810.7837,944.7366999999999,140.54430000000002,6.591300000000047,0.006848519667983055,0.0279541015625,15666.01376359164,14492.282690410884,1.933979798455952e-05,31290.441176470587,16424.35178005728,1.9133561779748576,4.522362033201243,6.06073554966501,16.291016487837442,13.246236510757472,15.268626150681719,60.216694285767
951.688,951.729,USV_1152,0.04100000000005366,1.0,133.95299999999997,False,810.7837,944.7366999999999,140.90430000000003,6.95130000000006,0.017207106575369835,0.0076904296875,11031.969815728056,15264.844183838852,0.00010269855806082494,26104.166666666668,23621.474120919425,1.9878835258150478,4.062528724102762,5.161390051837716,19.109842422186638,9.596633469231563,15.241546898191318,54.07131697377566
951.855,951.875,USV_1153,0.01999999999998181,1.0,133.95299999999997,False,810.7837,944.7366999999999,141.07130000000006,7.11830000000009,0.00938357226550579,0.0197998046875,17297.169705570293,19164.96668673435,0.0008885983772621746,33731.25,26924.901015604974,2.3656962772802155,4.18214792028477,5.780543226486847,16.675621233442342,9.737257516712052,13.822330510996457,48.99900753092005
951.923,952.061,USV_1154,0.13800000000003365,1.0,133.95299999999997,False,810.7837,944.7366999999999,141.13930000000005,7.186300000000074,0.009958365000784397,0.03775589554398148,15873.249834946582,13487.775142362076,0.00010569798165360103,29751.73611111111,20387.65531049908,2.3845905598947614,5.294177616175076,5.777533557479568,18.48043151565901,12.246527912964396,14.17734763777242,62.22781267813535
952.228,952.351,USV_1155,0.1230000000000473,1.0,133.95299999999997,False,810.7837,944.7366999999999,141.4443,7.491300000000024,0.00864692684262991,0.01878388073979592,15067.872930289175,14967.513529167847,0.0004630595021147351,30910.714285714286,16460.703442215356,2.5404507408410804,5.953296564751997,5.915982768515112,16.358986011800628,12.523190175664336,14.570230275457007,60.519255579689656
952.517,952.546,USV_1156,0.028999999999996362,1.0,133.95299999999997,False,810.7837,944.7366999999999,141.7333000000001,7.780300000000125,0.0062372032552957535,0.032639723557692304,17145.7963476862,16854.564744417978,0.0007344011130505779,31687.5,17783.066142528125,1.849717939983504,3.560340126302683,4.734044597898884,15.356034780266231,13.285502936953566,14.507224171463342,53.19989156559025
952.626,952.66,USV_1157,0.033999999999991815,1.0,133.95299999999997,False,810.7837,944.7366999999999,141.84230000000002,7.889300000000048,0.007109747268259525,0.0216796875,16156.077407768189,17505.42949029499,0.0003528747686944234,31975.0,19680.364149859357,2.1046957736936434,6.271183868419886,4.727396469682746,16.02870880596082,10.191106607005729,14.143818910103251,53.100041059999775
953.633,953.679,USV_1158,0.045999999999935426,1.0,133.95299999999997,False,810.7837,944.7366999999999,142.84930000000008,8.89630000000011,0.0077574485912919044,0.029736328125,17502.8774359711,17092.828726594787,0.00019385822947526685,32746.875,23776.843864953786,4.432339242400128,5.537757790555264,5.05579429571437,15.576196573299601,10.742659860288684,14.903787332968548,56.12465116852957
953.789,953.855,USV_1159,0.06600000000003092,1.0,133.95299999999997,False,810.7837,944.7366999999999,143.00530000000003,9.05230000000006,0.010663216933608055,0.016474971064814815,16005.239751832913,15844.530803814621,0.0001847978939144946,30770.833333333332,25424.138876042474,2.7020046390000605,5.605257757051111,6.367514059342045,16.41064677860224,12.16664826114348,14.192218508576666,58.10236918063933
954.011,954.054,USV_1160,0.043000000000006366,1.0,133.95299999999997,False,810.7837,944.7366999999999,143.2273,9.27430000000004,0.009393957443535328,0.024696751644736843,16801.961924073054,17047.32497587739,0.00028009125859424725,31618.42105263158,26166.84762691666,2.263774970110365,8.249698579815838,7.994223959379754,16.08835498397325,10.697523774858618,14.929517901649586,54.433195261181815
954.117,954.154,USV_1161,0.03700000000003456,1.0,133.95299999999997,False,810.7837,944.7366999999999,143.3333,9.380300000000034,0.00848650187253952,0.0182037353515625,16909.970343274315,17353.24031377348,0.0004043511263844372,32326.171875,26323.189492389465,2.455534140970112,4.145598127982258,3.8719184942862346,15.853847107789859,10.94524410688994,14.370886909749094,54.35784589837797
954.622,954.633,USV_1162,0.011000000000080945,1.0,133.95299999999997,False,810.7837,944.7366999999999,143.8383,9.88530000000003,0.008639125153422356,0.024135044642857144,21194.61300663944,24409.224901731217,0.002274654551160374,34794.642857142855,24875.786915849752,4.541634603204853,5.968532168597169,4.066969846917457,12.895707979243342,7.682963445194785,14.231939412452638,39.834626740337235
955.472,955.487,USV_1163,0.014999999999986358,1.0,133.95299999999997,False,810.7837,944.7366999999999,144.68830000000003,10.735300000000052,0.008815696462988853,0.02764892578125,17168.550244045542,17058.88522921101,0.0001830398188323841,30855.46875,25054.778393915632,3.3726722987241526,7.580457693248605,5.6223418389858235,14.878520649166383,9.136029391832775,12.516904517502603,47.454765298245064
955.628,955.685,USV_1164,0.056999999999902684,1.0,133.95299999999997,False,810.7837,944.7366999999999,144.8443000000001,10.891300000000115,0.006586762610822916,0.029988606770833332,16973.24394940583,16147.51583070354,0.00014599407344362473,31980.46875,22938.57403711174,3.317659213544948,5.880792318727714,5.448040715844982,16.85736187168079,12.69580154517511,15.684008289691937,57.355211072331635
956.38,956.393,USV_1165,0.013000000000033651,1.0,133.95299999999997,False,810.7837,944.7366999999999,145.59630000000004,11.643300000000067,0.00702193146571517,0.03574916294642857,20007.927746952828,20213.544634155547,0.0014020049211326351,33107.142857142855,25481.324424353785,2.1678417028886656,4.207789644980227,4.293176181902739,11.1121474949587,10.611308091296866,16.049952456814168,43.06879579741165
956.495,956.51,USV_1166,0.014999999999986358,1.0,133.95299999999997,False,810.7837,944.7366999999999,145.71130000000005,11.758300000000077,0.008985884487628937,0.035003662109375,17339.59831925861,14747.03333841152,7.127624825558918e-05,31992.1875,17970.4150195076,2.0363418457050986,6.115875397725365,3.762603480041217,14.873637991301127,11.404863636889672,15.84755656907325,49.5841437507182
956.581,956.65,USV_1167,0.06899999999995998,1.0,133.95299999999997,False,810.7837,944.7366999999999,145.79730000000006,11.84430000000009,0.008367166854441166,0.034336635044642856,16328.377085200133,15146.473288115889,0.00012752070043825872,30719.866071428572,17742.868350362776,1.9062406233316065,6.137150637344889,4.9393343819021585,15.096684589150074,12.095130494927306,15.600462454030678,59.07774100107629
956.788,956.88,USV_1168,0.09199999999998454,1.0,133.95299999999997,False,810.7837,944.7366999999999,146.00430000000006,12.051300000000083,0.010773250833153725,0.018171980574324325,14790.553474366938,14761.366779354345,3.062402293511487e-05,30372.466216216217,23109.869696785077,2.461859688789621,7.449845920537474,5.867161662675781,16.57789215265879,12.729266498202206,14.886589147985054,59.18956557645348
957.211,957.229,USV_1169,0.018000000000029104,1.0,133.95299999999997,False,810.7837,944.7366999999999,146.42730000000006,12.474300000000085,0.006669702008366585,0.021077473958333332,17608.560639305775,16031.063014860025,0.00020398380340309527,32010.416666666668,25061.015730219973,3.1861518231360604,4.550049337132697,4.707515210436594,15.443377189603158,10.07818897612061,14.521619177624157,50.04960058780213
957.522,957.547,USV_1170,0.024999999999977263,1.0,133.95299999999997,False,810.7837,944.7366999999999,146.7383000000001,12.78530000000012,0.00917173270136118,0.010945638020833334,15634.09325594826,14846.138845585854,2.9712251831721274e-05,29953.125,24996.13718949558,2.5980066304965628,6.566097571434429,4.950717939947632,14.867824995077783,10.68797576946104,14.072224855334987,53.50491618827663
957.623,957.649,USV_1171,0.025999999999953616,1.0,133.95299999999997,False,810.7837,944.7366999999999,146.8393000000001,12.88630000000012,0.005730360746383667,0.040140787760416664,18767.115766264495,16916.61501549078,0.00043832578294671683,32531.25,25446.000360519363,2.696386517422823,4.558640195389572,3.6287385077616463,14.691391194659358,12.591958425666794,14.984431660000729,53.30330925457457
957.846,957.864,USV_1172,0.018000000000029104,1.0,133.95299999999997,False,810.7837,944.7366999999999,147.06230000000005,13.109300000000076,0.0059448168613016605,0.049370659722222224,19667.583646190975,17190.109360822433,0.00026102036687275537,32791.666666666664,23637.589886640544,1.6169269845701437,3.5936220817841384,5.5131175759802,16.581117325835006,10.021634380609088,15.71577872988781,49.82985495616431
957.954,957.967,USV_1173,0.013000000000033651,1.0,133.95299999999997,False,810.7837,944.7366999999999,147.1703,13.217300000000023,0.006535984575748444,0.023158482142857144,19988.41383566038,19086.205084803507,0.0008069220678766994,33000.0,24009.030448619953,2.3489011766558114,5.001231837818119,5.774698727938978,14.941385465419085,11.952923421548695,14.283091151166657,44.50054994984099
958.058,958.08,USV_1174,0.022000000000048203,1.0,133.95299999999997,False,810.7837,944.7366999999999,147.27430000000004,13.321300000000065,0.008968891575932503,0.021883877840909092,16873.05316683264,16168.591187346015,7.833416297847325e-05,30980.113636363636,24715.603594206004,2.392469074507907,5.833688013932493,4.04730239161436,15.945191159097352,12.223641031519083,13.173349838853387,51.51308276199093
958.162,958.183,USV_1175,0.020999999999958163,1.0,133.95299999999997,False,810.7837,944.7366999999999,147.37830000000008,13.425300000000107,0.012155389413237572,0.0083251953125,15489.783046309265,17402.997473721392,7.994566863986024e-05,29821.875,24883.535326953916,2.5182377627023285,6.304645962795954,5.92821180527513,16.318506005351093,11.512210010986474,13.175276285437286,48.825175076204815
958.272,958.293,USV_1176,0.020999999999958163,1.0,133.95299999999997,False,810.7837,944.7366999999999,147.4883000000001,13.53530000000012,0.005766028072685003,0.0451171875,19192.221219285573,15803.348218562005,0.00035796407170610807,32053.125,24627.08532587649,3.7424652556194844,3.707329409347726,5.496462352288122,15.159326175022803,12.075000495801753,15.028563789026396,52.03972614091807
958.386,958.412,USV_1177,0.026000000000067303,1.0,133.95299999999997,False,810.7837,944.7366999999999,147.6023,13.64930000000004,0.0058891065418720245,0.045389811197916664,18602.00955958897,14995.383284259597,0.00010271900332191714,31500.0,23924.82422728806,2.6726613674154276,5.340087697350039,4.486289022423534,17.041662108698855,13.075719002398342,15.579149911415124,55.023849697874745
958.643,958.668,USV_1178,0.024999999999977263,1.0,133.95299999999997,False,810.7837,944.7366999999999,147.85930000000008,13.906300000000101,0.008512281812727451,0.021484375,15377.833624747478,16453.459329240697,6.522385281878243e-05,31484.375,19233.355733303586,2.7972009867439867,6.675352880291524,5.447010275368991,16.190811704316783,11.946477936374796,14.396152380128138,51.04198023311628
959.231,959.271,USV_1179,0.03999999999996362,1.0,133.95299999999997,False,810.7837,944.7366999999999,148.44730000000004,14.494300000000067,0.00804912205785513,0.03851677389705882,17966.599534145877,14052.375970363108,5.060532881309852e-05,31990.808823529413,24062.64962190246,1.6315546000838115,7.6955439547362,5.983295734087936,17.057400868911056,11.183665934242768,13.514615617165044,58.29153646747026
959.73,959.739,USV_1180,0.009000000000014552,1.0,133.95299999999997,False,810.7837,944.7366999999999,148.94630000000006,14.99330000000009,0.010292768478393555,0.0140380859375,17316.756433878065,19820.531216511867,0.0005370086879261836,30875.0,15149.9235054659,2.151282997802447,4.043688659329393,6.379777408444222,13.08342030245665,8.77402855349257,12.362100015937495,41.533203221964655
960.07,960.166,USV_1181,0.09600000000000364,1.0,133.95299999999997,False,810.7837,944.7366999999999,149.2863000000001,15.333300000000122,0.007652823813259602,0.034815738075657895,17542.887570527797,15195.727521933037,0.0005063384685518601,32861.84210526316,22307.47158543045,2.832792551543465,4.424068984973191,5.115177138474047,15.745063289672203,11.177763880367666,14.083619073159433,59.49328526613492
960.526,960.544,USV_1182,0.018000000000029104,1.0,133.95299999999997,False,810.7837,944.7366999999999,149.7423,15.789300000000026,0.007081819232553244,0.03187391493055555,19147.969770506166,19997.759701848365,0.0009380345324654377,33468.75,26610.308799008984,1.9568277243439804,6.700011971877987,5.409163787895626,14.993348646104655,11.298534273137186,15.052622538243273,46.76142487760636
961.055,961.079,USV_1183,0.02400000000000091,1.0,133.95299999999997,False,810.7837,944.7366999999999,150.2713,16.318300000000022,0.010703490115702152,0.017489346590909092,16278.842552077327,17458.723379660947,0.00018092440700810778,31406.25,19460.226128855003,2.8710129741390857,2.4332380051652494,4.643681407193662,14.931168043896879,11.270319343455201,15.985974107784568,51.22541994021151
962.036,962.067,USV_1184,0.031000000000062755,1.0,133.95299999999997,False,810.7837,944.7366999999999,151.2523,17.299300000000017,0.008110366761684418,0.021257672991071428,15240.334726149445,16089.22301731994,0.00019140780967365068,30535.714285714286,15093.289061005142,2.4843753377477786,7.412852726206736,7.02922654792439,15.848766827714197,9.98870282248521,13.556057034494751,52.165065785220996
962.48,962.49,USV_1185,0.009999999999990905,1.0,133.95299999999997,False,810.7837,944.7366999999999,151.69630000000006,17.74330000000009,0.011833789758384228,0.005777994791666667,15368.060349690662,21789.586673993144,0.00020010933271195005,29734.375,24364.234297422834,2.248207403138311,4.888511189594416,8.75001072519331,13.053286295512835,9.175314039621748,13.890108794195207,37.077761519676834
962.738,962.816,USV_1186,0.07799999999997453,1.0,133.95299999999997,False,810.7837,944.7366999999999,151.9543000000001,18.00130000000013,0.007881577126681805,0.03383636474609375,16560.934932185315,15420.123354094572,0.00013983461655237513,31933.59375,19023.250639054844,2.7083071130169776,4.498546357248333,5.419638993875974,16.75272841916235,13.491004821096084,14.143893179482237,59.01315597775568
963.346,963.384,USV_1187,0.038000000000010914,1.0,133.95299999999997,False,810.7837,944.7366999999999,152.56230000000005,18.609300000000076,0.008869033306837082,0.01687442555147059,14938.402096783244,17095.79543371341,0.00019607846674193384,30893.382352941175,20350.900268711594,1.8889859921514738,4.944412916734128,6.346064131847899,16.16973265357674,10.90658344044505,13.623082461427389,53.97983719331019
963.49,963.534,USV_1188,0.04399999999998272,1.0,133.95299999999997,False,810.7837,944.7366999999999,152.70630000000006,18.75330000000008,0.010302004404366016,0.010819284539473685,15553.540361733892,17690.586007573842,0.00032103648967020377,31332.236842105263,20630.32504022908,2.983064670295833,3.4505424157911007,4.9048026230502755,14.960325323840774,11.474063543466427,13.658355886888884,54.594488742245595
964.943,965.006,USV_1189,0.06299999999998818,1.0,133.95299999999997,False,810.7837,944.7366999999999,154.15930000000003,20.206300000000056,0.009679034352302551,0.021878756009615384,14354.846448036285,15134.660198179363,5.4513498722231215e-05,30349.759615384617,20541.66702500612,2.235463427295057,5.239195994872399,6.28126125135022,18.064944528152413,12.095030682219159,14.24595624877037,57.76095792162402
965.644,965.768,USV_1190,0.12400000000002365,1.0,133.95299999999997,False,810.7837,944.7366999999999,154.86030000000005,20.907300000000077,0.0082897013053298,0.030383051658163265,15815.38875166481,14522.382012134005,2.8589837475142833e-05,30948.979591836734,22144.132832581196,2.2631284540830885,5.636286079205013,6.093104895834616,17.585673540134955,11.621006162540898,14.154288783737108,60.67646558633327
966.099,966.167,USV_1191,0.06799999999998363,1.0,133.95299999999997,False,810.7837,944.7366999999999,155.3153000000001,21.36230000000012,0.009991665370762348,0.03624616350446429,16308.016595312623,14433.109513380725,0.00013702362049336798,30646.20535714286,26391.887145209057,2.1117513619313186,3.9147172128730796,6.234550670869815,15.487512860726271,14.436452692618632,17.900195410140608,60.098652054022054
966.244,966.295,USV_1192,0.05099999999993088,1.0,133.95299999999997,False,810.7837,944.7366999999999,155.46030000000007,21.5073000000001,0.0071729812771081924,0.03939964657738095,16862.422193897313,15785.080676278973,0.0001475577885649266,31691.964285714286,22264.31554381851,2.6355528715983363,4.9206446613852695,5.03325232852393,16.224353499641264,11.990620204355466,14.502922554958213,57.654115969425916
967.328,967.343,USV_1193,0.014999999999986358,1.0,133.95299999999997,False,810.7837,944.7366999999999,156.54430000000002,22.591300000000047,0.011734673753380775,0.0078125,13610.243237175175,16907.122752357758,0.00010889796574917044,28464.84375,15930.316909352456,2.3256924897093207,5.229480999747287,5.0477655636515095,15.081431816616442,10.247334970927142,13.86767172409824,45.16127124937863
967.376,967.412,USV_1194,0.03600000000005821,1.0,133.95299999999997,False,810.7837,944.7366999999999,156.59230000000002,22.63930000000005,0.01006755419075489,0.02191162109375,14373.210561930035,17556.32378754169,0.00047499808392340677,29742.1875,21184.292485552403,2.404658499424439,5.1991554927033485,7.941201507010081,17.04911905438097,11.125902899966567,15.025370520717676,52.82033527650226
967.453,967.469,USV_1195,0.016000000000076398,1.0,133.95299999999997,False,810.7837,944.7366999999999,156.66930000000002,22.716300000000047,0.01008275244385004,0.02032470703125,14645.966655384083,17387.704092255364,9.457432140770935e-05,30585.9375,26627.96550733092,1.8715200680365407,5.571554316329831,8.956292188413977,17.60504843791649,10.310859260041722,13.812298934830084,46.742786958493575
967.545,967.596,USV_1196,0.051000000000044565,1.0,133.95299999999997,False,810.7837,944.7366999999999,156.7613,22.80830000000003,0.007390626240521669,0.024436257102272728,16023.347827231635,16167.966945716988,0.0002017157901527614,31150.56818181818,19892.51173447064,2.114758392935403,5.248212062688785,5.271579069942158,17.082720167311646,11.119857798039003,14.107933847816815,57.03594666659776
968.323,968.345,USV_1197,0.022000000000048203,1.0,133.95299999999997,False,810.7837,944.7366999999999,157.53930000000003,23.58630000000005,0.009420753456652164,0.00936612215909091,15649.52012319868,18783.838159882904,0.0004643139701089599,31968.75,20049.082579279624,2.374788008978194,4.073601477921894,5.904693186679986,14.13115237186965,10.480457909675385,14.30833283780242,48.397130623518436
980.779,980.815,USV_1198,0.03600000000005821,1.0,133.95299999999997,False,810.7837,944.7366999999999,169.99530000000004,36.04230000000007,0.006966458633542061,0.0258636474609375,15184.438360267462,15855.260027346972,0.00011394982251434471,30826.171875,19573.445095599483,1.6401326099224713,4.3561640448351255,4.914848769222335,17.401987218032946,10.76151036333325,14.675764972914994,54.106588677554555
982.562,982.57,USV_1199,0.008000000000038199,1.0,133.95299999999997,False,810.7837,944.7366999999999,171.77830000000006,37.825300000000084,0.009218724444508553,0.01435546875,15139.777119801083,18408.83667975339,0.00031870770053136674,27862.5,19003.970829096743,1.9984398378845196,5.095668711146709,6.015429475312492,14.792294388224244,9.827516770040342,15.443163508130047,36.90934596370295
983.53,983.561,USV_1200,0.031000000000062755,1.0,133.95299999999997,False,810.7837,944.7366999999999,172.74630000000002,38.793300000000045,0.008307474665343761,0.029697963169642856,15802.110858451646,14228.290692759752,1.2465176666156202e-05,30133.928571428572,21981.938849704053,1.6313726816152847,6.248044721440307,4.068262142199663,16.338017924396897,12.669345416241963,15.379015996030406,55.99674314248558
984.975,984.989,USV_1201,0.014000000000010004,1.0,133.95299999999997,False,810.7837,944.7366999999999,174.19130000000007,40.238300000000095,0.006739948410540819,0.02130126953125,18070.36870880661,20886.374980646146,0.0006849453676178129,31710.9375,18253.025948361326,3.3321431126320915,5.949240881280714,4.369069310928847,12.491672364981575,10.917892189316564,12.808609328695223,44.348078270682976
985.067,985.081,USV_1202,0.014000000000010004,1.0,133.95299999999997,False,810.7837,944.7366999999999,174.28330000000005,40.33030000000008,0.006949578877538443,0.0142822265625,17903.65830725387,19716.937958426526,0.0004533325004523928,30925.78125,18274.859414056482,1.8722245233042298,4.671869840577062,5.08129854271479,15.2034997075701,12.409110318353456,13.624235898335545,44.99336535773639
986.688,986.726,USV_1203,0.038000000000010914,1.0,133.95299999999997,False,810.7837,944.7366999999999,175.90430000000003,41.95130000000006,0.0068211001344025135,0.037339154411764705,16877.926790745994,17174.382929337065,0.0001776434770411201,31681.985294117647,14769.23076923077,2.5225596835129256,7.693643514420432,5.735311664248775,16.86821514478993,10.430126650643064,14.783095052035357,54.79336481887114
987.595,987.609,USV_1204,0.014000000000010004,1.0,133.95299999999997,False,810.7837,944.7366999999999,176.81130000000007,42.8583000000001,0.006966862827539444,0.02154541015625,17719.794428691734,18900.373657573367,0.0004397894250600354,30832.03125,17646.59304519565,1.1662701582853792,5.423737588993189,4.850440920823454,16.491845511649544,9.798280458261925,13.79111380229185,45.906899494558544
989.302,989.373,USV_1205,0.07100000000002638,1.0,133.95299999999997,False,810.7837,944.7366999999999,178.51830000000007,44.56530000000009,0.009564874693751335,0.03909617456896552,14854.548975076335,14141.020635682564,0.00012402560284985927,28189.655172413793,24769.083975991856,2.648058855100176,4.9809552676866735,6.128940987880809,14.9698853600076,12.8455823495577,20.1846940232208,61.34991647399258
989.581,989.594,USV_1206,0.013000000000033651,1.0,133.95299999999997,False,810.7837,944.7366999999999,178.79730000000006,44.84430000000009,0.00983287300914526,0.021309988839285716,13988.121797735452,16885.95667165317,0.00010495314950227324,27750.0,26687.286164925394,2.278920128656012,5.272015425018215,3.5478190767945206,10.989601977299762,13.781247976684822,20.55884689137859,45.32172862272953
989.943,990.046,USV_1207,0.10300000000006548,1.0,133.95299999999997,False,810.7837,944.7366999999999,179.15930000000003,45.206300000000056,0.008927829563617706,0.01738162157012195,13690.918384182458,14651.455200609822,2.1618846836910307e-05,29707.317073170732,22553.635906780764,2.5287810634376875,5.027364628751033,4.991087615479966,16.460446204054794,13.031408076629857,17.6550198784308,59.83654760573648
995.764,995.852,USV_1208,0.08799999999996544,1.0,133.95299999999997,False,810.7837,944.7366999999999,184.98030000000006,51.02730000000008,0.011670347303152084,0.03682338169642857,13716.233290998565,13898.440905667298,0.00029705647625688557,27940.178571428572,29833.438057270992,2.658848479388268,5.604943123521352,5.558136342044739,15.274560928070251,13.958232911045643,21.260433407077855,62.53956385947477
998.416,998.445,USV_1209,0.028999999999996362,1.0,133.95299999999997,False,810.7837,944.7366999999999,187.6323000000001,53.679300000000126,0.0059054018929600716,0.03538161057692308,16949.088248278244,16171.9347010027,0.00018242435991245229,32069.71153846154,20297.52879682964,2.079904502331161,2.576590945775581,4.772267008738404,16.346646191000154,13.258248447726688,13.993167414742171,53.55511462903415
998.658,998.671,USV_1210,0.013000000000033651,1.0,133.95299999999997,False,810.7837,944.7366999999999,187.87430000000006,53.92130000000009,0.008520512841641903,0.024727957589285716,19312.964140659573,18135.247693528185,0.0002655267895821329,32705.35714285714,25794.548896951543,2.076968801796434,5.313559277292496,6.092086660661416,13.597890222271118,10.540114154433937,15.732356950737897,46.10356211580846
998.746,998.77,USV_1211,0.02400000000000091,1.0,133.95299999999997,False,810.7837,944.7366999999999,187.96230000000003,54.00930000000005,0.007056099362671375,0.024458451704545456,16205.097516710013,16244.171107211963,0.00022386334791389597,31346.590909090908,16457.636603527502,1.744763125307758,4.884480739181881,4.198699266057437,15.637145610173565,10.22744636138093,17.76368809412597,51.74323677906717
999.727,999.739,USV_1212,0.012000000000057298,1.0,133.95299999999997,False,810.7837,944.7366999999999,188.94330000000002,54.99030000000005,0.00603864248842001,0.01318359375,16990.85676109942,16316.373209914922,0.00011167728326213167,30508.928571428572,23665.116944565303,2.309361302151848,2.035902684273246,4.652197326740136,16.777333505837284,10.446848762515483,16.06202835391304,46.22390596198865
999.773,999.808,USV_1213,0.03499999999996817,1.0,133.95299999999997,False,810.7837,944.7366999999999,188.98930000000007,55.0363000000001,0.010066998191177845,0.029117838541666666,17806.075703000337,15683.841397757587,0.00012002502060214667,30993.75,25998.422372838795,2.1453979170881374,5.555925996238236,3.9718201119812786,15.641535318684763,12.136466100289898,13.85805838900029,56.64280893044463
999.903,999.933,USV_1214,0.029999999999972715,1.0,133.95299999999997,False,810.7837,944.7366999999999,189.11930000000007,55.16630000000009,0.010041439905762672,0.014944893973214286,15224.359766174852,17231.884593319945,0.00017429116496752413,30080.35714285714,19674.23993908739,1.9876702309172227,5.080612545999384,5.805131670946978,14.753869130270335,8.171906651038856,16.449311980447483,51.912204922300376
1000.099,1000.117,USV_1215,0.017999999999915417,1.0,133.95299999999997,False,810.7837,944.7366999999999,189.3153000000001,55.36230000000012,0.006970446091145277,0.021267361111111112,17747.097905610266,17604.720152534617,0.00024758066444301695,31531.25,23997.924930808633,2.2589968844702812,5.5378440565059135,4.81716441250899,14.454036177597544,11.16697361796339,12.879070041350444,48.65646355056411
1001.477,1001.489,USV_1216,0.012000000000057298,1.0,133.95299999999997,False,810.7837,944.7366999999999,190.69330000000002,56.74030000000005,0.008729049004614353,0.007114955357142857,16981.81796216411,20917.96481082932,0.00047086150545816387,31433.035714285714,22780.940372276753,2.2554739107797297,4.410001566034593,5.604183753800213,15.744412524664423,12.177175984512727,15.38123393892036,41.2752494436025
1002.395,1002.452,USV_1217,0.05700000000001637,1.0,133.95299999999997,False,810.7837,944.7366999999999,191.61130000000003,57.658300000000054,0.008904962800443172,0.026173909505208332,15571.13407730624,13806.82476513388,2.2618131668120847e-05,30175.78125,22937.26104840029,2.423554603311509,5.041596970240295,6.561456571658134,17.615233120301557,11.378936074510769,14.423299214610763,60.06494456151868
1002.83,1002.847,USV_1218,0.016999999999939064,1.0,133.95299999999997,False,810.7837,944.7366999999999,192.0463000000001,58.09330000000011,0.008019805885851383,0.018988715277777776,17295.033175193286,20187.475277299916,0.00037337042572701455,31645.833333333332,20771.738542860603,2.046774796180104,5.853088801425075,8.208883079086336,11.436702949791949,9.135812277870611,15.451607774156246,45.902858449146834
1003.694,1003.734,USV_1219,0.04000000000007731,1.0,133.95299999999997,False,810.7837,944.7366999999999,192.9103,58.95730000000003,0.0067733824253082275,0.023336971507352942,15865.382051770797,15438.110849010704,6.680674191902792e-05,31014.70588235294,17067.565719407692,2.769090780660364,5.96960255507873,7.65238352095967,17.077206701287952,11.582589844953484,14.905172925560338,56.483839412067915
1003.881,1003.889,USV_1220,0.008000000000038199,1.0,133.95299999999997,False,810.7837,944.7366999999999,193.09730000000002,59.144300000000044,0.008092818781733513,0.0126953125,18555.707166485852,22847.98170434047,0.00045330149206409723,31237.5,19966.184177028765,2.1578367944811396,6.164345305167325,4.625278301768139,9.97930905889788,8.322710466638334,12.143472685283712,34.267102602435294
1005.149,1005.166,USV_1221,0.01700000000005275,1.0,133.95299999999997,False,810.7837,944.7366999999999,194.36530000000005,60.41230000000007,0.006224002689123154,0.027479383680555556,16984.78752628515,16662.86583988313,0.0003290888727072556,31270.833333333332,22208.23268991593,1.3719515333083965,5.806034331386433,4.088217352776951,13.75000283105074,9.142200511256224,15.91510651864272,49.02007053679905
1005.264,1005.273,USV_1222,0.009000000000014552,1.0,133.95299999999997,False,810.7837,944.7366999999999,194.48030000000006,60.52730000000008,0.007414383348077536,0.028483072916666668,20070.168910035703,24246.755474850903,0.001916278799864961,33218.75,22444.908911373717,2.014761023532035,5.689936725004157,4.4443734529996455,11.274573746627732,8.54314553656429,15.626890816771924,36.679596537498874
1005.554,1005.571,USV_1223,0.01700000000005275,1.0,133.95299999999997,False,810.7837,944.7366999999999,194.77030000000002,60.817300000000046,0.006390030961483717,0.03903537326388889,17917.225790650133,17540.217914253135,0.0003228895737694499,31114.583333333332,22629.252747990682,2.258240467241116,3.1753548103861036,5.965191957987975,14.49438750766503,11.41479638601113,13.305521425484711,47.55492343104812
1005.983,1006.065,USV_1224,0.08200000000010732,1.0,133.95299999999997,False,810.7837,944.7366999999999,195.1993,61.24630000000002,0.008818486705422401,0.018036813446969696,15663.700241295035,15751.724992636928,0.00010357390863399631,32625.0,25959.72606812646,2.6496223922921875,4.9013107840525745,5.174383946308141,17.7056461969785,12.536486914982323,15.25956154007221,59.09979868743195
1006.764,1006.788,USV_1225,0.02400000000000091,1.0,133.95299999999997,False,810.7837,944.7366999999999,195.98030000000006,62.02730000000008,0.010438667610287666,0.01455965909090909,14042.914297795702,17007.24407659502,0.0003347337197384257,29394.886363636364,23250.04285478824,2.505789173414067,7.258685166517807,4.714887434515803,14.203854505497963,9.41441192234002,16.463314035354827,49.35158682974645
1007.083,1007.093,USV_1226,0.009999999999990905,1.0,133.95299999999997,False,810.7837,944.7366999999999,196.29930000000002,62.34630000000004,0.0085243945941329,0.027180989583333332,16547.878505674893,19298.47951967661,0.00024234425051014425,32203.125,26841.853444847962,1.0990602973130335,3.898837936935848,8.047477526409525,16.289044535218565,11.35836921463247,16.36035510630524,39.38095681414997
1007.366,1007.396,USV_1227,0.029999999999972715,1.0,133.95299999999997,False,810.7837,944.7366999999999,196.58230000000003,62.62930000000006,0.007602844852954149,0.0255126953125,17586.32276222079,17255.673977861832,0.0007641796077824623,31520.089285714286,18539.411011526,2.4792037822009214,4.570833566591984,6.259637139308763,17.17162795194875,11.583270415175193,17.00078171079885,53.946522527598106
1007.518,1007.573,USV_1228,0.05499999999994998,1.0,133.95299999999997,False,810.7837,944.7366999999999,196.73430000000008,62.7813000000001,0.01555669866502285,0.02377717391304348,12475.68770397957,14271.144541016396,9.09874698881619e-05,26763.58695652174,23691.41809318468,2.156624583999671,2.832460843038082,4.25505816519164,14.513407075523945,10.176345468827153,16.82115004460806,57.9402283860179
1007.74,1007.849,USV_1229,0.10900000000003729,1.0,133.95299999999997,False,810.7837,944.7366999999999,196.95630000000006,63.00330000000008,0.008874163031578064,0.019684547601744186,14699.765704220055,14663.364792780076,3.224342578048228e-05,30466.56976744186,20548.455074684774,2.2767216153487517,5.309330778409235,5.372941875305898,18.058317539817857,12.836956238128264,14.838436270963095,60.332390915872004
1007.896,1007.914,USV_1230,0.018000000000029104,1.0,133.95299999999997,False,810.7837,944.7366999999999,197.1123,63.15930000000003,0.004974599462002516,0.027018229166666668,17983.12061181942,18851.014340793874,0.0006198147090295979,33552.083333333336,24660.77165927464,3.0169358609040082,2.6643751369921707,4.658037935778089,17.27540498479039,11.305047384171532,14.24365491564266,46.78152061165791
1007.986,1008.037,USV_1231,0.051000000000044565,1.0,133.95299999999997,False,810.7837,944.7366999999999,197.20230000000004,63.24930000000006,0.008293797262012959,0.030561967329545456,17071.530672307632,16274.821742133418,0.00043770165923793304,31240.05681818182,19332.10923945588,2.5844201470933785,2.898960765502429,5.076883120363212,15.709593346517613,11.892706477435206,15.124878362069813,57.93423111883885
1008.127,1008.21,USV_1232,0.08300000000008367,1.0,133.95299999999997,False,810.7837,944.7366999999999,197.3433,63.390300000000025,0.009703414514660835,0.021520278033088234,15947.576873028836,15449.045841180152,0.00018729467940282977,31312.5,23202.25370009301,2.206109265423331,5.644767220378769,5.697327937608553,16.583040044959976,12.360026801957805,14.612941912892135,58.74242959717306
1008.243,1008.278,USV_1233,0.03499999999996817,1.0,133.95299999999997,False,810.7837,944.7366999999999,197.4593000000001,63.506300000000124,0.008632779121398926,0.01181640625,16304.016895432142,16938.996571604846,0.00026939590970225674,31956.25,24260.383496577968,2.6297853006853993,5.488174427363358,5.259694186276663,15.71383985655175,12.506682591330367,15.63280396327388,56.05350767031856
1008.487,1008.521,USV_1234,0.033999999999991815,1.0,133.95299999999997,False,810.7837,944.7366999999999,197.7033,63.75030000000004,0.006201693322509527,0.04025065104166667,18057.31679102389,16113.004200733205,0.00047213318877538157,32406.25,17034.658776419124,1.3322288550886057,5.622579986119092,5.218363736526262,15.929441967478677,10.632327123575092,14.534386443238416,56.533827279401436
1009.026,1009.089,USV_1235,0.06300000000010186,1.0,133.95299999999997,False,810.7837,944.7366999999999,198.2423,64.28930000000003,0.006647720001637936,0.027390700120192308,16904.89122661442,15774.226389581017,0.00019161919956573234,31875.0,19729.348162361526,2.3990552419699167,4.52948482418138,5.434788762682755,15.964352255513425,12.031049920486005,14.429885504676749,58.493141974843226
1009.365,1009.384,USV_1236,0.019000000000005457,1.0,133.95299999999997,False,810.7837,944.7366999999999,198.58130000000006,64.62830000000008,0.009170656092464924,0.01123046875,17353.158740904808,20190.431321306733,0.0005990679114452099,31096.875,19808.313157363737,2.3636375413720074,5.883328184292699,4.381446083719835,13.365351213681512,10.616987074107254,14.486747210141695,47.542834424459144
1009.519,1009.594,USV_1237,0.07500000000004547,1.0,133.95299999999997,False,810.7837,944.7366999999999,198.73530000000005,64.78230000000008,0.01031400728970766,0.014916204637096774,14549.020167341547,14911.781943281829,0.00010563501489198347,28593.75,18677.40110056079,2.479744770418859,4.286761436629609,5.205734050435387,14.95311817904849,13.222551751833596,14.783483357218804,58.61060704151081
1009.673,1009.737,USV_1238,0.06399999999996453,1.0,133.95299999999997,False,810.7837,944.7366999999999,198.88930000000005,64.93630000000007,0.011133088730275631,0.021089993990384616,14252.914155877836,13482.39785651265,6.603598540585052e-06,28705.528846153848,20248.297642254005,2.506509528050794,6.258100634496655,5.972511098321322,19.076338039897358,12.829161033665828,15.155400163588752,59.18246360035372
1009.824,1009.94,USV_1239,0.11600000000009913,1.0,133.95299999999997,False,810.7837,944.7366999999999,199.0403,65.08730000000003,0.00838804803788662,0.03328273607336957,16415.868134982324,14355.408233938746,8.440624725193601e-05,30670.516304347828,21639.84124804154,1.895320211421421,6.0969987171399715,5.8845980379861444,16.96007620025115,12.231934844257214,16.168369805518612,60.95628649761377
1010.015,1010.058,USV_1240,0.043000000000006366,1.0,133.95299999999997,False,810.7837,944.7366999999999,199.23130000000003,65.27830000000006,0.008470414206385612,0.03374280427631579,17603.299728061887,16106.482016318836,0.0002183994216952763,30967.105263157893,18648.21919246372,2.2788589320424504,8.453857480219474,5.940502258009702,15.515166669431224,10.062261864626743,15.725179548313278,57.51905433874922
1010.158,1010.241,USV_1241,0.08299999999996999,1.0,133.95299999999997,False,810.7837,944.7366999999999,199.37430000000006,65.42130000000009,0.009544700384140015,0.015713778409090908,14633.033121906152,14370.688325236359,1.7626611401218923e-05,29755.68181818182,19699.357169127252,2.5903859055618677,5.218079939575882,5.533926761660209,17.39870958387684,13.053157043250799,14.208305805996853,60.788470036901245
1010.578,1010.63,USV_1242,0.05200000000002092,1.0,133.95299999999997,False,810.7837,944.7366999999999,199.79430000000002,65.84130000000005,0.009267318062484264,0.026866566051136364,16642.38909576123,16219.951248838566,0.00012289260818762598,31312.5,20664.31092649965,2.3872800013289606,4.625775066644945,5.080508705822723,15.255779307733512,11.502116358075689,15.671832820649273,56.65979890068033
1010.704,1010.749,USV_1243,0.04500000000007276,1.0,133.95299999999997,False,810.7837,944.7366999999999,199.9203,65.96730000000002,0.00650835083797574,0.032689144736842105,16982.271900194144,14075.280682802495,6.135356247654887e-05,31292.763157894737,22025.28199427384,2.3409272983170464,3.786175447361293,5.508005233370277,17.507907133924263,13.547025099169128,16.812800822398266,58.761208728539316
1010.833,1010.913,USV_1244,0.08000000000004093,1.0,133.95299999999997,False,810.7837,944.7366999999999,200.04930000000002,66.09630000000004,0.008305933326482773,0.022369384765625,15738.825834588897,14673.27363201301,0.00010493350865397009,30588.8671875,22602.374897038128,2.610293550917263,5.159553328613017,5.282505589415088,18.745294552853547,12.5898314495456,14.938263901422625,60.20658773606648
1011.105,1011.15,USV_1245,0.04499999999995907,1.0,133.95299999999997,False,810.7837,944.7366999999999,200.32130000000006,66.36830000000009,0.0076768831349909306,0.027305201480263157,16335.614103390266,15494.551834210439,0.00016226947995587654,31564.144736842107,21509.738849990994,1.9409741799648088,6.139859763779779,6.049983253177725,15.765469302627418,10.395508677791469,15.291934893706312,57.40940517298124
1011.264,1011.272,USV_1246,0.008000000000038199,1.0,133.95299999999997,False,810.7837,944.7366999999999,200.48030000000006,66.52730000000008,0.006958369165658951,0.0185546875,16336.784937156339,16616.440439925555,0.00011490720444747794,31218.75,21279.514011230807,3.617537752828356,6.109521261868759,5.042311480082528,13.590591019926507,11.926276167138573,14.3642344747423,39.11015562177323
1011.393,1011.431,USV_1247,0.038000000000010914,1.0,133.95299999999997,False,810.7837,944.7366999999999,200.60930000000008,66.6563000000001,0.006450210697948933,0.03732479319852941,16523.046382617733,15033.048970117161,0.00010977916043185491,30810.66176470588,18551.545699991948,2.0504680313258916,4.162216352811147,5.432050575963839,19.162851770502233,10.664961049908017,13.937572409288176,56.41852870242509
1011.569,1011.578,USV_1248,0.009000000000014552,1.0,133.95299999999997,False,810.7837,944.7366999999999,200.7853,66.83230000000003,0.007436038926243782,0.021402994791666668,18730.578100454226,21252.82496113666,0.0005772139318140728,32765.625,16082.187804471845,1.1528928176521915,9.096899552479625,5.9575553979764315,10.935798867164854,8.64440357805338,13.015271062560359,38.59432530230375
1011.627,1011.639,USV_1249,0.012000000000057298,1.0,133.95299999999997,False,810.7837,944.7366999999999,200.8433,66.89030000000002,0.008363866247236729,0.021484375,16989.81194426193,19997.078836923833,0.00024093165524724042,31727.678571428572,25300.538394996598,1.653748577155064,4.843367400604675,4.85206348322742,10.065762609231767,11.594598521897646,13.078305398994871,40.74029901657735
1012.401,1012.411,USV_1250,0.009999999999990905,1.0,133.95299999999997,False,810.7837,944.7366999999999,201.6173,67.66430000000003,0.008813240565359592,0.02294921875,18157.95689416692,22838.04225993197,0.0004588091775510916,33484.375,24354.760088630854,2.162678393195421,5.611475837878573,3.798321882872082,11.147915371339211,10.689145593928167,15.476836094746593,37.515723970048455
1012.653,1012.68,USV_1251,0.02699999999992997,1.0,133.95299999999997,False,810.7837,944.7366999999999,201.86930000000007,67.91630000000009,0.007700336631387472,0.020711263020833332,16744.51683065869,16612.187575625398,0.0002121806123986613,31976.5625,26793.459452870073,1.9846285196560123,5.634759142018488,5.618225349199078,14.647345183230913,11.798306147945665,14.359327307115544,54.772251611082105
1012.72,1012.776,USV_1252,0.05599999999992633,1.0,133.95299999999997,False,810.7837,944.7366999999999,201.93630000000007,67.9833000000001,0.0072823381051421165,0.025008491847826088,16540.86605297689,15999.244356379897,0.00017695077128435438,31455.16304347826,20468.409806783144,2.4191240150401097,5.208611664166065,6.653374409117024,16.142504600608987,11.205732974457499,15.26165218843934,58.285802843847655
1012.81,1012.886,USV_1253,0.07600000000002183,1.0,133.95299999999997,False,810.7837,944.7366999999999,202.0263,68.07330000000002,0.008542126044631004,0.03315587197580645,16721.91933080072,14570.61137410377,0.00011220479774329457,31427.41935483871,18916.462450514,1.813778407248153,5.203481477211444,7.218002073215841,16.81765739506736,11.992550621693267,13.992964363273394,60.737173747468766
1013.01,1013.024,USV_1254,0.014000000000010004,1.0,133.95299999999997,False,810.7837,944.7366999999999,202.22630000000004,68.27330000000006,0.006344531662762165,0.025970458984375,18993.705191544534,22525.91808875742,0.0013495654442517953,33949.21875,24424.147558792516,1.655246414011767,6.862789339966534,4.975550347155702,14.762899045673684,10.047327444865399,12.68871381037944,42.87269475650831
1013.066,1013.131,USV_1255,0.06499999999994088,1.0,133.95299999999997,False,810.7837,944.7366999999999,202.28230000000008,68.3293000000001,0.010729070752859116,0.01441333912037037,14016.907211854425,15075.849204830416,5.213535448679141e-05,29812.5,23016.323316996506,2.630838036766974,4.937133059011844,5.141061565085243,17.443843153243616,11.942904814073755,14.028713527892487,57.425889921101714
1013.161,1013.274,USV_1256,0.11300000000005639,1.0,133.95299999999997,False,810.7837,944.7366999999999,202.3773,68.42430000000002,0.0086603332310915,0.019618055555555555,14939.263685666207,15382.640376643172,4.574712906479348e-05,31016.666666666668,21415.75757822625,2.1259319158511385,5.966635632370726,5.612756415538927,16.88744849775738,12.517902551805795,15.072013968975062,59.55118862972021
1013.357,1013.388,USV_1257,0.031000000000062755,1.0,133.95299999999997,False,810.7837,944.7366999999999,202.57330000000002,68.62030000000004,0.00963987223803997,0.03193010602678571,18069.381436296717,15131.389599519216,6.889338375485428e-05,30529.01785714286,22657.764105356222,2.5189162039612825,4.320469841052677,5.205072889470988,16.228673102793923,11.8840791133093,12.797275608049446,55.95571281519329
1013.465,1013.515,USV_1258,0.049999999999954525,1.0,133.95299999999997,False,810.7837,944.7366999999999,202.68130000000008,68.7283000000001,0.007931885309517384,0.01148623511904762,15099.819416644485,15006.460164576356,3.077457078591672e-05,30995.535714285714,22218.996255343427,2.7967275174202837,3.479168438305293,4.79825271048437,18.116901412112448,10.599312119416483,13.90692071376867,57.108024707021684
1013.576,1013.629,USV_1259,0.05299999999999727,1.0,133.95299999999997,False,810.7837,944.7366999999999,202.79230000000007,68.8393000000001,0.006174023728817701,0.04017223011363636,16845.219658233043,14672.852692704595,0.0002661100607254402,30869.31818181818,20689.41303794991,2.889179617136686,3.61832635170712,6.158855766757049,16.90953546048197,10.564304180893632,13.967035336073808,59.31654959526543
1013.705,1013.767,USV_1260,0.06200000000001182,1.0,133.95299999999997,False,810.7837,944.7366999999999,202.9213000000001,68.96830000000011,0.009618704207241535,0.02586951622596154,17601.1354037365,16396.564878203077,0.00011845475927403751,33342.54807692308,26110.767649567595,2.7578270688695827,5.151873516618893,5.50884758318282,15.496320381647354,11.984329735853619,14.632136690940571,57.00506609801879
1013.88,1013.933,USV_1261,0.05299999999999727,1.0,133.95299999999997,False,810.7837,944.7366999999999,203.09630000000004,69.14330000000007,0.009899848140776157,0.01715642755681818,15946.976739422622,15946.651710479882,7.826954772244688e-05,31909.090909090908,23732.24306272496,2.24600546815098,6.396854466660002,5.368149522932297,16.285911372356676,11.83680711895525,16.01447570986991,57.26682482166768
1013.969,1013.978,USV_1262,0.008999999999900865,1.0,133.95299999999997,False,810.7837,944.7366999999999,203.1853000000001,69.23230000000012,0.0058141183108091354,0.034423828125,19570.361897877516,16364.4032680233,0.00044754592107878024,32421.875,26888.85342744803,2.1616313916683083,4.6052998401156575,5.4909248684514465,12.346291428201537,12.663260939821818,14.783374524900887,42.670140754984935
1014.483,1014.508,USV_1263,0.02500000000009095,1.0,133.95299999999997,False,810.7837,944.7366999999999,203.6993,69.74630000000002,0.009539535269141197,0.0169677734375,17376.71198337123,19817.346303418253,0.0005268093208722503,33562.5,25112.25196465846,2.3314315347573054,7.82045330682458,3.603203718466366,16.00599246010206,12.137901586023913,16.184447224058466,49.556674426005344
1015.298,1015.314,USV_1264,0.01599999999996271,1.0,133.95299999999997,False,810.7837,944.7366999999999,204.51430000000005,70.56130000000007,0.009696094319224358,0.00970458984375,14058.837442514792,15792.494165945423,0.0002682668067719317,29554.6875,18444.22315614784,2.4946913371443857,4.5228926813253105,6.385440928921661,17.23484159438996,13.116432622034187,14.37478433111775,49.71545266397557
1015.425,1015.479,USV_1265,0.05400000000008731,1.0,133.95299999999997,False,810.7837,944.7366999999999,204.6413,70.68830000000003,0.010264741256833076,0.010402513586956522,14710.663767895545,16399.32949678498,0.00019168810963959994,29763.58695652174,17183.79866222356,2.503665539586638,5.2629260625960175,5.8852959096987965,15.658699930015763,11.068541069503214,15.127518667567603,56.79363236636189
1015.549,1015.585,USV_1266,0.03600000000005821,1.0,133.95299999999997,False,810.7837,944.7366999999999,204.76530000000002,70.81230000000005,0.009248826652765274,0.017425537109375,14970.427615317409,17992.318518923228,0.00021282846584457844,31160.15625,20405.833502913716,3.1050684191975657,6.765061132189574,5.203437578248607,14.690880039080271,10.735365116331725,14.173884001682492,52.06208116368013
1016.047,1016.068,USV_1267,0.020999999999958163,1.0,133.95299999999997,False,810.7837,944.7366999999999,205.26330000000007,71.3103000000001,0.006949924863874912,0.0237060546875,17009.308171639634,18257.629901288397,0.00023435532987895895,32559.375,25593.67079837995,2.344818933817925,6.968609773886858,5.351807989170291,14.484673651398316,10.368684477091119,13.936442535477465,48.02639718549716
1016.198,1016.208,USV_1268,0.009999999999990905,1.0,133.95299999999997,False,810.7837,944.7366999999999,205.41430000000003,71.46130000000005,0.004927442874759436,0.0494384765625,20831.607844807855,15268.665739560534,0.00025892354363324285,34046.875,26058.047301082002,4.801332452092836,5.877833131634328,4.9460399678049995,16.2857040995199,10.878315283706982,14.483908749405733,51.7131781511661
1016.818,1016.88,USV_1269,0.06200000000001182,1.0,133.95299999999997,False,810.7837,944.7366999999999,206.03430000000003,72.08130000000006,0.010431693866848946,0.024996243990384616,15290.581306716493,15064.269691430403,7.472677542617247e-05,29780.048076923078,15726.701350326202,1.8528419359430255,5.6295924480062265,5.11395069450674,14.957559289325983,11.247110178187297,14.63885702096812,58.56164323383953
1016.953,1017.003,USV_1270,0.05000000000006821,1.0,133.95299999999997,False,810.7837,944.7366999999999,206.16930000000002,72.21630000000005,0.007073913235217333,0.042247953869047616,17516.727526537332,15824.298622529172,0.00015191557930030843,31982.14285714286,23808.489361966593,2.248547706666272,3.644841708066793,5.95693718515446,17.819866932633385,12.11319508390047,14.123138125857597,56.65437921215988
1017.067,1017.122,USV_1271,0.05499999999994998,1.0,133.95299999999997,False,810.7837,944.7366999999999,206.28330000000005,72.33030000000008,0.006388555280864239,0.03339419157608696,16603.250560499357,14896.90311903607,4.80473244276364e-05,30966.032608695652,21849.589308365394,2.0232973217374934,5.085094331581088,5.1540408792215535,16.239956465053407,10.583460082729385,14.694948222150433,58.86057299819974
1017.232,1017.302,USV_1272,0.07000000000005002,1.0,133.95299999999997,False,810.7837,944.7366999999999,206.44830000000002,72.49530000000004,0.0073111834935843945,0.022999730603448277,16045.199630020896,15292.487287392742,0.00010401754602192447,30504.310344827587,17013.414368721504,2.389378966755868,4.67549425610087,5.7931870242805665,16.58925410827676,11.787945317151038,14.472685643082999,58.684401358797516
1017.456,1017.517,USV_1273,0.06100000000003547,1.0,133.95299999999997,False,810.7837,944.7366999999999,206.67230000000006,72.71930000000009,0.007759067229926586,0.020517578125,15791.74429266758,15330.605120622296,8.501247659456446e-05,31151.25,19131.71897619081,2.4432853077901764,5.281168987320109,5.998448400252471,16.482272647967545,12.491070924064163,13.899808649415968,57.259447244159965
1017.628,1017.642,USV_1274,0.014000000000010004,1.0,133.95299999999997,False,810.7837,944.7366999999999,206.8443000000001,72.89130000000011,0.005993783473968506,0.03662109375,18664.21015165476,19149.22199128756,0.0005414171237017176,32414.0625,23676.352588998452,2.6692018223271123,3.485238396173877,4.12018507671547,13.955870202093589,11.415767291390216,12.99016261881983,44.53969934091004
1017.782,1017.832,USV_1275,0.049999999999954525,1.0,133.95299999999997,False,810.7837,944.7366999999999,206.99830000000009,73.04530000000011,0.006949919275939465,0.02712286086309524,16081.67425941224,15437.695899938826,0.00033439792864798534,31446.428571428572,18769.19049511977,2.771970949693215,6.202589878232134,4.383166989399996,15.933773551128668,12.85356470006971,13.738465730773912,57.08970351192676
1017.987,1018.049,USV_1276,0.06200000000001182,1.0,133.95299999999997,False,810.7837,944.7366999999999,207.2033,73.25030000000004,0.006360175088047981,0.032789963942307696,16213.95905836713,16089.86657447303,0.00016016307348807276,31564.903846153848,18182.27430729262,1.8598464134742902,4.671813075640743,6.116059669479693,15.743402897491816,11.215434093774462,15.278885593184851,57.63341833415519
1018.134,1018.19,USV_1277,0.05600000000004002,1.0,133.95299999999997,False,810.7837,944.7366999999999,207.35030000000006,73.39730000000009,0.008498826064169407,0.017525050951086956,14461.418556882258,15133.787181270562,2.7655149098132e-05,30236.41304347826,16941.004131449376,2.385858098697709,5.034955938725273,5.5467515417591775,17.078090376212774,12.08790595439285,13.598872680779975,57.509381407668315
1018.504,1018.532,USV_1278,0.02800000000002001,1.0,133.95299999999997,False,810.7837,944.7366999999999,207.72030000000007,73.76730000000009,0.005528674460947514,0.034818209134615384,18775.09751935395,19280.027974949502,0.0006836384271849346,34723.557692307695,20307.23014955077,2.3327729702532207,4.368266477219147,5.784932570374443,13.181475387643141,11.774958363518099,13.021984604139472,51.48732609717228
1018.766,1018.777,USV_1279,0.011000000000080945,1.0,133.95299999999997,False,810.7837,944.7366999999999,207.9823,74.02930000000003,0.0071471817791461945,0.021798270089285716,19948.490777348237,24267.033103617665,0.0029614427732468584,35303.57142857143,20734.18100460812,2.0490075295276626,3.9448612559811997,6.0224068769221395,12.636134892105558,9.415401692246808,16.450590100326846,39.843557049533835
1018.895,1018.906,USV_1280,0.010999999999967258,1.0,133.95299999999997,False,810.7837,944.7366999999999,208.11130000000003,74.15830000000005,0.008487075567245483,0.026407877604166668,16415.0757902784,18628.37675418454,0.0002329267528496495,30453.125,18236.541509528677,3.3369424301334507,8.001384329942809,5.560208164875491,15.112223619147498,11.038365843757077,12.720764355879977,44.8884688233787
1019.346,1019.379,USV_1281,0.03300000000001546,1.0,133.95299999999997,False,810.7837,944.7366999999999,208.56230000000005,74.60930000000008,0.006279374472796917,0.03225911458333333,16546.748858112624,15928.180909123896,0.00023924867605549634,31743.75,20681.468139613124,1.9471579287079708,5.726837019466994,5.3231264466962545,18.009202165900533,13.162836718417788,13.623521015225446,54.08478421399169
1019.759,1019.86,USV_1282,0.10099999999999909,1.0,133.95299999999997,False,810.7837,944.7366999999999,208.97530000000006,75.02230000000009,0.00915314070880413,0.02620849609375,14800.771236561088,14386.200179322885,2.1792548122448028e-05,29969.53125,17953.163348373593,2.0462483386759653,4.676880144438073,5.956703346596201,18.76284688694293,12.160543954387828,14.763872899915162,60.202520939967236
1020.466,1020.559,USV_1283,0.09299999999996089,1.0,133.95299999999997,False,810.7837,944.7366999999999,209.68230000000005,75.72930000000008,0.007447115611284971,0.024968327702702704,15774.04973601405,15070.379999361458,3.202538063638465e-05,31662.162162162163,21441.004332293895,2.605299306133826,5.373661693561158,5.508947138968165,17.045666208724306,12.721352764804092,15.158013207884409,59.542237532230565
1025.0,1025.021,USV_1284,0.020999999999958163,1.0,133.95299999999997,False,810.7837,944.7366999999999,214.21630000000005,80.26330000000007,0.00499922689050436,0.0438232421875,18473.351794652364,16155.994080477423,0.0002536920155807033,32325.0,17586.781059735942,2.900420784091407,4.6797080102934405,6.208779418747257,15.693646007161638,10.660220614567715,15.630232556172468,51.46658011421325
1025.292,1025.31,USV_1285,0.018000000000029104,1.0,133.95299999999997,False,810.7837,944.7366999999999,214.50829999999996,80.55529999999999,0.025201722979545593,0.007541232638888889,12159.209720691679,17563.106790076996,0.00024790095618362935,25989.583333333332,18768.18721492023,1.8051856643724387,2.654728584912605,6.293135768626282,12.339056083830688,9.162095321988199,12.77291895388471,45.489050392089254
1025.386,1025.462,USV_1286,0.07600000000002183,1.0,133.95299999999997,False,810.7837,944.7366999999999,214.6023,80.64930000000004,0.011552886106073856,0.04040133568548387,15776.212496499467,13336.052863513558,0.0002238695409462647,28744.959677419356,18253.782942240894,2.1181588476729307,3.6456083639773214,6.246822970581917,16.70286979652764,10.900728482285247,14.567417677421254,62.28348900354029
1026.396,1026.41,USV_1287,0.014000000000123691,1.0,133.95299999999997,False,810.7837,944.7366999999999,215.6123,81.65930000000003,0.01163453608751297,0.011322021484375,13716.936407088104,16862.536979800625,0.00011661778732958495,28195.3125,17675.173216239018,2.292613126381106,3.3090551978351535,3.994511345988818,17.491727054346256,12.921156296789231,17.639999072204198,45.47290875879963
1029.713,1029.721,USV_1288,0.008000000000038199,1.0,133.95299999999997,False,810.7837,944.7366999999999,218.9293,84.97630000000004,0.009684192016720772,0.00859375,18773.942359683635,26259.956946997565,0.0004961510053223531,34481.25,24516.033263290592,2.2565713919587504,3.9630104826418324,4.404145642351688,9.3745925681361,7.497682573985206,14.999406857037524,31.02438045034925
1030.198,1030.215,USV_1289,0.016999999999825377,1.0,133.95299999999997,False,810.7837,944.7366999999999,219.41430000000014,85.46130000000016,0.0066922674886882305,0.03420681423611111,17894.723798534138,14416.602126631782,5.664264625838198e-05,31333.333333333332,26653.64558464179,2.5499294062304094,4.391390496941687,5.83610871703021,16.96212581661554,12.279590431816652,13.567343750370476,54.05596567506235
1030.716,1030.828,USV_1290,0.11200000000008004,1.0,133.95299999999997,False,810.7837,944.7366999999999,219.93229999999994,85.97929999999997,0.008229152299463749,0.030012650923295456,14712.651967560436,13384.899083184668,4.4398012622589786e-05,28397.727272727272,17311.751174150697,2.37751660216961,6.063679740486433,5.845466337324162,16.642325441715062,11.378954425592678,15.22955025661774,62.93339060288838
1031.88,1031.894,USV_1291,0.013999999999896318,1.0,133.95299999999997,False,810.7837,944.7366999999999,221.09630000000016,87.14330000000018,0.007138330023735762,0.01666259765625,17681.163877380328,20863.791929012452,0.00044352109028852725,32753.90625,18384.809949394843,1.9509197465579833,4.285872698002667,5.063450494089204,11.950675625766142,8.881691928583535,13.986126844386504,43.94897379060231
1033.691,1033.716,USV_1292,0.024999999999863576,1.0,133.95299999999997,False,810.7837,944.7366999999999,222.90730000000008,88.9543000000001,0.00618175370618701,0.031453450520833336,19095.641447212005,20029.993870294085,0.0012667675256331763,34054.6875,23714.207452982253,2.5124999372504395,3.124207597117015,4.909928858385903,13.672324148984174,10.742053295181165,13.325692766069878,50.4607111228969
1034.143,1034.21,USV_1293,0.06700000000000728,1.0,133.95299999999997,False,810.7837,944.7366999999999,223.35930000000008,89.4063000000001,0.008491132408380508,0.027125767299107144,16162.441551122089,16562.564833184973,0.0002392787499034161,31640.625,22194.533728056074,2.374290064180795,5.794471910973023,4.206016780100164,15.919289433679964,11.326588459627237,14.828927814735936,57.44310459731622
1034.273,1034.318,USV_1294,0.04500000000007276,1.0,133.95299999999997,False,810.7837,944.7366999999999,223.48929999999996,89.53629999999998,0.010903415270149708,0.011564555921052632,13503.774148069944,15802.634830688325,8.050913586170071e-05,29782.894736842107,17051.026701258674,2.122242715999928,5.397468919438052,5.105157272682328,15.818308213754586,11.085105889264218,16.15873296809534,55.0287917253249
1035.626,1035.644,USV_1295,0.018000000000029104,1.0,133.95299999999997,False,810.7837,944.7366999999999,224.84230000000002,90.88930000000005,0.010431177914142609,0.019938151041666668,15178.217253957604,19061.89377323384,0.0015366838873282589,29479.166666666668,15003.52116396259,3.5794428008752814,5.812724482700643,9.02823474213195,17.629311123528407,11.348205385110857,12.836988885908056,46.65689891313505
1035.694,1035.72,USV_1296,0.026000000000067303,1.0,133.95299999999997,False,810.7837,944.7366999999999,224.9103,90.95730000000003,0.007989118807017803,0.019063313802083332,15927.15392918189,17941.34715492671,0.00024928456859044465,30937.5,22571.315072208923,2.0076659522922777,6.791403538914516,5.103838216903324,15.824468836966345,11.011717227896739,13.334096928974374,51.02039228005081
1036.264,1036.279,USV_1297,0.015000000000100044,1.0,133.95299999999997,False,810.7837,944.7366999999999,225.48029999999994,91.52729999999997,0.007678821682929993,0.016326904296875,19481.231448560262,19991.804485788925,0.0012135080642399813,33597.65625,25990.446366967488,2.34830910284316,6.8011492104791635,4.0825608180102435,16.479374774448885,12.483026834171275,16.356206531183595,45.52142778491092
1037.27,1037.307,USV_1298,0.03700000000003456,1.0,133.95299999999997,False,810.7837,944.7366999999999,226.48630000000003,92.53330000000005,0.00904831476509571,0.023406982421875,18264.49104294072,17391.939742938433,0.00040868481061036776,34248.046875,28341.758461108475,3.0049321209074717,5.470803981712638,5.864360071794714,16.00305130574195,12.101397133814238,14.585182418979825,54.73125800278291
1041.87,1041.884,USV_1299,0.014000000000123691,1.0,133.95299999999997,False,810.7837,944.7366999999999,231.08629999999994,97.13329999999996,0.006886666640639305,0.026214599609375,15934.020765782938,14352.364501643744,8.383538165761132e-05,29296.875,19182.474016848377,1.9740520928445342,2.643862756890282,6.19309229320936,14.983802316833259,10.930214404902863,14.27040268795827,49.36947721533585
1042.513,1042.528,USV_1300,0.015000000000100044,1.0,133.95299999999997,False,810.7837,944.7366999999999,231.72929999999997,97.77629999999999,0.008302322588860989,0.02392578125,16554.99057285829,19933.18857987816,0.0003328119072849758,30667.96875,18197.442930800928,2.560040054690454,4.844915391611968,5.639093072310352,14.35756963627073,9.248456695992811,13.672924325374048,44.50217805736884
1045.658,1045.7,USV_1301,0.0420000000001437,1.0,133.95299999999997,False,810.7837,944.7366999999999,234.87429999999995,100.92129999999997,0.008227191865444183,0.029256184895833332,16920.526202894096,15873.911825832936,0.00023019529647870865,31494.791666666668,23184.238265895736,2.114352257219145,7.242499174712681,5.383757834045152,16.10184071963291,12.06690434274561,16.621416219581498,57.46581368875056
1046.81,1046.833,USV_1302,0.023000000000138243,1.0,133.95299999999997,False,810.7837,944.7366999999999,236.0263,102.07330000000002,0.006056878250092268,0.025523792613636364,17894.983242109494,19579.681897037557,0.0005597255291582725,33127.84090909091,21243.09252278393,2.2523129244403437,6.263546209983949,5.614066393513891,13.025872628585574,10.595498102450872,14.64578278921196,49.414648779307214
1046.878,1046.936,USV_1303,0.057999999999992724,1.0,133.95299999999997,False,810.7837,944.7366999999999,236.09429999999998,102.1413,0.009376400150358677,0.015604654947916666,14586.724377088847,15695.691443638134,0.00012743854180889745,29421.875,21481.72046468649,2.7876232564548946,5.87839600398857,5.0897418768165,17.78753107303359,13.017922940573712,13.8367396964803,57.76617233065277
1047.779,1047.798,USV_1304,0.019000000000005457,1.0,133.95299999999997,False,810.7837,944.7366999999999,236.99530000000004,103.04230000000007,0.010092985816299915,0.0196044921875,15676.816172191564,19582.031755177122,0.0014634488971816137,30196.875,20514.81369348137,1.9686276350984984,3.29970040972052,5.266156865345275,11.452940562809072,10.419869094556947,13.849087192239542,47.85293664873205
1055.643,1055.742,USV_1305,0.0989999999999327,,,None,,,,,0.010857485234737396,0.019687750400641024,13588.367896100026,13857.83146992643,4.049945185320601e-05,28430.28846153846,18828.86987971898,2.6865181142376744,4.000556188378969,5.571436499720663,18.025252874695404,11.751672177802241,15.002621834775418,61.3150490213438
1064.742,1064.846,USV_1306,0.10400000000004184,,,None,,,,,0.010775347240269184,0.02696265243902439,13780.55691830735,13621.326451801624,0.00020435918772214616,28035.823170731706,17190.481679813955,2.95933231821375,4.049012180539586,5.388900680163537,16.420744775789093,12.54615140648776,15.444827264123496,60.46213757634632
1070.259,1070.381,USV_1307,0.12200000000007094,,,None,,,,,0.009375915862619877,0.020650227864583332,13830.808729822505,14000.779781073958,6.863792088735423e-05,28736.328125,20481.97729890681,2.689415386946198,4.408263995124664,5.26077813837714,16.755043915473788,11.494765153182572,16.458228849001348,61.162593162523386
1077.007,1077.056,USV_1308,0.04899999999997817,,,None,,,,,0.008357510901987553,0.02711123511904762,15136.239952520315,16250.637955594511,0.00015475149283719674,30879.464285714286,24976.258116613513,2.6222409542245937,5.085815107787334,5.315182808427881,16.478421509087873,12.133741361924764,14.62739518024475,56.154522240859876
1120.387,1120.486,USV_1309,0.09900000000016007,,,None,,,,,0.009493639692664146,0.03328857421875,15404.527396443253,14417.57883675642,0.00014925500339396566,29789.0625,24174.0580681693,2.2955568458996156,5.631285599259061,5.739892687330539,17.36014920168578,10.484409589230932,15.79637275721313,60.94982620316148
1123.308,1123.384,USV_1310,0.07600000000002183,,,None,,,,,0.012043249793350697,0.032565209173387094,14231.665296047842,13462.641434222824,2.8107958877793888e-05,29165.322580645163,18293.809756963125,2.704384100457763,3.4172126352767402,5.49997009716289,17.562573479068785,10.383344254829243,15.865722707114553,62.92143124271237
1127.699,1127.765,USV_1311,0.06600000000003092,,,None,,,,,0.021673163399100304,0.010452835648148149,9711.037806138218,14151.448259832587,0.00035403215591984865,24458.333333333332,25698.754951423194,3.1249095858030618,3.4094115577598822,5.886460873456572,17.82568854974967,10.88425010528589,14.995088967009687,57.0028648223566
1128.068,1128.15,USV_1312,0.08200000000010732,,,None,,,,,0.00950758345425129,0.025553385416666668,13744.779567645634,14297.450826266111,3.1026209875244575e-05,28664.772727272728,22214.79188970676,2.780743866562952,4.583514336506387,4.965372086155743,17.079600554198343,11.304103481427196,16.290199056452003,59.70321711863098
1129.122,1129.213,USV_1313,0.0909999999998945,,,None,,,,,0.019885621964931488,0.026590983072916668,10677.568409681997,11796.97557262132,0.00019031708970210505,22226.5625,19616.257273168692,2.777970015189469,2.370368929503765,7.407029973962346,14.422508988001482,12.434314839555869,15.107905958089795,63.0640720520623
1129.324,1129.404,USV_1314,0.07999999999992724,,,None,,,,,0.026808395981788635,0.0181884765625,8572.826302673486,10864.610668682242,6.668690930676323e-05,19488.28125,21268.000903555432,3.440327874819221,2.2381876127376987,5.866512880792266,16.46558145065227,11.27648946289402,16.227159674129474,61.89911962576687
1131.965,1132.05,USV_1315,0.08500000000003638,,,None,,,,,0.009348064661026001,0.018569048713235295,13376.861901093767,14046.013697483198,4.549627137615516e-05,28670.95588235294,17778.318385617797,2.8982287911000326,2.656220351618997,5.700485774063975,17.779857318229908,10.730599930284527,16.42036595394613,60.2516686821751
1133.07,1133.185,USV_1316,0.1150000000000091,,,None,,,,,0.009316223673522472,0.034837805706521736,16751.923220598543,14236.449456423437,9.713531912984265e-05,30745.92391304348,23232.12839146546,3.023720351686169,5.955595870062745,6.088862931997229,15.648380811196576,11.005112721145814,14.702372065990295,62.278958603435456
1143.109,1143.247,USV_1317,0.13800000000014734,,,None,,,,,0.011459274217486382,0.04721860532407408,14644.133473541355,12370.684661599018,4.591253004059453e-05,27159.722222222223,18395.19612208107,2.438974116842899,5.6517112222473616,5.055998087034737,15.442922826313065,11.566340656552736,16.218236153971823,63.45448576097042
1145.772,1145.83,USV_1318,0.057999999999992724,,,None,,,,,0.01060216873884201,0.026387532552083332,13254.804262216776,13383.4096294479,3.10162539225236e-05,25960.9375,15195.982878870944,2.2016259607088813,5.420126277382873,5.736825663619734,17.73542674794949,11.78085702835489,15.340467061310754,59.61170134880802
1145.973,1146.089,USV_1319,0.11599999999998545,,,None,,,,,0.009856989607214928,0.029997452445652172,14781.627510979408,13643.411980661298,4.7042753301441876e-05,28444.972826086956,20121.496912096936,2.614999814929042,5.660911441369247,5.403573275818459,16.21635520305344,11.950668978825483,14.75276520668205,61.33338976197509
1146.384,1146.517,USV_1320,0.1330000000000382,,,None,,,,,0.009663145057857037,0.021644005408653848,14019.917080299321,13882.668856299297,0.00019717094388907523,28948.91826923077,17797.237557585046,2.7247921749918103,5.49423738169339,5.949518415640777,15.545034509031938,10.274196760296498,15.211797234872863,61.44478323438784
1147.053,1147.17,USV_1321,0.1169999999999618,,,None,,,,,0.008786407299339771,0.032884680706521736,14677.997132373992,13883.210351284,0.0003603362297584855,28691.57608695652,22320.82705474611,2.5965646963691804,3.30769010135021,5.885893700746174,18.831316699394815,11.748271274145003,17.18833924075298,62.900946575836926
1148.855,1148.903,USV_1322,0.04800000000000182,,,None,,,,,0.00865580141544342,0.02603759765625,13867.47934466468,14624.138420697622,3.5827469696811265e-05,29550.0,19808.1377943184,2.3584124291150403,3.6710004797844187,6.285330279452872,18.731292108297136,11.487868794128895,15.123201229683053,57.04355068622649
1156.288,1156.322,USV_1323,0.03399999999987813,2.0,4.470000000000027,False,1150.5707,1155.0407,5.717300000000023,1.2472999999999956,0.010434234514832497,0.015901692708333335,15268.966216446757,17759.636403954497,0.00034494315509684043,31268.75,20269.680212692972,2.1106259475257803,4.433940813325733,4.958663174862011,14.814172472566465,10.137280807115328,13.493050228104979,51.705195668118904
1156.369,1156.478,USV_1324,0.10900000000015098,2.0,4.470000000000027,False,1150.5707,1155.0407,5.7982999999999265,1.3282999999998992,0.01020615454763174,0.017385083575581394,14313.349022184382,15394.784444869149,7.780285369531631e-05,30889.53488372093,22670.850808552786,2.4555913249874517,5.250908866940673,6.215898860381192,16.021915841831536,10.920374967712542,14.585308993761021,59.27958373944868
1156.68,1156.703,USV_1325,0.02299999999991087,2.0,4.470000000000027,False,1150.5707,1155.0407,6.109300000000076,1.6393000000000484,0.010540400631725788,0.00838955965909091,14451.404300162678,17842.905247915074,0.0002214725878686431,30000.0,22191.180135457063,2.561808655752215,3.6284353937149634,8.06170508910889,17.947809876694755,11.565578142108052,16.436279927653583,48.68241908323914
1157.208,1157.255,USV_1326,0.047000000000025466,2.0,4.470000000000027,False,1150.5707,1155.0407,6.637300000000096,2.1673000000000684,0.01091332919895649,0.01888427734375,13640.531597161336,14315.011666777744,2.6628010352548676e-05,29235.9375,21772.887978405142,2.5692397489738648,7.550339986650952,4.84801809390288,17.137986885107523,10.748925789090153,16.504835094193506,56.558737859472885
1157.544,1157.559,USV_1327,0.01499999999987267,2.0,4.470000000000027,False,1150.5707,1155.0407,6.973300000000108,2.503300000000081,0.01007559709250927,0.0352783203125,19886.718393548043,16335.853899825797,0.0005167285461288697,32343.75,24311.655293250144,1.9486831006686112,5.83730431535597,6.940467641873428,15.544694358973342,10.32038032240585,13.233670048607138,48.11883705615281
1158.361,1158.41,USV_1328,0.04899999999997817,2.0,4.470000000000027,False,1150.5707,1155.0407,7.790300000000116,3.3203000000000884,0.008360059931874275,0.030157180059523808,15353.652499668076,15980.843024946042,0.00024153886282924123,31522.321428571428,21044.916269770274,2.12469567722381,7.266084622171617,6.02147708488282,17.654773172606564,11.294932867340023,15.30618665173346,55.42577017097222
1158.726,1158.769,USV_1329,0.04299999999989268,2.0,4.470000000000027,False,1150.5707,1155.0407,8.155300000000125,3.6853000000000975,0.009915223345160484,0.025377061631944444,15007.076580769899,14351.250488084224,0.00013713670481998357,29468.75,20041.10881355543,2.0761096317816143,5.866371118570102,5.871704280867307,16.284909722395945,11.539410498206559,15.388803282486151,59.05861504044381
1160.939,1160.961,USV_1330,0.021999999999934516,2.0,4.470000000000027,False,1150.5707,1155.0407,10.36830000000009,5.898300000000063,0.0104109738022089,0.025523792613636364,16509.78188262953,19538.388242016954,0.000461442663846379,30221.590909090908,17837.839855994833,1.9175940801098703,4.721788244993599,6.302999277563933,12.32008678808831,9.670067401696217,14.21746363119425,48.29945202745498
1161.984,1162.038,USV_1331,0.05400000000008731,2.0,4.470000000000027,False,1150.5707,1155.0407,11.413299999999936,6.943299999999908,0.00909284595400095,0.02383024796195652,16766.851796162737,16351.237011922243,0.0007691249011367397,31557.065217391304,23054.187203358666,2.5344558950369627,5.853685176260688,6.30605204200538,15.87332448348207,10.853112243024983,14.442189949434137,57.61880240333909
1164.397,1164.464,USV_1332,0.06700000000000728,2.0,4.470000000000027,False,1150.5707,1155.0407,13.826299999999947,9.35629999999992,0.01056505274027586,0.021414620535714284,16080.021576133377,15420.11354041398,0.00019001616254818795,28988.839285714286,21703.67354251024,2.416636959113746,4.672837865764096,5.9198326622552235,17.078855859332524,11.003342369534666,14.104311557004285,59.295184713049615
1166.832,1166.934,USV_1333,0.10199999999986176,2.0,4.470000000000027,False,1150.5707,1155.0407,16.26130000000012,11.791300000000092,0.010375971905887127,0.013135956554878049,14465.038831775619,15251.097364838302,7.470609289203717e-05,30464.176829268294,23712.093119582445,2.5607657175401433,5.308109196057771,7.149902537456752,17.323873025334418,11.658818794797627,14.596324688229089,58.37694076158174
1167.427,1167.461,USV_1334,0.0340000000001055,2.0,4.470000000000027,False,1150.5707,1155.0407,16.85629999999992,12.386299999999892,0.007809161674231291,0.028466796875,16109.573103549137,15779.310886423998,0.00014152438980901926,31025.0,19613.252795671837,1.1264822897555606,7.963353703373948,5.797148473400913,16.7986571671637,11.096050848881132,13.615848792465396,54.74217903203944
1167.548,1167.62,USV_1335,0.07199999999988904,2.0,4.470000000000027,False,1150.5707,1155.0407,16.977300000000014,12.507299999999987,0.009707502089440823,0.030829067887931036,14880.624991469535,13954.781568303059,0.00010161041620962208,29017.241379310344,16820.22826002124,2.800086415254042,7.1746098840887615,5.887870688349979,17.19107517780401,11.372508333421017,14.498815205771566,60.063843255510605
1167.943,1167.977,USV_1336,0.0340000000001055,2.0,4.470000000000027,False,1150.5707,1155.0407,17.372299999999996,12.902299999999968,0.008698847144842148,0.024430338541666666,14808.224077074814,15095.973819875268,3.3388027639267434e-05,30087.5,23056.71396695261,1.9314952239196974,6.837956015703393,4.6125857104594035,14.951166593302776,9.239551941415552,13.086627628846333,54.7899089349479
1168.234,1168.313,USV_1337,0.07900000000017826,2.0,4.470000000000027,False,1150.5707,1155.0407,17.663299999999936,13.193299999999908,0.008995534852147102,0.022918701171875,16048.668632908133,15880.726416282929,0.0001535055157701742,31245.1171875,21008.722416881566,2.46980855248155,5.292762050613315,6.162553167743555,16.933786758524498,13.110775891747302,14.73272095245818,58.09642658142566
1169.007,1169.055,USV_1338,0.04800000000000182,2.0,4.470000000000027,False,1150.5707,1155.0407,18.436300000000074,13.966300000000047,0.00963265635073185,0.011376953125,14871.32113284507,16150.498892329988,0.00039874599972414737,30154.6875,18049.224879837057,2.4478773810742296,3.9269108920494142,4.461731662552639,15.280044505409668,11.823809855550724,13.371674941945102,56.03065668296149
1169.672,1169.703,USV_1339,0.03099999999994907,2.0,4.470000000000027,False,1150.5707,1155.0407,19.101300000000037,14.63130000000001,0.00925080943852663,0.015607561383928572,15411.577809465645,17514.141663974653,0.00012844030301223264,30616.071428571428,16680.979683848615,2.2035400781571726,5.019312702090548,5.890897321686702,16.595146333218334,12.275300286428772,13.135170599950618,51.96961578832112
1169.759,1169.782,USV_1340,0.02299999999991087,2.0,4.470000000000027,False,1150.5707,1155.0407,19.188300000000027,14.7183,0.008880718611180782,0.01984197443181818,16527.361306570765,19817.677286168226,0.0005699490522437292,32190.340909090908,25766.52405196058,3.251268519930065,5.865077083415422,4.7004598024356445,14.395658916150076,11.602217461670152,13.497272697174747,47.619905097168
1170.173,1170.24,USV_1341,0.06700000000000728,2.0,4.470000000000027,False,1150.5707,1155.0407,19.602300000000014,15.132299999999987,0.008085931651294231,0.020926339285714284,14914.19674688743,14158.015394841452,3.684646697624598e-05,29953.125,16597.62568945696,2.1788685712638807,5.431994204413487,6.633736706720546,17.092494617161364,12.361950750744445,13.422708629579455,59.37911350199632
1170.339,1170.362,USV_1342,0.023000000000138243,2.0,4.470000000000027,False,1150.5707,1155.0407,19.768299999999954,15.298299999999927,0.008546522818505764,0.007013494318181818,15946.881304305814,18156.39171583591,0.0005586070877688476,31014.204545454544,18319.46694123655,2.438924552112177,4.881876555747916,4.625967426960414,14.655767319548726,12.143609312184553,16.174466268424233,49.12581302852549
1170.472,1170.494,USV_1343,0.021999999999934516,2.0,4.470000000000027,False,1150.5707,1155.0407,19.901299999999992,15.431299999999965,0.008549141697585583,0.019309303977272728,16210.040416990325,17659.988809054073,0.00042183144258775513,29778.409090909092,16816.131077100417,2.441587569633595,5.283203482747134,8.115017189167277,17.064500762557,10.614266300460114,13.469293662440231,49.99906325372269
1172.431,1172.502,USV_1344,0.07099999999991269,2.0,4.470000000000027,False,1150.5707,1155.0407,21.860300000000052,17.390300000000025,0.008818743750452995,0.025483230064655173,15140.906314384905,16063.632516499662,8.862334279057405e-05,31422.41379310345,22875.576483153327,1.5657755834938403,6.038673484826164,4.663262749303498,16.998845413948686,11.2225434287828,13.497632668354854,57.139119491924376
1172.738,1172.785,USV_1345,0.047000000000025466,2.0,4.470000000000027,False,1150.5707,1155.0407,22.16730000000007,17.69730000000004,0.008944263681769371,0.0186767578125,14731.42270281562,16235.927360865384,9.250626506328126e-05,31289.0625,20638.20866177354,1.8070099346925612,6.157959944454139,4.977112860322547,16.682207903843242,12.950378418992193,14.115528758356945,54.43209749166654
1173.064,1173.151,USV_1346,0.08699999999998909,2.0,4.470000000000027,False,1150.5707,1155.0407,22.49330000000009,18.023300000000063,0.008970418013632298,0.019900948660714287,14193.787301066313,14484.58314988927,0.00012673275202360979,29766.964285714286,24951.102215844057,2.5481173394400076,5.137724425531175,7.922995084902831,17.958613973049456,11.927912005009759,16.999239760138046,61.06064328175704
1173.185,1173.332,USV_1347,0.1470000000001619,2.0,4.470000000000027,False,1150.5707,1155.0407,22.614299999999957,18.14429999999993,0.019373027607798576,0.03478582974137931,15427.562366829767,13239.818516962117,0.00023053747884728732,28087.82327586207,20480.86024643119,2.6936302037372792,4.18495221349016,7.8709723563822225,17.05952503720128,11.317869254313383,14.64999600921008,64.07821661970006
1173.511,1173.545,USV_1348,0.0340000000001055,2.0,4.470000000000027,False,1150.5707,1155.0407,22.94029999999998,18.470299999999952,0.013787292875349522,0.015087890625,12610.878620097781,16908.4167502965,0.0003615567055278591,30243.75,25607.431881582,1.8887107103560374,3.039396882569377,5.677897125899934,19.077765070742053,12.306145828270154,13.189154038194408,52.652913030695146
1179.335,1179.37,USV_1349,0.03499999999985448,2.0,4.470000000000027,False,1150.5707,1155.0407,28.76430000000005,24.29430000000002,0.009928272105753422,0.017220052083333333,16031.507803569642,17376.357768619047,0.0003944616248035185,32262.5,19964.48122228922,1.9909437749454288,5.969153613728374,5.163045601071698,15.8762267829807,11.14034514024562,14.556655457602584,54.94052144256859
1179.492,1179.53,USV_1350,0.038000000000010914,2.0,4.470000000000027,False,1150.5707,1155.0407,28.921299999999974,24.451299999999947,0.010592058300971985,0.015409581801470588,14620.616823373839,14662.870276702026,0.00011438606910764036,29454.04411764706,21414.85660799054,2.243704646699613,7.1972893658376185,5.560950975144281,18.319438025660435,12.66542091618409,14.422668001421906,55.79688586718817
1179.674,1179.689,USV_1351,0.015000000000100044,2.0,4.470000000000027,False,1150.5707,1155.0407,29.10329999999999,24.633299999999963,0.008826181292533875,0.028045654296875,19197.062715041386,20066.01993538262,0.000704221771633698,31628.90625,23515.823523033483,2.119582063179137,4.761591737619784,6.299039028445898,12.52292728661843,10.789265941751829,14.83262533776863,45.66434733629504
1179.839,1179.885,USV_1352,0.04600000000004911,2.0,4.470000000000027,False,1150.5707,1155.0407,29.268299999999954,24.798299999999927,0.011088550090789795,0.01700439453125,16041.997347619359,16918.29645271362,0.0005670010817194544,30412.5,21188.159655658572,2.4269686484569393,7.858315279110746,5.851741687193447,13.80518823155999,12.371357575248464,15.3487920298197,55.66964144623986
1180.16,1180.169,USV_1353,0.009000000000014552,2.0,4.470000000000027,False,1150.5707,1155.0407,29.589300000000094,25.119300000000067,0.007278364151716232,0.0289306640625,17421.305520650985,16773.0490117563,0.00029789719608671656,30687.5,21491.05373417841,1.1758845249851655,6.417404157553709,4.064563707169743,12.793910057686873,12.321842032017281,12.846151174817066,42.52721540645456
1180.296,1180.354,USV_1354,0.057999999999992724,2.0,4.470000000000027,False,1150.5707,1155.0407,29.72530000000006,25.255300000000034,0.05179555341601372,0.007893880208333334,7209.569990589691,12035.392404841858,5.424258097972477e-05,17640.625,29385.814125787147,3.9169982234028793,2.631242428168095,6.916401899488423,19.36953187180251,10.602807490584508,15.973917209146057,53.968539163954
1182.422,1182.464,USV_1355,0.041999999999916326,2.0,4.470000000000027,False,1150.5707,1155.0407,31.851300000000037,27.38130000000001,0.006413435563445091,0.029947916666666668,17076.135676089798,16698.94313570617,0.0003948480032717491,32260.416666666668,19051.992178419983,1.4596859609952402,6.268558758423988,5.548052057926458,15.569046013549174,11.419552733144073,15.086058001480747,55.793767743414186
1182.606,1182.636,USV_1356,0.029999999999972715,2.0,4.470000000000027,False,1150.5707,1155.0407,32.03530000000001,27.56529999999998,0.006609407253563404,0.02587890625,16872.181534768573,18329.66210147405,0.0005356788407371341,32671.875,20122.206314219984,1.9372871651153158,6.384866507418572,7.148279703492876,16.099705498361622,10.63680398595175,13.239538169943271,52.09646712625693
1182.991,1182.999,USV_1357,0.008000000000038199,2.0,4.470000000000027,False,1150.5707,1155.0407,32.4203,27.95029999999997,0.008692311123013496,0.02109375,18623.438074926184,23412.433209873256,0.00044347643929825147,35325.0,23811.872218736964,0.8397960715528241,5.8044152972772585,6.251594067884577,13.717749156751216,9.306276817779963,11.873975602307553,34.91955818704235
1183.549,1183.562,USV_1358,0.012999999999919964,2.0,4.470000000000027,False,1150.5707,1155.0407,32.97829999999999,28.508299999999963,0.010502805933356285,0.023123604910714284,14944.590421465264,19978.28681069033,0.0006312253581414168,30522.321428571428,23313.55321876286,2.7283424432189145,3.141478581072685,3.7804821921771863,18.192553342529852,11.842659591607203,14.322772856466889,41.42593170437563
1184.365,1184.417,USV_1359,0.05199999999990723,2.0,4.470000000000027,False,1150.5707,1155.0407,33.79430000000002,29.324299999999994,0.009663943201303482,0.0223388671875,15519.797125964558,16970.50440070764,0.00020220870610702737,31065.340909090908,24818.25531712953,2.074146006445243,8.133684030247819,4.560185018385244,15.750855319214867,10.445842778571253,14.903581556573773,55.3144911386818
1184.47,1184.48,USV_1360,0.009999999999990905,2.0,4.470000000000027,False,1150.5707,1155.0407,33.89930000000004,29.429300000000012,0.00698297843337059,0.028605143229166668,17025.638276079757,18700.4284448777,0.0002238483968663497,31515.625,22070.638347913686,1.3936207904740403,4.263622239155608,4.826146601548135,13.803412144302934,13.164367401049885,16.546940634844564,39.41217344317494
1184.634,1184.668,USV_1361,0.03399999999987813,2.0,4.470000000000027,False,1150.5707,1155.0407,34.06330000000003,29.5933,0.007208375260233879,0.029573567708333335,17031.3757470871,15840.467258858132,0.00015375726159204387,31850.0,20155.870373247588,1.887653627348494,6.057054041353527,6.5617760168877455,16.742080317442504,12.012573225696185,13.930258825488949,54.81845218354771
1186.362,1186.449,USV_1362,0.08699999999998909,2.0,4.470000000000027,False,1150.5707,1155.0407,35.79130000000009,31.321300000000065,0.011403861455619335,0.051088169642857145,18445.976436720895,13430.279737345447,1.2444396585958641e-05,32587.5,25353.452922861765,2.097656330658558,5.178898136372254,5.583811840886556,15.621550025235635,11.966785108889217,16.09568409776797,63.10953844914836
1186.641,1186.701,USV_1363,0.05999999999994543,2.0,4.470000000000027,False,1150.5707,1155.0407,36.07030000000009,31.60030000000006,0.008152823895215988,0.029287109375,16041.579356556424,16596.022051306038,9.875753913540078e-05,31938.75,18282.26947929754,1.8552945447179383,7.254403889112568,6.792116233916629,17.53833600709052,11.71578793122397,13.891956413861172,56.90924936234447
1187.254,1187.262,USV_1364,0.008000000000038199,2.0,4.470000000000027,False,1150.5707,1155.0407,36.68329999999992,32.21329999999989,0.004840719513595104,0.02529296875,17336.80622513481,17172.71536594883,0.00022616008220828677,32081.25,22516.074022912504,1.4451138885129944,4.356454511032412,4.226380122252262,15.240516829919343,10.14537003308719,14.54778157699534,38.85800430073234
1187.927,1187.95,USV_1365,0.023000000000138243,2.0,4.470000000000027,False,1150.5707,1155.0407,37.35629999999992,32.88629999999989,0.008977082557976246,0.019287109375,15669.917703865043,15043.376299471141,2.7995049124602863e-05,31465.909090909092,17933.91323928099,2.403077885202048,7.275459901148722,5.113748399409183,15.365448117510692,11.730633118311516,14.326623502188067,51.62341193686024
1188.036,1188.056,USV_1366,0.01999999999998181,2.0,4.470000000000027,False,1150.5707,1155.0407,37.46530000000007,32.99530000000004,0.00967924389988184,0.01630859375,15838.583509723447,17301.212751521183,0.0003123721213897076,30459.375,19548.71581069307,2.295318583244664,6.405220685784881,6.998162261633827,16.1108676880923,10.347339276368988,13.239755220768942,47.93133859889251
1188.394,1188.427,USV_1367,0.032999999999901775,2.0,4.470000000000027,False,1150.5707,1155.0407,37.82330000000002,33.35329999999999,0.007288026157766581,0.03333333333333333,16256.360188503835,16353.257327560033,0.00023545209468511628,31837.5,18687.170934298592,2.3230461230224915,5.0253145218763615,4.11481691422004,15.03367132134533,12.831957942211655,13.91763229368259,53.33635179293776
1188.752,1188.775,USV_1368,0.023000000000138243,2.0,4.470000000000027,False,1150.5707,1155.0407,38.181299999999965,33.71129999999994,0.009326993487775326,0.023393110795454544,16445.09641700555,18129.348795871265,0.00038357473901957787,30877.840909090908,14820.53590906103,1.4051355254861724,5.709925665045816,5.444279941779778,16.381976403506588,11.781046904213726,12.66527880348466,50.04881212478656
1189.75,1189.816,USV_1369,0.06600000000003092,2.0,4.470000000000027,False,1150.5707,1155.0407,39.17930000000001,34.709299999999985,0.011016620323061943,0.01678240740740741,14236.01720075064,16173.54650574272,0.00026023581171308004,30218.75,16292.73644645719,3.2852833805498642,6.621211450927386,7.442860813014782,18.072224127389674,12.948988201800205,15.037258362055642,56.97723049731718
1192.672,1192.707,USV_1370,0.035000000000081855,2.0,4.470000000000027,False,1150.5707,1155.0407,42.10130000000004,37.63130000000001,0.006661056075245142,0.033935546875,16882.33686524963,18680.56470845533,0.0005605084978428647,33064.453125,16328.774990951177,1.8620773219688953,5.25529879509515,5.340343950937063,15.716161219369008,10.950238246161007,14.003748262967068,52.88998770190764
1193.698,1193.727,USV_1371,0.028999999999996362,2.0,4.470000000000027,False,1150.5707,1155.0407,43.127300000000105,38.65730000000008,0.00730909314006567,0.033785306490384616,16991.082046837684,18008.994543757133,0.00020361191221747408,32423.076923076922,19344.78785319788,1.4241981788442126,4.568240747325683,6.297229629188422,16.11528806254181,9.666755453924065,14.79551843181692,51.374512275281816
1193.782,1193.793,USV_1372,0.010999999999967258,2.0,4.470000000000027,False,1150.5707,1155.0407,43.21129999999994,38.74129999999991,0.010727368295192719,0.013264973958333334,15607.515300758421,20253.078781175365,0.00026141958251272554,31093.75,16361.180901103939,2.3337876980471775,3.6354477685924125,3.2827556876812705,15.073429587991363,10.401741651655374,16.98685651965455,45.28794524480714
1194.117,1194.153,USV_1373,0.03600000000005821,2.0,4.470000000000027,False,1150.5707,1155.0407,43.546299999999974,39.07629999999995,0.006610752549022436,0.031585693359375,15835.26681455695,15458.266221023418,0.00017388899031450764,31417.96875,19670.94220778638,1.8413328349404001,6.367143387290978,6.118140843840143,15.699958816655293,10.705407781915367,16.083234496917164,56.24964122439624
1194.302,1194.339,USV_1374,0.03700000000003456,2.0,4.470000000000027,False,1150.5707,1155.0407,43.73129999999992,39.26129999999989,0.007457642816007137,0.0271148681640625,15317.6366124944,15624.342817400744,8.497473027349417e-05,31171.875,19195.74261565244,4.294421045277525,7.443721358307522,6.9498991002485635,17.402861729948643,10.08714624756264,13.698216803818715,54.76190970162723
1194.37,1194.398,USV_1375,0.02800000000002001,2.0,4.470000000000027,False,1150.5707,1155.0407,43.7992999999999,39.329299999999876,0.009097217582166195,0.024846003605769232,15646.5183420664,16599.471415387474,0.00023659741450880232,30959.134615384617,19268.294260260802,2.0646126438668913,6.056566932654074,3.8861883113675293,14.434466598379622,12.254044993831247,16.042786205218245,51.99135071074428
1195.322,1195.343,USV_1376,0.021000000000185537,2.0,4.470000000000027,False,1150.5707,1155.0407,44.7512999999999,40.281299999999874,0.01064683310687542,0.0304443359375,17905.613267703455,18657.51570404837,0.00019119294586630322,32812.5,16909.24284146993,1.3926966449946576,9.34232722194386,6.37786664250333,12.523584095865228,10.265515788681324,13.855361796573305,48.77506740596547
1196.384,1196.411,USV_1377,0.027000000000043656,2.0,4.470000000000027,False,1150.5707,1155.0407,45.81330000000003,41.3433,0.008928101509809494,0.024489182692307692,16139.66900937853,19423.971969033406,0.00029216011478871447,31139.423076923078,17335.72608064611,2.948001269013596,5.403900871997646,5.021131695986006,12.996731613493553,7.223846267999094,13.46916957255036,50.12099293441794
1196.554,1196.563,USV_1378,0.009000000000014552,2.0,4.470000000000027,False,1150.5707,1155.0407,45.9833000000001,41.51330000000007,0.009255081415176392,0.016357421875,17600.21029619209,23596.055257838012,0.0012735115590908248,31234.375,14769.230769230768,2.0962009879143575,2.2985244531265927,5.5194477648139175,12.43485950908528,9.421140059729497,11.84940685492929,36.53013771805601
1196.687,1196.802,USV_1379,0.1150000000000091,2.0,4.470000000000027,False,1150.5707,1155.0407,46.11629999999991,41.64629999999988,0.009350514970719814,0.023522418478260868,15093.46819569949,14138.171051866984,8.104966670871341e-05,29490.489130434784,16845.346516145044,2.3528473536167316,6.8613954673231605,5.460594375800141,16.782016501632324,11.602873458088956,13.859895145347474,61.267531300478346
1196.875,1196.893,USV_1380,0.018000000000029104,2.0,4.470000000000027,False,1150.5707,1155.0407,46.30430000000001,41.834299999999985,0.00922227744013071,0.031087239583333332,17512.94665026512,16852.912021351334,0.0005392810973164775,29447.916666666668,20889.897711594607,1.8053022600865047,8.460762583916939,4.960582207488811,13.220071427412543,9.657491819464708,14.071646304275431,49.005789271451306
1197.035,1197.052,USV_1381,0.016999999999825377,2.0,4.470000000000027,False,1150.5707,1155.0407,46.464300000000094,41.99430000000007,0.00809425301849842,0.028103298611111112,16122.49831810157,17603.456931782726,0.0004923507251798151,28750.0,14820.173446483797,1.133743843725679,7.433257845969367,5.215314868359112,15.787334874961886,9.608347909112982,16.813684047018825,48.659430772660514
1197.192,1197.206,USV_1382,0.013999999999896318,2.0,4.470000000000027,False,1150.5707,1155.0407,46.62130000000002,42.15129999999999,0.010834013111889362,0.01312255859375,15207.644805349562,20726.157584732482,0.0004874325084255096,30105.46875,16421.89640566402,1.9502537044837136,6.861656911252966,5.389213269226923,14.053580419021266,10.656384816869545,12.567308626148746,42.60837534049399
1197.351,1197.366,USV_1383,0.01499999999987267,2.0,4.470000000000027,False,1150.5707,1155.0407,46.780300000000125,42.3103000000001,0.00917512085288763,0.023101806640625,16824.696048070025,21450.878064980257,0.0010239413251222932,31910.15625,17236.001328664068,1.990753971394832,7.265985780980067,7.419887814856852,13.77012145693859,10.734955916329643,15.366436648461804,42.76982709110677
1197.567,1197.581,USV_1384,0.013999999999896318,2.0,4.470000000000027,False,1150.5707,1155.0407,46.99630000000002,42.52629999999999,0.009283473715186119,0.026702880859375,19034.96739661354,21483.425503633378,0.0010890821411227258,32355.46875,24049.25040344438,1.8617078832254814,4.942910403918349,5.95598617032554,13.582493761758286,9.296696056896469,12.656719747340377,43.47026104175814
1197.763,1197.868,USV_1385,0.10500000000001819,2.0,4.470000000000027,False,1150.5707,1155.0407,47.19229999999993,42.722299999999905,0.008608653210103512,0.028860909598214284,16140.478618645993,15194.017277490344,9.016924274786036e-05,31428.571428571428,19684.982532099173,2.1284586155811556,6.505113257104737,5.3038012391449785,15.774984783841015,12.179136615874848,14.132138545858506,59.97281381256359
1198.195,1198.216,USV_1386,0.020999999999958163,2.0,4.470000000000027,False,1150.5707,1155.0407,47.62429999999995,43.15429999999992,0.01081610843539238,0.01376953125,15080.922906505733,18339.504680844366,0.00048717356719986914,29971.875,15912.501041799076,2.082723126622187,6.090650605323849,3.233377636544225,12.913684721043367,11.661348066489975,15.326513970851792,48.906451291323954
1198.362,1198.377,USV_1387,0.01499999999987267,2.0,4.470000000000027,False,1150.5707,1155.0407,47.79130000000009,43.321300000000065,0.012905869632959366,0.004638671875,13990.232535400646,18161.08454772683,0.00010925206504945037,27468.75,14971.864344839116,2.353562821389655,4.62019712188296,5.190802300836598,14.899604502417906,9.327170226718772,15.931419344210813,44.113951717372814
1199.526,1199.535,USV_1388,0.009000000000014552,2.0,4.470000000000027,False,1150.5707,1155.0407,48.95530000000008,44.48530000000005,0.007248855661600828,0.020914713541666668,19686.912093450155,25781.98102890884,0.0012089200708559243,34359.375,23238.87084580347,2.1760285811818996,3.641576361705836,4.598251746849448,12.57876226647226,9.168507517435788,15.57717795653375,35.278781590174674
1200.639,1200.647,USV_1389,0.008000000000038199,2.0,4.470000000000027,False,1150.5707,1155.0407,50.06829999999991,45.59829999999988,0.009679490700364113,0.021923828125,14512.22856084123,17856.310055332768,0.00020327620685416423,30693.75,17984.671069616623,1.4750725254461385,6.313215145784023,6.27067007291711,18.05202428344805,10.317163528307043,13.11754607227833,37.40194727444317
1201.604,1201.627,USV_1390,0.02299999999991087,2.0,4.470000000000027,False,1150.5707,1155.0407,51.033300000000054,46.56330000000003,0.006877608131617308,0.026500355113636364,16061.78911036199,15264.73837974432,7.601947624287602e-05,31150.56818181818,15058.2662792818,1.7946461407363137,4.469042084032766,5.072559927815345,15.662118007861435,9.927260995424463,14.306578097066536,52.30428415102943
1202.138,1202.155,USV_1391,0.01700000000005275,2.0,4.470000000000027,False,1150.5707,1155.0407,51.56729999999993,47.097299999999905,0.007776353973895311,0.026312934027777776,17230.973745300806,18929.625069872476,0.0009381862017283266,32895.833333333336,18363.786743958346,2.3958368831988093,6.8290230651324775,4.077867425943259,15.143739198933067,12.067183277422183,14.795257175782776,45.27353966385597
1205.46,1205.551,USV_1392,0.0909999999998945,2.0,4.470000000000027,False,1150.5707,1155.0407,54.88930000000005,50.41930000000002,0.009841475635766983,0.020487467447916668,13718.883536127223,14825.944870397028,4.2291472315888656e-05,29747.395833333332,25208.994533430403,2.2104404870114096,6.611019555287781,6.3252374546828225,18.308632823624304,10.664758179352411,14.54587420565783,59.82980570170352
1206.57,1206.673,USV_1393,0.10300000000006548,2.0,4.470000000000027,False,1150.5707,1155.0407,55.99929999999995,51.52929999999992,0.0156557597219944,0.056706126143292686,18565.18428169816,13597.108063291142,9.88618868970792e-05,31829.268292682926,23343.312416178163,1.9698195554851872,6.3025738332073695,6.045862329040645,17.56485666619527,12.331077776423822,13.345791501400313,62.70674811063606
1207.153,1207.184,USV_1394,0.03099999999994907,2.0,4.470000000000027,False,1150.5707,1155.0407,56.58230000000003,52.112300000000005,0.008412186987698078,0.0186767578125,16459.931996438358,16364.953815968529,0.0007313942740341141,31178.571428571428,23163.434660154675,2.7160759788775293,5.464155142746405,5.638931909778265,16.18375983752842,11.829277403207657,13.928450725476807,54.21803537965854
1207.374,1207.384,USV_1395,0.009999999999990905,2.0,4.470000000000027,False,1150.5707,1155.0407,56.803300000000036,52.33330000000001,0.009402805007994175,0.022379557291666668,17311.74870983439,21100.38332771565,0.0006177510180322084,30531.25,14970.218727013118,1.217438692636304,7.551751400485958,6.398784661685216,13.454659051971058,9.39710843205994,14.370468072052022,37.943715248338655
1208.127,1208.187,USV_1396,0.05999999999994543,2.0,4.470000000000027,False,1150.5707,1155.0407,57.556299999999965,53.08629999999994,0.00943660642951727,0.019873046875,15733.715267361073,16489.66008713165,8.523501884228193e-05,31008.75,21516.53532933826,1.6427635571838188,6.848231092333633,5.098756392733082,17.256538099418684,11.833816491654977,15.125969664917134,56.864657724702255
1208.405,1208.439,USV_1397,0.0340000000001055,2.0,4.470000000000027,False,1150.5707,1155.0407,57.834299999999985,53.36429999999996,0.007938861846923828,0.028092447916666666,16243.28587787282,16927.48099451364,0.0002016931044951527,32000.0,23016.194475432283,1.6046299712473138,6.9130520437372995,7.655771541921339,16.12697911444028,10.93567522465844,15.777475854293975,54.16553609095579
1208.605,1208.626,USV_1398,0.020999999999958163,2.0,4.470000000000027,False,1150.5707,1155.0407,58.03430000000003,53.5643,0.00698311859741807,0.03154296875,16102.42679547205,15145.328463481303,0.00023286649186123892,29728.125,15506.504224763989,2.2889006695797263,6.623325154219502,5.998072963639299,13.809078358943854,10.021971030300339,14.976428079570107,55.179517313960766
1210.331,1210.339,USV_1399,0.008000000000038199,2.0,4.470000000000027,False,1150.5707,1155.0407,59.760299999999916,55.29029999999989,0.007731088902801275,0.018505859375,15552.451034363383,17176.345877950098,6.903068741273102e-05,30168.75,23521.224455380045,1.3313010509195382,7.061750174282304,5.0796148990773755,14.908758801150537,11.964994553667308,13.86357357031443,38.28898856900734
1210.697,1210.758,USV_1400,0.06100000000014916,2.0,4.470000000000027,False,1150.5707,1155.0407,60.1262999999999,55.656299999999874,0.008439905941486359,0.0403125,16882.115104646484,14751.530789103976,6.670258168011545e-05,30363.75,23494.358939010053,2.205130597185267,6.844862263760024,5.900509851119489,15.020091763314724,11.705411282821187,14.123769523412738,59.968447351062785
1211.843,1211.909,USV_1401,0.06600000000003092,2.0,4.470000000000027,False,1150.5707,1155.0407,61.27230000000009,56.80230000000006,0.010129529051482677,0.02239764178240741,15589.916756772323,15179.96158111634,0.0002755060845416906,29777.777777777777,20612.289382762658,2.5646046939239833,5.829614436281657,5.3062803851371525,16.03818128872651,11.0099442246403,14.454875474671963,58.669782795008025
1212.402,1212.414,USV_1402,0.011999999999943611,2.0,4.470000000000027,False,1150.5707,1155.0407,61.831300000000056,57.36130000000003,0.010495783761143684,0.015066964285714286,15511.400884705028,19586.733937173158,0.00014148881276834977,29772.321428571428,21377.99989526644,2.170024756342348,5.546532803085188,4.966640346618861,16.59546964995224,11.966619027443443,12.709051258247628,41.26495111543695
1212.993,1213.03,USV_1403,0.03700000000003456,2.0,4.470000000000027,False,1150.5707,1155.0407,62.42229999999995,57.95229999999992,0.010588349774479866,0.0152587890625,15793.258771696434,16869.133503510795,0.00014255035870816253,30205.078125,20397.023405898173,2.7130257193085265,6.579498977769801,7.195646880719348,15.843475903679424,11.756504304008073,15.232698441427802,54.535572147993165
1213.361,1213.399,USV_1404,0.03799999999978354,2.0,4.470000000000027,False,1150.5707,1155.0407,62.790300000000116,58.32030000000009,0.009056337177753448,0.027573529411764705,16666.105294561556,16353.10009398869,0.00017972250417038754,30082.720588235294,20330.052737108752,2.809939082593765,5.3301169482176105,5.80302625096841,13.414603267179853,10.115661659707278,12.933423601349272,55.31138616253302
1213.511,1213.644,USV_1405,0.1330000000000382,2.0,4.470000000000027,False,1150.5707,1155.0407,62.94029999999998,58.47029999999995,0.008117214776575565,0.02733435997596154,15674.979425693766,13967.6878021383,0.00011285534578281859,30165.865384615383,20245.71833709775,2.6092629284005975,5.83355713251855,5.744167971130442,16.745711677031036,11.812354136843185,15.244848327977156,61.73237672367698
1213.711,1213.773,USV_1406,0.06199999999989814,2.0,4.470000000000027,False,1150.5707,1155.0407,63.140300000000025,58.6703,0.009295094758272171,0.02576622596153846,15802.595712291592,15797.822668602592,0.00010639837466381188,30540.865384615383,24910.750741662083,2.0655374174440175,7.406603021719088,6.422553115300241,16.328093849804716,11.166420935674866,13.545713157219788,58.139443544887804
1213.86,1213.948,USV_1407,0.08800000000019281,2.0,4.470000000000027,False,1150.5707,1155.0407,63.28929999999991,58.819299999999885,0.009984632954001427,0.024832589285714284,14784.932037782133,14278.064243525836,8.117678998520477e-05,30010.714285714286,19318.679005421494,2.295573839025117,8.596283467482996,6.9532726332419275,16.991241460429155,11.597140388637923,14.898153017389717,59.35663656472963
1213.982,1214.005,USV_1408,0.023000000000138243,2.0,4.470000000000027,False,1150.5707,1155.0407,63.41129999999998,58.941299999999956,0.010684394277632236,0.006880326704545455,16079.956993922095,20573.078444938794,0.001179313407800446,33059.65909090909,23600.425939062025,2.533696680662098,4.86366149979917,5.471375462475304,13.878473054728191,9.672793816180272,13.619321227259872,47.254247687748965
1214.058,1214.13,USV_1409,0.07200000000011642,2.0,4.470000000000027,False,1150.5707,1155.0407,63.487300000000005,59.01729999999998,0.008110439404845238,0.028269800646551723,15724.332076326436,15030.664887626952,6.834169259699136e-05,30491.379310344826,19933.151889626602,1.5920130393458514,6.664481770277938,6.05470657693233,16.50846761613786,12.778612349477042,13.235580327315473,59.458497573559924
1214.222,1214.268,USV_1410,0.04600000000004911,2.0,4.470000000000027,False,1150.5707,1155.0407,63.65129999999999,59.181299999999965,0.008425976149737835,0.01875,15417.29817403846,15769.322058661408,0.0001441160247095335,30965.625,21430.94142376046,2.886111581850238,7.115159909647451,6.749436048444183,16.55917917870775,13.313478606848909,13.717726126425685,54.94951795543612
1214.428,1214.468,USV_1411,0.03999999999996362,2.0,4.470000000000027,False,1150.5707,1155.0407,63.85730000000012,59.387300000000096,0.010239781811833382,0.01859777113970588,14520.312187851352,16128.499695659793,5.6898392035488955e-05,30170.95588235294,21133.04899882591,1.8991379225083715,7.5799392723053565,6.5374778181401725,17.604488240640443,11.73175305555434,14.489745380419878,54.27735938474142
1214.784,1214.811,USV_1412,0.026999999999816282,2.0,4.470000000000027,False,1150.5707,1155.0407,64.21330000000012,59.74330000000009,0.008720392361283302,0.032674153645833336,16737.654348922184,13866.961238087491,2.3017948338660344e-05,30226.5625,23501.924606403543,2.297319489120851,4.8843568943135205,8.658514720532272,19.21974774389722,10.719995539212071,13.39170370458847,59.3909795035518
1214.876,1214.884,USV_1413,0.008000000000038199,2.0,4.470000000000027,False,1150.5707,1155.0407,64.30529999999999,59.83529999999996,0.010117756202816963,0.01181640625,19435.23946695809,22185.550190633534,0.0016775233618498565,33693.75,24222.66489304815,1.9225938338037138,7.678160592653585,4.830979152269398,14.328710755890674,9.48580840232348,11.509499757155744,35.37232300915814
1215.257,1215.322,USV_1414,0.0649999999998272,2.0,4.470000000000027,False,1150.5707,1155.0407,64.68630000000007,60.21630000000005,0.010126382112503052,0.011366102430555556,14487.246718944134,15162.403648040638,0.00015593857085464412,29868.055555555555,19627.675962468165,3.0890453046855235,4.730314951204354,5.644955324576352,15.51613324313852,12.47925220072976,13.213490546800536,58.000071059570665
1215.884,1215.905,USV_1415,0.020999999999958163,2.0,4.470000000000027,False,1150.5707,1155.0407,65.31330000000003,60.8433,0.007449046708643436,0.0394287109375,18928.271301919456,18171.114564398613,0.0009403713546823312,31809.375,22658.32701260628,3.657543502201513,4.320116225152543,3.6329980096130248,14.778006471944149,10.706872402625413,13.659291127420365,50.80609522658344
1216.329,1216.339,USV_1416,0.009999999999990905,2.0,4.470000000000027,False,1150.5707,1155.0407,65.75829999999996,61.288299999999936,0.004289648961275816,0.042521158854166664,19483.843282220903,20413.729113619363,0.0004654312021472314,34000.0,19342.16314859691,1.9340345172680407,2.1903010753339136,5.260318236180876,12.094562839001156,10.479248485084641,13.086665245053831,38.77782560436153
1216.698,1216.751,USV_1417,0.052999999999883585,2.0,4.470000000000027,False,1150.5707,1155.0407,66.1273000000001,61.65730000000008,0.010438656434416771,0.033647017045454544,14552.442230109002,12956.746889441973,5.6581408261539605e-05,27196.022727272728,15409.666914212878,2.4142506609766072,5.00275734456894,8.809536824196273,17.287335315571717,10.946625527302125,13.364333828871924,60.99643737710767
1216.821,1216.836,USV_1418,0.015000000000100044,2.0,4.470000000000027,False,1150.5707,1155.0407,66.25029999999992,61.7802999999999,0.014351820573210716,0.0152587890625,13078.499487872778,18214.643625040873,0.00020731246056526325,27597.65625,22629.155127118334,2.315022718095995,4.111757168699193,6.626540627729888,16.925180683063687,10.600313757866548,16.456846076660245,44.08949899029972
1216.957,1217.047,USV_1419,0.08999999999991815,2.0,4.470000000000027,False,1150.5707,1155.0407,66.38630000000012,61.91630000000009,0.012252004817128181,0.026231553819444444,13701.874009817308,13271.703873222938,2.2583975828585018e-05,27622.395833333332,18569.83827188814,2.6362180733707734,4.551155909896072,6.810653154401115,18.323937421992138,11.189795191354381,14.15006323120747,61.3231921174194
1217.1,1217.115,USV_1420,0.015000000000100044,2.0,4.470000000000027,False,1150.5707,1155.0407,66.52929999999992,62.059299999999894,0.018217243254184723,0.014190673828125,11767.227222837722,16579.31732220415,0.00025361016825009694,25687.5,21532.78602373108,2.2105159187569137,5.203954805934475,7.333595069732685,14.652949504493247,11.107917768690799,15.261511862224005,46.145914799163634
1217.244,1217.265,USV_1421,0.021000000000185537,2.0,4.470000000000027,False,1150.5707,1155.0407,66.67329999999993,62.2032999999999,0.00879659689962864,0.0242919921875,15402.875655488828,18396.105790666905,0.00043237184232298705,30037.5,21175.987187436924,1.6867264285678574,6.346802403547177,6.391705953859902,17.011550266351996,8.91344726473221,12.92189486334696,48.49406257639576
1217.314,1217.363,USV_1422,0.04899999999997817,2.0,4.470000000000027,False,1150.5707,1155.0407,66.74330000000009,62.27330000000006,0.009175965562462807,0.025239490327380952,14799.677742198179,15396.81405874555,0.00025473052697247704,29745.535714285714,20589.9692350985,1.809774779956717,6.9568509412899315,5.869857614140973,17.04117761095496,10.747527012928169,14.055700235235276,57.13136733590481
1217.777,1217.798,USV_1423,0.020999999999958163,2.0,4.470000000000027,False,1150.5707,1155.0407,67.20630000000006,62.73630000000003,0.005918445531278849,0.028369140625,18351.446605088677,17018.00036144138,0.000391669488433531,33159.375,23884.045092537614,2.739313495456527,4.988222609377595,6.1186709310167995,12.546544995552708,11.781317031461734,14.40720034664495,50.52396778245076
1219.34,1219.365,USV_1424,0.02500000000009095,2.0,4.470000000000027,False,1150.5707,1155.0407,68.76929999999993,64.2992999999999,0.00969209149479866,0.02825927734375,15239.355955351997,14649.420167904585,9.596034750069164e-05,28960.9375,22724.572559185242,2.74893224768257,2.295885155683609,5.210596526750103,19.967628476107212,10.088244814764359,13.476314294068942,53.47943287598587
1219.601,1219.636,USV_1425,0.03499999999985448,2.0,4.470000000000027,False,1150.5707,1155.0407,69.03030000000012,64.5603000000001,0.00953927356749773,0.022884114583333334,16032.884703093632,15858.085262345488,0.00021969990820634502,30256.25,20838.197977399956,1.524318374235136,5.793758578378612,5.831407321374739,16.960090418261483,10.66684418914333,12.987497843594168,55.54640220119093
1220.008,1220.027,USV_1426,0.019000000000005457,2.0,4.470000000000027,False,1150.5707,1155.0407,69.43730000000005,64.96730000000002,0.005199386738240719,0.0350341796875,16413.418814080276,14542.761643475324,0.00011181402144540078,30159.375,17988.768632933785,2.1573235149227017,5.686025005393057,4.250554227960097,15.787663047694021,10.978089851725773,12.90364700557439,54.51577006672083
1221.128,1221.174,USV_1427,0.04600000000004911,2.0,4.470000000000027,False,1150.5707,1155.0407,70.55729999999994,66.08729999999991,0.00908706709742546,0.02205810546875,15870.075625537036,15459.15562262763,0.00029278926754753074,31359.375,21286.49322516399,2.3174860594019915,5.7530570466112705,3.6470047564632475,15.272514374994444,11.121421949973138,14.628273182960816,56.01293468794281
1221.512,1221.551,USV_1428,0.03899999999998727,2.0,4.470000000000027,False,1150.5707,1155.0407,70.94129999999996,66.47129999999993,0.0064375270158052444,0.024816176470588234,16913.655851698913,17124.33843635995,0.0003808777789217552,33292.279411764706,20930.61178963225,2.2096418786420706,5.839127510528645,5.271156086215562,15.504048400970191,10.104978538465367,11.615699831603198,54.758208910858855
1222.023,1222.066,USV_1429,0.04300000000012005,2.0,4.470000000000027,False,1150.5707,1155.0407,71.45229999999992,66.9822999999999,0.008452932350337505,0.030054995888157895,17251.351296177952,18103.71095688535,0.0006855549819362257,32921.05263157895,24853.11658371575,1.9158154103368847,3.7046783839572592,5.452911960211298,15.213481973297165,10.150016993426622,13.603881020179953,55.05370022512749
1223.453,1223.467,USV_1430,0.014000000000123691,2.0,4.470000000000027,False,1150.5707,1155.0407,72.88229999999999,68.41229999999996,0.009995798580348492,0.01446533203125,15419.422313070598,19514.518976783755,0.0003937743212430244,30691.40625,18479.20071725052,1.672025272334937,4.155047742513585,3.2939190427217557,13.562847824007205,10.313659389139682,13.130390847818367,42.65273617135696
1223.637,1223.661,USV_1431,0.024000000000114596,2.0,4.470000000000027,False,1150.5707,1155.0407,73.06629999999996,68.59629999999993,0.007726724725216627,0.028653231534090908,15611.145451457618,14970.083501090627,5.905836206108079e-05,30017.045454545456,17211.005431028556,2.0957751337039934,5.292009444960467,4.473407468075421,16.067747414601936,10.19955518602944,14.000355319138771,52.871175765717005
1224.185,1224.226,USV_1432,0.04100000000016735,2.0,4.470000000000027,False,1150.5707,1155.0407,73.61429999999996,69.14429999999993,0.008208728395402431,0.037109375,18144.3819608346,16279.912402563674,0.00022321504056751972,32588.541666666668,24173.167223901608,1.9384565373141989,5.1539095308231495,4.644662452621247,15.076577913318253,12.493307735791193,14.348908176492131,55.9236918153421
1224.331,1224.382,USV_1433,0.05100000000015825,2.0,4.470000000000027,False,1150.5707,1155.0407,73.76029999999992,69.29029999999989,0.008580699563026428,0.028153852982954544,17016.097091040418,15814.66846518113,0.00013259845467026202,31666.19318181818,24484.517376261738,2.342801160069502,7.843145663839107,6.181371418936306,17.327650806971157,11.4015218492958,14.031952334886755,57.15755255012978
1225.534,1225.576,USV_1434,0.041999999999916326,2.0,4.470000000000027,False,1150.5707,1155.0407,74.96330000000012,70.49330000000009,0.008620403707027435,0.021660698784722224,16377.839809830413,14839.997805226876,1.7675075795886707e-05,30598.958333333332,24855.73397008525,3.178709724982947,5.049319991793973,4.78277925585027,15.792161135261077,12.19171547371652,14.145818214571285,56.884793032861744
1225.711,1225.77,USV_1435,0.05899999999996908,2.0,4.470000000000027,False,1150.5707,1155.0407,75.14030000000002,70.6703,0.007125264499336481,0.032145182291666664,16152.819644155808,15281.560845532336,8.2340356551009e-05,31128.90625,20557.79686800518,2.1578635054195425,5.209635392144936,5.8707836171075485,17.293807891273097,10.875636280656567,15.485447448824681,59.795154615660145
1226.137,1226.224,USV_1436,0.08699999999998909,2.0,4.470000000000027,False,1150.5707,1155.0407,75.56629999999996,71.09629999999993,0.009414763189852238,0.019810267857142856,15806.583168891404,15656.785257751993,0.00010788926718973092,31149.10714285714,21535.528761975354,2.7331979437080838,4.739455847684444,5.6700328682187795,17.12750084712397,11.72679958651332,14.682656388652896,59.4243806981089
1226.316,1226.406,USV_1437,0.08999999999991815,2.0,4.470000000000027,False,1150.5707,1155.0407,75.74530000000004,71.27530000000002,0.008266485296189785,0.025702582465277776,14494.585536431558,14985.867256792944,3.155683983628897e-05,30684.895833333332,18897.100206505205,2.361380234740907,5.282226472228451,6.589325574091479,19.583372142015403,12.125410474249641,14.357399410804753,58.42088491893042
1226.737,1226.849,USV_1438,0.11199999999985266,2.0,4.470000000000027,False,1150.5707,1155.0407,76.16630000000009,71.69630000000006,0.010195336304605007,0.019375887784090908,14762.44537175016,14825.430485998553,5.693619746923567e-05,30125.710227272728,24350.663059468407,2.461492149962089,6.351196574742041,5.396195062493202,16.893920707589075,11.004947685524032,14.299156818961587,60.005567536017885
1226.943,1226.952,USV_1439,0.009000000000014552,2.0,4.470000000000027,False,1150.5707,1155.0407,76.3723,71.90229999999997,0.008526545949280262,0.029947916666666668,17340.432299636377,20976.266434714682,0.0003961321684356533,31203.125,23697.38437543303,2.3292220273593505,4.046657226977781,4.462217425083759,15.503277971510288,9.215122695561833,12.687677638319249,38.135476389453025
1227.059,1227.129,USV_1440,0.06999999999993634,2.0,4.470000000000027,False,1150.5707,1155.0407,76.48829999999998,72.01829999999995,0.008084174245595932,0.027739426185344827,16362.79259670736,16294.009431814433,0.00017298298855748264,32285.560344827587,21542.49317524265,2.9113445367880884,6.3241131429723945,5.629727454038419,17.139616601855273,10.91636617990099,15.117699502574196,57.832797252959175
1227.229,1227.244,USV_1441,0.01499999999987267,2.0,4.470000000000027,False,1150.5707,1155.0407,76.65830000000005,72.18830000000003,0.008472895249724388,0.03387451171875,17711.334239070165,15743.215253910974,9.778908784324465e-05,31195.3125,24044.452884389546,1.5216118118040536,7.438122356701359,5.109707168815994,18.262103281636996,13.35577741613111,15.47434875018226,48.41000776762181
1227.623,1227.632,USV_1442,0.009000000000014552,2.0,4.470000000000027,False,1150.5707,1155.0407,77.05230000000006,72.58230000000003,0.006948804948478937,0.018269856770833332,17408.62542666274,22203.214352773433,0.0005388357913367194,32328.125,19577.178325197525,1.8900869414289494,5.545883947664595,3.37933678233863,12.200208774373296,8.283743777076916,11.513130263746687,36.5586095824255
1227.977,1228.017,USV_1443,0.03999999999996362,2.0,4.470000000000027,False,1150.5707,1155.0407,77.4063000000001,72.93630000000007,0.07833483070135117,0.008358226102941176,7067.3718797246665,11493.793243355702,2.13024394860168e-05,16516.54411764706,29521.042537584595,3.9657553062564728,3.0261161967791854,6.559133150364548,17.27910042085974,10.520774470375754,17.05887123361668,55.41471345764187
1228.246,1228.258,USV_1444,0.011999999999943611,2.0,4.470000000000027,False,1150.5707,1155.0407,77.6753000000001,73.20530000000008,0.012786333449184895,0.009730747767857142,14343.45939350477,21632.18748055495,0.0003588382251421845,29102.678571428572,23747.93326654242,2.022399005872843,3.5627016319570264,7.152642438875654,16.93462089453698,8.247182767226759,15.230657121392678,38.982699047803045
1228.654,1228.667,USV_1445,0.012999999999919964,2.0,4.470000000000027,False,1150.5707,1155.0407,78.08330000000001,73.61329999999998,0.006342759821563959,0.026925223214285716,17924.713425554684,20965.110280348,0.0015191345612646544,32330.35714285714,16200.39924799099,1.2157050537381286,3.552614771903982,6.944738416910385,17.20085003838031,10.390013224573645,17.069875039558898,42.06574433857311
1228.778,1228.791,USV_1446,0.012999999999919964,2.0,4.470000000000027,False,1150.5707,1155.0407,78.20730000000003,73.7373,0.009007977321743965,0.025495256696428572,17942.576168062657,18697.571702186226,0.0005193959102673872,30428.571428571428,23065.350805892285,2.9345556582234797,4.499658329328104,6.9453690558557,12.885270407676114,9.693738605300558,13.788766844071509,43.75812375779676
1230.139,1230.149,USV_1447,0.009999999999990905,2.0,4.470000000000027,False,1150.5707,1155.0407,79.56829999999991,75.09829999999988,0.012696254067122936,0.0238037109375,14477.37243777187,18411.631530284652,0.000438529923355781,28500.0,20347.243577020734,0.8438297647944233,1.8954104722282172,4.97406971280503,10.498757410937097,9.133478368378755,12.884383108983691,38.270680367096176
1230.361,1230.381,USV_1448,0.01999999999998181,2.0,4.470000000000027,False,1150.5707,1155.0407,79.79030000000012,75.32030000000009,0.01813305914402008,0.0128662109375,12724.560122982715,18871.03923283553,0.0005677718462606432,27290.625,20658.46672302375,1.6579465494970773,3.4448701990192303,4.814951756893948,10.33483664774358,9.52223959475314,12.247309715808848,45.391013171874945
1231.919,1231.947,USV_1449,0.027999999999792635,2.0,4.470000000000027,False,1150.5707,1155.0407,81.34830000000011,76.87830000000008,0.011999345384538174,0.013746995192307692,12433.922319431107,16190.756646898271,0.0002235152251080175,27663.46153846154,17434.526232240278,2.3334808337877577,6.706259581420865,4.882224194657545,16.138927402598092,11.930929760540057,13.514938668056296,50.60030117711055
1232.248,1232.256,USV_1450,0.008000000000038199,2.0,4.470000000000027,False,1150.5707,1155.0407,81.67730000000006,77.20730000000003,0.006605610251426697,0.025244140625,15615.303208690224,17771.541046129878,0.00020863848442929188,30806.25,17292.20676637079,0.4592221569960426,6.067121354787956,9.189277395334814,16.411122040854572,10.386318236458177,13.695930456165948,37.89339582854424
1232.289,1232.324,USV_1451,0.035000000000081855,2.0,4.470000000000027,False,1150.5707,1155.0407,81.7183,77.24829999999997,0.010707804933190346,0.0174407958984375,14354.164458282256,16201.509732437571,0.00043485164300072703,28218.75,20193.562936460203,2.109390425126222,3.976226220484081,6.729814651884871,15.821624602026638,11.47854581410505,13.5759327814174,54.648363638795836
1232.667,1232.693,USV_1452,0.026000000000067303,2.0,4.470000000000027,False,1150.5707,1155.0407,82.09629999999993,77.6262999999999,0.007965251803398132,0.032999674479166664,17002.83388980288,15123.125586992057,0.00012201899495852826,31406.25,25726.241426349345,1.6316834622999352,4.256132311523911,5.7499214765820765,15.97250002061359,10.448811899680146,13.804071426371635,54.4812695336538
1233.112,1233.159,USV_1453,0.047000000000025466,2.0,4.470000000000027,False,1150.5707,1155.0407,82.54130000000009,78.07130000000006,0.011056886054575443,0.01287841796875,13042.311014494053,13994.92708083311,3.8280144116612896e-05,27487.5,19279.638950228364,2.6432050545938646,7.764228452576928,6.264289929567568,16.071513052581135,12.192083477658631,13.760618109195232,57.23413355709687
1233.197,1233.206,USV_1454,0.009000000000014552,2.0,4.470000000000027,False,1150.5707,1155.0407,82.6262999999999,78.15629999999987,0.009284776635468006,0.013509114583333334,19440.102611240643,23041.79838630863,0.0008541590884847301,37406.25,27054.547414669418,1.5241696171809938,6.419191112273972,6.018162007957333,13.640849273831547,8.792959944229013,12.034997402000942,38.38864143709118
1233.382,1233.399,USV_1455,0.016999999999825377,2.0,4.470000000000027,False,1150.5707,1155.0407,82.81130000000007,78.34130000000005,0.006758386269211769,0.027153862847222224,16812.0873289589,18539.190170892445,0.00029141372518152857,31083.333333333332,15916.234498837868,1.646987846645085,5.39034075706736,4.499045173580409,13.200802644430869,8.420537765992684,14.10710024854049,47.64625754216502
1233.744,1233.76,USV_1456,0.016000000000076398,2.0,4.470000000000027,False,1150.5707,1155.0407,83.17329999999993,78.7032999999999,0.010888848453760147,0.018402099609375,15008.64584489542,19796.549710805775,0.00029491493598041564,29824.21875,24653.30956431719,2.9683379526789904,3.954336879528503,4.6860785998765735,13.529253646583165,9.545147053257171,13.360244263187827,43.36822943674983
1233.999,1234.014,USV_1457,0.01499999999987267,2.0,4.470000000000027,False,1150.5707,1155.0407,83.42830000000004,78.95830000000001,0.008248969912528992,0.0216064453125,15455.504776418604,19106.006807310958,0.0003102383170694073,29308.59375,15187.42209320439,1.8210508990581689,5.720470657436964,5.314845240098311,12.229724519357667,9.440000886760082,14.078889867683895,44.70741654686737
1234.081,1234.127,USV_1458,0.04600000000004911,2.0,4.470000000000027,False,1150.5707,1155.0407,83.51029999999992,79.04029999999989,0.009650681167840958,0.02506103515625,14946.482201955043,16010.088363420917,0.0002249734119690148,29043.75,18187.101366173247,2.1990327567689545,5.765224876409069,5.714790579955991,18.37942032512504,10.817876891449588,14.120305658088203,57.02652582156385
1234.195,1234.211,USV_1459,0.016000000000076398,2.0,4.470000000000027,False,1150.5707,1155.0407,83.62429999999995,79.15429999999992,0.0065527260303497314,0.03863525390625,16972.85820777484,19000.7544863815,0.00030401371352263155,31078.125,15616.421436599047,2.1470797185648327,4.683335262065959,5.250880681226139,14.01708477810283,10.684925589760711,14.409858726118413,46.83490675158306
1234.253,1234.39,USV_1460,0.13700000000017099,2.0,4.470000000000027,False,1150.5707,1155.0407,83.68229999999994,79.21229999999991,0.008767486549913883,0.029075339988425927,13929.632776934131,13211.457298882087,8.013981487805603e-06,28708.333333333332,21495.605416711387,2.276654159922213,4.720620865141207,6.249127022304014,15.801771495663285,10.96633116763625,13.26181233749646,62.30659625379359
1234.432,1234.447,USV_1461,0.01499999999987267,2.0,4.470000000000027,False,1150.5707,1155.0407,83.86130000000003,79.3913,0.008528176695108414,0.023712158203125,17129.296624642167,21190.80377779022,0.0006484592312924345,32121.09375,17933.90106357039,1.7882775176871921,6.614648714354228,5.968321428863671,13.356251547591782,10.342663608284067,13.27353760773357,43.33718829193844
1237.64,1237.668,USV_1462,0.027999999999792635,2.0,4.470000000000027,False,1150.5707,1155.0407,87.06930000000011,82.59930000000008,0.007468148600310087,0.02820763221153846,17393.40048383776,17781.411449877218,0.00045252354327016706,32322.115384615383,19214.56325066611,2.336163559964417,6.604202745721393,6.172970896700473,14.401299275332423,11.032332045874632,11.675177883782291,52.02444259071258
1238.482,1238.496,USV_1463,0.014000000000123691,2.0,4.470000000000027,False,1150.5707,1155.0407,87.91129999999998,83.44129999999996,0.005426355637609959,0.031982421875,20544.273329654057,23297.02837888487,0.002307325766290369,35812.5,17538.899789369854,1.9785567583540395,5.324151844292641,5.497715661169788,13.462282846542461,9.907931835211325,12.598434437769143,42.98923546873352
1238.555,1238.584,USV_1464,0.028999999999996362,2.0,4.470000000000027,False,1150.5707,1155.0407,87.98430000000008,83.51430000000005,0.008565026335418224,0.01611328125,14946.987291524953,17592.69234446689,0.00032889654363877925,31312.5,17056.131847265777,2.2402903481633105,6.182184063034184,5.334885933779371,15.063227972492438,11.472805526740586,12.695192076960485,50.71261506477481
1238.824,1238.852,USV_1465,0.02800000000002001,2.0,4.470000000000027,False,1150.5707,1155.0407,88.25330000000008,83.78330000000005,0.01185242272913456,0.00897686298076923,15631.85356743722,16938.844857901095,0.00022142237189693253,29408.653846153848,24386.095956416237,2.442833982763924,5.444883293339594,6.592487775664038,14.825989724106973,10.89942173443756,12.481698534487485,52.51370324844517
1238.907,1238.994,USV_1466,0.08699999999998909,2.0,4.470000000000027,False,1150.5707,1155.0407,88.33629999999994,83.86629999999991,0.009395413100719452,0.03152204241071429,15730.690826991176,13619.766184543543,2.247075212598858e-05,29906.25,19567.381477703515,2.6216972575588966,7.815156400366093,5.254058223127757,16.68248744621746,11.01582807343166,13.756470372261077,61.159976920211534
1239.654,1239.689,USV_1467,0.035000000000081855,2.0,4.470000000000027,False,1150.5707,1155.0407,89.08330000000001,84.61329999999998,0.006586800329387188,0.0369873046875,17686.895856761854,18354.24990536276,0.000381640234460836,32701.171875,18723.001545985746,2.8335717755967247,4.876400276359583,4.960406180050194,14.874522959979576,9.967550315987811,13.550917887899308,54.12221742392106
1240.541,1240.554,USV_1468,0.013000000000147338,2.0,4.470000000000027,False,1150.5707,1155.0407,89.97029999999995,85.50029999999992,0.005289165768772364,0.040073939732142856,17778.95303994705,19890.059992590082,0.0007707979482172401,32397.321428571428,15437.164632848111,2.2408747622982284,2.889365701921671,3.8647772239999467,12.368985940525288,10.824711523089386,14.795082072848789,41.73019379486494
1240.679,1240.703,USV_1469,0.023999999999887223,2.0,4.470000000000027,False,1150.5707,1155.0407,90.1083000000001,85.63830000000007,0.010491951368749142,0.01513671875,15181.731783747651,16741.027791915614,0.000215492220389469,30000.0,20757.826810690505,2.618975636545582,5.7773404898846525,4.015947065139811,14.490502439737817,10.928313514397797,14.21306445641386,50.78262975903815
1241.925,1241.945,USV_1470,0.01999999999998181,2.0,4.470000000000027,False,1150.5707,1155.0407,91.35429999999997,86.88429999999994,0.00878247432410717,0.022802734375,16254.92444068935,18773.50598447846,0.00018446229141132363,31650.0,18553.338097518812,3.0973554176048466,9.143203990275161,4.2474954750631415,16.39238107139211,12.342215864296252,15.105962771461076,47.546809071833465
1242.343,1242.376,USV_1471,0.032999999999901775,2.0,4.470000000000027,False,1150.5707,1155.0407,91.77230000000009,87.30230000000006,0.01105200219899416,0.008203125,13913.046215408063,16443.939837426828,0.00015298390584170276,29812.5,24439.762390163796,2.479455689871466,3.184720600547555,8.119201679182694,20.468549866870152,11.772048736686914,14.738597368042747,52.71227272836281
1242.432,1242.502,USV_1472,0.06999999999993634,2.0,4.470000000000027,False,1150.5707,1155.0407,91.86130000000003,87.3913,0.00889031682163477,0.023159684806034482,14414.422029785323,14776.80392502986,3.4708937902145183e-05,30320.043103448275,20108.14968803125,2.4625650686183826,5.801692707064066,6.50425274301645,18.801016845421497,12.062092829980646,14.61494575246819,58.20114379552455
1242.535,1242.625,USV_1473,0.08999999999991815,2.0,4.470000000000027,False,1150.5707,1155.0407,91.9643000000001,87.49430000000007,0.007130431476980448,0.035319010416666664,16608.965288122985,15072.944201481409,0.0002822116346640796,31567.708333333332,20585.791646944384,2.6047807449115847,5.119888534828977,6.772926114598253,18.369917488049662,12.486690956625969,14.47147045568979,59.94957860061326
1243.363,1243.381,USV_1474,0.018000000000029104,2.0,4.470000000000027,False,1150.5707,1155.0407,92.79230000000007,88.32230000000004,0.006540772505104542,0.035101996527777776,17648.159042761934,16794.610791655232,0.00020813658479436857,31520.833333333332,18822.63898518837,1.8159380180415334,4.440232212885055,5.408234108737416,17.449542595458144,12.100289981722039,13.056371066413034,49.42880340557054
1243.866,1243.884,USV_1475,0.018000000000029104,2.0,4.470000000000027,False,1150.5707,1155.0407,93.2953,88.82529999999997,0.008298855274915695,0.03575303819444445,17940.96583447392,18797.417877054555,0.000273083587185777,31729.166666666668,22161.839014231864,1.5475613741270182,5.008319274649674,6.490771564357854,15.718726557578943,8.735149137824273,15.342707999332825,47.31995370378052
1245.397,1245.473,USV_1476,0.07600000000002183,2.0,4.470000000000027,False,1150.5707,1155.0407,94.82629999999995,90.35629999999992,0.006850795820355415,0.03623519405241935,17014.400024198563,14338.796365609956,1.3311234848358439e-05,32621.975806451614,21554.045942502198,1.6456850869337856,6.609280779952293,5.327156185053306,18.26916999091509,11.6846952761819,13.583882736360513,61.230582590798406
1246.378,1246.394,USV_1477,0.016000000000076398,2.0,4.470000000000027,False,1150.5707,1155.0407,95.80729999999994,91.33729999999991,0.007760265842080116,0.04571533203125,21153.66340489787,18689.42265550235,0.0003596182225434004,34617.1875,26251.01783891642,3.599881683444198,5.619794241536946,5.761011210862205,14.407491549691038,10.677072404594533,12.546594150887518,47.75237076623783
1246.473,1246.507,USV_1478,0.0340000000001055,2.0,4.470000000000027,False,1150.5707,1155.0407,95.90229999999997,91.43229999999994,0.013821860775351524,0.017333984375,15384.515245646455,17400.40880084714,0.00028525042194572534,30812.5,24935.072809557067,2.4795421735763776,4.740411579785805,5.838708590132714,15.870705019714157,11.279418634550122,13.195869784181802,52.35042167873026
1246.596,1246.643,USV_1479,0.047000000000025466,2.0,4.470000000000027,False,1150.5707,1155.0407,96.02530000000002,91.55529999999999,0.011607261374592781,0.038818359375,18118.925153781187,15925.240992437155,0.00022730143792752162,32231.25,19167.17926560583,2.255781827912144,4.048551626958417,5.227846823861112,18.655213755156456,10.872501372209715,14.753340909408047,57.69978783154636
1248.66,1248.684,USV_1480,0.023999999999887223,2.0,4.470000000000027,False,1150.5707,1155.0407,98.0893000000001,93.61930000000007,0.00879200641065836,0.027565696022727272,18422.331145871485,19186.290827007084,0.0003951512613040382,33264.204545454544,21671.54344944567,1.6511233590688017,5.130137272644697,5.997404956844432,13.967842200402968,11.392961401191869,12.693133500397442,51.27755625647191
1249.119,1249.182,USV_1481,0.06300000000010186,2.0,4.470000000000027,False,1150.5707,1155.0407,98.54829999999993,94.0782999999999,0.008220616728067398,0.026057316706730768,16164.981796452448,14927.154442375157,6.77933823248608e-05,30558.89423076923,22832.517091891204,1.5480505024185123,7.51779465147773,5.6753368373974755,17.638594678099295,12.143544257106944,14.327773946381743,58.78552116883562
1249.25,1249.264,USV_1482,0.013999999999896318,2.0,4.470000000000027,False,1150.5707,1155.0407,98.67930000000001,94.20929999999998,0.008712783455848694,0.0274658203125,17020.87542019626,18508.394572862282,0.0004663143013097558,30515.625,16906.75418587793,1.3461410177414388,8.329802133074311,4.699765907899067,13.116420767274745,11.989109561605886,12.685004564028084,45.29773665240181
1249.338,1249.351,USV_1483,0.013000000000147338,2.0,4.470000000000027,False,1150.5707,1155.0407,98.76729999999998,94.29729999999995,0.012078979052603245,0.0020926339285714285,15326.073139919617,19822.265011014657,0.00016559277789529977,28821.428571428572,20091.329798440278,2.3292232418483065,4.675476617873525,4.695731396708659,12.459396918647213,8.995737687214506,12.663642991855612,42.11234197351355
1249.721,1249.779,USV_1484,0.057999999999992724,2.0,4.470000000000027,False,1150.5707,1155.0407,99.15030000000002,94.68029999999999,0.007363452110439539,0.020050048828125,15736.283590938954,15622.589140443748,0.00010895774317589103,31378.90625,18014.25550559579,2.4971833813817805,6.51780753842871,5.306344957981333,17.836155323738733,12.187995580403863,13.373971127865879,56.355462043097795
1250.011,1250.019,USV_1485,0.008000000000038199,2.0,4.470000000000027,False,1150.5707,1155.0407,99.44029999999998,94.97029999999995,0.007651840802282095,0.015625,18781.120350597554,19338.827948491213,0.0005055115132680108,34125.0,27101.312843991785,1.9059754723611246,3.0111277303807498,4.38609415287448,13.912244929386924,12.39749562239026,14.818984992385861,39.1957273146612
1250.178,1250.306,USV_1486,0.12799999999992906,2.0,4.470000000000027,False,1150.5707,1155.0407,99.60730000000012,95.1373000000001,0.010010705329477787,0.01806640625,15019.380353199676,14762.110935012079,2.310014664965532e-05,31216.875,24521.88949844556,2.70902899346097,6.505570636829862,5.602083843413422,17.639019566309127,12.480800341910466,14.652096078878241,60.49939680692257
1250.534,1250.559,USV_1487,0.024999999999863576,2.0,4.470000000000027,False,1150.5707,1155.0407,99.96330000000012,95.49330000000009,0.006601663772016764,0.027486165364583332,19760.461011278265,19595.17688840164,0.0010703182589142715,35625.0,26618.380072068656,3.576025836457601,6.034644822508298,6.0500234365650245,14.618925904744508,11.069378677476273,14.734125961436275,50.7581477884491
1250.618,1250.628,USV_1488,0.009999999999990905,2.0,4.470000000000027,False,1150.5707,1155.0407,100.04729999999995,95.57729999999992,0.00667934725061059,0.019246419270833332,18787.600704957764,24168.044311393096,0.0013609527239892673,34640.625,20578.505787256938,2.4422613444142542,1.1205725471748578,5.371599109833842,11.529948305911295,11.22374353086118,11.077368748079275,36.327552145693154
1250.923,1250.936,USV_1489,0.012999999999919964,2.0,4.470000000000027,False,1150.5707,1155.0407,100.35230000000001,95.88229999999999,0.008894122205674648,0.013218470982142858,17237.942214038056,22318.60705766789,0.00047682805608657706,34526.78571428572,18116.398342631626,2.347460911753948,5.170084306704831,6.745289273900311,11.574183624283155,9.745600028505109,11.222967944911959,40.45398109393558
1253.413,1253.459,USV_1490,0.04600000000004911,2.0,4.470000000000027,False,1150.5707,1155.0407,102.84230000000002,98.3723,0.009141644462943077,0.021044921875,16131.46919777554,16525.216197269117,0.00016081543238184343,31621.875,20936.710357854157,2.612652453920259,5.865975456665409,5.698250438048442,17.169141604056488,12.233351266163176,13.389672126229652,55.813303252626994
1256.252,1256.272,USV_1491,0.01999999999998181,2.0,4.470000000000027,False,1150.5707,1155.0407,105.68129999999996,101.21129999999994,0.008903774432837963,0.0219482421875,16041.61993930957,18298.458760375663,0.0009375701867116616,32709.375,20503.768042038668,1.9209121625270362,4.027422133847075,6.357814654513977,18.44628632619903,12.059103804801428,14.43335245558949,47.948655622288776
1265.862,1265.892,USV_1492,0.029999999999972715,2.0,4.470000000000027,False,1150.5707,1155.0407,115.29130000000009,110.82130000000006,0.008573039434850216,0.017717633928571428,16755.299193204944,18077.42919009734,0.00013094715693806285,32122.76785714286,27095.648155271036,2.0227793813554404,5.760211905996684,6.3474135591724465,17.00935294756634,10.164566855897212,12.605901065203977,51.986524395234554
1266.113,1266.211,USV_1493,0.09799999999995634,2.0,4.470000000000027,False,1150.5707,1155.0407,115.54230000000007,111.07230000000004,0.009361827746033669,0.028395432692307692,14259.460922641545,15523.517591365044,0.0001430842583397075,30942.30769230769,24082.41869652304,1.7947899406804515,2.978860616768346,5.872498955910962,18.633080995498496,12.297936284370284,15.980254259753034,59.47607469585457
1266.247,1266.337,USV_1494,0.08999999999991815,2.0,4.470000000000027,False,1150.5707,1155.0407,115.67630000000008,111.20630000000006,0.008506282232701778,0.026380750868055556,15592.72928443912,15108.183974344058,6.913929970483188e-05,30927.083333333332,25063.256134507643,2.6464419765817886,4.897016335719632,7.069906212384942,17.81283015599334,11.968927850853628,15.434039154319244,59.53037784375778
1266.425,1266.467,USV_1495,0.0420000000001437,2.0,4.470000000000027,False,1150.5707,1155.0407,115.85429999999997,111.38429999999994,0.007995303720235825,0.019124348958333332,15563.364257887251,14920.515842393526,3.501220172712174e-05,30640.625,24896.322527603283,2.705892899994433,5.500323841701363,6.084887933668843,16.178968239794138,12.062090625037689,14.387041567347344,56.600439375087085
1266.913,1266.983,USV_1496,0.06999999999993634,2.0,4.470000000000027,False,1150.5707,1155.0407,116.34230000000002,111.8723,0.010957649908959866,0.01794012661637931,15896.404251613061,16247.636175591286,0.00016453350981149846,31312.5,24634.147031962533,2.0219886889275624,5.539050917334604,4.765591582533321,16.182510507389484,13.00182127217194,14.812662931680054,57.06047930479111
1267.026,1267.045,USV_1497,0.019000000000005457,2.0,4.470000000000027,False,1150.5707,1155.0407,116.45530000000008,111.98530000000005,0.005396121647208929,0.025830078125,20297.589559763022,20328.0099021919,0.000832779659361194,35184.375,27138.732502987998,2.6595396040881734,6.46859341370144,5.590972246351516,14.223689813102117,10.157814920078103,13.954807067179882,47.90953264050051
1267.129,1267.142,USV_1498,0.013000000000147338,2.0,4.470000000000027,False,1150.5707,1155.0407,116.55829999999992,112.08829999999989,0.01070006936788559,0.005580357142857143,17435.846438970133,21542.61562866486,0.00044589457093760406,32330.35714285714,19077.46435682976,2.483356000997358,4.122043661388598,2.625666522141189,9.165685404287034,11.885078646359295,12.990544685923808,40.97838702509019
1267.378,1267.419,USV_1499,0.04100000000016735,2.0,4.470000000000027,False,1150.5707,1155.0407,116.80729999999994,112.33729999999991,0.013882408849895,0.017361111111111112,16181.035120546127,16045.826194699579,0.00029841436897631076,29057.291666666668,16407.243512059504,2.7514163443981072,3.7954340915453497,6.6431970663639905,16.83324817274749,12.215819972157453,14.290262718578147,56.76541279489281
1267.522,1267.555,USV_1500,0.03300000000012915,2.0,4.470000000000027,False,1150.5707,1155.0407,116.95129999999995,112.48129999999992,0.009792483411729336,0.015608723958333333,15894.386126627327,18171.72557948186,0.00030731543277613487,31400.0,21504.972811648146,2.163053380272716,5.525522746407991,5.248103892910819,14.972656604643369,10.743986903404057,14.14648785764874,52.180188081574194
1267.597,1267.652,USV_1501,0.055000000000063665,2.0,4.470000000000027,False,1150.5707,1155.0407,117.02629999999999,112.55629999999996,0.009900425560772419,0.025273862092391304,15084.219125129812,13295.793388139724,4.4841953069814516e-05,29209.239130434784,18900.307783644363,2.4883147237185304,5.304806992251108,5.071331233418427,19.18840349551608,12.916639832297726,14.847835403489364,59.510945440021686
1267.815,1267.846,USV_1502,0.03099999999994907,2.0,4.470000000000027,False,1150.5707,1155.0407,117.24430000000007,112.77430000000004,0.011047310195863247,0.011945452008928572,15697.02614590703,16536.167093835054,0.00011200788136770842,30904.01785714286,23482.63857764457,2.4662967923518275,5.2163227523251345,5.530535700458031,12.71874221987601,9.5657916758778,12.9349129497213,53.670279731772396
1268.162,1268.214,USV_1503,0.05199999999990723,2.0,4.470000000000027,False,1150.5707,1155.0407,117.59130000000005,113.12130000000002,0.009145010262727737,0.02252752130681818,16697.01877347123,16887.324916780115,0.00016634938307990728,32181.81818181818,21748.023516413617,2.145508759859526,4.432158908712009,4.633056027033344,15.564350958348085,11.356913943816714,14.664438907293585,56.63017507379797
1270.138,1270.177,USV_1504,0.03899999999998727,2.0,4.470000000000027,False,1150.5707,1155.0407,119.56729999999993,115.0972999999999,0.009316273033618927,0.018052045036764705,14822.041470035107,16757.14512459712,9.726340162071204e-05,31814.33823529412,20011.890255367794,1.9665878888884674,4.8688906692521,4.597031884660574,16.23159622175353,12.081593666443048,15.239668239577645,53.88571862198063
1270.25,1270.265,USV_1505,0.015000000000100044,2.0,4.470000000000027,False,1150.5707,1155.0407,119.67930000000001,115.20929999999998,0.007785957306623459,0.031463623046875,18184.083170750764,14453.668394667791,3.872943094812399e-05,31230.46875,25473.636389635634,2.427892532183146,7.004390704325221,7.871844370181777,16.913832845965402,9.85389340970449,13.787900062502285,51.79820958757637
1270.475,1270.483,USV_1506,0.008000000000038199,2.0,4.470000000000027,False,1150.5707,1155.0407,119.90429999999992,115.4342999999999,0.00939883105456829,0.020166015625,18262.7614482474,18567.30613607724,0.000450036382886739,31350.0,24643.342859380333,1.8547476489905623,5.572845477093201,6.963096360245066,16.96254858258037,10.195807713923156,15.706289220852957,37.86481770021515
1270.584,1270.597,USV_1507,0.012999999999919964,2.0,4.470000000000027,False,1150.5707,1155.0407,120.01330000000007,115.54330000000004,0.008064747788012028,0.0224609375,18466.216007920983,21255.89834108036,0.0006185885315204037,32799.107142857145,16472.1640694497,2.200482344143306,5.143545820719733,4.493549096411837,10.202863388960248,8.691561627283152,9.741118782927803,41.478476583743266
1271.474,1271.484,USV_1508,0.009999999999990905,2.0,4.470000000000027,False,1150.5707,1155.0407,120.90329999999994,116.43329999999992,0.008621161803603172,0.0098876953125,15834.392125888886,17054.06416214598,0.00010170309521055346,30343.75,22593.286994132577,2.142461211856223,4.827782092519691,4.265344272210996,16.845432168759306,11.251928999624326,14.622832671854326,41.13383165738995
1271.754,1271.77,USV_1509,0.016000000000076398,2.0,4.470000000000027,False,1150.5707,1155.0407,121.18329999999992,116.71329999999989,0.0110109131783247,0.018157958984375,15527.606844853079,20216.95944990277,0.0003063063242396884,31031.25,21381.580066120267,2.204599750929015,6.335427876104547,6.967823859143753,14.575004008088754,13.071156226327089,12.97313251509946,43.7893881959091
1272.103,1272.131,USV_1510,0.02800000000002001,2.0,4.470000000000027,False,1150.5707,1155.0407,121.53230000000008,117.06230000000005,0.007449159864336252,0.01611328125,16644.741226076607,18512.448746986185,0.00017052577955854062,32437.5,17587.468770405372,2.6608512051310558,4.312825093091191,4.471868219332171,13.599978598554166,11.402751220122386,15.686793391331946,50.48419417575282
1272.343,1272.397,USV_1511,0.05399999999985994,2.0,4.470000000000027,False,1150.5707,1155.0407,121.77230000000009,117.30230000000006,0.008785013109445572,0.017365828804347828,15605.37282561529,16192.748786220907,0.00018557051377463766,30774.456521739132,23589.09343039763,2.4539743231917486,4.866487898337462,5.9961798142545515,16.01638088268619,11.418956372853154,14.647647746425326,57.08242191684757
1272.714,1272.806,USV_1512,0.09200000000009823,2.0,4.470000000000027,False,1150.5707,1155.0407,122.14329999999995,117.67329999999993,0.008120094425976276,0.02731075802364865,15904.051583400782,14924.600875103359,0.0003588882308990239,30937.5,23110.45604951719,2.3576893796936007,6.428717567243874,5.999356262240545,15.806575535131005,12.309624325242195,14.847331223187098,59.75395482317519
1272.871,1272.894,USV_1513,0.02299999999991087,2.0,4.470000000000027,False,1150.5707,1155.0407,122.3003000000001,117.83030000000008,0.008673404343426228,0.025301846590909092,16172.877433741114,17921.26520703073,0.0003603358554046648,31917.613636363636,25022.946375680258,1.8122248683299127,8.356259414444446,5.429916500687082,17.075047768214255,10.335648221605691,12.345054294410978,49.5847356238826
1273.046,1273.077,USV_1514,0.03099999999994907,2.0,4.470000000000027,False,1150.5707,1155.0407,122.47530000000006,118.00530000000003,0.008665411733090878,0.01953125,14358.402051191393,16198.975338678121,0.00013423598588742063,30622.76785714286,19928.311135109634,1.9419889708499676,7.137313832112828,5.757770152625115,17.235824674714685,10.732495331257747,16.03758014463443,52.335582800218205
1273.106,1273.191,USV_1515,0.08500000000003638,2.0,4.470000000000027,False,1150.5707,1155.0407,122.5353,118.06529999999998,0.010261207818984985,0.021987017463235295,14943.394457996825,14745.406922327655,0.0001170664865685519,30545.95588235294,19087.748162130472,2.6441300404266053,6.642038006645731,6.01008223070313,17.112459695178625,11.914713828482268,14.686081446167917,59.41676266408873
1273.231,1273.269,USV_1516,0.038000000000010914,2.0,4.470000000000027,False,1150.5707,1155.0407,122.6603,118.19029999999998,0.010923604480922222,0.016055836397058824,16047.969135113382,17211.963877887432,0.0005019078179715166,31389.70588235294,23187.120623798466,2.384927550803763,6.210310490258382,4.409995805803595,15.933371656033929,11.234171311864214,13.639856354137876,53.70561075063759
1273.306,1273.375,USV_1517,0.06899999999995998,2.0,4.470000000000027,False,1150.5707,1155.0407,122.73530000000005,118.26530000000002,0.01336396299302578,0.029218401227678572,15570.167328624568,14556.20355591487,8.011224095966109e-05,29484.375,16086.967950832814,2.1531463885749758,5.725295173281455,5.135133221034467,16.916518852642863,12.06139884092153,16.91985884397231,59.94021633182034
1273.455,1273.53,USV_1518,0.07500000000004547,2.0,4.470000000000027,False,1150.5707,1155.0407,122.88429999999994,118.41429999999991,0.008850891143083572,0.03407730594758065,16536.096410445334,14536.181653889922,0.0001323892175879035,30704.637096774193,18406.227078036012,3.386037583421181,6.860581658957327,5.117920599777849,16.045462806552944,12.007396812434767,16.878562616506965,60.45118860554502
1273.602,1273.644,USV_1519,0.041999999999916326,2.0,4.470000000000027,False,1150.5707,1155.0407,123.0313000000001,118.56130000000007,0.007551958784461021,0.035888671875,17284.104223926388,15837.787105815281,0.0004396052974519012,30583.333333333332,20442.57440310438,2.4121184764301695,5.832116919018864,4.947212977148647,16.287879934524636,10.907645178161365,15.877713110287907,57.0237650867933
1273.997,1274.017,USV_1520,0.01999999999998181,2.0,4.470000000000027,False,1150.5707,1155.0407,123.42630000000008,118.95630000000006,0.009510085918009281,0.007666015625,15490.515141816995,20042.863274609153,0.00031316634850615284,33028.125,24332.599320827212,2.417389533718076,4.6311990711805695,4.993963834027719,16.276129527273618,10.607466953475468,13.201775146007666,47.065157854710485
1274.255,1274.295,USV_1521,0.03999999999996362,2.0,4.470000000000027,False,1150.5707,1155.0407,123.68430000000012,119.2143000000001,0.009183697402477264,0.020163143382352942,15884.75317000184,17217.504292691017,0.0003145339538666075,32613.970588235294,18583.649473158155,2.570085891845132,7.118686224348599,6.083349457369511,15.25291105974678,10.829767888951183,13.410918352548526,55.41251525563482
1274.411,1274.434,USV_1522,0.02299999999991087,2.0,4.470000000000027,False,1150.5707,1155.0407,123.84030000000007,119.37030000000004,0.00673868041485548,0.02703302556818182,17057.15760488616,18565.97565663644,0.00041312964569248237,31687.5,21135.32613379433,2.017661737895418,5.159707304921693,6.076433080693667,16.283268596253563,11.012232019351151,14.781689565378736,49.88646825517289
1274.47,1274.483,USV_1523,0.012999999999919964,2.0,4.470000000000027,False,1150.5707,1155.0407,123.89930000000004,119.42930000000001,0.005460598040372133,0.03306361607142857,21027.832572740987,21460.282911334187,0.0007939200843485482,34285.71428571428,25255.97520055959,2.5249415112189744,2.5927453870741597,6.325010625635071,12.979679364850744,9.546288826933605,13.126034191004038,43.35750654806253
1274.558,1274.576,USV_1524,0.018000000000029104,2.0,4.470000000000027,False,1150.5707,1155.0407,123.9873,119.51729999999998,0.008261914364993572,0.020833333333333332,16074.736881703737,17705.454886077972,0.0003048531330734835,31395.833333333332,18591.892305861424,2.739903890397057,6.98199669979514,5.532158488865165,17.461446368366353,10.882554729278452,14.51091210076877,46.510663218423936
1274.623,1274.643,USV_1525,0.01999999999998181,2.0,4.470000000000027,False,1150.5707,1155.0407,124.05230000000006,119.58230000000003,0.00822664424777031,0.0177734375,17575.918045043123,18275.950869115688,0.00034877857879418196,30853.125,18559.01577045468,1.6281008105019381,5.398620970161252,6.718452087133902,14.818151781594153,11.0237995078405,13.0415574109152,48.49941512411455
1274.696,1274.717,USV_1526,0.021000000000185537,2.0,4.470000000000027,False,1150.5707,1155.0407,124.12529999999992,119.6552999999999,0.01031406782567501,0.0124755859375,15391.61771696866,17868.275633840218,0.0002179231093048161,30937.5,19750.90943198751,3.106961850432274,3.08833182800831,6.859262209670028,15.352908905425457,11.797509607818814,12.83710388553719,50.04624348452111
1274.913,1274.925,USV_1527,0.011999999999943611,2.0,4.470000000000027,False,1150.5707,1155.0407,124.34230000000002,119.8723,0.008287404663860798,0.010323660714285714,20455.321720058335,25953.178255246643,0.001115828339791798,36883.92857142857,22225.771853127364,2.2838756477286717,4.4575605103698175,5.248287065555448,9.182643301712853,7.6945069248866735,13.294381471263225,38.81742838873731
1275.009,1275.092,USV_1528,0.08300000000008367,2.0,4.470000000000027,False,1150.5707,1155.0407,124.43830000000003,119.9683,0.00925630982965231,0.017434512867647058,16012.149801391084,16394.539410819314,0.00033465142209233,32087.316176470587,21471.72419684296,2.235107248484919,6.166930322004012,5.991866141671173,16.77990228214792,11.412294975384073,13.977953083351887,57.43370127228303
1275.249,1275.289,USV_1529,0.03999999999996362,2.0,4.470000000000027,False,1150.5707,1155.0407,124.67830000000004,120.20830000000001,0.00943947583436966,0.021728515625,15240.622458181513,15743.703869905983,5.895298291086844e-05,30419.117647058825,19573.267272861773,1.7617968477116002,7.4908916553745275,4.856846122988668,13.718821069000095,11.94410625023325,14.445622293912502,55.42161356314382
1276.179,1276.19,USV_1530,0.010999999999967258,2.0,4.470000000000027,False,1150.5707,1155.0407,125.6083000000001,121.13830000000007,0.008046699687838554,0.020304361979166668,17862.83711817514,21649.984739592222,0.0007804559936951089,31468.75,19960.04021804183,2.7197266724003586,5.17885556422693,6.983517447901241,15.352519980837931,10.819913918716567,13.203316136519014,43.08879700499295
1277.445,1277.469,USV_1531,0.024000000000114596,2.0,4.470000000000027,False,1150.5707,1155.0407,126.87429999999995,122.40429999999992,0.012316814623773098,0.024857954545454544,17796.35710068613,17462.13640846044,0.00022284114087967722,31321.022727272728,24692.185347847884,2.1104776201009585,5.198720848397754,5.7460550016759635,17.693369418508375,13.610556435634827,14.41560816105937,51.438692166608824
1278.406,1278.457,USV_1532,0.05100000000015825,2.0,4.470000000000027,False,1150.5707,1155.0407,127.83529999999996,123.36529999999993,0.010975413955748081,0.017300692471590908,14331.73047026558,15793.004697833972,0.00011342033687593449,29275.56818181818,21763.739831435767,1.6455459820734963,5.045751516387916,4.570945920542497,14.299988829179272,11.043754499677098,14.423494037980275,55.762111622094906
1279.204,1279.234,USV_1533,0.029999999999972715,2.0,4.470000000000027,False,1150.5707,1155.0407,128.63329999999996,124.16329999999994,0.00689042778685689,0.020228794642857144,16757.15413064131,18707.2458364338,0.000388750965679285,32578.125,18208.684250278133,2.3863859681700315,5.1052827699058865,4.143000382550036,12.481145041627576,9.997518138016275,13.29656127450056,51.79239422943319
1279.371,1279.422,USV_1534,0.05099999999993088,2.0,4.470000000000027,False,1150.5707,1155.0407,128.8003000000001,124.33030000000008,0.00940738432109356,0.025460379464285716,16078.473560332543,15400.35377584547,4.873052514693272e-05,30906.25,22796.969565394647,2.527159027349362,6.3817187604560655,6.8125434016285915,18.78328180636142,12.078554939066047,13.82016540110984,58.938761005394454
1279.57,1279.618,USV_1535,0.04800000000000182,2.0,4.470000000000027,False,1150.5707,1155.0407,128.99929999999995,124.52929999999992,0.007337204180657864,0.0402099609375,18531.94880723965,15943.180945292548,0.000296456887179086,31607.8125,25594.83130844898,1.6016911611142717,6.312477981341828,5.739465963936449,17.298953322617066,11.355349430511101,14.625065648006302,58.67582337412796
1279.724,1279.747,USV_1536,0.023000000000138243,2.0,4.470000000000027,False,1150.5707,1155.0407,129.15329999999994,124.68329999999992,0.006667752284556627,0.031671697443181816,18443.732939834983,18877.083550918338,0.000795835684405971,33860.795454545456,25043.65775328707,1.8261671059253126,4.141078355856173,4.99607227782621,11.792950240073049,9.835849496368676,14.958603520915462,49.81936100451382
1280.008,1280.045,USV_1537,0.03700000000003456,2.0,4.470000000000027,False,1150.5707,1155.0407,129.43730000000005,124.96730000000002,0.007512460928410292,0.035888671875,16791.906500505007,15824.426066643568,0.00037356401776806274,31400.390625,23427.754080859246,2.122777637611665,5.937129575894323,4.3766268697648325,16.195654330815785,11.399076840613617,14.453517448362533,54.74696289177208
1285.105,1285.127,USV_1538,0.021999999999934516,2.0,4.470000000000027,False,1150.5707,1155.0407,134.53430000000003,130.0643,0.0083223357796669,0.017733487215909092,16281.540911144182,16926.422736099612,0.00015416787600137545,30596.590909090908,19595.962326157172,1.5103963328193706,7.688878570510844,5.1325359852262515,17.557167958811053,10.143757486519313,15.109368982248286,50.8159637444063
1285.157,1285.217,USV_1539,0.060000000000172804,2.0,4.470000000000027,False,1150.5707,1155.0407,134.58629999999994,130.1162999999999,0.007164444774389267,0.045478515625,16576.879910311276,13388.803029100096,0.00010475528106330907,29302.5,17929.481774113618,2.5618446119726883,6.449831601770052,5.139408213871049,15.764071043542355,10.836772724254256,13.00287257364456,60.8904711892614
1285.353,1285.383,USV_1540,0.029999999999972715,2.0,4.470000000000027,False,1150.5707,1155.0407,134.78230000000008,130.31230000000005,0.008838490583002567,0.023332868303571428,16131.9252404434,16733.00944257563,0.00017790700131403543,30321.428571428572,16391.107473482272,2.0213674064483818,7.315726480916128,5.312179935567414,15.764863527080438,10.692886208328995,12.76349188033718,53.37102340498183
1285.447,1285.492,USV_1541,0.04500000000007276,2.0,4.470000000000027,False,1150.5707,1155.0407,134.8762999999999,130.40629999999987,0.01047678105533123,0.0126953125,13410.400901715191,15999.240579052434,4.8267122729850524e-05,30236.842105263157,16863.261367684303,1.9489715258962117,5.955075710700042,6.117644558592875,17.45612427422557,13.263310761945021,13.876770426981317,55.31045955959974
1285.78,1285.806,USV_1542,0.026000000000067303,2.0,4.470000000000027,False,1150.5707,1155.0407,135.20929999999998,130.73929999999996,0.008771535009145737,0.013102213541666666,16059.679573990608,18383.06852559611,0.0006031421689439823,31695.3125,21808.25213551488,2.7887015408736366,4.268557642040762,4.7188065431083155,14.563150981936788,9.862912475579657,13.011876959478727,49.304073476655866
1286.569,1286.611,USV_1543,0.0420000000001437,2.0,4.470000000000027,False,1150.5707,1155.0407,135.99829999999997,131.52829999999994,0.008441741578280926,0.028767903645833332,16449.33271707515,15906.45326923512,8.041869901795687e-05,30942.708333333332,23745.655202055623,2.614460177827796,5.815645765213687,6.654306640339631,16.97599304306665,13.783113211859066,12.757953198002726,55.296208569735825
1286.737,1286.835,USV_1544,0.09799999999995634,2.0,4.470000000000027,False,1150.5707,1155.0407,136.1663000000001,131.69630000000006,0.009680473245680332,0.02112755408653846,15052.488860306185,15806.657519034556,8.343422452781239e-05,31286.05769230769,19707.501339132916,2.469987000455184,7.3134994210424935,5.549633420114929,17.407854735005657,12.637846810657553,14.01856804635902,58.249066595267394
1287.188,1287.212,USV_1545,0.023999999999887223,2.0,4.470000000000027,False,1150.5707,1155.0407,136.6173000000001,132.1473000000001,0.008516127243638039,0.020862926136363636,16854.181925433277,19182.442010700903,0.0006609305693846653,31832.386363636364,20519.33496843577,2.952374841509165,8.326029303092657,6.569782041211426,16.633340232680037,8.782343222939216,13.388703194987203,49.32601928384677
1287.537,1287.545,USV_1546,0.008000000000038199,2.0,4.470000000000027,False,1150.5707,1155.0407,136.96630000000005,132.49630000000002,0.009494352154433727,0.027734375,18305.616853345415,22422.135797263196,0.0003090691212473234,32231.25,24519.094478405797,2.205719890744463,4.113824333540817,4.286431352469929,11.341981376231729,8.939752436901442,13.853959724837988,34.81416056995935
1287.57,1287.591,USV_1547,0.020999999999958163,2.0,4.470000000000027,False,1150.5707,1155.0407,136.99929999999995,132.52929999999992,0.007829917594790459,0.0175048828125,16999.726535649275,19501.373954479284,0.0006437706997781517,32728.125,17296.3439504606,2.8135717084482317,4.272271463570205,4.647437966894779,10.934360391465072,10.72688791179461,14.061661945953901,47.142115212829935
1288.771,1288.818,USV_1548,0.047000000000025466,2.0,4.470000000000027,False,1150.5707,1155.0407,138.20029999999997,133.73029999999994,0.00886625237762928,0.0263671875,15622.958395784159,15405.1237237059,0.00014088049816400914,29221.875,15375.398921948514,2.3162405723107975,4.688389733464748,4.99572999941429,14.565783116929628,12.56343862601087,13.826092707793654,57.13394961340848
1291.193,1291.209,USV_1549,0.016000000000076398,2.0,4.470000000000027,False,1150.5707,1155.0407,140.6223,136.15229999999997,0.010581634938716888,0.01568603515625,16097.46857362197,17548.06507141113,9.96931429635832e-05,30644.53125,27209.76751769146,1.1275240826724975,6.3185332699801915,4.020916538497943,15.41227153524483,9.901307153548345,11.256351107977615,46.959282902569065
1295.643,1295.659,USV_1550,0.016000000000076398,2.0,4.470000000000027,False,1150.5707,1155.0407,145.07230000000004,140.6023,0.007915657944977283,0.0157470703125,15486.797008616557,17970.752681666436,0.00032617385722256027,31429.6875,16859.792963579217,2.1177792091329426,4.912242121184313,5.982178356703391,14.628991743241007,14.28802796497238,14.3624141384146,45.452596650462624
1296.011,1296.056,USV_1551,0.04500000000007276,2.0,4.470000000000027,False,1150.5707,1155.0407,145.44029999999998,140.97029999999995,0.006609746720641851,0.03193102384868421,17397.35677709342,16133.780179371162,0.0004177569350758118,31514.802631578947,23785.00910392176,2.0519545922635736,6.026744253288936,5.689219177934676,15.288127550936972,10.109527501281784,14.02307391652714,56.94839866418502
1296.811,1296.846,USV_1552,0.035000000000081855,2.0,4.470000000000027,False,1150.5707,1155.0407,146.24029999999993,141.7702999999999,0.006990090012550354,0.0256805419921875,17015.4801058334,17359.5127184705,0.0003710102917946909,31371.09375,21404.865972917913,2.5458959915615527,3.7597423566276538,4.857532482066054,16.283444095745303,10.898449622150622,15.32564948736725,53.299465100882756
1297.16,1297.207,USV_1553,0.047000000000025466,2.0,4.470000000000027,False,1150.5707,1155.0407,146.5893000000001,142.11930000000007,0.010904576629400253,0.01591796875,14195.006206401056,16475.658216118314,0.00013057664436003295,29198.4375,21561.802791167887,2.490639893279475,6.370275325838026,8.030891973975073,14.40128151606084,10.960370171444838,14.383275961178374,55.71517009920309
1298.974,1299.003,USV_1554,0.028999999999996362,2.0,4.470000000000027,False,1150.5707,1155.0407,148.40329999999994,143.93329999999992,0.009061816148459911,0.027268629807692308,17565.449796294673,16137.353024761793,0.0005089718837292117,30887.01923076923,23591.07280514593,1.9510130886661459,5.415754597025235,4.790247669850434,13.657102646335463,11.528527345879686,14.808372389310465,55.4991965478335
1299.035,1299.048,USV_1555,0.012999999999919964,2.0,4.470000000000027,False,1150.5707,1155.0407,148.4643000000001,143.99430000000007,0.00837829988449812,0.020856584821428572,17823.800610694383,20227.101908270248,0.0010939692593230105,31352.678571428572,24070.16932586531,2.398587133839032,7.9156355321639955,6.098800516007727,13.951024496457721,11.0000293198342,15.075247259644442,42.012833800454196
1299.077,1299.164,USV_1556,0.08699999999998909,2.0,4.470000000000027,False,1150.5707,1155.0407,148.5063,144.03629999999998,0.010310966521501541,0.02880161830357143,14980.561826963876,13518.35123830607,2.7331014960502028e-05,29469.64285714286,17450.597518535615,2.131557131298268,7.442417486737085,5.823378361358706,16.16153908368639,12.79901516000843,14.831683189723169,60.80619665773312
1299.782,1299.812,USV_1557,0.029999999999972715,2.0,4.470000000000027,False,1150.5707,1155.0407,149.21129999999994,144.7412999999999,0.008024546317756176,0.025233677455357144,15552.181635169449,15558.622803286791,5.028414737333067e-05,30408.48214285714,23751.17686514396,1.5924448119920644,4.487301935333032,5.478808481621912,14.207082374748538,9.999210422794073,13.54728067088146,55.278378822230984
1300.665,1300.681,USV_1558,0.016000000000076398,2.0,4.470000000000027,False,1150.5707,1155.0407,150.09429999999998,145.62429999999995,0.010322892107069492,0.025665283203125,16845.75424985855,17478.976657038107,0.00033285545362688764,28605.46875,22458.44402433991,2.523277878307855,2.974837495944953,5.165182144698504,15.191226284314805,11.244740081735397,16.666367769553126,48.91193765877993
1304.436,1304.456,USV_1559,0.01999999999998181,2.0,4.470000000000027,False,1150.5707,1155.0407,153.86529999999993,149.3952999999999,0.007367738988250494,0.023046875,16965.829090289255,17379.970855745385,0.0005491365814706301,31096.875,21251.759501220356,2.3296183657159992,5.541680300077288,6.161902301825023,16.189176137910103,10.114618824368893,15.155507049539159,49.83944372631176
1304.541,1304.567,USV_1560,0.026000000000067303,2.0,4.470000000000027,False,1150.5707,1155.0407,153.97029999999995,149.50029999999992,0.007632978726178408,0.02520751953125,16386.67543298358,15697.969007594118,0.00010971607480850866,31054.6875,20052.623735740108,1.9615079903530834,7.018333002569027,4.839172570791406,16.27086061710053,13.487598549648624,15.753864531496959,53.189598511375245
1304.65,1304.679,USV_1561,0.028999999999996362,2.0,4.470000000000027,False,1150.5707,1155.0407,154.0793000000001,149.60930000000008,0.007733754813671112,0.011793870192307692,16813.11529233681,18200.079379907573,0.000535402158776134,32415.865384615383,23130.046378960153,2.3463400351777914,5.579691638249353,5.621623665802334,15.36074644055366,11.359918574156207,14.437968389399746,51.76075314939176
1304.756,1304.796,USV_1562,0.03999999999996362,2.0,4.470000000000027,False,1150.5707,1155.0407,154.1853000000001,149.71530000000007,0.008064848370850086,0.023423138786764705,15347.709060077921,15534.527368380404,5.419807133542305e-05,31251.83823529412,19477.580516712635,2.6206704159418535,6.931976289273471,5.527312323192449,15.992652598934653,10.53637926284009,13.303091709020295,55.415161064078106
1307.814,1307.838,USV_1563,0.023999999999887223,2.0,4.470000000000027,False,1150.5707,1155.0407,157.2433000000001,152.77330000000006,0.00915668997913599,0.02301580255681818,16102.81073409551,18783.545473073966,0.000659174453192704,31227.272727272728,18394.18363669881,1.7313331268560894,4.595385734882973,4.983684595246834,16.31984510120967,10.718032623918829,14.3442355382438,49.51029228498128
1308.058,1308.102,USV_1564,0.044000000000096406,2.0,4.470000000000027,False,1150.5707,1155.0407,157.4873,153.01729999999998,0.009671562351286411,0.025069387335526317,15033.709788625269,14365.313225552145,2.3496255214966385e-05,29328.947368421053,22958.286419216332,1.6618117633893925,6.217938098892468,5.066376091342732,17.068414083034046,9.915004236860952,13.234278617460584,56.69381171150044
1308.427,1308.474,USV_1565,0.047000000000025466,2.0,4.470000000000027,False,1150.5707,1155.0407,157.85629999999992,153.3862999999999,0.00957352016121149,0.02041015625,15504.571410819606,15956.442196648339,0.00032744155940978703,30539.0625,16586.568671646495,2.941517025771033,4.07005933203078,4.706492678131464,15.396870906718672,9.478769281496934,13.846981159122247,56.410311032750066
1308.537,1308.573,USV_1566,0.03600000000005821,2.0,4.470000000000027,False,1150.5707,1155.0407,157.96630000000005,153.49630000000002,0.007228998467326164,0.0305633544921875,16431.868247529957,16987.56034168297,0.001030707601675431,31681.640625,18590.2101396399,2.5013895358232,4.300457397908817,4.6095037634425164,18.52139842796992,9.216352952017967,15.22006162933867,53.93418771886651
1308.764,1308.795,USV_1567,0.031000000000176442,2.0,4.470000000000027,False,1150.5707,1155.0407,158.1932999999999,153.72329999999988,0.00860870536416769,0.012555803571428572,15229.679126419014,17531.329931639244,0.0006489639721816829,30877.23214285714,15222.14711961739,2.5272982288252592,5.2493724462684686,3.7152553829865633,12.231248622652936,11.915020151863347,14.42197337721808,52.2952649019701
1309.432,1309.45,USV_1568,0.018000000000029104,2.0,4.470000000000027,False,1150.5707,1155.0407,158.86130000000003,154.3913,0.007397116161882877,0.011447482638888888,17696.708702881573,20236.910359345577,0.001774311826177403,32531.25,21185.302415464306,2.5362227757933753,3.5324930052350103,4.836928923742083,14.523943945903518,10.336576644610183,15.292786355084717,46.31740580574906
1309.632,1309.648,USV_1569,0.015999999999849024,2.0,4.470000000000027,False,1150.5707,1155.0407,159.06130000000007,154.59130000000005,0.007991328835487366,0.0308837890625,16565.240060836924,18403.79326566309,0.00021010705670055504,30914.0625,22745.86152162587,2.048765440867763,4.760686988039479,5.464936439998608,14.200845036997064,10.995780173836938,14.207073317717887,46.001521623037505
1309.791,1309.834,USV_1570,0.04300000000012005,2.0,4.470000000000027,False,1150.5707,1155.0407,159.22029999999995,154.75029999999992,0.007025528699159622,0.020726254111842105,15337.185859327716,16997.342116950706,0.0002239774732073213,31879.934210526317,17708.856053667925,2.72244608277191,3.8346952180182226,4.756675749872143,17.20515261803433,10.465608269359203,13.977965069531185,55.390599085756236
1309.97,1309.979,USV_1571,0.009000000000014552,2.0,4.470000000000027,False,1150.5707,1155.0407,159.39930000000004,154.9293,0.009894267655909061,0.023356119791666668,17244.648962798634,22352.14544054116,0.0003304215318100675,30843.75,16761.735723133697,0.6541636355224455,7.229365334209871,5.596146075912652,12.052204158966632,9.146679222742506,14.476336897165785,36.282789303812244
1310.139,1310.185,USV_1572,0.04600000000004911,2.0,4.470000000000027,False,1150.5707,1155.0407,159.5682999999999,155.09829999999988,0.008599314838647842,0.02327880859375,16279.460090914692,17954.873175769695,0.0004077247344370269,32484.375,24742.911630627998,2.106296009313984,5.502505119867806,6.556184888094815,15.374668765144467,10.40355144098911,13.752439623250362,54.15756126281532
1310.755,1310.865,USV_1573,0.10999999999989996,2.0,4.470000000000027,False,1150.5707,1155.0407,160.18430000000012,155.7143000000001,0.009522086940705776,0.04215309836647727,16720.98231421433,13898.228010708064,9.145200870572606e-05,30372.86931818182,21645.182586041006,2.007373462439457,5.574979814753633,5.565777377108871,17.16860637366025,11.26107372403067,13.414040654507971,61.78458239925328
1311.176,1311.204,USV_1574,0.02800000000002001,2.0,4.470000000000027,False,1150.5707,1155.0407,160.60529999999994,156.13529999999992,0.012712446972727776,0.012958233173076924,13582.287713406722,17295.84392834427,0.00015877312316931176,30302.884615384617,19170.829896235628,2.57192061298133,5.639111097678678,5.616216303388368,14.741621883582386,11.342601644741979,13.98100009820639,50.90143750035743
1312.96,1312.975,USV_1575,0.01499999999987267,2.0,4.470000000000027,False,1150.5707,1155.0407,162.38930000000005,157.91930000000002,0.020816147327423096,0.009368896484375,14097.532307378915,20082.321130058877,0.0002657972193299871,28054.6875,18610.691841039334,1.9440310405543912,2.407457795709631,10.519037281707007,16.100081128235853,11.20920960748196,13.923980819932403,41.39097827260949
1314.247,1314.267,USV_1576,0.01999999999998181,2.0,4.470000000000027,False,1150.5707,1155.0407,163.67630000000008,159.20630000000006,0.007553743664175272,0.0240966796875,17728.426800978483,20037.369526099737,0.00029681537628642766,33712.5,21573.225400051597,1.68763762463974,3.2389561226025414,4.405755815482557,15.167238268832984,11.703048299508612,14.92088942604577,47.28810988228064
1314.684,1314.718,USV_1577,0.0340000000001055,2.0,4.470000000000027,False,1150.5707,1155.0407,164.11329999999998,159.64329999999995,0.006918008904904127,0.018782552083333334,15759.917141862825,16603.40361033977,0.00022316725148586875,30925.0,18479.564925445702,2.2510496549757577,4.007882043121836,5.796159104683014,15.88213407528571,13.332939077448854,14.72986925518698,53.977083999646084
1315.944,1315.962,USV_1578,0.018000000000029104,2.0,4.470000000000027,False,1150.5707,1155.0407,165.37329999999997,160.90329999999994,0.011329319328069687,0.010091145833333334,14798.208605349213,19492.526147717104,0.00017532448868954633,30572.916666666668,25428.345133084073,2.091168980757988,1.6620730629155356,6.863825714644674,15.384174722142799,10.155086974322025,16.212721575355978,45.29717624765314
1316.548,1316.652,USV_1579,0.10400000000004184,2.0,4.470000000000027,False,1150.5707,1155.0407,165.9773,161.5073,0.00869695469737053,0.020972275152439025,14216.752690907144,14708.561081774342,4.6111967923124795e-05,29892.530487804877,17108.649258860343,2.707478418089892,2.902018982494686,5.329798746408691,18.80374055735369,10.3116995210977,14.10110162428014,59.48201563762887
1317.31,1317.342,USV_1580,0.032000000000152795,2.0,4.470000000000027,False,1150.5707,1155.0407,166.73929999999996,162.26929999999993,0.010291265323758125,0.021344866071428572,15492.033019763072,17655.264389501892,0.00012167290000895049,31084.821428571428,21170.69357429197,2.170775288120605,3.4746862359711708,4.07575045241803,14.09618648283194,10.398167602322676,14.681816863210495,52.06759760601558
1318.118,1318.133,USV_1581,0.015000000000100044,2.0,4.470000000000027,False,1150.5707,1155.0407,167.54729999999995,163.07729999999992,0.0071746245957911015,0.015777587890625,16640.50599091452,18566.927199693208,0.00038223088913212167,30316.40625,16906.352483143542,2.3328979588384637,3.2874478112028527,4.6788352832873805,13.673829093993142,10.208397007494813,10.956796652439149,46.24934960276269
1318.206,1318.238,USV_1582,0.032000000000152795,2.0,4.470000000000027,False,1150.5707,1155.0407,167.63529999999992,163.1652999999999,0.010887659154832363,0.016915457589285716,15207.006348033394,15594.159309790632,0.00014579621678367753,28901.785714285714,20112.50566001648,1.8152330738737419,4.514610620137279,4.244145314746822,17.74321571252691,12.392835497808278,13.550676332170797,55.15521517012282
1318.329,1318.345,USV_1583,0.016000000000076398,2.0,4.470000000000027,False,1150.5707,1155.0407,167.75829999999996,163.28829999999994,0.008923284709453583,0.02618408203125,17630.32821612197,18869.55415511993,0.0005151571110709091,30820.3125,15136.814101079737,2.4364167673462664,3.4611942628822945,5.293575887981825,13.951228162556331,12.288207840252714,12.381845473046322,48.03845048448976
1318.455,1318.469,USV_1584,0.014000000000123691,2.0,4.470000000000027,False,1150.5707,1155.0407,167.88429999999994,163.4142999999999,0.006534734275192022,0.025848388671875,17646.977859183087,20184.03805841002,0.0008066761855353516,31371.09375,15148.830251653953,2.478414883228713,7.979418703445145,5.109694974708881,15.143340707460252,9.754272203333784,12.273368236245172,44.40144277195078
1318.571,1318.611,USV_1585,0.040000000000190994,2.0,4.470000000000027,False,1150.5707,1155.0407,168.00029999999992,163.5302999999999,0.006064743269234896,0.025720932904411766,16434.483172874734,16362.93244126309,0.0003463625761396333,31968.75,19602.567816537834,2.011309570778995,4.61123881428535,6.113294203474998,17.159857012172573,10.72363065522758,15.102035927362435,56.25408995030471
1318.717,1318.729,USV_1586,0.011999999999943611,2.0,4.470000000000027,False,1150.5707,1155.0407,168.1463000000001,163.67630000000008,0.006531063467264175,0.03874860491071429,16705.240509426938,17668.596871118185,0.0001698679627870615,31633.928571428572,28146.202803124317,0.8432667385248998,6.460962041429592,5.377005664893723,15.926226521253016,11.01570112903095,15.303111896481948,43.60443906741841
1319.692,1319.813,USV_1587,0.12100000000009459,2.0,4.470000000000027,False,1150.5707,1155.0407,169.12130000000002,164.6513,0.009170778095722198,0.020517985026041668,14109.368571158695,14288.114884167671,2.109504083994769e-05,29984.375,25545.10042376322,2.229223524731503,3.9544157895863763,4.9300142319741544,18.954244564128143,11.489337426753805,17.20080569430184,59.809981575631895
1321.003,1321.028,USV_1588,0.02500000000009095,2.0,4.470000000000027,False,1150.5707,1155.0407,170.43229999999994,165.9622999999999,0.007885672152042389,0.01580810546875,16467.5060892905,20042.211493598214,0.00043204461642096177,32640.625,18200.233010447384,2.267008924936061,4.482855069465088,4.243074014473591,13.772710556106093,9.46205499517544,12.57438697616731,48.64286106799852
1321.276,1321.284,USV_1589,0.008000000000038199,2.0,4.470000000000027,False,1150.5707,1155.0407,170.70530000000008,166.23530000000005,0.010385766625404358,0.00380859375,15684.352418351647,19636.371840125707,0.00019999950795517103,27993.75,17950.103863778168,2.17996707360809,4.896871104070742,5.528977847201952,14.93873949554963,9.836374089657346,14.781336859596067,36.447489547955485
1321.381,1321.423,USV_1590,0.041999999999916326,2.0,4.470000000000027,False,1150.5707,1155.0407,170.8103000000001,166.34030000000007,0.008900395594537258,0.023247612847222224,16387.343184493686,16225.778700037614,0.0002112534166245848,30968.75,18646.581100664993,2.403649476360687,5.249671576336725,5.187611528774487,16.412447015516165,12.091444985167703,13.921852859650329,55.68598044742215
1321.606,1321.633,USV_1591,0.027000000000043656,2.0,4.470000000000027,False,1150.5707,1155.0407,171.0353,166.56529999999998,0.006359681952744722,0.02942833533653846,16860.717986495285,17708.510558971495,0.00028903519031474984,31918.26923076923,20605.142797290602,3.0208927282567664,3.79254008800481,5.33084816149673,15.353227684042405,10.916840959394872,12.356976074962411,52.02285909202829
1322.159,1322.197,USV_1592,0.03799999999978354,2.0,4.470000000000027,False,1150.5707,1155.0407,171.58830000000012,167.1183000000001,0.011265186592936516,0.014605353860294117,14312.801967604546,15946.587843781004,0.00036108924607855547,30033.08823529412,18579.833370316876,2.3963301552103946,6.591215094453562,7.847441939041882,15.925053071616466,10.866286999073763,14.252749916056402,53.84035453471881
1322.801,1322.81,USV_1593,0.009000000000014552,2.0,4.470000000000027,False,1150.5707,1155.0407,172.23029999999994,167.76029999999992,0.007756740320473909,0.020670572916666668,15834.837150283414,19765.837836377355,0.00021866079817435798,30109.375,16751.60262584372,1.4947966411410505,4.874221081765236,4.881513930760684,17.711845278054167,11.489661770454424,15.21997645712063,37.97755971549589
1324.108,1324.137,USV_1594,0.028999999999996362,2.0,4.470000000000027,False,1150.5707,1155.0407,173.53729999999996,169.06729999999993,0.009652235545217991,0.034292367788461536,18778.49300519137,16799.801292452543,0.00020708894481802166,32841.346153846156,22948.551157510912,3.2114606306084044,3.7406240111740083,4.2842919348898665,16.28118645108519,10.881105818914982,13.860643604157245,54.369779189632645
1324.174,1324.233,USV_1595,0.05899999999996908,2.0,4.470000000000027,False,1150.5707,1155.0407,173.6033,169.13329999999996,0.009778611361980438,0.027689615885416668,15533.083682548664,14769.736987611846,0.00012617377617869333,30093.75,22160.75894604989,3.027269917270779,7.380904881559957,6.4375747921516355,17.221585892650676,11.657906806430619,16.571687106513732,58.71181248960399
1324.831,1324.895,USV_1596,0.06400000000007822,2.0,4.470000000000027,False,1150.5707,1155.0407,174.26029999999992,169.7902999999999,0.011176398023962975,0.018836388221153848,14497.887528977708,14684.03001598271,0.0003715240644394682,29004.80769230769,21991.118851292682,2.7162958001881132,5.44131227709577,6.420145572644936,17.6031034164275,10.692909063569669,13.848440970049381,58.65613785339307
1325.208,1325.265,USV_1597,0.05700000000001637,2.0,4.470000000000027,False,1150.5707,1155.0407,174.6373000000001,170.16730000000007,0.00884393509477377,0.026753743489583332,15577.751478842334,16250.162493443771,0.00020121575802235653,30503.90625,21109.01804219198,2.3145813485827396,3.6729552659249705,4.9504451923655655,15.479821388863192,12.181078458079122,14.46612073580607,57.99201426117785
1325.319,1325.399,USV_1598,0.07999999999992724,2.0,4.470000000000027,False,1150.5707,1155.0407,174.74829999999997,170.27829999999994,0.010808054357767105,0.01993560791015625,15487.794309377852,15259.79837383877,0.0001022422564945675,30509.765625,23985.776919334367,2.6707029704387812,3.4139077637356072,6.227536672961409,17.199790061282453,11.345148207529242,13.643345324521746,58.69596418300398
1325.472,1325.493,USV_1599,0.020999999999958163,2.0,4.470000000000027,False,1150.5707,1155.0407,174.9013,170.43129999999996,0.008089950308203697,0.0160888671875,15903.602762402055,16855.41772162367,7.159832377313073e-05,31021.875,23081.33204615905,2.6968165863673463,4.205447059996058,4.416306224849612,16.240103506011003,12.21632740534145,13.499367980877196,49.49177686087481
1325.747,1325.76,USV_1600,0.012999999999919964,2.0,4.470000000000027,False,1150.5707,1155.0407,175.17630000000008,170.70630000000006,0.0085302060469985,0.021833147321428572,16472.184324917198,19037.177686307365,0.00047188006081730187,30160.714285714286,19703.437554550215,2.002457663501676,4.73422704921529,4.8415655322162845,15.89996198346822,13.120202531829676,17.04957173785557,42.84369531944102
1325.92,1325.935,USV_1601,0.01499999999987267,2.0,4.470000000000027,False,1150.5707,1155.0407,175.34930000000008,170.87930000000006,0.008463740348815918,0.0145263671875,16396.263658444535,18332.084566442943,0.0003880673647883031,29566.40625,17857.941902211227,2.310175093455234,2.4426316917042037,3.9687868776683075,17.838057098746944,10.418498374986582,14.450845294667028,45.860729140967344
1326.211,1326.227,USV_1602,0.016000000000076398,2.0,4.470000000000027,False,1150.5707,1155.0407,175.64030000000002,171.1703,0.010805540718138218,0.020050048828125,15509.957855447048,17632.169269735303,0.00029805659933221574,28699.21875,17006.002479208648,1.5902403732969832,5.34648317831664,5.015683521437344,15.590748623413308,10.577972705397544,12.97911825199262,47.10202872483137
1326.268,1326.31,USV_1603,0.041999999999916326,2.0,4.470000000000027,False,1150.5707,1155.0407,175.69730000000004,171.2273,0.008936062455177307,0.013278537326388888,13656.855405667078,15900.264095340473,8.813385281387595e-05,29416.666666666668,16301.612948346521,2.390855836566601,5.992856365196109,7.361181626462108,19.229641695284247,13.225594135760058,14.893645426493293,55.63618441104745
1326.545,1326.63,USV_1604,0.08500000000003638,2.0,4.470000000000027,False,1150.5707,1155.0407,175.97430000000008,171.50430000000006,0.010057630017399788,0.03729607077205882,17508.50745146134,14414.556494802064,0.00010912763224709085,30587.316176470587,23747.393945153028,2.45142155665898,4.7274057691478655,5.921433232860455,18.983988638755953,10.13079842058164,14.558358594956003,61.66578047160857
1326.846,1326.923,USV_1605,0.07699999999999818,2.0,4.470000000000027,False,1150.5707,1155.0407,176.27530000000002,171.8053,0.007725205738097429,0.030840473790322582,15125.802530966866,14984.250429012656,0.00021954951737467908,30517.137096774193,17617.929850524735,2.944560383792318,6.602305692529177,4.7599908539811535,17.291135066190417,10.434603752596288,14.855638156321165,58.936462068879955
1326.959,1326.992,USV_1606,0.032999999999901775,2.0,4.470000000000027,False,1150.5707,1155.0407,176.38830000000007,171.91830000000004,0.011245591565966606,0.012434895833333333,13603.756614134376,18042.720670377726,0.00035148020134045444,29825.0,19856.937116535097,2.2283922830655123,4.10909713605947,6.133827035025863,15.917439611960827,8.075405006313554,13.498790814588737,50.93544450461435
1328.225,1328.261,USV_1607,0.03600000000005821,2.0,4.470000000000027,False,1150.5707,1155.0407,177.65429999999992,173.1842999999999,0.013660388067364693,0.0174713134765625,14504.475568604626,15823.532175246186,0.0003316574300372862,29917.96875,25084.536150951404,2.640351757398921,4.891559345422312,4.858919043719012,15.22482208725889,12.092253133762771,13.857765219631922,50.76190502191389
1329.136,1329.227,USV_1608,0.09100000000012187,2.0,4.470000000000027,False,1150.5707,1155.0407,178.56529999999998,174.09529999999995,0.008337491191923618,0.028406091638513514,16130.432631205827,15246.387943304942,0.00010346107958756784,31641.891891891893,19935.495871017163,2.1522292954173294,7.529532705474983,5.682973568727471,15.63819623793542,12.006203747592483,13.662036532185086,58.706865710087236
1330.022,1330.059,USV_1609,0.03700000000003456,2.0,4.470000000000027,False,1150.5707,1155.0407,179.45129999999995,174.98129999999992,0.00751990731805563,0.0195159912109375,16000.160509993057,16739.412272599275,0.00012830276122361854,31394.53125,23016.390655020674,1.9294370727039398,4.587814707379641,5.55581242795942,15.396388660885055,12.432019574906857,13.488775459615887,54.322961213007744
1330.11,1330.201,USV_1610,0.09100000000012187,2.0,4.470000000000027,False,1150.5707,1155.0407,179.5392999999999,175.06929999999988,0.008414056152105331,0.02146457981418919,14875.54572442709,15902.35088339266,0.00011659162252522283,31081.925675675677,17834.14824165104,2.01674072668842,5.791759598500029,5.7339523432415875,16.964422164744537,11.903434878377738,15.305320398652608,58.511884640010166
1331.127,1331.145,USV_1611,0.018000000000029104,2.0,4.470000000000027,False,1150.5707,1155.0407,180.55629999999996,176.08629999999994,0.010107481852173805,0.003472222222222222,15501.514805355358,19747.18617149711,0.00029541187053221937,31187.5,25026.925912235944,2.4889378146721017,3.626761949064594,4.812215892231666,11.896112880558723,9.934791196087293,15.43972208944027,45.034417047297346
1331.473,1331.529,USV_1612,0.05600000000004002,2.0,4.470000000000027,False,1150.5707,1155.0407,180.90229999999997,176.43229999999994,0.008687956258654594,0.028670601222826088,17267.51528670848,16250.82027566802,0.0005737639916269856,32156.25,25273.21927243783,2.0727349939174315,6.707472175354408,5.233377649014261,15.198817628562457,11.809015055267531,13.109950473670532,57.34479844786676
1331.597,1331.62,USV_1613,0.02299999999991087,2.0,4.470000000000027,False,1150.5707,1155.0407,181.0263,176.55629999999996,0.007111820392310619,0.024169921875,16536.736532084196,17036.830012639253,0.00024938712322151324,31107.954545454544,25214.776409083956,1.5246267206856154,6.376283354137967,3.613705782819103,15.437652054105895,11.351719231759953,16.280893364354622,51.08789051717667
1331.761,1331.773,USV_1614,0.011999999999943611,2.0,4.470000000000027,False,1150.5707,1155.0407,181.19029999999998,176.72029999999995,0.005159412045031786,0.03236607142857143,17756.079220217383,15646.735414373261,0.00011696866217154776,31700.89285714286,26398.755018646032,3.9217972195662356,2.5283467207909234,3.741247818875402,13.760760269025669,10.188059216871157,12.044215233226067,51.345095552388734
1331.921,1331.94,USV_1615,0.019000000000005457,2.0,4.470000000000027,False,1150.5707,1155.0407,181.35030000000006,176.88030000000003,0.007368204649537802,0.0314453125,18484.39809332339,18934.00120568013,0.00027867706875684984,33328.125,26337.75176987793,1.5446499507029272,6.758279120318834,6.129733542474447,13.730563821729124,9.311364147227179,12.433552769706642,48.21413513246536
1332.287,1332.332,USV_1616,0.04500000000007276,2.0,4.470000000000027,False,1150.5707,1155.0407,181.71630000000005,177.24630000000002,0.007118300534784794,0.033203125,16765.72965151184,15218.330431795737,0.0002987906938284557,31722.03947368421,27516.579109932743,1.4814055287989079,5.068280213628509,5.899761673510463,17.195786082110804,11.868449038903124,14.111935520454102,57.34099094693843
1332.46,1332.502,USV_1617,0.041999999999916326,2.0,4.470000000000027,False,1150.5707,1155.0407,181.88930000000005,177.41930000000002,0.007321873679757118,0.0286865234375,17528.130261398626,16637.659563819303,0.00027219388245454217,32161.458333333332,24999.606162977194,2.0776001728381526,5.3156598023903205,4.397647834655067,15.072270159048596,9.809298951021466,13.632521636068352,55.48512523152237
1336.479,1336.513,USV_1618,0.03399999999987813,2.0,4.470000000000027,False,1150.5707,1155.0407,185.90830000000005,181.43830000000003,0.01158503070473671,0.008268229166666667,13410.25397206665,17116.92661037611,0.00029042293742693066,28687.5,15636.637287754456,2.4653563006654338,6.258932929269283,3.863550078635166,15.441692547479404,11.088027590404431,14.138058247288216,52.728602538153574
1337.387,1337.449,USV_1619,0.06200000000012551,2.0,4.470000000000027,False,1150.5707,1155.0407,186.81629999999996,182.34629999999993,0.01169138215482235,0.01732459435096154,14447.963840690089,15557.913563769234,0.0002090231098865131,30169.471153846152,21063.47349651453,2.37977567339391,7.598737716522266,5.28492921202413,17.194155975970926,11.47921248139693,14.545801851858467,56.34670378107574
1337.53,1337.544,USV_1620,0.014000000000123691,2.0,4.470000000000027,False,1150.5707,1155.0407,186.95929999999998,182.48929999999996,0.010836677625775337,0.00567626953125,16896.806142134374,21837.952760405162,0.0010831137684753787,31417.96875,18808.93949440308,2.214943627985205,5.336741423576475,5.860641494019905,12.55693099948469,9.673420021758874,13.304892439372246,41.97500439127213
1337.696,1337.771,USV_1621,0.07500000000004547,2.0,4.470000000000027,False,1150.5707,1155.0407,187.12529999999992,182.6552999999999,0.008496361784636974,0.030627835181451613,14651.758902313424,14498.011781209498,0.0002021589660928332,28363.91129032258,14995.195793282777,2.2637090930756107,5.476242707433884,7.0848740223495,17.72477907363156,12.07640380314122,14.009879067457648,58.985370863475175
1338.58,1338.663,USV_1622,0.08300000000008367,2.0,4.470000000000027,False,1150.5707,1155.0407,188.00929999999994,183.5392999999999,0.009589619934558868,0.023782169117647058,14233.111823807329,15259.726545835714,0.00017107625999528985,29942.095588235294,22832.476003741416,2.1157227549942346,5.595144321813924,5.6817534029037855,18.27742906905041,12.61487111760839,14.291219289728934,58.6339973555428
1339.399,1339.421,USV_1623,0.02200000000016189,2.0,4.470000000000027,False,1150.5707,1155.0407,188.8282999999999,184.35829999999987,0.009402753785252571,0.02203924005681818,15592.767613933162,17139.815119613664,0.000349914195358049,29752.840909090908,14769.230769230773,2.3167409374438153,5.442942888779838,5.095443502110092,15.69958493244175,9.748216859444836,13.327044844356607,51.5017894506958
1340.387,1340.445,USV_1624,0.057999999999992724,2.0,4.470000000000027,False,1150.5707,1155.0407,189.81629999999996,185.34629999999993,0.01051842700690031,0.028065999348958332,12681.17248939193,13606.681197420932,9.785718573561516e-05,26847.65625,15697.45919504589,1.6298050352148195,4.393502724115706,8.29180538376878,16.444236239879746,10.668502258238581,17.55620101102206,59.535746655721205
1341.535,1341.628,USV_1625,0.0929999999998472,2.0,4.470000000000027,False,1150.5707,1155.0407,190.9643000000001,186.49430000000007,0.008834433741867542,0.02490234375,15569.807214969045,15249.020773149077,4.814919909878375e-05,31132.60135135135,26640.937651640143,2.1654984023563215,5.446380552337307,5.800184369114314,18.762266936221625,12.681015565967126,14.39196784877503,59.61325511491993
1342.151,1342.168,USV_1626,0.016999999999825377,2.0,4.470000000000027,False,1150.5707,1155.0407,191.58030000000008,187.11030000000005,0.008818788453936577,0.018391927083333332,16316.49072440855,18854.186975353674,0.0003469560015590291,30958.333333333332,23474.423964216367,2.055808715937707,6.6581017866697545,5.8803802412694255,15.200375841962929,9.214442552721897,13.503784075897194,44.81887820053751
1342.49,1342.505,USV_1627,0.015000000000100044,2.0,4.470000000000027,False,1150.5707,1155.0407,191.91930000000002,187.4493,0.010384815745055676,0.022003173828125,15794.463160726467,17459.614049632866,0.0001338398189547228,29484.375,20143.16222204837,1.4805954230469958,6.391148097979351,5.0129256285199535,16.537008641899362,12.826531752010773,15.868614212317322,46.261862599338556
1343.191,1343.201,USV_1628,0.009999999999990905,2.0,4.470000000000027,False,1150.5707,1155.0407,192.62030000000004,188.15030000000002,0.008751763962209225,0.015299479166666666,18758.40210388843,23058.96149630249,0.0005064523325408403,32843.75,25985.995427648766,2.3792229440724117,4.5601050304389945,6.063422175921029,12.77513775763994,8.99805495028484,12.025401090232947,36.50533597917796
1343.242,1343.332,USV_1629,0.09000000000014552,2.0,4.470000000000027,False,1150.5707,1155.0407,192.67129999999997,188.20129999999995,0.019174689427018166,0.022318522135416668,12320.173104660453,14416.695319203172,6.433838263300954e-05,26760.416666666668,23121.980218796423,2.0003716593365195,3.5746326695449286,6.202663235630975,19.394464824831243,11.901383107801715,14.729089428526569,54.961347443699346
1343.804,1343.818,USV_1630,0.013999999999896318,2.0,4.470000000000027,False,1150.5707,1155.0407,193.2333000000001,188.76330000000007,0.007230003364384174,0.0283203125,16747.863891463538,16997.29636470475,0.00022206246429666159,30703.125,20347.34393574574,1.7727481580984912,4.84215837876304,5.330656945050693,14.006888344565862,11.507697461220932,14.888215525610015,45.78306490472346
1344.148,1344.254,USV_1631,0.10599999999999454,2.0,4.470000000000027,False,1150.5707,1155.0407,193.57729999999992,189.1072999999999,0.007013557944446802,0.031075613839285716,16375.220906617184,15451.152408007296,0.0002471123439511194,31933.035714285714,22127.337339235146,2.9018169564242395,6.9392948584526115,6.94608997703682,17.931328531456636,11.157786460862402,13.397968088398944,59.92560031356719
1344.367,1344.422,USV_1632,0.055000000000063665,2.0,4.470000000000027,False,1150.5707,1155.0407,193.79629999999997,189.32629999999995,0.008655689656734467,0.019510020380434784,15792.101292831218,17005.71709511273,0.00024650001819752105,31773.097826086956,22981.388371899462,2.5404060776733495,3.729860429499278,5.345457780207514,16.48582698963725,10.557156119787535,13.801776496020643,56.238651488965644
1344.669,1344.761,USV_1633,0.09199999999987085,2.0,4.470000000000027,False,1150.5707,1155.0407,194.0983000000001,189.62830000000008,0.007923206314444542,0.021563555743243243,15266.835508086597,15567.612787780818,7.22537413834794e-05,31312.5,21522.90113032997,2.3448320928744733,5.038986607267533,6.422900479968178,17.703367761040322,13.051032728192409,14.52721051467005,58.585489342242354
1344.847,1344.908,USV_1634,0.06099999999992178,2.0,4.470000000000027,False,1150.5707,1155.0407,194.2763,189.80629999999996,0.008124220184981823,0.032353515625,16793.074464143883,15519.801621616842,0.00018014821081570827,31293.75,22019.970343102035,2.568609703215312,6.502074059675363,5.681419423391029,18.08808730084111,12.586897544141095,13.883502457849634,58.5956261952373
1351.816,1351.866,USV_1635,0.049999999999954525,2.0,4.470000000000027,False,1150.5707,1155.0407,201.24530000000004,196.77530000000002,0.008752498775720596,0.03005254836309524,15175.924265122987,14249.345020562674,6.980494158494139e-05,29196.428571428572,17595.77649282479,2.163225752448451,5.478975636794917,4.696822818832468,15.076943231588752,11.063844111695143,13.513495384104623,57.94870877485763
1354.364,1354.407,USV_1636,0.04299999999989268,2.0,4.470000000000027,False,1150.5707,1155.0407,203.79330000000004,199.32330000000002,0.005883523263037205,0.044270833333333336,16325.750102638907,14953.074641288504,0.0004096017896836854,30625.0,17285.988404370382,3.371267719112411,4.131711522508571,5.517599471414582,17.206110460250155,11.268737566000413,14.324756591205121,58.30781165004877
1355.522,1355.609,USV_1637,0.08699999999998909,2.0,4.470000000000027,False,1150.5707,1155.0407,204.95129999999995,200.48129999999992,0.010771363973617554,0.011383928571428571,14550.611131822654,15939.95580547727,0.00015994579219375248,30519.64285714286,19439.02863818984,2.843131420606707,5.232526300094169,6.000728008078245,15.283137668886798,11.408293056942975,14.45289563338308,58.44185581126308
1358.973,1358.983,USV_1638,0.009999999999990905,2.0,4.470000000000027,False,1150.5707,1155.0407,208.40229999999997,203.93229999999994,0.008227922022342682,0.016438802083333332,17357.50962792146,22197.391357328248,0.0004153340168251077,32890.625,17750.977183121693,2.151551721290979,4.749142301608754,4.678160228966796,16.972012940652693,8.423306218656393,16.0352851922157,37.53566411355828
1359.065,1359.091,USV_1639,0.02599999999983993,2.0,4.470000000000027,False,1150.5707,1155.0407,208.49430000000007,204.02430000000004,0.011462529189884663,0.023213704427083332,15387.617013706862,15031.510425963292,0.00016373104426809537,27671.875,17976.26817808307,2.3559503332692477,6.805777979761054,6.625063778582888,15.109006361831396,9.425559211451226,14.302827499235226,54.12699387742176
1360.632,1360.656,USV_1640,0.023999999999887223,2.0,4.470000000000027,False,1150.5707,1155.0407,210.06130000000007,205.59130000000005,0.007885335944592953,0.024636008522727272,16913.131350380663,18681.306260281614,0.0003134629469445075,31875.0,22154.505212036325,1.6930048345262456,5.640926164383214,5.134139335053035,12.819520813133458,11.19677093116683,14.525415892879966,49.827827902265796
1360.758,1360.782,USV_1641,0.023999999999887223,2.0,4.470000000000027,False,1150.5707,1155.0407,210.18730000000005,205.71730000000002,0.007373353466391563,0.027388139204545456,16800.66922817833,15803.619476434751,0.0001902591191242809,30204.545454545456,24317.02120927592,2.023700091582797,5.947286676723063,5.8696138703563125,14.921412115010371,9.975679163276736,14.83476591558889,52.773185426916946
1361.123,1361.131,USV_1642,0.008000000000038199,2.0,4.470000000000027,False,1150.5707,1155.0407,210.55230000000006,206.08230000000003,0.01010788045823574,0.018212890625,14394.595427496508,18630.25232936511,0.00014312280542697558,28800.0,18374.012107097107,2.6676726201808325,4.639372829369341,6.028005521546343,15.646436625494939,7.52575762818793,16.2194651953195,35.672804527314284
1362.788,1362.814,USV_1643,0.026000000000067303,2.0,4.470000000000027,False,1150.5707,1155.0407,212.21730000000002,207.7473,0.007329845335334539,0.034200032552083336,16362.641323610711,15304.640362329892,0.00026292686454924374,30062.5,18579.769031440104,2.120339938212054,6.679860061806274,4.40828265297844,14.929811608885387,10.658121625287222,14.561459623525112,54.279170186902654
1367.132,1367.148,USV_1644,0.015999999999849024,2.0,4.470000000000027,False,1150.5707,1155.0407,216.56130000000007,212.09130000000005,0.005461463704705238,0.018218994140625,17968.0016508764,20310.383459657834,0.0005041077253617192,33585.9375,16706.420024070067,4.174567940681252,3.793482316941886,5.302405147256027,15.327109369290355,10.155947954908445,13.965985570312116,45.41568923856423
1374.73,1374.806,USV_1645,0.07600000000002183,2.0,4.470000000000027,False,1150.5707,1155.0407,224.15930000000003,219.6893,0.007555440533906221,0.018909085181451613,15896.71206024351,15383.908163360296,5.674328299274114e-05,31357.862903225807,23405.063036357806,2.379690614667275,5.324751077274426,5.176326423812862,15.296785736471032,10.554667647803543,13.74645329347755,58.689467711372835
1375.375,1375.447,USV_1646,0.07199999999988904,2.0,4.470000000000027,False,1150.5707,1155.0407,224.8043,220.33429999999998,0.015034518204629421,0.012030239762931034,13388.697521105178,15077.171052969908,0.0002454454135267709,28920.258620689656,20238.094834512925,2.4056315573570783,6.880993466568646,4.800595795215531,15.70987485497822,11.925746933604046,13.777570066100052,55.822107743293465
1375.671,1375.685,USV_1647,0.013999999999896318,2.0,4.470000000000027,False,1150.5707,1155.0407,225.10030000000006,220.63030000000003,0.008941788226366043,0.030548095703125,19595.456564948436,25085.733289466938,0.002803324454995677,37148.4375,25007.223462879665,1.7315210707402637,3.876895674499651,6.330827272033327,12.372087939766693,10.385380273917091,12.517200780253416,41.662217429029745
1375.962,1375.976,USV_1648,0.014000000000123691,2.0,4.470000000000027,False,1150.5707,1155.0407,225.3913,220.92129999999997,0.010976321995258331,0.02545166015625,17254.47051247186,17635.158629549576,0.00028740120485805604,30152.34375,18777.903574570257,1.9202783671327017,9.289013798683474,5.422155155434632,13.306743058744248,11.382397897793137,13.237278271834633,46.201105092335126
1376.519,1376.597,USV_1649,0.07799999999997453,2.0,4.470000000000027,False,1150.5707,1155.0407,225.94830000000002,221.4783,0.007999454624950886,0.0282135009765625,16772.32345079979,15116.001061133149,0.00010545515631283771,31195.3125,25261.31445565547,1.7330089180502366,5.908732085989423,5.473176522174644,15.571828051226989,12.719008864755509,14.452877634698579,59.28609771322634
1377.469,1377.555,USV_1650,0.08600000000001273,2.0,4.470000000000027,False,1150.5707,1155.0407,226.89830000000006,222.42830000000004,0.00895604956895113,0.021065848214285716,15163.696696345645,15782.602015569662,0.00012678634489848007,30808.928571428572,24154.45213671333,2.2251125498066284,6.988807469028652,5.198348879045045,17.661814948490417,11.942254924742887,14.393649203687435,58.42165743582445
1379.935,1379.945,USV_1651,0.009999999999990905,2.0,4.470000000000027,False,1150.5707,1155.0407,229.36429999999996,224.89429999999993,0.009263294748961926,0.021484375,14623.861647661028,18770.85345321044,0.0001864545282599835,29500.0,17206.335886075016,2.6798198306259082,5.447618044782523,4.220694073705572,13.326745899770819,10.24839492286552,12.721700635306235,38.29821346619341
1387.097,1387.17,USV_1652,0.07300000000009277,2.0,4.470000000000027,False,1150.5707,1155.0407,236.5263,232.05629999999996,0.008701354265213013,0.027604166666666666,14385.718671791947,14361.357769983475,0.00012914676814997393,29446.875,22605.420648295443,2.9684128686315128,3.792261977676796,6.074752316716117,18.910312816579115,11.3297771004306,15.163229621623778,58.94975486362269
1406.207,1406.272,USV_1653,0.0649999999998272,,,None,,,,,0.009463941678404808,0.02850115740740741,13971.431303369152,13642.245013982858,8.07619685095869e-05,28267.36111111111,19012.27562729038,2.4361051511891083,4.521612444854714,4.717632050198097,15.427690852545469,10.365940971960846,16.508890100496405,58.84638095750746
1450.003,1450.069,USV_1654,0.06600000000003092,,,None,,,,,0.010050438344478607,0.019097222222222224,13849.61554619524,14629.485630479468,0.00011397931322128269,28822.916666666668,18269.412385520005,2.5135131682205736,5.908226671622515,5.2292614871327165,16.529590605240678,11.121812382658472,14.345106535506048,57.71664139279163
1450.405,1450.471,USV_1655,0.06600000000003092,,,None,,,,,0.0139691773802042,0.01541702835648148,12090.868469180265,15331.515589760606,0.00019653890285259922,27677.083333333332,21727.944044203454,2.3460876900137055,2.1510268505486496,5.7108311452470275,16.421255265326106,9.435005958727924,14.298375113131332,57.516063047793146
1451.834,1451.866,USV_1656,0.03199999999992542,,,None,,,,,0.009586711414158344,0.023890904017857144,14895.698296410106,16080.86335059721,0.0002696882580845828,29645.089285714286,25638.74939137628,3.20494646046086,5.420167511307423,4.4536672490997145,15.523271935779707,12.53464385794692,15.050975760605121,53.683345835009405
1452.323,1452.435,USV_1657,0.11199999999985266,,,None,,,,,0.01525196060538292,0.019331498579545456,10567.528850324117,12280.572557435215,1.847534632098986e-05,24183.238636363636,21833.225913198312,2.1525637723960567,2.4075886967330336,5.037315987918571,15.224218578348188,11.199815523270367,14.166759722536414,61.85513368466232
1453.048,1453.124,USV_1658,0.07600000000002183,,,None,,,,,0.0164180975407362,0.018688571068548387,9478.130603026413,12400.726282578944,5.8478298173212444e-05,21619.959677419356,22074.066819550393,2.5803834554774854,2.9306288296596983,6.736493760202501,17.60344550846792,11.460767149031915,15.53421884955225,59.85923065482484
1453.546,1453.659,USV_1659,0.11300000000005639,,,None,,,,,0.042947471141815186,0.011333550347222223,7595.809768626931,11244.703029364355,0.00013843094716824893,17735.416666666668,24535.575733057147,2.366704469234192,2.51962562886821,5.792553393053065,17.71562303515897,11.536192485045252,14.612415330957164,59.94895262032158
1455.476,1455.497,USV_1660,0.020999999999958163,,,None,,,,,0.0062127914279699326,0.0291748046875,14769.097667823336,13651.881796405549,2.6556954185890265e-05,29390.625,15689.634648736994,1.7024965152273395,1.5768637847144968,5.477667796603812,15.803277023184217,12.5373935991824,15.456219635351356,53.955284555580974
1455.556,1455.576,USV_1661,0.01999999999998181,,,None,,,,,0.01068484503775835,0.016064453125,13535.44095277114,18272.62270017674,0.00045370313348557667,27581.25,15904.675793212944,2.5314713195215,2.1569019623156445,5.664938039026524,16.45408840993481,11.32065400753063,19.761991710436213,47.888475999557976
1456.825,1456.933,USV_1662,0.10799999999994725,,,None,,,,,0.009282257407903671,0.04070902979651163,15687.008960219007,13109.469496749312,0.00011536414164004071,27747.81976744186,17065.417209510237,2.6268191610833593,5.331304938292992,6.528499016350011,18.614351509788857,11.288472553111264,15.103401139135897,63.8542754272329
1458.28,1458.386,USV_1663,0.10599999999999454,,,None,,,,,0.008127310313284397,0.029959542410714284,15485.17919284588,14624.920291622942,0.0003020578025023807,30229.910714285714,19803.960361129088,2.360369070567471,5.647449405201661,5.450344992238795,16.703754346069783,11.556178434645167,14.62603139508726,60.981469866789475
1464.973,1465.114,USV_1664,0.1410000000000764,,,None,,,,,0.050879839807748795,0.02238103693181818,10183.637684528987,11140.390548961188,3.939687439651917e-05,21110.795454545456,17389.869605199867,4.034326119784921,3.3101481570245532,6.1315901571277704,18.081639769800084,12.567041276169565,17.29764872352311,59.26758707444281
1465.256,1465.282,USV_1665,0.02599999999983993,,,None,,,,,0.008803348056972027,0.018717447916666668,14268.563149837355,17802.000736571896,0.0003748594369414312,30531.25,28597.620412244727,1.6485815826694106,5.7561450638089795,6.2025755727792005,16.838712698966614,10.588429713716144,16.63899545986687,50.0453579809302
1465.498,1465.573,USV_1666,0.07500000000004547,,,None,,,,,0.010238470509648323,0.017649004536290324,14191.212577128592,14962.046667390257,9.062706720918165e-05,29836.6935483871,20457.036684025927,2.4672857637518524,3.028506521642633,5.99177346756235,15.318427754007153,11.415705449320718,16.07861185932318,59.46813520405551
1465.743,1465.871,USV_1667,0.12800000000015643,,,None,,,,,0.03657214343547821,0.027470703125,11759.113087285476,11835.279549265864,2.812041025984051e-05,23578.125,14881.89892855984,2.437511159256233,2.7939075937379947,5.207620109930696,17.48337219814419,9.572596484427315,14.795569689860876,61.79438727982984
1466.001,1466.125,USV_1668,0.12400000000002365,,,None,,,,,0.0236708652228117,0.03624740911989796,12978.501900426914,11828.381447281732,0.00017243353612206465,24512.755102040817,14769.230769230768,2.4218911102525533,3.186921660287557,5.477001894867081,17.677955084699,10.484780323777143,14.418789978808856,65.70292674362616
1470.369,1470.403,USV_1669,0.0340000000001055,,,None,,,,,0.012237698771059513,0.022981770833333335,12455.51123372586,15549.041977893616,0.0006160409092751222,25281.25,14769.230769230775,3.14835854619384,2.289797398015225,4.542331780557755,14.866725761545137,11.109194482959861,14.601308475614596,56.068791765926626
1474.325,1474.356,USV_1670,0.03099999999994907,,,None,,,,,0.010081278160214424,0.018519810267857144,13159.253754528627,15093.447943687062,0.00011197780628886216,27073.660714285714,14769.230769230775,2.047441090704287,5.986781325503666,5.1784694126084565,16.97883144861558,11.808606362888982,14.32350919586836,53.8402835860236
1475.166,1475.225,USV_1671,0.05899999999996908,,,None,,,,,0.007937908172607422,0.039143880208333336,13542.028636212503,12899.629001763436,5.392671395528055e-05,27078.125,18984.734629628674,2.755938355746224,3.6013642888501707,4.023400741184687,16.35472875785713,14.20044332343401,17.310732082104632,63.30931029341051
1475.353,1475.502,USV_1672,0.14899999999988722,,,None,,,,,0.022636279463768005,0.014387459590517241,10168.472441928734,12839.975935254202,0.0001069659272833143,23899.78448275862,17094.873048281665,2.9267729503686595,2.52184770867801,9.350729982803733,16.521898461481925,11.558639881025195,14.19656645612493,60.31626865376905
1475.862,1475.96,USV_1673,0.09799999999995634,,,None,,,,,0.008268843404948711,0.029353215144230768,15003.454155059386,14404.452550502141,0.0002124380187152771,29802.884615384617,17230.231266012153,2.4085645108900704,3.3622845053998387,5.283699869467628,16.753761912835664,12.644299378281817,14.72217828492227,60.91072549151014
1481.45,1481.508,USV_1674,0.057999999999992724,3.0,,None,1476.8307,,4.619300000000067,,0.011070447973906994,0.017496744791666668,12666.092132941536,14039.94316601484,6.990704791766922e-05,27687.5,25164.913102850736,2.534060425812257,3.489697726732777,5.937135884765091,15.959754939626578,13.180104092035469,15.939200812104508,57.93434970408603
1481.66,1481.703,USV_1675,0.04299999999989268,3.0,,None,1476.8307,,4.829300000000103,,0.010969256050884724,0.023261176215277776,14354.220136880636,15793.850841628264,0.00017711901716148143,30052.083333333332,17122.14614205851,3.268010240095103,5.737102012987015,7.550392647070197,17.453756794895618,9.906253670394426,14.224819960491894,57.2251934395504
1482.654,1482.666,USV_1676,0.011999999999943611,3.0,,None,1476.8307,,5.8233000000000175,,0.008189372718334198,0.024379185267857144,15851.708698913522,19307.68061315773,0.0005043191224135324,30053.571428571428,15375.417107341973,1.947978756519341,3.808352563262011,6.32313444145685,12.878172175138529,11.102401028052517,13.442461086435928,43.55360338256495
1482.784,1482.859,USV_1677,0.0749999999998181,3.0,,None,1476.8307,,5.953300000000127,,0.009172425605356693,0.036295572916666664,14906.338073282084,14760.573393753082,0.0003551937654640254,29656.25,16111.62764605289,1.7202984339643312,6.136645235849036,4.878926290988257,17.294125239762323,10.651434188955877,13.807746459678611,61.16327337297303
1483.574,1483.59,USV_1678,0.015999999999849024,3.0,,None,1476.8307,,6.74330000000009,,0.009886713698506355,0.0146484375,15303.19678228498,20655.62442964487,0.00040925983388943345,31710.9375,16262.251313143996,2.3195643839679634,5.831761285768954,4.212397030089443,11.099552224358458,9.188998925226159,14.26583966346578,44.77591247978257
1483.77,1483.842,USV_1679,0.07200000000011642,3.0,,None,1476.8307,,6.939300000000003,,0.008509800769388676,0.03050074084051724,14712.742165304455,14550.099853720967,8.84245604735523e-05,30872.844827586207,17284.92375120846,3.175829968262495,4.664757867474935,5.791587345054971,17.062811210245844,13.469289206837994,15.026647257058162,60.22456416079248
1484.555,1484.63,USV_1680,0.07500000000004547,3.0,,None,1476.8307,,7.724300000000085,,0.007285791449248791,0.045189642137096774,17152.672372292254,14436.596585750629,0.0002589939920586889,30378.024193548386,19344.563689573366,2.31429731548175,5.623018799594948,5.827103512002948,17.03826952873124,10.516841231631968,14.07967705145148,61.22197931643215
1485.19,1485.213,USV_1681,0.02299999999991087,3.0,,None,1476.8307,,8.359300000000076,,0.007496364880353212,0.023282137784090908,15481.688035032093,16949.873014401815,0.0002499499457348448,30187.5,18889.41016689301,3.4156076830761735,2.88529501426936,5.826932341429643,18.932255386884297,11.42212348422978,12.62608913263175,50.9721306026684
1485.442,1485.497,USV_1682,0.055000000000063665,3.0,,None,1476.8307,,8.611300000000028,,0.008182507939636707,0.02231233016304348,15804.56149359685,15775.28888412622,0.0002835766371573083,30733.695652173912,19952.699509430622,2.034929529034333,2.883550038254752,5.918588875798617,17.08037028500503,12.802498533773269,13.764894544177334,57.51000667845222
1486.383,1486.407,USV_1683,0.023999999999887223,3.0,,None,1476.8307,,9.55230000000006,,0.009210258722305298,0.015491832386363636,13773.038542285545,17673.35085559138,0.00020880678115032245,30392.045454545456,21100.98447885401,3.6066777974767636,5.937666947801347,7.885421870380639,17.422211231590378,10.830982107406466,14.897686894638731,50.07540362434551
1486.499,1486.519,USV_1684,0.01999999999998181,3.0,,None,1476.8307,,9.668300000000045,,0.00961726251989603,0.016259765625,14508.384367276458,18241.39693830715,0.0001534056168079392,29643.75,19271.54924187147,1.837808544065981,5.129152097935396,6.025726753156362,15.185966037279016,10.351470771308772,15.562018615912251,47.06934617751799
1486.871,1486.881,USV_1685,0.009999999999990905,3.0,,None,1476.8307,,10.040300000000116,,0.006179690361022949,0.027547200520833332,16791.82668984181,18681.158904330994,0.00046437189153168565,31234.375,16960.883900746838,1.972762120689194,4.637711456880496,4.043495446194917,18.203045790789663,10.123302522120193,14.011477126277534,41.31789455102227
1492.948,1493.018,USV_1686,0.06999999999993634,3.0,,None,1476.8307,,16.117300000000114,,0.007132713217288256,0.02695649245689655,15603.718756661485,15574.468605647116,0.00012568905836025175,31173.491379310344,16096.628584745898,2.426447805642374,5.899830331259011,6.011598371363654,17.002534950653047,12.478593659021984,14.510723264838944,58.52800819259224
1493.625,1493.701,USV_1687,0.07600000000002183,3.0,,None,1476.8307,,16.79430000000002,,0.007301053497940302,0.033990675403225805,16028.118736996834,15192.816924361005,0.00013068257714591615,31602.822580645163,18219.15160798964,2.181721708249921,5.0404243102771815,6.513670285678385,16.112398979129924,12.342101817240223,14.47460246036903,59.10480209182968
1495.34,1495.352,USV_1688,0.012000000000170985,3.0,,None,1476.8307,,18.50929999999994,,0.009002551436424255,0.027169363839285716,17086.531684043402,20279.092564756862,0.0005126009691025245,30495.535714285714,22764.5010838587,3.6955813077034856,6.629108322285168,4.242924637863243,14.874791529329636,11.98293447913836,12.70492296158072,41.29000973410812
1495.672,1495.684,USV_1689,0.011999999999943611,3.0,,None,1476.8307,,18.841300000000047,,0.006451200693845749,0.023856026785714284,18432.06701373086,22647.27798508918,0.0007729776027359718,32209.821428571428,21356.016233919327,1.7160903222879298,4.317940506367768,6.403021324519703,15.209679652238108,9.863830507159744,12.596964080192746,40.43114165227943
1497.958,1497.999,USV_1690,0.04099999999993997,3.0,,None,1476.8307,,21.127300000000105,,0.009083235636353493,0.024481879340277776,14983.165447904796,16476.65190502065,7.175734773480978e-05,31010.416666666668,23712.522240985603,1.6136050676191747,7.451318575404638,6.0463418785017105,16.70756987773035,10.581242292911988,15.3760485839531,53.56985885808457
1498.219,1498.233,USV_1691,0.013999999999896318,3.0,,None,1476.8307,,21.388300000000072,,0.008596597239375114,0.0087890625,20404.169274041924,25068.151367681912,0.0012504423174758694,37042.96875,25700.993801142078,1.6651099405318124,5.016170176647842,5.434520646425658,11.55118259554537,8.056870850961197,11.495171914380391,41.72191882217723
1499.984,1500.053,USV_1692,0.06900000000018736,3.0,,None,1476.8307,,23.153299999999945,,0.007188674062490463,0.0360107421875,16578.318135327023,15306.980983967538,0.00010213120797696806,31871.651785714286,19626.8029752451,2.3320992484355014,5.443204334482778,5.622247399371959,16.490414539124327,11.558672349978133,13.915901209738012,59.24931096340937
1500.104,1500.116,USV_1693,0.011999999999943611,3.0,,None,1476.8307,,23.273300000000063,,0.009755761362612247,0.022914341517857144,18283.368574878845,22811.49086840262,0.0014415356921075875,33187.5,24294.22045659668,1.8775137534241642,4.449762049558187,4.94617210897839,11.913865680943584,10.585623021568654,14.048061004701358,39.61579676703487
1500.276,1500.295,USV_1694,0.019000000000005457,3.0,,None,1476.8307,,23.44530000000009,,0.01568787172436714,0.0109375,14897.728756431225,21089.233924815588,0.0006723164699351603,30553.125,25574.000800600876,1.994115125244683,5.530992374489361,6.806660274056922,15.477367216019678,10.38185989351194,11.981045629422677,44.44916140920297
1500.77,1500.805,USV_1695,0.035000000000081855,3.0,,None,1476.8307,,23.939300000000003,,0.008411483839154243,0.0146636962890625,16941.54106336391,19378.619642278696,0.0005917598547333664,33363.28125,26755.2707754148,3.884303404609766,5.619998230324404,6.051081470279467,15.779692959466047,10.326933214222926,12.864475369128048,52.30447627593046
1501.877,1501.893,USV_1696,0.016000000000076398,3.0,,None,1476.8307,,25.046299999999974,,0.011047270148992538,0.027099609375,18765.41791337236,19354.811485882165,0.0003130322243941496,32390.625,22495.195326544585,2.6284330457818617,5.142502823817292,3.94595049825742,13.427574370345141,11.27002351165096,12.70860348146832,46.6343154757959
1501.947,1501.987,USV_1697,0.040000000000190994,3.0,,None,1476.8307,,25.11629999999991,,0.008653850294649601,0.03461052389705882,14327.664694715926,14056.291838466072,5.588511026532543e-05,28665.441176470587,21342.229795368992,1.5269488145632706,6.061774013202959,7.058930347593199,18.010536538011063,13.77895718339079,16.937627698479815,58.23914321093646
1502.183,1502.239,USV_1698,0.05600000000004002,3.0,,None,1476.8307,,25.352300000000014,,0.008581536822021008,0.023968240489130436,14204.697139572727,14449.67971013413,2.581398198394595e-05,29914.402173913044,22947.859136662566,2.610749702027786,5.939789345304663,6.391391942983703,19.176211982189965,12.978385855884566,17.093140285374123,57.684774884587156
1502.644,1502.666,USV_1699,0.021999999999934516,3.0,,None,1476.8307,,25.813300000000027,,0.011049672961235046,0.020352450284090908,16015.798007051286,19280.89326064719,0.0005936418752177764,31661.93181818182,19905.883562653806,2.1276179006673295,6.458766173565724,8.341676346160686,17.171036764017785,10.20329174056419,14.848317622815312,48.363062542827606
1505.278,1505.292,USV_1700,0.013999999999896318,3.0,,None,1476.8307,,28.44730000000004,,0.012152295559644699,0.0072021484375,14384.8740112423,18409.476590153878,8.255302274287503e-05,29589.84375,22400.48825756408,2.0159612493902834,6.710382133092889,6.224876666316946,13.794081450009621,10.140039934088673,13.262238611367183,43.62187046271274
1505.63,1505.65,USV_1701,0.01999999999998181,3.0,,None,1476.8307,,28.79930000000013,,0.007298228330910206,0.02099609375,16158.229246470186,17937.46039999486,0.000146085920410428,31171.875,21606.91911666919,2.1571149346670557,5.779090079668062,4.858106661439047,15.513528447240907,11.940402723880371,15.011716984152988,48.622917557651775
1506.33,1506.37,USV_1702,0.03999999999996362,3.0,,None,1476.8307,,29.49929999999995,,0.008739277720451355,0.023035386029411766,18440.85000707041,16284.872678039626,0.00021815291880213062,33248.16176470588,23839.679297260456,2.48720691647868,6.003987806962921,6.0931798066204905,18.957018224949877,11.383726129336821,12.596004661481807,56.47718338526864
1507.128,1507.14,USV_1703,0.012000000000170985,3.0,,None,1476.8307,,30.29729999999995,,0.006508704740554094,0.009451729910714286,18261.457218166477,20168.41193032052,0.0008527704862655309,31191.964285714286,24274.201071708445,2.3027613339467314,4.239491716164451,5.136694380598304,15.365829412019966,11.652221122260128,15.862177929006686,41.883311904675615
1508.226,1508.274,USV_1704,0.047999999999774445,3.0,,None,1476.8307,,31.395300000000134,,0.012501470744609833,0.02039794921875,16198.284180403882,14499.160761207484,0.0002586737273511903,29789.0625,23215.413313225432,2.818314575747685,8.130979734869399,5.631914379424432,15.58148169463875,12.04320264777366,14.601130345042654,58.021636296790675
1508.329,1508.364,USV_1705,0.035000000000081855,3.0,,None,1476.8307,,31.498299999999972,,0.007728255819529295,0.020904541015625,15847.461194374153,16454.700468293588,7.051065034320625e-05,32443.359375,22628.325623856592,2.063188180317189,5.939395277459431,6.14200030956637,17.303662549293044,11.444128881881658,14.935445475678872,53.24398635514496
1508.658,1508.794,USV_1706,0.13600000000019463,3.0,,None,1476.8307,,31.827299999999923,,0.008600990287959576,0.02352962853773585,15329.616482597648,14934.920970054027,9.522736170224348e-05,31296.580188679247,21766.69271657011,2.392571477531118,6.769597959031564,6.353804456153278,18.42578667924205,12.513063344033213,14.921037771468887,60.02814120270334
1508.824,1508.846,USV_1707,0.021999999999934516,3.0,,None,1476.8307,,31.99330000000009,,0.008733355440199375,0.021817294034090908,15906.793605550843,16924.369518727854,0.00025378061919715714,30639.204545454544,21497.855639627167,2.2046712809762066,6.953638425497777,5.072813867177252,17.853553739107497,10.408710519286176,14.844921033098457,50.664020910157795
1508.881,1508.913,USV_1708,0.03199999999992542,3.0,,None,1476.8307,,32.05030000000011,,0.008024546317756176,0.016339983258928572,15808.551941701564,18190.18849110398,0.00039193069770079473,32497.76785714286,21044.53761268098,2.6953473172445612,5.3914309153039355,6.418911657389532,15.482486649705745,12.298617876439318,13.042027785994526,52.011959660827756
1508.96,1508.969,USV_1709,0.009000000000014552,3.0,,None,1476.8307,,32.12930000000006,,0.009672625921666622,0.0166015625,19539.959208493656,26115.440205796433,0.00044583410579879875,35625.0,26760.14897365174,2.302587595623925,5.043079755377824,5.312898565364487,10.374782764477109,8.329772515013326,12.26178797418531,34.192496692939216
1509.068,1509.086,USV_1710,0.018000000000029104,3.0,,None,1476.8307,,32.237300000000005,,0.013746727257966995,0.043891059027777776,19780.363321291705,16647.130238279788,0.0011800936693957566,32010.416666666668,20221.5525959005,1.2729392048667725,7.199214869379107,5.055656844394441,16.916227465630406,11.010198072767675,13.73420088056866,53.70422593298677
1509.853,1509.861,USV_1711,0.008000000000038199,3.0,,None,1476.8307,,33.02230000000009,,0.007848436012864113,0.02021484375,18185.51303254884,21840.345917544477,0.0007589342599320786,32812.5,14881.2852340032,1.7909357190478201,6.45239748073719,4.1717710963633055,13.278417623566975,7.563607401360048,14.677968122271437,35.195988240450944
1510.246,1510.345,USV_1712,0.0989999999999327,3.0,,None,1476.8307,,33.415300000000116,,0.010089775547385216,0.01794746594551282,14339.16311739744,14968.095876532001,8.309697116560662e-05,30375.0,24409.682001599493,2.384725735759699,6.608643856842243,5.046175004176847,17.80323795429873,13.21812833590252,14.510715972624276,59.607976564824035
1510.472,1510.491,USV_1713,0.019000000000005457,3.0,,None,1476.8307,,33.6413,,0.008584046736359596,0.028564453125,17235.08504826515,19404.38128198561,0.00046588126548677814,31631.25,26082.556101770948,1.9495980299403755,4.835546243212967,6.546867559547484,13.820152181063014,9.653452840884784,13.234879724970861,47.93086570354168
1513.088,1513.104,USV_1714,0.016000000000076398,3.0,,None,1476.8307,,36.25729999999999,,0.008944864384829998,0.02862548828125,19525.1069536367,18839.405320994425,0.000711993515364337,32894.53125,15202.014226588348,3.2209340496386876,8.070704889330226,5.295680760751519,12.904331515395004,9.65257320840242,12.48226554359806,47.38444758184824
1513.458,1513.484,USV_1715,0.02599999999983993,3.0,,None,1476.8307,,36.627300000000105,,0.005684839561581612,0.035257975260416664,17655.85464720387,17632.640482727962,0.0004146925609918156,33351.5625,20054.443678052998,1.3537540618768729,4.770342760529233,5.7244713017657105,16.053344609759456,11.55377400529045,14.507384936334104,52.60939957269786
1514.061,1514.076,USV_1716,0.015000000000100044,3.0,,None,1476.8307,,37.23029999999994,,0.011078713461756706,0.03131103515625,20669.675085480685,19528.691655960494,0.0002461695141086213,34570.3125,28501.318860133295,2.504153171443458,8.798009481517836,6.381846173150028,13.345975227613234,12.263961736179867,13.727591424813069,45.19446162151404
1514.178,1514.24,USV_1717,0.06199999999989814,3.0,,None,1476.8307,,37.34730000000013,,0.008569389581680298,0.01659217247596154,15524.139079580851,16167.785274111937,0.00028790650589561754,31734.375,23368.14430238999,2.3183972459465365,5.5943167169415835,4.891951363026346,15.975488975295375,13.233540375934279,16.382525413069192,57.14368747905621
1517.812,1517.845,USV_1718,0.03300000000012915,3.0,,None,1476.8307,,40.98129999999992,,0.009311242029070854,0.007975260416666666,16263.572700186069,18844.896112857652,0.00012817851483311053,35018.75,18527.63058816993,2.5240732124131724,4.6084310533946065,7.384674623664351,16.487073128506758,12.203846127046184,13.748568945168014,52.80053850451988
1518.896,1518.985,USV_1719,0.08899999999994179,3.0,,None,1476.8307,,42.06529999999998,,0.009772147051990032,0.028903537326388888,16246.875918213947,15804.454346841201,0.00015598169785260965,31263.020833333332,22019.386509814907,2.382988880841145,6.1624954732054515,5.8077453663252205,17.46599706308005,12.781272402860628,14.889429553207613,60.10077928700568
1519.131,1519.221,USV_1720,0.08999999999991815,3.0,,None,1476.8307,,42.30030000000011,,0.012553149834275246,0.06494818793402778,17805.72551596488,13900.416481295404,7.657939238215625e-05,28841.145833333332,24924.76814813517,2.93565977045394,6.80762976667614,6.6557462477828455,16.99200812769663,11.101125594767131,14.630848826930341,63.04395005644436
1519.284,1519.37,USV_1721,0.08599999999978536,3.0,,None,1476.8307,,42.45330000000013,,0.007782443892210722,0.03676060267857143,15803.872046785822,14875.059937158334,0.00018694415366810814,29967.85714285714,17786.433907549457,2.3140162492556566,4.919056177361089,7.296822097685194,18.9566295946831,11.003102848632361,14.839450434215419,60.62347138018764
1519.495,1519.589,USV_1722,0.09400000000005093,3.0,,None,1476.8307,,42.66429999999991,,0.012866600416600704,0.07714201274671052,19450.390356522355,13758.707027510953,0.00023962783523776249,30155.427631578947,25049.59101111769,2.476177434204532,6.999121321573229,6.550128852085973,17.48120578731288,12.269922489105886,16.091695018696004,64.41729025907485
1519.856,1519.933,USV_1723,0.07699999999999818,3.0,,None,1476.8307,,43.025300000000016,,0.014480496756732464,0.08555160030241936,18245.010922546273,12661.14025848283,1.4820878907829002e-05,27822.58064516129,24151.130149649856,1.9109013324971333,6.810583400637648,6.036533483511769,16.10384001808244,12.146399089061163,15.324498583215219,65.41337439561596
1520.061,1520.085,USV_1724,0.024000000000114596,3.0,,None,1476.8307,,43.23029999999994,,0.008817771449685097,0.07685990767045454,19220.157837995444,16160.354446751397,0.0005033978913824527,29633.522727272728,25901.364020092737,1.41988838804132,5.267414599354885,5.8665148116852714,17.4359611299216,10.96337038083749,15.613170469364126,55.33537196303323
1520.408,1520.461,USV_1725,0.05300000000011096,3.0,,None,1476.8307,,43.57729999999992,,0.010347859002649784,0.015891335227272728,15159.822436244809,16048.797636906971,0.00014895362864739156,29386.363636363636,21924.158287390735,2.5861810664836824,6.185081706019246,4.4793512338291315,15.224899920943141,11.38864456123802,14.694271177866803,57.363084017801924
1521.305,1521.314,USV_1726,0.009000000000014552,3.0,,None,1476.8307,,44.474300000000085,,0.009588141925632954,0.006673177083333333,15850.338213217807,19037.7529006081,0.0004536749940688719,28906.25,22555.647077634854,2.0341024512180845,4.321727967075667,5.88566052217644,12.20844608672342,11.063769288250036,13.368209396400346,39.313812462416045
1521.428,1521.487,USV_1727,0.05899999999996908,3.0,,None,1476.8307,,44.59730000000013,,0.010295783169567585,0.055094401041666664,17405.23933565593,14324.411723506719,0.00024148658605085426,29214.84375,24900.934088439622,2.5720301319731633,7.840619430933778,5.5250603771997815,17.824377427696195,11.778510719534713,15.089999468191506,61.95715502879151
1522.148,1522.16,USV_1728,0.012000000000170985,3.0,,None,1476.8307,,45.31729999999993,,0.009210111573338509,0.017333984375,16497.889452420357,18771.333565554505,0.0003574200113896071,32075.89285714286,28761.6786253395,2.062364977246698,6.356445419358198,4.060647290643274,16.76189395005096,9.708772825872739,12.697778769597013,41.55599985830508
1522.347,1522.395,USV_1729,0.04800000000000182,3.0,,None,1476.8307,,45.5163,,0.008718889206647873,0.03436279296875,17560.629799542738,15420.517211648073,0.00021830684677703215,31237.5,25916.23934230679,2.740553927259168,5.602859503421316,6.024898502914907,16.346896866322336,11.70787437962253,15.525835458718813,58.287752746721345
1522.605,1522.615,USV_1730,0.009999999999990905,3.0,,None,1476.8307,,45.77430000000004,,0.008283821865916252,0.010172526041666666,18085.77617349252,23527.872454382272,0.0004462160271669131,33437.5,27589.398627704923,2.5646914814592616,5.777957356367684,4.415381124920106,13.372007321551893,9.483377938952165,12.121125319530208,35.64185871554924
1522.981,1523.055,USV_1731,0.07400000000006912,3.0,,None,1476.8307,,46.150300000000016,,0.007974844425916672,0.027457682291666667,15240.458509980643,15387.775526715266,0.0001395345478898541,30681.25,20190.7301375717,2.5452167692174017,7.214692750830732,5.268962490858253,15.841179970777993,12.449477311825685,14.428372920772288,58.198260235033324
1523.253,1523.281,USV_1732,0.02800000000002001,3.0,,None,1476.8307,,46.42229999999995,,0.007802784442901611,0.024132361778846152,17848.861015686984,19001.49039474191,0.0005255168617763035,33786.057692307695,24282.225446111952,1.7665460321146187,6.698443778173931,4.674549729043553,15.062797595825762,11.900732275696965,13.159299357690502,50.7559992734242
1523.341,1523.397,USV_1733,0.05600000000004002,3.0,,None,1476.8307,,46.510299999999916,,0.010020291432738304,0.021378226902173912,16182.264104568374,15657.872781755837,8.838354577113286e-05,32433.42391304348,23363.848009931553,2.6100891932106,6.263965819365128,4.850297344045877,18.026329964341134,12.559748200263382,14.777261119537783,57.59470174980141
1523.44,1523.45,USV_1734,0.009999999999990905,3.0,,None,1476.8307,,46.609300000000076,,0.008017968386411667,0.025309244791666668,18719.72005002828,19838.893879905732,0.001216608386312622,32687.5,24688.797801561366,2.0691542066874224,5.351172017675897,8.100703810589968,14.342980398446642,9.669017522157977,14.737028812507452,41.770614059729354
1523.574,1523.642,USV_1735,0.06799999999998363,3.0,,None,1476.8307,,46.74330000000009,,0.009739959612488747,0.017307826450892856,15097.340566963534,15828.294793515928,0.000263731942212814,30693.08035714286,20279.658793103106,2.5852960996877035,5.98006435377687,6.696159548354333,17.669907299117906,12.221020673359195,14.237350205983251,57.199308198430735
1523.735,1523.75,USV_1736,0.015000000000100044,3.0,,None,1476.8307,,46.90429999999992,,0.007652140688151121,0.032623291015625,18328.63747896801,19162.0814457988,0.0004030033444657803,33000.0,23393.508171835092,3.285244365521189,5.114550648210615,5.726291701829515,14.873272930322502,9.072593170271707,11.46987222942043,44.25444879249221
1523.985,1523.996,USV_1737,0.011000000000194632,3.0,,None,1476.8307,,47.15429999999992,,0.007460768334567547,0.03187779017857143,21859.34788096038,23168.751565020077,0.001281758663270229,36200.892857142855,27785.792690814902,1.8093953182889884,2.498245479803949,4.8599339394158045,14.817155529709416,8.006768122027735,12.777456761691303,41.43281420110827
1524.063,1524.187,USV_1738,0.12399999999979627,3.0,,None,1476.8307,,47.23230000000012,,0.009648139588534832,0.020124162946428572,14848.301314992217,14745.40399301786,6.5231345380862e-05,30103.316326530614,24080.359996359475,2.515923843384657,6.626201366220139,5.707207699327265,17.937279437441035,11.991714164666934,16.101770725421378,60.400601094174846
1524.289,1524.394,USV_1739,0.10500000000001819,3.0,,None,1476.8307,,47.45830000000001,,0.009805867448449135,0.0272216796875,15808.73915720991,14544.601160249105,5.780042492057293e-05,30852.678571428572,23214.855725259666,2.2277211131636014,6.77321608921089,6.6004209710787745,17.93484128843277,12.546606565190324,15.131795080349377,60.5494156362026
1524.471,1524.539,USV_1740,0.06799999999998363,3.0,,None,1476.8307,,47.640300000000025,,0.007117408327758312,0.035984584263392856,19115.691067708736,15260.428317776545,0.0006053885245466101,33291.294642857145,26398.99863188921,3.0942166952083547,4.987914445546982,7.285955447660755,16.998328583215862,12.2712642678941,13.213707415023086,60.61006816771693
1524.805,1524.818,USV_1741,0.012999999999919964,3.0,,None,1476.8307,,47.974300000000085,,0.010941083543002605,0.014020647321428572,17065.750771640953,17853.82456002836,0.00012865102068386028,30441.964285714286,24788.76035564125,2.25102887269523,7.753154339506665,5.127131295191286,14.913192735416667,12.960149395172165,12.556181223753052,43.96077925745585
1524.853,1524.868,USV_1742,0.01499999999987267,3.0,,None,1476.8307,,48.02230000000009,,0.00982576236128807,0.027099609375,18760.944477635217,17718.68869690901,0.0003612695041446678,32285.15625,24205.802927895107,2.2169738901840774,4.258685645033232,7.044592108896649,14.790465275247165,11.488058051889508,14.734403791791262,47.02871929163969
1525.146,1525.221,USV_1743,0.07500000000004547,3.0,,None,1476.8307,,48.31529999999998,,0.009313198737800121,0.020940965221774195,15902.724103864946,16078.05878655071,0.00017502334376711737,32023.185483870966,21101.263629763045,2.632728419430737,6.952011521802506,4.746036130934013,16.00088401854149,10.879121038989183,14.5451409790502,56.70760132071895
1525.255,1525.328,USV_1744,0.0729999999998654,3.0,,None,1476.8307,,48.42430000000013,,0.012056316249072552,0.009765625,14372.792520850033,15767.654992378848,0.00010553457443116004,30618.75,19835.360469714557,2.7519973026638054,6.9989354417296505,6.281505126674085,16.902880234545115,12.874124277089614,14.834666028746085,57.34557648962293
1525.399,1525.466,USV_1745,0.06700000000000728,3.0,,None,1476.8307,,48.56829999999991,,0.019577769562602043,0.023114885602678572,13630.006271945565,15686.059497662809,0.0003017270735087559,28610.491071428572,26139.193221956397,2.257144119221031,5.6472410982438594,8.596655250018447,19.1918461651805,11.276665686822387,14.218124592806776,56.95021544830592
1525.738,1525.775,USV_1746,0.03700000000003456,3.0,,None,1476.8307,,48.90730000000008,,0.00900291744619608,0.0254669189453125,16048.403035003425,14382.70918978888,2.360258542636037e-05,30093.75,19187.516989590113,1.7603004443471324,7.107617271859083,5.012161664813474,17.14545299055395,11.125555825353047,13.677487916186806,57.6005590267689
1525.889,1525.957,USV_1747,0.068000000000211,3.0,,None,1476.8307,,49.05829999999992,,0.007408323232084513,0.03846086774553571,17032.070879705927,13702.126185568797,2.82723867417834e-05,32022.321428571428,17762.581575791748,2.2310796094502114,5.475861791162047,6.682522117849008,16.959138792181353,12.20397115282462,14.517553705607655,61.035633621689854
1526.064,1526.126,USV_1748,0.06199999999989814,3.0,,None,1476.8307,,49.2333000000001,,0.008451431058347225,0.02318396935096154,16079.28112833888,16523.330212641762,0.0006968277643291641,31957.93269230769,22406.858753858945,2.569720844430253,7.119214165485624,7.155201912982292,16.595374326664768,12.66109423905461,14.908221579255603,56.449327697567654
1526.311,1526.358,USV_1749,0.047000000000025466,3.0,,None,1476.8307,,49.48029999999994,,0.010006861761212349,0.0094482421875,14592.045111742216,15912.599359286356,0.0003643353330982108,29990.625,21920.566166532655,2.725173056683487,6.085628819110442,6.784045976717541,17.837799873925356,11.840353148653064,16.057928419324988,55.638534232048414
1526.389,1526.41,USV_1750,0.021000000000185537,3.0,,None,1476.8307,,49.55829999999992,,0.007623610552400351,0.0206787109375,15250.208911745785,16874.546409818595,0.00016764852712881803,31518.75,19181.153101759723,2.1750317052898516,5.981232673607439,6.159476597733694,17.071838395159187,10.54040328916011,13.753593753744514,49.64638431229759
1526.613,1526.709,USV_1751,0.09600000000000364,3.0,,None,1476.8307,,49.78230000000008,,0.0075996690429747105,0.02483167146381579,15094.493976665239,14388.035020748168,4.923852686532774e-06,31134.86842105263,18398.18732041308,2.3955589293922745,5.809467507608384,5.7901906934833045,18.826312185067984,12.992756567734597,15.576107356475037,60.64108375966659
1526.795,1526.842,USV_1752,0.047000000000025466,3.0,,None,1476.8307,,49.964300000000094,,0.009073184803128242,0.02760009765625,16482.864055575472,15342.710925305259,9.240551992116596e-05,31528.125,20990.634548008533,1.8803122253275895,6.002842825991358,6.7784198513677705,16.06757436388824,10.749607083755793,14.458472370968124,55.82294981459891
1527.86,1527.896,USV_1753,0.03600000000005821,3.0,,None,1476.8307,,51.02929999999992,,0.010504101403057575,0.0172119140625,16582.98318892304,18206.788041039916,0.00028384802174701495,33064.453125,18044.937180072477,2.2384138428485856,6.568353828744476,7.023368756109889,14.236080172423177,10.800810046255076,12.693211660126885,52.69048793451104
1528.554,1528.645,USV_1754,0.0909999999998945,3.0,,None,1476.8307,,51.72330000000011,,0.008174650371074677,0.029493543836805556,15136.954510915064,13997.571800798585,3.7957504714982924e-05,30468.75,26373.995845939135,2.180508904156788,5.736664570193748,5.362249703707881,18.162112732739434,12.596251697264213,17.980604282514346,60.4569681102187
1528.989,1529.01,USV_1755,0.020999999999958163,3.0,,None,1476.8307,,52.158300000000054,,0.008192900568246841,0.01953125,15722.117035056417,17346.945762414558,8.328963194592965e-05,31050.0,17228.823759397805,2.4086351422448615,6.461556576542291,4.870743500895139,12.951746743953626,11.35575626016957,12.929683289786087,47.747374297649166
1529.415,1529.53,USV_1756,0.1150000000000091,3.0,,None,1476.8307,,52.584299999999985,,0.007836570031940937,0.025937287703804348,15618.523146572383,15502.269531930571,0.0003629180954433641,31286.005434782608,18192.43447381562,2.262614153854945,4.720530040101653,5.8551619259480825,18.531377056817977,12.570400471045104,13.895049083216533,59.99311913924915
1529.989,1530.052,USV_1757,0.06299999999987449,3.0,,None,1476.8307,,53.158300000000054,,0.01007197704166174,0.023362379807692308,15298.528022625953,15812.064853362177,0.00029572758123462263,29798.076923076922,21913.041584054063,2.6575407512848916,5.62391490789713,5.045532737629447,17.050927487458317,11.24625448641493,14.828652630607472,57.76844982982321
1530.141,1530.157,USV_1758,0.015999999999849024,3.0,,None,1476.8307,,53.3103000000001,,0.005843522027134895,0.0460205078125,17791.378621505886,17723.646161151108,0.0002460980443870711,32308.59375,18213.89784033654,2.178119495886773,5.00886427781254,5.927659255034921,14.004487834513155,8.35001744742774,15.23671732950925,48.64062662140385
1530.311,1530.411,USV_1759,0.10000000000013642,3.0,,None,1476.8307,,53.48029999999994,,0.007494471967220306,0.04124755859375,16629.218738731724,14190.422578621825,7.923980585771864e-05,30168.75,22103.529169514215,2.0070258665082976,4.925319210975671,6.603068870077673,19.03557325107302,11.999548055976495,15.008362105697008,62.70314112421598
1530.474,1530.526,USV_1760,0.052000000000134605,3.0,,None,1476.8307,,53.643299999999954,,0.009642614983022213,0.025235262784090908,15417.221004016255,15153.498504083562,0.00034325266270937766,28205.965909090908,17962.85634107693,2.5292137016195575,5.528707009019438,5.268544079990079,16.005915059502232,11.050199450917312,13.536790482632362,57.99070116745057
1530.569,1530.616,USV_1761,0.047000000000025466,3.0,,None,1476.8307,,53.73829999999998,,0.00922743696719408,0.01597900390625,14937.642404780845,16675.46021797008,0.00019531266326416652,30979.6875,19993.105898939473,2.8608687685744365,5.3214895605258,4.508317296769697,15.269836749057756,12.966456781778803,13.316225362985367,54.57451070928371
1530.667,1530.788,USV_1762,0.12100000000009459,3.0,,None,1476.8307,,53.83629999999994,,0.00933034811168909,0.0218505859375,15146.454099380959,14620.011996700216,6.4691695750283e-05,30121.09375,18106.228217120533,2.6603520796198494,6.210329444592648,6.068470427084818,17.353776136951556,12.299584521861528,14.59494901932513,60.5577828932748
1531.758,1531.773,USV_1763,0.01499999999987267,3.0,,None,1476.8307,,54.92730000000006,,0.007029822561889887,0.03106689453125,18392.667671890777,19706.67395451512,0.0004193809664255756,31289.0625,23522.95110873844,2.5190129317138776,3.604745301199967,3.8838872698744007,14.071618980791477,9.720256957245589,13.0580411287732,45.790285464971106
1531.967,1531.984,USV_1764,0.016999999999825377,3.0,,None,1476.8307,,55.13630000000012,,0.008263770490884781,0.027994791666666668,16581.52340820762,18263.72476863995,0.0004642228554246334,30489.583333333332,25235.464222933802,1.9967351079642377,5.7190226988380815,4.148254975936649,17.152379293506723,11.56761182438892,13.115113111615669,47.23249174564229
1532.115,1532.14,USV_1765,0.02500000000009095,3.0,,None,1476.8307,,55.28430000000003,,0.01033527310937643,0.016764322916666668,15376.037990025172,17160.207991263283,0.00016954513215349678,28992.1875,18974.00108671183,2.6040090710530888,4.4714255931214275,5.4369489850402966,13.252958456605228,10.599028955131287,14.598157976481275,52.057528536455806
1532.684,1532.703,USV_1766,0.019000000000005457,3.0,,None,1476.8307,,55.85329999999999,,0.008447007276117802,0.02509765625,14059.877262003021,16475.302038796253,0.00032237112405954606,28256.25,16504.873430244643,1.5296672105004936,3.185591494852404,6.925643173046121,16.466750384206296,9.034764202289308,16.12456927040386,48.88048236878705
1532.747,1532.761,USV_1767,0.013999999999896318,3.0,,None,1476.8307,,55.91630000000009,,0.007080432493239641,0.02880859375,17595.977904584943,19778.018058963848,0.0004530895534508935,31183.59375,23524.024252033814,2.115495736238878,2.8154634006152524,5.632965932095224,14.480509693218275,9.104741877736574,14.143989733553806,44.83849269932712
1532.891,1532.915,USV_1768,0.023999999999887223,3.0,,None,1476.8307,,56.0603000000001,,0.00968601182103157,0.016734730113636364,14801.949402655328,18289.553269739616,0.00034812990119982465,31602.272727272728,18228.931119923913,1.8262688307141017,6.322971176081118,5.905118740614065,14.342778695338028,12.578360976101168,16.568489457955977,48.81382381551507
1533.045,1533.079,USV_1769,0.03399999999987813,3.0,,None,1476.8307,,56.214300000000094,,0.007473954930901527,0.023697916666666666,15060.043390063041,16278.649075862755,0.00016506149508659982,31050.0,16108.105716790807,3.0152108840980665,4.709212925103559,6.212836682095569,17.96528033817831,11.945720860134665,14.18829035023793,53.30768046674263
1533.392,1533.431,USV_1770,0.03899999999998727,3.0,,None,1476.8307,,56.561300000000074,,0.009271587245166302,0.022302964154411766,15363.90337558747,16762.670675994515,0.00018188914862812364,30766.54411764706,17934.75785487699,2.0913824231740374,6.318617660138174,6.202674199475808,15.698670836096525,10.679260931301263,15.40295307609614,53.67227632653272
1533.575,1533.585,USV_1771,0.009999999999990905,3.0,,None,1476.8307,,56.74430000000007,,0.009162787348031998,0.011637369791666666,15418.021508304077,20707.103736139423,0.0003611298191350005,31781.25,19445.675276922295,2.3662270617102785,5.585036192252894,4.616298363385588,13.487175202173054,11.751457147722148,10.642773270176145,39.67258337951703
1534.32,1534.331,USV_1772,0.010999999999967258,3.0,,None,1476.8307,,57.48929999999996,,0.010575571097433567,0.005208333333333333,17168.82375081271,22646.957484269766,0.0007189003692741612,32171.875,20159.0952057429,2.432409343242536,6.85471865610738,5.145939360666134,11.029758317230858,9.620010059849731,13.461034320738198,41.781108595375834
1536.226,1536.258,USV_1773,0.03199999999992542,3.0,,None,1476.8307,,59.395300000000134,,0.01057087630033493,0.009172712053571428,14750.08559668536,16350.455550223185,5.803141226414687e-05,30703.125,20550.13311058401,2.4783426311893733,5.809454234887965,5.356275474802071,18.30210222723193,12.01468078710815,16.850189339359623,53.25382988831543
1536.376,1536.432,USV_1774,0.05600000000004002,3.0,,None,1476.8307,,59.5453,,0.008110119961202145,0.018257472826086956,14945.789774899074,14795.533942358446,5.158310264831802e-05,30578.804347826088,21622.08491652223,2.491918067535285,6.164581003058673,6.869213506146991,18.59770615228937,11.773860682845381,16.55591702848234,57.721905777284476
1536.537,1536.606,USV_1775,0.06899999999995998,3.0,,None,1476.8307,,59.706300000000056,,0.010019225999712944,0.03635951450892857,16831.25669219816,14133.793297131633,0.00018548227428811807,30639.508928571428,19793.864484388578,1.9061793588939595,6.414861911743058,7.1517619951747085,17.34905933185782,10.835696894444629,14.8337010830592,62.4339539043533
1536.904,1536.957,USV_1776,0.05300000000011096,3.0,,None,1476.8307,,60.07330000000002,,0.00765221519395709,0.027587890625,16401.668651273907,15743.36485575484,9.122955408896054e-05,31065.340909090908,20853.798149959064,2.732869211182559,5.567220158753368,7.428321873250769,16.937527552492778,11.69157764893526,15.445904947133515,57.88050986000268
1537.247,1537.257,USV_1777,0.009999999999990905,3.0,,None,1476.8307,,60.41630000000009,,0.008507528342306614,0.014892578125,18813.941489177483,18711.670617585507,0.0007910868149083829,32968.75,23133.30944447587,2.2395227463195257,3.18140220378622,5.717316400108131,17.17465807793073,13.112296138140408,12.286346144910814,40.768124558339544
1537.306,1537.316,USV_1778,0.009999999999990905,3.0,,None,1476.8307,,60.47530000000006,,0.0090872747823596,0.017985026041666668,18040.78992139177,20705.04360420905,0.0004970451161529497,30578.125,21599.68636546171,1.8211436565309513,8.877591856672218,4.166176798489071,13.063206909091647,9.914884063384145,13.086156931791114,38.23690224558454
1539.224,1539.238,USV_1779,0.014000000000123691,3.0,,None,1476.8307,,62.393299999999954,,0.0052131228148937225,0.050750732421875,18882.943877888698,17399.75954135009,0.0007339137000419943,33128.90625,26094.054175854333,2.9305398258638595,4.877341801544317,4.634864070717409,14.380095859606001,12.862743671842223,14.513428806048786,46.25591891151231
1540.448,1540.471,USV_1780,0.02299999999991087,3.0,,None,1476.8307,,63.617300000000114,,0.008711605332791805,0.01529208096590909,15150.868630643441,14732.04015603069,1.5533336878267746e-05,31159.090909090908,24947.362152098518,1.8307560789573003,5.688139009466199,7.341863527739876,18.714910476789246,12.737920097527892,14.967459410206617,53.571196327759225
1540.842,1540.901,USV_1781,0.05899999999996908,3.0,,None,1476.8307,,64.01130000000012,,0.014735911041498184,0.022603352864583332,14170.512168043033,15198.74758541809,0.0001096674415468016,29296.875,22528.626871322096,3.061018662504375,3.180114057427094,5.065953423766905,17.426554034389767,10.022751757773767,15.086736086126855,58.33121575683371
1540.939,1540.962,USV_1782,0.02299999999991087,3.0,,None,1476.8307,,64.1083000000001,,0.012187039479613304,0.026500355113636364,15429.817400279688,17002.115436388005,0.00012704935621970815,31559.659090909092,27851.739015942017,2.0344550440775864,4.295409841851334,4.801641550576289,17.74322634899247,9.78895167955843,12.543448323019993,49.60876820619583
1542.1,1542.122,USV_1783,0.02200000000016189,3.0,,None,1476.8307,,65.26929999999993,,0.007965639233589172,0.026899857954545456,17789.998462407853,19059.70795438082,0.0006734184824403099,33332.38636363636,20626.704699225666,1.5855843992588843,6.4272982431493855,4.160188766197752,17.839335999717743,10.431466829906146,16.527583760939944,48.67939164274485
1542.218,1542.276,USV_1784,0.057999999999992724,3.0,,None,1476.8307,,65.3873000000001,,0.013015232980251312,0.024525960286458332,15965.05105142488,15614.733743421491,9.477582655373828e-05,29644.53125,22387.923720306047,2.3084139147073817,4.860246885377041,5.092507749464327,17.63254255639635,11.37743594334387,13.379772828185098,59.00363003572946
1542.343,1542.467,USV_1785,0.12400000000002365,3.0,,None,1476.8307,,65.5123000000001,,0.010477126576006413,0.01929707429846939,15400.778488169386,14891.452128916433,0.00015248987694199895,30958.54591836735,21950.993117236263,2.570816421483616,5.835388465530502,5.238867006553292,17.847380858815445,12.756738061847823,13.775857280705132,60.21546819969839
1544.296,1544.33,USV_1786,0.03399999999987813,3.0,,None,1476.8307,,67.46530000000007,,0.00917196087539196,0.029850260416666666,17509.20738612319,17547.01412413751,0.0005207939646921688,32418.75,26377.627621065458,2.1296949724465866,5.925875921723843,4.137374119441322,15.146839100390439,12.303915297283044,13.968124974701514,53.3374790120179
1545.94,1545.953,USV_1787,0.012999999999919964,3.0,,None,1476.8307,,69.10930000000008,,0.011154032312333584,0.021065848214285716,16312.757490398408,19906.562628769807,0.0002889268353330671,30107.14285714286,21206.074135601248,3.0495654606248173,5.950970835247338,5.155003849851606,12.072565076726264,8.731391881294334,10.575747251023682,41.75283744456407
1547.847,1547.961,USV_1788,0.11400000000003274,3.0,,None,1476.8307,,71.0163,,0.00947179552167654,0.03292100694444444,14985.6684606182,13595.031263497176,2.3256546869784282e-05,29604.166666666668,19514.19389673023,2.412600121879296,6.392320958836576,6.114600568004669,16.551904723409283,12.334173274163714,16.873795943495956,62.238295328688885
1548.219,1548.293,USV_1789,0.07399999999984175,3.0,,None,1476.8307,,71.38830000000007,,0.010905594564974308,0.029939778645833335,15136.657923920016,14306.733114363871,6.375776815405888e-05,28912.5,25070.468837556793,2.6367167863780754,6.026808019838438,4.960836186330789,16.167655223155535,10.923254216838219,18.30561595871166,59.967944601641975
1548.469,1548.495,USV_1790,0.02599999999983993,3.0,,None,1476.8307,,71.63830000000007,,0.010334803722798824,0.014607747395833334,14765.600637600159,19041.13077426827,0.0003767540005781454,31171.875,17195.377150548033,2.444205472457396,4.712718371459268,6.813359595841885,14.843311206699468,10.615273582596583,13.577463958503694,48.44584962285086
1550.172,1550.204,USV_1791,0.03199999999992542,3.0,,None,1476.8307,,73.34130000000005,,0.00833828467875719,0.014944893973214286,15096.925224588673,15418.372203612924,2.7606253707622253e-05,30716.51785714286,23726.90884928372,2.327327743037131,3.9969657886066488,7.46787054432889,19.453401035018526,12.607050757885485,14.676516264636225,53.31879501719127
1550.649,1550.664,USV_1792,0.015000000000100044,3.0,,None,1476.8307,,73.81829999999991,,0.006961135193705559,0.028900146484375,18139.991600354027,19565.8222003431,0.0006618316617046271,31992.1875,25020.554451571974,1.6357343135033422,4.600380022320787,3.8712681803212172,13.880841970258377,9.200752422082338,14.479266334669441,44.636143093590036
1551.841,1551.85,USV_1793,0.009000000000014552,3.0,,None,1476.8307,,75.01029999999992,,0.007513882592320442,0.01318359375,17300.231137655188,19793.50037916146,0.0004162317310304192,32203.125,19481.48203285668,1.9067785048605357,5.246357909017138,4.940441893254035,14.176928868334999,7.681995945666125,14.776229673626842,41.1550203191909
1554.129,1554.138,USV_1794,0.009000000000014552,3.0,,None,1476.8307,,77.29829999999993,,0.007795721758157015,0.037923177083333336,17530.954535709414,16123.384735558493,0.00019164494459548498,30015.625,23980.582000984836,0.9939618300496801,5.408469005659779,4.696287555148668,18.30531521834367,11.246426266773378,13.975663262897996,44.30321003073053
1554.599,1554.616,USV_1795,0.01700000000005275,3.0,,None,1476.8307,,77.76829999999995,,0.0055398778058588505,0.024658203125,16534.153154630574,14675.33591070636,6.185484924000156e-05,31447.916666666668,19205.730390499444,2.576686759824135,4.752902188776938,4.447791679748885,17.942028345331924,10.981029915089724,14.983382207322595,50.910783997125144
1554.983,1555.025,USV_1796,0.0420000000001437,3.0,,None,1476.8307,,78.15229999999997,,0.00789791252464056,0.032145182291666664,16942.7054406347,15856.587900376833,5.28925619632875e-05,32177.083333333332,23699.029545368536,2.6223055576756606,6.826200075701764,5.640040342609288,16.93292080749971,11.369879110257266,12.88791430772232,56.380321775044926
1555.623,1555.64,USV_1797,0.01700000000005275,3.0,,None,1476.8307,,78.79230000000007,,0.010635685175657272,0.026394314236111112,16655.010465807085,21274.53933465466,0.0004108367686800085,31416.666666666668,18746.295522432127,1.8887991714968437,5.479323602911429,4.441292008916044,13.261699424080184,10.428449172573275,13.619368368868075,45.454423324560906
1555.966,1555.975,USV_1798,0.009000000000014552,3.0,,None,1476.8307,,79.13529999999992,,0.008424333296716213,0.019327799479166668,18871.015685714072,22950.524045282426,0.0012206449586122518,31453.125,17505.16051121084,1.6674363966167425,5.099950411772798,5.846024885349087,13.295501564131342,10.520855829673037,15.782834362500635,37.801674720362165
1556.467,1556.513,USV_1799,0.04599999999982174,3.0,,None,1476.8307,,79.63630000000012,,0.008346484042704105,0.01473388671875,15671.704004854128,16853.832175698994,0.00033672132713498935,31279.6875,20899.766777236695,2.389210392768369,5.846058429637768,5.33787881878781,13.23702020892063,10.678455520022839,14.00622917045176,54.74266880780472
1557.485,1557.545,USV_1800,0.060000000000172804,3.0,,None,1476.8307,,80.65429999999992,,0.006442648824304342,0.0290625,16804.64972350576,16722.17348742362,0.00030762733180131097,32827.5,21612.961249058397,2.1844991531581925,6.185102376599863,4.780618051084055,16.491442639890195,11.635033965030475,13.434646840876674,56.68656339524412
1557.982,1558.014,USV_1801,0.03199999999992542,3.0,,None,1476.8307,,81.15129999999999,,0.008412209339439869,0.018798828125,16018.425892947009,16452.890914133615,0.000897067135350707,31633.928571428572,20951.18705999979,4.295130605700521,6.903670498312027,4.6173212300697655,16.678989260327864,10.84914023402867,14.222972570664416,55.55860218567692
1558.094,1558.105,USV_1802,0.010999999999967258,3.0,,None,1476.8307,,81.26330000000007,,0.007499234285205603,0.024169921875,17676.82259281058,19336.5437631118,0.0006129010539581398,31703.125,22790.18527824001,1.6657573752388997,6.614343894493107,4.065371159464718,15.707263981458524,10.657474860105891,12.059884416535732,44.372272434538765
1559.063,1559.101,USV_1803,0.038000000000010914,3.0,,None,1476.8307,,82.23230000000012,,0.011179395951330662,0.03317440257352941,18468.768747272905,16177.599529950283,0.00022287144906256082,31610.29411764706,23775.857473251952,1.6941495236614703,7.891277868795894,7.403972236820071,19.20128979814607,11.981215121689452,15.917470973802063,55.01326104897664
1559.181,1559.236,USV_1804,0.055000000000063665,3.0,,None,1476.8307,,82.35030000000006,,0.009730419144034386,0.019255264945652172,15088.698412783417,15700.375583060237,0.00036847958685751176,29413.043478260868,17195.778954001587,2.5023876684866164,6.642859267074516,6.0814741600393125,16.842141495807212,10.641850779476899,15.2762417345043,57.76171023440116
1559.34,1559.349,USV_1805,0.009000000000014552,3.0,,None,1476.8307,,82.50929999999994,,0.005060255993157625,0.036173502604166664,18317.596688056634,19200.961258244235,0.0009011319648042381,32656.25,20842.94523486528,2.377315645848547,4.2071579761457185,4.143609223740135,11.368248371548697,10.141388643297637,14.867966071588702,39.532010949911786
1559.453,1559.467,USV_1806,0.014000000000123691,3.0,,None,1476.8307,,82.6223,,0.0062629459425807,0.027191162109375,18932.579927905324,19666.04988663733,0.00104642496120165,33597.65625,23008.38095267062,1.8109395072595627,6.868266147571363,3.499382725583356,12.408672410041737,10.1459006849019,15.249074964706363,44.529729190206496
1559.541,1559.629,USV_1807,0.08799999999996544,3.0,,None,1476.8307,,82.71029999999996,,0.008961749263107777,0.029994419642857144,15723.834818849211,13776.669142322204,2.5967118142547056e-05,29691.964285714286,18873.901308669534,2.3399033644608367,5.913745928835677,6.217367013727812,16.146152222336838,12.193960148859178,15.335276029714139,61.18870273180242
1559.744,1559.769,USV_1808,0.02500000000009095,3.0,,None,1476.8307,,82.91329999999994,,0.009734687395393848,0.01873779296875,15913.705901263731,18400.56957294499,0.00028600115156182025,31406.25,18793.105925015047,1.6291895702012338,5.814684229120683,5.92532566316904,14.744681053230776,9.264018898364316,14.294281551699845,49.419193391223274
1562.224,1562.245,USV_1809,0.020999999999958163,3.0,,None,1476.8307,,85.39329999999995,,0.02279389649629593,0.01484375,17850.25006816238,18557.413999604603,0.0002705809811121204,32503.125,27297.641455820056,1.3753966341245332,1.7196853016574232,4.792565065029629,12.862796878379806,10.857530300420352,16.087712584505574,50.95240867070107
1564.267,1564.277,USV_1810,0.009999999999990905,3.0,,None,1476.8307,,87.43630000000007,,0.008450859226286411,0.0225830078125,14701.744792798445,13471.153609846979,1.546936867668639e-05,28453.125,14925.191142669762,2.373428803212324,4.354830232263885,5.011620503287993,11.125996446091825,9.54649688470686,14.248056083481378,45.9932752198842
1564.418,1564.45,USV_1811,0.032000000000152795,3.0,,None,1476.8307,,87.58729999999991,,0.011447986587882042,0.013357979910714286,14273.785579568686,16125.143880678124,9.769710941128767e-05,28145.089285714286,23744.395731600733,2.4017245981435416,7.026798927802097,6.808246571503835,16.836896410710327,11.294933518511629,16.233159978164753,53.92498374014102
1564.779,1564.795,USV_1812,0.016000000000076398,3.0,,None,1476.8307,,87.94830000000002,,0.0060267094522714615,0.02734375,16008.507907750962,14689.567996519436,6.87164516006685e-05,30632.8125,16075.550993677458,2.0523765419091524,6.230139294936593,5.447086501657269,15.226768948569429,13.818590336031646,15.496647513318846,50.43373664546012
1565.245,1565.292,USV_1813,0.047000000000025466,3.0,,None,1476.8307,,88.41429999999991,,0.008116675540804863,0.0237060546875,15405.304185036675,16758.97425456426,0.00018805091259903127,30698.4375,17512.73994018991,1.8459796334250094,5.858409026952997,5.729125371578826,16.740059519239544,11.242519811857921,13.861001836566189,55.98517863465876
1565.457,1565.469,USV_1814,0.011999999999943611,3.0,,None,1476.8307,,88.62630000000013,,0.00526625057682395,0.026262555803571428,17231.21926620508,15965.379626709942,0.00012038239127742692,31834.821428571428,16160.847419945218,2.095272463623939,4.161770358915552,4.995510692652986,14.046857399299506,12.808925491723238,13.962970949582672,45.577534538745184
1566.989,1567.0,USV_1815,0.010999999999967258,3.0,,None,1476.8307,,90.15830000000005,,0.004821983631700277,0.034993489583333336,17464.03947349038,16262.151942356353,0.00020794121636422873,31750.0,22351.637619777393,2.151525388249049,3.37636531221824,4.275872551653296,12.446304590280654,10.295677496529306,15.821275140910572,47.72999637681019
1568.258,1568.275,USV_1816,0.01700000000005275,3.0,,None,1476.8307,,91.42730000000006,,0.008821379393339157,0.021592881944444444,17201.71872996057,20819.360339612365,0.0004238496319869157,31260.416666666668,26120.61754899528,2.488597521864092,5.260698179704359,5.688379966659859,14.16265929699106,10.826496308925039,15.246004049424137,45.73008559740607
1568.353,1568.439,USV_1817,0.08600000000001273,3.0,,None,1476.8307,,91.52230000000009,,0.008560039103031158,0.021323939732142857,16223.439682430731,15608.461396621347,0.00028277684043577283,31580.35714285714,21671.960384125705,2.410908362724507,5.647356441692217,5.149442567808905,16.845097460459428,12.412807296517633,14.683353325622177,58.38275711633936
1568.483,1568.546,USV_1818,0.06300000000010186,3.0,,None,1476.8307,,91.65229999999997,,0.007192077115178108,0.030733548677884616,16638.751725173224,15623.775117282044,9.595099793392079e-05,32224.759615384617,18866.5933422537,1.9981625380196075,5.277569292607286,6.1721100961212025,15.792933685875104,11.592506514965589,14.356401580671466,58.666749209792016
1568.635,1568.653,USV_1819,0.018000000000029104,3.0,,None,1476.8307,,91.80430000000001,,0.00686039961874485,0.024495442708333332,18355.09601301686,18958.604526927124,0.0003745498145427577,32364.583333333332,27210.242440804042,2.6561931994598975,3.7412379832974674,6.442777841344442,13.125515222491304,11.20839577298245,13.350358647104379,47.79987547388859
1568.763,1568.787,USV_1820,0.024000000000114596,3.0,,None,1476.8307,,91.93229999999994,,0.007083086762577295,0.04476651278409091,19817.00182400338,18997.201013450634,0.0005873332589087829,34482.954545454544,23987.613301796853,1.8190572736640525,4.961403931108575,4.537612466398614,13.180158205084638,11.234035506009741,14.205307084929576,51.513880519137636
1569.168,1569.225,USV_1821,0.05700000000001637,3.0,,None,1476.8307,,92.33729999999991,,0.008840948343276978,0.03472900390625,15379.719251258999,13067.511930402614,0.00011359948508295492,28339.84375,15013.281860191053,2.7616917648553,7.241360697168702,6.134433287084117,16.651237960744567,11.955849367906731,14.273756247985709,61.10227448205948
1570.029,1570.038,USV_1822,0.009000000000014552,3.0,,None,1476.8307,,93.19830000000002,,0.010592994280159473,0.028361002604166668,24382.41095052555,24735.772956789337,0.0023733879726476523,38984.375,24742.05874538176,1.98716664982521,2.148536385505459,5.273126882820087,13.453877603797066,7.461764254842367,13.16971998191345,37.9064468253376
1571.08,1571.09,USV_1823,0.009999999999990905,3.0,,None,1476.8307,,94.24929999999995,,0.009256135672330856,0.019978841145833332,15787.661815444124,20281.862871302146,0.00022784110657766193,29218.75,14879.430250024669,2.169198843545031,5.7460853598606105,6.403645015585927,13.78273320312823,9.715015275977569,12.67269204272102,39.2236667806893
1571.278,1571.286,USV_1824,0.008000000000038199,3.0,,None,1476.8307,,94.44730000000004,,0.004685983993113041,0.039501953125,19473.39739413031,20664.303496887023,0.0005500938016865669,33487.5,24660.44070111584,2.0712317093107693,5.053171688797604,6.358089198359538,18.278097565101923,10.169884237166814,17.423853723684115,36.616028205428584
1571.443,1571.467,USV_1825,0.024000000000114596,3.0,,None,1476.8307,,94.6123,,0.011860644444823265,0.03311434659090909,15328.632131052045,15402.80955307762,0.00014022267410298777,28525.56818181818,21218.14396680123,2.6651540726206147,2.8152883544763685,5.695498383466886,17.68504804634045,11.412220482058848,16.315760894582787,52.38789356802648
1571.565,1571.584,USV_1826,0.019000000000005457,3.0,,None,1476.8307,,94.73430000000008,,0.007325123064219952,0.0241455078125,16284.589608321825,19765.947831629263,0.00032287823543473624,31509.375,17173.5322822105,0.5337437450275848,4.320364094735042,6.212150729116412,14.697929639365935,11.226021606107668,12.553237076390705,46.672202969635435
1572.313,1572.34,USV_1827,0.026999999999816282,3.0,,None,1476.8307,,95.48230000000012,,0.00819449219852686,0.01513671875,14800.322927535666,16044.556667487544,0.00019144479311722538,30507.8125,19086.84180106421,2.154698048652096,5.86600083176447,5.0027383142423,18.329408815670543,12.847920444427986,14.741712483968035,53.79803902691122
1572.759,1572.82,USV_1828,0.06099999999992178,3.0,,None,1476.8307,,95.92830000000004,,0.009649124927818775,0.03392578125,15858.136845428524,14527.95194832066,9.980229055291107e-05,28706.25,19001.313992251526,2.33292094911216,7.167523240973102,7.113861419031548,17.241341927213874,11.918194782928206,15.115491607580694,59.89098128885673
1572.897,1572.973,USV_1829,0.07600000000002183,3.0,,None,1476.8307,,96.06629999999996,,0.008211670443415642,0.03351026965725806,15703.542926319786,15225.12782625163,0.0001277742768197755,30792.33870967742,18821.924386936895,2.6026982224914237,7.528136858687463,5.226308276119163,16.907335680313036,11.37772718377901,15.507334933298544,58.664696772260356
1573.107,1573.172,USV_1830,0.06500000000005457,3.0,,None,1476.8307,,96.27629999999999,,0.011724518612027168,0.043547453703703706,15066.151315355482,13486.504391874498,7.87848219718853e-06,27211.805555555555,19547.77339058861,2.4418951760223027,5.5088560906261606,6.17663432703885,17.913314829238566,12.699238961855851,14.880855239449215,62.26777033966211
1573.496,1573.566,USV_1831,0.06999999999993634,3.0,,None,1476.8307,,96.66530000000012,,0.009323794394731522,0.037580818965517244,15216.627915790512,13528.278921914154,3.9175881584244384e-05,30025.862068965518,16398.59225585946,2.5172060916538506,5.820832642037364,7.449205881094128,18.91862602408728,13.332407064897952,14.488794002654826,61.429734685426624
1573.875,1573.931,USV_1832,0.05600000000004002,3.0,,None,1476.8307,,97.04430000000002,,0.008909111842513084,0.02751358695652174,15122.004933076061,15132.684258100879,0.00023685188134314693,30077.445652173912,16703.957534258556,2.403978975916222,5.603822158353538,6.54267919540299,16.26632493908988,11.94003896221105,14.944681392483238,59.10625508665038
1579.142,1579.204,USV_1833,0.06199999999989814,3.0,,None,1476.8307,,102.31130000000007,,0.007976640947163105,0.028949444110576924,15584.159016200994,15010.809660138864,4.7819867508401985e-05,30659.85576923077,18873.563584129566,2.02370977181379,6.113791541698504,5.168063346921146,15.206020439063586,11.845853691455769,13.746629658147445,58.77356654566452
1579.807,1579.821,USV_1834,0.013999999999896318,3.0,,None,1476.8307,,102.97630000000004,,0.007770855911076069,0.0133056640625,17344.967666998735,19819.35875524456,0.000563486532348728,31500.0,22318.08184694054,2.233015498569255,4.402365548347409,6.840687297853368,10.008031065790838,11.713550832034057,12.96658806357697,44.40899086180001
1583.482,1583.526,USV_1835,0.044000000000096406,3.0,,None,1476.8307,,106.65129999999999,,0.007848459295928478,0.03416683799342105,15511.566765311198,15513.2992791267,9.967504079835662e-05,30345.394736842107,18774.86466227247,1.8172500476004159,5.563020644679949,6.445680994008313,17.74879846851582,14.05968154162071,14.921657413785601,57.08588995983636
1589.452,1589.493,USV_1836,0.04099999999993997,3.0,,None,1476.8307,,112.62130000000002,,0.00948247779160738,0.0146484375,14757.45849015076,17126.166307058334,0.0002670050529304891,31046.875,17945.09539494358,2.453671258842533,5.181799261212332,5.908732072332957,15.576829079778216,10.461093858512866,14.26329953804094,53.45332239833516
1592.012,1592.068,USV_1837,0.05600000000004002,3.0,,None,1476.8307,,115.18129999999996,,0.01054034661501646,0.03256623641304348,15948.91886769642,15082.72741886628,8.63867413831513e-05,29258.152173913044,21492.650753691705,2.3190579361422374,5.950353273314297,5.806713871072254,18.616399278656434,10.894139580107534,15.31309023381072,59.14178786178369
1592.172,1592.22,USV_1838,0.04800000000000182,3.0,,None,1476.8307,,115.34130000000005,,0.00930425152182579,0.011083984375,14501.316113253386,16382.521975959457,9.138225392092189e-05,30304.6875,20106.593755765425,2.749199589717603,5.736224894665786,6.06701935521716,16.86347279743149,11.02977670810658,14.253414604048277,55.70416469907794
1593.435,1593.464,USV_1839,0.028999999999996362,3.0,,None,1476.8307,,116.60429999999997,,0.012584279291331768,0.013408954326923076,12119.523773860361,14281.422203097307,0.00016642932889028878,26697.115384615383,22346.179060539056,2.5821153029447994,5.356660729148941,7.904939179723597,17.205293892439098,11.660080365759985,16.95866853415671,53.247767066766144
1594.855,1594.914,USV_1840,0.05899999999996908,3.0,,None,1476.8307,,118.02430000000004,,0.010800163261592388,0.021565755208333332,15911.6143939243,15122.355771282424,3.305500077806486e-05,32218.75,23658.646447501047,3.050179472180332,6.5699857294383674,4.527110072728622,16.371612696944407,12.5394708700654,14.923973362182755,58.682689756722105
1594.996,1595.009,USV_1841,0.012999999999919964,3.0,,None,1476.8307,,118.16530000000012,,0.008827128447592258,0.010602678571428572,17919.683477838567,21700.091898899223,0.0006806280925339807,32437.5,14871.711977002586,2.2095628640021006,5.25618503773224,5.409443657005233,11.71443287232839,10.039801403081668,12.99459402489404,41.476587820503084
1595.217,1595.238,USV_1842,0.020999999999958163,3.0,,None,1476.8307,,118.38630000000012,,0.008178440853953362,0.0423828125,18116.578217242208,16521.534861648237,0.0002188573573037122,30862.5,24063.01297013088,2.7809570923199116,5.616715892539774,7.247743861597101,16.861052206161997,9.678932861392777,15.069681865545235,51.151039066565765
1595.352,1595.429,USV_1843,0.07699999999999818,3.0,,None,1476.8307,,118.52130000000011,,0.008527270518243313,0.03965316280241935,16792.462087245705,14066.192742475894,8.367428545054592e-05,29673.387096774193,19160.66141650777,3.0230999282405366,5.8284322644342685,4.826573964876691,15.9121293470486,11.24279861068256,13.324603606607578,61.37021355903124
1598.474,1598.528,USV_1844,0.05400000000008731,3.0,,None,1476.8307,,121.64329999999995,,0.01075370330363512,0.037183678668478264,15644.544941632977,15143.556030491007,0.00012200742112234014,29315.217391304348,20261.966579657877,2.6190021989671015,5.292744540831475,5.505019044584901,13.657819195143293,12.060438947664661,16.44873558453087,59.148970336390086
1603.654,1603.668,USV_1845,0.013999999999896318,3.0,,None,1476.8307,,126.82330000000002,,0.010866502299904823,0.00823974609375,16649.678107326246,20948.609288857268,0.0003416292600744264,30082.03125,22538.216806649194,2.2629154588826843,7.542764929353165,4.5938753999566675,16.218395461664798,8.616499307553838,12.834112371746464,43.5969157247626
1603.807,1603.819,USV_1846,0.011999999999943611,3.0,,None,1476.8307,,126.97630000000004,,0.0073138135485351086,0.022705078125,19644.887577466558,22685.228514382175,0.0031421700196265466,33977.67857142857,25616.32019546923,1.4386377842125417,3.7891349297273678,7.228748152245558,14.54757845228571,9.060458255029376,12.80006142887139,40.083943034372474
1607.298,1607.307,USV_1847,0.009000000000014552,3.0,,None,1476.8307,,130.46730000000002,,0.009354100562632084,0.016194661458333332,17382.1344124928,22278.053447236063,0.000369748178716945,30921.875,14879.874592624401,2.2626110060959013,7.004586408671282,4.723230744271373,13.036673855543091,12.260433860657713,16.42592021008942,37.56047290142295
1610.097,1610.111,USV_1848,0.014000000000123691,3.0,,None,1476.8307,,133.2663,,0.005438496358692646,0.02581787109375,19771.03884662297,23533.987389498696,0.0014095119598591358,35097.65625,22642.06897354824,1.4761226380621717,3.2269000102172947,5.845561252073049,13.207346026135804,10.59744569097892,13.859782230062926,42.9987055210202
1610.408,1610.455,USV_1849,0.047000000000025466,3.0,,None,1476.8307,,133.57729999999992,,0.03507435694336891,0.02032470703125,10704.471790514684,12401.99212895566,5.2426278906285514e-05,22743.75,21154.88295512519,1.3758697945356189,3.9441924864212523,5.992715039624051,17.067315835725882,11.98142414085375,15.940253538817453,57.80338556664261
1611.454,1611.467,USV_1850,0.013000000000147338,3.0,,None,1476.8307,,134.62329999999997,,0.005781996063888073,0.03801618303571429,19152.657943180104,21663.177881346044,0.0013293215525446715,34352.67857142857,23327.16717886524,0.7452682355534066,6.3963898253069384,5.749655305185548,13.951107921801084,10.789386350007378,13.579642661594141,42.00077856907565
1614.001,1614.03,USV_1851,0.028999999999996362,3.0,,None,1476.8307,,137.1703,,0.010359719395637512,0.02283653846153846,16291.263664517457,17380.14220922863,0.00015748516339933474,30519.23076923077,15984.12855687593,1.5622788168206867,7.568569520684246,5.584715343380787,15.022896915194472,11.14522742952645,17.697175980017867,51.41040082104764
1614.184,1614.203,USV_1852,0.019000000000005457,3.0,,None,1476.8307,,137.3533,,0.011859123595058918,0.009326171875,15405.799649101766,18303.58511599617,0.0002094287406315865,30806.25,26960.051476621382,2.6223376160383163,5.443156546867039,4.668748091071121,15.946282674281672,10.67967357565178,14.11234369855313,47.10878426465113
1615.597,1615.743,USV_1853,0.14599999999995816,3.0,,None,1476.8307,,138.7663,,0.009931996464729309,0.04937637061403509,17919.608297036808,13410.257983224152,7.455313114145601e-05,31166.11842105263,23201.048587032757,2.621429591618592,5.059259709846095,6.480981873195525,16.956407347703713,11.555121788166458,15.407050003923613,64.31437848362657
1623.167,1623.199,USV_1854,0.032000000000152795,3.0,,None,1476.8307,,146.33629999999994,,0.007694799918681383,0.025041852678571428,15283.416801678262,16033.918573865918,0.00011892591501582832,31821.428571428572,17098.97955421194,1.5492801256269038,5.876041004430118,5.437121303934734,16.989064862079093,12.133682221819788,13.31700392284988,52.82677047416057
1626.905,1626.913,USV_1855,0.008000000000038199,3.0,,None,1476.8307,,150.0743,,0.0068713948130607605,0.023876953125,20270.286145611823,23325.679734949943,0.0020796049289353307,34818.75,21777.178706103045,3.291380037163779,4.557196192449224,7.664905601340584,11.31384390440334,8.43586707739602,13.293011587407928,35.07039554357137
1626.952,1626.988,USV_1856,0.03600000000005821,3.0,,None,1476.8307,,150.12130000000002,,0.010974416509270668,0.0130615234375,14591.13088064307,17177.76003180776,0.00013307566007696907,30486.328125,17691.719649566247,2.710910377755826,5.975963383148039,5.17941949764468,15.195598625895318,12.535682179527146,14.726486348811182,52.65239214159713
1632.18,1632.202,USV_1857,0.021999999999934516,3.0,,None,1476.8307,,155.34930000000008,,0.0077357604168355465,0.023171164772727272,15850.648488412711,16549.885830536663,0.0005769259710779023,30034.090909090908,15043.032889676268,4.587571094856916,5.360139462674286,4.809704594092789,16.376065291937916,8.994239643490342,16.581588606141096,50.541692670129436
1632.269,1632.297,USV_1858,0.02800000000002001,3.0,,None,1476.8307,,155.43830000000003,,0.007694716565310955,0.032827524038461536,17049.46505309726,18714.950535723652,0.00046883973874510754,31759.615384615383,15794.148017796742,3.6216893416389766,9.391297294064644,8.405722038006656,15.227610012880577,8.947506030321579,14.128000217325202,51.83212233847879
1632.603,1632.737,USV_1859,0.13400000000001455,3.0,,None,1476.8307,,155.7723000000001,,0.012312931008636951,0.026790978773584904,14582.022459698554,14546.180561950505,0.00012457184975209272,29515.330188679247,23418.074473133205,2.19828737728873,5.912455209028158,6.462675835395766,16.24495104909017,10.786970600675666,14.717939814905764,58.22538877801079
1633.435,1633.443,USV_1860,0.008000000000038199,3.0,,None,1476.8307,,156.60429999999997,,0.004652466159313917,0.05234375,20585.61539001358,20319.567221854802,0.0008205187830952575,32400.0,24791.2878140491,2.1538807004415026,3.1444811329296245,6.291626087240504,12.924691501401872,7.347619629576468,11.874120525897021,37.56567941290196
1633.686,1633.731,USV_1861,0.04500000000007276,3.0,,None,1476.8307,,156.85529999999994,,0.008696239441633224,0.020790501644736843,14340.328187732079,14631.095803190014,1.8974193371621387e-05,30291.11842105263,21175.25795815781,2.9564426579666887,4.1742270703403745,6.3624461810697674,16.010900022174997,10.435255498697398,14.434799080170158,56.506095286619676
1634.465,1634.49,USV_1862,0.02500000000009095,3.0,,None,1476.8307,,157.63429999999994,,0.008391623385250568,0.02044677734375,16370.141721586004,17906.093124255047,0.00027411349103767616,31648.4375,22367.924155247383,2.981673624699953,6.496622028356085,6.010734866367492,15.633114397930534,11.739999810291186,13.978703967906846,50.47042075601707
1634.756,1634.798,USV_1863,0.041999999999916326,3.0,,None,1476.8307,,157.9253000000001,,0.012016096152365208,0.023857964409722224,15479.518964127397,15960.102795215133,6.0513979296020064e-05,30276.041666666668,24128.03845763016,2.4035062318562592,7.563343758740938,4.640105244000305,16.11328243589141,11.968691366901469,14.472428938677174,55.325754032585394
1634.925,1634.969,USV_1864,0.044000000000096406,3.0,,None,1476.8307,,158.09429999999998,,0.009398631751537323,0.018837376644736843,14867.391040272429,16136.293231492415,9.540486469408498e-05,30814.144736842107,20250.234897551567,2.344949749322691,6.350108975510471,6.078215443659413,16.521796025997872,10.495747583618769,14.743659814992645,55.1886921790808
1635.657,1635.686,USV_1865,0.028999999999996362,3.0,,None,1476.8307,,158.82629999999995,,0.010616163723170757,0.022855318509615384,15960.341209833703,17208.224202060155,0.00022899899239013812,30685.096153846152,24343.771291018846,2.1986877233924407,6.352772129073729,4.777040514008676,16.03009014852018,12.945441375067785,15.018806976798826,51.741351345992484
1635.93,1635.955,USV_1866,0.024999999999863576,3.0,,None,1476.8307,,159.09930000000008,,0.08319240063428879,0.0167236328125,10837.205737411685,16816.051145515867,0.0001639453253697729,26484.375,30315.505754173293,3.0066554621349986,2.6067070824777416,8.086923372828602,16.476180108808112,10.48910801055213,14.4810286053663,50.66999249341191
1636.474,1636.516,USV_1867,0.0420000000001437,3.0,,None,1476.8307,,159.64329999999995,,0.008052553981542587,0.025146484375,15608.819058279892,15658.355186441351,0.00010601401179834857,30859.375,19618.920013837527,2.537807896534302,4.710733127169381,6.249414283734457,18.82935182651933,11.698002576079737,16.170553090954385,56.30558512539817
1636.921,1636.963,USV_1868,0.041999999999916326,3.0,,None,1476.8307,,160.09030000000007,,0.025330515578389168,0.019870334201388888,10441.202287857119,13896.514041760152,2.592058859095219e-05,25062.5,25441.99612922372,1.6360837170139624,3.3885536825787606,5.691339101041194,17.012251896502697,9.722160184345958,15.32218589809596,54.38040073068756
1637.124,1637.134,USV_1869,0.009999999999990905,3.0,,None,1476.8307,,160.29330000000004,,0.03743952885270119,0.017903645833333332,13156.25464946819,19533.10692309617,0.00043599497444088447,27500.0,29647.112934924586,2.180818385211628,3.265797825384217,5.162532654837197,15.112669458941872,7.641586918105902,15.770817802576472,37.78938896141079
1637.661,1637.704,USV_1870,0.04299999999989268,3.0,,None,1476.8307,,160.83030000000008,,0.009869472123682499,0.031914605034722224,16606.089120945227,14664.718806726347,0.0005731845207701471,29598.958333333332,16082.21246090832,2.370744395134233,5.981685658512598,5.0162816661064324,15.542864175688557,10.778702074463927,15.193283713765522,59.385152852435375
1638.571,1638.631,USV_1871,0.060000000000172804,3.0,,None,1476.8307,,161.74029999999993,,0.007167381700128317,0.028125,16655.588721057706,16735.26958252889,0.00012591153102529983,32160.0,24251.78225348552,2.785479613491303,5.972980153766862,5.184368292119999,16.491863289409288,12.024143214277737,14.6205207991725,57.07932118860438
1638.75,1638.776,USV_1872,0.026000000000067303,3.0,,None,1476.8307,,161.91930000000002,,0.00833186972886324,0.043863932291666664,17885.83361221271,15955.188745675032,0.0004929686026845917,30757.8125,19157.28619421773,2.1364887500953347,4.972101282755278,6.715305321470184,16.169934136071273,12.363060792711986,13.858188399208887,54.63942585655686
1638.978,1638.988,USV_1873,0.009999999999990905,3.0,,None,1476.8307,,162.1473000000001,,0.008675239980220795,0.0010579427083333333,16044.05340198381,19425.97990709485,0.0003505116987445509,31375.0,18742.592231666174,2.23004580675503,2.474561597808931,4.739733835307166,11.90807539802932,12.088600126009164,13.24677849305238,39.28891982952916
1642.578,1642.591,USV_1874,0.012999999999919964,3.0,,None,1476.8307,,165.7473,,0.012912200763821602,0.008858816964285714,14915.769593457591,18859.666774340054,0.0001079444196129107,29571.428571428572,19996.667914126294,2.0028456884576755,8.75726212956853,5.635868356291415,14.638374578011266,11.851180034888419,14.686211184023017,42.03475730330077
1642.679,1642.698,USV_1875,0.019000000000005457,3.0,,None,1476.8307,,165.8483000000001,,0.006335041020065546,0.0300537109375,16449.743996092577,16083.040628573483,0.00018350102505018903,31743.75,19192.7691292174,1.9399155322280612,3.4856319777083984,6.600714879557399,16.981086637792124,11.248324744233827,13.045874450190107,49.7063272590103
1644.455,1644.503,USV_1876,0.04800000000000182,3.0,,None,1476.8307,,167.62429999999995,,0.010148376226425171,0.0174072265625,14510.82982363115,16073.898249646425,0.00011315870148885926,30665.625,23142.06299176851,2.216875277387424,8.033996863886054,5.807596220799293,15.47541674856999,10.772168459270878,13.172619343152206,55.67511735249748
1645.904,1645.958,USV_1877,0.05400000000008731,3.0,,None,1476.8307,,169.07330000000002,,0.011659187264740467,0.01718537703804348,14367.763896158865,15495.13106044099,0.000382222835571412,28120.92391304348,17653.16065433277,2.6252022528026875,6.662754479434318,7.603716887772792,18.288691081078625,10.546552375621726,14.008403910216634,57.959664345069235
1646.082,1646.15,USV_1878,0.06799999999998363,3.0,,None,1476.8307,,169.25130000000013,,0.010037647560238838,0.023062569754464284,14628.928289330113,15052.376120537458,0.00028428622742417115,29899.553571428572,16899.625087489956,2.1470210027553134,6.822199417038754,5.191506222639258,14.616565716879526,11.180411637735025,15.285395320665502,58.33484914149233
1646.276,1646.376,USV_1879,0.09999999999990905,3.0,,None,1476.8307,,169.4453000000001,,0.009307046420872211,0.04287109375,15847.880678709625,13845.86819388068,0.00014619334758284621,28605.46875,22699.856453901197,1.5951819156628726,7.9993005242920106,5.703757553802025,16.831946732521498,12.85972280734615,14.755168403479866,61.75503362998991
1646.458,1646.478,USV_1880,0.01999999999998181,3.0,,None,1476.8307,,169.6273000000001,,0.00759930070489645,0.022412109375,15453.97649123668,17846.338357222587,0.0002298280287297482,30703.125,16872.295221111566,3.2725121937724473,5.730897491256707,5.620606007136536,15.091649368370952,12.622566120059691,13.410313489480165,48.66041513299635
1646.644,1646.707,USV_1881,0.06300000000010186,3.0,,None,1476.8307,,169.81330000000003,,0.010420777834951878,0.01793494591346154,14687.723517844694,15015.125141593095,0.00014284939574868143,28265.625,17135.980029911785,2.781267317164193,5.619670615451176,5.395795473744358,17.06715699878,12.350003579941642,14.712842070433938,59.43611624697758
1647.205,1647.24,USV_1882,0.035000000000081855,3.0,,None,1476.8307,,170.37429999999995,,0.008602557703852654,0.02276611328125,15720.429862568642,15742.842029145795,5.3178923182108746e-05,30527.34375,20828.750820212288,3.6084848033684356,6.755471335022486,4.848455754756558,16.81514379221411,12.438490594900124,13.836395129337165,53.509683021738425
1650.134,1650.167,USV_1883,0.032999999999901775,3.0,,None,1476.8307,,173.30330000000004,,0.009576890617609024,0.018831380208333335,14557.332821826136,16998.004258189456,0.00030022204415102507,31118.75,18962.46387260957,2.1766724638295813,5.656213327371309,5.27269675539311,17.09890718843896,11.52671538458448,15.282846857167964,52.141435495495074
1650.267,1650.275,USV_1884,0.008000000000038199,3.0,,None,1476.8307,,173.43630000000007,,0.008554162457585335,0.02890625,18778.513826394465,24134.323178823593,0.0014002708319712817,34556.25,21077.94889461771,1.5174418977745308,6.9693162148513865,6.887193019668371,10.601485439987307,8.628410964436984,11.750083782754285,33.55870487640878
1654.619,1654.715,USV_1885,0.09600000000000364,3.0,,None,1476.8307,,177.78829999999994,,0.00937510747462511,0.029842979029605265,14580.285506322713,14130.929062231931,0.00012881104338791682,29272.20394736842,20600.034023084776,1.8687914331736764,6.236647257684279,7.38755098189305,14.883532566923398,12.40989519289479,17.140589576450456,60.87844517155537
1654.744,1654.758,USV_1886,0.014000000000123691,3.0,,None,1476.8307,,177.91329999999994,,0.007773722521960735,0.016998291015625,15740.609381743734,18935.28198549132,0.0006928044325054392,30679.6875,18647.050089054945,2.275442575708073,4.790101928556975,7.789689824803881,15.404772471288325,10.326466153191394,13.474294039640544,45.147939043643895
1658.224,1658.254,USV_1887,0.029999999999972715,3.0,,None,1476.8307,,181.39329999999995,,0.009253931231796741,0.006731305803571429,15108.921565471812,16880.699457240265,0.00014216274692179434,30421.875,22509.547386588205,2.5201438980323063,4.2801222737531415,5.826996163967763,17.02955018619189,12.525601268885776,15.090714904923333,52.25249890181174
1661.69,1661.699,USV_1888,0.009000000000014552,3.0,,None,1476.8307,,184.85930000000008,,0.009162177331745625,0.017374674479166668,18284.622740348834,23489.02409514747,0.00033512435410084604,33078.125,25153.611016762105,2.3071100898037344,7.932992192678175,5.296256485565242,11.526466727926854,8.785943798666063,10.031169073781752,35.47208939363953
1662.08,1662.133,USV_1889,0.05300000000011096,3.0,,None,1476.8307,,185.24929999999995,,0.01025672722607851,0.023282137784090908,15052.107478622836,14351.016729010014,5.7348427488281394e-05,29548.295454545456,17744.760157573848,2.7752868656743184,7.545385531056058,5.344623291413234,16.63462259934084,11.994151459951375,12.703391534919009,57.696503034728124
1662.556,1662.613,USV_1890,0.05700000000001637,3.0,,None,1476.8307,,185.72530000000006,,0.01147450227290392,0.012186686197916666,15164.367152675535,16875.32805621543,0.00015125828754415606,31023.4375,19890.88937212328,2.7397516112332547,6.17780169052759,5.213346212289324,16.37699658785525,11.614968376447003,15.843760604817467,55.7548195929868
1663.016,1663.045,USV_1891,0.028999999999996362,3.0,,None,1476.8307,,186.1853000000001,,0.007526008412241936,0.020770733173076924,16155.416437034924,18239.84812749053,0.00016896136612989558,32098.55769230769,17696.438948024683,2.245247689542634,4.278120771552797,5.03233354006258,16.471424667435116,11.139111424228304,14.026316834497258,51.33961746529041
1664.255,1664.281,USV_1892,0.02599999999983993,3.0,,None,1476.8307,,187.42430000000013,,0.009219484403729439,0.035135904947916664,17871.682273674087,15951.91712914763,0.00022128787451872317,31968.75,24541.12601029451,1.684976016091735,5.699298203215691,3.6412335914692693,15.074093625242783,11.906467339311282,16.008406265599735,52.40515739920988
1664.827,1664.967,USV_1893,0.14000000000010004,3.0,,None,1476.8307,,187.99630000000002,,0.009444245137274265,0.048783735795454544,17353.174694519777,14243.971565945278,0.00012987359760542329,30838.636363636364,24233.483598026116,3.380419042671841,6.00074475277761,5.954530802734033,17.317799280436148,11.676053630221542,14.808976685821857,62.041880742496396
1665.003,1665.143,USV_1894,0.14000000000010004,3.0,,None,1476.8307,,188.17229999999995,,0.010079681873321533,0.03553799715909091,16364.014098443378,14339.013051886652,0.00021323064318730858,30513.06818181818,20476.382386619585,2.7140306889517114,5.108944379865403,6.086530242428963,15.239705863379681,12.192634550500737,13.58550316320122,61.52039925147067
1665.189,1665.313,USV_1895,0.12400000000002365,3.0,,None,1476.8307,,188.3583000000001,,0.010667534545063972,0.025041852678571428,15730.50321461709,13724.268486830428,9.253684500621246e-05,29458.54591836735,18362.832490742978,2.706631723607869,5.0714265072405444,5.583662549629712,16.22566164183275,12.230535916889893,15.233695121458439,61.75448795686913
1665.366,1665.445,USV_1896,0.07899999999995089,3.0,,None,1476.8307,,188.5353,,0.009431658312678337,0.03353118896484375,15510.525277653887,14201.9500310953,9.903852927233415e-05,29103.515625,18247.208969957595,2.898823702693169,6.495073897120925,5.676485346046828,16.422309510766294,12.014079605441953,13.227056513367039,60.07311562070517
1665.528,1665.62,USV_1897,0.09199999999987085,3.0,,None,1476.8307,,188.69730000000004,,0.006921251304447651,0.04945497255067568,16955.46062987507,14091.822257976162,0.00014863842037666475,30451.013513513513,19808.60293621929,1.7344893561994994,6.368614682781574,5.146642932410217,18.762661503318363,10.64957233161525,15.555226483757725,62.01496494064545
1665.734,1665.806,USV_1898,0.07200000000011642,3.0,,None,1476.8307,,188.90329999999994,,0.009170099161565304,0.04637830010775862,17348.40613634901,14317.594852453887,0.00015164484858712682,29014.008620689656,21362.283327421042,2.7276089328665987,6.242048374605959,6.032579706600696,17.38142246582435,10.738556023678568,14.06678396347785,62.43191635001979
1665.93,1665.995,USV_1899,0.0649999999998272,3.0,,None,1476.8307,,189.09930000000008,,0.00910868775099516,0.04102466724537037,15987.67456523086,14020.2570179144,4.5668084439298304e-05,28434.027777777777,21825.305817295804,2.329730742527868,6.017618357547566,5.172036674488933,16.44034067578972,11.37524710709777,13.182504300617282,61.394762388369934
1666.123,1666.182,USV_1900,0.05899999999996908,3.0,,None,1476.8307,,189.29230000000007,,0.010539300739765167,0.026407877604166668,14467.814277077438,14130.183710943305,6.92479198575475e-05,28628.90625,15352.739791968937,2.0431483106380095,6.024172225860873,5.895884397900713,16.640922067229997,10.822648488632256,13.719283205243528,61.00630050591992
1666.316,1666.378,USV_1901,0.06199999999989814,3.0,,None,1476.8307,,189.48530000000005,,0.009125097654759884,0.032620943509615384,15391.016061055163,13313.904035853378,1.2174598719753287e-05,29224.759615384617,18213.767608175363,1.7590395528616616,7.33742459396069,4.87727659318871,16.349008836408732,11.268154079058068,15.336813402419057,60.90341458297291
1666.497,1666.551,USV_1902,0.05399999999985994,3.0,,None,1476.8307,,189.6663000000001,,0.010323982685804367,0.02968962296195652,16326.300585399427,15688.01956838656,0.0006782915167480559,29058.42391304348,21686.6042616216,2.733288551374741,5.409811593725025,5.740037222581026,17.299142441508486,11.18559081559268,15.245987462395677,58.921326133475965
1666.664,1666.747,USV_1903,0.08300000000008367,3.0,,None,1476.8307,,189.8333,,0.012370685115456581,0.05111873851102941,16761.42140280676,13446.9799793221,3.371718877862357e-05,28337.316176470587,24267.60874738204,2.1415766257780215,6.140734479906677,5.547857043206186,18.497826809427384,11.349637495850606,14.788327192807662,63.26541245787424
1666.859,1666.92,USV_1904,0.06100000000014916,3.0,,None,1476.8307,,190.02829999999994,,0.011816957034170628,0.0513671875,17291.014752916715,14832.530092480978,0.00010519941235574048,28616.25,24186.367282527,1.910448425857966,8.044663178816469,5.266434548761019,17.512104806462848,11.05077564040708,13.670173925220963,60.51501953638791
1667.225,1667.248,USV_1905,0.023000000000138243,3.0,,None,1476.8307,,190.39429999999993,,0.01007026806473732,0.020552201704545456,16187.782428300738,18923.55215003015,0.0005619435185673803,30332.386363636364,25915.425316826437,1.6428280092163177,6.928854024360979,6.101914711084955,13.101862122291049,10.226854219868027,13.85227947789334,49.48966045144532
1667.373,1667.407,USV_1906,0.03399999999987813,3.0,,None,1476.8307,,190.54230000000007,,0.008441805839538574,0.014306640625,14823.808807496442,15598.748048888554,3.108952570502096e-05,30881.25,19831.563114017306,2.9252262308254235,4.966981365521198,7.401961817693334,16.910993932315414,11.376495209347045,14.601802179036621,54.33638319158843
1670.458,1670.512,USV_1907,0.05399999999985994,3.0,,None,1476.8307,,193.6273000000001,,0.008829379454255104,0.026749320652173912,15346.543701314598,15280.868953040788,5.290412792008318e-05,30256.793478260868,15432.756764311753,1.9816415962577745,7.183255319948445,5.113416294788719,15.95214745316284,12.034478178436707,15.731280497105159,57.3831537374
1670.63,1670.725,USV_1908,0.09499999999979991,3.0,,None,1476.8307,,193.79930000000013,,0.009486817754805088,0.026290090460526317,15023.613125307194,13950.20879287643,3.297908778357081e-05,29089.638157894737,15967.021925926303,2.531858512055537,6.3167997381357015,5.468159598702847,17.752383984527032,11.794725642643234,14.935145446237996,61.66886772561593
1670.807,1670.852,USV_1909,0.04500000000007276,3.0,,None,1476.8307,,193.97630000000004,,0.007851295173168182,0.042878803453947366,16703.724426762405,14023.404389122039,2.8205471976955164e-05,29358.552631578947,19940.106986983894,2.8917838937265503,6.175526184407462,4.4772043825591155,14.874639884910694,11.774988707143919,13.360202436902744,59.47108584601703
1671.684,1671.714,USV_1910,0.029999999999972715,3.0,,None,1476.8307,,194.8533,,0.00838659517467022,0.016531808035714284,16553.004527076097,18907.411892312164,0.0003595912239554472,32745.535714285714,19353.613693055213,2.0971364030254853,6.237554739740608,5.217772834988035,15.696117848340704,10.966885524021544,14.530578161725611,50.63930166811331
1674.155,1674.172,USV_1911,0.01700000000005275,3.0,,None,1476.8307,,197.3243,,0.009280776605010033,0.007622612847222222,16729.296719322258,18235.148358803508,0.0002575536471282647,31531.25,22039.579760475517,2.282242188085409,5.010043114386643,5.27929184918924,14.66745443806576,8.658531357304094,14.475543814984816,46.956629575411824
1675.286,1675.36,USV_1912,0.07399999999984175,3.0,,None,1476.8307,,198.45530000000008,,0.0102973198518157,0.015291341145833333,15373.134564339893,16112.754974295207,0.0002858824817023669,31650.0,23075.06285039148,2.8034073604124745,6.037124365821011,4.606818360254139,16.219530177333215,11.248710421619359,15.380276327291927,57.32697871454333
1675.517,1675.539,USV_1913,0.021999999999934516,3.0,,None,1476.8307,,198.68630000000007,,0.008933189325034618,0.014049183238636364,17450.39332816736,17256.62291019612,9.609295646177664e-05,32727.272727272728,25911.384987690788,2.279315863744141,3.6802283158125317,4.998857251184553,14.675590809154265,11.356876095540558,15.727406414484749,50.64545929298349
1676.382,1676.405,USV_1914,0.02299999999991087,3.0,,None,1476.8307,,199.55130000000008,,0.009416598826646805,0.010808771306818182,15161.534633169538,16153.516642261942,7.341084422938345e-05,31363.636363636364,19546.04151961304,2.3565065914489582,5.517506426746828,4.220461244375185,15.508092616824761,10.218603886296826,13.608069143215088,50.58054568634652
1676.569,1676.594,USV_1915,0.02500000000009095,3.0,,None,1476.8307,,199.73829999999998,,0.00676654651761055,0.030375162760416668,19925.937356284147,19438.63748286261,0.00047903266325655174,34695.3125,29650.219893399717,1.5691462861445291,6.510406644015418,6.105316442228344,13.240377251263235,9.614085803647468,12.408092891312435,51.02614121660631
1676.837,1676.883,USV_1916,0.04600000000004911,3.0,,None,1476.8307,,200.0063,,0.00910060666501522,0.01707763671875,15360.470390510725,17428.3950737957,0.00021789777149657362,31532.8125,16423.78628021172,2.339656292678842,6.560614184533553,5.475799674069613,16.81937237091463,12.238563129073857,15.032626422576069,54.53212910221257
1677.599,1677.614,USV_1917,0.015000000000100044,3.0,,None,1476.8307,,200.76829999999995,,0.005386967211961746,0.030548095703125,19863.4758353499,19226.489311413105,0.0010775667056398615,34851.5625,23161.877954007323,2.16763310478934,3.8352699746497922,4.514328473988122,13.649605014132586,10.598878054856648,14.111243712263095,47.665571554957715
1677.651,1677.749,USV_1918,0.09799999999995634,3.0,,None,1476.8307,,200.8203000000001,,0.010121870785951614,0.025083884214743588,15784.816609815209,14719.9218897293,4.943652816445728e-05,31591.346153846152,25356.38821909952,2.453192204631243,4.774678550245206,5.1953355387505535,17.142607906930095,11.872727445130538,15.998116846579645,60.016089995301904
1678.543,1678.59,USV_1919,0.047000000000025466,3.0,,None,1476.8307,,201.7122999999999,,0.00966662261635065,0.01787109375,14852.23394208168,16775.236262728326,0.00010247873675680143,30450.0,18344.498033111828,2.502950341000031,5.9086230884062925,6.809639274171412,16.85830070843934,11.535373969853575,13.215105880567402,54.09141728387217
1678.968,1679.02,USV_1920,0.05199999999990723,3.0,,None,1476.8307,,202.1373000000001,,0.009873502887785435,0.024769176136363636,15876.11641830401,15261.567599183636,6.146931617320695e-05,31095.170454545456,23366.577824308803,2.7351178561154352,6.531194224227479,5.922003340861024,19.526870571446935,11.886668085483116,14.207068128743906,56.13046694712082
1679.807,1679.834,USV_1921,0.027000000000043656,3.0,,None,1476.8307,,202.97630000000004,,0.008968180045485497,0.02234825721153846,16621.116213229536,18144.202733921647,0.0003475468853956299,31802.884615384617,18927.38817939886,1.4074747438751034,7.041744605257012,4.805305622871118,15.69844323715942,10.167774441921223,14.69795660558576,51.310140597455906
1680.33,1680.363,USV_1922,0.03300000000012915,3.0,,None,1476.8307,,203.49929999999995,,0.008180481381714344,0.020751953125,15999.301664906301,17364.16820509546,0.00021977636785039127,31500.0,19598.424744452896,2.6360991016203394,5.089488671275009,4.444520058930077,16.078209680096982,11.426411226197443,16.562416095638465,53.36951118412933
1681.43,1681.438,USV_1923,0.008000000000038199,3.0,,None,1476.8307,,204.59930000000008,,0.007230674382299185,0.0125,17487.520397783846,21554.775658537445,0.0002574556577336311,33393.75,26129.959199896326,2.285310387295849,5.494899537426044,4.685776594701765,16.425367091368624,8.888779115655618,16.195640172044826,35.12771341254127
1681.57,1681.602,USV_1924,0.032000000000152795,3.0,,None,1476.8307,,204.73929999999996,,0.005300296936184168,0.042393275669642856,18251.913927826998,16671.491564625794,0.000436150652852428,32511.160714285714,17352.492932366873,3.0450338048085377,4.936565233150276,4.291783448964994,14.503957733842286,10.734945335183822,14.809743092502984,53.785421319539346
1682.748,1682.829,USV_1925,0.0809999999999036,3.0,,None,1476.8307,,205.91730000000007,,0.009012212976813316,0.017711292613636364,14718.574593469482,15338.186102308458,0.0001150806300688472,30696.022727272728,20986.842044600955,2.598003534555669,4.798406787160812,6.2531400007133895,17.24277812508931,11.655339534871349,14.448900384792655,58.5128902616616
1686.732,1686.743,USV_1926,0.010999999999967258,3.0,,None,1476.8307,,209.9013,,0.005872824694961309,0.042195638020833336,17333.93941711863,15849.714776882274,0.00014413456393233431,30953.125,20671.27044053299,1.538806023695913,4.707612409388038,5.9660134276787185,15.430263088659785,11.371665167425453,13.112261852918353,46.51296472590925
1686.918,1686.95,USV_1927,0.032000000000152795,3.0,,None,1476.8307,,210.0872999999999,,0.01053040474653244,0.018484933035714284,13695.327272108072,16074.931564788078,2.4218493543574703e-05,30120.535714285714,21802.167034967722,2.5244352348190753,4.208357168432422,6.284580884903791,18.111444975440563,13.549880584638043,13.638184526385292,53.12005752668743
1687.478,1687.486,USV_1928,0.008000000000038199,3.0,,None,1476.8307,,210.6473000000001,,0.008234942331910133,0.024853515625,18028.29554047819,22847.075198399438,0.0007828429935876366,33862.5,20618.974055485352,0.5719609388600444,5.763212401847683,7.002755252428228,12.97487193465076,10.874630199518617,12.44121646865234,34.39513670111382
1688.476,1688.498,USV_1929,0.021999999999934516,3.0,,None,1476.8307,,211.64530000000013,,0.008282751776278019,0.027055220170454544,17563.3500922701,19471.183061144893,0.0006006710676679532,31508.522727272728,15419.24471529536,1.1110418466256518,5.4756166639383075,6.154535100735232,15.04104324594406,8.26069237419695,13.473274739885726,49.857607519386036
1695.104,1695.12,USV_1930,0.015999999999849024,3.0,,None,1476.8307,,218.27330000000006,,0.00851932168006897,0.032562255859375,18730.77176691019,20252.976565965117,0.000623950528064696,33937.5,21387.6088829792,2.847814352259399,6.178891424872414,6.208412984107897,15.384924605255403,9.375251994410577,15.437528682395634,44.873408836901405
1695.242,1695.258,USV_1931,0.016000000000076398,3.0,,None,1476.8307,,218.41129999999998,,0.006897559855133295,0.037261962890625,20042.602622423467,19163.405832622666,0.000831951773866428,34699.21875,26469.530473096755,2.4639918155402247,3.979862747887548,3.3003120745263685,12.382704084687981,11.469758376946373,13.297276473258032,47.41166814347122
1697.867,1697.886,USV_1932,0.019000000000005457,3.0,,None,1476.8307,,221.03629999999998,,0.009871860966086388,0.02421875,15559.120012200443,15852.682349037914,4.977615132697548e-05,29465.625,21972.24947405226,1.3744917746743317,6.9492162402995445,4.1135188226258865,16.285122085314125,9.270011298974726,14.055866030039528,49.88259104849926
1699.305,1699.314,USV_1933,0.009000000000014552,3.0,,None,1476.8307,,222.47430000000008,,0.010190806351602077,0.027140299479166668,19475.816009948103,24953.960392140234,0.0010522045331436882,33156.25,22579.06258432503,2.116139810539307,6.185523222601387,4.2118014061371865,11.687549343959303,8.435291994098678,12.062208251068478,35.77371518440976
1701.442,1701.457,USV_1934,0.015000000000100044,3.0,,None,1476.8307,,224.61130000000003,,0.009286889806389809,0.01629638671875,15141.297199343197,16348.301969557908,0.00012249523759726781,30960.9375,17888.324064592205,2.007176999449262,6.49877688246311,8.858876885765449,17.87754528995442,12.639407316176976,17.01997748000136,46.21236811129291
1701.527,1701.536,USV_1935,0.009000000000014552,3.0,,None,1476.8307,,224.69630000000006,,0.008395656011998653,0.024251302083333332,16318.713782279387,19444.666333064368,0.00018718765744119264,31546.875,24842.64912436456,1.9951362398854535,7.520640607615756,5.930636534949816,11.09528847205457,7.973991933276889,10.792398560097345,38.57909129427404
1702.036,1702.052,USV_1936,0.015999999999849024,3.0,,None,1476.8307,,225.20530000000008,,0.00789373368024826,0.02288818359375,18656.821675796622,20131.035610359322,0.0006018218222567684,33128.90625,24543.694104209808,1.8839457027514221,5.995809014778054,5.212877517777617,13.06377825991298,10.048277868255504,18.08376571275611,45.80175408466836
1706.284,1706.294,USV_1937,0.009999999999990905,3.0,,None,1476.8307,,229.45330000000013,,0.007098538335412741,0.016438802083333332,16383.961990090293,19392.67138482334,0.0003746165064216094,30843.75,16464.066455787026,3.114113018124278,6.50819380552722,3.454820958050682,13.697588953740619,10.784240582397375,13.40778803318698,44.37769868549506
1707.697,1707.719,USV_1938,0.02200000000016189,3.0,,None,1476.8307,,230.8662999999999,,0.009938489645719528,0.010498046875,15775.692415202515,17886.995443147618,0.00018571453208897435,32071.022727272728,15979.579711617163,2.2330792972975098,5.09164233458883,5.578980059968966,13.7413575889196,12.260073942318433,12.419361475077483,51.15154299827463
1709.351,1709.386,USV_1939,0.03499999999985448,3.0,,None,1476.8307,,232.52030000000013,,0.00910627655684948,0.027799479166666665,16073.114270007822,14983.598753908735,3.853363842172104e-05,30968.75,24716.467815112715,2.3357931509589958,6.297395395350504,5.964208170311826,18.496740441202594,12.814469213216718,12.92282020263077,57.27385221293414
1709.984,1710.046,USV_1940,0.06200000000012551,3.0,,None,1476.8307,,233.15329999999994,,0.008921786211431026,0.022892878605769232,16202.656692332053,15782.22733766675,0.00017066713503510836,31406.25,17700.29705837463,2.490683017272846,4.723763617982735,5.33036946054849,15.81434207950051,11.409505764060391,14.407384632492505,58.26927191270957
1710.098,1710.108,USV_1941,0.009999999999990905,3.0,,None,1476.8307,,233.26729999999998,,0.006337203551083803,0.0299072265625,18713.395235502598,21266.45474265199,0.0005347422870027608,33156.25,25002.097070483545,0.9204630713457336,3.9477274582248056,3.466926168084201,9.79596918837,10.405032074027227,12.60419601764242,37.98231076146716
1710.251,1710.274,USV_1942,0.02299999999991087,3.0,,None,1476.8307,,233.4203,,0.006761070806533098,0.030539772727272728,17276.009745499177,17864.147292413734,0.00042963111220518604,32053.977272727272,20565.87917072904,1.6677599263687788,4.175053092896106,3.992220393238402,15.102959299527054,12.14060155733943,14.19856686486059,49.87082339916158
1718.959,1719.059,USV_1943,0.09999999999990905,,,None,,,,,0.010336979292333126,0.030328369140625,13151.635298589343,12711.09811289024,0.00017053102512914483,26339.0625,15601.122426639567,2.0349969449066854,6.390190576330172,5.726065491987103,16.184051802833572,13.351184274820918,14.477202926879192,62.94373839435862
1726.1,1726.244,USV_1944,0.14400000000000546,,,None,,,,,0.015045998618006706,0.03196498325892857,12283.283259379028,12755.963959805367,0.0001520307459124031,25642.29910714286,22334.45676090805,2.4081539324051007,2.6377470179541613,4.448472197023334,17.433459880949837,10.120289613912027,14.644932136441932,63.834995094948134
1780.328,1780.391,USV_1945,0.06300000000010186,,,None,,,,,0.007765808142721653,0.03255521334134615,14740.52544515638,13684.529160223934,5.951118140796483e-05,29960.33653846154,21666.640159978655,2.1089662396008206,3.944275288998865,5.047704462864942,15.442224401595485,11.090442530924776,16.53118132863418,60.89394676845995
1780.961,1781.082,USV_1946,0.12100000000009459,,,None,,,,,0.009761656634509563,0.0240325927734375,13294.457500536055,13309.467617344786,4.353521345265699e-05,28453.125,15998.029654339625,2.2277644088563107,6.01317602165787,5.97772480215869,16.876821480701427,11.640633914130483,15.023419846989844,60.795204953563314
1787.77,1787.852,USV_1947,0.08200000000010732,,,None,,,,,0.022466285154223442,0.015891335227272728,9206.53974194744,12441.435947315831,6.697556724742116e-05,21059.659090909092,21177.335593750176,1.9133365854349782,2.847285934010399,6.586118657576732,16.970186541597382,11.472500893211098,15.265779232165464,59.64347840206428
1788.043,1788.11,USV_1948,0.06700000000000728,,,None,,,,,0.015566558577120304,0.016863141741071428,9411.327065401625,12279.469098400054,5.302113447683839e-05,21997.76785714286,23489.975212158985,2.578385002247297,2.3285142251436532,5.312778836338665,16.777559443615086,10.807853972429703,15.97462711177875,59.59272732099286
1789.516,1789.53,USV_1949,0.013999999999896318,,,None,,,,,0.045469045639038086,0.003570556640625,9884.99677967803,21013.33154729048,0.00030202333746565384,20718.75,33796.154518531504,2.2617353022837134,0.7003014981284357,3.9432942061494742,14.549097902583616,11.406770602370234,13.226396745200686,38.095037595122605
1789.609,1789.636,USV_1950,0.027000000000043656,,,None,,,,,0.016083061695098877,0.014610877403846154,12403.241114456743,17660.816709889863,0.00041140775512177,26012.01923076923,19518.110478014816,1.3194512621490757,2.6579554819017726,5.923522919165584,17.890275673289615,10.455754030345277,15.015753369223791,50.889406975381526
1790.944,1791.002,USV_1951,0.057999999999992724,,,None,,,,,0.008686196058988571,0.024302164713541668,13597.495493419927,13698.943024239985,3.346438597991113e-05,28015.625,24323.913707719345,2.614719218917312,4.734724212012224,5.569801434348068,17.143682282229353,13.20171431330518,17.642726556762906,59.468276922611494
1791.142,1791.169,USV_1952,0.027000000000043656,,,None,,,,,0.009740572422742844,0.016075721153846152,14865.912166373413,18011.34954344572,0.0003210297784807237,29293.26923076923,15640.611611046434,2.0971080149781534,5.85381863598399,5.409446494662802,14.382539013976542,10.142700454485105,15.047952406648086,50.91573798406284
1791.377,1791.452,USV_1953,0.07500000000004547,,,None,,,,,0.008961186744272709,0.023272114415322582,15197.80160817207,14756.82872145262,0.00013539195199790984,29969.75806451613,21328.445399123844,2.6168872150759834,6.347568578698811,5.001729881989215,14.320307477590976,11.652343527664742,15.998870898023695,59.200775407196225
1795.856,1795.908,USV_1954,0.05199999999990723,,,None,,,,,0.014152604155242443,0.015558416193181818,10862.886869144411,14245.133265564906,0.0001244145820781845,25504.261363636364,25341.116683921,2.1870097920064437,3.3931129618373816,5.869483334643906,19.08803401256756,10.763640534414213,15.618628467950554,56.07064135692013
1799.912,1799.942,USV_1955,0.029999999999972715,,,None,,,,,0.020477188751101494,0.014090401785714286,12937.442156984513,18071.351712472424,0.00011570883645403555,27515.625,19466.55528960509,2.3211373967549327,6.620840392310898,5.070472370337506,13.114927580601577,10.767534737478956,13.318909685294697,48.64706291685294
1802.86,1802.97,USV_1956,0.11000000000012733,,,None,,,,,0.023343641310930252,0.012628728693181818,8140.520471423792,12289.274471546767,0.00013616507983540721,19433.948863636364,26839.891162076696,2.2560379622132105,3.0878634925303103,4.449883557639734,14.491111576541101,10.51493667742069,14.446417783237308,60.22662822372891
1803.223,1803.335,USV_1957,0.11200000000008004,,,None,,,,,0.056966330856084824,0.009177468039772728,6980.626688263953,10001.73285014211,3.288181860431124e-05,15954.545454545454,18284.29624154648,3.052294118595407,2.495545438101958,5.237186316969613,16.84749904504739,11.836022432134236,14.115834061004403,61.51353372902318
1803.783,1803.843,USV_1958,0.060000000000172804,,,None,,,,,0.06220664829015732,0.00640625,6594.03467266455,12220.259033343887,0.00021675590483361006,14355.0,32841.6937289512,2.7686030249651052,2.6071690004990513,6.628280321993283,17.180456539924297,9.686686148920316,13.949379435249949,56.278044013552744
1804.712,1804.844,USV_1959,0.13200000000006185,,,None,,,,,0.009601258672773838,0.033583420973557696,14187.364601162119,13341.231635509359,9.012529869218171e-05,27697.716346153848,19110.256739596218,2.5716397480631814,5.530661359727593,5.333914553058393,15.924679419676037,12.623218757555508,16.070809462021316,61.8292892816385
1805.549,1805.621,USV_1960,0.07200000000011642,,,None,,,,,0.009127196855843067,0.05176623114224138,16693.339150674685,13804.256433981016,0.00029177351809788117,28949.353448275862,17552.224357557363,1.645400691323738,5.956910754248957,6.4193365558937625,17.284356095771457,11.37507181766703,16.397046392575934,61.984077164548054
1805.698,1805.789,USV_1961,0.0909999999998945,,,None,,,,,0.009529500268399715,0.04946560329861111,15848.689888609115,13364.664491262163,0.00019824216966873504,28320.3125,17442.210636425505,2.3110158710357513,4.9578670041969355,5.432832968035212,17.66679706117495,12.213041291307075,16.634788934685556,63.602155564802175
1806.611,1806.67,USV_1962,0.05899999999996908,,,None,,,,,0.009010530076920986,0.02410888671875,13072.770946503022,13991.37395301914,0.00012870268169510438,27285.15625,18607.95938935088,2.1098074373528544,4.864069845261899,5.594115824284152,16.67147991021,12.0209134196891,16.48099163578163,59.505880903044066
1810.887,1810.904,USV_1963,0.01700000000005275,,,None,,,,,0.005568890832364559,0.033610026041666664,17232.339790373528,17258.3413723502,0.000915692524946735,31864.583333333332,18908.54082843185,2.2086969849419313,5.670377037331175,5.796506357950481,12.138248619311007,10.108043352140035,14.500011718471008,48.509943267268504
1811.31,1811.345,USV_1964,0.035000000000081855,,,None,,,,,0.011597173288464546,0.00372314453125,14607.977308608628,17524.27219306149,0.00038331447394295053,29496.09375,16654.461776286553,2.581811157936742,4.537636494996587,5.816297959384691,13.018174836561098,11.169965382182696,13.269241557909293,52.38542842896816
1813.073,1813.096,USV_1965,0.02299999999991087,,,None,,,,,0.014374583028256893,0.017822265625,11953.284616823186,16306.516192318308,0.00032951637565830044,27775.56818181818,21095.47470455878,2.434497112362651,1.9493364549708085,5.076486210265698,14.052555450516206,9.896137685174592,15.659364620149626,50.42226595766535
1813.393,1813.53,USV_1966,0.1369999999999436,,,None,,,,,0.00850558653473854,0.029446072048611112,14745.128614890238,13930.93718993819,9.982595550336881e-05,28961.805555555555,18533.180284423684,2.7997550937237756,5.5535600489603985,5.527892471354993,15.456641744007506,11.51607805838004,14.966732731404688,62.352299344600105
1816.974,1817.036,USV_1967,0.06200000000012551,4.0,,None,1815.7907,,1.1832999999999174,,0.007363554555922747,0.03741924579326923,16371.885144415406,15873.503709120281,0.00015443664866385352,31056.490384615383,23141.819075710337,1.762331025013405,5.114207808987743,5.5329230648474885,13.23324809294134,10.987309004065157,15.736462961053679,58.282836160885196
1821.143,1821.203,USV_1968,0.05999999999994543,4.0,,None,1815.7907,,5.352300000000014,,0.01105609629303217,0.016767578125,12509.773582092601,15041.79217269002,6.848178008702233e-05,28252.5,16310.120341781056,2.3674079401281505,3.720254527963949,5.998816287980621,13.373952826964972,9.943482192105833,16.0047994448067,56.335375554241416
1821.239,1821.291,USV_1969,0.05199999999990723,4.0,,None,1815.7907,,5.4483000000000175,,0.009441765956580639,0.025179776278409092,14486.780899216224,14972.054256908244,0.00026866250396386236,28819.602272727272,16166.973517020575,1.849429660968452,4.113046936559677,5.126128934315964,14.497376156835342,10.802571683071587,15.654633618633333,56.792786148393155
1823.001,1823.068,USV_1970,0.06700000000000728,4.0,,None,1815.7907,,7.210299999999961,,0.010509772226214409,0.03993443080357143,17038.53957489432,13958.087347370736,3.436374145574188e-05,30244.41964285714,25136.469119320707,3.026104150488037,5.40518516638874,6.06445943241817,15.07703646938493,12.145606008573612,13.014022856017224,60.51232857347174
1823.255,1823.278,USV_1971,0.02299999999991087,4.0,,None,1815.7907,,7.464300000000094,,0.009367496706545353,0.030384410511363636,16035.135151948512,18365.577770514632,0.00047930294998162757,30605.113636363636,19982.67793678395,3.053671980421656,2.5907686980914106,3.79217267869454,14.467041953862266,10.404113947077851,12.522039071898638,49.571207762858286
1824.695,1824.725,USV_1972,0.029999999999972715,4.0,,None,1815.7907,,8.904299999999921,,0.007042310666292906,0.03928920200892857,17580.325899290685,16347.786341464625,0.0002367488834241875,31593.75,23851.017520263325,1.47926545572126,3.9275924921562066,5.237854608347621,15.895222785757424,10.527058648875698,13.589448721065812,53.73490268706933
1824.783,1824.853,USV_1973,0.07000000000016371,4.0,,None,1815.7907,,8.992299999999886,,0.009636499918997288,0.019607017780172414,14962.163452465506,16456.58645160007,0.0003057004314959827,30717.672413793105,22567.08837827602,2.2718772058682477,5.024622162357208,6.441105128267556,15.92338123944346,11.856446007428287,14.422647572901148,57.376467669226585
1825.38,1825.395,USV_1974,0.01499999999987267,4.0,,None,1815.7907,,9.589300000000094,,0.011397507041692734,0.011260986328125,16990.754131280504,22340.32509400646,0.00048086444669417667,33210.9375,24100.146568048225,2.6141371401409503,5.42072861803737,5.2459286801240275,14.030595782565609,10.217526024592832,12.817777265089424,41.98606588784376
1825.63,1825.714,USV_1975,0.08399999999983265,4.0,,None,1815.7907,,9.839300000000094,,0.011052769608795643,0.02139102711397059,11725.565522623287,13102.062399839622,3.617908815965089e-05,25577.20588235294,16727.35982021928,2.328126933033419,4.07607730656449,5.372064917675082,13.570177648326963,13.550046837884281,17.694147226936174,60.124015424470755
1826.003,1826.038,USV_1976,0.035000000000081855,4.0,,None,1815.7907,,10.212299999999914,,0.012484859675168991,0.02032470703125,14010.63818255508,16920.99235322645,9.331774794526627e-05,29285.15625,18021.435720950107,1.2932449812242992,5.766995207041971,7.550187258273037,17.25847947155595,12.389894265216164,14.666357583465583,51.904017585198986
1826.225,1826.272,USV_1977,0.047000000000025466,4.0,,None,1815.7907,,10.434299999999894,,0.012385645881295204,0.01634521484375,13180.02669808923,16596.687624443217,0.0004913766982997158,28696.875,17273.52562961909,2.962584592866235,6.199386133176288,6.564407085332576,16.654338793317415,9.886836624189986,14.346752802940818,53.82645057975284
1826.477,1826.556,USV_1978,0.07899999999995089,4.0,,None,1815.7907,,10.686300000000074,,0.06062258034944534,0.0083160400390625,7889.9830423868225,12004.197906854113,0.00010472809715200175,18342.7734375,22673.70074860028,2.8177077503704617,1.917683312858112,5.907306577000396,17.2896225025513,11.238801179736335,14.434522521700295,57.52440044597982
1826.737,1826.753,USV_1979,0.015999999999849024,4.0,,None,1815.7907,,10.946300000000065,,0.01971202902495861,0.0157470703125,14106.354011276433,18587.7667041688,0.001906682523227086,28617.1875,19039.897506412133,6.04301171637041,1.9719390337432734,6.211165797367559,14.7889607603534,10.378856684558407,12.8031504462318,44.90827735374316
1832.544,1832.661,USV_1980,0.1169999999999618,4.0,,None,1815.7907,,16.75330000000008,,0.009121374227106571,0.03499702785326087,16502.238960319628,14252.36492253937,4.422908207621558e-05,30317.934782608696,24315.381190454547,2.261494165994894,6.759055931408098,7.347076912290917,19.777138697745308,12.683636771050676,14.68103602295125,60.823410048771294
1833.757,1833.77,USV_1981,0.012999999999919964,4.0,,None,1815.7907,,17.966300000000047,,0.017380643635988235,0.012276785714285714,12293.378952709809,15342.065626456171,8.256952961997761e-05,25861.60714285714,14769.230769230768,2.070029418543853,5.459488103538418,3.717913288391252,15.859130271444931,10.11539029566262,16.020202676174012,44.704830212056414
1834.027,1834.122,USV_1982,0.09500000000002728,4.0,,None,1815.7907,,18.23630000000003,,0.017063913866877556,0.02131090666118421,12553.279790909233,14110.94559860364,0.00012994904391736613,26955.592105263157,24570.311060822052,2.6657797547568487,4.632564395044402,6.959726395536004,17.30481341474316,10.144506178438451,15.721200632939622,58.60440503268702
1834.254,1834.363,USV_1983,0.10900000000015098,4.0,,None,1815.7907,,18.46329999999989,,0.010673830285668373,0.030773074127906978,17331.329540548984,13648.918698926665,0.00021273489745126967,30298.691860465115,23226.316603265517,2.7916960924623946,6.299152671979633,5.401020124438493,16.80824341663286,11.802221522783112,14.889736222194859,63.423288352686626
1834.504,1834.547,USV_1984,0.04300000000012005,4.0,,None,1815.7907,,18.71329999999989,,0.01010686345398426,0.02061060855263158,16182.40886562589,16707.464470984098,0.00023320687491283092,30715.46052631579,20139.818764593394,1.798128280210591,6.43194397528361,5.995085104134996,15.939982416917678,12.52571111786329,15.167403909401168,55.4421606804954
1835.673,1835.696,USV_1985,0.02299999999991087,4.0,,None,1815.7907,,19.882299999999987,,0.007591481786221266,0.01617986505681818,17056.54381807186,19233.411095627413,0.00042915134345816416,31721.590909090908,22927.10668008871,2.4647864272140234,3.460378841282185,4.610401952243013,15.369454928938172,11.022491287904895,14.89315513294052,48.45731827820557
1835.78,1835.807,USV_1986,0.027000000000043656,4.0,,None,1815.7907,,19.989299999999957,,0.009978508576750755,0.014423076923076924,15410.477274336426,17806.31132312879,0.00011172364122356604,30843.75,20710.638457034172,2.1002381583891894,6.102460953821526,5.5203008360110255,13.558166102773527,11.684949721782505,14.16961248565772,50.087857332070016
1835.916,1835.976,USV_1987,0.060000000000172804,4.0,,None,1815.7907,,20.125299999999925,,0.009610140696167946,0.02931640625,15981.007215927755,15733.735089618951,6.464702805572183e-05,31211.25,22637.534002323086,2.4209683957538046,6.167904595563325,4.9751644360172005,16.959533014807775,12.92104180689441,13.03177189497176,56.99246459674036
1836.514,1836.524,USV_1988,0.009999999999990905,4.0,,None,1815.7907,,20.72329999999988,,0.00883282721042633,0.004231770833333333,17360.9764315217,22846.237116947126,0.0004231481413799151,32921.875,24775.789123603816,2.286985220535443,3.644805601073985,5.076525335881789,12.391166923493733,8.530604456074935,12.474730062960143,36.833285511163204
1836.554,1836.633,USV_1989,0.07899999999995089,4.0,,None,1815.7907,,20.763300000000072,,0.009210861288011074,0.0217742919921875,15944.974363548412,15014.843362032105,4.758231287984528e-05,30791.015625,24186.98080893146,2.40018804493079,5.595569289407608,6.184082126184942,17.094984262300898,11.686829684204,14.771720991783127,58.90965611850258
1838.069,1838.093,USV_1990,0.024000000000114596,4.0,,None,1815.7907,,22.278299999999945,,0.008826651610434055,0.027299360795454544,18420.136829967076,18491.03402610755,0.0004999876526318378,31738.636363636364,24722.301822393903,1.9414558575172594,7.240218073984624,5.651874115736464,15.446440779669938,9.812715417927262,13.838067444184485,51.0320238342621
1840.942,1840.991,USV_1991,0.04899999999997817,4.0,,None,1815.7907,,25.151299999999992,,0.007058387156575918,0.03771391369047619,16889.15690049754,15048.68207301608,6.121577789406188e-05,31517.85714285714,23613.130470624797,1.7613711314523708,6.8269306924381326,4.960946239611201,16.326845863442397,12.497790786020303,14.825081867071603,57.92660409961964
1842.707,1842.764,USV_1992,0.056999999999789,4.0,,None,1815.7907,,26.916300000000092,,0.00877867266535759,0.011983235677083334,14786.931210203902,16189.316120656977,9.413073937920758e-05,30632.8125,24289.866572623985,2.453826836172719,6.43404708374311,5.071339328786313,16.06489921903017,13.023140398315883,14.55672459232649,56.03040934602612
1846.748,1846.763,USV_1993,0.01499999999987267,4.0,,None,1815.7907,,30.957300000000032,,0.0070176986046135426,0.037506103515625,19445.217306311482,21129.67763520513,0.0007530371313023901,32519.53125,25070.465076610206,1.9353762614088865,5.8865618183651565,6.135370439270879,16.683370488917156,9.320123913408722,12.690207531443864,44.53293756729976
1846.825,1846.845,USV_1994,0.01999999999998181,4.0,,None,1815.7907,,31.03430000000003,,0.00740880286321044,0.0284912109375,16896.219219928807,17709.690485425963,0.0004998548255755881,32128.125,23124.675067244512,2.3588659419286833,5.639267298673329,5.246239508651863,15.381302892790817,12.17344766179286,15.89026242108786,49.05052831412102
1850.782,1850.816,USV_1995,0.0340000000001055,4.0,,None,1815.7907,,34.99129999999991,,0.01011799369007349,0.009684244791666666,14704.42601049229,17492.415654079476,0.0003046265520295711,30218.75,20268.540907934286,2.686168377708603,6.544217833242838,5.90800288204632,18.066931935230606,11.694081395276138,15.288289305649611,52.07073963769906
1861.9,1861.936,USV_1996,0.035999999999830834,4.0,,None,1815.7907,,46.109300000000076,,0.008671389892697334,0.0209197998046875,14936.152491749617,16014.19587271782,0.0003394179044296507,30650.390625,17860.169925033853,2.1786233338305605,5.999434222862389,5.496900946869788,14.818500464677411,11.712305717811596,16.360419867319944,54.475608098468896
1864.068,1864.113,USV_1997,0.04500000000007276,4.0,,None,1815.7907,,48.27729999999997,,0.0064965528436005116,0.03380705180921053,17035.715006941024,16952.20958221235,0.0002173373779188187,31949.013157894737,24048.702597044277,2.9689513725864383,6.05691263418233,5.68562306284453,16.69036915788476,11.642948686576412,13.915849940608679,56.69625842292204
1865.325,1865.354,USV_1998,0.028999999999996362,4.0,,None,1815.7907,,49.53430000000003,,0.011581952683627605,0.026911808894230768,16907.2685602697,14584.606923056122,0.00025730548453504624,29177.884615384617,24029.088704127542,2.6351308165614262,8.182545647083703,6.569589906527655,16.146819234086045,11.868141299857937,12.458268773657817,55.809516696922145
1865.449,1865.48,USV_1999,0.03099999999994907,4.0,,None,1815.7907,,49.658300000000054,,0.008532066829502583,0.02734375,17027.02852220638,17575.588341408984,0.0002245077734589328,31888.39285714286,22971.69393352663,1.6365108632889769,6.6298582346926676,5.789335872796826,15.111423665535103,10.327786869290142,14.790946861843308,52.648366811006994
1865.673,1865.719,USV_2000,0.04600000000004911,4.0,,None,1815.7907,,49.88229999999999,,0.007675012107938528,0.01964111328125,15415.43902211273,16248.432305918957,0.00013521450291651896,31143.75,20795.3595447468,1.8311454011834065,6.476219923603701,5.325736910999603,17.3828877047909,11.431110065329946,13.470651564495606,55.60091505965873
1866.287,1866.312,USV_2001,0.024999999999863576,4.0,,None,1815.7907,,50.49630000000002,,0.0069881402887403965,0.026224772135416668,18027.462158710336,18504.221646407914,0.0008139681190458105,32085.9375,22381.349768854456,3.6448477587522192,4.7490599832054174,4.027381342979774,13.151343163687068,10.081671960007995,13.944405909742196,51.293268672212946
1866.792,1866.815,USV_2002,0.023000000000138243,4.0,,None,1815.7907,,51.0012999999999,,0.011577277444303036,0.02448064630681818,16056.643587941344,16716.844747286817,0.00048387852541317036,29292.613636363636,14848.581607843771,1.9862612116256584,4.116807982027537,6.734702642690089,15.892898257820201,10.854782864348957,12.92650305912556,53.42565926105151
1867.108,1867.147,USV_2003,0.03899999999998727,4.0,,None,1815.7907,,51.31729999999993,,0.006709984038025141,0.04111615349264706,17258.71460473515,16996.697964731273,0.0002660606875188374,32575.367647058825,19541.39378778888,2.3244599116946647,5.978097305479043,5.140723759624688,15.98785895649606,11.80481055858245,14.279571586853148,54.103919342686794
1867.255,1867.304,USV_2004,0.04899999999997817,4.0,,None,1815.7907,,51.464300000000094,,0.0072023579850792885,0.030436197916666668,16617.83376079167,17129.33173374742,0.0005912971886176929,31964.285714285714,22709.425065796757,1.7506923965923387,3.6630893510058,5.718990579656474,16.344744300211072,10.818923348392534,13.866998061152572,56.34369302045319
1873.255,1873.27,USV_2005,0.01499999999987267,4.0,,None,1815.7907,,57.464300000000094,,0.014050357043743134,0.019805908203125,14213.825811490133,19274.430733167457,0.0007093177427709143,28957.03125,16254.217491619229,4.390412876893797,4.121904303463229,5.446846767962262,13.854834345014575,9.248149273311938,12.732663573214383,42.585757540946844
1873.471,1873.486,USV_2006,0.015000000000100044,4.0,,None,1815.7907,,57.68029999999999,,0.0065339552238583565,0.036895751953125,17396.42265184692,14493.235324128887,4.530992268121328e-05,30773.4375,24404.718153521066,3.4034666398368216,7.063737364106506,5.568128582756879,17.2695782182725,11.498459647025856,13.774532062929605,51.39261385914814
1874.897,1874.943,USV_2007,0.04600000000004911,4.0,,None,1815.7907,,59.10629999999992,,0.0076416051015257835,0.02220458984375,16416.893341915904,17230.38742679374,0.0004617920315007986,31584.375,20476.80409811868,2.072793128529471,4.0779824480002755,5.4318560024582485,16.468977308605197,13.162511567151629,14.68766435525053,55.13845812083256
1875.239,1875.293,USV_2008,0.05399999999985994,4.0,,None,1815.7907,,59.44830000000002,,0.011113451793789864,0.025433084239130436,15119.212318707107,14692.605345031125,8.393711038481632e-05,28447.010869565216,23311.06397842476,2.5114051778191917,5.685856800676091,5.832762073915373,16.69420450147979,12.825375917369515,13.1626244219337,59.18205167322759
1875.598,1875.667,USV_2009,0.06899999999995998,4.0,,None,1815.7907,,59.80729999999994,,0.008404501713812351,0.03444126674107143,15586.067087886075,13881.459628141532,0.00011564272885451181,29250.0,18933.899352104865,2.102188497273555,6.334139351285768,6.45560885475011,18.444623243082845,11.063541166812865,14.551669423052413,60.089530555571834
1875.79,1875.837,USV_2010,0.047000000000025466,4.0,,None,1815.7907,,59.99929999999995,,0.007578223943710327,0.0275146484375,15779.393955384625,15642.92381816656,0.0007078062040832592,30773.4375,18535.724589645157,2.0602026671333453,6.015568403592372,6.28427365532676,16.70825171111533,11.076761375935163,16.102207273137374,56.703088941021164
1876.153,1876.216,USV_2011,0.06299999999987449,4.0,,None,1815.7907,,60.362300000000005,,0.009296269156038761,0.028836763822115384,15140.93201418244,15089.117960854703,0.0001243874155960652,28893.028846153848,18313.449942710537,2.0015308484706114,7.131402197408387,6.43187195856629,18.263084976424054,11.323729145265265,13.95144963633168,59.05085988736429
1876.339,1876.393,USV_2012,0.05400000000008731,4.0,,None,1815.7907,,60.54829999999993,,0.006491720676422119,0.042989979619565216,17696.580969870614,16344.938600466763,0.0005156917979246173,31923.91304347826,19739.895860995337,2.218914189146834,6.722960187166917,5.751541736581809,16.923801377206882,11.493647019394853,14.111264685372426,58.28837756592594
1876.521,1876.557,USV_2013,0.03600000000005821,4.0,,None,1815.7907,,60.73029999999994,,0.009454081766307354,0.03070068359375,16347.808839132891,18616.019341565916,0.00042880459595111335,33164.0625,18476.86136918006,2.4088014925605963,6.3381576030315285,7.250020750835514,17.91257094055299,10.997884949638888,13.99067999053452,53.2170045252724
1876.725,1876.744,USV_2014,0.019000000000005457,4.0,,None,1815.7907,,60.934299999999894,,0.011704593896865845,0.01796875,14357.251527288323,17479.287733146983,0.00010213916775285278,29231.25,16753.944531923513,2.84608362329032,5.501296579898846,5.9625975849899895,14.93676018030116,10.391031337437862,12.227744938444873,48.88170575784481
1877.031,1877.144,USV_2015,0.11300000000005639,4.0,,None,1815.7907,,61.240299999999934,,0.008279897272586823,0.04902886284722222,16384.10056514061,14729.997982179497,6.62911984892337e-05,31395.833333333332,18588.26116022796,2.599549450024899,6.99907102125923,5.65010045871452,17.182015458297503,10.919804273776402,13.460668003344203,61.79802183655018
1877.226,1877.268,USV_2016,0.041999999999916326,4.0,,None,1815.7907,,61.4353000000001,,0.00634398777037859,0.04458279079861111,17153.456771637124,15177.186262582733,0.00021850445361934142,31645.833333333332,18356.88568998537,1.8441888922304754,6.49758500060472,5.83180494354346,14.397729612078264,12.398220846116622,17.747495893165873,58.21777030376039
1877.411,1877.454,USV_2017,0.04299999999989268,4.0,,None,1815.7907,,61.62030000000004,,0.010602941736578941,0.011067708333333334,14091.77265266099,15090.506799587107,6.055200211775032e-05,28718.75,17071.916256381322,2.7273173896297913,4.934445930570113,5.38540471125324,17.02916978512436,12.818025101230663,15.25851768688051,58.035506133204144
1877.583,1877.645,USV_2018,0.06199999999989814,4.0,,None,1815.7907,,61.79230000000007,,0.010304423049092293,0.020160381610576924,14233.931200359357,14537.292747504347,0.0001332917881981626,29812.5,17121.72881013627,2.367565775677411,6.763499764327199,7.082722596190986,16.94759970521041,11.812408988784377,13.318276367385169,58.98535932868179
1877.785,1877.848,USV_2019,0.06299999999987449,4.0,,None,1815.7907,,61.99430000000007,,0.008345364592969418,0.026508037860576924,15212.856173152732,15140.526707579373,9.289892946205499e-05,30832.93269230769,15914.452555137457,2.2917727181160252,6.52752271335625,4.440066983061783,15.19901005786777,12.152849641842076,14.54619873663967,59.000672458137146
1878.169,1878.192,USV_2020,0.02299999999991087,4.0,,None,1815.7907,,62.37830000000008,,0.011207359842956066,0.00845614346590909,15020.205171185995,19168.292637152274,0.0003014429655638962,30298.295454545456,16921.653755289273,2.482218396212575,5.469685528871512,4.155145087093797,14.745153315801055,10.481959728877529,11.929355897110305,48.47320297552562
1879.095,1879.116,USV_2021,0.020999999999958163,4.0,,None,1815.7907,,63.30430000000001,,0.011416902765631676,0.0166015625,15059.147407477925,18263.08255045976,0.00018782228217909046,28415.625,19283.308252872237,2.687522095369114,6.712138547650345,3.1274370507333087,16.428276342347523,12.795180522602774,15.087210547090532,49.73909971958322
1879.455,1879.466,USV_2022,0.010999999999967258,4.0,,None,1815.7907,,63.66429999999991,,0.01170224417001009,0.019734700520833332,14489.535370059688,19438.45620294813,0.0002327424183850116,30250.0,16255.67073886253,1.946935332201608,5.681077052535335,5.799330724219337,14.945963988676068,11.6846475997606,14.37762934503475,43.98514302668176
1880.223,1880.26,USV_2023,0.03700000000003456,4.0,,None,1815.7907,,64.43229999999994,,0.008663349784910679,0.048431396484375,17275.144964422805,16260.848707641868,0.0003831143585095673,30187.5,22597.384218310453,1.9507587208813018,8.21117942521571,5.1967082006236245,14.852105930647749,11.294897177634953,14.924371660238187,57.02736801218575
1880.562,1880.57,USV_2024,0.008000000000038199,4.0,,None,1815.7907,,64.77129999999988,,0.006278796587139368,0.027294921875,18678.610480762924,23522.48282030521,0.0008216548870295587,34518.75,23358.634103861954,2.1856682123775966,5.7828838429730665,4.07885463837294,11.754532334656236,9.518797371782593,12.521613966256078,35.61083839647859
1880.781,1880.804,USV_2025,0.023000000000138243,4.0,,None,1815.7907,,64.99029999999993,,0.00776706775650382,0.03577769886363636,16987.56150267833,16279.830568309098,0.00039393986221893215,31235.795454545456,22783.355305517794,2.707511716028854,4.457679729390461,4.307423686490516,15.906828161965814,11.213971826470747,14.447465405822213,51.5409273390967
1881.338,1881.381,USV_2026,0.04300000000012005,4.0,,None,1815.7907,,65.54729999999995,,0.009305603802204132,0.015792043585526317,15142.827077078333,17233.675603151114,0.0001766065219453132,31011.513157894737,15960.711901062647,1.845281816956928,6.539583885750676,5.818146480603238,15.731190849858343,11.444092620201433,15.170391166519027,55.38639548243392
1883.378,1883.48,USV_2027,0.10200000000008913,4.0,,None,1815.7907,,67.58729999999991,,0.010597389191389084,0.019477658155487805,15022.839390108844,15378.19512520555,8.585423705349303e-05,31070.121951219513,17302.816069307697,2.459209587286396,8.192163387893428,6.117144719248848,16.16587389365066,13.6415370833131,14.047109741751358,59.233740035690516
1883.674,1883.733,USV_2028,0.05899999999996908,4.0,,None,1815.7907,,67.88329999999996,,0.008576706051826477,0.033009847005208336,17467.231029181043,14906.275385437913,0.00011206717906706277,30781.25,21724.250634831667,2.4526882502371943,6.703690225712606,5.712072720255833,16.586709527760068,11.113435254060157,14.735749298883789,60.18685250679581
1883.765,1883.792,USV_2029,0.026999999999816282,4.0,,None,1815.7907,,67.97430000000008,,0.006919753272086382,0.030232747395833332,17129.098312828286,15597.088242050364,0.00016670538542657332,31304.6875,19530.261594978587,2.8611643341678943,5.143732404280285,5.298363734642435,16.67764588213964,12.16313933810443,16.22908917775866,55.20622957635201
1883.899,1883.907,USV_2030,0.008000000000038199,4.0,,None,1815.7907,,68.10829999999987,,0.0049875034019351006,0.04453125,19218.997615754437,18226.329623385234,0.0001773000776615222,34293.75,16472.93126429044,2.9665611222120285,6.41097942675203,4.768573467556627,15.088934533802847,9.60921882082207,16.781604896759557,38.73063184152615
1883.936,1883.989,USV_2031,0.05300000000011096,4.0,,None,1815.7907,,68.1452999999999,,0.0076765757985413074,0.027488014914772728,16351.42634503705,16596.732135931405,0.0003555337834901192,32019.886363636364,18582.524463417903,2.786069260102364,4.550195299261826,5.081558329797985,17.132137458204795,11.892275291089822,14.570537404342163,56.55048465448263
1884.614,1884.622,USV_2032,0.008000000000038199,4.0,,None,1815.7907,,68.82330000000002,,0.0043568662367761135,0.030224609375,17858.80213262979,17111.975376302238,0.0003146244266748957,32362.5,17302.554191100568,1.9719483182450759,5.897470568887656,4.200752788451129,13.912192539943138,10.560821231761462,13.596273351271833,38.31286462998971
1885.287,1885.328,USV_2033,0.04099999999993997,4.0,,None,1815.7907,,69.49630000000002,,0.05063605308532715,0.008043077256944444,9411.147477336972,13256.573832637434,0.0001088091337601879,21239.583333333332,20071.765915002998,3.955959498900039,3.6319028192851497,7.594802070147654,16.21287317718226,10.570836144220667,14.502868804553751,54.017410473512754
1885.668,1885.689,USV_2034,0.021000000000185537,4.0,,None,1815.7907,,69.87729999999988,,0.012258404865860939,0.0142578125,15171.712096305386,18328.62347848729,0.0001671193087118354,29559.375,22691.102288338774,2.683886198103101,4.259852331239526,6.244317889944394,13.480195163153894,10.97078095265512,14.997450742417197,47.4627292758359
1886.647,1886.66,USV_2035,0.013000000000147338,4.0,,None,1815.7907,,70.85629999999992,,0.009031319990754128,0.013218470982142858,16435.929362822346,20174.377405467334,0.0004992855359508281,31218.75,18908.666623005694,1.5765318820777041,3.5265452150057035,7.223651631799022,15.380492561206868,9.230219323760048,14.171969613193777,42.3651991490042
1888.189,1888.209,USV_2036,0.01999999999998181,4.0,,None,1815.7907,,72.39830000000006,,0.013604531064629555,0.01435546875,13120.347653512563,18284.88584947252,0.00026630547726866924,27571.875,16999.716528336554,2.6452894038236963,2.7959183986791105,6.209723995109192,14.90186639582098,8.59910867677812,15.158305118824595,46.35051509173275
1891.949,1891.984,USV_2037,0.03499999999985448,4.0,,None,1815.7907,,76.15830000000005,,0.00677855359390378,0.029622395833333332,16486.15342190895,15225.568234632268,0.00010069012272303028,31175.0,24896.001660528935,2.2411118774309093,7.621835045493863,5.395776035845041,18.585726905665926,12.241701598567806,13.242185005302499,56.971327499588256
1892.109,1892.155,USV_2038,0.04600000000004911,4.0,,None,1815.7907,,76.31829999999991,,0.00928986445069313,0.0270751953125,15766.709120915557,16882.998504502757,0.0003380612159199871,30759.375,22592.627605235008,1.4941245879440292,4.191228391596482,5.061652504801823,17.80869843911955,10.935990391306289,15.49562075413244,55.30082353490625
1892.485,1892.505,USV_2039,0.020000000000209184,4.0,,None,1815.7907,,76.69429999999988,,0.010111084207892418,0.017724609375,16490.361538167675,19211.239889058816,0.00026302286874690435,30796.875,16180.651070190497,1.875567388588172,6.849660200249952,4.244080698313828,12.557219742433736,10.936776927501441,13.57380345556165,47.53021667835049
1895.457,1895.474,USV_2040,0.016999999999825377,4.0,,None,1815.7907,,79.66630000000009,,0.005877838935703039,0.03480360243055555,18052.91741895205,18127.965218014684,0.00028413544154695295,32135.416666666668,25897.903037382515,2.2446838723413602,3.9054174012515595,5.44293414019515,15.131930194735524,10.610920770517573,14.010801012294134,48.59445193896927
1896.583,1896.602,USV_2041,0.019000000000005457,4.0,,None,1815.7907,,80.79230000000007,,0.007908988744020462,0.0154296875,18205.58647905849,19066.61125729631,0.0005254603819937984,32437.5,29366.428417318937,2.1257340707838024,3.586468195511882,5.906613456962741,15.013071523482248,11.287336959269801,12.63457013465981,48.60294147915772
1897.382,1897.39,USV_2042,0.008000000000038199,4.0,,None,1815.7907,,81.59130000000005,,0.007248918060213327,0.027978515625,19558.877013635232,21649.482888890383,0.0005499234536855383,32156.25,20938.213822910166,1.2487469709050538,7.951256349100838,6.824593071712277,14.71966999970673,8.789931737526553,13.941033485738378,35.942119020571226
1897.651,1897.726,USV_2043,0.07500000000004547,4.0,,None,1815.7907,,81.86030000000005,,0.00921823363751173,0.028784967237903226,15751.050895581408,15954.14831497824,0.00036580412330191795,30904.233870967742,22558.31323133461,2.370321824272919,4.9733045902894855,6.104103354473642,18.45871753263573,11.570146321432174,14.354377146134116,58.056656914735385
1898.169,1898.24,USV_2044,0.07099999999991269,4.0,,None,1815.7907,,82.37830000000008,,0.008281610906124115,0.036149649784482756,16781.685918399962,14334.936251996394,4.1669957324145924e-05,31170.258620689656,20383.731736451613,2.4911454520661436,7.215300863522918,4.580942151011732,16.918977340358744,12.299669250483623,16.34576881658384,60.2352684978044
1901.21,1901.246,USV_2045,0.03600000000005821,4.0,,None,1815.7907,,85.41930000000002,,0.0072339302860200405,0.041168212890625,18539.44986317136,16484.27407609111,0.0010814985182550372,32384.765625,21271.718960540424,1.750672105556205,7.176561712625143,5.128889995780468,15.803988561286552,13.029963579656084,14.177842095803012,56.08258583501359
1901.93,1901.945,USV_2046,0.01499999999987267,4.0,,None,1815.7907,,86.13930000000005,,0.008592657744884491,0.0206298828125,16153.894157464987,17684.483997262563,0.00016737123026191227,30996.09375,23832.925718466708,4.118376792789484,8.493162162768847,6.022127139980936,17.028806172818346,12.402969682486015,16.492674897335217,45.117596931077436
1903.987,1904.008,USV_2047,0.020999999999958163,4.0,,None,1815.7907,,88.19630000000006,,0.007701784372329712,0.0167724609375,15651.006729527022,17941.5339615545,0.00013446466290698667,31050.0,24437.57431052062,2.1819116908975773,5.758199617586402,5.875012045582552,16.271413128915544,12.183287419442507,13.307970555279857,48.68561306246607
1905.926,1905.935,USV_2048,0.009000000000014552,4.0,,None,1815.7907,,90.13529999999992,,0.005958161782473326,0.028564453125,19846.498824270075,23653.909529835593,0.0010968546976894754,34859.375,20834.04681412487,1.406652997896128,4.2745232035958285,8.48666533975255,13.403304616553937,9.710686492116418,12.065187667935144,36.76954216987625
1906.279,1906.319,USV_2049,0.03999999999996362,4.0,,None,1815.7907,,90.48829999999998,,0.006951574701815844,0.025649126838235295,16332.72442333377,16568.48991946825,0.00046973024870169283,32238.970588235294,19987.926362587386,2.306670478981036,4.615330555570045,5.311839942484998,17.25401096917514,10.863028811130228,14.127600030765246,55.62733575280686
1907.453,1907.492,USV_2050,0.03899999999998727,4.0,,None,1815.7907,,91.66229999999996,,0.00744297681376338,0.03341854319852941,16302.767660587371,15975.93203982778,0.0003631502773385125,31422.79411764706,23118.587398033604,3.080417818861514,8.005304694817168,6.98914537587956,17.156639570549437,11.943013347928039,15.212609746911783,55.138504524357565
1908.293,1908.305,USV_2051,0.012000000000170985,4.0,,None,1815.7907,,92.50229999999988,,0.0071903313510119915,0.032958984375,18213.426369542973,22235.912133535418,0.001006558441514721,32852.67857142857,21735.35718681246,1.5381480319796883,5.212313460963542,5.180097395272726,13.383702403025149,9.991316248852103,12.933399259214127,40.26343966873327
1908.583,1908.6,USV_2052,0.016999999999825377,4.0,,None,1815.7907,,92.79230000000007,,0.009793594479560852,0.015245225694444444,14828.390387065405,17433.168021447156,0.00011706318087540022,29781.25,17491.595241967494,2.1542951193321227,3.9062089785896665,5.889609294455372,15.917918395770041,10.309699679565789,13.113705956896704,46.55039349211998
1913.09,1913.149,USV_2053,0.05899999999996908,4.0,,None,1815.7907,,97.2992999999999,,0.01004053559154272,0.01446533203125,14363.259561194229,16394.824609554733,8.056251972532437e-05,31167.96875,18335.607492535928,2.969556207757267,7.157698304589719,6.771606010234383,18.18935824965424,11.345028394033934,13.366255902377814,56.35712900096454
1914.766,1914.805,USV_2054,0.03899999999998727,4.0,,None,1815.7907,,98.97530000000006,,0.008448628708720207,0.05210248161764706,19133.67629055377,15574.934798969374,0.0005931877952752501,31428.308823529413,22952.491746754506,2.3281531544144505,6.112551225228477,5.848412782391973,14.159684043624333,13.012062478223639,13.841498187376327,58.28161571560144
1914.883,1914.921,USV_2055,0.038000000000010914,4.0,,None,1815.7907,,99.09230000000002,,0.008313363417983055,0.026798023897058824,16374.186245641773,15470.306405893298,0.0002861921470576452,31036.764705882353,20963.40438244299,2.1414071992991373,6.623305173685446,7.427105721684541,17.451035810550636,12.470155041091783,13.270993203221842,56.302185348887
1915.032,1915.05,USV_2056,0.018000000000029104,4.0,,None,1815.7907,,99.24129999999991,,0.00877925381064415,0.032769097222222224,17036.80601224111,19523.230352255014,0.0005092158236169784,30958.333333333332,16034.867059839602,2.2248623934078573,5.180900818230336,5.877493160754552,13.472765739480764,9.808794168906115,14.10381496882583,46.336129431538644
1915.13,1915.155,USV_2057,0.024999999999863576,4.0,,None,1815.7907,,99.3393000000001,,0.010101827792823315,0.0177001953125,15337.850487673277,15192.060202535853,9.318411403536638e-05,29367.1875,22810.073279649863,2.204187723350431,5.567514959739623,6.2048742548072005,16.044358242833816,12.835906629017563,14.548239552469795,53.12462372455786
1921.83,1921.854,USV_2058,0.024000000000114596,4.0,,None,1815.7907,,106.03929999999991,,0.009092465974390507,0.01953125,15903.492647464125,18445.91999699049,0.00031553738749021554,31073.863636363636,24868.10107678322,2.634910388220281,5.765682958377642,5.969423913780048,16.32071202462944,11.425019037787292,15.746598779240687,50.0610512992062
1922.171,1922.192,USV_2059,0.020999999999958163,4.0,,None,1815.7907,,106.38030000000003,,0.03968150168657303,0.0102294921875,9039.104140657246,13300.214765186753,0.0001684881939207213,21178.125,24711.5019202422,3.8461453746471825,1.602307991233893,5.577249288472802,15.551510559632039,9.999011758311642,17.58114714554649,46.01549890655739
1922.455,1922.52,USV_2060,0.06500000000005457,4.0,,None,1815.7907,,106.66429999999991,,0.06242813169956207,0.006591796875,6935.446161636677,12071.814346595851,8.094406129708758e-05,16246.527777777777,27825.951741965742,3.6674869342390424,2.570423817281908,5.294608835375112,17.120682614160863,11.784115917174383,15.641631929763047,52.14977909714595
1922.736,1922.812,USV_2061,0.07599999999979445,4.0,,None,1815.7907,,106.94530000000009,,0.06548304110765457,0.008733933971774193,6766.184829171314,10792.851495461899,3.3730694748441154e-05,16206.65322580645,26326.529524802798,4.615241250755439,2.338617980250664,5.903424248816502,18.806309889699172,11.647186623091144,17.173295935757594,54.70693389188853
1925.024,1925.044,USV_2062,0.020000000000209184,4.0,,None,1815.7907,,109.23329999999987,,0.00800076313316822,0.01123046875,17658.5392658196,20976.33703803578,0.00036893461003251134,32962.5,21829.14725754441,2.457880009060415,3.9513730740518156,4.689643909261328,12.076693763627722,9.244109875300587,12.294509126387714,45.92921498929398
1926.159,1926.182,USV_2063,0.02299999999991087,4.0,,None,1815.7907,,110.36830000000009,,0.009910005144774914,0.0146484375,16355.40544048727,20096.9467549084,0.00045641911111377493,32531.25,20023.666669396607,2.129582312405172,7.005435563898371,3.335455063789204,13.947289933731856,10.974693557253149,13.146121601404296,47.37611101358577
1926.52,1926.562,USV_2064,0.041999999999916326,4.0,,None,1815.7907,,110.72929999999997,,0.007911221124231815,0.030829535590277776,16644.546762667604,15964.995827468018,0.00047229931396826824,31494.791666666668,21949.166519432136,2.9662684029738475,5.615196653993247,5.590415996476844,14.227212879634294,10.90257189009535,12.529158028810873,54.782463830845316
1927.062,1927.098,USV_2065,0.03600000000005821,4.0,,None,1815.7907,,111.27129999999988,,0.00999817717820406,0.0196075439453125,16134.048784591345,17902.113721397793,0.0006328090845850267,31230.46875,20375.59181090128,2.315556358817223,3.9178442458936757,4.055238050990482,13.656770229125474,9.999868045166398,14.610559187446054,51.75872356411632
1928.61,1928.634,USV_2066,0.024000000000114596,4.0,,None,1815.7907,,112.81929999999988,,0.016701694577932358,0.017112038352272728,11674.304500547474,14022.169564148375,4.488103955469478e-05,26036.93181818182,20021.512542338685,3.060394260005062,3.7052037156109834,5.83653304330621,16.821007686934877,11.482118786528085,15.337509373934028,52.14462373443325
1928.85,1928.858,USV_2067,0.008000000000038199,4.0,,None,1815.7907,,113.0592999999999,,0.009779134765267372,0.026953125,18443.991574880845,23549.25631372183,0.00031832385234949293,31875.0,20734.11518310678,1.380526230173644,7.092973150023281,4.640560767287002,8.925351283016685,9.142698925652791,11.520203203279355,33.2029591696049
1929.437,1929.463,USV_2068,0.026000000000067303,4.0,,None,1815.7907,,113.64629999999988,,0.01721487008035183,0.01251220703125,14130.560254189493,18717.357052586867,0.0004717154615594061,30414.0625,20284.161690845074,2.906451025425459,3.0699054718380943,4.77082707478044,14.705357449968654,9.058640675849395,13.428705353924014,48.23440310584956
1930.761,1930.789,USV_2069,0.02800000000002001,4.0,,None,1815.7907,,114.97029999999995,,0.008170329965651035,0.024132361778846152,16147.09671130103,18464.20652507239,0.0004103926959761128,32206.73076923077,15619.786790563296,3.225018138950771,6.2890498504831385,6.305962860174282,15.06078653532695,13.055963940199682,12.88312246235167,50.59342625281083
1931.427,1931.479,USV_2070,0.052000000000134605,4.0,,None,1815.7907,,115.63629999999989,,0.008713838644325733,0.02228338068181818,15066.218364335858,17222.877617406026,0.00014862540618140982,31389.204545454544,22586.731403186852,2.628512066065656,7.199112554181391,6.55591226907868,17.99473250274775,11.586157155710032,14.44637879595204,55.41428015558981
1931.738,1931.747,USV_2071,0.009000000000014552,4.0,,None,1815.7907,,115.94730000000004,,0.007063126191496849,0.019205729166666668,16091.651339665914,19137.49931318983,0.0001544108522135312,31093.75,16593.312999624755,0.656811637298505,6.430980531839363,5.936006973749907,13.28788246514511,9.716331568053866,16.185839432563693,38.753422064672485
1932.43,1932.445,USV_2072,0.01499999999987267,4.0,,None,1815.7907,,116.63930000000005,,0.0080980584025383,0.015899658203125,16973.81057870092,19668.243069299744,0.0005228688645259349,29777.34375,18710.102091334436,1.944687632745201,4.905125400037781,7.0662374512222925,15.412305032361534,11.475191775416942,14.43132462557034,45.137624121024345
1932.742,1932.88,USV_2073,0.13800000000014734,4.0,,None,1815.7907,,116.95129999999995,,0.01693209446966648,0.014747902199074073,12443.823559704608,14136.818587205968,9.150914209352615e-05,28053.819444444445,22082.482274993712,2.360900542075173,4.750934928903241,6.2209056163743774,17.445990725414195,12.011634917297934,14.29743507997656,56.55092538159723
1933.625,1933.658,USV_2074,0.032999999999901775,4.0,,None,1815.7907,,117.83429999999998,,0.021916327998042107,0.023795572916666667,13213.88927525474,15421.760407197564,0.0002298625296549025,27112.5,17185.745104521306,3.2443715355165548,3.9885034226537632,6.782728892614381,17.282435385163595,10.461816517980635,13.874433839909008,52.766820929278715
1933.881,1933.965,USV_2075,0.08399999999983265,4.0,,None,1815.7907,,118.09030000000007,,0.07024089992046356,0.011603860294117647,8445.783829852488,12170.158085194806,0.0002174180390171839,19422.79411764706,20053.347417260575,4.094704081472682,2.629062976001506,5.200940229444858,18.556207110979788,11.801220367702598,14.835788660609312,58.68961297676311
1934.089,1934.098,USV_2076,0.009000000000014552,4.0,,None,1815.7907,,118.29829999999993,,0.012028968892991543,0.0155029296875,13575.41802857787,20073.985580281016,0.0005090037490001095,28671.875,25923.97724511239,2.0762888524792125,2.4862573384516065,7.884678433806684,17.08522517173953,9.612704742138023,15.068590258649552,38.31245879690095
1934.18,1934.227,USV_2077,0.047000000000025466,4.0,,None,1815.7907,,118.38930000000005,,0.019470136612653732,0.01317138671875,11143.545941323455,15724.100552994389,0.00027218574142020164,25818.75,22583.28154335563,3.1022446581220864,2.7586041077999393,7.390707487164299,15.631655721954843,10.08864772113656,14.95397848846505,53.37911089835559
1934.497,1934.528,USV_2078,0.03099999999994907,4.0,,None,1815.7907,,118.70630000000006,,0.031497772783041,0.016026088169642856,9978.56207224975,14102.098347000288,0.0001844932260831301,23276.785714285714,23455.59080925091,1.9575144288302917,2.2451910395028563,5.541481691916589,19.370083185459823,9.258819707841424,16.496010988775357,52.22083920384086
1935.39,1935.426,USV_2079,0.035999999999830834,4.0,,None,1815.7907,,119.59930000000008,,0.0482448972761631,0.0129852294921875,10958.9344766048,16390.244283495827,0.0003868078456753022,25816.40625,25911.590761602216,3.8226115733977895,2.901867533013652,4.470404531306273,18.335125698089882,9.416666087681316,13.79510922008538,50.15628536085787
1935.547,1935.572,USV_2080,0.024999999999863576,4.0,,None,1815.7907,,119.75630000000001,,0.032033536583185196,0.007588704427083333,11877.9322239868,19763.763115758844,0.0006650422372422161,27531.25,25901.074785339282,2.1200417855796525,1.3314298260792985,5.723224096057131,16.64999561028235,8.190534592800207,12.989894517948471,45.091320757051534
1936.041,1936.057,USV_2081,0.016000000000076398,4.0,,None,1815.7907,,120.25029999999992,,0.009421875700354576,0.021484375,16818.50645462355,17936.76404336779,0.00018150539262941449,32015.625,24033.98187927373,1.66444871493872,5.115609969445467,5.768680531565289,17.806855374624398,9.49937110818168,13.800488414063683,45.83763643774884
1936.373,1936.446,USV_2082,0.0729999999998654,4.0,,None,1815.7907,,120.58230000000003,,0.008895483799278736,0.028214518229166666,15632.865300649877,14462.891956788757,0.0001004279665375772,29375.0,19303.11817411842,2.085096634943455,5.0181352886136334,5.816847934190134,17.054294161574756,12.667383727707488,15.645068856983094,59.24274027622349
1937.134,1937.2,USV_2083,0.06600000000003092,4.0,,None,1815.7907,,121.3433,,0.007233193144202232,0.03663917824074074,17256.481271113615,14479.571862501807,2.032423058184297e-05,32020.833333333332,25625.76047959662,2.1112900216489128,6.721369967719648,5.570307479040951,17.46564456204776,11.117954689656973,14.221450741799107,59.56542972012199
1937.419,1937.434,USV_2084,0.01499999999987267,4.0,,None,1815.7907,,121.62830000000008,,0.00867666956037283,0.01715087890625,18111.48459002992,20736.6811398958,0.000562946616018389,31476.5625,20511.74155456296,1.6360286815854175,7.09928360596243,4.4680194720908695,16.43725817818515,11.716796347561058,12.832009403879209,44.38621744714418
1938.037,1938.066,USV_2085,0.028999999999996362,4.0,,None,1815.7907,,122.24630000000002,,0.01006398070603609,0.01904296875,15644.711390884537,15598.606526138536,0.00052621653631073,29935.096153846152,21861.266522157912,2.319907360539478,6.101128709017407,4.902281086664271,17.95791156014117,11.668573890982877,14.448143872773887,54.10787628106551
1938.277,1938.312,USV_2086,0.03499999999985448,4.0,,None,1815.7907,,122.48630000000003,,0.010489987209439278,0.014599609375,15132.549161453644,15660.050580145102,7.279506433549529e-05,30131.25,18372.32700442965,2.194554693356113,6.799407007634312,6.033637282019982,17.9878352062655,13.084030567204946,14.214487582150156,57.120870982628155
1938.375,1938.408,USV_2087,0.032999999999901775,4.0,,None,1815.7907,,122.58429999999998,,0.005312798079103231,0.04449869791666667,18537.13311388573,17632.31807454411,0.0006664326442967471,33087.5,17888.177483105996,1.7077693835021004,4.961975736516615,5.583635728378329,16.355169684474276,11.406160253855132,15.427012816329272,54.35888899092361
1938.591,1938.616,USV_2088,0.02500000000009095,4.0,,None,1815.7907,,122.80029999999988,,0.00906196516007185,0.022379557291666668,16609.80937460021,18678.023179772918,0.000775626138133444,31492.1875,18321.74582636482,2.1696064966026296,5.159410442174546,7.772433523173542,13.00280994319435,12.15952303348372,13.436263884266568,50.137136736425816
1938.715,1938.775,USV_2089,0.060000000000172804,4.0,,None,1815.7907,,122.9242999999999,,0.010023274458944798,0.02125,15825.89410681366,14331.716893198254,9.035185843327515e-05,29572.5,15682.389447611211,2.7066374570475973,6.565174020397162,5.315480850699372,15.349492720354833,11.376787902490285,13.076111535900438,60.30912742905912
1939.034,1939.076,USV_2090,0.041999999999916326,4.0,,None,1815.7907,,123.24330000000009,,0.007107260171324015,0.03761121961805555,16487.61230281378,15000.878656628583,0.00014634466861752028,31796.875,17370.803575759684,1.9099981339591205,4.994009635439693,4.925955666512282,14.761475862578202,12.183571681018206,14.520502102789486,56.34303221901239
1939.657,1939.669,USV_2091,0.012000000000170985,4.0,,None,1815.7907,,123.86629999999991,,0.00880755390971899,0.020263671875,17795.0547836264,19931.70068082865,0.00028218215294276914,33294.642857142855,16622.037059625753,1.7789417141158144,4.827504738103058,4.319055471489659,13.528261442718714,9.33915654211374,13.373866153059524,42.640769189642036
1939.952,1939.975,USV_2092,0.02299999999991087,4.0,,None,1815.7907,,124.16129999999998,,0.03253135457634926,0.00439453125,10776.824160180095,17160.07044400026,0.00023210858185101775,26053.977272727272,23568.682329927396,1.912802926238036,2.885965252662761,9.205781723016841,14.795518778585334,9.081011524590425,13.620247241838094,46.65796112473131
1940.337,1940.393,USV_2093,0.05600000000004002,4.0,,None,1815.7907,,124.54629999999997,,0.010390480980277061,0.011410920516304348,15248.660940169868,16125.041596865365,0.00015752848163750596,31320.652173913044,22011.285563951395,2.310054981998904,6.65488675594288,6.686365333287612,15.747526004089295,11.996001954335384,13.932572079047816,57.41948734926917
1940.497,1940.519,USV_2094,0.021999999999934516,4.0,,None,1815.7907,,124.70630000000006,,0.009032437577843666,0.030295632102272728,15581.780125534067,15644.27693500428,7.158641781348454e-05,30673.295454545456,16590.048161456787,1.5852711985329493,6.0721666105851115,4.6343555946094,15.901075464507562,12.077012665052457,13.107159765549016,51.3034217893575
1940.707,1940.735,USV_2095,0.027999999999792635,4.0,,None,1815.7907,,124.91630000000009,,0.01074454840272665,0.01868614783653846,15513.0875309149,18127.960900824124,0.0003190266032005619,30649.03846153846,18216.111332147157,2.190555387333494,6.050120458141182,7.02076559934524,15.288362657306383,9.204051579629295,14.375918616686219,50.76353653165149
1940.774,1940.847,USV_2096,0.07300000000009277,4.0,,None,1815.7907,,124.98329999999987,,0.008317288011312485,0.03323567708333333,16301.051265254786,14549.156120353759,4.16323858695721e-05,30987.5,21840.48835949942,1.467816913555915,6.5478455801351,5.531314991393571,17.781579542669814,11.574064648472303,15.074025419579186,59.61931042843945
1940.876,1940.949,USV_2097,0.07300000000009277,4.0,,None,1815.7907,,125.08529999999996,,0.009869646281003952,0.026383463541666666,15201.514730200654,14692.135499869786,5.272570470044809e-05,29884.375,21462.860440961536,2.3081615360946386,7.211337610517694,5.5265266335336065,17.224267781099215,11.698744028943677,13.855319548466555,59.37623449954962
1941.192,1941.272,USV_2098,0.07999999999992724,4.0,,None,1815.7907,,125.40129999999999,,0.009375353343784809,0.04048919677734375,16480.869518001113,13442.99397593073,5.759261293303763e-05,29147.4609375,21363.747431571763,1.8910740806087287,6.710282046715824,4.326807732572133,17.033868289196306,12.157260265612322,14.868626800513109,61.73778139025297
1941.307,1941.381,USV_2099,0.07400000000006912,4.0,,None,1815.7907,,125.5163,,0.008572263643145561,0.05390625,17933.283549820106,14368.248309402472,0.0003464381387570759,29896.875,22003.293355321737,2.550386485802136,6.449860984047422,6.089142750750096,16.571427343810015,12.773248537638883,14.07234749398328,61.95858046712295
1941.559,1941.603,USV_2100,0.044000000000096406,4.0,,None,1815.7907,,125.76829999999995,,0.009137772023677826,0.035233347039473686,16563.615699707887,16250.943627859702,0.0001838686147245997,30557.565789473683,24292.01305335275,1.9606638799679028,7.917137446139685,4.579297088927832,15.58628574737698,11.564875315049663,14.505261848929033,56.37424366082494
1942.025,1942.041,USV_2101,0.015999999999849024,4.0,,None,1815.7907,,126.23430000000008,,0.007172316312789917,0.024078369140625,17730.02850729721,20545.905001500014,0.0005391937862921699,35097.65625,24401.28140389661,2.3791387484157633,5.400011772572235,6.672789149336463,15.812129801762623,9.886897033111033,14.148642779178264,45.942879030545186
1942.12,1942.149,USV_2102,0.028999999999996362,4.0,,None,1815.7907,,126.32929999999988,,0.008785492740571499,0.013803335336538462,15174.129652955753,15331.127878510713,0.0002753254410473357,30418.26923076923,21547.486397387533,2.7629422264921084,5.091391657294453,4.274542622352639,16.86777922489512,14.534601407970582,13.807786352647401,55.880872634900584
1942.829,1942.845,USV_2103,0.016000000000076398,4.0,,None,1815.7907,,127.03829999999994,,0.008152492344379425,0.031585693359375,19418.216544323426,18387.45382772498,0.0010692894663062113,33457.03125,27850.797126356432,2.199049379882958,4.518867309038852,4.212731616917238,19.385117300867016,11.51278324381476,15.849425863308447,47.321208764777666
1943.539,1943.559,USV_2104,0.01999999999998181,4.0,,None,1815.7907,,127.74829999999997,,0.006387948989868164,0.0341064453125,17831.898402017552,18499.360272823924,0.0007807304195048877,31631.25,17372.745807970463,3.0000761931543636,6.449253479684609,6.620383120181307,15.21266799277052,9.620747233808077,13.892535080895788,49.23732562333564
1943.605,1943.696,USV_2105,0.0909999999998945,4.0,,None,1815.7907,,127.8143,,0.00964292511343956,0.044230143229166664,16916.5427619521,13455.614596119309,5.1861471614338e-05,29268.229166666668,18860.665878657983,2.2063015075242713,5.100577221913261,5.548315878863556,18.264824862304334,11.382319815920265,14.608778009810631,63.54129231529222
1945.051,1945.072,USV_2106,0.020999999999958163,4.0,,None,1815.7907,,129.26029999999992,,0.00795622169971466,0.030859375,15695.843685982216,14996.407075723608,8.955635883003648e-05,29671.875,22804.06740516592,1.9944526306189967,4.827936435283251,5.253902405293744,18.275137349929178,12.420841524776446,13.80660336319188,51.783039071418216
1945.41,1945.495,USV_2107,0.084999999999809,4.0,,None,1815.7907,,129.61930000000007,,0.00906423106789589,0.014634076286764705,14445.466858756812,14884.260392853137,4.928610505657249e-05,30510.110294117647,21445.616792959514,2.677864500331539,6.5544813002080335,5.212046389262498,16.289726582675243,12.941524506447184,12.810484897447813,59.05955453417818
1945.776,1945.911,USV_2108,0.1349999999999909,4.0,,None,1815.7907,,129.98530000000005,,0.009480835869908333,0.020963848761792452,15149.169354621068,14960.681070924198,4.830213121275319e-05,30380.306603773584,24049.156207709017,2.2653003774448766,6.057320883795078,6.044030300432412,16.8136995292716,12.415100913423592,14.457876798601513,60.634921144410974
1946.202,1946.271,USV_2109,0.06899999999995998,4.0,,None,1815.7907,,130.41129999999998,,0.008444102481007576,0.02685546875,16093.666079288178,15431.021982861252,0.00010609367770764294,31633.928571428572,24554.92847753554,1.962979516039873,5.343558586839033,5.665685235373585,17.061175145898652,13.343731630766046,15.1743167166163,58.65140547930776
1952.941,1953.04,USV_2110,0.0989999999999327,4.0,,None,1815.7907,,137.15030000000002,,0.010057507082819939,0.010948768028846154,14563.52365922696,15596.530462343106,0.00010741257834055582,30920.673076923078,23195.78121316578,2.9476960502490313,6.579216894585495,5.760020039803817,17.34581395033937,12.739129808804288,13.387884813372384,59.81471557260667
1954.016,1954.032,USV_2111,0.015999999999849024,4.0,,None,1815.7907,,138.22530000000006,,0.008359475061297417,0.040252685546875,18065.329248188737,15677.210068005268,0.00040085530698578394,29425.78125,19603.729555841775,1.4034381035880719,4.597120515513482,7.2946589018702195,14.875478756674003,12.017792793363295,14.477387765360291,50.30962349197286
1956.323,1956.332,USV_2112,0.009000000000014552,4.0,,None,1815.7907,,140.53230000000008,,0.006516395136713982,0.016682942708333332,18053.61961715604,21662.607356500514,0.0003628734820674315,32875.0,21384.072356604833,2.2580093338994423,7.191301042244677,6.106933919441915,13.287295280477169,9.565637883961216,15.126853759098475,37.118512221960664
1958.843,1958.907,USV_2113,0.06399999999985084,4.0,,None,1815.7907,,143.05230000000006,,0.008465285412967205,0.028987004206730768,16440.93781782693,16065.493435280709,0.00047448754029518506,31813.701923076922,25583.450663152496,2.3118580103952917,7.3285865955084795,5.362035042124078,17.98249240337645,10.888664230499806,15.124308261308984,57.79055219245936
1959.102,1959.148,USV_2114,0.04599999999982174,4.0,,None,1815.7907,,143.31130000000007,,0.009015178307890892,0.011376953125,14994.643815296518,17426.885156421,0.00030404650338794936,31528.125,24191.868488397075,2.587426270080436,6.890503968780388,5.160671922487738,16.62370914327109,12.745237137214264,14.441101992851419,54.45503148287638
1959.648,1959.7,USV_2115,0.052000000000134605,4.0,,None,1815.7907,,143.8572999999999,,0.010945004411041737,0.0296630859375,17640.972240880736,15018.951503825532,0.00013154324317845957,31303.977272727272,21902.131800070885,2.249221853943153,5.927870635504799,5.234738993422599,14.999091205291512,11.112678636236517,13.865577222277762,58.17929298070339
1960.483,1960.519,USV_2116,0.03600000000005821,4.0,,None,1815.7907,,144.69229999999993,,0.007736450992524624,0.0296783447265625,15149.505180545835,14133.673125907826,6.526215226981209e-05,29173.828125,20495.339225547854,1.8534890527125698,8.037960541221976,6.1604651553134255,19.40168849791975,12.360155502617092,15.350877136048586,56.905290884378275
1964.748,1964.792,USV_2117,0.04399999999986903,4.0,,None,1815.7907,,148.95730000000003,,0.010071011260151863,0.033781352796052634,15727.410596184083,14816.839802030701,4.325439222895437e-05,30542.763157894737,23018.358475496854,1.6615991663434297,6.3260700135362455,5.852134873963439,16.574724853222357,9.930251246466186,16.09816785278649,57.91901027884753
1965.418,1965.48,USV_2118,0.06200000000012551,4.0,,None,1815.7907,,149.62729999999988,,0.008419569581747055,0.02417931189903846,15302.091909318728,15375.846887504471,5.706579854458453e-05,31045.673076923078,25498.102532058412,2.313999263202061,7.7036926668320405,6.51799999189465,16.9929612224984,12.245318758122052,14.368995979787844,59.21917524875611
1965.583,1965.593,USV_2119,0.009999999999990905,4.0,,None,1815.7907,,149.79230000000007,,0.008265163749456406,0.024739583333333332,18148.645608980976,18874.31327898453,0.000174910618484744,31765.625,22668.008929693362,1.7689417703320105,6.479008525453825,4.2442120233914915,11.480792002292139,9.335472185775215,14.453215876394601,40.39440761602328
1966.267,1966.281,USV_2120,0.013999999999896318,4.0,,None,1815.7907,,150.47630000000004,,0.02154570072889328,0.021026611328125,13703.77483998365,18929.131948320028,0.00026042572821158646,27902.34375,26629.325268409735,1.6565261108511427,4.517912183784083,9.19524185286394,17.21548050302009,8.39623875443902,14.677626563118208,43.27398831141723
1968.257,1968.27,USV_2121,0.012999999999919964,4.0,,None,1815.7907,,152.46630000000005,,0.009932064451277256,0.030238560267857144,18499.023198301384,20244.123807355278,0.00033455588689373656,32839.28571428572,23120.46785750765,2.2181054193948673,6.538295812729699,4.850477659439441,13.542475854779514,10.440437781570731,14.34523212154329,42.93194638871198
1968.464,1968.473,USV_2122,0.009000000000014552,4.0,,None,1815.7907,,152.67329999999993,,0.0076691522262990475,0.022501627604166668,20445.25243519735,24568.90650834597,0.0015702340915460702,37781.25,25144.72331393509,2.3744342819623525,4.735295483441186,4.630114390020176,10.797407267824374,9.581572913804893,14.954663740207621,36.18714823509759
1968.678,1968.687,USV_2123,0.008999999999787178,4.0,,None,1815.7907,,152.8873000000001,,0.009490841999650002,0.027994791666666668,19724.600389321145,23082.514519528748,0.0003629818015457832,33453.125,25151.692379044038,1.5896012672278,6.751709814852155,5.275330358798747,12.019891055813856,9.829413197395809,12.654838913615682,36.79657704412295
1970.968,1971.08,USV_2124,0.11199999999985266,4.0,,None,1815.7907,,155.17730000000006,,0.009371578693389893,0.01788330078125,14048.2022518104,14806.8767123938,2.8155901781050956e-05,30662.642045454544,17318.24742155556,2.4141162910242158,7.166156247353985,5.822326646060024,16.141609591512637,13.219873269178153,14.39064086038382,59.56685719976269
1976.24,1976.251,USV_2125,0.010999999999967258,4.0,,None,1815.7907,,160.4493,,0.0072492272593081,0.030843098958333332,21140.15703714039,21052.74559936673,0.0014064853894251307,34906.25,24708.56123016957,3.3629113500855508,5.753050285716745,4.301942119302267,10.534957325157256,8.254812077087339,15.21587014657536,44.17758156531588
1976.329,1976.337,USV_2126,0.008000000000038199,4.0,,None,1815.7907,,160.53829999999994,,0.008179634809494019,0.02646484375,18599.802993671958,24431.204704171716,0.0006714451417571933,34068.75,24619.283549519936,0.9034552602048027,2.552089089567332,6.35305660979404,8.11561071201868,8.50339088379485,10.87646236766703,33.19258608798971
1976.886,1976.894,USV_2127,0.008000000000038199,4.0,,None,1815.7907,,161.09529999999995,,0.007905600592494011,0.01962890625,19901.315624454848,23874.653071867717,0.001723193850092851,35100.0,26204.99015538061,2.255553656659136,5.8727521977937185,6.554688485829365,11.519554944714343,9.22205075849278,12.333187696200781,32.79078937941837
1977.324,1977.345,USV_2128,0.020999999999958163,4.0,,None,1815.7907,,161.53330000000005,,0.009862350299954414,0.0177734375,15178.965191925116,15695.255784039095,2.40588308165683e-05,30187.5,24551.051910202514,2.5595637240865403,5.3844542232951085,4.778246852292048,12.620649165557229,11.742691945689,12.53147165289069,50.43496018248765
1977.58,1977.607,USV_2129,0.027000000000043656,4.0,,None,1815.7907,,161.7892999999999,,0.008182263933122158,0.01673302283653846,15185.212595991965,15683.312422049003,4.395768746274208e-05,31225.96153846154,19012.944840281383,2.3706392048838154,7.05778367471856,4.95153156562031,15.328936314124112,11.184972303891401,14.795746335845648,52.42951789664265
1977.965,1977.989,USV_2130,0.024000000000114596,4.0,,None,1815.7907,,162.1742999999999,,0.008393052965402603,0.016246448863636364,15900.002326506637,18555.504864779716,0.0002948728265707329,31116.477272727272,17437.870212076963,2.2942821867647702,3.92646951086649,6.183890594508478,17.312213481321187,10.934005554063232,13.10598452384076,49.76748941413693
1990.579,1990.591,USV_2131,0.011999999999943611,4.0,,None,1815.7907,,174.78829999999994,,0.010660173371434212,0.005301339285714286,15978.73255796937,20026.778973356646,0.00027020252762745403,30562.5,23255.885140716215,2.168252684586005,3.6045985825804405,5.362329726797918,14.621764428192977,10.493482178388646,13.578242798011456,40.93787251465274
1991.363,1991.45,USV_2132,0.08699999999998909,4.0,,None,1815.7907,,175.57230000000004,,0.008705845102667809,0.02470703125,15405.131337539442,15674.157949481027,0.000275388775898154,30661.60714285714,20488.06870017902,2.2905984019120167,5.466351209071968,6.089133923804354,17.36444961034627,11.525754775101436,14.14592416191586,59.212403756147395
1991.605,1991.674,USV_2133,0.06899999999995998,4.0,,None,1815.7907,,175.8143,,0.006413946393877268,0.029401506696428572,16408.177776249682,15318.609322838489,0.00011594859045915966,31138.39285714286,21659.84896888397,3.166359213340725,5.230157979807738,5.471085442988909,16.76355499978994,11.30750566938518,14.342662370045298,59.27744291239998
1991.719,1991.773,USV_2134,0.05399999999985994,4.0,,None,1815.7907,,175.92830000000004,,0.009017262607812881,0.024116847826086956,14506.219642405646,15071.619189632742,8.624192237275511e-05,29926.630434782608,18491.723212497604,1.9051887879681777,5.595820521978027,7.270595266166346,16.940612848332176,12.885994997331176,14.00596876258558,56.42768348862791
1991.818,1991.848,USV_2135,0.029999999999972715,4.0,,None,1815.7907,,176.02729999999997,,0.007699641864746809,0.024972098214285716,17238.759040277975,18898.237739755798,0.0005961242575169423,31841.51785714286,25660.667857931792,1.9812481325375209,7.7569135700124106,5.298647572582094,16.597790272258575,11.285942933786645,14.186718153068975,52.5457366813311
1991.935,1991.95,USV_2136,0.015000000000100044,4.0,,None,1815.7907,,176.14429999999993,,0.00848999060690403,0.0184326171875,16964.331221272718,20838.87884421061,0.0005168970181643308,31535.15625,23928.437089555846,2.2734173294610747,4.9350187513482755,4.918710212080171,15.202103959494849,10.773466101149545,13.328231251890365,43.552663378887026
1991.998,1992.012,USV_2137,0.013999999999896318,4.0,,None,1815.7907,,176.20730000000003,,0.008330143988132477,0.01220703125,17100.759328418204,21839.024783682667,0.0006799091051177381,31441.40625,15942.956825188849,2.3017346262072294,4.124317048935781,5.687860409840921,14.769391293533467,9.113557508148478,12.577430139727594,43.716849133503665
1992.047,1992.066,USV_2138,0.019000000000005457,4.0,,None,1815.7907,,176.2563,,0.00680543715134263,0.0341552734375,18570.459689799296,19963.995456320565,0.0006227967335209148,33553.125,24582.928476524532,3.67424375646396,5.505636489413527,5.088642768770788,13.928127825979436,9.096032890800416,13.980201304069274,46.91729519664183
1992.548,1992.556,USV_2139,0.008000000000038199,4.0,,None,1815.7907,,176.7573,,0.008552813902497292,0.00859375,17382.74917974364,21378.091728032974,0.0005307629005763278,32812.5,25488.633792470086,1.756329576723645,3.7746085473533197,3.8796199581881226,14.782067654448161,10.533167393395384,15.992625926416647,34.770126234320536
1993.325,1993.339,USV_2140,0.013999999999896318,4.0,,None,1815.7907,,177.53430000000003,,0.011080239899456501,0.008544921875,17457.384546166315,23776.746953756905,0.0005282370968001729,32777.34375,25718.42970153548,2.1921050407903824,6.049344610095662,5.030327784103971,12.107017551138316,8.090040851373635,13.365965273189964,41.74823591425028
1994.444,1994.464,USV_2141,0.01999999999998181,4.0,,None,1815.7907,,178.65329999999994,,0.005513578187674284,0.0484375,18404.797445532742,17877.07302879172,0.00023298985909296345,33056.25,15357.959781896652,2.4520845340749866,4.921477434662257,6.195435982180058,13.744972011192138,9.705078978102442,15.530515034585946,48.69323114749684
1994.572,1994.593,USV_2142,0.021000000000185537,4.0,,None,1815.7907,,178.78129999999987,,0.006780524738132954,0.028564453125,17195.976146239893,19148.286797378627,0.0012457242752600519,33262.5,16068.544046401385,1.8315005075204476,6.8772782600149664,5.1650726971377106,13.178939001931539,12.29162509364702,14.306184453992682,47.677356735977796
1994.623,1994.689,USV_2143,0.06600000000003092,4.0,,None,1815.7907,,178.83230000000003,,0.008850352838635445,0.025526258680555556,15327.988542012323,14625.062743845523,0.00021332400673668953,29736.11111111111,18034.25592137811,2.669600108132398,6.885882076717418,5.561191465622629,16.40673344703046,11.724579276931014,14.673192733153927,59.088349413211326
1994.785,1994.894,USV_2144,0.1089999999999236,4.0,,None,1815.7907,,178.99430000000007,,0.008634993806481361,0.02674759265988372,14969.333299629401,14240.74218560754,5.342278931528831e-05,29762.35465116279,15041.399769032569,2.433445879439344,6.01357797685554,5.21377801994295,15.968878470204633,12.29120464995696,13.97762667877439,60.621742450734715
1995.008,1995.083,USV_2145,0.07500000000004547,4.0,,None,1815.7907,,179.21730000000002,,0.009607224725186825,0.019972278225806453,15013.026585819563,14488.692436331703,0.00012242660625077974,29153.225806451614,16521.857418400057,2.1531449381514305,7.197850885969904,5.322240262232378,17.119458698867184,12.693825455194924,14.1611832771378,59.25061273175773
1995.215,1995.296,USV_2146,0.08100000000013097,4.0,,None,1815.7907,,179.4242999999999,,0.0078118713572621346,0.04747425426136364,16917.501194643955,13969.27318343654,9.143892893545634e-05,29849.43181818182,17559.259279767968,2.9298917959175736,6.437508429076179,6.294817405806273,17.81431870675854,11.07128988036476,15.217062248066457,61.46530042980826
1995.446,1995.511,USV_2147,0.06500000000005457,4.0,,None,1815.7907,,179.6552999999999,,0.009615743532776833,0.028437861689814815,15930.309722782045,14771.943474155096,0.0002563693285873069,29711.805555555555,14769.230769230768,2.2103399389598644,7.117019302993079,5.3413617912367775,15.33423076339365,11.444230979554069,14.026647727727111,58.93539631301623
1995.642,1995.716,USV_2148,0.07399999999984175,4.0,,None,1815.7907,,179.85130000000004,,0.01037915050983429,0.022078450520833334,14735.501492535293,14031.371744996073,4.161887092880977e-05,28253.125,16983.890444767545,2.437371100466923,6.838981266695935,5.597838700650253,17.920493434003337,11.430544966029949,14.538890411829076,59.5334097302728
1996.005,1996.074,USV_2149,0.06899999999995998,4.0,,None,1815.7907,,180.2143000000001,,0.008002298884093761,0.030055454799107144,15095.914968974763,14663.349526129927,0.00021410697042041353,29946.428571428572,17946.354892878684,2.204580443902283,6.107233648206458,6.554410035628264,16.981846715260563,12.735749232712534,14.806272446990869,59.76626556144975
1996.434,1996.455,USV_2150,0.020999999999958163,4.0,,None,1815.7907,,180.64329999999995,,0.008643431589007378,0.00859375,15647.010585319522,18547.989408494308,0.0002590994531406394,30787.5,19597.57078896157,2.564108235794879,4.208047041178139,6.086408555102139,15.3563224853523,10.616439597869414,13.831472612919143,48.69080706142272
1996.641,1996.745,USV_2151,0.10399999999981446,4.0,,None,1815.7907,,180.85030000000006,,0.008428812958300114,0.02620045731707317,15479.20762763443,13739.334045518082,2.74694152006044e-05,29803.353658536584,18981.594814648928,2.6629154430622455,6.481759027949702,5.598253574990064,16.724397652161784,12.761008747134229,14.777989038632397,61.96925728946889
1996.796,1996.922,USV_2152,0.12599999999997635,4.0,,None,1815.7907,,181.00530000000003,,0.007710352540016174,0.036669921875,16110.561105343222,13800.877786951885,7.240523786042048e-05,30541.875,16665.260215482107,2.1215536967556683,5.950310115571734,5.93773437724535,16.08979892179319,11.742511971441314,13.768117912970437,62.22577306471504
1997.218,1997.292,USV_2153,0.07399999999984175,4.0,,None,1815.7907,,181.42730000000006,,0.010435819625854492,0.028312174479166667,15123.39471420395,13709.971702592391,2.5771419419313046e-05,27987.5,16751.020146752067,2.8253052389266946,5.4267408879705,5.695485971052008,16.677531241547815,11.430192300456122,14.151000843037801,60.65365942402188
1997.472,1997.493,USV_2154,0.020999999999958163,4.0,,None,1815.7907,,181.68129999999996,,0.008098611608147621,0.028515625,16944.078535222652,14905.894914052911,0.0002835889686351056,29118.75,16392.47524731492,2.1637631491535663,3.9783976136754413,6.232894348333785,15.08716276868356,13.085096012966194,13.53052887146149,52.67217036542996
1997.82,1997.923,USV_2155,0.10300000000006548,4.0,,None,1815.7907,,182.02929999999992,,0.009485112503170967,0.02665896532012195,14777.396243478648,14777.97928075886,0.00017819577791733165,29899.39024390244,15339.474229464679,2.383406426251648,5.2085129056123565,5.606664393095685,19.52666264879649,11.632829102657688,14.665384687211247,59.88163267733536
1998.025,1998.084,USV_2156,0.05899999999996908,4.0,,None,1815.7907,,182.23430000000008,,0.007939118891954422,0.031087239583333332,15610.723183172968,14304.809382766662,0.00023902326030432423,29234.375,15326.516518473203,2.0948246375466604,6.617630781709977,6.080692111232572,18.499077740919425,12.125510837557286,14.251205110114592,60.33893172886616
1998.632,1998.685,USV_2157,0.052999999999883585,4.0,,None,1815.7907,,182.84130000000005,,0.008322902023792267,0.0372314453125,16744.37876116743,14858.652309490717,0.0003633727256991868,29931.81818181818,16131.318631828106,2.4531683679105223,5.522098687575404,4.734224392118528,16.791476265879425,10.796609657709094,15.498050783724342,58.68568750872736
1998.807,1998.865,USV_2158,0.057999999999992724,4.0,,None,1815.7907,,183.0163,,0.008333336561918259,0.028717041015625,15608.946366047225,14647.33952615351,0.00010810128046819031,29929.6875,19418.531988380902,2.7877673154807137,4.95120973458279,4.931611961944182,17.917873604715577,11.185431825531495,14.344588391500368,58.75602250737405
1999.0,1999.084,USV_2159,0.08400000000006003,4.0,,None,1815.7907,,183.20929999999998,,0.00762841384857893,0.03750430836397059,16531.761455224023,14552.953003368653,0.00017655489619543586,29977.941176470587,16367.970646861075,1.8558116779757985,6.542467239916336,5.384950429062528,16.938596358668406,11.128567919377447,14.36686451272873,61.514944085493255
1999.21,1999.28,USV_2160,0.06999999999993634,4.0,,None,1815.7907,,183.41930000000002,,0.00905834510922432,0.02750370420258621,15649.890380010234,14846.222750099625,0.00046457539707712216,30054.956896551725,16965.236613749763,2.4414347439725583,6.275441003591459,5.281974478971247,15.842942485033037,11.597206802255759,15.109445123616858,59.73179960691625
1999.408,1999.482,USV_2161,0.07400000000006912,4.0,,None,1815.7907,,183.6172999999999,,0.008969065733253956,0.037679036458333336,15803.999655443642,14037.96318362821,2.5343899101319547e-05,29484.375,17644.417712464936,2.3824328539471513,6.067005469305167,5.488246264148899,16.388034347523877,12.627787217371978,14.902997106298209,59.47936401182834
1999.58,1999.683,USV_2162,0.10300000000006548,4.0,,None,1815.7907,,183.7892999999999,,0.00753439124673605,0.04312357088414634,16391.07651859379,13695.18284568926,4.7504936173787754e-05,30057.164634146342,15998.53242019568,2.9372699551716646,5.57124398092686,5.827174933874195,17.326965889633886,10.623363428516297,14.917832875200267,61.70388391462854
1999.806,1999.882,USV_2163,0.07600000000002183,4.0,,None,1815.7907,,184.01530000000002,,0.010603843256831169,0.023980909778225805,14946.110435222608,14124.901746873194,0.00011252833279198534,28079.637096774193,16815.14864320234,2.2898047510335937,7.647174780899839,6.773327799716127,17.94337614385977,11.23600854436435,14.247891491474586,60.24195095159415
2000.586,2000.635,USV_2164,0.04899999999997817,4.0,,None,1815.7907,,184.7953,,0.008213100023567677,0.04303850446428571,17543.650316349795,14593.050882259044,0.000436164124729315,30178.571428571428,19243.991485094284,1.8150831019715596,7.33245034802458,4.609073740293586,15.133678077959091,11.459118159336422,14.801045619868189,59.214377135234024
2000.757,2000.836,USV_2165,0.07899999999995089,4.0,,None,1815.7907,,184.96630000000005,,0.009826877154409885,0.04508209228515625,16861.693789546647,14468.654029886438,0.00013817147903804927,29730.46875,19846.09191951583,2.318734381561147,5.712135405336335,5.3777405233484465,16.700989566489973,11.583385153044912,14.683524606023013,61.92321670435055
2001.162,2001.228,USV_2166,0.06600000000003092,4.0,,None,1815.7907,,185.37130000000002,,0.008949284441769123,0.046965422453703706,16642.159689864056,13851.562045340714,0.0001842712273219887,28954.86111111111,16829.855814885927,1.896825256431519,6.157485150324975,4.921924858123255,15.329812035664004,10.827455547711349,14.376914583784359,61.03981585859307
2001.353,2001.413,USV_2167,0.05999999999994543,4.0,,None,1815.7907,,185.56230000000005,,0.01101589109748602,0.0184375,13658.58591721858,14842.29022824002,2.5288921805496917e-05,28901.25,16421.772299213146,2.3411910094006094,6.697338353709159,5.636590712535552,16.74626330254117,10.970591991227334,14.347293654701229,57.40149505455592
2001.471,2001.505,USV_2168,0.0340000000001055,4.0,,None,1815.7907,,185.6803,,0.009194443933665752,0.03209635416666667,16506.76911365026,15478.4822001711,0.00023155196556586544,29737.5,20727.590449768246,1.1850297449873446,5.464497285848746,6.155602161796208,17.730051253739028,12.841297201164915,12.71025353416137,54.861217955675315
2001.549,2001.629,USV_2169,0.07999999999992724,4.0,,None,1815.7907,,185.75829999999996,,0.009994421154260635,0.0263824462890625,15225.97954817232,14289.173405451926,8.253291053902074e-05,28790.0390625,15861.809006860389,2.3700598309585392,7.208046829020569,6.85061870388094,16.25940361880463,10.995631973230715,15.451159846336093,59.894529771592346
2002.472,2002.506,USV_2170,0.0340000000001055,4.0,,None,1815.7907,,186.68129999999996,,0.010189508087933064,0.009016927083333333,14790.91007212893,16213.134046506999,7.890336238605344e-05,31037.5,19359.178916452653,2.4089884334697347,7.002443803057836,5.047777151961478,16.276718632088524,11.62066379419306,15.457551428248328,53.67050503383103
2005.264,2005.285,USV_2171,0.021000000000185537,4.0,,None,1815.7907,,189.47329999999988,,0.007348836865276098,0.025537109375,16647.080650034957,18419.70783637989,0.0010655497738665358,33140.625,15993.09308859552,1.9919746266962939,6.945474244119174,7.6144056151003525,16.429936196682718,12.149317595097061,13.856893479976065,48.802925099424776
2008.177,2008.207,USV_2172,0.03000000000020009,4.0,,None,1815.7907,,192.3862999999999,,0.008593968115746975,0.030848911830357144,16479.77756215796,18509.983336468627,0.0004456045883224447,31004.464285714286,18769.038590090142,2.0114902906561256,5.0313058781275455,4.753507591543263,13.47990062050569,10.82556167264494,13.951709386354493,52.206716205124685
2008.349,2008.402,USV_2173,0.05300000000011096,4.0,,None,1815.7907,,192.55829999999992,,0.010101590305566788,0.023537375710227272,15320.871074441115,14778.07405791426,0.00021974618770540042,28286.93181818182,17738.09114736575,2.6777571031844776,6.232256081964425,5.245239267441343,16.641529914371212,10.84822025909506,14.573938765634033,59.53908403064691
2008.557,2008.632,USV_2174,0.07500000000004547,4.0,,None,1815.7907,,192.7663,,0.009353258647024632,0.03319524949596774,16104.739361266564,14511.699675993706,0.00015661133579270508,28926.41129032258,19237.855268993986,2.555195120468673,5.23850776943359,4.9013576828469905,15.954619077224969,12.029811534574181,14.670817283614667,61.015364754223846
2008.755,2008.825,USV_2175,0.06999999999993634,4.0,,None,1815.7907,,192.9643000000001,,0.009228832088410854,0.03726091056034483,16483.147042341494,15138.876374128415,0.0001407852776924924,29140.08620689655,24096.820084349063,2.995294343507596,6.016360825881723,5.10147628856579,15.835869505255603,10.594168815335346,15.361415966911581,60.18820571218544
2008.964,2009.01,USV_2176,0.04600000000004911,4.0,,None,1815.7907,,193.17329999999993,,0.009002835489809513,0.02239990234375,15046.742991886966,14875.577712860944,7.239348821025926e-05,28921.875,19323.299241978828,2.643382890491323,4.717407142535998,5.102164610739631,15.373338012472988,11.463504196185436,14.518419521450209,57.87324401213584
2009.152,2009.204,USV_2177,0.05199999999990723,4.0,,None,1815.7907,,193.36130000000003,,0.0075900014489889145,0.030062588778409092,16111.530566461295,15781.396652910202,0.00014817293884509126,30664.772727272728,17483.090546052896,2.4113292821888606,3.5589500389948032,4.972496342879325,16.756775444396173,11.21474838344469,13.638114291892196,58.395359299338025
2009.341,2009.398,USV_2178,0.05700000000001637,4.0,,None,1815.7907,,193.55029999999988,,0.008033744990825653,0.036397298177083336,16359.500665330464,15785.369050479161,0.0002920544432347388,29542.96875,18613.203334083722,2.2598850372060926,5.1378623672886965,5.666599319190985,14.826867860016362,12.132469288218937,14.554401005940763,58.421589855062145
2009.537,2009.597,USV_2179,0.05999999999994543,4.0,,None,1815.7907,,193.74630000000002,,0.010751801542937756,0.023701171875,14766.797066830222,15143.521551922557,8.495455326109307e-05,28395.0,20131.68124537,2.5373174425795435,6.09912104697418,5.915792278902711,17.55985536165659,10.751992389629443,13.115705486006497,57.76658201060139
2009.957,2009.981,USV_2180,0.023999999999887223,4.0,,None,1815.7907,,194.1663000000001,,0.008153067901730537,0.015314275568181818,15687.4873057754,17881.7680987232,0.00023372055382089404,31866.477272727272,25530.41825991462,2.3573558755515975,4.607678624199081,4.30936070366234,16.815747288612126,11.611752275002347,13.426067871294736,53.19562203691785
2010.327,2010.344,USV_2181,0.01700000000005275,4.0,,None,1815.7907,,194.53629999999998,,0.007653390523046255,0.032145182291666664,17756.524579182784,21931.35057264147,0.00039674615786798573,32656.25,25259.080572276376,1.1265159098109396,4.8185648699837875,6.8128617334645405,14.729056305400531,8.893150134403411,14.244102082034807,44.91815780239661
2010.714,2010.795,USV_2182,0.08100000000013097,4.0,,None,1815.7907,,194.92329999999993,,0.00862752366811037,0.06707208806818182,18300.345229593124,13927.307555643612,0.00010995041372615647,29923.295454545456,26233.210123345998,2.9132944749793284,6.223601650614183,5.730353874935566,16.366072438107615,12.129369993961044,14.55181002454745,63.376122379508715
2010.925,2010.98,USV_2183,0.055000000000063665,4.0,,None,1815.7907,,195.13429999999994,,0.010698973201215267,0.03350033967391304,15799.582687793158,14562.593647070293,8.097120776503252e-05,29413.043478260868,16328.656572834308,2.0759450352610282,7.390565672484987,5.183585918692854,14.468677187700544,10.793179858155625,14.04333917742601,59.13212633946329
2011.108,2011.149,USV_2184,0.04099999999993997,4.0,,None,1815.7907,,195.31729999999993,,0.01089341938495636,0.03774685329861111,16852.812168084438,16678.902550750987,0.0001226197596355496,28760.416666666668,25110.55951958863,1.6454367384397623,5.93978497686422,4.880143253849538,13.908818877246203,10.940106974861498,14.148528416205265,56.191428191040615
2012.395,2012.455,USV_2185,0.05999999999994543,4.0,,None,1815.7907,,196.60429999999997,,0.006869440898299217,0.036689453125,16217.617964937524,16346.65359234735,0.00022848692421510424,31485.0,19325.87497217632,1.5569185191744503,5.9580738505074216,6.463429922341926,15.959168088899698,10.636733099903891,13.478571034846741,58.31963659163271
2012.727,2012.8,USV_2186,0.0729999999998654,4.0,,None,1815.7907,,196.93630000000007,,0.00657550198957324,0.024943033854166668,16126.077973879512,15886.53092350977,0.00017305574203846767,31550.0,20252.48613375474,2.0203164428887828,5.203434911000695,4.997444648101641,16.556372695986145,12.454790320294869,14.759822784579281,59.339289940925106
2013.049,2013.086,USV_2187,0.03700000000003456,4.0,,None,1815.7907,,197.25829999999996,,0.00827067531645298,0.0276336669921875,15899.12454980909,14533.181263982115,3.957725272161628e-05,31183.59375,16966.100352676192,2.34120268751606,7.271036863742705,5.544429066050862,18.89716706743699,11.71776675718636,13.070926167408981,56.9027677995184
2014.273,2014.283,USV_2188,0.009999999999990905,4.0,,None,1815.7907,,198.4822999999999,,0.006696527358144522,0.024129231770833332,17122.199238381978,19908.996911761915,0.00026168400176426943,31796.875,17584.493227559156,1.6485717281834154,4.109461830762737,3.7701788247899173,13.000549516671505,10.487654027262806,13.211038420494356,38.21974766276339
2014.413,2014.438,USV_2189,0.02500000000009095,4.0,,None,1815.7907,,198.6223,,0.009708581492304802,0.022867838541666668,15857.37379656288,15588.364909470429,9.396745854429733e-05,30531.25,24633.834526113584,1.8873187883920235,6.513337837350517,4.521533438369382,14.26242024847575,10.633257320418902,15.083624790590784,51.84331695558986
2016.501,2016.544,USV_2190,0.04300000000012005,4.0,,None,1815.7907,,200.71029999999996,,0.008349115960299969,0.03785464638157895,17451.82451630213,15608.353901205124,0.00036289466550072256,30266.447368421053,20693.290401209488,1.4610154265819701,6.233388513723901,7.195970322692991,17.022664021743505,10.957374212934035,14.628037815318669,57.392658214768886
2016.917,2016.925,USV_2191,0.008000000000038199,4.0,,None,1815.7907,,201.1262999999999,,0.008617030456662178,0.0244140625,19090.189340055098,24563.514255658487,0.0006081133078200339,32943.75,23770.74717865236,1.392243947496354,2.3087165183948213,4.500229434892971,9.556016810163305,8.939836546483443,12.084226751524707,32.47712907444296
2017.66,2017.669,USV_2192,0.009000000000014552,4.0,,None,1815.7907,,201.86930000000007,,0.008833589032292366,0.012288411458333334,17978.741710234517,22792.051272790257,0.0007896432584470514,32187.5,21409.131622771038,1.9500478246183268,4.697476698148316,5.208773366565902,14.553967521429612,10.375104416404541,15.156101030508408,36.77223615731843
2018.355,2018.392,USV_2193,0.03700000000003456,4.0,,None,1815.7907,,202.5643,,0.009405005723237991,0.0241546630859375,15964.900015026145,17008.26711811724,9.912741453128141e-05,31089.84375,22027.42734334329,2.560670925579652,6.278532749604926,5.292217994683867,17.446369696393475,10.276512178527046,14.009410064281425,53.89118655906242
2018.486,2018.529,USV_2194,0.04299999999989268,4.0,,None,1815.7907,,202.6953000000001,,0.007465403061360121,0.020114474826388888,15672.324926244813,16258.15318260056,8.806521808458727e-05,31937.5,18947.818684295657,2.6654927575909464,4.707353103225552,5.18201133690485,19.034455763467932,11.571859834444107,14.641248455940229,57.43601746972461
2022.545,2022.555,USV_2195,0.009999999999990905,4.0,,None,1815.7907,,206.75430000000006,,0.008565440773963928,0.020304361979166668,16206.936301576838,19922.409400493547,0.00043563166374157577,31171.875,18340.927878330782,1.5683772578452864,6.199933686521997,7.467798055687901,14.840037413918195,12.601983190511449,12.645604871252432,37.788134245595245
2022.644,2022.667,USV_2196,0.02299999999991087,4.0,,None,1815.7907,,206.8533,,0.009874061681330204,0.011363636363636364,16229.044066186889,19267.969995386244,0.0007161192873595737,32446.022727272728,25268.665030822423,2.535056370426528,4.680161109404607,6.220785917257214,17.82289032028827,11.682191662878706,12.322774969308448,48.663688123205404
2022.781,2022.835,USV_2197,0.05400000000008731,4.0,,None,1815.7907,,206.99029999999993,,0.006869689095765352,0.02871306046195652,16320.226082372874,15120.773145241714,4.2030872962008286e-05,32074.728260869564,16375.724595435673,2.013654827158937,6.020158979201518,5.719322192970838,19.25652215958947,12.356768809801636,13.789683453847841,58.200446356014844
2022.91,2022.986,USV_2198,0.07600000000002183,4.0,,None,1815.7907,,207.11930000000007,,0.010063478723168373,0.014364919354838709,15690.995701337935,16251.682917854981,0.00025978733359975355,31524.1935483871,22924.730275678947,3.003922798136779,6.330382875939231,6.851080647116375,18.307852293753548,11.7107766672566,14.075212505740469,57.8481085003792
2023.1,2023.164,USV_2199,0.06400000000007822,4.0,,None,1815.7907,,207.3092999999999,,0.00947727169841528,0.0166015625,14789.534035299115,15477.715451026594,2.7736855627875605e-05,30800.48076923077,26416.912886617527,2.3152254485274337,5.855984549403984,7.34829428712675,19.2699732755284,11.837755236594118,14.341196416615672,57.240059137673775
2023.252,2023.293,USV_2200,0.04099999999993997,4.0,,None,1815.7907,,207.46129999999994,,0.01070470456033945,0.024834526909722224,16548.69162678796,17019.60929630861,0.0005396124205395635,31078.125,21246.566239712203,2.5439673109699235,6.051502482512921,7.59059275678594,16.789394763307946,11.618980399007578,14.42600840981703,54.487532404105444
2025.061,2025.07,USV_2201,0.009000000000014552,4.0,,None,1815.7907,,209.2702999999999,,0.009647398255765438,0.030069986979166668,19670.1255507714,19561.909094930157,0.0012066640882297617,32093.75,24448.53591179155,1.4410784600181128,6.570530681245675,5.878392040780995,12.540483390678874,8.443801684180047,14.031741698489958,39.961777864349976
2025.186,2025.294,USV_2202,0.10800000000017462,4.0,,None,1815.7907,,209.3952999999999,,0.009685623459517956,0.01492664425872093,14693.006496727337,15569.43079334811,0.00010637758467925479,30889.53488372093,20077.30920685371,2.7330660811167253,5.653594072737003,6.042456470293295,16.176459232105962,11.217271168442117,14.079574887406606,58.62255551870632
2025.412,2025.455,USV_2203,0.04299999999989268,4.0,,None,1815.7907,,209.62130000000002,,0.009663926437497139,0.017781575520833332,14743.722469290286,16529.25566332387,0.0002223973403707685,30843.75,21676.984099124486,1.6926069209436105,7.291340917498494,5.044501250365972,17.458997303981594,12.162993510845418,15.46953760948281,55.931345489679956
2027.183,2027.205,USV_2204,0.021999999999934516,4.0,,None,1815.7907,,211.39229999999998,,0.007090878672897816,0.026411576704545456,16667.445968285345,14295.182995942985,1.71215609213425e-05,30988.636363636364,24744.73928081149,3.177434002712968,6.257591515321832,5.513976439726123,12.6920359270858,11.624856759146983,13.39805570940851,53.585801820961244
2027.338,2027.363,USV_2205,0.02500000000009095,4.0,,None,1815.7907,,211.54729999999995,,0.010070870630443096,0.024861653645833332,17166.96121575682,18152.685245539153,0.00037747500542760563,30726.5625,20696.865688413884,2.3903219390000934,2.5445934853928343,4.499399987882277,15.131855844560206,10.76984906319425,14.574147376005286,51.84550681995207
2027.763,2027.78,USV_2206,0.01700000000005275,4.0,,None,1815.7907,,211.9722999999999,,0.007311296183615923,0.040364583333333336,17689.018143829766,17372.42082743889,0.0007500080993347018,31385.416666666668,19635.268639195456,1.8280363246730136,7.252832228557791,6.876234976007784,11.712945641680227,11.664829894753762,13.377350406701662,50.17980005912668
2027.994,2028.076,USV_2207,0.08200000000010732,4.0,,None,1815.7907,,212.2032999999999,,0.009157930500805378,0.0185546875,14952.80277388339,15366.605700054557,9.203486054737588e-05,30741.477272727272,16814.371416079637,3.237499645581484,4.812344554568423,5.906882587571471,16.28124058561588,11.636192558291148,14.598776152935216,58.19904322517281
2028.393,2028.45,USV_2208,0.05700000000001637,4.0,,None,1815.7907,,212.6023,,0.014221586287021637,0.034088134765625,14394.153466366064,13001.146321458558,0.00019683526883637135,26644.53125,18599.63042684152,2.575967129571777,2.800807748674717,6.017762057796151,16.210673512024854,12.19297555214491,17.33978246542587,61.70257067887902
2029.495,2029.547,USV_2209,0.052000000000134605,4.0,,None,1815.7907,,213.70429999999988,,0.027158645913004875,0.01370516690340909,10037.285789312546,14420.606380993691,0.00010242710368048255,24285.511363636364,26676.201785170633,2.4603044913302266,1.9890368046246287,6.046448876747167,18.52951707325863,11.49688248694756,15.194109713634509,56.253132837050515
2030.096,2030.132,USV_2210,0.03600000000005821,4.0,,None,1815.7907,,214.3053,,0.009347748011350632,0.0133819580078125,14801.731593734428,17069.900874816314,0.0002187206946134212,30966.796875,19597.78564458163,2.0188920490219626,7.642032221138568,4.558770405005527,16.467872836963505,11.65856372688249,14.3373448961244,51.9595885698786
2030.751,2030.776,USV_2211,0.02500000000009095,4.0,,None,1815.7907,,214.96029999999996,,0.009648551233112812,0.027140299479166668,16461.798667877072,16036.64889594893,0.00024992683891992217,29125.0,18551.57922657106,2.357892996585617,2.991840952944917,6.131722277529015,15.05383387939946,10.17336133609331,13.084006169791662,53.580396276905
2032.672,2032.702,USV_2212,0.029999999999972715,4.0,,None,1815.7907,,216.8813,,0.006601457949727774,0.03138950892857143,16412.4967816472,16941.130959030354,0.00017474476678122777,32404.01785714286,21287.01433780988,1.1026984521909833,6.481477314430621,5.701606891616775,16.10330023536131,10.310180384433027,15.012980927954276,53.080993800964
2037.495,2037.595,USV_2213,0.10000000000013642,4.0,,None,1815.7907,,221.70429999999988,,0.009106390178203583,0.02047119140625,14598.18509008559,15177.144126861196,4.7952315045609505e-05,30220.3125,22883.633696531884,2.310448260474139,3.5886908334607073,5.185850589549288,16.3527874122825,9.978756832134717,15.12860120109077,59.274507136415764
2037.652,2037.673,USV_2214,0.020999999999958163,4.0,,None,1815.7907,,221.86130000000003,,0.006584831513464451,0.04619140625,16849.027377734335,15232.862501443751,0.00010312467471117344,30215.625,24309.8405462956,2.071324840406871,4.437643782722496,4.225552364302487,17.32432339992371,9.859181119709417,15.352043190626976,52.378917121296375
2041.034,2041.08,USV_2215,0.04599999999982174,4.0,,None,1815.7907,,225.2433000000001,,0.007367023266851902,0.02879638671875,16407.57868787014,16222.77557827204,0.0005173869476755269,31715.625,20230.153718475452,2.2757555157224414,5.357326034809993,5.692514360513278,16.962258528570285,11.422620705002414,14.911248803632708,55.87971264062329
2041.746,2041.809,USV_2216,0.06299999999987449,4.0,,None,1815.7907,,225.95530000000008,,0.01408514566719532,0.030348557692307692,15371.409453615612,14858.16666484888,3.260693174975351e-05,30407.451923076922,23185.376602295262,2.0067432739386515,2.3338239779869574,5.635163490889143,19.52202487903483,10.720204034675978,15.522671153663895,58.57572193784036
2041.857,2041.938,USV_2217,0.08100000000013097,4.0,,None,1815.7907,,226.06629999999996,,0.009601321071386337,0.03118341619318182,16951.587904031796,15268.774353797895,0.00036637577486861995,32531.25,16693.981277552866,2.167260014716299,5.2717083424007845,5.270063546268509,16.51580079525202,11.687162919260075,15.288685078192522,60.16455999958109
2042.045,2042.079,USV_2218,0.03399999999987813,4.0,,None,1815.7907,,226.25430000000006,,0.009621281176805496,0.01806640625,15314.906639543326,15835.28108805006,7.358961491560317e-05,31312.5,19400.643845944232,2.028602051762633,5.605968664857472,5.447912960976631,16.00189201571525,10.299313670292722,13.607206744361614,55.11376118965726
2042.148,2042.171,USV_2219,0.023000000000138243,4.0,,None,1815.7907,,226.3572999999999,,0.010081782937049866,0.013050426136363636,16192.652620698967,17557.326246927147,0.00015478228121605626,30357.954545454544,24263.040119523088,2.5881995310378016,4.197629795165437,7.387260556957513,16.463784929465763,8.962579368397549,16.207058357221737,50.2005506153941
2043.118,2043.134,USV_2220,0.016000000000076398,4.0,,None,1815.7907,,227.32729999999992,,0.00905472319573164,0.0245361328125,16936.748714482834,20890.020883693614,0.0006437908806182465,32074.21875,22444.777835016674,2.242670129401257,2.205377735120329,7.092005434390165,14.337192206827451,11.168016283692225,11.91313771764479,44.304129824937164
2043.514,2043.559,USV_2221,0.04500000000007276,4.0,,None,1815.7907,,227.72329999999988,,0.011510545387864113,0.018233449835526317,13175.781641727108,13878.696077610155,8.863341120488383e-06,28277.96052631579,19024.47744125292,2.5989125690291517,4.60595985959935,6.260406859345409,18.647289667901976,12.36096776220426,13.814017882114605,56.59896241213808
2043.763,2043.802,USV_2222,0.03899999999998727,4.0,,None,1815.7907,,227.9722999999999,,0.00943070836365223,0.026754940257352942,15940.060163762992,15573.485727987201,8.031802289640561e-05,30678.308823529413,22066.738905890277,1.9844288194851236,4.895016822953323,5.219149910114593,18.25206044447796,11.710156899015603,15.309331936538918,55.86031120016419
2045.771,2045.792,USV_2223,0.020999999999958163,4.0,,None,1815.7907,,229.98029999999994,,0.007640722207725048,0.036767578125,17329.635990938143,17168.760670025775,0.001156311172700533,30778.125,24048.991416500194,1.7578814755723549,5.2141097535142515,4.8230488883605895,15.514374252890189,9.842035269926061,16.458523016807213,51.644615554313155
2045.94,2045.98,USV_2224,0.03999999999996362,4.0,,None,1815.7907,,230.14930000000004,,0.008767027407884598,0.03798540900735294,16072.871164152446,15785.673945350138,0.00024546349647067004,29829.04411764706,23583.97249321564,2.261293150748248,3.9693504715467385,6.692034070330707,16.708103256431716,12.20801074350082,15.350527473429013,56.396101192027125
2046.589,2046.643,USV_2225,0.05400000000008731,4.0,,None,1815.7907,,230.79829999999993,,0.006125100888311863,0.04725713315217391,17710.20307752042,16033.751995966904,0.00022437364111852463,32221.467391304348,22154.349902640068,3.077687862875281,3.026567225195014,4.26460653240376,17.058409760490594,10.42354646904373,16.458619985761565,58.974946237204875
2046.994,2047.018,USV_2226,0.024000000000114596,4.0,,None,1815.7907,,231.2032999999999,,0.010332687757909298,0.04139293323863636,18383.973365448215,15214.221444803563,0.00025471299673612954,31875.0,22732.681615464844,1.8196783647372483,5.775328723857703,5.072473051877195,19.837537022632514,11.352996047480541,16.73351490193464,53.71983680290436
2047.225,2047.254,USV_2227,0.028999999999996362,4.0,,None,1815.7907,,231.4342999999999,,0.008688732050359249,0.021259014423076924,15095.550336266753,16549.327684636348,8.564944621696827e-05,30612.98076923077,23035.462706560626,1.9770581930302755,3.816617660911958,4.339881520927809,17.755931173431026,9.82935305462209,14.178045072090281,51.78786370808926
2047.291,2047.36,USV_2228,0.06899999999995998,4.0,,None,1815.7907,,231.50029999999992,,0.011217131279408932,0.027204241071428572,15741.154759179206,14899.462313513783,9.480273930866858e-05,29815.848214285714,21935.20247119989,2.3017173737877106,5.383500556009346,4.136532096296949,14.918404404553074,9.580666577469248,14.193032141827226,58.83390977372934
2047.732,2047.757,USV_2229,0.02500000000009095,4.0,,None,1815.7907,,231.94129999999996,,0.011127416044473648,0.018310546875,15743.038296651772,19730.243076318493,0.000534226662704271,30945.3125,15201.832109241974,2.5340451327707245,4.242266461273299,5.347992540639566,14.967966727758506,9.97460041685484,12.452398897993229,50.23478427634114
2047.926,2047.994,USV_2230,0.06799999999998363,4.0,,None,1815.7907,,232.13529999999992,,0.008351449854671955,0.02783203125,15471.169513802697,15851.146469789732,0.0001277954460172384,31058.035714285714,17582.29010994777,3.3825469408899345,6.746183585744576,4.872980383554234,15.494041273747538,11.212618515213611,14.04964894987538,58.394630337742285
2048.091,2048.128,USV_2231,0.037000000000261934,4.0,,None,1815.7907,,232.30029999999988,,0.008269192650914192,0.0244293212890625,16466.071084208073,16884.287464766938,0.00024796899424763127,31400.390625,18799.144420861125,2.4677033246614215,3.13533186151609,5.149647911251547,16.73571209276697,10.691932399073263,13.552875484052993,55.38282126137506
2048.314,2048.327,USV_2232,0.013000000000374712,4.0,,None,1815.7907,,232.52329999999984,,0.011166992597281933,0.018415178571428572,16582.682336550875,19700.28829797565,0.00013560494093382323,32665.178571428572,26654.553363348765,1.4838982431599477,4.480115494246311,5.381057440410328,13.200599391372217,12.42562527714322,14.206649388044216,41.58211388400389
2049.172,2049.216,USV_2233,0.04399999999986903,4.0,,None,1815.7907,,233.3813,,0.009774220176041126,0.03725071957236842,17886.00600885182,16785.53576379757,0.00023123484121980272,32220.394736842107,24052.37896469934,2.7757273559597357,4.404832732113958,5.3195231674752925,16.258989846763573,10.138673139613365,14.158054061174736,55.95143303589274
2049.311,2049.368,USV_2234,0.056999999999789,4.0,,None,1815.7907,,233.52030000000013,,0.007211912889033556,0.038380940755208336,17089.716488967693,14536.91092746165,0.00013887132324423907,31199.21875,20756.07707701717,2.893671826021062,3.930024448968926,5.371970280290256,17.68974128460194,11.493700835238727,13.733440341213393,60.10093532690026
2050.408,2050.474,USV_2235,0.0660000000002583,4.0,,None,1815.7907,,234.6172999999999,,0.007630329579114914,0.03578920717592592,16090.023419708748,16126.698825466001,0.0007479876683326952,31854.166666666668,18272.40183615524,1.9744646235418941,4.328565682416034,4.391388047040007,16.8278690400763,10.471744163323843,14.212486615999248,57.85496612969614
2050.963,2051.094,USV_2236,0.13099999999985812,4.0,,None,1815.7907,,235.17230000000018,,0.010931236669421196,0.020493451286764705,13018.892184040309,14451.45411540403,6.293986810186807e-05,28819.852941176472,21991.870633745402,2.6005632680185107,2.5695315109909873,5.754859636351804,17.672733034482807,10.38423895254954,14.384133376583836,60.28530474144887
2051.211,2051.262,USV_2237,0.051000000000385626,4.0,,None,1815.7907,,235.42029999999977,,0.009692547842860222,0.026145241477272728,13892.915711649,13675.632477675863,3.9483566499804004e-05,28508.522727272728,15024.894478738272,2.1660558140355084,5.872334140281342,5.207905064564212,17.27970664745749,11.898496564768614,13.866460474058567,58.94836482039488
2051.624,2051.762,USV_2238,0.1380000000003747,4.0,,None,1815.7907,,235.83329999999978,,0.01038344856351614,0.031575520833333336,13771.72013828987,12567.701495933788,1.251501477909679e-05,27454.86111111111,17035.291340376876,2.6012312524294186,4.9397056177601675,4.695919832038803,15.813069888145101,10.94227413752309,15.239047660287723,62.409780581568796
2055.061,2055.077,USV_2239,0.016000000000076398,4.0,,None,1815.7907,,239.27030000000013,,0.009778265841305256,0.02996826171875,19570.076865267194,20671.00079991838,0.0003097108479508753,33785.15625,27172.32106778327,0.8469473812536398,9.266750080409134,5.892117263980399,14.881490983005323,10.418333839685225,14.031579382554414,45.48100956068612
2058.908,2058.96,USV_2240,0.052000000000134605,,,None,,,,,0.01317658368498087,0.02227228338068182,12091.337842636012,13306.502446067385,0.0001132470465293932,26045.454545454544,24934.896356781774,2.1975818370701563,5.495048805500141,5.28444973912676,14.250310667041923,13.142052990174284,16.306086100548978,59.57840556846056
2059.411,2059.522,USV_2241,0.11099999999987631,,,None,,,,,0.010610807687044144,0.030001553622159092,13709.579626125873,13881.98304873698,8.536075483730353e-05,27837.357954545456,16991.146324682144,3.102880399501306,5.98517367852657,5.657081104000628,15.995606219209701,11.800793034887363,14.657366796155282,59.59583378243417
2065.4,2065.497,USV_2242,0.09699999999975262,,,None,,,,,0.029445558786392212,0.019775390625,9021.335870655048,10574.086270555099,2.8865891243011364e-05,18439.903846153848,15509.526716519249,2.924952681133448,2.860433117699378,5.056156814444019,16.661425223389564,10.03054210095735,15.777070795779773,64.17635082970476
2065.964,2066.073,USV_2243,0.1089999999999236,,,None,,,,,0.0183549877256155,0.023874682049418606,9798.068865882533,10783.342173004612,1.7554734354430253e-05,19892.441860465115,14769.230769230768,2.483325733153269,2.4546799757048006,4.606748066464593,16.131921609683264,12.334922430247525,14.664279323746475,64.59400259396978
2066.332,2066.378,USV_2244,0.046000000000276486,,,None,,,,,0.013957364484667778,0.01849365234375,12039.404887306811,15514.077325801345,0.00040449002169331985,25617.1875,19541.80034655768,2.1259102155315746,2.783032147250239,4.198237950149268,16.678585042399238,10.587098281198012,14.019118066196361,56.831723048738056
2067.1,2067.238,USV_2245,0.13799999999991996,,,None,,,,,0.027942899614572525,0.012116608796296295,7562.815741496265,11191.33419068352,6.834058861106668e-06,19406.25,23989.896561246533,2.9299007268000024,2.721142713032048,5.731638902629556,18.82672567558102,9.406720941314418,16.064294675510027,59.43420290460605
2119.653,2119.706,USV_2246,0.05300000000033833,,,None,,,,,0.027008550241589546,0.011363636363636364,9589.962260249142,14591.299320826225,0.00011964749949869268,23612.215909090908,24707.585529792694,2.8617747333072034,3.356716116126172,6.804001154854429,19.88271531250924,11.729157697220836,15.230994294298354,54.32302479604061
2120.788,2120.933,USV_2247,0.1449999999999818,,,None,,,,,0.09273526072502136,0.005045572916666667,5183.148842421648,10011.304343414506,1.8998593995383977e-05,11300.986842105263,35800.51769557781,2.428766368648522,2.839642729512223,8.546517569054892,19.250742937740796,10.737878526488966,15.65517645847446,58.98820269595435
2121.25,2121.27,USV_2248,0.01999999999998181,,,None,,,,,0.014379426836967468,0.0245849609375,13863.184652728733,19629.542154758547,0.0005398004394657689,29278.125,25343.36903259252,0.8590702657116485,6.24400079517965,6.816928383244544,13.678701478263267,7.5118331456073495,16.042125279227257,46.40016867296394
2126.453,2126.477,USV_2249,0.023999999999887223,,,None,,,,,0.03669976815581322,0.01162997159090909,8390.144071960945,12785.246755300655,2.6950883006854245e-05,19286.93181818182,16439.083300529324,2.548694305910654,3.157276730984381,5.473760547534959,16.70843279441709,11.434321018104761,17.49318019700279,50.86720606221751
2126.825,2126.883,USV_2250,0.057999999999992724,,,None,,,,,0.011311930604279041,0.0208740234375,13875.791825870716,15589.360679212992,0.00023526263932153565,29382.8125,17976.582245559588,2.629691346055646,1.9966054890223006,5.903546372970318,15.08717638103217,10.892085414262453,14.584200245201089,56.754173282210765
2133.071,2133.188,USV_2251,0.11700000000018917,,,None,,,,,0.02297086827456951,0.01241402004076087,8359.307770252823,11876.71938817487,3.876371797157588e-05,21075.407608695652,26829.478693638557,2.80193314890825,3.6212735600533814,5.248843096161272,16.623608971192173,10.862932029560472,15.868294908933123,60.287942562846105
2133.239,2133.278,USV_2252,0.03899999999975989,,,None,,,,,0.0197746604681015,0.015495749080882353,9268.980754803946,14015.54240249277,9.946358901032565e-05,22251.83823529412,26903.220384038876,5.029249273061799,2.9808711468845708,5.268059026723157,11.347918857279184,9.916068815389977,14.476800942928865,55.71063437923667
2134.206,2134.252,USV_2253,0.04599999999982174,,,None,,,,,0.02325231023132801,0.009912109375,8981.409261422836,14397.29539166744,0.00017687021947510146,20854.6875,23985.794419777296,2.592749280978087,2.556342222008806,5.44249570192382,16.755094594432144,10.42687831463793,14.826978547121437,55.65834399008818
2137.817,2137.903,USV_2254,0.08599999999978536,,,None,,,,,0.012682939879596233,0.01856166294642857,12593.340820644857,15068.415422924629,0.0001645019213446185,27533.035714285714,19136.98681087627,2.4138904589051515,3.334854873248963,5.723633435078657,15.250329975048778,12.00158536017498,17.668078364085932,59.63075409696288
2138.213,2138.251,USV_2255,0.038000000000010914,,,None,,,,,0.016389833763241768,0.02177159926470588,11058.721353701563,14882.496445350283,0.0003606289905775822,22378.676470588234,14769.23076923077,2.1343023733966446,2.8952379018154213,5.246860233855955,17.03369944330749,11.385839404234602,18.801701643500586,58.299769198058335
2140.481,2140.603,USV_2256,0.12199999999984357,,,None,,,,,0.018052419647574425,0.024505615234375,10871.94403862198,12039.77650980599,1.6904615895404463e-05,23462.890625,16109.825470632044,2.4022651727129714,5.265529322165432,7.080789561718549,16.46652925024483,12.228962604337392,16.518827609262484,61.64907540388478
2141.047,2141.192,USV_2257,0.1449999999999818,,,None,,,,,0.03764929994940758,0.029421086896929825,10326.112713782513,11234.3083037883,6.646998111519198e-05,20570.723684210527,20833.419170969122,2.718678976489684,2.902155976579318,5.776291376851526,21.885731116346626,12.111433231514571,15.245402123151848,63.05047915438235
2141.286,2141.322,USV_2258,0.03600000000005821,,,None,,,,,0.028284937143325806,0.011444091796875,9983.873986397948,16809.95099134196,0.00031376051276250336,25001.953125,28599.359361924056,1.9589252826389119,4.415290737027936,6.967364466649343,20.170909811222934,10.84723833825391,15.659540583839856,50.939957824028696
2144.051,2144.161,USV_2259,0.11000000000012733,5.0,,None,2142.0107,,2.0403000000001157,,0.011196304112672806,0.026089754971590908,13733.661673285793,13361.263567523107,6.702659657712504e-05,27801.136363636364,18118.634268360252,2.1092111635642463,6.652743927735686,4.894724703845228,15.717487105607601,11.790940664205111,15.990419367779042,59.53762460252119
2144.252,2144.326,USV_2260,0.07400000000006912,5.0,,None,2142.0107,,2.2413000000001375,,0.007927721366286278,0.031689453125,15121.360356312098,14630.10453416955,3.264046303517853e-05,30371.875,18311.13300800726,2.8220032661340317,4.4505352702789445,5.1477285576067064,16.040490826547977,10.840212771903222,14.579631470771167,58.935431967754546
2144.37,2144.384,USV_2261,0.014000000000123691,5.0,,None,2142.0107,,2.3593000000000757,,0.008417442440986633,0.01544189453125,16620.724959444502,20003.579678225226,0.000532145316161509,31265.625,23414.105049967045,1.8626284229178875,5.672218004071832,3.2394786861714007,12.104878131033193,9.214017586067367,14.03681978627144,44.19922520894258
2144.59,2144.636,USV_2262,0.04599999999982174,5.0,,None,2142.0107,,2.5793000000003303,,0.00843110866844654,0.02830810546875,16305.083955832562,15174.511157550098,0.00019735051479055445,30196.875,21311.225191985934,2.35337738769637,5.144389423805202,4.082292773131764,17.7517826469466,10.013389744909066,13.073104737445835,57.60002539907896
2147.968,2147.996,USV_2263,0.028000000000247383,5.0,,None,2142.0107,,5.957300000000032,,0.012654034420847893,0.010141225961538462,12971.541520758528,18326.69977152497,0.0003004364202591746,28694.71153846154,21392.838021145617,2.3896639346675563,2.9356399153862722,5.125897306329994,16.227084000039834,9.569807329488068,15.080302504418443,48.59280812569355
2148.311,2148.443,USV_2264,0.13200000000006185,5.0,,None,2142.0107,,6.300300000000334,,0.013913674280047417,0.03619384765625,13166.305698975113,12803.821557347468,5.51309758303008e-05,25918.26923076923,15721.113963134085,2.435784433522864,4.396177404069315,5.060056505100129,16.851217618745824,10.109999628477823,16.098139654917187,62.82555841879742
2149.64,2149.66,USV_2265,0.01999999999998181,5.0,,None,2142.0107,,7.6293000000000575,,0.008958681486546993,0.0251708984375,13745.174116127379,16733.766106116236,0.0009208050380798179,28434.375,18132.04785562422,1.62627144553879,6.530401168060062,5.851635848998492,11.50625780035101,10.06397415032244,14.02414914663442,48.48746497645108
2152.865,2152.932,USV_2266,0.06700000000000728,5.0,,None,2142.0107,,10.854299999999967,,0.00889241136610508,0.017447335379464284,14594.702829555941,15732.107695553725,0.00012765000649018544,30455.35714285714,19125.626622428306,2.799089991418321,3.922455288901946,4.2026944292163515,15.781906680255947,12.817340143491288,15.167115394797667,57.438429083975265
2156.214,2156.31,USV_2267,0.09600000000000364,5.0,,None,2142.0107,,14.203300000000127,,0.0086109209805727,0.018798828125,15263.870987779712,15356.723284359685,9.031066797909205e-05,31763.980263157893,22588.422307558234,1.9927712218624785,5.4742503822233965,6.3853972719488645,16.447426709629767,12.388235023345672,13.818575923917185,58.9874451808774
2156.403,2156.417,USV_2268,0.014000000000123691,5.0,,None,2142.0107,,14.392299999999977,,0.0077003734186291695,0.02117919921875,16289.481395545688,17024.56785767244,5.230350561626461e-05,31359.375,21566.3423291379,2.169507315639989,5.564429444509502,5.338783891801988,15.573158272930641,10.360602866029211,13.539896877376972,45.555848588635115
2156.561,2156.617,USV_2269,0.05600000000004002,5.0,,None,2142.0107,,14.550300000000334,,0.008389702998101711,0.019011124320652172,16170.503852671945,15977.278106789889,8.603895722811712e-05,31524.456521739132,25102.21160088194,2.6699649675911963,6.857000144097127,5.5881328927429,16.472104466772528,13.043993331989276,13.065739036236597,57.50576085477896
2156.912,2156.952,USV_2270,0.04000000000041837,5.0,,None,2142.0107,,14.901299999999992,,0.009701771661639214,0.02371036305147059,14768.563291394223,14946.390383457636,8.901704799309056e-05,30744.485294117647,21958.0209870679,3.0158778333178984,6.660761747440471,5.546447173386904,15.933496916818532,11.987935783817987,14.707002329256985,54.37798403979961
2157.27,2157.282,USV_2271,0.012000000000170985,5.0,,None,2142.0107,,15.259300000000167,,0.009803342632949352,0.024693080357142856,16718.002844127288,18329.04029709312,9.255567429892048e-05,32022.321428571428,18571.308565969248,1.825013165006315,5.961231804220647,3.1389308036941586,14.082404352866794,8.636293282855725,13.741177173336126,42.525810868349204
2160.731,2160.757,USV_2272,0.02599999999983993,5.0,,None,2142.0107,,18.720300000000407,,0.008860236965119839,0.019368489583333332,14821.530637388472,17179.358668870616,0.00011234034674519164,30382.8125,21093.108669809793,1.7738320588188383,4.720921872507872,4.825170246672673,15.925815529645918,9.336904819445719,13.872807959473798,50.89050991397831
2166.101,2166.128,USV_2273,0.027000000000043656,5.0,,None,2142.0107,,24.090300000000298,,0.012727241963148117,0.009728064903846154,12460.010044575743,16431.603850466556,6.289891491666492e-05,29588.94230769231,18270.39673050381,2.023230154822408,7.5980374565329925,4.282981423927876,15.003570613753208,11.926581303804824,13.91561190158298,49.73502371428921
2166.306,2166.358,USV_2274,0.052000000000134605,5.0,,None,2142.0107,,24.295300000000225,,0.009428136982023716,0.03152743252840909,15941.45708164597,15496.066020349275,0.00039533459944327557,29842.329545454544,19576.1780032017,2.610678909909988,3.7546820524376643,6.584013441079306,18.112701188512133,10.833201665008998,15.063875317133874,57.405155462966384
2166.478,2166.488,USV_2275,0.009999999999763531,5.0,,None,2142.0107,,24.46730000000025,,0.008378681726753712,0.019327799479166668,17598.919701289844,24083.89913729823,0.0006070032384466817,33156.25,23648.586526120856,2.2376439098469443,3.9074706554943184,4.97084131424748,14.957666504879802,7.353621479745812,12.18784953033755,35.653256429792414
2166.609,2166.617,USV_2276,0.008000000000265572,5.0,,None,2142.0107,,24.59830000000011,,0.006364700850099325,0.028662109375,20883.12900085133,23564.17421558895,0.002747015323916251,36262.5,20446.807162830453,2.102976262604983,3.2606843635379867,5.940772826120088,10.667536763053317,8.764161823517139,16.069560782859753,35.337735699336484
2166.728,2166.755,USV_2277,0.027000000000043656,5.0,,None,2142.0107,,24.71730000000025,,0.008177490904927254,0.038968599759615384,17924.058036294726,16244.444437834647,0.0011734734362022323,31096.153846153848,21157.567617628225,2.1943596435758455,4.897726245464609,5.008639103348241,16.48029403071705,10.476420977608193,13.36620949891083,53.81610266255499
2166.959,2166.978,USV_2278,0.01900000000023283,5.0,,None,2142.0107,,24.948300000000017,,0.0123420599848032,0.01826171875,14937.860833874136,17518.860121834652,0.00014948535499633263,28612.5,14998.404712915339,1.9465911748149138,8.043179792982857,4.520862312445982,13.365679500275888,10.885532833387009,13.068120476020777,48.33029034705426
2167.048,2167.097,USV_2279,0.04900000000043292,5.0,,None,2142.0107,,25.03729999999996,,0.008938561193645,0.018217540922619048,14666.735633450882,15862.409824988452,0.00037328102516669413,30334.821428571428,15001.875074018948,3.34066242081225,5.724100190926212,5.598948585585811,15.871826591094464,10.732507687292273,15.054957740490154,55.714884508961035
2167.273,2167.297,USV_2280,0.023999999999887223,5.0,,None,2142.0107,,25.262300000000323,,0.009061227552592754,0.02880859375,17212.814325624364,17905.201353438202,0.001009129604756154,33298.295454545456,19277.67330324536,2.047099291879896,4.57983006927416,5.33914421292682,14.970074217310218,11.514346628621583,13.429976308759866,53.709318699877
2167.578,2167.648,USV_2281,0.07000000000016371,5.0,,None,2142.0107,,25.56730000000016,,0.0090848533436656,0.02162749191810345,14704.690788625141,15339.597192664247,0.00010774282424151681,30226.293103448275,15924.800498913377,2.7579364259241523,5.240102242684499,4.577638863679264,15.297823957511444,11.363922686282596,14.035003972987017,57.32695236239396
2168.938,2168.959,USV_2282,0.02099999999973079,5.0,,None,2142.0107,,26.927300000000287,,0.015797100961208344,0.0085693359375,13524.16296373717,17520.880076069323,0.00024116578827349712,28303.125,19329.71991309675,2.032906662054654,3.7149366750111086,6.262950184396833,16.4498042426808,10.285863352284586,13.891187941507464,45.84375217320617
2171.928,2171.96,USV_2283,0.032000000000152795,5.0,,None,2142.0107,,29.91730000000007,,0.010092944838106632,0.03172084263392857,15510.676435594814,15277.246709932186,0.0003647469545503327,29069.196428571428,21729.102403964753,3.1320125312862035,4.397097350955289,6.2106543278381805,15.666254315308672,12.243449359578056,14.364715007996706,54.360693503058435
2174.217,2174.234,USV_2284,0.016999999999825377,5.0,,None,2142.0107,,32.20630000000028,,0.007828939706087112,0.025824652777777776,18514.096498443647,21484.765505084626,0.00047652738975461343,32760.416666666668,24016.759128790814,1.6930231325634333,4.960735262672271,6.022111989500814,11.753270188574596,9.94575596098237,10.712580687869911,45.347110436304575
2253.041,2253.059,USV_2285,0.018000000000029104,5.0,,None,2142.0107,,111.03030000000035,,0.007663458585739136,0.026041666666666668,16842.44687115115,16289.630541287866,5.9280641674891405e-05,31822.916666666668,21562.54448186588,2.076875627464864,5.382144184425772,5.408308341458344,16.79319391071399,11.150817029649737,12.685037721168197,49.443014583483155
2253.915,2253.946,USV_2286,0.03099999999994907,5.0,,None,2142.0107,,111.90430000000015,,0.010571406222879887,0.0087890625,13277.728271654083,17364.177617605947,0.00010802415214512832,30595.98214285714,18287.36968050496,3.127817216040164,6.170245216970512,5.035944915940133,17.250768884596813,12.215423097672254,14.236208082923643,50.925901084967286
2257.67,2257.713,USV_2287,0.04300000000012005,5.0,,None,2142.0107,,115.65930000000026,,0.010518950410187244,0.008917557565789474,15156.795288001813,18069.399664824625,0.0002751429791574983,31036.184210526317,20454.586835270293,2.004204483769165,5.875364214015354,5.9487015485919486,13.711816105319949,11.68215011915817,12.880011669754117,53.33486321255933
2257.805,2257.821,USV_2288,0.016000000000076398,5.0,,None,2142.0107,,115.79430000000002,,0.010648486204445362,0.024139404296875,15356.196269497941,17772.186534202927,0.0007946510148416428,29906.25,17359.360151688485,2.349162814256542,2.552729155472184,6.387174540213961,12.239307149947628,9.766227342925305,13.54683923052141,46.438890445793945
2258.14,2258.154,USV_2289,0.014000000000123691,5.0,,None,2142.0107,,116.12930000000006,,0.007938813418149948,0.03265380859375,16365.890522799562,17054.933407561788,0.00040217940049406994,29707.03125,18517.60380938305,1.9988610297074643,3.4514730224758696,5.417798336455352,13.733884404457166,10.039611353666327,16.021208124821655,46.24100460665099
2258.213,2258.281,USV_2290,0.06799999999975626,5.0,,None,2142.0107,,116.20230000000038,,0.0110210245475173,0.019862583705357144,14528.151774238995,14268.807417076803,0.00011133423576754876,28526.785714285714,17225.260628448326,2.255668348295828,6.085756195399777,4.825453787640947,16.775027543806683,10.800278397733587,14.667083239992902,58.75774647062661
2258.315,2258.456,USV_2291,0.1410000000000764,5.0,,None,2142.0107,,116.30430000000024,,0.01897214911878109,0.046821732954545454,14557.236453507376,12076.84287317129,4.780318265164676e-05,26735.795454545456,20590.627182981527,2.8592614757565804,4.038200408125841,5.972087206578258,16.037187707685135,11.818610131131768,16.422847686407707,65.31380363155577
2280.464,2280.526,USV_2292,0.06199999999989814,5.0,,None,2142.0107,,138.45330000000013,,0.009083687327802181,0.038818359375,17623.221372790907,14475.017312216842,0.00014874074239259693,30057.69230769231,20976.091760857344,2.3348157411641464,2.8762903251139216,5.72211601222888,17.24792469068815,10.56610606552897,13.082322936176588,60.71918319452622
2280.671,2280.679,USV_2293,0.008000000000265572,5.0,,None,2142.0107,,138.6603,,0.005561608821153641,0.02294921875,18598.822724023343,21258.538537155346,0.000542501561220511,32681.25,18716.996238442287,2.2143936972176523,1.849939959853661,4.3121576007404725,12.761523376910922,11.71335109080346,11.649703658999806,35.1486131628727
2280.79,2280.814,USV_2294,0.023999999999887223,5.0,,None,2142.0107,,138.77930000000015,,0.008867078460752964,0.02190607244318182,15156.808544003312,16569.008147304838,9.166672629990622e-05,31005.68181818182,16581.21410065825,1.8572735435994332,5.664091324518695,3.8373184262964912,14.510724616915535,10.189177471563108,13.894839048875967,51.01971396674521
2281.209,2281.218,USV_2295,0.009000000000014552,5.0,,None,2142.0107,,139.19830000000002,,0.00830179825425148,0.017781575520833332,17903.015724161127,19243.599262775853,0.000393114249260165,31687.5,21745.976982309185,3.7052440766887997,6.253257866612902,5.532495439710508,11.828871128990016,9.691069787550559,13.222974706679123,38.90051824489559
2289.293,2289.31,USV_2296,0.016999999999825377,5.0,,None,2142.0107,,147.2823000000003,,0.010367038659751415,0.010959201388888888,16523.957308100646,20051.35910940818,0.0003993016863489342,31864.583333333332,20205.647255501197,1.9984849116338046,5.974642907973124,6.10537072337401,13.003689224500592,10.05397444709746,13.057829335092284,45.12609264977665
2289.758,2289.776,USV_2297,0.018000000000029104,5.0,,None,2142.0107,,147.7473,,0.014708148315548897,0.012776692708333334,13438.191587053747,19378.930018330182,0.00027356280117391875,29468.75,24367.065853780285,1.752307758779978,7.899510823151577,6.434094813993864,17.354430890209944,9.59532895872186,16.27732411547076,43.90989399452784
2290.571,2290.59,USV_2298,0.01900000000023283,5.0,,None,2142.0107,,148.5603000000001,,0.007900236174464226,0.024462890625,19047.786741979246,21726.272929047398,0.0015385220632783735,34556.25,20539.904451949038,1.8569133191866398,4.012266948285715,5.974226365388313,14.537289716557932,10.171155207753781,15.414551174906004,45.736135187250014
2290.69,2290.74,USV_2299,0.04999999999972715,5.0,,None,2142.0107,,148.67930000000024,,0.007400513626635075,0.027692522321428572,16609.011815430968,16123.20050575137,0.0004841667335219205,31392.85714285714,23150.843872258414,2.695806769329342,4.213511738559474,4.807271643230626,16.261508765237267,11.814224678853266,15.777844440937196,56.68747550296311
2291.067,2291.132,USV_2300,0.06500000000005457,5.0,,None,2142.0107,,149.0563000000002,,0.013080424629151821,0.043511284722222224,17239.33923118315,12483.027525339867,5.554703888346635e-05,28413.194444444445,21284.42503301045,1.6702238764850639,5.472921703590799,5.546302814955874,16.016028214832417,11.943408733775268,15.390196768567069,61.95552937148809
2291.3,2291.348,USV_2301,0.047999999999774445,5.0,,None,2142.0107,,149.28930000000037,,0.012261845171451569,0.03326416015625,15703.903160336873,12923.866887452295,2.4851377684460346e-05,28532.8125,19120.517506566455,2.454667805229435,6.383465093074192,5.011638195341877,19.070378690911962,9.937984523633586,14.92446655464759,58.93594179124185
2291.556,2291.588,USV_2302,0.032000000000152795,5.0,,None,2142.0107,,149.54530000000022,,0.009456095285713673,0.028738839285714284,17521.945592513053,15112.46683684849,0.0003288770198396147,29290.178571428572,21952.534008235754,2.707763989561759,5.05649059125114,5.681176966648036,12.661770971933263,11.795060449033354,13.98503164566833,56.043468217091025
2291.932,2291.948,USV_2303,0.016000000000076398,5.0,,None,2142.0107,,149.92129999999997,,0.007069038227200508,0.024932861328125,17119.940511501874,18504.391571470213,0.000199125462543916,33011.71875,27896.449546080228,2.702430227848179,4.176920116325888,5.472921028568518,15.582185381815204,12.2023728026801,11.536455351387822,47.56932199195955
2292.345,2292.391,USV_2304,0.046000000000276486,5.0,,None,2142.0107,,150.33429999999998,,0.009723409079015255,0.0146484375,16096.654405427205,17553.05666938876,0.0004966868761098151,32076.5625,23808.369641415535,2.2562921407140166,4.650500492687348,4.2757233572052495,15.815953742755118,11.538950387672386,12.827225562981335,53.369771480003386
2293.044,2293.074,USV_2305,0.03000000000020009,5.0,,None,2142.0107,,151.03330000000005,,0.008511688560247421,0.025076729910714284,15530.575772362832,14441.064703907763,1.555183772942948e-05,30006.696428571428,17957.975721116793,2.4645841292172763,6.0147567692147845,4.163964037836215,17.145960914326594,11.72559229857801,12.451655692897264,54.86033733146319
2298.677,2298.698,USV_2306,0.02099999999973079,5.0,,None,2142.0107,,156.66630000000032,,0.008771584369242191,0.021240234375,15911.127874101387,17669.070907835558,0.00021335741633345088,30946.875,20995.497997512084,1.9770518794498435,5.3525980060305125,4.845942567380588,14.934436464238036,11.74318540266231,10.909892564229514,48.22470339716641
2298.934,2298.951,USV_2307,0.016999999999825377,5.0,,None,2142.0107,,156.92330000000038,,0.010150511749088764,0.025173611111111112,17752.7376843916,21794.17281205907,0.002318925796463879,32729.166666666668,22950.860136865616,2.3627376526801123,3.036426948713336,5.167908970024525,14.016495612493687,10.211778631871107,12.779133907417162,45.12391474590661
2299.151,2299.18,USV_2308,0.028999999999996362,5.0,,None,2142.0107,,157.14030000000002,,0.008518685586750507,0.025634765625,16062.770251148604,16797.813033108818,0.00045553682015597047,30800.48076923077,24576.113555997727,3.090854831219369,3.5486042540029876,5.5904926490140605,15.728380356099896,11.595337571159531,15.379917396947839,51.548387346870285
2299.493,2299.511,USV_2309,0.018000000000029104,5.0,,None,2142.0107,,157.48230000000012,,0.010173726826906204,0.025336371527777776,18293.041404450294,19026.265768538284,0.00020270835701058563,31937.5,25647.472000871378,1.9421362757843599,4.5779155660608675,5.85101793807723,13.664350706550689,10.607202279906282,14.360612766817042,47.714806623522776
2299.982,2300.014,USV_2310,0.032000000000152795,5.0,,None,2142.0107,,157.97130000000016,,0.009402143768966198,0.020368303571428572,14892.648703702625,18156.098513323715,0.00024167092118966777,31372.76785714286,20872.920557294805,1.7548449114599738,4.850746282509774,5.655609820045369,16.649168103350693,11.32685102198254,13.619973579091011,51.98436194954341
2300.664,2300.721,USV_2311,0.056999999999789,5.0,,None,2142.0107,,158.6533000000004,,0.008054553531110287,0.0177001953125,15063.283697555345,16569.576075886867,0.00026011313676746993,31406.25,20512.13292656664,3.6717557494822017,7.106418932506706,6.3873910896109365,16.902915916235603,12.373045906183876,15.096411924022505,56.470882429248775
2301.123,2301.142,USV_2312,0.018999999999778083,5.0,,None,2142.0107,,159.11230000000023,,0.007138961926102638,0.020941840277777776,17955.61546411326,19982.97388264364,0.0009651170744097786,33250.0,22951.339139726588,2.288378102603269,5.2802961287011785,4.908912712209602,15.270249865396652,9.842321986973703,12.509271835882473,49.66985302536671
2301.21,2301.242,USV_2313,0.032000000000152795,5.0,,None,2142.0107,,159.19930000000022,,0.009746596217155457,0.019426618303571428,14530.881976937653,16505.355428301624,0.00014001737171045225,30816.964285714286,19532.525259389415,2.309057914841953,6.390968772520962,5.0218619782326135,16.76778606707674,12.571030259852519,14.601369721252272,52.0962257582579
2305.497,2305.505,USV_2314,0.008000000000265572,5.0,,None,2142.0107,,163.48630000000003,,0.013593098148703575,0.012890625,14418.091471850556,21069.991845414792,0.00019700387374549594,29212.5,16288.858361161034,1.470569163690904,7.796573177184389,6.195481823081601,12.69703652670652,9.427441070878311,15.323504485573974,33.44030858738663
2323.417,2323.452,USV_2315,0.03500000000030923,5.0,,None,2142.0107,,181.4063000000001,,0.008685147389769554,0.019744873046875,15263.659429222962,16701.94249574995,0.00010501149942473411,31125.0,16230.535078167686,3.162961047896816,5.9126944473694945,6.721464885208391,13.442213318664571,12.9268510791904,13.822132425837856,53.50118622087312
2325.294,2325.339,USV_2316,0.04500000000007276,5.0,,None,2142.0107,,183.28330000000005,,0.009955482557415962,0.023681640625,15483.051146242977,15986.26966380962,0.00021001933596750426,31001.644736842107,17163.52386020981,2.0548401249685027,6.407580490496384,6.623776068232946,15.599361125407247,11.699202624441142,15.781860165014065,56.18808951688536
2325.486,2325.553,USV_2317,0.06700000000000728,5.0,,None,2142.0107,,183.47530000000006,,0.008701932616531849,0.027561732700892856,16912.637096248694,15268.251370197284,0.0001485250702940998,31071.428571428572,18968.856846183444,1.9585752920713977,6.0237045750577485,5.274160086509482,16.635122080231923,12.425256272187848,15.393632792039302,58.68384711966524
2325.95,2325.958,USV_2318,0.008000000000265572,5.0,,None,2142.0107,,183.9393,,0.009191450662910938,0.018212890625,18120.798231151603,23330.306047518545,0.0004623436923684587,31425.0,22675.401461629182,2.862612329329921,6.2660571018054885,8.270543071788536,12.178720008304124,5.887465855417151,9.870393578516511,33.38525786589621
2328.943,2328.977,USV_2319,0.033999999999650754,5.0,,None,2142.0107,,186.9323000000004,,0.007744699250906706,0.01484375,15832.260601711232,17437.41533351503,0.00015893969836559368,31462.5,20158.865729589346,2.9486868304446934,3.8008564124067994,4.775581762239072,14.731408782364147,10.835219309033327,13.233315111885627,52.74538130984582
2329.339,2329.352,USV_2320,0.012999999999919964,5.0,,None,2142.0107,,187.32830000000013,,0.007444793824106455,0.012451171875,15399.971281717486,14341.930220238353,9.828674000983866e-06,29705.35714285714,19813.026093274024,2.2046049547427926,4.927835481775873,4.06690689446444,16.4119606813496,14.250064842712252,15.837388409681655,49.24525177846012
2329.394,2329.402,USV_2321,0.008000000000265572,5.0,,None,2142.0107,,187.38329999999996,,0.008316698484122753,0.032861328125,20089.902271703893,22254.0984852641,0.0007072623856640151,32718.75,23555.533162185435,1.7819472652585067,5.071775576230662,4.436174924460255,14.90300608446808,9.916988267707982,11.066687583586832,36.8441070051431
2329.577,2329.589,USV_2322,0.011999999999716238,5.0,,None,2142.0107,,187.5663000000004,,0.01071369182318449,0.004813058035714286,15666.867559622919,18678.040142284186,0.00018848404971239432,29196.428571428572,24280.38385626524,2.2285653632795426,3.85442439122096,3.768399845768917,15.239923418775792,11.381926455511394,13.914753694251138,42.06489456914628
2329.872,2329.898,USV_2323,0.026000000000294676,5.0,,None,2142.0107,,187.86130000000003,,0.010551631450653076,0.004679361979166667,14162.763027376097,16156.515328378739,0.00012397407952176542,29812.5,21397.768679255354,2.4058723491524723,5.611893550347456,5.608496262883432,17.948338538582004,11.616431682041368,13.738905467199423,51.35076995873572
2330.716,2330.734,USV_2324,0.018000000000029104,5.0,,None,2142.0107,,188.70530000000008,,0.007561862468719482,0.024278428819444444,16551.54343867034,17745.968392543913,0.0005877252415237013,31739.583333333332,24411.438441031405,2.027816061910607,6.769254429984802,5.363943583999205,14.15333553657344,11.942235948013206,15.317455333130482,46.887012134613634
2330.955,2330.963,USV_2325,0.008000000000265572,5.0,,None,2142.0107,,188.9443000000001,,0.01013435609638691,0.01611328125,14244.146850737965,16021.527880327858,7.004638967710197e-05,27956.25,17616.180686836262,2.1728435554471894,7.732518312737791,5.4712825533907345,15.375857526069542,8.399011110316284,13.892128141214766,40.864204218265414
2331.154,2331.23,USV_2326,0.07600000000002183,5.0,,None,2142.0107,,189.14330000000018,,0.008268295787274837,0.020515688004032258,14863.27374523001,15139.279540271262,8.11301440227128e-05,31064.516129032258,18626.756823027834,2.0756912431241297,6.165067547929332,5.658360708833278,16.621813432033058,12.60335783322662,14.57312978487921,58.06393876614593
2331.247,2331.278,USV_2327,0.03099999999994907,5.0,,None,2142.0107,,189.23630000000003,,0.010875810869038105,0.010602678571428572,15146.280652614883,17333.008446577518,0.0006491267851086727,30435.26785714286,24487.028594623593,2.9664357751415733,4.004215206054666,6.316599334293032,17.38589188110237,12.040022541629385,15.979616598144785,51.83049804704801
2332.745,2332.785,USV_2328,0.03999999999996362,5.0,,None,2142.0107,,190.73430000000008,,0.012564511969685555,0.037612017463235295,16220.112045070855,15106.406082245505,8.304768104500694e-05,28196.691176470587,21404.43784059444,2.4347071969103573,5.615223822935955,5.978801491264285,15.76405424016785,9.972270133385909,13.804667995258901,56.64404474934976
2334.239,2334.32,USV_2329,0.08100000000013097,5.0,,None,2142.0107,,192.22830000000022,,0.010603692382574081,0.03232273910984849,15833.245649401555,14531.520349085544,0.00022386939853323503,30133.522727272728,20549.014502118203,1.9462867484090527,8.190751427630564,4.5636880122842225,15.24010059896062,12.125251901976796,13.604015675404632,59.4689074638893
2335.644,2335.681,USV_2330,0.037000000000261934,5.0,,None,2142.0107,,193.63329999999996,,0.008532082661986351,0.019287109375,15906.316154961245,16270.880421584856,0.00011087148287264232,31482.421875,24302.478666888346,2.167047106316113,6.338580141816989,6.408998378775743,14.543717481736532,11.293255951230092,14.240817953989474,54.0371641304693
2335.909,2335.924,USV_2331,0.01499999999987267,5.0,,None,2142.0107,,193.8983000000003,,0.008042247034609318,0.01983642578125,18537.74427016844,21882.93498055493,0.000938982418230731,34289.0625,15820.644660847849,2.218085925376245,3.7553852383637296,6.435709112503183,12.903568411767289,10.42367116907112,11.904080836562352,43.2778290439275
2336.402,2336.42,USV_2332,0.018000000000029104,5.0,,None,2142.0107,,194.39130000000023,,0.0096246637403965,0.014621310763888888,16585.939108136357,19538.002423168822,0.0002713592107513999,31916.666666666668,20378.06816983669,3.7551688733454895,6.063950037311191,6.222689927806432,14.384322055941814,12.334226027788098,14.079007668635121,45.682096896194196
2336.769,2336.796,USV_2333,0.027000000000043656,5.0,,None,2142.0107,,194.75829999999996,,0.006163475103676319,0.032076322115384616,17003.65104455673,16528.787643227446,0.00038598784322180164,31846.153846153848,20252.53492234841,2.1285371086997915,4.4978375249494045,4.686378958166916,15.316643565282163,12.59550211913906,14.834816475146273,53.48778214087083
2339.126,2339.147,USV_2334,0.02099999999973079,5.0,,None,2142.0107,,197.1153000000004,,0.01083710789680481,0.016357421875,14955.496802362377,16520.056190394997,0.0001220396109734096,29821.875,24390.728205200703,1.7243311591943051,7.481187342529966,4.236177211956479,15.082404767295179,13.06197624451951,13.577063843170999,49.941544190703446
2341.688,2341.701,USV_2335,0.012999999999919964,5.0,,None,2142.0107,,199.6773000000003,,0.008137225173413754,0.03484235491071429,18451.618416848596,20236.627310061802,0.001350978665271697,32102.678571428572,20997.71053954692,1.617219675044286,5.054024735279593,5.710843176931794,10.13601490225551,12.077891808367157,14.618657754519772,41.90151977072011
2341.766,2341.803,USV_2336,0.03699999999980719,5.0,,None,2142.0107,,199.75530000000026,,0.008101314306259155,0.026153564453125,16436.350392152264,17468.590268672044,0.00034880663628151257,32607.421875,21932.169776798153,2.2303473520761345,6.6228306729996795,6.348642642314427,16.1699094018114,12.822714731164226,12.262951558421406,53.31518581922374
2342.36,2342.374,USV_2337,0.013999999999668944,5.0,,None,2142.0107,,200.3493000000003,,0.007185724563896656,0.027587890625,17673.389713290206,18321.159269602613,0.000394421621031819,31757.8125,20158.885153115138,1.396076166204167,6.553404596006649,5.519638593044384,14.752432194123955,12.690872737727235,15.34382614947943,45.126533528952294
2343.054,2343.105,USV_2338,0.05099999999993088,5.0,,None,2142.0107,,201.04330000000027,,0.010659988038241863,0.04296875,16811.09805719018,14801.200628233059,0.00017864537801899554,30388.39285714286,19847.616884708623,2.391458920319158,4.251498153945206,4.333919175526686,16.33662647259824,10.996526243982924,13.488338496187163,59.477537333665865
2343.162,2343.204,USV_2339,0.042000000000371074,5.0,,None,2142.0107,,201.1513,,0.00962979719042778,0.0252685546875,16201.169002860024,15934.410210690212,0.0007276464408181049,30307.291666666668,23081.55853453824,2.7743856448572504,5.2695953996986455,4.496834303709225,16.358041521495593,10.309658739884462,14.07515897052456,56.3169514444272
2343.305,2343.326,USV_2340,0.021000000000185537,5.0,,None,2142.0107,,201.29430000000002,,0.007568638771772385,0.03486328125,17572.91301071735,17792.50816715385,0.00042448773471395057,31284.375,21735.613708982008,2.3811620131629936,5.707658979491004,3.0868933583310065,15.046765956523908,10.640321440056043,15.292556263319351,48.49779334481802
2343.54,2343.556,USV_2341,0.016000000000076398,5.0,,None,2142.0107,,201.52930000000015,,0.006707421969622374,0.02880859375,17825.759140324317,19306.626784073676,0.0007741599601134374,32437.5,21680.263230941695,2.718160162455291,3.0446172719687645,5.086646899338894,12.46124679053115,9.667110240376351,15.656340783119534,45.020669340668434
2349.572,2349.59,USV_2342,0.018000000000029104,5.0,,None,2142.0107,,207.5613000000003,,0.01243168581277132,0.022623697916666668,14878.249095350022,16455.372568202696,0.0003940850958406852,28593.75,18702.32003121141,2.9737896317357544,2.456274570529118,4.569771856842038,10.906694073889025,9.139623653821317,14.79364189559458,48.33309766585462
2350.113,2350.135,USV_2343,0.022000000000389264,5.0,,None,2142.0107,,208.1023,,0.0125806275755167,0.022017045454545456,16322.347762527696,18573.327462288053,0.000476384520126648,32514.204545454544,24346.23800995991,2.8541106087419896,2.5854491067132037,5.053017198251326,11.76462857204897,8.73551923136895,12.897885852370546,49.36336645659623
2350.414,2350.423,USV_2344,0.008999999999559805,5.0,,None,2142.0107,,208.4033000000004,,0.014712094329297543,0.008626302083333334,13381.710235400673,20296.60959741128,0.00018845010666554963,27359.375,18611.999536358355,1.4615485514038642,2.7141667350870526,6.746675239338789,12.257721704013967,8.569823643269112,14.49287548817785,35.974739003686544
2350.489,2350.519,USV_2345,0.02999999999974534,5.0,,None,2142.0107,,208.47830000000022,,0.013756985776126385,0.011439732142857142,14323.948991345582,19872.092777720096,0.0003635027283572703,31138.39285714286,25131.450161422075,1.9024314982051493,6.950270361388424,4.788877001095164,15.601574673824855,9.484512465968127,13.029536523542978,48.35936621361119
2350.692,2350.713,USV_2346,0.021000000000185537,5.0,,None,2142.0107,,208.6813000000002,,0.014058172702789307,0.011962890625,12356.487871243426,15737.915449543038,0.0002216015274717193,28228.125,17318.972704703297,2.1994757070050364,3.2037862266768586,5.33711102873619,15.063675430524018,11.649671293717173,13.427288987893231,48.50576241676424
2351.001,2351.034,USV_2347,0.032999999999901775,5.0,,None,2142.0107,,208.9903000000004,,0.021484626457095146,0.018994140625,12013.555420316763,15683.659156177659,5.200600085998704e-05,26381.25,19917.336388768763,1.9131566036641574,3.04720857055019,7.436705435240587,15.676404763893283,10.086366539835812,13.129928856155594,51.59743581220619
2351.275,2351.293,USV_2348,0.018000000000029104,5.0,,None,2142.0107,,209.26430000000028,,0.015512843616306782,0.018934461805555556,16580.634069153886,22215.325469864976,0.0009067283967945002,32875.0,18981.408935437496,3.1237082028724097,2.033722541965316,7.026864423762846,12.59893601689361,8.140698235630014,12.026434037697074,44.843099708298055
2351.564,2351.578,USV_2349,0.014000000000123691,5.0,,None,2142.0107,,209.55330000000004,,0.010445738211274147,0.027618408203125,17915.579286032247,21278.885551560514,0.0013426108027613445,33398.4375,18127.622196305027,1.9351091624022452,2.9139179517288545,6.292366023868478,10.121781760016056,9.449360962831033,12.125624478954215,42.192560154410884
2351.906,2351.928,USV_2350,0.021999999999934516,5.0,,None,2142.0107,,209.89530000000013,,0.011962712742388248,0.016446200284090908,14535.721516469133,17247.507314977807,0.0004981312797490666,30375.0,18080.328029681874,2.5631646929538423,3.2920551476962583,7.7628778860478285,14.97179290753383,11.150844880186574,13.251606420973518,50.415360108196616
2352.93,2352.949,USV_2351,0.01900000000023283,5.0,,None,2142.0107,,210.91930000000002,,0.019772741943597794,0.012255859375,13008.478640980698,19569.431108154196,0.0001760413419137379,28303.125,20592.776512365264,2.833733625922104,2.823880916042761,6.354461683402858,14.0928334071745,9.836848718697713,12.778378585000198,44.25774055513624
2354.675,2354.689,USV_2352,0.013999999999668944,5.0,,None,2142.0107,,212.66430000000037,,0.014864914119243622,0.01129150390625,14152.834348384895,18409.849640465385,0.00069564847488863,28406.25,19003.83761308239,1.6627089899731429,1.8211777929528128,6.8521590210322225,14.6802471017178,9.488343198552784,12.206111533629064,43.67907752217739
2354.958,2354.983,USV_2353,0.02500000000009095,5.0,,None,2142.0107,,212.94730000000027,,0.017547549679875374,0.025919596354166668,15735.965980098428,19974.9302961903,0.0015902472575020851,31687.5,20529.51885458241,4.009253413116774,1.3803274171772906,6.489876988356922,13.127284397440297,9.537108095679875,14.40900144452428,48.487916385684365
2355.214,2355.243,USV_2354,0.028999999999996362,5.0,,None,2142.0107,,213.20330000000013,,0.01428858283907175,0.019024188701923076,14342.48007432418,15661.636047011058,0.00018736926341740754,28233.173076923078,20790.200727585165,2.6799531866633193,3.7028656187830546,4.898151132088398,15.34615024476998,11.92553215264217,13.395344700211158,52.38577568796476
2357.619,2357.64,USV_2355,0.02099999999973079,5.0,,None,2142.0107,,215.60830000000033,,0.006786824204027653,0.03994140625,18254.041972168543,16075.858912928563,0.00016719196166408885,31471.875,23554.22816433929,3.1916000744256676,5.05343155361682,5.044556746876257,14.36752661504308,9.561599320829721,13.324601832662973,51.18663526671729
2357.845,2357.865,USV_2356,0.01999999999998181,5.0,,None,2142.0107,,215.83429999999998,,0.008861984126269817,0.020458984375,16244.585769075755,17462.26138252979,0.0001553875352329141,30553.125,21274.470065986687,3.653950891054424,5.081427749273663,3.6206167953842248,11.950418961216174,11.997056431515308,15.253020829033222,48.461085834424985
2363.034,2363.052,USV_2357,0.018000000000029104,5.0,,None,2142.0107,,221.0233000000003,,0.011781460605561733,0.009657118055555556,14230.553248963493,18326.063828297905,0.0001307674453454616,30020.833333333332,22032.14744676799,1.9379428862627028,7.356474723932258,6.63224594064341,16.90287834160818,11.418653385705287,14.182222030513222,44.68530961052655
2364.778,2364.802,USV_2358,0.02400000000034197,5.0,,None,2142.0107,,222.76729999999998,,0.008131943643093109,0.019620028409090908,16982.244345571307,18578.261859770635,0.0007686647423046866,31926.136363636364,21002.295425483408,1.4336218898192536,3.9611886380159573,5.2329520020983,13.928272576144055,10.350783439201036,14.014519202537942,49.712386349858654
2364.934,2364.953,USV_2359,0.018999999999778083,5.0,,None,2142.0107,,222.92330000000038,,0.007119390647858381,0.032552083333333336,17897.696011985332,17753.899492229757,0.0006455253430998507,32572.916666666668,22534.536352825053,2.0689771119371594,5.271089131266873,3.92678763195072,14.11273427584046,12.436575149047083,12.301120016035131,50.70302126103298
2365.489,2365.558,USV_2360,0.06899999999995998,5.0,,None,2142.0107,,223.47830000000022,,0.009331626817584038,0.021135602678571428,15277.241751525686,15142.583060903427,0.00010650650851115705,30164.0625,18681.030794011313,2.161112600077472,5.410879206734129,5.381692842838359,15.770569210521533,10.815770427791472,14.2670225884941,57.85642875867195
2366.258,2366.282,USV_2361,0.02400000000034197,5.0,,None,2142.0107,,224.2473,,0.009476392529904842,0.02294921875,15643.47446989183,18347.192986411184,0.00044464355399566905,31823.863636363636,18286.447525155276,1.9986031578424097,8.95130605939189,6.202968841462053,15.95733754535132,13.03091367867724,13.49203732753823,49.190440101806686
2366.517,2366.658,USV_2362,0.1410000000000764,5.0,,None,2142.0107,,224.5063,,0.012233110144734383,0.02894620028409091,15973.842919516852,13389.532318489863,3.9566559431246926e-05,29224.43181818182,18893.685539137517,2.5500962117738446,6.220995455772949,4.93663566932167,16.682716567750127,12.413477571258992,13.612729915305653,62.97082163400053
2367.582,2367.591,USV_2363,0.009000000000014552,5.0,,None,2142.0107,,225.57130000000006,,0.009135907515883446,0.0196533203125,18117.668025424828,24374.045776550436,0.0012060589400388986,32765.625,23718.409330199967,3.2698669688276194,6.000859782313742,6.461294046641754,15.363570315937844,9.501334649103566,11.38941944132892,35.502029681354394
2368.873,2368.931,USV_2364,0.057999999999992724,5.0,,None,2142.0107,,226.86230000000023,,0.013662529177963734,0.016398111979166668,13502.997666730522,14606.559470757997,3.028148493141603e-05,28285.15625,21203.843085895398,2.416547850785268,3.0436700524645333,4.894619286162972,17.577581655212004,11.176953664059425,14.396309083419476,56.225214516480946
2369.091,2369.104,USV_2365,0.012999999999919964,5.0,,None,2142.0107,,227.08030000000008,,0.007651508320122957,0.026646205357142856,16387.03462375078,17329.625019292904,0.00014358125434440935,30200.89285714286,21505.41461441271,2.3068197866822486,5.331495993522421,4.4664517314894345,17.00717747489023,11.255690849090792,13.175805287093244,44.38139593629137
2374.656,2374.664,USV_2366,0.008000000000265572,5.0,,None,2142.0107,,232.64530000000013,,0.006640078034251928,0.032080078125,15883.818460053933,14864.070520888665,2.2568877942906594e-05,29493.75,17731.227927197357,1.0847636705198147,4.504664675583222,3.763176454301661,13.49256710914403,11.661215128539144,13.981842104291214,44.54574572702371
2380.108,2380.127,USV_2367,0.018999999999778083,5.0,,None,2142.0107,,238.09730000000036,,0.012846045196056366,0.017903645833333332,14457.126241714128,15099.292564218847,7.47520113623254e-05,27979.166666666668,18719.82232827227,2.163417332679208,8.437273940158887,4.753525384030498,13.576557370225638,9.562983348390675,15.018422050536294,52.365878206018756
2380.647,2380.658,USV_2368,0.010999999999967258,5.0,,None,2142.0107,,238.63630000000012,,0.006568763870745897,0.028401692708333332,19049.050527064977,21285.118938957694,0.0022710238962560868,33625.0,22716.415463796828,1.247832074470315,4.914701293428239,6.474908520760896,14.180456119220354,9.344734403910008,12.16615003986953,43.33272866738914
2380.738,2380.763,USV_2369,0.02500000000009095,5.0,,None,2142.0107,,238.7273,,0.0071800039149820805,0.03326416015625,18111.608980602432,20007.122603900807,0.0008300461862176933,33296.875,23174.957558802012,3.040149967106124,3.511921666811134,4.928828734042547,15.34220324392973,10.626378236676695,13.322641168081747,48.865602223317815
2381.035,2381.051,USV_2370,0.016000000000076398,5.0,,None,2142.0107,,239.02430000000004,,0.015083303675055504,0.01556396484375,14330.024344375175,18806.273225860914,0.00014014328503461035,29097.65625,16489.94258259635,2.2998281434340093,7.27021651745194,3.3830100864192056,13.952276570788396,8.8775318524211,14.892808513476272,44.260644698843535
2381.219,2381.265,USV_2371,0.04599999999982174,5.0,,None,2142.0107,,239.20830000000024,,0.008683567866683006,0.03519287109375,16853.75953735399,16570.419777880572,0.00021112385747967038,31664.0625,18906.61416668594,3.19305165456881,6.867934475908574,4.290681586344325,14.823307748629762,10.855987836679882,12.744714769298996,55.78835400151773
2381.313,2381.375,USV_2372,0.06199999999989814,5.0,,None,2142.0107,,239.3023000000003,,0.009631369262933731,0.014676607572115384,15571.564836237538,16685.335795641655,0.0002814469984508383,31543.26923076923,20157.279577208017,2.680810316575833,5.126355899441374,5.5080212591185775,13.975274236268378,11.282951439734356,13.874348009811468,57.13992448450203
2381.419,2381.47,USV_2373,0.05099999999993088,5.0,,None,2142.0107,,239.40830000000005,,0.009958989918231964,0.02466982886904762,14995.11981825469,14893.63245239114,0.00013018772921675006,30477.678571428572,15709.320411899433,2.879006565501277,6.422562910643454,7.399723148596378,17.765018813215924,11.523294562417997,13.370602731514523,58.718498429970815
2381.527,2381.589,USV_2374,0.06199999999989814,5.0,,None,2142.0107,,239.51630000000023,,0.009675946086645126,0.022404597355769232,15557.55312218464,15357.11463803559,7.993402274742666e-05,30652.64423076923,15212.823065077013,2.4559061678048986,6.03172666063269,4.571154495739849,16.137951229502463,11.892896310463927,12.899720278884967,57.12306813135591
2382.465,2382.555,USV_2375,0.08999999999969077,,,None,,,,,0.009490256197750568,0.024915907118055556,13875.28853249411,14158.637977336379,6.332666387172908e-05,28898.4375,20186.484348652346,2.4511802670109084,3.2537423684224906,3.791758674878822,16.31112276793733,11.008069482791125,14.31337622783877,60.21056754816469
2382.566,2382.624,USV_2376,0.057999999999992724,,,None,,,,,0.011526470072567463,0.019266764322916668,12321.841459175243,14573.537481010966,0.00012423158931627694,26644.53125,15822.022197027856,2.513505945046607,4.6659928070868535,3.7094652802465995,16.862538422897604,11.096006306112692,15.60148880440177,57.25670139088583
2382.689,2382.704,USV_2377,0.015000000000327418,,,None,,,,,0.010453050956130028,0.027496337890625,15064.852499986671,20847.095808530186,0.0007007222294903244,29296.875,22436.088972687507,3.8102995746314816,2.685650610492178,5.5122420666433944,13.518530896148231,9.415505893555604,16.441498908669843,43.15277290604392
2394.644,2394.792,USV_2378,0.14800000000013824,,,None,,,,,0.011287575587630272,0.029776737607758622,12859.133745935424,12487.142979970207,1.0656057547899459e-05,26151.400862068964,18582.714082458508,2.5047072563138135,5.9022938928760675,6.506076439659297,18.04560466046556,10.831260903444752,15.370817234119553,63.32288572062086
2395.145,2395.229,USV_2379,0.08399999999983265,,,None,,,,,0.016124732792377472,0.02302102481617647,11619.418668909282,14241.282138175158,0.00016263761455096546,25400.735294117647,21603.270397171174,2.698532145888779,2.1594666139065644,5.244618842709794,17.811453828932624,10.478323653259329,13.903990521377974,58.12301580420443
2395.593,2395.701,USV_2380,0.10800000000017462,,,None,,,,,0.008801045827567577,0.02779796511627907,14064.16417628933,14432.60394155199,2.7075400209230428e-05,29502.906976744187,20269.010376879338,2.0331003008832207,4.24793572188289,4.6089636317447695,16.562473275572078,11.491381681140707,15.169624858358446,58.28979013464
2404.743,2404.757,USV_2381,0.014000000000123691,,,None,,,,,0.009599367156624794,0.017120361328125,16009.167169303164,18204.831139714304,0.0005661649366177281,30960.9375,27480.497195227246,1.0390183642978958,5.750266864882687,4.777626080733029,15.53307283999039,11.566810215761363,16.803999407046526,44.34167070894223
2410.314,2410.412,USV_2382,0.09799999999995634,,,None,,,,,0.010676203295588493,0.039920122195512824,14984.747211784686,12915.716673081739,6.23573962186337e-05,27543.26923076923,19050.13379062324,2.8574046816606113,5.891989659783474,5.558046194952423,16.907447443453638,11.540858749865185,15.425525807418621,61.75864422036204
2411.038,2411.11,USV_2383,0.07200000000011642,,,None,,,,,0.009689549915492535,0.02672918911637931,13599.49715064931,13619.078653840328,5.039720425605416e-05,28163.793103448275,17841.5755733169,2.2069604004043137,5.401194660653509,5.894764402978919,17.34259539918919,10.973504347422697,15.24894368842478,59.36016752653868
2415.21,2415.232,USV_2384,0.021999999999934516,,,None,,,,,0.014819753356277943,0.009321732954545454,10467.040748251455,15110.406154388244,2.2105439590180567e-05,25474.43181818182,25226.85662424929,3.940852628580966,5.141532129386952,7.349342625241854,16.34872270027164,10.459851213848225,12.915297500510958,50.485117438514926
2417.656,2417.801,USV_2385,0.1449999999999818,,,None,,,,,0.010851039551198483,0.0217199492872807,12210.324196267145,13722.737660803998,8.335843041096278e-06,28338.815789473683,22686.60657875688,3.03478701097107,4.7371405520232495,4.823302488658582,17.167868007563573,10.196071409512003,15.799992783127003,59.94102380134296
2418.665,2418.729,USV_2386,0.06399999999985084,,,None,,,,,0.00978645496070385,0.051504281850961536,16112.946388521676,13729.4803737524,7.122179414567319e-05,28680.28846153846,15323.693945567697,2.584313716020747,4.258682484480177,6.683218352975742,16.693941887788803,9.734190476772106,15.802036376218622,62.59689398340944
2418.836,2418.922,USV_2387,0.0860000000002401,,,None,,,,,0.010843698866665363,0.03521205357142857,14722.655840887677,13741.170614954415,7.141722157798605e-05,27798.214285714286,16838.107280907127,2.1733915867904665,7.563327981562504,6.038877703857016,16.79864319080489,11.591301738338236,16.993720203446912,61.55810282157914
2419.392,2419.463,USV_2388,0.07100000000036744,,,None,,,,,0.013061017729341984,0.028278219288793104,11175.59614617503,11978.986176865057,0.0002008084594035938,21720.905172413793,15584.084880636603,2.5095536550138986,5.273289572119228,5.572977349141996,16.79914629148136,14.651987969863686,17.452978265377716,63.85056540172786
2421.935,2421.97,USV_2389,0.03499999999985448,,,None,,,,,0.009653464891016483,0.027034505208333334,14103.733555404204,15468.946306649485,0.0003554138805777432,27425.0,14940.18607413672,3.0001527803772436,5.05280527515531,5.174256438229917,15.826186281475012,11.00227859575338,15.402789937546574,57.41863353136464
2424.141,2424.237,USV_2390,0.09600000000000364,,,None,,,,,0.008676053024828434,0.03380062705592105,13730.239654762527,12499.646897621056,3.1039072132014146e-05,27054.276315789473,14769.230769230766,2.487225468704773,5.604618656353043,6.161814083272904,15.792627081681365,11.141531705167074,15.996187434269999,62.12606773878917
2426.575,2426.609,USV_2391,0.0340000000001055,,,None,,,,,0.0108235077932477,0.024820963541666668,12277.989063366289,13992.178305992587,0.00018831087067776978,25500.0,14769.230769230775,2.5689407039347003,2.068332643635832,6.587281304738174,15.840510833605489,9.29162715622062,14.906277093910376,55.449167831382844
2429.4,2429.446,USV_2392,0.04599999999982174,,,None,,,,,0.022374378517270088,0.009814453125,10566.696528977394,15837.895929465396,0.0001755522261582765,23723.4375,20992.07633171273,2.7132285431825713,4.918113373560411,6.431934295254594,20.518646095776806,9.75963717657334,15.125815511160216,54.79812460279112
2431.622,2431.747,USV_2393,0.125,,,None,,,,,0.014370075426995754,0.0265316087372449,10947.412579846734,11855.548736003895,2.8033660745479416e-05,21497.448979591838,14812.855242342608,3.0799517258147056,2.637607078238071,5.857114454029655,18.138740739270403,12.643797250501663,13.219423842434612,64.83679420513546
2434.097,2434.172,USV_2394,0.0749999999998181,,,None,,,,,0.012746118940412998,0.0194580078125,11252.894079789618,13403.455598049293,0.00033844799816035794,24328.125,15467.077582091093,2.87103758961879,6.0200434764802635,4.134077611349261,16.571431461692182,11.296147481701365,16.070147995834876,60.817457751512386
2434.555,2434.609,USV_2395,0.05400000000008731,,,None,,,,,0.010825940407812595,0.021293308423913044,13378.900899223485,15048.130774498077,0.0006612604770423322,26625.0,14769.230769230766,2.562703902921643,6.260081881003306,5.337741019047906,17.358607259637324,12.266105807287197,15.389703430135658,58.50814203792283
2434.997,2435.038,USV_2396,0.04100000000016735,,,None,,,,,0.0161812175065279,0.020901150173611112,10428.164355838475,13831.31744395026,0.0002548827007160481,23312.5,17166.883650473643,2.877234650014398,2.757806474160552,4.819208173439502,17.09105931318493,8.855352114141326,16.378929550121075,56.20886484761456
2435.265,2435.371,USV_2397,0.10600000000022192,,,None,,,,,0.013886627741158009,0.019333612351190476,10852.781260792271,12971.859438344096,8.572541118182719e-05,23908.48214285714,17776.371857445443,2.017141387453671,3.479427011690204,5.9275779146432175,16.81896627809903,11.27896151521862,14.874652622294112,60.75338035426847
2436.453,2436.556,USV_2398,0.10300000000006548,,,None,,,,,0.03048161417245865,0.018137862042682928,8981.338325191531,10620.400091032707,2.299248067393537e-05,18224.085365853658,14973.658858627536,2.403710461856976,2.427044629706563,6.816859710255273,22.89523232341306,10.553364168368931,18.314882690734393,64.40705084337566
2437.244,2437.369,USV_2399,0.125,,,None,,,,,0.06437616795301437,0.006855867346938775,5958.623479006035,10740.66210226266,1.5491915522478285e-05,14343.75,32242.704691948366,3.059906051801975,3.0191351407778364,8.802733254608764,19.860614720254414,9.797702073590923,13.264509103415971,58.977842419155145
2437.9,2437.993,USV_2400,0.0929999999998472,,,None,,,,,0.04601949453353882,0.007753114442567568,7887.057468961374,12483.066813393269,8.658174132187527e-05,20510.97972972973,29056.043939541498,2.4559064991005024,2.1042686225444656,8.863349966927448,25.55871570498391,12.037756688507391,18.36618516500481,60.15789792371059
2442.498,2442.574,USV_2401,0.07600000000002183,,,None,,,,,0.03595409914851189,0.006906817036290322,7586.17101358434,11423.13088464215,4.8008055355395505e-05,17340.725806451614,20405.29287471665,3.2601455824298204,3.8370839050461267,10.188059957001117,22.376337262576293,10.079761342482355,15.900288100831924,60.91596924227257
2442.862,2442.9,USV_2402,0.038000000000010914,,,None,,,,,0.009602169506251812,0.02639590992647059,12974.482504525386,15166.940787155085,0.0005795910303835098,26613.970588235294,15067.731904140215,2.3427939227275467,4.518718298643084,5.5548974534271585,15.119803971872344,12.241042448570713,14.290627435004406,57.154687596911515
2443.518,2443.664,USV_2403,0.14600000000018554,,,None,,,,,0.01969144679605961,0.028877124451754384,10457.322210294431,10962.730559459973,9.524175307880874e-05,19759.86842105263,14769.230769230768,2.401035804750509,3.102405351480283,6.296115157273321,19.251597932119008,10.672167898734518,17.744764165690988,65.73671722383773
2443.912,2443.974,USV_2404,0.062000000000352884,,,None,,,,,0.012996410019695759,0.032883864182692304,11200.200118000297,11503.86529001666,4.730922734062524e-05,21104.56730769231,14769.23076923077,2.498461558609056,2.9371980512302334,5.1269363181449945,17.262860907912234,10.84584029254639,15.787506685100364,63.095957718999564
2448.192,2448.303,USV_2405,0.11099999999987631,,,None,,,,,0.018695009872317314,0.020346901633522728,11045.347678750577,13057.78074654704,0.00010830090981625256,23712.357954545456,21121.148808938506,2.3099387710069164,6.073634198534762,5.893211275649335,18.194998938903094,11.569554294657598,15.036211088676993,60.87920346618094
2448.619,2448.631,USV_2406,0.011999999999716238,,,None,,,,,0.04852360859513283,0.0032435825892857145,9468.991944418549,20542.544816981037,0.0001716374124378775,19875.0,33831.01295254578,1.4997225927714137,1.8316248164037074,9.11224326697874,22.240687615539855,7.792479533849176,17.465032213662408,37.924005582640476
2449.381,2449.495,USV_2407,0.11400000000003274,,,None,,,,,0.02761281281709671,0.018250868055555557,8502.491798955623,10409.029534191563,1.3870597686678608e-05,17537.5,14892.83745221172,2.826846633579573,3.311843835561774,5.926953467550774,16.328808025413103,9.73937395520876,16.430405567390235,62.316056416554076
2450.842,2450.905,USV_2408,0.06300000000010186,,,None,,,,,0.013850958086550236,0.022057166466346152,12534.064775234188,14377.855044743548,5.4939861887405064e-05,25705.528846153848,17894.507664178294,3.0096137675104866,5.652811952302901,6.079356775469565,17.163447578291795,12.140396977120592,13.7402105376455,57.73324322746383
2453.45,2453.501,USV_2409,0.051000000000385626,,,None,,,,,0.0188756063580513,0.023426402698863636,10453.388785406773,13297.755638780247,0.00044149582841538796,19785.511363636364,14769.230769230768,2.434239474462528,2.6698701379140206,7.531609828983136,17.795009838896913,11.54283351048989,14.062222615157667,61.53949946769494
2453.743,2453.8,USV_2410,0.057000000000243745,,,None,,,,,0.060819435864686966,0.008280436197916666,8199.562946753706,13378.083008694264,6.903311316744274e-05,21753.90625,29538.01706179207,1.600964633488899,2.823985401108135,7.168173752111277,24.561959666199854,11.538863519231143,15.476978151200974,57.16474053201721
