start,stop,label,duration,trial_num,open_latency,before_open,trial_start,lever_press,prox_to_trial_start,prox_to_lever_press,rms,zcr,centroid,bandwidth,flatness,rolloff,f0,contrast1,contrast2,contrast3,contrast4,contrast5,contrast6,contrast7
1.221,1.287,USV_1,0.06599999999999984,,,None,,,,,0.013206075876951218,0.02824797453703704,15008.871680483746,13610.89769788571,9.55086475581718e-05,28048.61111111111,16996.143110166136,2.4660874696755863,3.102162458558047,5.275203945815369,16.15583639172802,10.996116939683121,14.990296088205328,62.16088684028172
2.369,2.425,USV_2,0.055999999999999606,,,None,,,,,0.011836514808237553,0.044072690217391304,15960.370548500452,13162.825716941166,3.5797756963416336e-05,28145.380434782608,24589.43470097715,2.833979211519393,6.253364581294812,5.091609637376286,16.29075980571537,10.831425724706536,17.215218582932025,60.63130943997972
3.052,3.074,USV_3,0.021999999999999797,,,None,,,,,0.00995605904608965,0.024369673295454544,16405.756541713195,19833.7912448553,0.0003162561514078425,30980.113636363636,20685.48088044758,1.9923390131689123,4.009969291508086,5.40652991692714,16.15330768279151,9.496979071246558,14.386372801915734,48.486900179755295
4.316,4.369,USV_4,0.052999999999999936,,,None,,,,,0.01024092361330986,0.05422141335227273,17134.3871781452,13805.75299140286,5.589263861085978e-05,29382.102272727272,17942.785804517578,1.3808212178656112,4.364683242333748,6.07770760234876,17.373723068514316,11.204164012261758,19.20516997714983,60.52862940487918
5.194,5.253,USV_5,0.05900000000000016,,,None,,,,,0.013112573884427547,0.044423828125,14543.961772965558,13346.706055545055,2.3143288161310126e-05,27153.75,24162.181964507075,2.85897279764385,2.681963358510877,4.738230805100543,19.115164968554208,9.974992415420568,17.629292466314062,62.09946787672256
6.609,6.758,USV_6,0.14900000000000002,,,None,,,,,0.010922017507255077,0.04101141567887931,13872.242911770656,12669.246443744898,5.285729610484483e-05,26692.887931034482,15844.394091425082,2.3623383145844787,2.772689846493488,5.416598876346341,16.631605819389957,12.453531441219033,14.852326039277479,64.00190408577835
11.282,11.349,USV_7,0.06700000000000017,,,None,,,,,0.012541216798126698,0.032069614955357144,12909.627680865586,12428.104301227246,0.00011295545999138154,24840.401785714286,14769.230769230768,2.405693515902737,4.572617953119819,4.672452404473218,16.083443371785673,10.839940952142006,18.352029209681653,61.8791048874562
11.831,11.895,USV_8,0.06400000000000006,,,None,,,,,0.03257624804973602,0.0096435546875,11532.924826483677,14701.795311224405,8.275963048153476e-05,26358.173076923078,17302.235689405377,4.371012829445037,3.234663000975668,5.015972326723693,21.890075862670074,9.891623764390603,14.360251756091365,57.540535748920284
11.975999999999999,12.033,USV_9,0.057000000000000384,,,None,,,,,0.01710631139576435,0.029388427734375,13922.973030043804,15226.100367925661,0.00018293488025786505,27519.53125,19066.039648039598,2.809765188247018,2.4321141250485536,5.335185913524996,16.896625872538284,11.211518131995716,18.068677806603514,58.8946585107631
13.656,13.769,USV_10,0.11299999999999955,,,None,,,,,0.02844114787876606,0.020502387152777777,9073.224831715592,11272.563614985505,7.948240968999438e-05,18502.083333333332,16424.39352320978,3.359925760181233,4.172834616805959,4.827138578513771,15.990342450273276,11.694019455656816,15.873132511760426,60.301300409688885
15.506,15.558,USV_11,0.0519999999999996,,,None,,,,,0.014918756671249866,0.029074928977272728,13630.693583630184,14003.363087618858,5.936486373012246e-05,27626.420454545456,18224.82070013476,3.4770783605023725,4.279606244566081,4.8060212095580885,15.73226350440305,9.153498285823026,15.705118745854124,60.757149958781945
15.661,15.716,USV_12,0.054999999999999716,,,None,,,,,0.013227238319814205,0.043340268342391304,13750.743306334416,13572.882901636624,0.00027498640811111073,26164.402173913044,19129.655140978222,2.5596855775965963,4.512747150193163,6.101897053743854,15.429625844616067,10.553949590578352,17.01919568381724,60.41751684535135
17.7,17.762999999999998,USV_13,0.06299999999999883,,,None,,,,,0.021487819030880928,0.017474834735576924,10716.295516130409,13394.471088038943,3.525318186744184e-05,24147.83653846154,21682.942843004046,2.07552560697145,3.0067096296398215,4.5012344218073785,18.182005993771774,11.469377782854108,16.25297223493819,57.64656731134142
18.342,18.417,USV_14,0.07500000000000284,,,None,,,,,0.015231218189001083,0.031793409778225805,13443.719689276775,12986.038054610295,0.00017216114506859705,25264.112903225807,14769.230769230766,2.5516401556130477,2.7264133607802465,8.006140847039488,14.000593752587966,10.10274183558154,14.86396933448716,61.924279645229525
22.436,22.496,USV_15,0.05999999999999872,,,None,,,,,0.09783682972192764,0.0333984375,11519.65342043255,11869.244835178892,0.00019892201009137747,21112.5,16903.52307811735,2.4527601116443694,1.9615283108676442,5.653217324358284,13.06532969774738,22.938053508678664,18.798792047772388,60.10232635277539
22.692999999999998,22.732,USV_16,0.03900000000000148,,,None,,,,,0.13707225024700165,0.023911420036764705,11251.641323912358,12390.527372809998,0.0001091371439638427,21286.764705882353,15904.568309792352,2.3757387542686423,4.0340173066014575,6.029316420058009,12.391849766957893,23.865211731481004,19.61201250313192,58.30426290945553
22.947,22.98,USV_17,0.03300000000000125,,,None,,,,,0.15242096781730652,0.025423177083333335,11436.087099835222,12183.19403842395,0.00022145772943422365,21275.0,16036.949845127774,3.094263230923814,2.714563753691584,5.897099077920658,12.264775183060298,23.280764632364523,20.385949057063918,57.59268787005916
23.2,23.233,USV_18,0.03300000000000125,,,None,,,,,0.15263785421848297,0.030387369791666667,11310.533827708507,11791.56999533623,0.00019050304208951174,21143.75,16115.058551032716,3.091382885239152,2.284623654754627,6.792956418981908,11.829842579063756,23.759644122227304,20.807346287372372,59.23475072127361
23.454,23.512,USV_19,0.05799999999999983,,,None,,,,,0.10199300199747086,0.025736490885416668,11280.56272656836,12418.420643320249,0.00011298510296339275,22472.65625,17148.91193374117,2.527143048097434,3.569619182101198,5.9449491427241155,14.673992988317275,25.074548987020744,19.786212163979076,59.19208817725911
23.726,23.802,USV_20,0.07600000000000051,,,None,,,,,0.016324350610375404,0.034400201612903226,11732.922614536257,11154.63579357699,7.244862381056213e-05,20482.862903225807,14769.230769230766,2.1922565781882883,5.799431649744191,6.300652871242091,17.145708463047804,10.472445986538748,17.078455841059185,64.44026846099864
23.933,23.976,USV_21,0.04299999999999926,,,None,,,,,0.0115381870418787,0.03200954861111111,15320.65505529401,14915.944454500635,0.00038122664917515815,28234.375,15375.869154668238,1.6763677278414493,5.590255623358,5.048086598136008,17.051716838096237,10.651806836765227,13.351016610169658,59.32314308501033
26.957,27.012,USV_22,0.054999999999999716,,,None,,,,,0.01057405024766922,0.054655655570652176,17501.663730076983,13625.863130616524,0.0001491126987442485,28866.847826086956,16696.042246128818,2.5942382747706922,3.453526617432923,4.179956756442705,15.884750641185002,11.509080422710795,16.724603054343078,61.22164888575316
27.057000000000002,27.12,USV_23,0.06299999999999883,,,None,,,,,0.011023138649761677,0.047776442307692304,16387.70384048861,13545.649285906933,3.7636977160611036e-05,27998.798076923078,23084.582268303548,2.456463584728352,4.30536206524712,5.533520759060944,15.781302732955966,11.048182512653458,16.459943681834286,61.579434954435214
29.609,29.746000000000002,USV_24,0.13700000000000045,,,None,,,,,0.018200645223259926,0.051337348090277776,13645.799737371515,11401.960426494841,0.00018570843820877298,24262.152777777777,15252.567853627053,2.4863507435670873,3.1737055310817395,5.288414396021226,16.031041777701887,10.280590900153173,15.457149953480203,67.66938045768059
31.021,31.114,USV_25,0.09299999999999997,,,None,,,,,0.016025234013795853,0.03024044552364865,11561.138793743929,12214.474258747536,0.00019942136338045813,23903.716216216217,16925.20841413883,1.9265089136175142,3.342127296437333,6.977112527130367,16.389351341503296,11.180952983092316,14.595352243615043,63.45655002414983
31.474,31.554,USV_26,0.0799999999999983,,,None,,,,,0.017383871600031853,0.0234375,11635.70805421088,13513.113304189206,0.00022166426739684425,25297.8515625,16412.81570919709,2.2885292257152425,4.0940193709465,6.751298522163653,16.476087981095574,9.888722990071184,14.577489918102795,61.9759563179054
32.522,32.623,USV_27,0.10099999999999909,,,None,,,,,0.008985059335827827,0.03409423828125,14985.28509714729,13645.672727156849,0.00021644664907319528,29491.40625,16792.58772453491,2.364152197771748,4.334579477604184,5.23271337466183,15.149734222225174,10.49942103177988,14.692034678295476,61.530382171180726
34.061,34.168,USV_28,0.10699999999999932,,,None,,,,,0.054313890635967255,0.00867280505952381,7559.571907334503,11421.359660154803,4.3110495317675905e-05,18549.10714285714,18392.237254881282,2.03665823987676,4.731669613830787,7.040028681868966,15.60453823063974,10.919259571875482,17.701297683511505,63.398785913081966
35.0,35.097,USV_29,0.09700000000000131,,,None,,,,,0.0205779280513525,0.04998622796474359,14261.902673002387,12321.263972883391,0.00013849657386155555,25757.21153846154,19440.541767929266,3.1388992298279472,2.4484745212425056,6.5795430665650745,15.022911108776485,11.125183508103708,16.37970491034411,64.0728037281402
36.297,36.387,USV_30,0.09000000000000341,,,None,,,,,0.05065787956118584,0.009840223524305556,7212.116584461797,11324.298086363244,2.786183101587854e-06,19046.875,28962.742740484988,2.410001084330113,2.4891243986254814,4.665264961613308,23.033987717138444,11.514804631431764,18.026091873968948,57.3114479757071
40.484,40.574,USV_31,0.0899999999999963,,,None,,,,,0.01739499717950821,0.029066297743055556,11765.306279589058,13226.719884600114,8.144530968141822e-05,25455.729166666668,17604.50024575421,2.6883040948593484,2.632944216614996,5.0184332733152255,15.492745537799202,12.520099750693214,16.827507918534387,60.94329028378635
41.9,41.949,USV_32,0.04899999999999949,,,None,,,,,0.01937185414135456,0.018426804315476192,12273.127808576539,14978.377850402027,0.000187258019455611,26263.39285714286,22073.978719160827,2.0641538260575225,2.5699480507467225,5.209117708790741,16.03812803242374,10.06564942324605,13.077939992560026,57.37574538794297
44.572,44.659,USV_33,0.08699999999999619,,,None,,,,,0.030513368546962738,0.03156389508928571,11057.891642949271,11350.84868539993,9.814231708278154e-05,21117.85714285714,15830.952864011517,2.3096580491733065,2.8699370752929445,4.9000934712813375,14.039921970775493,11.899358732703194,16.02499243119657,65.09412230851565
45.011,45.09,USV_34,0.07900000000000063,,,None,,,,,0.033472940325737,0.01084136962890625,8618.411852362151,12502.32796745127,1.3246499413368011e-05,22198.2421875,27165.154045029994,2.585148085572733,2.6879697360853014,5.276590751216217,17.647273176358787,10.814278736169534,16.35566205393625,59.80568330041541
47.333,47.382,USV_35,0.04899999999999949,,,None,,,,,0.08786420524120331,0.007033575148809524,7478.58426432913,13709.458868951895,0.00016046979621350403,17928.571428571428,27194.398044241647,3.707661415038739,2.0118217687977062,4.4502189055325605,22.360225263496744,10.350362432104694,14.206803120853378,52.52369802670112
47.451,47.581,USV_36,0.13000000000000256,,,None,,,,,0.03167673945426941,0.031154258578431373,10962.851198320463,11258.835138668557,3.845458500469006e-05,22555.147058823528,15480.416129785151,2.835723589528761,3.2052845758275663,5.457377357354347,18.000476924992633,10.84595792875186,17.54862380425698,65.86262193611365
53.837,53.914,USV_37,0.07699999999999818,,,None,,,,,0.011779830791056156,0.024272303427419355,15411.663375998922,15360.55080551213,0.00010099897045048576,31639.112903225807,28492.24002264989,2.937069055071813,4.928661613594775,5.511890124570123,16.550913525735684,10.529946568935095,16.140802233313238,58.72729008202187
57.778999999999996,57.9,USV_38,0.12100000000000222,,,None,,,,,0.010730665177106857,0.03790283203125,14778.995645230685,13007.850727469908,2.048117115931298e-05,28539.0625,17449.493915271156,2.2548909772237034,2.8136474472854807,5.802748672435688,17.960789604326628,11.14618325529239,15.089491166684207,63.37755199160185
58.292,58.400999999999996,USV_39,0.10899999999999466,,,None,,,,,0.015487637370824814,0.0361328125,14418.18085669714,12735.815034633271,2.4663750530739006e-05,27898.25581395349,16533.21338862322,2.7445272979959174,4.321411527686445,4.743035465490663,18.332652509243328,11.708132026016022,14.922434529703656,62.54480006981264
62.412,62.53,USV_40,0.1180000000000021,,,None,,,,,0.014096789993345737,0.0253179022606383,12750.02755519685,13573.138220780256,4.4442943877198364e-05,27740.02659574468,16931.220492756787,2.8962825311784397,2.8252009701281895,5.8168588041038145,14.319207112599594,10.950114270778892,16.117146943458383,62.12146908771511
64.874,64.998,USV_41,0.12400000000000944,,,None,,,,,0.02338346466422081,0.019087810905612245,11174.274129598865,13491.736331450893,0.00016016936862081263,25084.821428571428,22134.268745083205,2.8438471121932047,2.9988005265459377,5.058596279905297,15.803951536376601,10.321615676466752,17.87650418721484,61.20906139044292
65.65,65.733,USV_42,0.08299999999999841,,,None,,,,,0.03172234818339348,0.013146602746212122,9609.469048352297,12754.475855792354,0.00011283690835195976,21934.659090909092,22956.701891723074,3.4454754613361263,2.4159962754652233,8.387518118441978,18.52066196654479,10.74272853362041,16.47561221449512,61.18219230659836
66.568,66.702,USV_43,0.13400000000000034,,,None,,,,,0.010290543548762798,0.025473540683962265,13988.013459814796,13758.938960103045,0.00015072422220358095,28500.0,18077.827181429417,2.56689665365323,3.874727476510807,6.110812776054415,15.550539619448285,10.50845680289305,14.718312955178133,61.406718400453144
69.095,69.203,USV_44,0.10800000000000409,,,None,,,,,0.029201565310359,0.019519894622093022,9152.617306956003,10860.977516733386,2.197670753463076e-05,20812.5,20840.294394162447,2.72663524497805,1.6767152145495872,5.457380031456491,17.04923396886955,12.968587100237066,14.314229854955236,64.30226368163443
70.80799999999999,70.834,USV_45,0.02600000000001046,,,None,,,,,0.008019009605050087,0.02008056640625,16304.489012181979,17012.17037509692,0.00043442668799887344,30820.3125,21449.050147188536,2.3035695374584324,2.5005907036366595,5.206589718564555,16.416547430615573,10.246697380200873,15.332007476888277,52.25068004547003
75.05,75.116,USV_46,0.0660000000000025,,,None,,,,,0.013426573947072029,0.03298611111111111,12812.777340569008,12933.863470088303,7.431448988957192e-05,25885.416666666668,16708.11817549343,2.1607951624532586,4.481295661499155,4.1431927569087295,15.325105635787201,12.664601899730693,17.352858808214588,61.61536148639933
77.118,77.187,USV_47,0.06900000000000261,1.0,106.86919999999999,True,76.4337,183.3029,0.6842999999999932,-106.1849,0.01100879441946745,0.03753662109375,14429.207159935188,12796.656958193476,0.00014241197186256962,27023.4375,15537.532205643745,3.3596269810379646,4.346621388243266,5.962699071400939,16.291654275254505,11.384510095556497,14.278886533637332,61.56943001009709
78.028,78.068,USV_48,0.03999999999999204,1.0,106.86919999999999,True,76.4337,183.3029,1.594300000000004,-105.27489999999999,0.007821725681424141,0.027042164522058824,16659.526395010736,15523.504703448603,0.0006191833070472237,32597.426470588234,20575.65899987813,3.042146175376911,1.6310437201500998,5.112973597035807,15.730145032511052,12.33456721404905,15.711258032707727,56.26324636747074
81.926,81.954,USV_49,0.027999999999991587,1.0,106.86919999999999,True,76.4337,183.3029,5.4923,-101.37689999999999,0.0094078304246068,0.027193509615384616,15111.717943214342,17733.456841353534,0.0006894892037654722,30338.94230769231,22969.134510760938,3.2307290421312707,4.660197854686445,5.325267631865976,12.839910384765902,9.788854153291776,16.147334936185416,49.127383879803205
82.451,82.475,USV_50,0.02400000000000091,1.0,106.86919999999999,True,76.4337,183.3029,6.017299999999992,-100.8519,0.010823950171470642,0.010209517045454546,14475.194915199363,18179.651532028885,0.00028872480465801364,30545.454545454544,22747.411060797396,1.9140334606250207,4.004450863480443,7.629905742678845,13.479328916902967,10.911428113507311,14.256094751056738,49.42842261248511
82.757,82.807,USV_51,0.04999999999999716,1.0,106.86919999999999,True,76.4337,183.3029,6.323300000000003,-100.54589999999999,0.009449586272239685,0.05242047991071429,16541.775159862067,13942.849995367575,0.00011512747384098534,28866.071428571428,15262.507845264787,2.544980427874212,4.135463618407019,5.334099839823911,11.748295476898118,12.382378177425377,14.617201205142438,60.91331463175629
82.857,82.907,USV_52,0.04999999999999716,1.0,106.86919999999999,True,76.4337,183.3029,6.423299999999998,-100.4459,0.008175796829164028,0.05197870163690476,16353.26928528709,13596.509021528715,0.00010114243192937768,28495.535714285714,22288.74372834417,2.288764843010515,2.329633582558906,5.868643330017709,14.092049613842127,11.989061966465131,17.45191040539865,60.2363192254505
83.083,83.101,USV_53,0.018000000000000682,1.0,106.86919999999999,True,76.4337,183.3029,6.649299999999997,-100.2199,0.008927252143621445,0.03285047743055555,17117.72471112383,19096.528063119087,0.0007806829147705401,32989.583333333336,17652.68051330564,2.4576389007903034,2.8564259729782644,4.788402089641891,14.569022529565295,9.786641478903126,13.291460003931073,47.402362817970314
83.212,83.309,USV_54,0.0969999999999942,1.0,106.86919999999999,True,76.4337,183.3029,6.7783000000000015,-100.09089999999999,0.009888301603496075,0.040452223557692304,16232.767126529961,13227.914123938494,6.74601844557953e-05,28459.134615384617,18878.420640536886,3.1754097862917243,5.063993469324168,4.671919474312196,16.645576717373704,10.178774239010053,16.69094913312577,64.56030163715074
83.58500000000001,83.688,USV_55,0.10299999999999443,1.0,106.86919999999999,True,76.4337,183.3029,7.151300000000006,-99.71789999999999,0.011457174085080624,0.036156631097560975,15681.803623589736,13262.041369147433,5.695973297592552e-05,28392.530487804877,18235.013160238268,2.676225399272268,5.950944630422395,4.961967151050485,15.52417541045956,10.51147203491457,16.86374732279719,62.08860881999119
83.998,84.007,USV_56,0.009000000000000341,1.0,106.86919999999999,True,76.4337,183.3029,7.564300000000003,-99.30489999999999,0.009905201382935047,0.018107096354166668,16961.57268253506,19247.490886774318,0.0003722231427811256,30593.75,22760.34200994183,1.6836453137998406,3.784373507634489,8.039142959610624,14.26106153345328,9.595707090246036,13.74651907552674,38.87670517567489
84.189,84.22,USV_57,0.03100000000000591,1.0,106.86919999999999,True,76.4337,183.3029,7.755299999999991,-99.1139,0.010913601145148277,0.019008091517857144,15933.295504833002,16723.302812263104,0.00011780364494085426,31064.73214285714,21917.263570573097,2.449857158749547,3.968627908224287,3.826582576965361,14.832745769003912,9.098907234416197,14.90056531308215,52.45047203355485
84.497,84.507,USV_58,0.010000000000005116,1.0,106.86919999999999,True,76.4337,183.3029,8.063299999999998,-98.8059,0.010371058247983456,0.016276041666666668,18816.570082460312,21102.205861033774,0.00044062130394750734,30906.25,24929.44874649617,2.2757118097249553,3.380276142477069,3.8882385804969,11.105326354634833,11.259034678668863,12.702355369456109,38.54375557153494
84.731,84.769,USV_59,0.038000000000010914,1.0,106.86919999999999,True,76.4337,183.3029,8.297299999999993,-98.5719,0.010815342888236046,0.031293083639705885,17052.753556434072,16136.301887728754,0.00035880230828510526,31257.352941176472,22201.674166066186,2.107906051675546,3.1901836701741306,6.556678546667175,14.92103499864459,10.28427155096961,14.90938970532673,55.44417693109843
85.319,85.39,USV_60,0.07099999999999795,1.0,106.86919999999999,True,76.4337,183.3029,8.8853,-97.98389999999999,0.010406184010207653,0.02017948545258621,15809.15539425045,14859.419895328234,7.984372175829027e-05,30523.706896551725,25469.819188180605,2.6700653264180634,3.8883157966275004,5.671374813612591,15.88171107406299,11.308243547764615,14.697448030326566,58.91141344416247
85.545,85.564,USV_61,0.018999999999991246,1.0,106.86919999999999,True,76.4337,183.3029,9.1113,-97.75789999999999,0.004717352334409952,0.0498046875,19194.305386972348,14162.225425021628,6.838420512065678e-05,32791.666666666664,26964.013021308925,3.5513745966184147,4.470487236316794,6.085590503723374,12.456209709239447,9.894014616860348,14.31085488217581,56.8527872787601
85.607,85.731,USV_62,0.12399999999999523,1.0,106.86919999999999,True,76.4337,183.3029,9.173299999999998,-97.6959,0.011296918615698814,0.026696029974489797,13321.508370724903,13350.476523561316,7.675357925380976e-05,26963.647959183672,19977.5664939649,2.560633802102356,4.15061187243853,5.892337109764522,13.525348621446497,11.257674605589543,15.071956654191165,62.50161397052017
86.06,86.074,USV_63,0.013999999999995794,1.0,106.86919999999999,True,76.4337,183.3029,9.6263,-97.24289999999999,0.010713666677474976,0.01800537109375,17429.80065363417,22154.868416402474,0.0010480936136047178,32601.5625,14892.211957050886,2.59879155018068,4.277250756366959,4.284818399895059,8.032002269298593,9.073062255687002,12.860839300068026,42.855848795325485
87.485,87.573,USV_64,0.08799999999999386,1.0,106.86919999999999,True,76.4337,183.3029,11.051299999999998,-95.8179,0.014244009740650654,0.08236607142857143,20243.051319877613,13682.315090781958,1.0391894259964057e-05,33744.642857142855,27165.30464428187,2.440270722289995,5.918264352177151,5.42288406626071,16.114740593680906,10.974086259285729,15.65032865084161,63.40078465663008
88.2,88.224,USV_65,0.02400000000000091,1.0,106.86919999999999,True,76.4337,183.3029,11.766300000000001,-95.10289999999999,0.010667968541383743,0.02385919744318182,15501.93331605069,16394.433517443485,0.00017173737662181605,29769.886363636364,18694.44738067702,1.9956969823149555,5.122109771595018,5.940713399558041,15.491130226098237,11.026517283350959,14.490343024039403,54.035299239137935
88.281,88.311,USV_66,0.030000000000001137,1.0,106.86919999999999,True,76.4337,183.3029,11.847300000000004,-95.02189999999999,0.008975391276180744,0.03550502232142857,17544.54516612397,16917.885933178222,0.0007641015963828747,30870.535714285714,21083.583238199037,2.223420079195527,5.069273419800865,5.847103761223474,13.114491641120225,10.607677700922105,13.687929636399478,54.24363850521602
88.497,88.542,USV_67,0.045000000000001705,1.0,106.86919999999999,True,76.4337,183.3029,12.063299999999998,-94.8059,0.015134403482079506,0.07100637335526316,21449.055833081744,14730.850600415302,0.0004935600132174835,34726.97368421053,27771.685092215248,2.2225272682205044,4.838807209239638,5.839833178729112,16.431413593994332,9.610071553339862,15.868500809161201,60.86198430587274
88.783,88.829,USV_68,0.04599999999999227,1.0,106.86919999999999,True,76.4337,183.3029,12.3493,-94.51989999999999,0.009348563849925995,0.02879638671875,15627.38547017532,15050.83123583932,7.545957669376747e-05,30229.6875,20878.33737382685,2.5435288120263744,4.5139598568707955,4.450011615593656,15.993887551540016,11.137668324880174,14.766625545611689,57.385328761236984
89.105,89.186,USV_69,0.08100000000000307,1.0,106.86919999999999,True,76.4337,183.3029,12.671300000000002,-94.19789999999999,0.009445159696042538,0.031494140625,15618.589822517162,13832.904641334097,5.1104692601088356e-05,30298.295454545456,19510.422540871958,2.664755748794431,4.714234272385701,5.717652827830946,17.097425918470673,10.654619000964145,13.916307984716845,61.99649522181702
89.354,89.385,USV_70,0.03100000000000591,1.0,106.86919999999999,True,76.4337,183.3029,12.920299999999997,-93.9489,0.009932137094438076,0.04799107142857143,16906.834217870488,17060.165899580552,0.000418935532623539,29337.053571428572,25698.724797008796,3.1168433983084287,5.393045168330369,4.641166430838136,15.544564859856298,9.379092276007727,15.957494017956185,54.93793794628987
89.944,89.998,USV_71,0.054000000000002046,1.0,106.86919999999999,True,76.4337,183.3029,13.5103,-93.35889999999999,0.009756617248058319,0.027046535326086956,15041.682796756968,16533.204688072743,0.0005577963400282949,30570.652173913044,16362.555780793646,2.074926110770879,2.0896433955904863,5.285256087650237,15.397594757646212,10.488244405246757,16.02783106545996,57.15360182896009
90.147,90.229,USV_72,0.08199999999999363,1.0,106.86919999999999,True,76.4337,183.3029,13.713300000000004,-93.15589999999999,0.010717117227613926,0.039676550662878785,14485.283160334477,14535.519673237663,0.00014201301680466058,28707.386363636364,21237.88903599752,3.3193171687958247,3.891518952049569,5.8429447154106535,18.549013127028335,10.500013859940255,14.599596911582488,60.67718943640512
90.344,90.406,USV_73,0.06200000000001182,1.0,106.86919999999999,True,76.4337,183.3029,13.910299999999992,-92.9589,0.009820371866226196,0.02100548377403846,14053.322294575368,15212.108187998192,5.4159916193115286e-05,30115.384615384617,20072.117948199604,3.52181957467468,4.175414173567398,6.263793015412729,16.60844697638967,9.826856276660449,15.548144165084166,57.258025142007035
90.68,90.689,USV_74,0.00899999999998613,1.0,106.86919999999999,True,76.4337,183.3029,14.246300000000005,-92.62289999999999,0.007949219085276127,0.021809895833333332,20152.94631001835,23969.067951919405,0.0009089262505775681,35484.375,25659.592810677743,2.760478551084953,6.796597818477335,4.286825550560924,13.205431902024584,11.2700644169977,12.873773604415327,36.17799781521774
90.995,91.011,USV_75,0.015999999999991132,1.0,106.86919999999999,True,76.4337,183.3029,14.561300000000003,-92.30789999999999,0.009535323828458786,0.021148681640625,17501.745299909147,17895.74478127018,0.00047840588728959477,31558.59375,19847.345099820875,2.464903751989594,4.627746036702224,5.345323131958627,13.33202108804837,9.509818717444654,15.953299883878081,46.39378717995579
91.129,91.216,USV_76,0.08699999999998909,1.0,106.86919999999999,True,76.4337,183.3029,14.695300000000003,-92.17389999999999,0.01031123474240303,0.031201171875,17350.92842146163,14133.53205810283,0.00011313069891896595,31601.785714285714,18109.640958989192,2.9036717542551362,5.062294032517722,4.800583096213664,17.58278534133985,10.751393139844383,15.077438628510698,61.92744895066904
91.391,91.425,USV_77,0.033999999999991815,1.0,106.86919999999999,True,76.4337,183.3029,14.957300000000004,-91.91189999999999,0.009211738593876362,0.03356119791666667,16343.634268486649,15584.588637399518,0.0002895416648783487,30612.5,17038.83313894469,2.5954591184327183,5.552490258805648,6.092495300314871,16.977030938265962,10.480727276473795,14.11742936479195,56.26240531524622
91.574,91.636,USV_78,0.06199999999999761,1.0,106.86919999999999,True,76.4337,183.3029,15.140299999999996,-91.7289,0.009415455162525177,0.052950345552884616,16987.001130545425,15972.31008441466,0.0002579282513748548,32805.28846153846,18850.918601167985,2.9821498736753154,5.1242439992196145,5.581134901289445,15.698422609013651,11.516892940175582,13.636692965902464,60.05100819972043
92.276,92.29,USV_79,0.014000000000010004,1.0,106.86919999999999,True,76.4337,183.3029,15.842299999999994,-91.0269,0.00858622882515192,0.019866943359375,20208.327517727925,20117.196581928816,0.00039988696092608617,34347.65625,27597.109412814123,2.0846630507704225,6.13801208773763,3.827768523695871,12.9943188280556,10.168860666483216,12.247890455250946,44.73474179940816
92.406,92.485,USV_80,0.07899999999999352,1.0,106.86919999999999,True,76.4337,183.3029,15.972300000000004,-90.89689999999999,0.01147141307592392,0.01998138427734375,16001.668625766644,14360.142457855609,7.465642173128676e-05,30723.6328125,25180.15534922285,2.0739388963667653,4.659584102452733,5.976617179575086,14.67527120261636,13.495556571091525,15.17643759809047,59.892673482690256
92.596,92.673,USV_81,0.07699999999999818,1.0,106.86919999999999,True,76.4337,183.3029,16.162300000000002,-90.70689999999999,0.00909233558923006,0.030210433467741934,16595.699724064856,15387.796731871598,0.00011940519959451896,31732.862903225807,19568.46839187595,2.6642584692682267,4.362795162745524,5.536669210427632,15.530343976965604,11.028342428454113,14.770641001971981,59.037008402913955
93.388,93.418,USV_82,0.030000000000001137,1.0,106.86919999999999,True,76.4337,183.3029,16.954300000000003,-89.91489999999999,0.008998928591609001,0.023489815848214284,16261.659190068032,16425.065501003333,0.0005043607373102176,29732.14285714286,20270.846888853528,2.682507118360797,4.451398352370852,4.345894922860816,15.422035182671904,10.178209466859874,14.934823346082698,53.71514792888143
93.69200000000001,93.798,USV_83,0.10599999999999454,1.0,106.86919999999999,True,76.4337,183.3029,17.258300000000006,-89.61089999999999,0.011144382879137993,0.040538969494047616,14103.03514494497,13135.761089128553,7.952354492963048e-05,26993.303571428572,21932.01382769781,2.4709196078405378,4.452805482001946,4.85797118966061,12.388601648366258,11.876806325223914,15.149063630598794,63.34956635291054
96.252,96.29,USV_84,0.038000000000010914,1.0,106.86919999999999,True,76.4337,183.3029,19.818299999999994,-87.0509,0.011796754784882069,0.024069393382352942,16026.49758845152,15325.052238589284,0.00025721248212949663,29272.058823529413,23580.03868037808,2.0691834280615033,2.8211753397872372,4.6493552220889764,14.463671640611635,12.129330438248118,16.09957465059768,56.29683154248669
96.379,96.421,USV_85,0.04200000000000159,1.0,106.86919999999999,True,76.4337,183.3029,19.945300000000003,-86.92389999999999,0.009263087064027786,0.03868272569444445,16297.952156328234,12853.614491936038,2.373741043523279e-05,28770.833333333332,24576.17152987886,3.2481590348955516,3.979695662120349,4.835813437562404,16.62829613579534,11.030218143912359,16.968345476812193,61.86645269803307
98.479,98.534,USV_86,0.05500000000000682,1.0,106.86919999999999,True,76.4337,183.3029,22.045299999999997,-84.8239,0.010103359818458557,0.040495499320652176,16273.335938442862,15263.717227897472,0.00013085812605837216,29400.815217391304,19065.316914585066,2.2587066203630384,6.123381538974532,4.484516793346339,14.606469924232956,9.482435159158818,16.691667385667238,58.33937256445686
100.131,100.192,USV_87,0.06099999999999284,1.0,106.86919999999999,True,76.4337,183.3029,23.6973,-83.1719,0.008887472562491894,0.056376953125,17666.47400202205,13076.931119284662,0.00017155487154932263,30011.25,17816.271048498325,2.9544983432642455,4.116378663038102,5.255732940998239,14.935562283180731,11.507819182896268,15.549981662218892,62.45596345443675
101.643,101.665,USV_88,0.02200000000000557,1.0,106.86919999999999,True,76.4337,183.3029,25.2093,-81.6599,0.00901006069034338,0.020485617897727272,15783.80325888382,16497.824221197938,0.0002511083562300469,30332.386363636364,22124.49644200099,2.7097947851532154,7.2192298378625175,4.711576419647132,14.799989877493674,9.815073543576867,13.661001454244229,51.093475282009464
105.083,105.182,USV_89,0.09900000000000375,1.0,106.86919999999999,True,76.4337,183.3029,28.649299999999997,-78.2199,0.009778745472431183,0.025994873046875,17934.497641108195,14935.179984007424,0.00011052144998341908,32692.96875,25964.122639500005,2.1655956294374272,5.575118374680156,5.33675859717945,15.732414813374831,10.705535998931396,14.660702203861698,60.62057006596747
106.083,106.11,USV_90,0.027000000000001023,1.0,106.86919999999999,True,76.4337,183.3029,29.649299999999997,-77.2199,0.007882535457611084,0.014629657451923076,16498.74361909063,18183.982434373575,0.0010939806803515893,32379.80769230769,18481.12140974634,2.312832581397096,3.5240381855581124,5.5552491624787965,13.925896619594909,11.02086068806439,14.1638993117055,50.086965931260515
108.437,108.451,USV_91,0.013999999999995794,1.0,106.86919999999999,True,76.4337,183.3029,32.003299999999996,-74.8659,0.01322962250560522,0.0172119140625,18125.64407947035,20315.466037701153,0.0004245712859083302,31429.6875,22336.53875970214,2.2296341762297045,4.4873642489613825,5.363854939052661,14.416597570545877,9.485159843429212,12.251832781162163,44.34958229240385
109.127,109.175,USV_92,0.04800000000000182,1.0,106.86919999999999,True,76.4337,183.3029,32.693299999999994,-74.1759,0.009329845197498798,0.03021240234375,16076.2517996688,16412.913178011037,0.00030454070151730617,30885.9375,23483.30686945134,2.3548065668569502,3.8379563845916946,5.302962364065023,18.161050264243663,11.446131597930652,13.646620669525433,55.154494806498164
109.337,109.365,USV_93,0.027999999999991587,1.0,106.86919999999999,True,76.4337,183.3029,32.9033,-73.96589999999999,0.010434300638735294,0.057016225961538464,17831.71811903837,17097.010485514817,0.0001358536172433279,29278.846153846152,24730.409356874283,1.2573343897855749,3.434214494122137,4.865958766545696,13.048823557105818,10.273043900149775,14.189643482434214,55.13959722460152
109.78,109.818,USV_94,0.0379999999999967,1.0,106.86919999999999,True,76.4337,183.3029,33.3463,-73.52289999999999,0.010259173810482025,0.03552964154411765,15287.604731674515,15835.162931877654,0.0001807459575545463,30055.147058823528,18203.349299683035,2.1969079139890484,4.340071573005257,5.681082237452313,15.792050006336451,10.740534346670009,14.021910213715726,55.53977953882478
110.203,110.228,USV_95,0.024999999999991473,1.0,106.86919999999999,True,76.4337,183.3029,33.7693,-73.09989999999999,0.007977482862770557,0.056416829427083336,18981.15892111933,17059.741002369723,0.0006024943660264096,30835.9375,25991.136861838477,2.016147717819368,3.7935028850032526,5.381316596923565,15.453388256792573,11.106595590781986,12.745194573158855,54.399307695048456
110.634,110.675,USV_96,0.04099999999999682,1.0,106.86919999999999,True,76.4337,183.3029,34.2003,-72.6689,0.011702923104166985,0.025607638888888888,15999.686008091712,15441.857636007871,3.986756207655597e-05,29682.291666666668,22799.60976140817,2.1805034238548764,5.333507094952835,5.765456147403983,17.875977214015585,9.80394246839192,14.710449456808808,56.36629435504215
110.794,110.817,USV_97,0.022999999999996135,1.0,106.86919999999999,True,76.4337,183.3029,34.360299999999995,-72.5089,0.007616416085511446,0.04305752840909091,18500.52717424328,18536.551201660288,0.0004600807455671255,31755.68181818182,23891.90029141961,1.8387628471889799,3.5619987287099533,5.024330369972731,12.308742492277572,11.525441406839246,12.357671979610473,50.967640922825645
110.958,111.005,USV_98,0.046999999999997044,1.0,106.86919999999999,True,76.4337,183.3029,34.5243,-72.3449,0.009076659567654133,0.0380126953125,18284.215766243888,15230.179715587501,0.00030905102018561443,32540.625,18811.835975808484,2.9803696344163395,3.9087708248347774,5.316472489974706,15.815991523157251,10.963907929093569,12.932367928142298,58.61777971757306
111.297,111.328,USV_99,0.03100000000000591,1.0,106.86919999999999,True,76.4337,183.3029,34.863299999999995,-72.0059,0.009163012728095055,0.03383091517857143,17023.75717796539,16682.039625367273,0.0003935816905242996,31473.214285714286,21259.108385200863,1.127966209097869,4.731470795051698,4.974291910317082,14.422128246166631,9.400194464351344,12.633837911486836,53.77283506802024
116.068,116.08,USV_100,0.012000000000000455,1.0,106.86919999999999,True,76.4337,183.3029,39.634299999999996,-67.2349,0.009802925400435925,0.021135602678571428,16923.74376092484,19542.671086473772,0.000321899051040889,30656.25,24923.05792090054,2.022453990549531,5.680989977133,7.657657281098303,11.71866629345439,10.016290986300927,16.672629562197027,42.69847949093738
116.375,116.394,USV_101,0.019000000000005457,1.0,106.86919999999999,True,76.4337,183.3029,39.9413,-66.9279,0.00795828178524971,0.0375732421875,18304.747983164318,18312.165562755974,0.0002042339270543853,32259.375,27204.49788213714,1.5525604577834469,3.341124587001503,6.427511737423219,12.462735860317046,10.583726919114179,13.36270324122945,49.48441692070772
117.363,117.407,USV_102,0.04399999999999693,1.0,106.86919999999999,True,76.4337,183.3029,40.9293,-65.9399,0.00796231534332037,0.04364977384868421,16606.261339258705,15745.711979632708,0.00030639142123525646,31840.46052631579,20159.483856161725,2.1649246492862706,4.360010814876527,4.965424536781528,17.792535501572637,12.414621720025524,14.740828973509307,56.618846067928644
117.81700000000001,117.834,USV_103,0.016999999999995907,1.0,106.86919999999999,True,76.4337,183.3029,41.383300000000006,-65.48589999999999,0.009278190322220325,0.015977647569444444,17628.24340709544,22198.501032536995,0.001702273924390143,33750.0,20041.416235940695,2.889357704672273,3.4616892140777944,4.891519629511212,13.804916205273638,10.472643643692543,14.039207416129798,45.01103645983925
118.235,118.285,USV_104,0.04999999999999716,1.0,106.86919999999999,True,76.4337,183.3029,41.8013,-65.0679,0.010042774491012096,0.025785900297619048,15916.668003563442,16079.567607338086,0.00015186959383687546,31093.75,18818.106234710973,1.808351469795961,4.577272114625045,4.561431546285061,17.3835024149217,11.939832710622893,14.746488872386752,56.267698219309814
118.449,118.516,USV_105,0.06700000000000728,1.0,106.86919999999999,True,76.4337,183.3029,42.015299999999996,-64.8539,0.010924607515335083,0.025059291294642856,15681.060994230693,14886.281757951077,0.0001336901812075771,30043.526785714286,19022.553590166262,2.394054928359522,5.616863645327162,5.061779724697578,16.552781362247547,11.941041917503513,15.006653471675262,59.83068305390434
120.16,120.189,USV_106,0.028999999999996362,1.0,106.86919999999999,True,76.4337,183.3029,43.726299999999995,-63.1429,0.008317379280924797,0.05003004807692308,18396.378265043015,13597.213686079564,1.5779482420969196e-05,32019.23076923077,23471.78593342797,2.1706256774302704,5.861746412384824,4.3666256644162305,15.20642726852652,9.935510644085289,13.765674128785367,57.63248824103964
121.554,121.564,USV_107,0.009999999999990905,1.0,106.86919999999999,True,76.4337,183.3029,45.1203,-61.74889999999999,0.009538724087178707,0.034261067708333336,19102.15308140588,18559.62997277181,0.0003218786609361693,31421.875,15068.455587291499,3.5945356747963797,6.624365351573577,3.8230967605612567,11.682548607138893,8.639938875871714,12.799550476623743,41.66547379049256
122.127,122.154,USV_108,0.027000000000001023,1.0,106.86919999999999,True,76.4337,183.3029,45.693299999999994,-61.1759,0.0067689246498048306,0.038179837740384616,18325.586407879237,17963.964736132235,0.0003188566951999532,33865.38461538462,20650.833277751342,2.4510245855605843,3.9579600782691227,4.987272650413187,14.169743175365186,11.38078850497614,14.245189668135186,52.29960827347409
122.664,122.677,USV_109,0.01300000000000523,1.0,106.86919999999999,True,76.4337,183.3029,46.2303,-60.63889999999999,0.007868858054280281,0.04164341517857143,19098.94028023488,21696.55879224729,0.0005937378308305169,36160.71428571428,28092.857774075117,2.5385713665501837,3.812568419311652,4.687779225013898,14.33002331289885,9.125043136466958,14.818120386442246,42.31435956342881
124.095,124.12,USV_110,0.025000000000005684,1.0,106.86919999999999,True,76.4337,183.3029,47.6613,-59.207899999999995,0.00926777720451355,0.02935791015625,16373.041956095483,17847.893152918867,0.0004730226019024418,32437.5,22729.586699344232,1.6941542750310923,5.456932625888238,4.9572089348858395,14.652296843147658,9.648525049921329,12.910166365444631,51.98156186795686
124.997,125.017,USV_111,0.01999999999999602,1.0,106.86919999999999,True,76.4337,183.3029,48.5633,-58.305899999999994,0.011800531297922134,0.0171630859375,15499.66809523438,14972.69563039958,4.610323276735674e-05,29512.5,22556.73242184759,2.216354514014326,3.849556943029561,6.7346148681427325,16.363162480485535,9.108337130566731,14.198353305476633,52.14452654894005
127.538,127.557,USV_112,0.019000000000005457,1.0,106.86919999999999,True,76.4337,183.3029,51.104299999999995,-55.7649,0.009124703705310822,0.018310546875,17264.182632201613,20403.504065077384,0.00035342523832856715,31987.5,27763.01666873059,2.5884183671982846,2.2804857132314496,5.370790985322829,11.740054976576534,10.801158408935958,14.464838616490889,46.87099493764612
127.773,127.827,USV_113,0.054000000000002046,1.0,106.86919999999999,True,76.4337,183.3029,51.339299999999994,-55.5299,0.01442291121929884,0.07482379415760869,22440.520892728106,16248.9124201378,0.00035719834630858536,35645.38043478261,30965.588460038478,2.9143950551205906,4.042232873806894,5.66567130934425,15.008981543109433,11.087737413167824,13.889711647797363,60.474611523015504
128.019,128.045,USV_114,0.025999999999982037,1.0,106.86919999999999,True,76.4337,183.3029,51.585300000000004,-55.28389999999999,0.0103207528591156,0.031087239583333332,16184.192386508228,16057.951171296038,0.00017616354704553137,31671.875,20321.341417862215,1.3560777036116134,5.3892940085067975,5.675748350785054,13.613831827794856,10.437674002017424,12.828889921457218,54.506057065293966
129.068,129.093,USV_115,0.024999999999977263,1.0,106.86919999999999,True,76.4337,183.3029,52.63430000000001,-54.23489999999998,0.007651373744010925,0.03631591796875,18246.402184740957,16536.491836566547,0.0004957130429593938,31406.25,20130.01472230377,2.5136319257754454,5.286932044417308,3.64267683910273,16.005833910844142,10.021993282258,12.403771549446136,52.98242852204873
130.552,130.592,USV_116,0.040000000000020464,1.0,106.86919999999999,True,76.4337,183.3029,54.11829999999999,-52.7509,0.00913223810493946,0.07842658547794118,18944.43863739687,13016.938046201936,5.937165781318146e-05,30319.852941176472,27061.225150175498,2.4081063526269837,3.2979865361072833,5.388348645702566,18.07514858974141,11.682081010693905,14.296472739472067,62.03647008878131
130.681,130.727,USV_117,0.04599999999999227,1.0,106.86919999999999,True,76.4337,183.3029,54.24730000000001,-52.62189999999998,0.011302509345114231,0.06697998046875,19958.187549434177,16511.728392205587,0.0004918089122233843,31973.4375,26627.5861628932,2.117127955955889,5.078471971649907,4.064661574782944,14.817486211826804,9.79782279526793,15.425886324389728,59.220183007107416
130.819,130.856,USV_118,0.03700000000000614,1.0,106.86919999999999,True,76.4337,183.3029,54.38529999999999,-52.483900000000006,0.008867781609296799,0.05078125,18579.802744670073,16337.250746425487,0.00024730143958374815,35373.046875,21988.31667150678,2.200833895032191,5.021695996381195,4.782620407851557,15.904702591260422,10.51194248778701,14.020490761480263,56.00008887944607
131.124,131.174,USV_119,0.05000000000001137,1.0,106.86919999999999,True,76.4337,183.3029,54.69029999999999,-52.1789,0.01108963880687952,0.033389136904761904,16093.967883820435,16368.949926590674,0.00047497292376157856,32464.285714285714,19092.745891907674,2.744630347065048,5.423938751493433,5.70660882400962,17.368900101416518,10.08081752057468,14.278604534377482,57.56323869053678
131.541,131.587,USV_120,0.04599999999999227,1.0,106.86919999999999,True,76.4337,183.3029,55.107299999999995,-51.7619,0.009423607960343361,0.04066162109375,16793.450568802866,16155.86245584051,0.00017376328486568877,32981.25,19319.09463444879,2.561566831606717,6.281996235038681,5.089890341818416,14.93257377227217,10.413218043377563,13.77158985136538,55.93808027428405
132.679,132.698,USV_121,0.019000000000005457,1.0,106.86919999999999,True,76.4337,183.3029,56.2453,-50.62389999999999,0.007782204542309046,0.036083984375,17649.536499546208,19608.669535089157,0.0008121980858475991,31996.875,22248.337255449755,2.3251817346781163,4.636912233449506,6.467868809062364,15.56854055818865,9.462034959266326,14.229007520470986,48.69333786909029
133.631,133.653,USV_122,0.02199999999999136,1.0,106.86919999999999,True,76.4337,183.3029,57.1973,-49.671899999999994,0.008197549730539322,0.046941583806818184,17650.096918103085,17122.85172166244,0.0002068011988555835,31048.295454545456,20758.081808296014,2.132100696380532,3.0474958722814462,4.847252874799756,13.835717414882986,9.64069938187385,13.91261057361204,52.08356246950636
134.115,134.224,USV_123,0.10899999999998045,1.0,106.86919999999999,True,76.4337,183.3029,57.68130000000001,-49.187899999999985,0.011041895486414433,0.017084166061046513,14889.484818963945,14365.837687281404,9.648941573003607e-05,29971.656976744187,19934.85434303811,2.5927061420929722,3.5958039725757454,4.727681450147065,16.739993790014502,11.111277258831597,15.75486646776019,60.59296184515147
134.851,134.868,USV_124,0.016999999999995907,1.0,106.86919999999999,True,76.4337,183.3029,58.4173,-48.451899999999995,0.010661337524652481,0.03309461805555555,17068.78093172858,18866.210750203245,0.0006448748338861144,29781.25,25109.208411715717,3.0243952145945445,4.495258911451556,7.26130181841474,14.752222421888986,8.895790851518694,13.87173438041079,48.157171908934345
135.274,135.33,USV_125,0.056000000000011596,1.0,106.86919999999999,True,76.4337,183.3029,58.8403,-48.02889999999999,0.010621899738907814,0.015826681385869564,14525.832282280231,15962.601840401494,0.0001541280490220655,30493.206521739132,22925.647689003963,2.6290201754409295,4.175781998425761,5.589230722065846,16.633475249662236,10.403812600030236,15.3499780622477,56.59291939756819
136.72,136.729,USV_126,0.009000000000014552,1.0,106.86919999999999,True,76.4337,183.3029,60.2863,-46.582899999999995,0.005934668239206076,0.044026692708333336,18939.936798208502,16166.77716789397,0.00021603511593016895,32171.875,17443.584604008014,2.014932916826455,3.2895651232979652,4.789229641825673,14.960242651212385,10.937754242048955,15.580685059713018,43.29136833161104
136.859,136.881,USV_127,0.02199999999999136,1.0,106.86919999999999,True,76.4337,183.3029,60.42530000000001,-46.443899999999985,0.007909925654530525,0.043013139204545456,19754.38530264311,18812.64296687213,0.0007418447423070111,31534.090909090908,26506.0065103401,2.4768111827131825,4.233556875952571,5.107893508671797,12.908631804200526,9.659890402794456,13.08668261830497,51.512580565797634
137.127,137.155,USV_128,0.027999999999991587,1.0,106.86919999999999,True,76.4337,183.3029,60.69330000000001,-46.175899999999984,0.01278168149292469,0.019080528846153848,15159.275899097747,17445.431546395033,0.0001161058908635443,29552.884615384617,23468.31375330156,2.180175209238543,5.001541994024375,4.962616790318693,16.967277151529842,8.886735471603894,14.700599124800398,51.8307134986275
137.483,137.528,USV_129,0.044999999999987494,1.0,106.86919999999999,True,76.4337,183.3029,61.0493,-45.81989999999999,0.011296488344669342,0.01717979029605263,15013.25448810538,15739.782905374599,0.00019841546342008954,30735.197368421053,22773.514345699343,2.683642270736415,4.823804147197575,4.112881008549269,15.536869344537838,11.002991987813923,14.709265383382059,55.94278195161987
138.185,138.204,USV_130,0.019000000000005457,1.0,106.86919999999999,True,76.4337,183.3029,61.7513,-45.11789999999999,0.008724614977836609,0.0300537109375,17254.722732290444,16571.035918807753,0.00011731335072136301,30721.875,27519.137200567657,2.789138188494362,4.445029393087378,4.294255642495214,14.139733711928036,10.069849569510165,13.119051372756463,52.546457687443265
142.202,142.227,USV_131,0.025000000000005684,1.0,106.86919999999999,True,76.4337,183.3029,65.7683,-41.100899999999996,0.007929620333015919,0.020182291666666668,15522.386871053013,16501.610045441877,0.00010157133326987161,31656.25,23214.03343912557,2.041979844111726,3.4603296740992335,6.235921366186068,15.838917298369822,12.296336527473157,17.22221502818465,50.76535877752466
142.623,142.653,USV_132,0.030000000000001137,1.0,106.86919999999999,True,76.4337,183.3029,66.18929999999999,-40.6799,0.00727324141189456,0.029488699776785716,16188.495433607506,16521.30172931863,0.00034719956163421713,32102.678571428572,21500.93356263813,3.9765257130285407,1.5003368967517434,6.388369164277554,14.990359352131446,9.442112264290945,13.981867255358777,53.36596240900934
144.517,144.623,USV_133,0.10599999999999454,1.0,106.86919999999999,True,76.4337,183.3029,68.0833,-38.7859,0.009245127439498901,0.033214750744047616,16041.93087946829,14244.889544920254,3.562024422869273e-05,31060.26785714286,19886.728942210717,2.7350243222290467,5.888048715338466,4.8938876561800635,15.911560297104003,11.370284426570091,13.847557234329734,61.1470795265173
145.656,145.696,USV_134,0.03999999999999204,1.0,106.86919999999999,True,76.4337,183.3029,69.2223,-37.64689999999999,0.007313629612326622,0.03787051930147059,17368.609230604197,17208.40953367883,0.00015839253363907147,32961.39705882353,18916.195577597504,2.2516736496513006,3.6284235626979333,5.084827120057911,15.796948939155296,9.998361292868173,11.566987977391742,55.08517642166868
145.849,145.881,USV_135,0.03200000000001069,1.0,106.86919999999999,True,76.4337,183.3029,69.41529999999999,-37.453900000000004,0.006426319479942322,0.037353515625,17317.26799592581,14851.347288427192,5.093296258821323e-05,31861.60714285714,25330.972628996202,2.3396728452588014,3.734109815726844,6.626785254629214,16.719773991377195,11.071012485746554,15.465951330962302,55.81009276147273
146.109,146.13,USV_136,0.020999999999986585,1.0,106.86919999999999,True,76.4337,183.3029,69.67530000000001,-37.193899999999985,0.009404655545949936,0.0159423828125,15791.379688580511,18590.282196363805,0.0010732190951542083,32531.25,15717.970933164634,2.4969947422118723,5.704130088072318,4.685241826017064,13.326544206553171,11.632988502936243,13.149916342390418,48.67284221344803
146.738,146.747,USV_137,0.009000000000014552,1.0,106.86919999999999,True,76.4337,183.3029,70.3043,-36.564899999999994,0.00787409208714962,0.008219401041666666,18182.292307378313,21326.83486677601,0.0004475838944435675,32078.125,24026.66202162797,2.0538242596032905,3.0541655098557663,4.715564912092018,10.182169793528104,11.075435971733746,12.311363670834632,36.745764644117465
148.257,148.297,USV_138,0.03999999999999204,1.0,106.86919999999999,True,76.4337,183.3029,71.8233,-35.04589999999999,0.009283291175961494,0.015869140625,15303.696763279837,15552.174535602762,0.0001411458978669596,30165.441176470587,19101.335360844383,2.643581306428599,3.1161866808989305,6.039849603085627,16.346568163807927,12.244073257030566,13.862381174035534,57.37915972880307
148.443,148.471,USV_139,0.027999999999991587,1.0,106.86919999999999,True,76.4337,183.3029,72.00930000000001,-34.85989999999998,0.009134126827120781,0.04657451923076923,18991.653766936462,19751.036704648428,0.00042652632391975234,33800.480769230766,24852.307489357398,2.789046322118571,4.8478820471073485,5.712079610438428,14.699291462518111,10.187389238037124,11.705616176107291,50.50775548090435
148.639,148.66,USV_140,0.020999999999986585,1.0,106.86919999999999,True,76.4337,183.3029,72.20530000000001,-34.663899999999984,0.00841474998742342,0.0391357421875,18527.728535999056,18630.993215221773,0.0008702286545611825,32043.75,24279.79825011199,1.911974241709207,3.963302925621356,5.4962843584667915,11.275553007915825,10.452830879116892,14.43889729728159,50.17580093011759
149.22,149.281,USV_141,0.06100000000000705,1.0,106.86919999999999,True,76.4337,183.3029,72.7863,-34.082899999999995,0.009459670633077621,0.023740234375,14962.623275208447,14737.512723966422,1.1366873193442778e-05,30896.25,21714.479545093913,2.6979652014890165,8.561835079546864,6.006916173388159,18.348245868607048,10.872666588119714,14.030013334541763,58.63691198839325
150.418,150.446,USV_142,0.027999999999991587,1.0,106.86919999999999,True,76.4337,183.3029,73.9843,-32.88489999999999,0.010806848295032978,0.045015775240384616,17412.138012523912,18070.60729334111,0.000503342950459575,32783.653846153844,17976.823136010327,1.627358992627254,5.770154662764347,5.121695479358075,13.35319376710668,9.679163388046804,14.316550611401064,53.30351362773668
150.849,150.857,USV_143,0.008000000000009777,1.0,106.86919999999999,True,76.4337,183.3029,74.41529999999999,-32.453900000000004,0.01082424446940422,0.00732421875,14731.530398076013,19313.05743255045,0.00010675663884028083,29700.0,25089.545434508436,2.187587657149092,3.5478257910038464,5.2009002272366445,12.234138281499195,9.564333790438033,13.760882782319367,36.04410911070515
151.016,151.027,USV_144,0.01099999999999568,1.0,106.86919999999999,True,76.4337,183.3029,74.58229999999999,-32.2869,0.010887500829994678,0.019816080729166668,15435.702540974831,17540.123759170732,0.00013970251562870175,30375.0,19371.04594124369,0.7832894582360295,5.1989762702618645,2.2402142138490686,14.04890506360296,10.448049475573011,12.920584375006102,45.227090368040116
151.896,151.942,USV_145,0.04600000000002069,1.0,106.86919999999999,True,76.4337,183.3029,75.46229999999998,-31.406900000000007,0.009229212068021297,0.02291259765625,15587.58520386501,14320.60867198234,4.519720320828231e-05,30379.6875,17579.48969692324,2.420356434417286,3.530072235213062,4.9615200463155045,14.726357393952302,11.197633686451045,15.936044706502923,58.527917664023505
153.341,153.357,USV_146,0.015999999999991132,1.0,106.86919999999999,True,76.4337,183.3029,76.9073,-29.961899999999986,0.010260585695505142,0.01898193359375,17755.738458334145,17710.527252041713,0.00029407339235818343,30503.90625,23430.076544179676,2.202790263658281,5.317442989180113,4.538691093500746,11.747353164310782,10.82199623676194,16.07403280728193,47.70903082518906
153.467,153.505,USV_147,0.03799999999998249,1.0,106.86919999999999,True,76.4337,183.3029,77.03330000000001,-29.83589999999998,0.008363336324691772,0.025132123161764705,16431.25304410545,16084.226662949177,0.00012398564067620543,31257.352941176472,21237.631074937115,2.4439724738458333,5.058704517011652,4.467874523075505,16.75359291407931,10.9080708863503,13.15983862792213,54.793205598336726
155.817,155.88,USV_148,0.06299999999998818,1.0,106.86919999999999,True,76.4337,183.3029,79.3833,-27.485899999999987,0.00776690524071455,0.03028282752403846,16624.214546339543,15319.934487674009,0.0002171388564672763,31629.80769230769,23157.187068119507,2.310871336369356,5.19216645642086,5.32175374718545,15.33859843007346,10.400153667201149,14.237897707992106,58.54875452382279
157.0,157.035,USV_149,0.03499999999999659,1.0,106.86919999999999,True,76.4337,183.3029,80.5663,-26.302899999999994,0.010165299288928509,0.008723958333333334,15584.478216875788,16432.48452334015,0.0002487877733889177,29956.25,21268.82484357962,2.4663692363043475,4.62946047328689,6.780458090571005,15.43726847970462,10.900580823176734,14.17881434554005,55.762970730884646
158.174,158.21,USV_150,0.036000000000001364,1.0,106.86919999999999,True,76.4337,183.3029,81.7403,-25.128899999999987,0.011130271479487419,0.023284912109375,13387.202129680209,14734.239471551778,4.34785910744862e-06,30398.4375,23819.45590868408,2.3515588655563784,6.307046780003947,4.836934699073869,15.372398331775551,10.644907116476142,15.9668579632144,55.58397020427973
158.62,158.638,USV_151,0.018000000000000682,1.0,106.86919999999999,True,76.4337,183.3029,82.1863,-24.68289999999999,0.008605342358350754,0.020263671875,16484.237600420758,18874.296899819663,0.00029943928617648147,31562.5,21231.51697553156,2.891840634869678,6.098880105300597,4.746297301453603,16.953189917454417,11.592794984473535,13.113525233409817,47.13373851503697
159.909,159.948,USV_152,0.03900000000001569,1.0,106.86919999999999,True,76.4337,183.3029,83.47529999999999,-23.393900000000002,0.008164805360138416,0.02737247242647059,16882.57445451047,17400.125847739357,0.00047449401485049095,32652.573529411766,24603.83421849417,1.3115522335361358,5.416184933678236,5.882393115201812,18.067458554390043,11.751754554316411,15.022358832505981,54.03788371951558
160.23,160.294,USV_153,0.06400000000002137,1.0,106.86919999999999,True,76.4337,183.3029,83.79629999999999,-23.072900000000004,0.008070149458944798,0.04361666165865385,17371.8137038842,15240.42359873477,0.0004611111623555754,31918.26923076923,22525.85971159996,2.222196477058386,4.588537621243448,5.344270453084344,17.71102212208124,11.168148594307102,15.114333885441663,57.68576108561156
163.623,163.631,USV_154,0.008000000000009777,1.0,106.86919999999999,True,76.4337,183.3029,87.18929999999999,-19.679900000000004,0.008011193946003914,0.0298828125,18235.144872957077,20428.93605666601,0.0009059823564847569,31031.25,16012.731478383346,2.117136082842138,4.965487061133305,3.1092709933828773,10.28356579728641,10.190309125184935,16.516601495823064,37.181512606887566
166.725,166.75,USV_155,0.025000000000005684,1.0,106.86919999999999,True,76.4337,183.3029,90.29129999999999,-16.5779,0.010637939907610416,0.0087890625,17599.618775906027,18073.68633617151,0.0001548537917143562,32484.375,25961.729002299242,2.6875460452167825,5.115143495715457,6.952501255888158,13.457102697725958,11.68975466601033,14.620830134992895,50.67202378099977
167.537,167.546,USV_156,0.00899999999998613,1.0,106.86919999999999,True,76.4337,183.3029,91.1033,-15.765899999999988,0.007753382902592421,0.0233154296875,18243.306406877244,19832.797571413215,0.000443671387679549,32640.625,21761.332808843614,2.263830774109033,2.633035995825885,4.325818226681075,11.40011406539322,8.256145403710248,14.476773153945205,40.25410687758658
168.153,168.161,USV_157,0.008000000000009777,1.0,106.86919999999999,True,76.4337,183.3029,91.71929999999999,-15.149900000000002,0.0060820202343165874,0.030126953125,16220.386651287665,17343.805463837103,0.00020471043324385695,32043.75,16888.541080763825,1.3202985088659325,2.8998651383643232,4.917011057237907,14.079158411955731,9.672752243930535,13.274845457652884,38.99736905842045
168.568,168.581,USV_158,0.012999999999976808,1.0,106.86919999999999,True,76.4337,183.3029,92.13430000000001,-14.734899999999982,0.006886065471917391,0.041538783482142856,22025.703836619807,20427.669574613996,0.0014150163537239471,35370.53571428572,27232.557176145136,2.2571051084323055,3.3735416065166097,7.407982715415434,14.17830934186667,10.782292308635634,14.076608268784296,43.806639123358416
168.645,168.679,USV_159,0.033999999999991815,1.0,106.86919999999999,True,76.4337,183.3029,92.21130000000001,-14.657899999999984,0.010328585281968117,0.026936848958333332,15892.568273567476,15827.431398448738,6.618817344130386e-05,31131.25,18582.56103555235,2.010232628750652,5.936163353711421,6.6556109719670165,16.02424544228799,10.704359808234434,14.244010431028771,55.70075535627199
168.823,168.845,USV_160,0.02199999999999136,1.0,106.86919999999999,True,76.4337,183.3029,92.3893,-14.479899999999986,0.0065299649722874165,0.03579989346590909,17912.694609709943,17237.596476717783,0.000593628572454619,33119.318181818184,17670.722771365377,1.6972505661295552,5.483736437870155,5.211586371007024,15.975100134688068,11.308081757957394,14.758098132476466,52.668504790722814
169.053,169.076,USV_161,0.022999999999996135,1.0,106.86919999999999,True,76.4337,183.3029,92.6193,-14.249899999999997,0.007573453709483147,0.030983664772727272,16637.609672119863,16772.500245948388,0.00032905216640472033,31900.56818181818,17445.85089921265,1.706483758483744,4.218194746629654,4.973727870839789,15.986052153387277,10.000705835100792,15.223355855253072,51.32597020247808
169.653,169.706,USV_162,0.05299999999999727,1.0,106.86919999999999,True,76.4337,183.3029,93.21929999999999,-13.649900000000002,0.011436548084020615,0.018044211647727272,14168.54615098292,14693.100564616338,3.3102150719819955e-05,28747.159090909092,22814.05165529094,2.7431466721214344,4.800327856317575,5.042701370097145,17.58196275028607,11.278877798845265,14.101640316384184,58.28631099335623
169.776,169.808,USV_163,0.031999999999982265,1.0,106.86919999999999,True,76.4337,183.3029,93.34230000000001,-13.526899999999983,0.009758377447724342,0.0284423828125,18185.564158086625,14748.416645844045,0.00011438793706036852,32296.875,22384.024005166306,2.502531825091775,3.5387166410345,4.74515882462674,15.49500784888774,11.795912666914363,14.47175864982216,56.180559431512144
170.507,170.531,USV_164,0.02400000000000091,1.0,106.86919999999999,True,76.4337,183.3029,94.0733,-12.795899999999989,0.009488184936344624,0.02734375,17435.052953130627,16928.48827386043,0.00010331264123291548,31960.227272727272,23169.900126583772,3.921506165552776,2.890682175405119,4.444602855368838,14.623352431148112,9.154766067044761,14.361699237419026,52.606357061086015
171.352,171.379,USV_165,0.026999999999986812,1.0,106.86919999999999,True,76.4337,183.3029,94.9183,-11.95089999999999,0.009304746054112911,0.049112955729166664,20546.75512838711,17401.9511884452,0.0003437976189225093,35085.9375,29916.56269277811,2.2279047767227884,5.795095991578438,7.0737469602855505,16.21142003435171,9.611967913154134,12.813060374602507,55.406369020530974
171.707,171.724,USV_166,0.016999999999995907,1.0,106.86919999999999,True,76.4337,183.3029,95.27329999999999,-11.5959,0.00955113023519516,0.022379557291666668,17902.819008708288,16833.656931866495,0.00012204101665095849,32083.333333333332,19022.82031480447,2.3785121864882774,2.2724596858917767,4.67283716915621,13.569926256442837,9.798151370077582,14.663387136111965,49.371400305703276
171.801,171.877,USV_167,0.07600000000002183,1.0,106.86919999999999,True,76.4337,183.3029,95.36729999999999,-11.501900000000006,0.013291303999722004,0.04377992691532258,16472.754428970813,14142.73677572291,6.658257587082011e-05,30254.032258064515,19444.23650919154,2.4594973244797615,6.629878584413925,5.520137432538981,17.391411296434427,11.498980607729818,14.589764794527996,60.6705252619523
172.425,172.46,USV_168,0.03499999999999659,1.0,106.86919999999999,True,76.4337,183.3029,95.99130000000001,-10.877899999999983,0.010109183378517628,0.028515625,15680.796311688846,16508.01418498449,0.0001673034495758819,30631.25,24750.570540853885,1.7959749944336285,3.598806179636947,6.882158589926772,17.022371708653058,10.090347933061715,13.45133556157112,55.94438824526977
173.828,173.836,USV_169,0.008000000000009777,1.0,106.86919999999999,True,76.4337,183.3029,97.3943,-9.474899999999991,0.005441478453576565,0.026318359375,19476.10543307248,21723.971056759336,0.0010281061809390962,33243.75,22610.770364078624,2.195090741131586,2.673887243042338,6.722836964635758,10.03412953665033,8.4059474298146,11.893619265410857,34.66619221244476
178.98,178.991,USV_170,0.011000000000024102,1.0,106.86919999999999,True,76.4337,183.3029,102.54629999999999,-4.322900000000004,0.007269156631082296,0.022600446428571428,16407.23272695961,17191.223639554213,0.00013454179691658091,30883.928571428572,22724.264188432455,2.056736602211248,1.939967957502968,5.663594276903334,13.616217669067808,10.953439393668258,15.059028031599622,44.52942684257433
180.289,180.307,USV_171,0.018000000000000682,1.0,106.86919999999999,True,76.4337,183.3029,103.85529999999999,-3.0139000000000067,0.011374963447451591,0.010904947916666666,16364.872662669663,21112.868724903205,0.00044380817125609477,32822.916666666664,25687.34266886352,2.3990132039585976,4.120908676816438,4.186908924641171,15.44340821346228,9.235157587340614,15.651849684367347,46.43486131808833
180.699,180.718,USV_172,0.018999999999977035,1.0,106.86919999999999,True,76.4337,183.3029,104.26530000000001,-2.6038999999999817,0.00768857030197978,0.038492838541666664,16831.984530898826,18039.564324391442,0.0006235573828236068,31458.333333333332,25536.511760750065,2.292972158458032,3.6205793003577664,3.876496910995706,14.157920242898362,9.725205118764864,14.119872955606464,52.377959973341866
181.644,181.66,USV_173,0.015999999999991132,1.0,106.86919999999999,True,76.4337,183.3029,105.2103,-1.6588999999999885,0.009413315914571285,0.025390625,17854.224085655096,21467.887604243842,0.0004132993440467166,32824.21875,24944.46502144117,2.287977974782744,7.560360671892304,5.987942477691236,12.825633292521317,10.634394567219044,12.877748394948483,44.96679661072468
183.081,183.126,USV_174,0.045000000000015916,1.0,106.86919999999999,True,76.4337,183.3029,106.64729999999999,-0.2219000000000051,0.010386340320110321,0.025699013157894735,17359.914553317813,16490.345487189683,7.170566567661209e-05,32689.144736842107,25581.49002683448,2.6310965014330385,5.742687029918614,5.183228479213422,15.19413530420534,10.522077277624234,14.784186657322904,56.12724318148305
185.826,185.868,USV_175,0.04200000000000159,1.0,106.86919999999999,False,76.4337,183.3029,109.39229999999999,2.5230999999999995,0.010270418599247932,0.030124240451388888,15828.488897762927,15033.871783763914,2.774072540192332e-05,31255.208333333332,21184.51042521841,2.2762481703352555,4.435262931842372,5.203909833534539,16.593375103656555,12.161320857678216,14.314551737850394,55.033952998349655
188.499,188.515,USV_176,0.015999999999991132,1.0,106.86919999999999,False,76.4337,183.3029,112.0653,5.196100000000001,0.00927026942372322,0.02783203125,19141.318521540856,18369.51107810424,0.000530297120866626,33468.75,25450.91862458624,1.4270102523476602,4.850781099277288,5.093376717240717,12.275743824813533,10.321861012327,14.270252241043506,47.788883894419456
194.949,194.958,USV_177,0.00899999999998613,1.0,106.86919999999999,False,76.4337,183.3029,118.51530000000001,11.646100000000018,0.008216842077672482,0.038533528645833336,20085.9673791751,20202.298556744532,0.00039492188720517744,33593.75,21475.73813534241,1.521929667521267,8.28697155636773,4.039902614085967,13.428445706276564,7.853797653826127,10.311207658229764,39.50797465786038
195.046,195.082,USV_178,0.036000000000001364,1.0,106.86919999999999,False,76.4337,183.3029,118.61229999999999,11.743099999999998,0.009849188849329948,0.0534515380859375,18192.2399934868,13830.037676952054,1.4707152068160933e-05,32337.890625,23575.63655102972,2.5467657268181383,5.180176848508956,6.239464634997455,16.875266124971773,11.191310159910183,14.956978007228749,58.51389998659212
195.715,195.743,USV_179,0.027999999999991587,1.0,106.86919999999999,False,76.4337,183.3029,119.2813,12.41210000000001,0.011090563610196114,0.01866736778846154,17507.598567829504,14279.98910445198,6.240324837392683e-05,30620.19230769231,24315.881540344097,3.136537307035799,3.927532584760683,5.081978706434525,14.020464187372662,10.869164984382378,14.66611346414206,55.99728750632697
195.831,195.85,USV_180,0.019000000000005457,1.0,106.86919999999999,False,76.4337,183.3029,119.39729999999999,12.528099999999995,0.011897249147295952,0.0514892578125,18870.87853051977,15698.334186939825,0.0004003382110412868,31678.125,22590.76013137603,2.3831060406689106,1.77548285212766,4.187938797449222,12.230886712845408,11.57718109454501,14.659826985640048,53.577590114542275
201.819,201.827,USV_181,0.008000000000009777,1.0,106.86919999999999,False,76.4337,183.3029,125.38529999999999,18.516099999999994,0.009679095819592476,0.037353515625,20656.39324179477,19313.435708338497,0.000264068729958678,34143.75,25919.79456243189,1.4715583077556442,4.965961655332274,6.251963776676126,12.21371871697682,9.774809392765253,14.687908152181842,40.504679705754356
202.288,202.299,USV_182,0.01099999999999568,1.0,106.86919999999999,False,76.4337,183.3029,125.85430000000001,18.985100000000017,0.00968980137258768,0.0096435546875,18271.66535011325,17640.03284003522,0.00010242940228765575,33625.0,18254.975822292214,2.0099554727487488,5.84517197141193,5.02776737423848,17.438170559263682,11.860495237120167,14.561549363489695,46.16500248484274
202.472,202.498,USV_183,0.025999999999982037,1.0,106.86919999999999,False,76.4337,183.3029,126.0383,19.169100000000014,0.009626772254705429,0.023356119791666668,20388.927654629657,17088.62998771535,0.00013382164635001987,35015.625,26711.170394190965,3.656097556966934,4.640778891513742,4.310331654791333,14.468817989464483,12.11831600945505,12.851375233421349,54.19152494644379
202.614,202.653,USV_184,0.03899999999998727,1.0,106.86919999999999,False,76.4337,183.3029,126.1803,19.31110000000001,0.008070683106780052,0.03488338694852941,18695.320861676406,16234.081506321048,0.0002557216830276416,34538.60294117647,20229.769394581486,2.0484750964185126,4.153300567391447,5.217938706942004,16.6774798944534,11.728945923246572,14.367959893857043,56.53172380903673
202.777,202.822,USV_185,0.045000000000015916,1.0,106.86919999999999,False,76.4337,183.3029,126.34329999999999,19.474099999999993,0.008773865178227425,0.032149465460526314,19514.296323663544,16657.31112984697,0.0007066144531106171,35018.09210526316,26023.69377705613,3.001632144038888,3.9958203015225817,4.717416738462657,15.698354413915105,11.001233901010657,14.893734646896064,56.44932261737066
203.677,203.734,USV_186,0.05700000000001637,1.0,106.86919999999999,False,76.4337,183.3029,127.24329999999999,20.3741,0.010083372704684734,0.025217692057291668,16461.85316040626,17205.57281482777,0.00022319888090375803,32726.5625,22267.930447644118,1.877009632049311,5.14398572632924,5.3603506772044085,14.6107356949459,10.138733577728397,13.2108835946661,55.08277608350814
203.857,203.888,USV_187,0.03100000000000591,1.0,106.86919999999999,False,76.4337,183.3029,127.4233,20.554100000000005,0.008686100132763386,0.028494698660714284,18584.448018934123,15987.284405832648,0.00040009580153433234,33662.94642857143,21531.24792600786,2.489104772913304,5.6868422919592385,4.3301523638401935,16.24063984593077,10.10137167091431,15.376794298860466,53.88845957147803
203.995,204.038,USV_188,0.043000000000006366,1.0,106.86919999999999,False,76.4337,183.3029,127.5613,20.69210000000001,0.007468335796147585,0.030054995888157895,18311.70320948291,16889.890693406385,0.00068661534161184,32871.71052631579,21333.545251711865,2.724895791194829,4.853358152591435,6.156073649084919,15.368646195314724,11.200067773922749,16.752231872902417,55.35651260660699
204.069,204.079,USV_189,0.010000000000019327,1.0,106.86919999999999,False,76.4337,183.3029,127.63529999999999,20.766099999999994,0.010457809083163738,0.013590494791666666,18066.479680266206,17036.034952626465,9.324874688664178e-05,34750.0,24790.133969184128,1.7721591916465742,3.665758815271238,5.214611996255123,14.505813006202795,11.81649707883914,14.465161602625415,42.78038131583335
205.623,205.632,USV_190,0.009000000000014552,1.0,106.86919999999999,False,76.4337,183.3029,129.1893,22.320099999999996,0.00856623612344265,0.033040364583333336,17189.074806985875,16048.031648686085,0.00045937141314633683,28062.5,15239.421884815833,1.1118494437873123,4.636401369841268,3.200263277878243,14.091174972393395,10.583502054658762,12.21203951992022,43.40423356805035
207.397,207.462,USV_191,0.06499999999999773,1.0,106.86919999999999,False,76.4337,183.3029,130.9633,24.094099999999997,0.00977236032485962,0.02540870949074074,16913.66351764609,16561.383871246962,0.00012485682663172622,32788.194444444445,27237.616371915366,2.290307232870408,3.849485917506871,4.937846550666484,15.983546923000791,12.023895607591543,13.767393597261108,57.435735254063395
210.822,210.833,USV_192,0.01099999999999568,1.0,106.86919999999999,False,76.4337,183.3029,134.38830000000002,27.51910000000001,0.008888964541256428,0.024983723958333332,22155.667315987903,21827.36668610815,0.0006674420900317371,37218.75,29106.28410030024,2.5133784201424687,2.3535927264501626,4.523793015350057,11.330178251273432,9.371447675972336,12.593693250663039,45.02127342103498
213.253,213.268,USV_193,0.01500000000001478,1.0,106.86919999999999,False,76.4337,183.3029,136.8193,29.950099999999992,0.006965263281017542,0.019500732421875,20101.192396302606,20928.283606948582,0.001354775742150498,33750.0,17431.041039012136,2.1921341695302123,2.6753715636877953,4.300299662515085,13.03974378999363,9.692498524927306,12.265051407039504,45.73757316490181
224.493,224.514,USV_194,0.021000000000015007,1.0,106.86919999999999,False,76.4337,183.3029,148.0593,41.1901,0.009234381839632988,0.030517578125,17341.121441079777,15098.496412471262,0.0001380003866669192,31781.25,23764.332677157374,2.0865616711477974,4.663658522445412,5.090629959356595,14.74107032102128,9.394692293971039,13.700075472570612,52.21001228129103
226.532,226.587,USV_195,0.0549999999999784,1.0,106.86919999999999,False,76.4337,183.3029,150.0983,43.22910000000002,0.008510871790349483,0.04500679347826087,18809.651914474987,14020.957902394519,0.00023384488281405375,32437.5,18933.9007087048,2.6474078307504856,4.07285917260037,6.794926191753396,18.622042734349044,11.137022052490206,14.883768600362096,60.22792245875844
226.995,227.03,USV_196,0.03499999999999659,1.0,106.86919999999999,False,76.4337,183.3029,150.56130000000002,43.69210000000001,0.0076194689609110355,0.054931640625,19698.187024057956,14099.566317195888,8.705905716124076e-05,33512.5,20039.685524109365,1.4041425087577162,4.927097177398914,5.021277815801625,16.09432626420092,11.524607541061965,14.883433334589963,59.998279983771184
227.078,227.121,USV_197,0.043000000000006366,1.0,106.86919999999999,False,76.4337,183.3029,150.6443,43.77510000000001,0.008911875076591969,0.03827868009868421,18802.03937799742,17212.42631074994,0.0003541841158466865,33843.75,25655.91110461293,1.982782545307456,2.3266691105881883,4.64621533814924,15.196192646743313,9.74065721141416,13.642083691509521,56.72842777349918
227.343,227.413,USV_198,0.0700000000000216,1.0,106.86919999999999,False,76.4337,183.3029,150.90929999999997,44.040099999999995,0.008071422576904297,0.04114190463362069,19311.714171342745,15884.491190706096,0.0006474602152760717,33798.49137931035,27068.06017980469,2.500298515892865,3.7545899266395173,5.982979994784582,15.902660102257714,11.886187560410628,14.951870676911867,58.754744253960055
228.977,228.998,USV_199,0.020999999999986585,1.0,106.86919999999999,False,76.4337,183.3029,152.5433,45.67410000000001,0.007361993193626404,0.0296875,17879.46339505488,17683.98330120703,0.0003250802163791819,32934.375,24383.689007749155,2.9619259593682403,6.354770005705166,6.348617027085828,15.777470374797534,9.487507624138079,13.363455411464875,49.50865884212247
229.094,229.158,USV_200,0.06399999999999295,1.0,106.86919999999999,False,76.4337,183.3029,152.6603,45.7911,0.009249236434698105,0.03928786057692308,18280.50986367606,14289.765821628609,4.331721461436365e-05,32506.009615384617,27226.44887556473,2.050716051915333,3.844181325683918,6.027879157085035,17.137240531854328,12.275025107361177,15.207886037682467,60.68763858445417
229.587,229.617,USV_201,0.030000000000001137,1.0,106.86919999999999,False,76.4337,183.3029,153.1533,46.284099999999995,0.008483153767883778,0.03498186383928571,19428.747045223656,17113.532750146096,0.0002244750841522561,33950.892857142855,27866.383665219888,1.6573636403465934,4.412981977136279,4.609560614489983,13.484901324783374,11.535607045280868,13.103013834088118,53.56744976444402
230.02,230.042,USV_202,0.02199999999999136,1.0,106.86919999999999,False,76.4337,183.3029,153.5863,46.717100000000016,0.00894487276673317,0.02887517755681818,18600.137132059972,18415.18787656073,0.0007317793287716235,31193.18181818182,17837.859533016035,2.60134877486988,3.1867095547972712,4.8482479959507945,13.677669382458658,9.954436710680655,15.137563618231015,51.31782171533261
230.073,230.09,USV_203,0.016999999999995907,1.0,106.86919999999999,False,76.4337,183.3029,153.6393,46.77010000000001,0.012382669374346733,0.021837022569444444,17228.496303654352,19731.565380990316,0.0005551958864908788,31937.5,25100.40099592803,1.8589832409994373,2.1677292192728146,7.547351733621243,15.778032038568405,10.164192359460166,14.345933400839932,47.21563070337371
232.945,232.954,USV_204,0.009000000000014552,1.0,106.86919999999999,False,76.4337,183.3029,156.5113,49.6421,0.009877920150756836,0.022786458333333332,19346.081512842804,22842.76121402657,0.0006354681985449825,33531.25,19696.930232568182,1.2431352189256535,4.891349549377154,6.161503768642507,10.458638654787082,9.158310617219602,12.8834800795684,36.664488578369394
233.92,233.974,USV_205,0.054000000000002046,1.0,106.86919999999999,False,76.4337,183.3029,157.48629999999997,50.61709999999999,0.016262201592326164,0.040208899456521736,16441.238982393792,13373.683647792386,7.929345626463644e-06,30224.184782608696,24964.67048068742,3.3464898516311115,5.573487458828434,4.341119332593275,16.737793043121595,11.555952530564,13.93119701033333,58.04575097456041
234.02,234.127,USV_206,0.10699999999999932,1.0,106.86919999999999,False,76.4337,183.3029,157.5863,50.717100000000016,0.02099628746509552,0.026907784598214284,13857.67489299633,13673.364101214493,7.459059889403911e-05,28406.25,20776.592604136542,3.1112113048783567,3.965359578054815,5.967291707754706,16.853576079616566,10.472520183760745,15.014035544895572,60.306567164265076
235.257,235.286,USV_207,0.028999999999996362,1.0,106.86919999999999,False,76.4337,183.3029,158.82330000000002,51.95410000000001,0.010980634018778801,0.023456280048076924,15081.972378855651,15378.586299054527,8.17659710058669e-05,29877.403846153848,23535.92362217363,2.9863188348762084,6.071712200829884,5.413907401694682,17.214732354240446,9.69207009990976,13.39476422761142,52.80035354270748
236.334,236.36,USV_208,0.02600000000001046,1.0,106.86919999999999,False,76.4337,183.3029,159.90030000000002,53.03110000000001,0.005817910190671682,0.038228352864583336,19227.565297519075,18217.215087037624,0.0003410416476831278,33421.875,25409.81673612255,2.5174570136232464,3.2277435312321283,4.447796801665692,15.432215301355427,11.038200393947603,14.659753456041381,51.37986427347283
238.841,238.878,USV_209,0.03699999999997772,1.0,106.86919999999999,False,76.4337,183.3029,162.40730000000002,55.538100000000014,0.00956096313893795,0.0267791748046875,16234.728355465208,14960.613207659428,8.861022887619098e-05,30621.09375,21476.382851586743,2.3671450648056425,5.35299836307921,5.364022400881895,17.81454588748077,11.066363102173858,13.410751070786484,55.45275347433328
239.311,239.322,USV_210,0.01099999999999568,1.0,106.86919999999999,False,76.4337,183.3029,162.8773,56.00810000000001,0.010287337936460972,0.021525065104166668,15606.272076920131,16002.35104505921,0.00017561177034588303,28437.5,19345.86056084328,1.2218781193465944,4.701035701171989,3.2624421400677814,16.666401636189658,10.559310672663452,15.399882621845306,47.41340083787154
242.281,242.352,USV_211,0.07099999999999795,1.0,106.86919999999999,False,76.4337,183.3029,165.84730000000002,58.97810000000001,0.01318554487079382,0.04920696390086207,17228.261046679774,13975.062240014466,0.0002755543037965034,30197.19827586207,17876.65923326003,2.2939312187008123,3.634051611777737,4.382381542330168,17.945265612657003,10.543263879640346,16.0740068335786,60.790646839144024
242.576,242.596,USV_212,0.020000000000010232,1.0,106.86919999999999,False,76.4337,183.3029,166.14229999999998,59.2731,0.005688534118235111,0.0441162109375,18046.143988047254,16590.04430552727,0.0004438233146376188,31687.5,17669.621826318027,3.595093977162583,2.74957081186488,6.537976653335254,18.949054573492795,8.891204704298527,14.2525001566518,50.87500670985191
243.215,243.264,USV_213,0.049000000000006594,1.0,106.86919999999999,False,76.4337,183.3029,166.7813,59.91210000000001,0.010899762623012066,0.038806733630952384,17978.648179362543,15833.784495915184,0.0012479639991243702,31419.64285714286,24720.278948060884,2.336930517888548,3.334529908163016,5.291239022098746,15.813783046682866,11.170911253937625,13.14671819686372,58.62214447633838
243.715,243.751,USV_214,0.036000000000001364,1.0,106.86919999999999,False,76.4337,183.3029,167.2813,60.41210000000001,0.007086796686053276,0.0320892333984375,18296.86684884425,17790.32282128135,0.0006069768654353975,34125.0,20703.43205782612,1.9498050329222667,4.007624391384605,5.210121555373508,17.5440926816633,10.173010985021024,13.112023060518045,54.21917157375422
244.283,244.299,USV_215,0.016000000000019554,1.0,106.86919999999999,False,76.4337,183.3029,167.84929999999997,60.98009999999999,0.010047142393887043,0.02410888671875,19391.78709673921,19206.361907570918,0.000273409680451485,31382.8125,26499.97011685949,1.713228495034896,5.203469290016907,3.828218218178376,13.338585505754907,11.291287448113025,12.681324813686334,47.90054369645863
244.377,244.394,USV_216,0.016999999999995907,1.0,106.86919999999999,False,76.4337,183.3029,167.94330000000002,61.074100000000016,0.010278853587806225,0.015842013888888888,19628.056265245796,22298.67658658154,0.0007212299746438231,36333.333333333336,26352.572305883372,2.4090232218830105,3.995370470267952,8.180411673131903,16.28318012138427,11.002600813680422,14.936499265713694,44.46896843473341
245.549,245.58,USV_217,0.03100000000000591,1.0,106.86919999999999,False,76.4337,183.3029,169.1153,62.24610000000001,0.008511713705956936,0.0228271484375,15903.279508190408,16904.361141231337,0.00013453491430227125,31928.571428571428,20943.298563177967,1.6535336615322405,4.516144576102797,5.4375805239852255,16.41138032893395,10.147561544192792,13.09251928959357,52.71889338390655
246.159,246.167,USV_218,0.008000000000009777,1.0,106.86919999999999,False,76.4337,183.3029,169.7253,62.8561,0.009210364893078804,0.028857421875,20253.448400460176,19855.84601528803,0.0002806942851862073,32287.5,27892.836346821092,1.9425695784217631,3.299315281151807,5.194892636526829,9.754505256086407,8.866105486714213,12.657182354992045,38.639895899283815
246.924,246.955,USV_219,0.03100000000000591,1.0,106.86919999999999,False,76.4337,183.3029,170.4903,63.62110000000001,0.008548425510525703,0.020926339285714284,16090.603106602472,16255.744313103878,9.0489861472874e-05,30582.589285714286,17543.379496599522,2.976365253687016,3.631777682576281,6.6090499448923286,17.15773927447175,8.637668674938801,13.94186547459492,53.708421876677654
247.112,247.151,USV_220,0.03900000000001569,1.0,106.86919999999999,False,76.4337,183.3029,170.67829999999998,63.8091,0.012980615720152855,0.013700597426470588,17126.018086352815,15655.641282999004,0.00015577313306894855,30761.029411764706,24527.40300610932,2.627766813996832,3.864413310081423,5.511306269398235,16.775429403129763,10.899474170244616,13.776122351520579,57.35251186027899
248.513,248.545,USV_221,0.031999999999982265,1.0,106.86919999999999,False,76.4337,183.3029,172.0793,65.21010000000001,0.010265019722282887,0.011317661830357142,14649.142489528473,15209.596935155898,7.005081931560029e-05,30375.0,21630.249747189406,2.5952593544020486,3.3575242382886636,5.5684231514976235,17.52868583469867,11.331280991539591,15.321226604626656,54.28104359592483
248.683,248.698,USV_222,0.01500000000001478,1.0,106.86919999999999,False,76.4337,183.3029,172.2493,65.3801,0.008774533867835999,0.024322509765625,19786.9201045767,18877.009334551934,0.0008253447484797413,32472.65625,25538.650242716853,2.7213939427517264,4.162304871863414,5.1378437589680175,12.39290207353941,9.427088818569413,12.332571246867571,47.52675786538596
249.64600000000002,249.67,USV_223,0.023999999999972488,1.0,106.86919999999999,False,76.4337,183.3029,173.21230000000003,66.34310000000002,0.008872708305716515,0.025412819602272728,17361.784141569253,15109.394794896578,0.00027132431107583835,30136.363636363636,23070.64910421856,2.1511673751159583,5.83599373626899,4.857563744758168,17.08130680496415,11.817382353482001,13.648945683849744,53.241063715822335
252.362,252.377,USV_224,0.01500000000001478,1.0,106.86919999999999,False,76.4337,183.3029,175.92829999999998,69.0591,0.011252439580857754,0.01092529296875,15881.640159091883,19326.6545829767,0.0006328172771938786,30410.15625,17896.521443820988,2.123409952566633,5.844436925569597,4.125904019883309,14.46600673543831,9.558626731589182,13.155510717002693,44.001121353614316
252.572,252.583,USV_225,0.01099999999999568,1.0,106.86919999999999,False,76.4337,183.3029,176.13830000000002,69.26910000000001,0.009234876371920109,0.01904296875,16095.20304273274,21023.663308588326,0.00022522601763057615,32203.125,20448.513038041674,1.2017604017958141,4.335851731197258,5.654375529229903,12.428839727857898,8.117527399207914,12.893279591922274,42.38505612039761
256.476,256.509,USV_226,0.03300000000001546,1.0,106.86919999999999,False,76.4337,183.3029,180.0423,73.1731,0.008464108221232891,0.023763020833333332,17396.431244815674,16509.950994637875,0.0003625344718415564,32350.0,20421.08617806676,2.177723684659339,4.766206231047078,6.344209217554944,15.26054066828858,11.23777390168468,13.805243186190216,53.988728536197506
259.474,259.504,USV_227,0.03000000000002956,1.0,106.86919999999999,False,76.4337,183.3029,183.0403,76.1711,0.0073639750480651855,0.028860909598214284,18302.094993387243,16545.774251179377,0.0002478415410648157,32732.14285714286,27039.423830089097,2.757028126947595,2.3098691451439706,4.427749148416035,14.335783778599351,11.145565571332162,14.140732070909298,53.943595044759086
260.871,260.896,USV_228,0.025000000000034106,1.0,106.86919999999999,False,76.4337,183.3029,184.4373,77.56809999999999,0.010138888843357563,0.020467122395833332,18604.638263172328,17194.688133685024,0.0009310911296853459,30804.6875,24407.423432384036,2.3049912464117512,3.8471141675670153,5.615968366325142,15.130666672466914,11.093320633777973,14.22979730843536,53.50063730950623
261.275,261.293,USV_229,0.018000000000029104,1.0,106.86919999999999,False,76.4337,183.3029,184.8413,77.97209999999998,0.012461482547223568,0.015163845486111112,17923.929997157615,19021.013656197778,0.0002060858886127519,31156.25,23748.837350247588,2.547929027609904,3.799611586692974,4.933901209546878,14.318707016629796,9.553830616738724,14.788358449583702,46.927793206540365
261.726,261.789,USV_230,0.06299999999998818,1.0,106.86919999999999,False,76.4337,183.3029,185.2923,78.4231,0.009579673409461975,0.02672400841346154,15827.545397596345,15427.280084471537,8.065935393714621e-05,30905.048076923078,18870.29625285265,2.2362326307794222,5.1407948387235285,4.994437645293468,14.213679954227718,10.401659884756375,14.30437610712093,57.242066543716575
262.48,262.494,USV_231,0.014000000000010004,1.0,106.86919999999999,False,76.4337,183.3029,186.04630000000003,79.17710000000002,0.007702242583036423,0.0111083984375,16669.049914447223,16965.216603558543,0.0001931877335165477,30421.875,24918.757805822075,2.3016025245398013,2.92072428722728,4.878209509596763,14.5085248174193,11.743415125163992,13.66796782245416,46.97419913867458
262.616,262.624,USV_232,0.008000000000038199,1.0,106.86919999999999,False,76.4337,183.3029,186.1823,79.31309999999999,0.005279658827930689,0.0306640625,21480.85799916364,23161.530836688242,0.0016380753232219936,35381.25,27041.764984162186,2.2689620641588673,1.0336891156751167,4.988101734276212,12.776573992599527,10.367754585916142,11.46134715167101,34.559423179998944
263.596,263.649,USV_233,0.05299999999999727,1.0,106.86919999999999,False,76.4337,183.3029,187.16230000000002,80.29310000000001,0.007665031123906374,0.026200727982954544,16015.095798789413,16300.271016038821,0.00037271662647959204,31960.227272727272,19757.326060580293,2.2437164415691044,6.063934214343361,6.029373207889105,17.518977344510528,10.059458879171167,14.259878791218267,56.526450484146274
264.06,264.134,USV_234,0.07400000000001228,1.0,106.86919999999999,False,76.4337,183.3029,187.62630000000001,80.75710000000001,0.009019073098897934,0.024894205729166667,16095.874576648266,14889.546337218164,0.0002791260911720545,30821.875,23192.97517564102,2.7054430786760353,3.947061119350589,5.376633160685094,16.128925484919495,10.307836551924677,14.945979372123578,58.40717410387323
264.205,264.241,USV_235,0.036000000000001364,1.0,106.86919999999999,False,76.4337,183.3029,187.7713,80.90209999999999,0.010242294520139694,0.016326904296875,15733.628823751045,16896.932321260538,0.00016276283944601736,30041.015625,17019.152755057592,2.2768031073308634,4.119345302241329,5.229249199846745,15.974228176989334,11.26316296729537,13.685350913476402,54.4679046923698
264.303,264.353,USV_236,0.05000000000001137,1.0,106.86919999999999,False,76.4337,183.3029,187.8693,81.0001,0.007272446993738413,0.027739025297619048,16372.980766061599,14510.86466015959,0.0001210502605042488,31102.678571428572,18273.706348503492,2.365149607543358,3.789574541395681,4.44275424502032,16.147785649541788,10.606431888408416,14.291162226879502,57.64111416760492
264.403,264.417,USV_237,0.013999999999953161,1.0,106.86919999999999,False,76.4337,183.3029,187.96930000000003,81.10010000000003,0.011506197974085808,0.0064697265625,15800.5603624361,19906.986339124276,0.00028682501481069606,30058.59375,18380.20172610942,2.2797377804734515,3.7069232006905803,4.579906604546856,12.178228306280943,9.261938827738067,12.167170969856162,42.86095232062472
265.9,265.92,USV_238,0.020000000000038654,1.0,106.86919999999999,False,76.4337,183.3029,189.4663,82.59709999999998,0.007365933153778315,0.0291015625,16835.26305838146,18318.470771508153,0.0007384764149176338,31003.125,19145.726152849362,2.158253108596837,4.237825769293305,5.80106130095246,14.806728692631228,10.197789213951406,13.910311757588982,48.34170157337914
265.996,266.024,USV_239,0.02800000000002001,1.0,106.86919999999999,False,76.4337,183.3029,189.5623,82.69309999999999,0.00740651972591877,0.03538161057692308,17155.266902917614,16963.216910239607,0.00024900101350895697,32213.94230769231,15985.803079400219,1.2605766960151543,3.830313022741435,5.304904404680898,14.782916129657307,8.567690402832476,13.39106035461249,53.555081530358656
267.265,267.303,USV_240,0.038000000000010914,1.0,106.86919999999999,False,76.4337,183.3029,190.8313,83.96209999999999,0.009991299360990524,0.016946231617647058,15677.81119888421,16752.918838876034,0.0002567838671011629,30159.926470588234,18360.283686851762,2.5489637893622614,4.750050927280588,5.51888067347282,16.04042223644984,11.574395071441364,13.963548994000982,54.17417673369313
267.597,267.644,USV_241,0.047000000000025466,1.0,106.86919999999999,False,76.4337,183.3029,191.1633,84.29409999999999,0.008794201537966728,0.02529296875,16624.81733613173,16510.57074290103,0.0002252278608066628,31359.375,21198.85372325687,2.469642653756895,2.980288559625508,4.23291068708634,14.08325266591417,11.715473519382211,14.088643826624056,56.53111779195317
267.786,267.858,USV_242,0.07200000000000273,1.0,106.86919999999999,False,76.4337,183.3029,191.3523,84.48310000000001,0.010826709680259228,0.02649346713362069,16270.186034274024,14719.333431768278,0.00014955868401823332,30029.094827586207,22016.589994797196,2.3361776871247963,3.569066940082591,5.46454451548339,16.847975384093996,12.683605958894898,13.076569037971073,59.10679603772313
268.197,268.214,USV_243,0.016999999999995907,1.0,106.86919999999999,False,76.4337,183.3029,191.76330000000002,84.89410000000001,0.011689562350511551,0.038140190972222224,18188.47385641298,17942.304342999967,0.00031437738992043477,30031.25,16769.68339056558,2.3338612692986365,2.913648971378666,6.366557401591599,11.656138083282785,10.477115230067781,12.685577244913375,48.98083733163298
268.249,268.335,USV_244,0.08599999999995589,1.0,106.86919999999999,False,76.4337,183.3029,191.81530000000004,84.94610000000003,0.008065607398748398,0.02734375,16149.571901194126,15229.547632254456,7.63749345009252e-05,31224.10714285714,21808.99133148245,2.197333345348017,4.590635517683891,5.351175910933882,15.44766812408332,11.039452075578458,14.95882633041275,58.97448618407807
268.48,268.556,USV_245,0.07599999999996498,1.0,106.86919999999999,False,76.4337,183.3029,192.04630000000003,85.17710000000002,0.011093431152403355,0.05032447076612903,19191.088173028107,14153.020070515506,0.00014032971334970354,32207.66129032258,24335.528204775077,2.4844257981396263,2.7537833212164076,4.905565772697347,14.723228383260684,11.050697829985822,13.962694385851895,61.37607609111703
268.861,268.897,USV_246,0.036000000000001364,1.0,106.86919999999999,False,76.4337,183.3029,192.4273,85.5581,0.007565477397292852,0.021484375,16254.622030021561,16366.4231139995,0.0002495027479026139,31986.328125,22022.63443499223,1.9508787186128616,3.4599279985676716,5.020025937089244,17.040223508057586,10.638305054507573,14.937901805032896,54.70762844933491
269.355,269.396,USV_247,0.04099999999999682,1.0,106.86919999999999,False,76.4337,183.3029,192.92130000000003,86.05210000000002,0.0085537014529109,0.023586697048611112,17173.69273572124,16583.956878498295,0.0002702334087904799,33458.333333333336,20461.854126441227,2.0542831946190465,4.1251125014879175,5.093139195734552,16.922983161401227,9.954759289814444,14.225299111202812,55.80848458310365
269.822,269.896,USV_248,0.07400000000001228,1.0,106.86919999999999,False,76.4337,183.3029,193.38830000000002,86.51910000000001,0.009841570630669594,0.0470703125,20087.60168078971,14907.712806221565,0.00011953771184732908,34340.625,24750.832294813546,2.251191561976777,3.5543373034957764,4.495721290991241,16.318782362945953,11.578680775110024,14.324998238140381,61.65728443550157
270.059,270.165,USV_249,0.10599999999999454,1.0,106.86919999999999,False,76.4337,183.3029,193.62530000000004,86.75610000000003,0.010362166911363602,0.030069986979166668,17934.228840734282,15085.673220328674,7.781053877244678e-05,33299.107142857145,24577.308766596423,2.618963611105264,3.9150459668359012,4.868673616586289,16.226770887087326,11.17354876316325,13.412149512551242,60.98940676626838
270.255,270.274,USV_250,0.019000000000005457,1.0,106.86919999999999,False,76.4337,183.3029,193.8213,86.9521,0.011364412494003773,0.051318359375,18300.724083391367,14163.400443082422,0.00041802891340081085,30028.125,15341.154820239874,2.271245120860251,2.009857108349032,4.432688170547953,17.415789863046857,11.83474172938619,13.957688749694118,53.81536003061539
270.344,270.4,USV_251,0.055999999999983174,1.0,106.86919999999999,False,76.4337,183.3029,193.9103,87.0411,0.007045832462608814,0.033808169157608696,17711.835487497705,16300.2459302689,0.00019952072713682502,33330.163043478264,25080.865559939426,2.403754909887067,3.7095553205485774,6.028376977301317,16.532151928128798,9.97503631542368,14.736913636409922,55.83745440960242
270.605,270.635,USV_252,0.029999999999972715,1.0,106.86919999999999,False,76.4337,183.3029,194.17130000000003,87.30210000000002,0.0065885549411177635,0.027413504464285716,17210.228369490378,18335.41844393439,0.00030506475534472206,32671.875,19439.94968603817,1.7694558786732504,2.997752577818536,7.560208075499645,14.983841196935614,10.506375867312908,15.288837608101828,52.078154707489276
270.786,270.831,USV_253,0.045000000000015916,1.0,106.86919999999999,False,76.4337,183.3029,194.3523,87.48310000000001,0.0085725924000144,0.022910670230263157,16622.46668255267,15275.532364738701,0.00010529485487830317,31569.07894736842,17795.264667310992,2.3020949716211643,3.5606508085596484,5.555466353134887,16.616254176205196,13.087028285983077,15.264552826118942,56.996824121641446
272.892,272.934,USV_254,0.04200000000003001,1.0,106.86919999999999,False,76.4337,183.3029,196.4583,89.5891,0.007435820996761322,0.024549696180555556,16897.561572007555,14801.251863299949,4.003055342547012e-05,32072.916666666668,20126.980196313118,2.6579249921788186,3.4940190516403002,4.904019204946337,15.502423792410692,11.670760093778062,13.437559292901877,56.97099337512312
273.87,273.884,USV_255,0.014000000000010004,1.0,106.86919999999999,False,76.4337,183.3029,197.43630000000002,90.56710000000001,0.009520123712718487,0.016632080078125,18174.519343571857,21339.18839490084,0.0009241906929300298,33539.0625,21565.079749987217,2.2225315002380026,5.1546008681245405,4.576052101926879,13.643076220788709,9.420860663837622,15.762915626304224,42.38684007504452
275.233,275.327,USV_256,0.09399999999999409,1.0,106.86919999999999,False,76.4337,183.3029,198.79930000000002,91.93010000000001,0.009677044115960598,0.023521021792763157,16348.051299398692,15401.254465078175,0.0002539411626297179,31297.697368421053,22547.773171472913,2.2478269577511516,4.64526443421808,5.748998630454581,15.748092105298623,11.033898078933438,14.738993677766153,59.03230132262225
275.391,275.475,USV_257,0.08400000000000318,1.0,106.86919999999999,False,76.4337,183.3029,198.95730000000003,92.08810000000003,0.01100605446845293,0.028133616727941176,17733.579479741104,14249.682307080575,0.00014351284171495294,30824.448529411766,24158.91630750223,2.7036589256530954,5.2382965351158095,5.636572308524681,17.395966910603356,10.722217058975936,14.377369193174655,61.39752076731723
276.179,276.201,USV_258,0.022000000000048203,1.0,106.86919999999999,False,76.4337,183.3029,199.7453,92.87609999999998,0.007432463578879833,0.021595348011363636,17999.07711704566,19756.12866769517,0.000668993821296671,33281.25,20431.3209585255,2.2855004287150047,3.0228521054679827,5.031149939469917,13.78355511721437,9.284243854408778,13.499975756149121,49.47052282074981
276.311,276.319,USV_259,0.008000000000038199,1.0,106.86919999999999,False,76.4337,183.3029,199.8773,93.00809999999998,0.006754229310899973,0.0314453125,20901.813116217858,20805.719818917274,0.0007463631779692475,32606.25,25305.32596472605,2.322503091452975,2.231235820481033,3.0400419692109786,10.4204937175593,9.940831389427217,13.984338560806751,36.01907131201654
276.496,276.508,USV_260,0.012000000000000455,1.0,106.86919999999999,False,76.4337,183.3029,200.0623,93.19309999999999,0.00583150377497077,0.024483816964285716,18785.397477914586,17452.393982723646,0.000944303879917583,32169.64285714286,25893.706218461553,2.581683289968347,3.661800423767013,6.452105178973015,16.399741496720022,10.702767902539321,14.053079594840161,44.30120164107961
276.589,276.6,USV_261,0.011000000000024102,1.0,106.86919999999999,False,76.4337,183.3029,200.1553,93.2861,0.009025020524859428,0.029994419642857144,21801.373612996485,19997.213020501407,0.000755510099517761,35651.78571428572,28273.777411741088,2.2317917879808533,2.7664771666069545,5.191040237594589,11.140811944722117,7.552419232587277,15.606546290109346,44.13188123289269
276.685,276.705,USV_262,0.01999999999998181,1.0,106.86919999999999,False,76.4337,183.3029,200.25130000000001,93.38210000000001,0.006021188572049141,0.03388671875,18500.221418077293,17381.534484145144,0.0003421680374055631,32437.5,23362.057308247757,1.9302031615937754,3.0647045715312426,4.497552082454943,15.895550538158574,11.583115647074091,12.871218588917358,49.77408243222407
276.759,276.837,USV_263,0.07799999999997453,1.0,106.86919999999999,False,76.4337,183.3029,200.32530000000003,93.45610000000002,0.009128715842962265,0.02639007568359375,16471.129558685832,15262.64304905166,9.351524089774491e-05,31930.6640625,25222.173018973182,2.619570887717727,3.948183555955565,4.918690667884734,17.567536745603626,11.770862872177384,13.841704325569346,58.900592084777685
277.034,277.061,USV_264,0.026999999999986812,1.0,106.86919999999999,False,76.4337,183.3029,200.6003,93.7311,0.010320384055376053,0.012288411458333334,14563.169893437693,15562.81880177884,9.878519187219386e-05,30632.8125,17409.98725371548,1.8731195290651932,5.471834990656837,5.346896226583869,15.271220647749047,12.814803634875473,16.380965855439506,53.65013458953371
277.333,277.429,USV_265,0.0959999999999468,1.0,106.86919999999999,False,76.4337,183.3029,200.89930000000004,94.03010000000003,0.008453060872852802,0.03175755550986842,16496.671416287903,14443.1934299813,4.889099319989508e-05,31645.559210526317,20308.833887320186,2.8060356382064295,3.9492211870268483,5.768291545497325,17.210551435592084,11.271096691430749,14.586216963265471,61.00604816833785
277.584,277.649,USV_266,0.06499999999999773,1.0,106.86919999999999,False,76.4337,183.3029,201.15030000000002,94.28110000000001,0.009557513520121574,0.033537688078703706,19489.680316992086,15593.82572277531,0.00010847682130143837,34315.97222222222,25586.235235534394,2.535663972755943,4.42002586155124,4.325526605619903,16.46031318365057,10.656660828316504,14.592492040419636,59.55203382391082
277.89,277.9,USV_267,0.009999999999990905,1.0,106.86919999999999,False,76.4337,183.3029,201.4563,94.58709999999999,0.01006496325135231,0.013346354166666666,21509.636303008872,22090.68987031179,0.001086441987770298,36453.125,29163.713296151458,1.959235506544777,4.1757323873083605,5.428438715412135,13.840984957374884,11.201197497703236,12.759541199421697,38.412125551776406
277.959,278.02,USV_268,0.06099999999997863,1.0,106.86919999999999,False,76.4337,183.3029,201.52530000000002,94.65610000000001,0.008828534744679928,0.039541015625,20114.99217946279,15461.47020401799,0.00010230986012814193,35265.0,29649.43451524697,2.2916519533784294,4.357120582596741,4.289426143461372,15.82141857800271,11.156282624714434,15.164268982820683,58.51143154959445
278.106,278.128,USV_269,0.02199999999999136,1.0,106.86919999999999,False,76.4337,183.3029,201.6723,94.8031,0.011638682335615158,0.009099786931818182,19649.10275836982,18539.17978697919,0.00021379568303319204,34977.27272727273,28948.742836268215,2.5128824378484826,3.869010528704307,5.41408261550034,13.026337000065956,11.03092829661637,15.526397774361685,50.557328338803465
278.187,278.233,USV_270,0.04599999999999227,1.0,106.86919999999999,False,76.4337,183.3029,201.75330000000002,94.88410000000002,0.00859812367707491,0.0468505859375,19622.71701827452,15204.116811742608,0.00010082288089004827,34898.4375,29617.444225059327,2.9717348107717143,4.175353611315695,5.188210003611421,17.13364682941293,11.008617734256058,12.493965244045928,57.90551332363253
278.275,278.336,USV_271,0.06100000000003547,1.0,106.86919999999999,False,76.4337,183.3029,201.8413,94.97209999999998,0.008073733188211918,0.043583984375,19019.250393936134,15672.454042304838,7.621865684060453e-05,34635.0,29819.235720686764,3.079305940774584,4.99020780376787,5.793481385242045,16.21898667299718,10.621903427247332,14.026284415540244,58.741976625808256
278.408,278.439,USV_272,0.03100000000000591,1.0,106.86919999999999,False,76.4337,183.3029,201.97430000000003,95.10510000000002,0.008225644007325172,0.04541015625,20632.028877620058,15376.345594670334,0.00010280532574232065,35203.125,29899.29244864993,1.9888109199026347,4.5973523172519135,6.141115042553621,17.79791624322782,10.946263174878169,13.306320557578731,56.180148195156896
278.499,278.539,USV_273,0.03999999999996362,1.0,106.86919999999999,False,76.4337,183.3029,202.06530000000004,95.19610000000003,0.008332421071827412,0.03574505974264706,19923.074375775544,16503.632810991287,0.00010733672999176654,35029.41176470588,29704.12691992888,2.4436623577978858,3.7025277169141075,4.91539062352872,15.154068764750468,11.952497838084145,14.809819734211642,57.29946352175364
278.608,278.645,USV_274,0.03699999999997772,1.0,106.86919999999999,False,76.4337,183.3029,202.17430000000002,95.30510000000001,0.009476276114583015,0.03607177734375,19592.428739278555,15528.346294252984,0.00010337299020741083,34652.34375,29200.12572613584,1.9337390117005033,4.870928192534404,5.7943978323423355,15.073606349984829,11.94008004896492,14.9621328491142,57.00746643102646
278.813,278.846,USV_275,0.03300000000001546,1.0,106.86919999999999,False,76.4337,183.3029,202.3793,95.5101,0.008142175152897835,0.05227864583333333,21202.11266049933,17708.819095840816,0.00033792955127250426,35575.0,29276.5597278164,1.5293583062309877,4.230488835726729,4.600195301174777,14.387321537303245,9.436126026369354,13.610366149508998,54.75549065962244
278.935,278.948,USV_276,0.012999999999976808,1.0,106.86919999999999,False,76.4337,183.3029,202.50130000000001,95.63210000000001,0.008128713816404343,0.05402483258928571,22921.13250383615,20278.67150896843,0.0006305707534617502,36401.78571428572,28953.38523608055,1.9229566108125964,2.7276220171240024,3.783655008968844,10.649171481403974,10.336857462166865,13.245820248573795,42.8730895608515
279.455,279.47,USV_277,0.015000000000043201,1.0,106.86919999999999,False,76.4337,183.3029,203.0213,96.15209999999999,0.011942671611905098,0.02239990234375,17004.967063149328,17550.982289885047,0.00020472305288580085,29976.5625,20307.718592451347,1.8998903208575326,4.474274003666732,4.512201047417766,16.62470187412539,9.793840282869919,15.772732452082316,46.87259790345013
279.595,279.651,USV_278,0.055999999999983174,1.0,106.86919999999999,False,76.4337,183.3029,203.16130000000004,96.29210000000003,0.007920993492007256,0.024042544157608696,16065.367239832069,14869.597898244412,0.00016066725092752144,31292.119565217392,18106.084874706256,3.0800966495883877,4.377882220152349,4.755654071673239,15.638484155890099,10.83424669809653,14.239829678449365,58.99967771339846
279.668,279.698,USV_279,0.029999999999972715,1.0,106.86919999999999,False,76.4337,183.3029,203.23430000000002,96.36510000000001,0.008892213925719261,0.026402064732142856,17000.712502563998,18264.37144953833,0.00028472321518927386,33468.75,21894.2868986966,1.889793496962595,3.1766900530429942,5.215761093460486,14.802812385114716,10.204994804054332,12.804035922248053,50.90332150929043
282.297,282.307,USV_280,0.009999999999990905,1.0,106.86919999999999,False,76.4337,183.3029,205.86330000000004,98.99410000000003,0.010336874052882195,0.011962890625,17577.849183946688,20775.87565111148,0.0004176360420738042,32890.625,25626.396859172582,2.1538281789457896,3.7086184293073523,2.9126152268638577,12.617158299693486,10.807121141313983,17.45665886369392,38.155645589577716
282.461,282.504,USV_281,0.043000000000006366,1.0,106.86919999999999,False,76.4337,183.3029,206.02730000000003,99.15810000000002,0.009674333967268467,0.019518400493421052,16858.72147896366,16947.803916822642,0.00028488772278450385,31411.184210526317,23809.013504936214,2.483950874647596,3.611757612615097,5.111169546215522,14.747838885736227,9.830295436619688,14.940496973440606,55.54888970560692
285.066,285.085,USV_282,0.019000000000005457,1.0,106.86919999999999,False,76.4337,183.3029,208.6323,101.76309999999998,0.008308169431984425,0.0202392578125,17168.285027983507,20448.650732026454,0.0006957928523715462,31940.625,23472.03347477627,2.431435623087997,4.367370715761601,5.675999651058506,12.323641581289744,10.267544578439399,14.68426863346171,47.543047601251175
286.977,286.999,USV_283,0.022000000000048203,1.0,106.86919999999999,False,76.4337,183.3029,210.5433,103.67409999999998,0.010431460104882717,0.05355557528409091,18426.596566797954,16047.00866738641,0.0002497354261250439,28610.795454545456,25597.2123862077,2.346659920343774,5.602591379006643,5.1450485344598285,15.985573342854805,10.479902599387458,14.38811995261923,54.30038485778611
287.09,287.134,USV_284,0.04400000000003956,1.0,106.86919999999999,False,76.4337,183.3029,210.6563,103.78709999999998,0.007413042243570089,0.04724763569078947,17281.641598812,14563.818158212598,2.5551760922731125e-05,31041.11842105263,20878.60586000935,2.2743701201043693,3.8763023085966832,5.533338508621401,15.315756001308536,10.486358889753388,15.006601325934833,59.023594234413096
287.617,287.626,USV_285,0.008999999999957708,1.0,106.86919999999999,False,76.4337,183.3029,211.18330000000003,104.31410000000002,0.009109551087021828,0.005696614583333333,19091.78501362134,26533.582441121,0.0008506813731358681,34531.25,24297.059968376696,2.1641338061147275,3.6726325988330544,4.616324276774331,9.45849928172911,6.965061429115829,11.126149411875604,34.565202206056206
288.614,288.669,USV_286,0.05500000000000682,1.0,106.86919999999999,False,76.4337,183.3029,212.1803,105.31109999999998,0.008332696743309498,0.03133491847826087,16925.29923566128,15684.925327774426,0.0003018449772980942,32429.347826086956,21940.772638929473,2.212274257113717,4.559616059043172,5.152114686172777,17.87740940940987,10.689571448511607,14.878362616475727,58.0664834581018
288.703,288.748,USV_287,0.045000000000015916,1.0,106.86919999999999,False,76.4337,183.3029,212.2693,105.40009999999998,0.008771879598498344,0.01947985197368421,16460.91068229513,16849.30293717397,0.0003173650759223506,32151.315789473683,19969.834132557,2.6730879742762337,4.365393425694646,5.662117004888505,14.246897924916277,11.234138134596165,15.232415613193645,55.38966355472994
288.781,288.888,USV_288,0.1069999999999709,1.0,106.86919999999999,False,76.4337,183.3029,212.34730000000002,105.47810000000001,0.009374179877340794,0.03135463169642857,15570.438097968015,14414.32347470721,5.368832703203156e-06,32334.821428571428,23988.949286545576,2.158380201494429,4.550324131501152,5.27072894672546,16.695768252450005,11.339573536377909,14.040545357991421,60.756868376070074
289.108,289.117,USV_289,0.009000000000014552,1.0,106.86919999999999,False,76.4337,183.3029,212.67430000000002,105.80510000000001,0.005970821250230074,0.029825846354166668,18907.607878653955,18922.594061711065,0.0008280951950449797,31609.375,21764.767146168022,4.146999723043559,4.481572256105205,6.1569730565340395,13.845890735851889,10.263949535933603,12.590252700321557,39.53689998864693
289.215,289.245,USV_290,0.03000000000002956,1.0,106.86919999999999,False,76.4337,183.3029,212.7813,105.91209999999998,0.00992264598608017,0.016095842633928572,15517.016931836504,16836.086494950414,0.00011831021155863583,31225.446428571428,23698.672935109927,2.236022800249273,4.9284619166716945,3.900486766642735,13.805740600624256,11.661136939363299,13.773880085584937,52.068215380767576
289.474,289.521,USV_291,0.047000000000025466,1.0,106.86919999999999,False,76.4337,183.3029,213.0403,106.1711,0.00906794611364603,0.0210693359375,16301.522422881473,16627.597928079158,0.00013999522532836373,32039.0625,23139.378707449192,2.256879082429273,4.2649805943829175,4.5448023327601295,15.49515023609544,10.658954053909298,15.606648953998748,55.49667818826926
289.687,289.73,USV_292,0.043000000000006366,1.0,106.86919999999999,False,76.4337,183.3029,213.25330000000002,106.38410000000002,0.008992630988359451,0.02593030427631579,16152.099172691305,15523.719408721086,0.00023326807751229022,30621.71052631579,17920.72726810043,1.86882257570407,4.039254564582232,5.79353953411452,14.799119168041955,11.834178478013593,13.943244338230068,56.78824897201584
289.805,289.817,USV_293,0.012000000000000455,1.0,106.86919999999999,False,76.4337,183.3029,213.37130000000002,106.50210000000001,0.007433942519128323,0.02392578125,18008.404982476804,18745.609405879866,0.0005436431450456928,31607.14285714286,22171.24003396153,0.8553749835712738,5.002527063654108,4.251995793536186,12.467217249519384,8.871855719242895,13.89162725782607,42.473427790454444
289.871,289.966,USV_294,0.09500000000002728,1.0,106.86919999999999,False,76.4337,183.3029,213.4373,106.56809999999999,0.007856475189328194,0.019100791529605265,16042.921281761952,15026.494048669027,0.00018827692926620766,31857.730263157893,20655.07489152027,2.472159338783139,4.473886001862477,4.928162374380805,16.851512166958788,12.122728743061769,15.191019293651678,58.249246818248274
290.205,290.275,USV_295,0.06999999999999318,1.0,106.86919999999999,False,76.4337,183.3029,213.7713,106.90209999999999,0.009650259278714657,0.015827047413793104,16112.337569595198,17171.868141731287,0.0001991691335058232,32718.75,24464.323272452988,2.7199464192930987,3.7165088687760677,5.44574065402789,17.22583582356664,10.21935968567543,15.387595411528247,57.24800779676812
290.326,290.352,USV_296,0.025999999999953616,1.0,106.86919999999999,False,76.4337,183.3029,213.89230000000003,107.02310000000003,0.010455761104822159,0.026753743489583332,16521.89911656414,17679.109723779264,0.00025318553421202185,30906.25,18573.220670913488,2.4113937714290627,3.985087842500942,4.5133347801844605,15.477928398470334,10.329104741152374,14.201360262830905,51.46464786996305
290.472,290.537,USV_297,0.06499999999999773,1.0,106.86919999999999,False,76.4337,183.3029,214.0383,107.16909999999999,0.009284276515245438,0.03044524016203704,17021.487392154904,14556.254968049378,0.00015855375773116413,31687.5,22241.025221054348,2.4088239985120254,4.510875573943241,4.862937499859844,15.213875226809263,11.123253900530486,15.076152831427246,59.78518072535467
290.572,290.599,USV_298,0.026999999999986812,1.0,106.86919999999999,False,76.4337,183.3029,214.13830000000002,107.26910000000001,0.008155012503266335,0.02392578125,16512.58529120227,16156.597502050621,0.0002778087598794123,31390.625,20074.343776402264,2.1316598059119496,6.839070772501714,6.071457277771469,15.9872993330774,11.549964416200593,14.404650469916035,53.70954133486641
290.686,290.721,USV_299,0.03500000000002501,1.0,106.86919999999999,False,76.4337,183.3029,214.2523,107.38309999999998,0.010517187416553497,0.0110931396484375,15786.520836008303,17632.002486147983,0.00022653172617653563,32431.640625,26002.795230868986,2.5225293193789726,4.012613447847284,7.0521910099922165,13.035280127706415,10.832919515183168,13.266010971600974,52.31408665704906
292.087,292.101,USV_300,0.014000000000010004,1.0,106.86919999999999,False,76.4337,183.3029,215.6533,108.7841,0.00881250575184822,0.01885986328125,17322.9126096712,14766.604390023876,8.878812133485729e-05,29765.625,20726.687240734926,2.0766627483656097,5.480729320689569,6.792351121164684,15.694114372076823,14.271841426808269,12.824439508838289,49.34232737093211
292.708,292.73,USV_301,0.02199999999999136,1.0,106.86919999999999,False,76.4337,183.3029,216.27430000000004,109.40510000000003,0.008365022018551826,0.039728338068181816,17299.83952205453,13812.112594636606,0.0002169969731684029,30426.136363636364,23271.504482221153,1.7547462145677024,3.243380026373545,6.868947392680678,15.76369035731393,10.79666766277733,15.284287790622813,56.56567838758774
292.84,292.862,USV_302,0.022000000000048203,1.0,106.86919999999999,False,76.4337,183.3029,216.4063,109.53709999999998,0.007610632572323084,0.024391867897727272,16723.751837398802,18179.434469072894,0.0003617669861309236,32625.0,16439.998367896445,2.573326256230983,4.690948172555181,4.200691671942941,16.03170964590639,10.49773093623035,13.067506201486186,48.59051907374084
293.153,293.277,USV_303,0.1239999999999668,1.0,106.86919999999999,False,76.4337,183.3029,216.71930000000003,109.85010000000003,0.015295241959393024,0.04075155452806122,14394.80473484841,12287.632682387413,6.169045089908422e-05,27149.23469387755,20999.818323154814,2.474570218949104,4.575489360737608,5.659919299740798,15.073376303347844,13.441897283283502,15.403450372887642,64.87319804744801
293.76,293.811,USV_304,0.05099999999998772,1.0,106.86919999999999,False,76.4337,183.3029,217.3263,110.4571,0.009935651905834675,0.04016694568452381,16049.250945492398,13782.69830333524,8.553744869931656e-05,29611.60714285714,19019.448805230517,2.9741398008191235,3.4875404783459527,4.711552861824357,16.86830106739681,11.40458988687009,14.745666424893644,59.70275626247865
296.309,296.325,USV_305,0.01599999999996271,1.0,106.86919999999999,False,76.4337,183.3029,219.87530000000004,113.00610000000003,0.012647140771150589,0.0189208984375,20331.047175228618,16765.383880656947,0.00021043561604328488,31277.34375,24560.624445695437,2.48040320049649,2.421724570787667,5.419365621096526,13.40041151504508,10.520384118438123,12.529911870387647,49.9195801925718
296.536,296.545,USV_306,0.009000000000014552,1.0,106.86919999999999,False,76.4337,183.3029,220.1023,113.23310000000001,0.008757784962654114,0.015828450520833332,18957.209619669648,21046.69036927907,0.00039534734873763604,31593.75,23223.65304462846,1.8467622948780449,3.14442741354634,4.5098293139128645,11.645556317951517,11.280341344480307,15.350573693089084,39.04328227381118
296.689,296.719,USV_307,0.029999999999972715,1.0,106.86919999999999,False,76.4337,183.3029,220.25530000000003,113.38610000000003,0.00852876529097557,0.018537248883928572,16248.302678331309,19044.095434375744,0.0010039462597111123,32189.73214285714,18339.14697211421,2.6344415416136,2.9128468242066807,4.8035981582886205,14.93187629071203,8.772629305023624,14.32155783792886,51.944339018124516
297.325,297.343,USV_308,0.018000000000029104,1.0,106.86919999999999,False,76.4337,183.3029,220.8913,114.0221,0.009594496339559555,0.027370876736111112,17526.881449345165,17835.639978066352,0.0003010387877439864,30895.833333333332,19318.920362829012,2.543916318361047,3.493236619813875,6.016107699361228,15.620332193714246,9.326632793522144,14.127080982191533,48.97627058390174
297.426,297.52,USV_309,0.09399999999999409,1.0,106.86919999999999,False,76.4337,183.3029,220.9923,114.1231,0.011195046827197075,0.06000719572368421,17974.62856798123,13102.479959000362,0.00010981836814924918,29084.70394736842,21203.53650446107,2.5493748103154967,3.397089025114828,6.766230795122992,17.14510508764,10.845400523242688,14.260560871709043,64.49750774625322
297.937,297.946,USV_310,0.009000000000014552,1.0,106.86919999999999,False,76.4337,183.3029,221.50330000000002,114.63410000000002,0.009111548773944378,0.0233154296875,19245.88722472696,21584.456718858022,0.00045888899448503394,32359.375,22793.703677837602,1.4839434977280137,5.469130091598511,4.64677077189155,13.650908257606593,7.486290318903445,11.72813442831407,38.18572510404861
298.082,298.206,USV_311,0.12400000000002365,1.0,106.86919999999999,False,76.4337,183.3029,221.6483,114.7791,0.014476323500275612,0.03675562021683673,15609.629380625935,12828.65354915667,5.8210959591806474e-05,28605.229591836734,17994.811042302208,2.7330020040570857,2.9910366991677084,5.097623480188109,17.239690326854536,12.08272259121498,14.470883502949869,62.22803397982595
298.549,298.57,USV_312,0.021000000000015007,1.0,106.86919999999999,False,76.4337,183.3029,222.1153,115.24609999999998,0.005354008171707392,0.0531005859375,20012.951031600838,16326.652494922997,0.00029175747921182253,34415.625,27169.305907211685,1.747580321144812,4.2324978759820375,4.4866919643987035,16.068852204025216,12.905923796890551,13.1415747403913,51.61853628598665
298.678,298.717,USV_313,0.03899999999998727,1.0,106.86919999999999,False,76.4337,183.3029,222.2443,115.3751,0.009209984913468361,0.04451976102941176,20786.174906764973,15169.877731022423,0.00018385976971116324,34990.80882352941,27718.000664227548,2.0275592690640654,5.407818361688217,6.084809198101673,16.39770505220128,12.796633944287477,14.685445528260772,57.610180085954774
298.831,298.873,USV_314,0.04199999999997317,1.0,106.86919999999999,False,76.4337,183.3029,222.39730000000003,115.52810000000002,0.011051615700125694,0.05881076388888889,19117.336839452786,13772.852499985456,0.0002730822557334278,30250.0,20813.46147656579,1.9989824345348453,6.069405548249527,5.642606097442427,16.879851974260607,10.38202469465361,15.275672478187538,59.34705744711799
299.446,299.495,USV_315,0.04899999999997817,1.0,106.86919999999999,False,76.4337,183.3029,223.01230000000004,116.14310000000003,0.011733219027519226,0.029168991815476192,16538.954920810796,15697.30032684315,0.00019473437195851993,29883.928571428572,22272.56978204389,3.175054886341184,4.460959014651992,3.9831125967014924,14.454586181879298,10.350675975406839,13.802979939288347,57.1178748524758
299.562,299.612,USV_316,0.05000000000001137,1.0,106.86919999999999,False,76.4337,183.3029,223.12830000000002,116.25910000000002,0.011076094582676888,0.019287109375,15548.5213894462,14175.305138604403,4.969736364749041e-05,29803.571428571428,21155.99614287063,2.879873911598281,4.288575534144978,4.251106937638115,15.769200729816676,10.138056964607788,14.654550075135868,57.94530202527802
299.642,299.73,USV_317,0.08800000000002228,1.0,106.86919999999999,False,76.4337,183.3029,223.2083,116.3391,0.011403174139559269,0.043436104910714285,15762.302529220678,12787.920048180298,0.00018482756609270622,27926.785714285714,15394.128318722913,2.9590089792700103,3.8250086466864355,5.55966746885616,14.658082562424276,10.493691465148316,15.27175493048128,64.14784933909824
299.852,299.862,USV_318,0.010000000000047748,1.0,106.86919999999999,False,76.4337,183.3029,223.4183,116.54909999999998,0.005475541576743126,0.06339518229166667,20543.697616757585,17756.795728710687,0.0008843786451870511,32203.125,22466.283347842564,2.272918336422016,2.096854946722356,5.2366937944518375,11.242245896296835,9.4227893408604,12.493921223949577,41.91453688643714
300.936,300.951,USV_319,0.015000000000043201,1.0,106.86919999999999,False,76.4337,183.3029,224.5023,117.63309999999998,0.010716339573264122,0.009521484375,18077.033381285015,20830.832580901522,0.000458018719787166,33398.4375,25965.386771929276,2.3916049130945902,3.9775979695118036,4.794284881489938,14.965505346828282,9.067345334269378,12.383717501564046,43.63363972794775
302.352,302.397,USV_320,0.045000000000015916,1.0,106.86919999999999,False,76.4337,183.3029,225.9183,119.04909999999998,0.00924993958324194,0.026624177631578948,17850.144031052125,15847.003073924314,0.0002058929531193237,32851.97368421053,27661.822609111077,2.6197965323523564,4.40454917701437,5.339730032099788,15.927011650403314,11.45302153377725,14.347767953751923,57.00785266206677
303.259,303.289,USV_321,0.029999999999972715,1.0,106.86919999999999,False,76.4337,183.3029,226.82530000000003,119.95610000000002,0.009855645708739758,0.020403180803571428,15573.920031345695,17534.20481990389,0.0002068251029574785,29410.714285714286,16837.558067802613,2.3966510989591283,4.603569690276612,5.163449645081057,12.961409076848597,9.831508838532098,14.418937134547525,53.06742485671878
303.426,303.479,USV_322,0.05299999999999727,1.0,106.86919999999999,False,76.4337,183.3029,226.9923,120.1231,0.010991591960191727,0.03415749289772727,18199.38717958197,13073.135157075303,2.1659093347062007e-05,30259.94318181818,22128.6454723448,2.306316542568048,4.726194773608889,5.189604322907652,15.469522064070725,11.91020894313716,15.04100578523222,61.56197239934633
303.661,303.715,USV_323,0.053999999999973625,1.0,106.86919999999999,False,76.4337,183.3029,227.2273,120.35810000000001,0.009226667694747448,0.013321586277173914,16431.97211955097,16483.52703045829,0.0002908640921487534,31141.304347826088,23589.15471182198,2.4820396885971157,3.523516290984606,5.471967103999869,16.240469892940208,11.480986107085892,14.297940958701947,56.27491158835493
303.966,304.024,USV_324,0.057999999999992724,1.0,106.86919999999999,False,76.4337,183.3029,227.53230000000002,120.66310000000001,0.008032090961933136,0.032725016276041664,17123.31610105489,16425.933341219006,0.0002061837064414009,32214.84375,26412.52790017649,2.0656692487397703,3.6986561858331855,5.1916714463170885,14.566963518578389,11.300308727329316,14.372686460571893,56.39616630492801
304.458,304.491,USV_325,0.03299999999995862,1.0,106.86919999999999,False,76.4337,183.3029,228.02430000000004,121.15510000000003,0.010386819019913673,0.043929036458333334,18467.805836985746,14795.975850466815,0.00038250181312939004,30650.0,20093.219841542654,3.22237007822595,6.250033992869899,4.867978520342694,14.045430565694684,9.860410761073323,12.39080294082025,56.003001830626616
304.877,304.931,USV_326,0.053999999999973625,1.0,106.86919999999999,False,76.4337,183.3029,228.44330000000002,121.57410000000002,0.009101850911974907,0.026526409646739132,17688.879347353224,16513.391783495186,0.00035799269016964237,32588.315217391304,22365.298849242045,1.8860646997607475,3.2594173686342347,4.849490258044562,15.770757996933943,10.619786461118002,13.396581396242151,57.46970419891113
307.422,307.491,USV_327,0.06899999999995998,1.0,106.86919999999999,False,76.4337,183.3029,230.98830000000004,124.11910000000003,0.021376123651862144,0.019679478236607144,12909.123365652917,13591.891461756508,7.247000435173765e-05,27056.91964285714,23326.234124401108,2.2689106298880484,3.6782035693435313,5.501856507132966,17.063699281827784,12.44773556421388,14.101690682143971,58.441766964846245
307.624,307.633,USV_328,0.008999999999957708,1.0,106.86919999999999,False,76.4337,183.3029,231.19030000000004,124.32110000000003,0.009924854151904583,0.017415364583333332,16582.106937531553,19122.74938919346,0.0003424978906714471,31906.25,20649.796295407134,2.2985241009857997,1.6056293954004637,4.261930041249084,14.719793157407329,9.936025570930822,14.833242281483692,39.77050913175648
308.49,308.499,USV_329,0.009000000000014552,1.0,106.86919999999999,False,76.4337,183.3029,232.05630000000002,125.18710000000002,0.008949562907218933,0.024617513020833332,20005.943955616556,19636.808253394967,0.0014816369607680022,32687.5,26770.260811527867,1.7250856524641291,4.423448268687168,5.933687036020886,16.65477265423085,10.249807304567465,12.233744398215416,39.612569239430734
308.531,308.553,USV_330,0.02199999999999136,1.0,106.86919999999999,False,76.4337,183.3029,232.09730000000002,125.22810000000001,0.008453212678432465,0.024325284090909092,16364.396621887874,17252.22623031039,0.0002736903752991546,32215.909090909092,21799.426459544567,2.004630851678227,4.257065056382213,6.703220176209081,13.74469671941484,9.188613551608526,14.21627819070364,48.39773187215473
308.912,308.934,USV_331,0.022000000000048203,1.0,106.86919999999999,False,76.4337,183.3029,232.4783,125.60909999999998,0.009696763008832932,0.03675426136363636,18667.330700302882,18230.337873381257,0.000701014099380733,31363.636363636364,22652.15820824877,3.2352500597319365,4.576854581278414,4.919049089612499,12.881301589331997,11.435130348999161,13.589342984978094,51.22954449326652
309.101,309.115,USV_332,0.014000000000010004,1.0,106.86919999999999,False,76.4337,183.3029,232.6673,125.7981,0.007790285628288984,0.0394287109375,18025.40555503342,18421.82168565113,0.0004773768207514693,29894.53125,23439.526761531495,1.7165374946701868,2.68250174478727,5.382294921322073,13.879450941925061,8.729911920476646,11.562316634799332,46.560901555255235
312.759,312.783,USV_333,0.02400000000000091,1.0,106.86919999999999,False,76.4337,183.3029,236.32530000000003,129.45610000000002,0.010316950269043446,0.02911931818181818,19791.58216983455,16880.36069512114,0.0004629684122866223,33707.38636363636,21984.287840107336,2.524127197856608,4.008809519188549,4.5977411008193,13.789571922157561,9.462050836095457,13.840224483560782,53.03314321368098
312.96,312.975,USV_334,0.015000000000043201,1.0,106.86919999999999,False,76.4337,183.3029,236.5263,129.65709999999999,0.011734018102288246,0.015899658203125,18654.530344645063,19805.46079461756,0.00022767836057935005,32074.21875,27832.0113860522,2.3269112647787815,2.3564440562695887,4.338431073342398,13.63635422390011,9.42245779884775,14.31967922005064,45.02509663690447
313.078,313.11,USV_335,0.03200000000003911,1.0,106.86919999999999,False,76.4337,183.3029,236.6443,129.77509999999998,0.025969956070184708,0.009521484375,10942.239031639014,14625.55055112821,5.6007988125442134e-05,27408.48214285714,27459.204968950682,4.3748726864308285,1.5469719193893303,6.41754484616668,17.58281284800521,10.770662129204236,17.177373542048425,51.34853914621613
313.216,313.267,USV_336,0.05099999999998772,1.0,106.86919999999999,False,76.4337,183.3029,236.78230000000002,129.91310000000001,0.011756015941500664,0.04750279017857143,17993.68940088758,13154.533599988394,1.2971631229547844e-05,30665.178571428572,23925.590979799585,2.3941396542488724,2.1688535202257837,5.67233519866715,16.233874110248664,11.055299377164456,16.34357397196657,62.20670333718912
313.34,313.379,USV_337,0.03900000000004411,1.0,106.86919999999999,False,76.4337,183.3029,236.9063,130.03709999999998,0.009226498194038868,0.023049747242647058,18002.85348244403,16660.879033465593,0.0002786692380679852,33628.67647058824,28230.199584298858,2.554437063985796,2.7299959154520987,4.561141762099886,16.695781684608242,11.258716373227486,13.337886457592516,54.93560073157419
313.499,313.565,USV_338,0.06599999999997408,1.0,106.86919999999999,False,76.4337,183.3029,237.06530000000004,130.19610000000003,0.008711401373147964,0.04457826967592592,18314.489569484365,14954.663979279669,0.00012382919798965153,32020.833333333332,25658.628496493955,2.531379063969374,3.3992335130755738,5.775310413639125,15.251379871005529,11.23519721639663,14.460516401923337,59.387694014426124
313.649,313.733,USV_339,0.08400000000000318,1.0,106.86919999999999,False,76.4337,183.3029,237.2153,130.3461,0.008511357009410858,0.03042423023897059,17168.443558436935,13855.483149861115,6.409885126819861e-06,31806.066176470587,27288.824496485493,2.534587859542359,4.405456889311487,5.425654446740851,16.54815652993281,10.58601423931163,14.924777181464474,61.99489106410802
313.772,313.81,USV_340,0.038000000000010914,1.0,106.86919999999999,False,76.4337,183.3029,237.3383,130.4691,0.008385451510548592,0.025649126838235295,16690.137986824357,16722.458218163778,0.00027713492121770087,32851.10294117647,21165.797136739442,2.097844602388449,3.3538531629889237,6.1214451181216845,15.224175292157701,9.746355788179356,14.877537785441977,54.47432903362354
315.52,315.634,USV_341,0.11400000000003274,1.0,106.86919999999999,False,76.4337,183.3029,239.0863,132.2171,0.03569463640451431,0.01923828125,9047.215790342405,10547.964405605644,6.404478893883402e-05,18856.25,15240.846028380867,2.6829308900397537,2.6305770822716728,7.063699948004041,16.98437007845042,11.683772230622758,16.056649009091693,66.1271843017927
323.452,323.514,USV_342,0.06200000000001182,,,None,,,,,0.011363495141267776,0.034959059495192304,14536.719996146396,14928.695449501836,0.0001891246305953144,29563.701923076922,25903.69464847961,2.862645105363856,3.3152926238049836,7.099103461568064,17.065681562383794,10.455931660208552,15.952508963152546,58.837114981102175
323.593,323.617,USV_343,0.02400000000000091,,,None,,,,,0.008309642784297466,0.04771839488636364,20017.4541549299,18564.907245380993,0.0007574065267825287,34687.5,27736.425690224347,2.681798326730569,2.7941513942448823,5.8474337843582616,14.876271222425885,9.303636251601079,13.535688772349209,52.57180155332005
324.683,324.815,USV_344,0.132000000000005,,,None,,,,,0.06249898299574852,0.027498685396634616,10294.512545562304,11466.852437344209,7.482957479132349e-05,20096.75480769231,27949.313394224657,4.022794852636915,2.112185827222829,4.9745397907726465,20.12381322217666,13.367291478136307,15.988363433923551,57.70870625965228
326.381,326.427,USV_345,0.04600000000004911,,,None,,,,,0.013403845019638538,0.03912353515625,16917.55046427515,14007.65026831133,0.0001931397799744085,30253.125,20871.50351166877,1.7441414135313618,2.9920905507301696,5.3424755725551885,16.675542772481766,11.326855540985045,15.608607200188839,60.314152862447735
330.302,330.379,USV_346,0.07699999999999818,,,None,,,,,0.046783510595560074,0.01155336441532258,7991.745430244866,12299.14103507653,4.1843240368283666e-05,19596.774193548386,19698.44256549168,2.857224347876218,2.617757210709266,5.276983799013717,18.25570340745696,12.084281563177594,13.586878834291259,58.74389603188838
330.72,330.818,USV_347,0.09799999999995634,,,None,,,,,0.0466705784201622,0.005596454326923077,8394.723251457195,13357.775850456952,8.270242640456535e-05,22495.19230769231,31882.699083703606,2.5983267204814697,3.3735821330305145,10.555050955891526,23.715667395726683,10.982287667710242,13.330275906623664,60.50538125327921
330.866,330.901,USV_348,0.03500000000002501,,,None,,,,,0.011705808341503143,0.0288238525390625,13673.17310503314,15736.38254203142,0.00023374050965271746,27380.859375,21687.81817220324,2.0412365436623867,2.259141559492742,5.369532111997275,16.85667319000965,11.254083678516189,14.654082287088046,55.206539066140344
333.113,333.212,USV_349,0.09899999999998954,,,None,,,,,0.014419283717870712,0.048020582932692304,14908.96411066948,12115.929795136257,7.077587293183038e-05,27156.25,15690.222752821617,2.9227768243519585,3.180728881112079,4.8386497173960885,16.507464931759426,11.39001871220864,14.80915765618662,65.17889888079674
333.465,333.553,USV_350,0.08800000000002228,,,None,,,,,0.019119415432214737,0.01923828125,10897.538280660487,13227.95269352548,0.00010110987562259422,24259.821428571428,16629.01424677942,2.6376551348641053,2.9391485183673143,5.270018613241342,17.966243859291655,11.341050752003788,14.786817674498261,61.693134766161904
333.709,333.751,USV_351,0.04199999999997317,,,None,,,,,0.023481585085392,0.012586805555555556,9416.127971735266,12948.31079778621,7.348104298617808e-05,21786.458333333332,18364.203175329636,1.0295851299588648,4.63983018639396,5.139945526538139,22.635354317529476,11.56045476832816,17.69999050045249,55.63156102722959
333.782,333.804,USV_352,0.02199999999999136,,,None,,,,,0.010636519640684128,0.026589133522727272,14358.620537237757,18240.07544844795,0.001050402661838756,27860.795454545456,17876.671355295533,1.9604540706502092,2.6961883906493025,3.8598942734829715,17.87677305134177,7.747259442506802,17.613625710060937,51.163542577858856
343.044,343.084,USV_353,0.040000000000020464,,,None,,,,,0.00924653559923172,0.03621897977941176,15661.895913997265,15397.555654662405,0.00041046784530324117,30270.220588235294,18898.71388513066,2.4708931005278263,3.0859619841151553,4.864690202441228,15.938786109143575,9.636011381866197,15.813607837024238,58.09896465637746
343.441,343.529,USV_354,0.08800000000002228,,,None,,,,,0.012207258492708206,0.05166015625,15436.782197650029,12160.414013580206,3.012711637834738e-05,28400.89285714286,15471.31643696426,2.2192018132444318,3.514336862821359,5.6829026451195865,15.39429759044004,12.453738265272131,15.221935869056853,65.6422446722791
344.838,344.928,USV_355,0.08999999999997499,,,None,,,,,0.01585502363741398,0.03245713975694445,11081.059694069125,11757.578298836796,0.00016090070121774474,22174.479166666668,14769.230769230768,2.68160132627915,2.889510216032343,4.988871547687207,18.302375034646516,14.549213672091266,14.50430272427546,65.06342789015724
345.337,345.367,USV_356,0.03000000000002956,,,None,,,,,0.019045067951083183,0.018607003348214284,13000.409623988537,17750.99640684074,0.0005974299368677656,28814.73214285714,25734.611901421616,1.9178750822064428,2.7340407250859395,4.208560552292226,16.731821115347476,12.238145469765675,14.618755669574861,51.547242114882856
348.281,348.382,USV_357,0.10099999999999909,,,None,,,,,0.016630467027425766,0.031622314453125,10675.25443864717,11283.897446250752,2.6300770512639947e-05,21496.875,14787.444473879796,2.426446795048237,3.8228088441892227,5.909300816737364,17.40003518650567,11.91449556964719,16.221949028953333,64.34365945542636
348.605,348.676,USV_358,0.07099999999996953,,,None,,,,,0.02461250312626362,0.028572871767241378,12938.262019769323,13613.553319487197,0.00016322111139442883,25742.456896551725,15561.069817406053,1.7368653435687333,2.335946546312485,5.09158836814851,18.301029933566507,9.772681434397843,13.2767413720582,61.59900774878341
348.824,348.898,USV_359,0.07400000000001228,,,None,,,,,0.02965693734586239,0.020963541666666665,10486.629646606589,13697.865243248625,0.0001347524149572948,23231.25,22116.194165853874,2.8953537791247634,2.3231177404825862,4.916366999484195,19.924555529557278,9.37666122077196,13.839403923011718,60.813992099776556
353.766,353.838,USV_360,0.07200000000000273,,,None,,,,,0.014345674775540829,0.03017241379310345,13520.191454307114,14143.317220960394,0.0002517889135314866,27161.637931034482,17979.346173040332,2.247552617048903,2.9833771410370806,7.054990400656694,15.942764132438963,13.58512879694696,17.854908687382974,61.66580486714696
353.963,354.089,USV_361,0.12599999999997635,,,None,,,,,0.02734627015888691,0.0225244140625,10322.526810950983,11893.823719890936,0.0001051819273571042,22014.375,14792.940330516887,2.1062828117254524,2.5585242284706893,5.64619818014644,16.409590805516974,10.799312189554664,16.520349580724705,65.01343274026824
355.087,355.16,USV_362,0.07300000000003593,,,None,,,,,0.03474602475762367,0.020784505208333335,9319.504857758668,10381.801996813587,1.6002937183895732e-05,17818.75,15924.30646579181,2.8486453169135353,2.966589498037448,7.30403950498952,18.959199776880084,10.258120815892177,15.175046044416433,65.0242504470568
355.192,355.273,USV_363,0.08100000000001728,,,None,,,,,0.015271446667611599,0.043619791666666664,13204.671013097133,11765.202067827151,6.273265495245715e-05,24812.5,15428.458905186573,2.980165780123939,2.7543727011327106,4.919925628523583,16.73872009885712,11.610433495048719,14.276034171334011,64.02933215064215
356.276,356.377,USV_364,0.10099999999999909,,,None,,,,,0.01907840371131897,0.024365234375,10781.24463298026,12248.285154129679,6.331748368922469e-05,24501.5625,25509.67425202403,2.3518353139491923,3.0539681486096826,8.292807647719481,15.581100834706604,10.916169747013566,20.01208004912587,62.49442322549144
356.605,356.661,USV_365,0.055999999999983174,,,None,,,,,0.011810064315795898,0.03971000339673913,13194.071086176375,13446.96896339848,9.772550454939544e-05,26555.706521739132,21118.726307300447,2.696838672453059,3.3511135446646576,5.239960864190875,13.963922005488573,13.542413407237065,18.972841424050056,62.13475782146421
356.832,356.95,USV_366,0.117999999999995,,,None,,,,,0.013735080137848854,0.0326888713430851,11936.690088155674,12671.805791145418,0.00017544456526470939,24799.867021276597,14769.230769230766,2.6957544222103715,2.692319044553581,4.586736005998157,15.574755067769166,11.714678488974059,14.230245865468003,64.22868339572213
357.047,357.119,USV_367,0.07200000000000273,,,None,,,,,0.014110539108514786,0.04300242456896552,13568.637067393198,12947.617642148223,0.00022149007440106237,25900.862068965518,14769.230769230768,2.453572103112846,3.1733310432489614,5.493583239299642,14.848211551620718,11.472110659634442,16.756971130239222,64.9781569454157
357.293,357.359,USV_368,0.06599999999997408,,,None,,,,,0.014043196104466915,0.039740668402777776,12928.21439594151,12415.322429587228,0.00034320279884614177,24364.583333333332,15641.582203208436,2.347015763156776,3.2675455708305257,4.56769592877668,14.130787937672183,9.926401498908895,16.710823562841043,63.442095900525544
357.561,357.708,USV_369,0.1470000000000482,,,None,,,,,0.026836002245545387,0.012552195581896552,9485.15803807246,12660.29979421008,6.0110123540506234e-05,23439.116379310344,24257.013968568182,2.8198740977223484,4.003930104361295,5.5170712813288585,20.108083154289048,9.955557043564962,19.148560798136664,61.56332071648837
357.99,358.085,USV_370,0.09499999999997044,,,None,,,,,0.010327499359846115,0.03606214021381579,14891.731896757463,13111.391798426845,7.941863036866907e-05,27717.927631578947,16770.058783331566,2.5388563306697836,2.7671399995860564,5.918405471564299,13.475676403761625,11.051850165159143,14.201509094804273,63.25560608429718
360.044,360.067,USV_371,0.023000000000024556,,,None,,,,,0.013578417710959911,0.023681640625,12301.932608551422,15112.479417530862,0.00029535931650291055,26369.31818181818,21309.039086922603,2.057060470411087,3.7405820304113977,5.216223278446022,14.78254967465702,10.155084304515034,15.645517452443226,51.3058915652905
365.589,365.67,USV_372,0.08100000000001728,,,None,,,,,0.018181132152676582,0.019213127367424244,12002.061318363165,14011.693764949945,0.00012429876483835835,26542.613636363636,22760.43355195521,2.140848701994829,2.3594257977834485,6.438862306857939,23.72862670514362,12.851623170620469,15.143143942473735,59.82335216707789
375.391,375.527,USV_373,0.13599999999996726,,,None,,,,,0.008636494167149067,0.03484301297169811,16603.899302410875,14186.651052355059,8.474246904851469e-05,31492.924528301886,23111.25410439076,2.938980724630783,3.1606499495898235,4.831087253645698,12.849383128630537,11.553517599266351,14.795048103660502,63.66839510315815
375.738,375.749,USV_374,0.011000000000024102,,,None,,,,,0.008588275872170925,0.04656110491071429,19790.63031193685,15057.868009017164,0.00014376946006192773,33723.21428571428,27825.04894681765,1.3418110600002573,3.553548116125662,5.310377321736204,17.434263044297666,11.080133302351625,14.261285396644634,48.315341243567275
386.494,386.634,USV_375,0.13999999999998636,,,None,,,,,0.02962353825569153,0.013356711647727273,9668.686568239029,13121.3066511179,0.0001317557090209159,24865.909090909092,27773.766833213424,2.564952277103563,2.964052140995514,5.688198359209649,18.81719439654597,11.480626803014001,17.42988149035189,60.74663432940031
386.769,386.853,USV_376,0.08400000000000318,,,None,,,,,0.02626579813659191,0.014490464154411764,10137.739079911273,13292.207666460628,0.00012035560856990134,24143.382352941175,25776.984531932074,2.019274612941424,3.5428832849585907,10.244108796719434,19.29282083494663,11.101994592846275,20.532319554137086,60.29489147129387
387.005,387.116,USV_377,0.11099999999999,,,None,,,,,0.027226172387599945,0.016734730113636364,10271.088278188086,13021.669230922638,8.292105747013684e-06,26222.301136363636,30692.99134043793,3.0580789015296976,3.0693585885367836,6.341037927526158,19.307179226708516,11.471774170535397,18.20631364706658,61.2020731852452
387.176,387.301,USV_378,0.125,,,None,,,,,0.022272150963544846,0.019601004464285716,11012.921857088644,12991.908835054955,1.927474847349762e-05,25568.877551020407,25686.512033454208,3.544114052311825,2.7928635462459677,6.31813524497021,19.04054231258388,11.75908080688274,15.746146719015405,59.56485738139552
396.919,396.928,USV_379,0.009000000000014552,,,None,,,,,0.013336576521396637,0.011555989583333334,14279.103634961508,22663.26780537413,0.0004902024365191398,28609.375,23632.497328359357,3.302211816049882,2.5086435352024012,5.731230237271251,10.900041641999069,10.045718067735104,13.155072560901862,35.29261414007457
397.123,397.17,USV_380,0.047000000000025466,,,None,,,,,0.014961103908717632,0.02745361328125,13865.639989181282,14215.1837119381,0.00012337652264400348,26981.25,22928.67179051446,2.238804913863027,2.901688727766154,7.28429522911878,18.59088305770777,10.649115092690739,14.48910753438452,58.40768267278518
419.044,419.113,USV_381,0.06900000000001683,,,None,,,,,0.035691998898983,0.04644775390625,15508.559622785624,13881.879374225779,0.0002462415913600855,28771.20535714286,19136.69922433066,2.8848767361600207,3.2847356957416376,4.87813648232006,15.435045378392717,11.472463091689564,14.473603932021176,61.83971388059264
419.148,419.193,USV_382,0.04499999999995907,,,None,,,,,0.03767111897468567,0.007876747532894737,7697.194271625105,12066.045287967392,9.99573936129088e-07,22228.61842105263,29026.341667801018,2.266326936283894,4.22128373468745,5.575277972862815,16.78353833459715,13.464033725094351,14.114420168680786,57.07904690561341
422.623,422.649,USV_383,0.02600000000001046,,,None,,,,,0.01669834740459919,0.0245361328125,14930.982028207343,18228.981679219654,0.0002586957313606283,30687.5,29239.667847523928,2.339286192797017,4.233792554723025,6.570666541850564,21.495278790355687,11.538538783534142,15.733040672425838,50.3154489113276
425.036,425.123,USV_384,0.08699999999998909,,,None,,,,,0.01737518422305584,0.024260602678571427,13158.1841764761,14651.6510634215,0.0002794505423582367,28017.85714285714,20531.256446633914,2.6918935873279866,2.3375151781412393,4.783116979966624,16.250330378229247,11.11708807763208,15.667845234366034,59.70755726413125
425.555,425.566,USV_385,0.010999999999967258,,,None,,,,,0.011854156851768494,0.017415364583333332,15129.213648683508,18180.021199245595,0.00022485380801821656,28250.0,19038.913627941325,2.2842908949927527,3.3942636220002114,3.103402205496431,14.041687651185102,9.691803313010181,16.312231749355345,45.22136144860181
427.575,427.664,USV_386,0.08899999999999864,,,None,,,,,0.010416341945528984,0.043585883246527776,17664.19463624778,14383.166204934312,0.00012204821044673834,32291.666666666668,20905.84299510222,2.7136977477392508,2.904910408539008,6.7071142237503265,16.839893764086288,10.533904873146746,15.127275383632796,62.212641515207174
430.193,430.219,USV_387,0.02600000000001046,,,None,,,,,0.013350646011531353,0.044352213541666664,17576.884786135342,14963.169217577635,0.00020281790499121567,30804.6875,18589.109611955515,2.245796976303558,3.5995130130771753,6.085496678897516,14.78913567920314,11.452236913244263,13.622838129642282,54.742928285345755
430.314,430.336,USV_388,0.02199999999999136,,,None,,,,,0.008931529708206654,0.03599964488636364,18297.8859173651,17931.637993330663,0.0010243259803005464,32761.363636363636,20643.373087591954,1.8171109362911464,1.95395796950772,3.873180492379958,14.652783722869975,11.175978103856385,16.352936290556222,52.66171373922953
434.209,434.219,USV_389,0.009999999999990905,,,None,,,,,0.008408168330788612,0.027099609375,16370.674931981841,19173.307919966825,0.00037443644606456914,30750.0,25456.75334755011,2.7051105783557516,2.9497242654106977,6.068289835922012,15.77660667755057,8.750479978451077,13.889183871459458,39.82083447492583
435.89,435.925,USV_390,0.03500000000002501,,,None,,,,,0.008801804855465889,0.0303955078125,17161.730130632284,16461.293783104822,0.0003813167845742857,30275.390625,23851.95176101585,2.4686433172064106,2.667077370086644,6.654516657834447,15.269428253431771,10.26426497560599,13.786839809361506,55.62982862592703
437.265,437.378,USV_391,0.11299999999999955,,,None,,,,,0.010933113284409046,0.031070963541666666,14544.16686084236,14009.241876349952,8.1391491323477e-05,28968.75,19241.262819555966,2.5809372490393754,4.715541612302527,6.299144179060123,14.905208463645097,10.16982438970951,14.209965268868881,61.23262675265531
439.288,439.337,USV_392,0.04899999999997817,,,None,,,,,0.010831340216100216,0.022670200892857144,14766.23354150092,16257.765154976927,0.00024941969125302603,29294.64285714286,20370.44384642145,2.2465380344361954,3.352795219651565,6.629069119863037,15.141924539308476,9.257509691409297,15.387610642009852,55.870713572198504
439.513,439.585,USV_393,0.07200000000000273,,,None,,,,,0.010751424357295036,0.02894329202586207,13673.982348366895,14082.28617042499,0.00012896002251611434,28700.431034482757,19788.123919750353,3.12289205337776,3.150229532034868,6.221278087369489,15.433809103172113,9.776136719467216,14.866616417166771,59.649337215311604
441.045,441.163,USV_394,0.117999999999995,,,None,,,,,0.009598108008503914,0.03087080285904255,15916.357379965812,14035.122693025629,0.00012015312726762852,30744.01595744681,21340.53022428694,2.247629833724857,4.6442012933422365,6.023122553531203,17.565995794311718,11.15854587928495,14.68566394548291,62.558990684104046
441.785,441.849,USV_395,0.06399999999996453,,,None,,,,,0.00963206123560667,0.03322190504807692,14742.744481453006,13673.818571677917,0.00026078392601193873,28399.03846153846,15161.362141099427,2.752995666873341,2.734037921968155,6.0633548950138785,16.214771956649994,11.060182880665403,13.906685422576405,60.947868207431
450.722,450.778,USV_396,0.05600000000004002,,,None,,,,,0.027012193575501442,0.029594089673913044,13430.309306486799,14215.676160033734,0.00021038894377368048,27684.782608695652,19202.01832083094,2.371796881638207,4.680652944213485,5.1144413102143895,15.136603536574006,11.952124593107758,15.566415828745278,59.3510187466649
453.903,453.995,USV_397,0.09199999999998454,,,None,,,,,0.012808887287974358,0.03057036528716216,12211.746034932725,13252.740286974273,0.00012348811755441807,26331.08108108108,23561.953407203462,2.865018184547491,3.7202195732739125,7.1363857933296,15.49920403841755,11.200165442321556,15.294425782625366,61.34632656776057
454.505,454.539,USV_398,0.033999999999991815,,,None,,,,,0.012146457098424435,0.017496744791666668,13079.948759884688,15881.3031572227,0.00028045767834334077,27112.5,18776.187157888246,2.3741620506970706,2.2241963740288315,5.00792516070767,17.466474692316595,9.770021764675732,16.883016919986993,54.48638548566823
454.635,454.671,USV_399,0.036000000000001364,,,None,,,,,0.013532694429159164,0.0228271484375,14045.9181242224,15876.7664643376,0.00023904985727659479,27984.375,15835.723146982506,2.7114881353250464,3.9314406458680375,5.562839792060354,16.40807781198176,10.292238864484217,14.028262893408835,55.865649845840956
454.885,454.915,USV_400,0.03000000000002956,,,None,,,,,0.0202651284635067,0.0186767578125,12540.445088635575,16354.683041057826,0.00037040656216852906,28205.35714285714,19064.73548877839,2.470405595924185,4.0580662512823675,5.505697152083742,16.268634621955393,9.064348447314448,13.633461880401809,54.006225511986166
455.086,455.203,USV_401,0.1169999999999618,,,None,,,,,0.035381052643060684,0.010662576426630434,8488.750638566105,12767.622578700268,3.856173406756713e-05,22785.32608695652,26157.832006325843,4.047871217543616,1.7674807929341134,5.831988048006479,19.937218603618145,10.207513026110114,13.290799797966013,58.167620258452374
457.135,457.277,USV_402,0.1419999999999959,,,None,,,,,0.062144070863723755,0.00970458984375,7492.41536053786,11533.590880651405,0.0001515720402551935,19039.620535714286,27398.44372731429,2.8656238853816527,2.3665813992666584,5.727843522746296,19.491006227878138,10.658164942701871,15.711912365440513,58.947002253847394
457.825,457.917,USV_403,0.09199999999998454,,,None,,,,,0.01547924242913723,0.05318306587837838,14957.459532491604,12476.072138549876,0.0002964397093280374,26356.41891891892,17726.77591762069,3.0211325619054183,2.26450489214098,5.15713715511433,15.58234889254821,11.09666044300378,14.682854082438338,65.5879499121426
459.307,459.376,USV_404,0.06899999999995998,,,None,,,,,0.011158278211951256,0.029122488839285716,14418.723926258039,14971.636225467593,9.607089469465789e-05,29233.258928571428,24718.12904534298,2.4596699000914533,2.2942874252388834,5.375041297830151,16.446358235410752,12.125208273172925,15.512095452326564,58.68445979824772
460.647,460.739,USV_405,0.09199999999998454,,,None,,,,,0.010215292684733868,0.033849767736486486,15119.712130827591,14511.696261159903,0.0001997518572814194,29409.62837837838,16006.294476489735,2.198903902749564,4.070985422701565,6.817842766982995,16.39035637618812,10.310334998081942,14.867668518426006,61.28171857131217
463.392,463.422,USV_406,0.03000000000002956,,,None,,,,,0.009330129250884056,0.02978515625,19495.019135183426,16736.77746864516,0.0004972915190863369,33944.19642857143,27579.608688579065,3.060093210249044,3.168458393929695,4.881870089284478,14.989081472242713,11.681295327586481,14.676325761760873,55.246209392871144
463.847,463.909,USV_407,0.06200000000001182,,,None,,,,,0.009884344413876534,0.043485201322115384,19663.603524790724,14802.019183739176,0.00010141924056760159,33468.75,27115.260271285217,2.5823822949244173,4.413429338272664,4.340489814679722,17.003891168710112,11.607973065864009,15.368771073381527,60.225958091661894
463.994,464.026,USV_408,0.031999999999982265,,,None,,,,,0.014521985314786434,0.029139927455357144,14674.141137163466,15948.281119283312,0.00012636298764888188,30462.053571428572,27784.007959883467,2.77473979029996,3.176352035449011,6.996645286182482,17.424460928689975,10.323990500490984,16.061452647705206,55.48508825703617
464.966,465.005,USV_409,0.03899999999998727,,,None,,,,,0.00896245427429676,0.03463924632352941,16601.800316027675,15627.729781875054,0.00026656501473740034,30821.691176470587,25340.38805277367,2.6020880386281,2.9955148185834393,5.076562480238859,16.772210970313218,9.98195680200648,13.75335852877188,55.97949568505083
466.075,466.14,USV_410,0.06499999999999773,,,None,,,,,0.0151468301191926,0.04538302951388889,15138.240325328345,13214.356626139612,0.00010266272665738693,26833.333333333332,14769.230769230768,2.6533713187633605,2.8927985328422157,6.9988803081443445,16.50993597800448,12.779522845643775,13.796840058358434,62.90881957187309
466.586,466.612,USV_411,0.02600000000001046,,,None,,,,,0.013403233140707016,0.02606201171875,16596.518939832556,15018.55195727293,7.393807736395725e-05,29687.5,25188.076092727886,2.694748864201421,2.3200792666225056,5.460965768631797,13.112641509637946,9.704309663070884,13.250553178098798,54.090022005098774
472.091,472.151,USV_412,0.060000000000002274,,,None,,,,,0.011100462637841702,0.03224609375,14119.227554843996,14237.670037821143,0.00019481599107857642,28338.75,20375.941832212648,3.062770840347522,2.551407876660389,5.410171876723229,15.7530408192682,9.774987009441812,16.110155120839988,58.56679257565653
473.746,473.777,USV_413,0.03100000000000591,,,None,,,,,0.010751032270491123,0.018380301339285716,13550.111943481626,15529.455314219931,0.0001417272019735133,27683.035714285714,18216.74923896691,2.3806252732084188,2.889668328770454,4.710682261975761,13.375390416953875,11.856310812874584,14.455898642412706,53.884590950905476
473.992,474.033,USV_414,0.04099999999999682,,,None,,,,,0.011828538030385971,0.024264865451388888,13054.608882125127,14639.69426198597,0.00014298492864951433,26901.041666666668,18172.089834457805,2.9709429441827706,2.4403147614196423,4.403766591694451,15.334228549946967,12.56490331798725,16.186927309368016,56.96851320082505
474.445,474.494,USV_415,0.049000000000035016,,,None,,,,,0.051430076360702515,0.008765811011904762,8107.560354878436,12861.725166696831,0.00018762165330411955,18053.571428571428,23820.56600414135,3.0756737055503085,2.755522188030925,4.807888475420115,19.26918418024368,9.509310439957304,15.28783827011702,57.56268263367551
474.649,474.717,USV_416,0.06799999999998363,,,None,,,,,0.03771048039197922,0.013192313058035714,8849.213425509564,12091.735496552736,9.812562862931278e-05,20216.51785714286,21207.706168989804,2.090256200787874,2.7612950688113567,6.223688212588963,18.11755793521583,11.627384941452886,13.849116815025022,61.391165104723356
474.875,474.925,USV_417,0.05000000000001137,,,None,,,,,0.047722481191158295,0.011439732142857142,8029.25525855054,13016.903752702494,0.00016937437244938863,18147.321428571428,25849.83590040245,2.181651824145778,2.4023313756606024,5.579104770830595,18.038445097792437,10.477188069881512,15.72636885835888,57.767734691362705
475.736,475.779,USV_418,0.043000000000006366,,,None,,,,,0.010141361504793167,0.042146381578947366,16271.141632747125,16218.897629559497,0.0003825663901518106,29684.21052631579,18185.516129360083,2.2202475634994117,3.031047155677559,4.312271355295785,12.103239480479763,9.40457896588218,14.10103404496255,58.40837798954037
479.363,479.375,USV_419,0.012000000000000455,2.0,,None,479.3419,,0.021099999999989905,,0.007282184902578592,0.03180803571428571,17643.159461217158,17432.98866690846,0.000458009233682412,30910.714285714286,22114.11980125858,2.1240949406000498,3.323814964899911,6.037790042706425,13.950330911931218,13.270927874629896,16.67323196058674,44.257125968658265
479.423,479.507,USV_420,0.08400000000000318,2.0,,None,479.3419,,0.08109999999999218,,0.009280087426304817,0.03450999540441176,15219.811170622157,13873.854709732124,8.407156021119491e-05,29561.58088235294,18144.962564702448,2.1402821354386257,5.959604310679363,5.7538743889309005,14.936127677770601,11.307889707202353,13.975744607691137,59.701930401275405
479.908,479.984,USV_421,0.07599999999996498,2.0,,None,479.3419,,0.5661000000000058,,0.012010711245238781,0.03250220514112903,13093.597485074095,12504.265333409347,6.783478017827274e-06,26591.733870967742,22734.25989909806,1.8072244188120066,3.0525953738485874,6.1172281594683815,13.791211944996128,9.844353845996768,16.130621508993553,61.72669677835866
481.128,481.227,USV_422,0.09899999999998954,2.0,,None,479.3419,,1.7860999999999763,,0.010253256186842918,0.035801031650641024,14320.53473598587,13023.078203831836,2.8732089288608756e-05,28435.096153846152,16875.670514243135,2.424379952237202,3.3689780253421397,6.4406681128524115,16.69431332994627,11.360759888961603,15.232270782641384,62.22592040483903
484.592,484.651,USV_423,0.05900000000002592,2.0,,None,479.3419,,5.250099999999975,,0.010595258325338364,0.030341796875,15129.698632362106,14034.436790876985,0.00023837383667519113,28683.75,18009.355197528002,2.5846885918373577,4.0320414321015114,6.402130014188409,17.227190814716263,11.153926376368005,15.252864085208705,59.57794472370037
485.031,485.061,USV_424,0.029999999999972715,2.0,,None,479.3419,,5.689099999999996,,0.010398173704743385,0.015311104910714286,15308.169452471617,18088.058232694126,0.00028385778377084536,30455.35714285714,22623.156636275067,2.5030753065687423,3.947887356319513,6.152810090928964,15.73252709636546,9.529393971827298,14.571984890109514,52.89514698102977
485.835,485.865,USV_425,0.03000000000002956,2.0,,None,479.3419,,6.49309999999997,,0.011004449799656868,0.016845703125,15930.046900570309,17935.569002234217,0.00034097572478997064,32343.75,22674.777989789425,2.0659327271896664,3.1290589143951553,4.79751208343873,13.570259876773571,9.81526770219151,13.191555061280352,51.517326871893715
486.526,486.536,USV_426,0.009999999999990905,2.0,,None,479.3419,,7.184100000000001,,0.017243443056941032,0.012125651041666666,11549.36202747904,19150.906919705,0.0004289909561837802,24312.5,25783.10334856063,1.835329911360583,1.0749055275497608,4.221057164353643,13.982341818077005,11.583861705641397,19.515245289598756,36.90812980468777
486.789,486.854,USV_427,0.06499999999999773,2.0,,None,479.3419,,7.447099999999978,,0.01600790023803711,0.04577184606481482,13373.728630099518,11847.381053296129,8.503934371616202e-05,24718.75,14769.230769230768,2.768593461064017,4.168618760816418,5.266703411758481,14.877929624264912,11.021308971057712,14.995775714179421,63.996911296448324
487.294,487.347,USV_428,0.05299999999999727,2.0,,None,479.3419,,7.952099999999973,,0.019936639815568924,0.030162464488636364,9674.876262401547,10916.156932395534,0.00010557353435402682,17535.511363636364,14769.230769230768,1.9973903338966976,5.37236492474237,5.316181558689953,12.403439783446144,12.372129793608837,15.111661233793528,63.17336520145741
487.808,487.885,USV_429,0.07699999999999818,2.0,,None,479.3419,,8.466099999999983,,0.014331494458019733,0.026705834173387098,10609.59710431891,11612.560372526908,1.713215073597327e-05,23507.0564516129,19339.027809857173,3.2995785806591136,2.455143353068826,6.862518407883891,13.762951317948037,12.532457918075178,17.452462378056723,63.00326687005706
488.945,488.978,USV_430,0.03300000000001546,2.0,,None,479.3419,,9.603099999999984,,0.010279130190610886,0.01220703125,15327.73497514049,16578.652020734087,0.00025458360433011087,28843.75,19376.69344726974,2.61976008704483,2.875306054510783,7.013479764425695,16.139735923420677,9.818827800978656,12.520339774267114,54.19900141957486
489.71,489.741,USV_431,0.03100000000000591,2.0,,None,479.3419,,10.36809999999997,,0.010566042736172676,0.05425153459821429,19114.3603307412,16354.430098759816,0.00024553486112478205,32209.821428571428,17480.157703243058,2.286704154811868,4.567611569174881,4.819698952901251,17.077308656357836,9.375777235941928,15.077166704013033,56.15160006914798
489.877,489.924,USV_432,0.04699999999996862,2.0,,None,479.3419,,10.5351,,0.009189637377858162,0.03800048828125,17181.974765334184,14197.68559140876,3.910001639968638e-05,31293.75,25033.652414328615,2.4641170558012084,2.6690483005520274,4.94816303747951,18.857116292988202,12.534730241041506,14.958534982684261,58.71605665583775
490.353,490.395,USV_433,0.04199999999997317,2.0,,None,479.3419,,11.011099999999999,,0.009043021127581596,0.03431532118055555,19013.719062378008,17351.675620153022,0.0011709370358738724,35015.625,20876.819725327096,2.7788587489764995,5.081972023266356,5.681058708438894,15.921227070525743,10.59087756891387,13.534106526631602,54.94302491187783
492.379,492.403,USV_434,0.02400000000000091,2.0,,None,479.3419,,13.03710000000001,,0.007032616063952446,0.03531161221590909,17912.452213830562,18004.08952010044,0.00030015449710123616,33775.568181818184,24658.244230309254,1.5396553478503223,4.108907268482227,4.893334907489595,17.124370410677418,9.76954198240746,14.659459480569854,51.00489881904892
493.455,493.463,USV_435,0.008000000000038199,2.0,,None,479.3419,,14.113099999999974,,0.0052587552927434444,0.047265625,23234.68607637493,22741.602677599923,0.0027062994584507844,37331.25,26008.897062663185,1.8587013927135536,1.9507061980093099,6.6010113937089985,13.595152124602658,9.00611071146805,15.607336633842326,36.57400542219841
499.212,499.258,USV_436,0.04599999999999227,2.0,,None,479.3419,,19.87009999999998,,0.007501831743866205,0.0324462890625,17500.32141380672,17159.5937604758,0.00043759113161162197,32278.125,20719.261263010274,2.078862556086687,2.377478230108985,5.16848559924952,17.55326125729131,10.607707891598908,15.351782184995411,56.733110717525335
500.174,500.207,USV_437,0.03300000000001546,2.0,,None,479.3419,,20.83209999999997,,0.00801063422113657,0.04718424479166667,19073.02016021577,15800.13590537387,0.0004909447941335069,32493.75,16789.577889969656,2.4843560505759643,3.3464984156552395,5.279251955766554,16.099389902026207,10.905173921017207,16.11837049181264,56.07139753835383
500.417,500.436,USV_438,0.019000000000005457,2.0,,None,479.3419,,21.075099999999964,,0.011841257102787495,0.041357421875,19758.419199252694,16892.778451195674,0.00045232490429667144,32306.25,26520.16838409706,2.2628070264924403,3.056882102864641,5.070379324709278,16.139793488172238,9.469504936657575,13.94175802864846,51.164891539824794
501.691,501.748,USV_439,0.05700000000001637,2.0,,None,479.3419,,22.349099999999964,,0.010840552859008312,0.07796223958333333,21819.79050688912,14338.798299820211,0.00037870593577261983,34355.46875,27454.077122520102,2.6333006991845376,4.438649735214892,5.727751979404419,18.91593327340554,11.064120778349869,14.3955956993837,61.70036649278773
502.62,502.639,USV_440,0.019000000000005457,2.0,,None,479.3419,,23.278099999999995,,0.010499714873731136,0.018408203125,16417.284854251295,18243.988209772517,0.0002228313889001451,32128.125,21924.636215096947,1.9442160564850723,2.8807484217810777,5.428671460164034,15.052504574434346,11.428588642634413,16.288621128436755,47.857041305009474
502.964,503.001,USV_441,0.03699999999997772,2.0,,None,479.3419,,23.62209999999999,,0.009695703163743019,0.046661376953125,19285.102673902817,16193.141549014596,0.00010905909790533868,32121.09375,26711.825534083902,2.719283194162295,3.015082053609408,5.21261049963487,15.341470711112693,10.399433748261941,13.639399259222829,55.55445304594616
504.151,504.256,USV_442,0.10499999999996135,2.0,,None,479.3419,,24.8091,,0.018329225480556488,0.07480003720238096,21104.4894552718,13565.024566259488,0.00014585981796051418,34002.232142857145,23690.106781010076,2.1678477400050165,4.813144953537422,5.755751633164496,17.280395579589193,11.803068080609913,15.602801123308328,65.7226319114706
504.353,504.373,USV_443,0.01999999999998181,2.0,,None,479.3419,,25.0111,,0.006497025489807129,0.038623046875,19371.672006585704,18665.298736952576,0.0006463346455545889,34546.875,20254.65311142045,2.573619119469977,4.375397407965034,5.0478066069808465,13.883020959737015,10.345609463901802,15.293439729919609,49.37176855450395
504.556,504.607,USV_444,0.051000000000044565,2.0,,None,479.3419,,25.214099999999974,,0.010307238437235355,0.06154563210227273,19761.897217973474,13360.956840205676,3.5211412854927504e-05,32705.965909090908,26908.496014552307,3.319814504136286,4.302099660186733,4.056238958530461,15.145686732927773,11.519411465380859,14.218537778792733,62.00119323660959
504.753,504.762,USV_445,0.009000000000014552,2.0,,None,479.3419,,25.411099999999976,,0.008874673396348953,0.024169921875,18392.450984485233,20937.817627209868,0.0006834541145143983,30781.25,21075.37899649306,2.1375737585322785,2.2103733923295033,4.9531274027489856,13.854772565838358,9.103929449513211,16.61468312278029,38.38660235883784
504.819,504.887,USV_446,0.06799999999998363,2.0,,None,479.3419,,25.477100000000007,,0.008392813615500927,0.029131208147321428,16906.752419413104,15922.886969490837,0.00010609924828668573,33137.27678571428,23193.27853079339,3.068452983798039,4.729793570810053,5.1404405939830395,16.95215796673612,11.640724946527891,15.361012132403598,58.023119020199
505.208,505.255,USV_447,0.04699999999996862,2.0,,None,479.3419,,25.866100000000017,,0.009144006296992302,0.0281005859375,15644.568279012461,14972.270094299358,6.600177104916524e-05,30356.25,20376.004255458603,2.2362155962725074,3.2086847260709623,5.182141572256453,16.614445278702625,10.835030738277448,15.242626964053368,57.787859422133145
507.592,507.625,USV_448,0.03300000000001546,2.0,,None,479.3419,,28.250099999999975,,0.006539604160934687,0.042154947916666664,17074.06092821001,14755.387989719078,0.0001545269071851948,31512.5,17357.862893351747,1.8747168405206265,4.579116083357841,5.018001012393412,17.2810717850981,10.65873413726456,15.213185964711055,55.2207787078376
510.853,510.866,USV_449,0.012999999999976808,2.0,,None,479.3419,,31.5111,,0.010826735757291317,0.016357421875,17510.60048745003,16431.9892212137,9.090843352965517e-05,30857.14285714286,25613.872086772644,2.297506203844584,5.290936186947377,5.802420978308504,15.661065672879898,11.941400682652892,14.019043283716432,45.7380529759097
511.02,511.03,USV_450,0.009999999999990905,2.0,,None,479.3419,,31.678099999999972,,0.011741903610527515,0.012980143229166666,16552.635965794892,21899.627474416324,0.00032534791481670386,29781.25,17915.24957513717,2.2998993998401556,2.4566416062724428,6.436105996375819,12.55223189135918,8.759094334190012,13.529022008878371,36.987520878543975
517.986,517.995,USV_451,0.009000000000014552,2.0,,None,479.3419,,38.64409999999998,,0.00965388398617506,0.022135416666666668,20382.456360872595,23559.617270084305,0.00047569030882356115,33984.375,28622.40093918682,2.1291192705345883,2.1495705042029596,6.394157809786559,13.344610949904867,8.249831059200302,12.991581937797747,36.78575464140127
520.323,520.343,USV_452,0.01999999999998181,2.0,,None,479.3419,,40.98109999999997,,0.007876772433519363,0.0533447265625,18340.732459811756,16655.84574135198,0.00019319685332722176,30684.375,24220.462370749472,1.9506555245047672,3.8278188423094783,6.257543058773456,16.084130257914993,11.1007601634798,14.54462146405458,53.001195392959644
520.805,520.819,USV_453,0.014000000000010004,2.0,,None,479.3419,,41.46309999999994,,0.009572221897542477,0.027130126953125,17230.582929048025,18535.23699687596,0.0005095889008973847,30539.0625,23019.922812190744,1.533266357250286,4.7002097265242355,5.693441650394784,15.541340016792452,9.129446939683094,13.308219817059664,44.41976101410499
521.562,521.574,USV_454,0.011999999999943611,2.0,,None,479.3419,,42.2201,,0.006148019339889288,0.036900111607142856,20391.609874208923,21101.316077511445,0.0009440178718086202,35022.32142857143,26179.977314408745,1.327235119920124,1.9240943565742832,3.877608038919059,15.372892427339819,11.32921563671731,11.584053371435134,41.16482302694846
523.356,523.43,USV_455,0.07399999999995543,2.0,,None,479.3419,,44.014099999999985,,0.009731343016028404,0.023868815104166666,16410.357754744113,15306.443703831343,9.589128732187257e-05,30812.5,23734.43798266476,2.215568065668952,4.326726099587944,4.916692994186717,16.201235877367022,10.25322557922902,14.648052180792597,58.87066474212032
523.573,523.591,USV_456,0.018000000000029104,2.0,,None,479.3419,,44.23109999999997,,0.008752363733947277,0.043023003472222224,20138.913207833157,16414.564839170846,0.000803179590742882,33260.416666666664,26463.98233974443,1.4917227264629895,4.536893163195062,5.487156868628363,15.919059426893519,12.086718171007654,15.50115198601673,49.63929822999826
526.993,527.018,USV_457,0.024999999999977263,2.0,,None,479.3419,,47.65110000000004,,0.010493115521967411,0.013346354166666666,16559.271605245824,16617.292244626497,0.0008000151362162981,31328.125,24395.037135570343,2.3289540360830085,5.883394568765875,5.233385708696333,15.062755755688535,9.67580916421045,13.841897310226505,51.54004227002708
527.605,527.62,USV_458,0.014999999999986358,2.0,,None,479.3419,,48.26310000000001,,0.008771289139986038,0.0181884765625,16042.026777282765,15305.706811204544,5.1316427364430236e-05,30832.03125,18722.717223447507,2.219230963686719,3.990618425250737,6.7850755636735,16.61362180469362,12.264376338488972,14.133382797505785,48.47960119751057
527.773,527.854,USV_459,0.08100000000001728,2.0,,None,479.3419,,48.431100000000015,,0.008349446579813957,0.025235262784090908,16082.599254403454,16094.232694667207,9.085029826501964e-05,32198.863636363636,18801.838002589444,2.4847604443257296,2.787105170644182,5.191687536804131,16.630608559973975,10.6243731081202,15.754987191315767,58.09456620878535
530.275,530.29,USV_460,0.014999999999986358,2.0,,None,479.3419,,50.93309999999997,,0.010012676008045673,0.019287109375,16721.661454185876,20830.576949638846,0.0002586778922842955,31300.78125,17295.182958192567,2.3007962536910904,3.6623750674893536,5.744715320856702,13.147332411721827,8.648026277069881,13.71601912030497,42.80020479661228
530.834,530.857,USV_461,0.023000000000024556,2.0,,None,479.3419,,51.49209999999994,,0.01048352476209402,0.005548650568181818,14995.618112190727,16511.176015784542,0.00010182804618802723,29676.136363636364,21631.19140384678,2.418329743239525,3.7579452244526625,5.07350650988405,17.357897792984474,11.386538063369807,16.44347264880014,51.111602193236735
530.903,530.917,USV_462,0.014000000000010004,2.0,,None,479.3419,,51.56110000000001,,0.007383565418422222,0.028228759765625,16445.319388281227,15649.913560624116,0.00045652732870018456,29882.8125,15120.723427607049,2.710696701207977,7.4705656132285165,5.79199967954501,13.743015994715726,8.722385317229051,13.911997757521519,47.67089294260272
534.746,534.782,USV_463,0.03600000000005821,2.0,,None,479.3419,,55.40409999999997,,0.008745208382606506,0.021697998046875,16117.406040200207,17363.723218053645,0.00038459478201270387,32361.328125,21013.180692805592,2.3895107495022354,5.205001332249848,6.0399540166164,16.340802962771846,11.77625197336532,14.931925603128363,54.08982630327583
536.198,536.263,USV_464,0.06500000000005457,2.0,,None,479.3419,,56.85609999999997,,0.00916423462331295,0.019386574074074073,15934.498189332946,16390.39750692427,0.00012940170625563914,31628.472222222223,24729.81136030432,2.328419064519209,4.466227260660682,5.7339408407561505,16.51482986170335,10.575617090941865,14.770807035416748,57.96850566173126
537.724,537.74,USV_465,0.01599999999996271,2.0,,None,479.3419,,58.38210000000004,,0.010532177984714508,0.026641845703125,19197.020743259724,16658.331125595472,0.0001798544526287281,30585.9375,24785.08236133549,1.698616525737274,3.7478839868510514,6.095430649400923,16.0392327438474,13.132491521271534,15.531343851020507,49.615346972094194
542.399,542.424,USV_466,0.024999999999977263,2.0,,None,479.3419,,63.05709999999999,,0.006939728278666735,0.03167724609375,17765.949173772824,17355.90383153241,0.0002238957484739229,32742.1875,26683.146904822086,2.237992403356191,5.418844746677085,5.589970155393342,16.422137863356014,9.75024825831499,15.668353922386677,51.60825453070448
543.94,543.973,USV_467,0.032999999999901775,2.0,,None,479.3419,,64.59810000000004,,0.007515094708651304,0.025374348958333334,17022.817226711377,15965.639839324669,0.00015524559039376888,31706.25,23009.30315252806,2.0291251678024294,3.5303304311361408,5.227940586463585,18.353861487015706,11.45066619737648,13.442610760883651,54.288379833546394
544.936,544.965,USV_468,0.028999999999996362,2.0,,None,479.3419,,65.59410000000003,,0.007380626164376736,0.019869290865384616,17790.646284307568,17327.694623741812,0.00010772603596556651,32704.326923076922,26084.285717667688,2.8830271776729552,4.6057843814536765,4.492926566046161,15.436760913760228,9.216240638359682,14.73540094137531,52.45236925494525
548.591,548.619,USV_469,0.02800000000002001,2.0,,None,479.3419,,69.2491,,0.006810372695326805,0.02197265625,17154.996944493574,17888.629714916086,0.00018518434380238394,33584.13461538462,21191.800927747376,2.076114704590157,4.556856563680825,6.376258671648245,16.3256811523074,11.20964505495378,14.002088586259298,51.73279984820525
548.97,548.999,USV_470,0.028999999999996362,2.0,,None,479.3419,,69.62810000000002,,0.00761058134958148,0.02330603966346154,16746.65614737518,17814.63456197423,0.00038261478518329927,33007.21153846154,24253.85955173612,2.317736171275963,5.223706608963255,4.514246563161407,16.049526135025797,12.268643301764323,14.686618633843564,51.17818783631175
551.13,551.139,USV_471,0.009000000000014552,2.0,,None,479.3419,,71.78809999999999,,0.006817882880568504,0.019083658854166668,19305.364829495666,22185.43961983458,0.0011239048495259494,32906.25,18553.096538894843,2.3546045956896307,4.153376721896123,5.83171091399396,12.312223964512045,9.533316471529407,13.295338650709285,38.00528350120076
551.647,551.657,USV_472,0.009999999999990905,2.0,,None,479.3419,,72.30510000000004,,0.01072647050023079,0.0069580078125,14643.262907487568,16263.574030976319,0.00010654027756227391,28765.625,19590.67476299917,1.9794777902121103,3.7359652236336696,5.457296819613379,17.059929032525904,10.543068691311218,12.50466149722802,41.59931088744009
552.492,552.501,USV_473,0.009000000000014552,2.0,,None,479.3419,,73.15009999999995,,0.009928078390657902,0.010579427083333334,18618.467862186946,21258.465511320905,0.00029821595783238015,32281.25,27331.445411048015,2.0847786083175017,3.2358161911152514,4.270033846371927,14.333341342316942,10.147936294481232,12.938523712139533,38.385862614141914
555.681,555.716,USV_474,0.03499999999996817,2.0,,None,479.3419,,76.33910000000003,,0.01035809051245451,0.05377604166666667,18467.549168385565,14802.645439882897,0.0005456528780863839,31187.5,23979.492969608407,2.3485763561565083,3.5676607044854984,3.652897928554675,14.63147930557095,10.167376485312476,15.569733897652956,59.505805650574786
556.048,556.159,USV_475,0.11099999999999,2.0,,None,479.3419,,76.70609999999999,,0.01221078634262085,0.05680153586647727,18084.029200521556,13263.708342576,6.748745385576626e-05,30588.06818181818,21274.580128753758,2.540980220291538,4.790143725783829,5.49682518482379,18.294906503616282,10.9031291963826,13.944878802901075,64.04011820964666
556.411,556.453,USV_476,0.04200000000003001,2.0,,None,479.3419,,77.06909999999993,,0.010121417231857777,0.050591362847222224,17641.62442048084,14987.085143169945,8.05994162362483e-05,30208.333333333332,22921.143396297186,2.096199548065263,4.836340550609587,6.583573831573156,17.843842948754684,12.292174600345923,15.222522716326324,57.86747502502294
556.649,556.659,USV_477,0.009999999999990905,2.0,,None,479.3419,,77.30709999999999,,0.010899190790951252,0.009195963541666666,16278.48411918775,20314.53243276167,0.00030108609538092093,30312.5,17176.562199877648,2.2544569571402118,2.01819900475718,4.49594509182674,13.889930110955087,12.921195257561253,17.068488443341497,38.585841478576675
556.741,556.763,USV_478,0.022000000000048203,2.0,,None,479.3419,,77.39909999999998,,0.010896754451096058,0.008589311079545454,16220.438867085315,19900.8896322795,0.000740589381632649,31321.022727272728,16271.930334105831,2.4639309697812237,2.1271995007768454,4.774957905901402,13.130282232600042,10.630252298493797,13.175699816462638,48.522688414076875
556.837,556.869,USV_479,0.03200000000003911,2.0,,None,479.3419,,77.49509999999998,,0.009688838385045528,0.017735072544642856,14472.59446620874,15992.907423208168,9.391112895986666e-05,30783.48214285714,21822.581608549204,2.3956449125840344,5.745074454575513,7.159235598538501,18.118556837648775,11.612774589952082,16.10676338166225,53.21088666530019
557.023,557.075,USV_480,0.05200000000002092,2.0,,None,479.3419,,77.68110000000001,,0.011720732785761356,0.03244850852272727,16432.54092606202,15358.00857641259,7.779257114392196e-05,31103.69318181818,21078.660952401504,2.847750124653096,5.264223497808766,6.057695168325637,17.42342248420892,10.874612845648773,14.679298216276583,57.42545539772448
557.908,557.943,USV_481,0.03499999999996817,2.0,,None,479.3419,,78.5661,,0.009142744354903698,0.0208984375,16765.91271236024,15944.054429580567,0.00014433666588260885,32168.75,18046.587160924515,2.47162074782451,2.805983859592632,4.803706227178572,16.556184460667836,12.48085191249868,14.390301790877045,57.16939587632622
560.205,560.253,USV_482,0.04800000000000182,2.0,,None,479.3419,,80.86310000000003,,0.011205721646547318,0.079052734375,21445.402837438596,13756.054972301179,3.773387197772565e-05,34392.1875,25851.651787429168,2.1854776222673378,5.0489897726364275,5.242737862509846,17.624324647601277,11.3097202573483,13.826290331505055,61.55166842454838
560.622,560.647,USV_483,0.02500000000009095,2.0,,None,479.3419,,81.28009999999995,,0.006864985916763544,0.068115234375,22839.332841783584,17057.88611758294,0.0005363203960495675,36578.125,29362.57681327598,2.396154693267974,3.5388655550207773,3.875116514579878,15.538881046532689,9.42164238473024,12.146533796095627,54.922278099343735
562.405,562.435,USV_484,0.029999999999972715,2.0,,None,479.3419,,83.06309999999996,,0.009596869349479675,0.015590122767857142,15157.2777164484,17176.42402380404,0.00016031002154868784,30194.196428571428,16818.580331848763,2.3037998630614744,3.0691970748736925,4.596005282519057,16.585768894089743,11.075716925098765,13.64701960075148,54.08147193739363
562.923,562.947,USV_485,0.02400000000000091,2.0,,None,479.3419,,83.58109999999999,,0.01176642719656229,0.029274680397727272,17622.040294369286,14810.407037492427,0.00014625524204567729,30153.409090909092,22750.91641437404,2.558167003693345,2.562496871205902,5.547117327412964,17.035525844294025,12.350550418087117,14.136788665428611,54.348026987928
566.945,567.004,USV_486,0.05899999999996908,2.0,,None,479.3419,,87.60310000000004,,0.008372195065021515,0.024607340494791668,16454.47463124455,16365.662753668073,0.00014343696329988361,32433.59375,20987.49442353178,2.5727176910776373,4.993330597018491,4.79630907431249,17.543421416298205,11.798808251238647,15.25432162775528,58.321132706664095
568.03,568.056,USV_487,0.026000000000067303,2.0,,None,479.3419,,88.68809999999996,,0.00914389081299305,0.02386474609375,17282.420035822895,16645.361155031685,0.0003333324403085544,31593.75,20906.44626404037,3.2838496354564968,4.677320839520932,5.750972103942249,18.399701024480414,12.003284533362658,16.562193209871943,53.00907909215227
568.184,568.211,USV_488,0.027000000000043656,2.0,,None,479.3419,,88.84209999999996,,0.012205904349684715,0.08330829326923077,20321.5733251757,16026.323670407883,0.00034647305030436205,30706.73076923077,26999.195691498466,2.098626916889197,6.154522978316683,3.037403925511985,16.0328374694632,10.266479970960107,15.603051118491315,56.00263056769633
568.322,568.334,USV_489,0.011999999999943611,2.0,,None,479.3419,,88.9801,,0.00731287244707346,0.06019810267857143,18790.766498851885,17567.396751119675,0.00018739578512772496,31620.535714285714,26001.19415860659,2.3323811868429822,0.9834990550254276,5.076934676358525,15.148258756739343,10.98745537836074,14.577679718590835,46.1501013235163
570.612,570.622,USV_490,0.009999999999990905,2.0,,None,479.3419,,91.27009999999996,,0.012980417348444462,0.020182291666666668,16181.665151882056,17165.413367213256,0.0005869400023305564,28343.75,17217.60505279709,2.261361125670571,5.015548752315901,4.2216461592128365,14.397080419740481,9.359711123872803,13.523794518221507,45.069025043904695
570.889,570.906,USV_491,0.016999999999939064,2.0,,None,479.3419,,91.5471,,0.01147577166557312,0.007486979166666667,15450.904718169806,18619.828953460576,0.00037728704502762493,29583.333333333332,22223.103758882153,2.4040277181428937,3.8819462394284248,4.639200716012741,16.228778223420058,10.709721245477008,14.269038298926505,45.09224050952425
571.054,571.152,USV_492,0.09800000000007003,2.0,,None,479.3419,,91.71209999999996,,0.008598759770393372,0.02051407251602564,16770.609616828733,15154.677566072647,0.00033128147409952564,32497.596153846152,23799.056600458258,2.688034913247169,3.9293373242214464,4.945812846029108,17.80927365081837,12.571875701822128,15.290116332569418,59.97112515282843
572.151,572.195,USV_493,0.044000000000096406,2.0,,None,479.3419,,92.80909999999994,,0.009123004041612148,0.01791221217105263,16631.377675291482,16502.349405119578,8.954528015051941e-05,32358.552631578947,23656.82507320566,2.4612503892357127,5.090276758620868,4.980891605321433,16.08415393535906,13.342903081355214,15.400191761579269,55.04325930723149
572.762,572.892,USV_494,0.13000000000010914,2.0,,None,479.3419,,93.42009999999993,,0.011202243156731129,0.05271522671568627,19139.056146552593,13431.206471420028,1.4618653352842066e-05,33158.08823529412,22545.999474019307,2.4221506842297624,3.9692224175792297,5.351071907346567,17.771762943037853,10.75398931177012,16.139745997784335,63.736157401474046
572.985,573.015,USV_495,0.029999999999972715,2.0,,None,479.3419,,93.6431,,0.00919919740408659,0.030099051339285716,17715.333218758795,16770.37991917947,0.0005390362831388825,32390.625,26529.731291947937,2.5746187368014843,4.213598570901789,4.679411487350383,17.616014259093195,11.595180744421954,14.794635912027365,53.13224953310248
573.262,573.27,USV_496,0.008000000000038199,2.0,,None,479.3419,,93.92009999999993,,0.010928966104984283,0.00576171875,20712.335702594115,23800.05199770923,0.0004643757654240492,35081.25,29895.722751220233,2.18437549619919,1.8333104115719139,4.316547168375423,11.957136291323966,8.187702400351005,12.272003091985964,34.13221435507544
573.838,573.847,USV_497,0.009000000000014552,2.0,,None,479.3419,,94.49609999999996,,0.00878672394901514,0.024454752604166668,18816.115041330548,23009.246293753346,0.0004844266855494335,34296.875,24273.456381277454,0.6867166335180345,3.601512155160476,3.575044234337802,13.803596423367217,7.196778701096142,13.116412041456973,36.90827976808203
574.059,574.072,USV_498,0.013000000000033651,2.0,,None,479.3419,,94.71709999999996,,0.0069929263554513454,0.03892299107142857,18128.112327270435,18905.613704959706,0.0002395123077929802,32504.464285714286,19071.53421372195,1.176407404270305,5.1088388342298705,4.989988035221936,13.588624912679377,8.563451314929774,15.552751460065354,43.787524723159116
579.602,579.627,USV_499,0.024999999999977263,2.0,,None,479.3419,,100.26009999999997,,0.007451730314642191,0.037923177083333336,18311.220794093977,16680.24157007961,0.00016448404486763996,31757.8125,24790.648098691392,2.0378819317481534,4.624022993783932,5.562797081139414,15.667741822843864,9.459213602506592,13.072394118639197,53.773201180431904
582.005,582.039,USV_500,0.033999999999991815,2.0,,None,479.3419,,102.66309999999999,,0.0053755296394228935,0.04697265625,17901.805264241575,15068.911760701765,0.00010057726491929514,32268.75,22221.180026094393,2.420308546198682,3.4074706825593326,5.836759818134287,17.41426852218358,11.485276979405313,13.40461733841489,56.79919924223735
582.613,582.663,USV_501,0.049999999999954525,2.0,,None,479.3419,,103.27110000000005,,0.010354786179959774,0.04975818452380952,17534.008615119947,13337.896647900418,0.00013903828062296767,29598.214285714286,16295.901275574995,2.444378906899839,3.8254546849406914,6.148036519760929,16.366393803043646,11.555869415261421,14.801569564884332,61.32136471556667
608.164,608.179,USV_502,0.014999999999986358,2.0,,None,479.3419,,128.82209999999998,,0.012212881818413734,0.0279541015625,16255.582819677295,17397.49868262137,0.0001568882292518749,28511.71875,21481.640694772832,1.9819329496772604,4.973428749753001,4.475876742843107,17.242645576221534,11.370683941939735,14.994119482724363,46.00738638782478
611.181,611.231,USV_503,0.049999999999954525,2.0,,None,479.3419,,131.83910000000003,,0.009471223689615726,0.046177455357142856,19998.293561377526,15820.901525772097,0.00038508909025071166,34017.857142857145,28270.281977502345,1.9214378244620909,4.263427718177353,5.221159784106531,18.2010838197805,11.042330976341738,15.351975811992897,58.34628954258539
623.602,623.611,USV_504,0.009000000000014552,2.0,,None,479.3419,,144.26009999999997,,0.0076023549772799015,0.030029296875,18860.383169334433,20240.8179143708,0.0010817608327718313,32984.375,19564.804989908956,2.2501601895330356,5.42685999176576,4.869935533536307,12.573754814882287,8.285776141833539,14.658053082844164,39.35425208441873
646.194,646.232,USV_505,0.038000000000010914,2.0,,None,479.3419,,166.85209999999995,,0.010359156876802444,0.02595071231617647,16059.382869837154,17049.440838628325,0.00014290888379261282,31577.20588235294,18490.59297314733,2.3264606407150206,4.230880327413619,3.92002186931072,16.737562525460415,11.502538955127841,15.05614639573047,53.567081944229486
652.199,652.215,USV_506,0.016000000000076398,2.0,,None,479.3419,,172.85709999999995,,0.01192215271294117,0.021087646484375,17644.094264028918,18370.65863161101,9.180603589267582e-05,31980.46875,25301.485821852766,2.1821779000246577,5.679644398514373,5.828756768956094,17.25841821969401,10.044424034858892,11.95939129073155,47.30564530884438
660.406,660.422,USV_507,0.016000000000076398,2.0,,None,479.3419,,181.06409999999994,,0.005231549497693777,0.0445556640625,18763.069860056552,16809.94255725424,0.0004832212521483234,31898.4375,16975.03727696896,1.8799138414474155,3.047513930046968,5.822575534075579,15.129352695800993,10.451572622213606,16.499834806421138,49.37833934272273
668.682,668.726,USV_508,0.04399999999998272,2.0,,None,479.3419,,189.3401,,0.008247424848377705,0.03429533305921053,16630.59630159922,15741.867712979129,0.00012801128012801733,31095.394736842107,24431.53190001638,2.1309090211052446,3.5679155178904156,4.631767829705057,15.711757741605359,10.162577787971438,15.383308595309158,57.16799174215647
681.84,681.849,USV_509,0.009000000000014552,2.0,,None,479.3419,,202.49810000000002,,0.009872977621853352,0.013509114583333334,17393.421211256693,16594.42530746992,0.00019131788325599166,29015.625,17154.13524992213,3.1296860832113196,4.676276247595511,4.339696028759879,14.330564666077267,9.123714109887866,12.430866018863222,42.66742058009938
683.102,683.137,USV_510,0.03499999999996817,2.0,,None,479.3419,,203.76009999999997,,0.009654238820075989,0.017333984375,14797.799764554456,15337.707284774066,7.262983794080734e-05,29893.75,21424.944836548686,1.910341161108108,5.355663734908792,5.519601464981459,17.806785007047488,13.21843594660228,14.452822999428092,56.51767112368232
683.64,683.664,USV_511,0.02400000000000091,2.0,,None,479.3419,,204.29809999999998,,0.011839532293379307,0.018044211647727272,16355.31152425782,17905.277260794504,0.00048674436344898033,33281.25,25989.881349592342,2.288506566038499,3.663247763025556,5.29738233246649,16.598511960358607,11.44182819361093,15.625399952442798,49.77369077566306
683.727,683.749,USV_512,0.022000000000048203,2.0,,None,479.3419,,204.38509999999997,,0.011955886147916317,0.04700816761363636,17616.686468130945,13946.878872983238,0.0003163577925994435,28576.704545454544,20521.174444599204,1.4189191443270166,5.913206564765829,5.320268750556079,15.473136115566568,11.987473371643004,14.599990638897095,53.25563766142012
684.469,684.496,USV_513,0.02699999999992997,2.0,,None,479.3419,,205.12710000000004,,0.009305831976234913,0.028238932291666668,18259.94716706226,17776.878814941403,0.00015769788785067188,34320.3125,25604.518596493104,1.3732479834940976,5.743608537807073,5.389579248754122,16.551198364581932,10.811562088208122,13.207720632131386,54.60233062208488
684.607,684.618,USV_514,0.011000000000080945,2.0,,None,479.3419,,205.26509999999996,,0.009227362461388111,0.026471819196428572,19881.03515430671,19468.245542668978,0.00049105333266461,33616.07142857143,24299.846220216925,1.2398766854658823,4.1786130589967465,6.643677623684373,12.675260714361398,10.400804991402286,14.073280297849744,44.338563760312184
685.256,685.27,USV_515,0.014000000000010004,2.0,,None,479.3419,,205.91409999999996,,0.00805315375328064,0.043609619140625,20993.209674605438,17546.32507281952,0.0006167321828737599,33914.0625,29295.141624349406,1.4706286182484472,2.479774381835539,5.3816456040303375,18.22015345978354,12.326257192791577,14.829227150790672,48.26488512102276
685.316,685.365,USV_516,0.04899999999997817,2.0,,None,479.3419,,205.97410000000002,,0.008315296843647957,0.039632161458333336,18941.323041507432,16307.976494835357,0.00035777533117612603,33575.892857142855,29339.525506196733,2.230666545638028,4.584309583828952,5.577710037794156,17.746006392227383,11.385969499683258,14.766207656656691,56.98160044939914
685.412,685.459,USV_517,0.04699999999991178,2.0,,None,479.3419,,206.07010000000002,,0.011922507546842098,0.0194091796875,16226.369692634174,16826.05153535575,0.00011751623109036179,32165.625,27563.573973593167,2.06273627177021,6.076898712517872,4.811354147347473,15.61375081201395,12.292515930209692,16.093883858128528,54.42611742682569
685.544,685.554,USV_518,0.009999999999990905,2.0,,None,479.3419,,206.20209999999997,,0.007921813987195492,0.0338134765625,20062.837073955186,19718.07071410166,0.0005845592192912876,33234.375,24102.027567448455,5.1818780561758055,7.029637780855366,4.252127433865501,13.862012978559813,8.469507023515034,14.799704762125033,39.55489157867956
685.802,685.849,USV_519,0.047000000000025466,2.0,,None,479.3419,,206.4601,,0.008766312152147293,0.03807373046875,17226.20659488578,16581.076470729473,0.00032150542446837823,32085.9375,21239.3014267623,2.7102238871526287,4.761228900735877,5.273552009822099,15.840297954999206,11.268035641902973,14.32323881172978,55.723093568950716
686.114,686.125,USV_520,0.010999999999967258,2.0,,None,479.3419,,206.77210000000002,,0.006175380200147629,0.06526692708333333,21544.5607636973,18970.39366297305,0.0007236005328299881,34687.5,19661.428595269797,1.453602742381791,3.1563752381412336,4.729359291292131,13.086470360943522,8.536507280047337,14.958992217963555,46.172668644498025
686.181,686.215,USV_521,0.033999999999991815,2.0,,None,479.3419,,206.83910000000003,,0.012397916987538338,0.018424479166666667,15086.508134024045,17881.712152079857,0.00016831615101189259,31768.75,27559.96663219975,2.4446342885049868,5.685243380144452,4.519346951830632,16.609463095280447,10.690621895782543,14.939236529360864,51.90748116389636
686.306,686.317,USV_522,0.010999999999967258,2.0,,None,479.3419,,206.96410000000003,,0.009951330721378326,0.0362548828125,20919.92759405546,24363.470592328686,0.0014703861241418842,37531.25,29104.571765939443,2.565199162612157,5.606724074087609,3.398298659892994,11.249433812601135,8.780882478872202,13.581449679908255,41.91972830478502
686.877,686.899,USV_523,0.022000000000048203,2.0,,None,479.3419,,207.53509999999994,,0.009089524857699871,0.027698863636363636,17948.167024179966,20426.72029427525,0.0007506913467791505,33758.52272727273,25596.419215440656,1.6925137755818966,3.5031078367963504,5.728479741298934,14.439863403789838,10.404372756836523,14.533004632911865,48.09684555979865
687.545,687.562,USV_524,0.01700000000005275,2.0,,None,479.3419,,208.20309999999995,,0.007544095162302256,0.052788628472222224,23889.780366207782,19637.80617556045,0.0021145899192265417,36437.5,28605.027057566367,1.992717621544999,3.1807608586351654,5.184731815013078,15.734250986351462,10.188809901138534,12.621367587543928,49.852720786389874
689.834,689.855,USV_525,0.02100000000007185,2.0,,None,479.3419,,210.49209999999994,,0.009288868866860867,0.021875,18402.35222409029,18758.983747928723,0.00034540671158444825,33871.875,25977.83504798577,3.186453799374692,4.742415050003458,4.801623779052414,15.11502896111335,11.48575709832625,14.729622174688576,49.53290331590513
692.015,692.032,USV_526,0.01700000000005275,2.0,,None,479.3419,,212.67309999999998,,0.009751580655574799,0.026340060763888888,18762.73685695272,18294.18611582766,0.00017720416271653792,33145.833333333336,24522.217639704235,2.2209294046105033,5.514720438256175,5.253717390242482,15.550554210898424,9.735080710723652,14.02190851066998,47.048131039384955
695.794,695.816,USV_527,0.022000000000048203,2.0,,None,479.3419,,216.45209999999997,,0.0072723450139164925,0.034135298295454544,18774.219849333036,17871.92172542066,0.0005500994889452897,32607.954545454544,26910.787683536382,2.314073015489441,5.098409814632557,8.944669951165151,17.10274590598033,10.525669089816626,14.143746450920206,50.422301172958356
698.777,698.816,USV_528,0.03899999999998727,2.0,,None,479.3419,,219.43510000000003,,0.011302991770207882,0.02200137867647059,16499.517904556822,15830.40348890359,0.00011581050746908375,30777.573529411766,24227.06417808839,2.331408321371117,4.345743212334375,4.4854162155155715,15.866493316098497,10.100287984406874,14.247161413253096,55.87314271397971
698.879,698.893,USV_529,0.014000000000010004,2.0,,None,479.3419,,219.5371,,0.010136445984244347,0.01788330078125,19934.526712288585,21556.693664787166,0.00039802600135671677,33269.53125,25251.186639720123,2.6944763085983343,5.0348725231297,4.757680234175183,16.071057840987766,9.549098608158367,12.421317219451268,43.53737759631535
700.786,700.84,USV_530,0.05400000000008731,2.0,,None,479.3419,,221.44409999999993,,0.007194820791482925,0.033627717391304345,17353.95229424934,16290.995963120815,0.00035338711705032905,32413.043478260868,25917.575259720277,2.357562722813063,2.464836464709106,4.997334211461262,17.167296248322092,11.57723907067869,13.937066802861805,56.765391631561045
717.856,717.877,USV_531,0.020999999999958163,2.0,,None,479.3419,,238.51409999999998,,0.009035465307533741,0.0283203125,16003.599992340754,15084.37478042001,0.0003178574654375293,29915.625,19468.687082530527,2.3995179414111134,3.77428239846569,4.545533380450857,17.489597617719554,10.332140169615903,12.780875533113026,53.73270712914308
721.261,721.35,USV_532,0.08900000000005548,,,None,,,,,0.009247678332030773,0.038703070746527776,15109.459360207033,13547.715124718909,8.51199310968436e-05,28809.895833333332,19313.868016134424,1.8612723983587516,4.318235434259815,5.40837192899851,14.159453628175006,11.769194209585912,14.978847530454654,61.59704507115454
721.443,721.522,USV_533,0.07900000000006457,,,None,,,,,0.014347033575177193,0.0452117919921875,14171.796344646777,12076.894539118748,0.00010643054261462125,25546.875,19572.447497142784,2.9802621916405716,6.263857619846216,5.160677183051324,15.833852086160247,11.971072262545949,17.757324243268663,63.43326366731468
722.892,722.992,USV_534,0.09999999999990905,,,None,,,,,0.010654425248503685,0.0291748046875,14117.442149456701,13187.795220944443,3.113032047385955e-05,28108.59375,17973.833880741062,2.3183699020570123,3.9836732654734006,5.160230243803218,17.638748939923687,11.135823131254696,15.923074159889888,61.147477723712726
725.111,725.217,USV_535,0.10599999999999454,,,None,,,,,0.03950102999806404,0.008056640625,8440.81133581562,12526.3052313579,4.171159300193165e-05,21948.660714285714,22312.41225932691,3.6795174263211416,1.4239486398450374,4.962041438099915,18.906406221331984,12.315609185507672,14.115424126458052,59.34393518877774
725.246,725.301,USV_536,0.055000000000063665,,,None,,,,,0.021833863109350204,0.017227836277173912,11040.871124012463,15127.323398658596,0.0002050629811069649,25532.608695652172,16790.664626119455,2.5853906158383415,1.398983923527843,5.204738875986939,17.614420906165954,9.687589685873066,13.842326744276464,57.02385212966414
725.378,725.522,USV_537,0.14400000000000546,,,None,,,,,0.04798188433051109,0.011496407645089286,8596.850349285607,11468.576388605294,8.713071937809796e-05,20544.64285714286,20253.493544889447,2.362418834580357,2.2041843001439414,8.463900009202403,19.819508108111165,9.962208135323888,16.052611018779317,63.43710844536197
725.815,725.958,USV_538,0.14299999999991542,,,None,,,,,0.02454976551234722,0.025495256696428572,10653.242600354375,12073.25901817354,7.02519176146604e-05,22933.59375,17280.616427676712,2.5066193779941677,3.111002590778599,5.7451283024898965,18.039274216129424,12.603159180892261,16.42972124410533,64.33803010461935
727.623,727.665,USV_539,0.041999999999916326,,,None,,,,,0.008390841074287891,0.056315104166666664,18730.171660658994,15611.01615383938,0.0004906904745750929,32000.0,24423.34300472261,2.734422538496096,3.827574356715557,5.311932019393337,13.779113406776935,11.499173597288372,13.214702152256017,57.63564386058243
731.952,731.987,USV_540,0.03499999999996817,,,None,,,,,0.00953757669776678,0.024169921875,15352.789601031482,16726.818387244086,0.000153030029880795,31612.5,23267.094912050547,2.492299267532443,4.449411371283542,5.043116948142536,16.028466663637214,10.677285019890611,14.079733908002432,55.66225154517134
732.016,732.037,USV_541,0.02100000000007185,,,None,,,,,0.009562983177602291,0.0324951171875,15870.224574784344,15721.422367602043,0.0002877588349627626,29746.875,20442.046680132633,2.309872405369314,3.7430715504088816,5.310774427427132,15.622725937647143,11.856908708563767,13.74483009127609,53.295018348704936
732.093,732.126,USV_542,0.03300000000001546,,,None,,,,,0.01639915630221367,0.01650390625,10159.064102918208,13664.18282704586,6.694203208255876e-05,23443.75,21870.707079409643,1.8992952212083765,3.3276287106971183,4.2668950326922666,16.479994880938854,12.04467365887527,15.393352020768454,53.89562481839629
732.512,732.574,USV_543,0.06200000000001182,,,None,,,,,0.0414121113717556,0.01068584735576923,7904.667194783638,12422.260061068984,0.0001225527305791133,18158.653846153848,24481.06813068737,2.2583993176509938,2.02793356317532,4.103447414688955,17.935580367824272,11.633067832617375,15.023069122543806,56.77732093959288
732.963,733.083,USV_544,0.12000000000000455,,,None,,,,,0.03382284566760063,0.017022315492021278,9223.415985298938,11281.076531057062,2.029043164016004e-05,20718.75,18724.171441230606,3.0727112763182243,2.7985296490264426,4.755199151221656,16.358230010072205,11.604166740341128,14.741163129269761,63.25566783060142
734.549,734.603,USV_545,0.053999999999973625,,,None,,,,,0.0103633226826787,0.039030655570652176,15046.218034157064,14290.531853221375,0.00026545874198692057,27366.847826086956,21278.20858770053,2.853246540741955,3.2715059724845945,5.6752088960120215,12.592499367882636,10.969224930371102,16.095590130067155,59.79744678229326
735.441,735.484,USV_546,0.043000000000006366,,,None,,,,,0.011537572368979454,0.03135279605263158,13194.1250058352,13765.662834586217,8.853017296541668e-05,26422.697368421053,14829.170099378376,2.2337529861981515,1.8532343591803235,3.9265383210437266,15.294001074360907,10.828862194575263,16.42285405521458,58.95474020520498
740.63,740.683,USV_547,0.05299999999999727,,,None,,,,,0.01953611895442009,0.0225830078125,12561.04290403875,14787.13162919212,0.00019454180014297494,28112.215909090908,17422.028054666585,1.9638251906974558,2.5881559984484315,6.689187657115848,15.237367882060038,10.75279868584169,14.59803424863232,57.07030953409433
741.347,741.435,USV_548,0.08799999999996544,,,None,,,,,0.02145717479288578,0.049462890625,15155.708946551305,12731.462044981516,0.00011712494635854505,27787.5,16977.13418694398,3.0355620987624845,2.778079820197886,5.472332221632998,17.483081103434234,9.674131974702513,14.00379938663049,64.49612645756004
743.288,743.325,USV_549,0.03700000000003456,,,None,,,,,0.01140931062400341,0.034393310546875,15867.611844806845,14457.787057213765,0.00020955805076604956,29707.03125,22786.12473745785,2.0606681867173373,3.5931317007910586,6.700044037580177,16.58175126814681,10.172584192535808,15.592568286149477,56.160662868534104
743.357,743.403,USV_550,0.04600000000004911,,,None,,,,,0.010653633624315262,0.0392822265625,17608.814218414464,16757.832155720957,0.00032147557144338626,32292.1875,20417.93388096451,2.1219089059588603,4.67671752240713,5.395228725163811,15.803841576327818,9.18465901865904,14.446156792124782,56.536157758164485
746.012,746.052,USV_551,0.04000000000007731,,,None,,,,,0.009628702886402607,0.024270450367647058,14668.595027660862,15170.420147376371,0.00011948922703702658,29911.764705882353,21977.250489898463,2.689420243772909,2.122883289449456,5.361700847832611,15.44066885533258,11.165035471783979,14.823821607989103,56.692068707143
748.328,748.355,USV_552,0.027000000000043656,,,None,,,,,0.0263280738145113,0.013521634615384616,12067.814349436068,16572.631548965623,0.0002955571199323696,26733.173076923078,25211.959037738983,2.4133795287687794,1.523371309844232,6.067566475803248,16.86874083232685,9.11123868931254,14.457120963247904,52.16433973964082
748.416,748.473,USV_553,0.056999999999902684,,,None,,,,,0.013617369346320629,0.029988606770833332,13324.821112933068,12957.930855405728,4.356669028194801e-05,26816.40625,20607.743641009245,2.9598196678210775,2.545529470387558,5.839594456650598,17.653445930673506,10.412411211904343,14.617464269899415,60.527216375964066
748.678,748.713,USV_554,0.03499999999996817,,,None,,,,,0.01054199319332838,0.033219401041666666,13590.716905523486,13237.797540578385,5.3046204237069145e-05,26925.0,14944.4799892953,2.2819883136073242,4.807371002416686,5.894192038447723,16.41514178463833,10.89768219771837,15.812039088751607,59.555749110711425
750.634,750.765,USV_555,0.1309999999999718,,,None,,,,,0.16741174459457397,0.003958907781862745,4125.244564086372,8612.919938304494,6.445519052817945e-05,7860.294117647059,37274.022417393935,3.7612593156539598,7.360776637158359,8.057228716159559,19.12116989784344,11.19477275542401,15.344414472252645,58.06787206609763
750.912,750.959,USV_556,0.04699999999991178,,,None,,,,,0.016779053956270218,0.01944580078125,12002.252941296358,15185.039113190505,0.00014977074011815215,26175.0,15946.885412182988,2.0951238213253554,3.403646911741803,6.055483797964131,20.433269345206714,10.088080915086156,14.644553484168407,58.66089892942021
751.513,751.553,USV_557,0.03999999999996362,,,None,,,,,0.012406934052705765,0.03653492647058824,12762.549870313642,12885.217108988762,0.00012210290405192365,25450.367647058825,17022.470839395817,2.3411717014655937,2.990860524659191,5.481032501230285,16.058335848055773,9.920668696218483,17.804531941825363,59.81035238730213
751.716,751.822,USV_558,0.10599999999999454,,,None,,,,,0.014844176359474659,0.035115559895833336,12532.636275873065,11768.490113424468,5.272928215570756e-06,25214.285714285714,19144.473326980984,2.5935382964714413,3.9915288012983683,5.415119836805216,15.840831722026927,11.263615253161353,13.976844912022155,62.950370476437016
752.114,752.141,USV_559,0.02699999999992997,,,None,,,,,0.011529761366546154,0.035909016927083336,14084.692424875568,14397.224292306322,8.00593660067045e-05,27882.8125,19847.677758307505,2.892431813256748,2.937027371338878,5.530364960760921,17.670015347581508,12.529819078976411,16.285552508466555,56.53671772760572
752.191,752.252,USV_560,0.06099999999992178,,,None,,,,,0.019091829657554626,0.01748046875,11691.996725948258,14031.806620794414,2.2365180392305362e-05,26820.0,24583.30353147706,2.6184907311185963,2.848279113136737,5.777153092624838,18.384347728170784,9.575575277270094,15.63276158767872,58.612577279385896
752.709,752.848,USV_561,0.13900000000001,,,None,,,,,0.018829699605703354,0.03164950284090909,14575.654141194587,14155.670689870214,0.00017239087659477202,28909.090909090908,22507.875969304318,2.1089607550671388,2.2192316379073596,6.508418297617854,17.6124081692694,11.519221548498223,13.712271125986137,63.41712094797545
752.878,752.966,USV_562,0.08799999999996544,,,None,,,,,0.014481645077466965,0.028550502232142855,13081.03243102674,12914.085996675867,5.020011191779639e-06,27600.0,21095.45324814861,2.367962301374834,2.082177563125673,6.352194568038695,15.917137889423154,9.193001343974766,13.789836454510493,62.3160934767546
754.831,754.96,USV_563,0.1290000000000191,,,None,,,,,0.014189156703650951,0.02883731617647059,12699.437336423865,12371.10364071873,1.2932878916189048e-05,26102.941176470587,20114.188871593644,2.2429868794967414,3.7031016105625794,6.964905025111617,16.765784877407324,10.405788907927771,16.469585494090268,64.31214927893436
757.546,757.657,USV_564,0.11099999999999,,,None,,,,,0.02302125282585621,0.01553622159090909,10265.098486236717,13149.939985616029,7.366145755890866e-05,24368.607954545456,24064.94636055862,2.9054708761074783,4.272731279967997,7.015036741092155,16.791558127830502,10.587241469490596,15.90323760296851,60.437875914136654
758.429,758.526,USV_565,0.09699999999997999,,,None,,,,,0.017314258962869644,0.02136543469551282,11193.7571674132,13200.188680475,6.228757510053807e-05,25391.826923076922,18304.25472423521,2.0677517710867335,2.7026779971187596,5.926304040958794,16.634104737411413,13.014478246895537,16.747174186090678,60.87287490825158
784.787,784.917,USV_566,0.12999999999999545,,,None,,,,,0.012861979193985462,0.04419902726715686,14908.265317376632,13519.695659106572,8.349572069236421e-05,28783.08823529412,21610.11917019844,2.3715958409785967,5.700455279875243,4.87396552107587,14.020017066735457,10.062946705021005,13.937068287885094,62.10988900812578
785.85,785.935,USV_567,0.08499999999992269,,,None,,,,,0.009764070622622967,0.048828125,15456.667888516156,13072.518614326522,0.0001558656179284037,28502.757352941175,16336.569133444209,2.686130123407412,3.7478494799083526,5.326917087041316,16.086201039265234,11.861518253785672,15.060818911552644,63.657208237793654
786.904,786.967,USV_568,0.06299999999998818,,,None,,,,,0.008754813112318516,0.03716571514423077,14363.50484717548,13792.070844215983,0.0002404263512357863,27638.221153846152,15357.823419173257,2.4549898024758616,2.778229546805073,4.548427763233355,14.177435940903809,12.940994909712224,14.38890267278099,61.6775962326703
787.067,787.198,USV_569,0.1309999999999718,,,None,,,,,0.012569949962198734,0.060355392156862746,15568.314245618536,11727.672081805431,1.765694067283238e-05,28009.191176470587,17350.105955224135,2.4099081975498255,4.015013929641809,5.97026402338007,16.228713775386613,11.6026016873977,14.664298350470974,66.97826039841712
812.868,812.89,USV_570,0.021999999999934516,,,None,,,,,0.008454128168523312,0.03366921164772727,16719.44529505129,16706.79508983287,0.00028695179640950385,30562.5,16224.421075737506,1.3321079928147583,7.007248910025476,4.601584075352433,14.901358997275855,10.544128902265886,13.197660573198114,51.329032190482614
812.999,813.021,USV_571,0.021999999999934516,,,None,,,,,0.0074091521091759205,0.04541015625,18271.67431548373,17826.867607086562,0.0005477792661213139,31900.56818181818,22253.640540148128,2.2298216072246717,5.747232183250978,6.06828586155762,14.014850528469413,10.876630620111495,15.50047885127809,50.790258387169025
815.708,815.742,USV_572,0.033999999999991815,,,None,,,,,0.007706106640398502,0.05709635416666667,18340.111844912335,15666.520968334047,0.0004974506380134683,31656.25,18418.26331793789,2.8740813686308764,2.8330497004443695,5.767164309953431,17.031538644115745,9.816662699310323,14.8343039908186,56.41686845248129
817.996,818.133,USV_573,0.1370000000000573,,,None,,,,,0.027738239616155624,0.018215603298611112,10555.550228160419,12404.46817547625,1.1304652394414098e-05,24567.708333333332,22629.46234381111,2.355526599001258,2.200633812748007,5.510783561195053,19.13384221125584,10.338482553503434,15.151750032481552,62.713528843015425
820.257,820.277,USV_574,0.020000000000095497,,,None,,,,,0.017380421981215477,0.0196533203125,11858.463891732985,17344.120583698907,0.00033042942643546314,25153.125,24476.14900070096,3.1371968869055658,2.842840804557855,5.302193655822323,16.1070650160095,15.500500374511265,17.519587315855407,49.595468634151686
820.744,820.773,USV_575,0.028999999999996362,,,None,,,,,0.047550417482852936,0.009127103365384616,8638.324210829403,15986.844800417448,0.00015976175147087602,20192.30769230769,27148.678068484936,2.5710824283072977,1.4479091989518535,7.418620094604252,18.091511500260903,11.441027900613948,12.837703428834565,48.66990123449018
822.986,823.0,USV_576,0.014000000000010004,,,None,,,,,0.008442998863756657,0.01983642578125,15983.819197793538,19405.132855731976,0.00040376059839346295,30574.21875,17735.95704002673,2.248984605018986,4.206881549975749,3.370476562254126,14.834956186336466,9.79173555373481,13.4387967940301,44.22089204495474
824.343,824.469,USV_577,0.12600000000009004,,,None,,,,,0.010077147744596004,0.029931640625,15885.572040297908,13714.022061909227,0.00011656306237492203,29338.125,18135.023772781948,2.6474363942343286,4.49998104244174,5.056178620670134,16.675422740107607,11.060458257500223,13.935389030787498,62.47806494533736
828.875,828.95,USV_578,0.07500000000004547,,,None,,,,,0.00906022172421217,0.030493951612903226,16443.069376670628,15359.45709183325,0.00010757039745299123,32697.58064516129,24771.4660605407,2.221884368541913,3.6618608356896236,5.8786816435280835,15.800991538465672,10.510557578641123,16.30929167014158,60.21799705744734
830.726,830.755,USV_579,0.028999999999996362,,,None,,,,,0.011188850738108158,0.027850811298076924,14872.934173402184,16135.281925005685,0.00026849275030270197,30072.115384615383,18258.26341836695,2.712974167939258,3.7548693191039084,7.652797868753083,16.227365245126908,13.477577724515717,13.641323972359483,52.48275887867147
831.09,831.102,USV_580,0.011999999999943611,,,None,,,,,0.012292393483221531,0.010881696428571428,17865.082452821196,19844.759096619855,0.0003024033949285549,34138.392857142855,22514.14463180545,2.1507410474547854,3.137988361873703,5.158802578991371,19.21322086783972,9.808102675216492,15.657168930460145,41.589985447042686
834.367,834.441,USV_581,0.07400000000006912,,,None,,,,,0.015122742392122746,0.031290690104166664,13161.61286146486,12523.366640205068,1.4680933892422096e-05,27325.0,15047.639484830685,2.34165854929825,6.435710029571725,7.807684693103884,15.872188947195184,11.163302796976408,17.53704410225699,61.29886996026687
837.965,838.069,USV_582,0.10399999999992815,,,None,,,,,0.020681602880358696,0.04430854611280488,12265.925325197388,10661.797914803052,8.018337617677209e-05,22541.158536585364,14790.070973962966,2.373376406179146,3.9264182739480518,6.160953577887799,17.135566748401736,10.847262565585956,16.33241294454893,67.15966070124708
838.237,838.302,USV_583,0.06500000000005457,,,None,,,,,0.012165536172688007,0.01642975983796296,13507.531429548537,14742.016732501956,0.0002649090335188676,28159.722222222223,19654.306991435285,2.6927239260112836,4.354945586486781,6.368340559082952,17.10942501748463,11.046737017732164,13.554759043992313,58.94599754964642
843.968,844.031,USV_584,0.06299999999998818,,,None,,,,,0.014074123464524746,0.039475661057692304,14677.864607051595,13379.208390861993,0.00024121975336256153,26354.56730769231,16767.69313279393,2.512086567171882,6.249721465162632,6.0283284460524325,16.155918252756592,12.195813271917238,15.624652786734693,59.77830248615208
847.148,847.283,USV_585,0.1349999999999909,3.0,64.75099999999998,True,846.9159,911.6668999999999,0.23210000000005948,-64.51889999999992,0.009868059307336807,0.035073334316037735,15191.567341255519,13589.148551664834,9.969431478975145e-05,28995.283018867925,18734.52030708561,2.5708523844198945,3.7373221160123173,5.337484428681788,14.93460314941833,10.864393527425063,15.095547972943967,61.76074571053028
847.509,847.575,USV_586,0.06600000000003092,3.0,64.75099999999998,True,846.9159,911.6668999999999,0.5931000000000495,-64.15789999999993,0.011928836815059185,0.03106915509259259,13680.260258045504,14134.578224155235,0.00018085813635102186,27875.0,24047.910948298824,1.7394968364221244,5.203442976903353,5.416929865488684,15.897105185510034,9.915910845549378,16.787780180132486,59.01619973092017
851.994,852.02,USV_587,0.025999999999953616,3.0,64.75099999999998,True,846.9159,911.6668999999999,5.078100000000063,-59.67289999999991,0.010799556039273739,0.036783854166666664,16078.199200824856,16142.595890730076,0.00016525830178326932,28890.625,19378.437337986663,2.0498274710293347,4.533706491182216,4.485212039259672,14.059648055032078,10.104473354695358,13.739527161288892,53.15532526239272
852.855,852.888,USV_588,0.03300000000001546,3.0,64.75099999999998,True,846.9159,911.6668999999999,5.939100000000053,-58.81189999999992,0.011245286092162132,0.020279947916666666,14215.585273433693,16946.898742226305,0.0002429403524576088,29275.0,19821.80546612942,2.2604848637515276,4.2742401390399145,4.324215133644691,16.349566215043872,8.905973353671053,14.005700364564614,52.80171782610604
856.954,857.018,USV_589,0.06400000000007822,3.0,64.75099999999998,True,846.9159,911.6668999999999,10.038099999999986,-54.71289999999999,0.008751342073082924,0.032987154447115384,17259.11936777593,14022.436386333678,6.076660522564389e-06,31871.39423076923,27839.47060955094,2.486738788808983,4.826181697498026,6.09063082644595,17.85125195379489,11.348126539564895,13.831769889755062,61.22375839920418
857.513,857.553,USV_590,0.03999999999996362,3.0,64.75099999999998,True,846.9159,911.6668999999999,10.597100000000069,-54.15389999999991,0.008762708865106106,0.04339958639705882,17473.344231289677,14686.333954407848,8.485448587886038e-05,31356.617647058825,26248.59408340014,3.1354512224319406,4.643297022516097,4.47683952714586,17.928779592721007,9.94673237656505,13.82089289895472,57.0410228677181
867.091,867.104,USV_591,0.013000000000033651,3.0,64.75099999999998,True,846.9159,911.6668999999999,20.175100000000043,-44.57589999999993,0.011950844898819923,0.015101841517857142,20553.480853187844,22607.3969810269,0.0008119167503874376,34272.32142857143,28207.866466118365,2.6548212554400235,5.059767660298043,5.07718057391431,9.132415077622808,9.830687835427709,14.322163592261408,41.76999193873354
869.443,869.451,USV_592,0.008000000000038199,3.0,64.75099999999998,True,846.9159,911.6668999999999,22.52710000000002,-42.22389999999996,0.007291407790035009,0.034228515625,19011.162714034457,18433.449165176786,0.0004029204592911801,31312.5,24215.36560942351,2.044387766553979,4.806409179050382,4.862493469679597,13.800452347651682,8.551835775807422,14.321506641324788,38.20333482285268
872.381,872.424,USV_593,0.043000000000006366,3.0,64.75099999999998,True,846.9159,911.6668999999999,25.465100000000007,-39.28589999999997,0.008356677368283272,0.043367084703947366,19284.87585762648,16072.412396385635,0.00033145561121689223,34337.17105263158,28462.138595382014,2.164217273284626,4.778234076704135,4.811609533306501,15.753491204086258,10.66982562183842,14.617664898103179,56.43870448769359
872.474,872.516,USV_594,0.041999999999916326,3.0,64.75099999999998,True,846.9159,911.6668999999999,25.55810000000008,-39.192899999999895,0.010001429356634617,0.036675347222222224,18628.653122309046,17133.146981033424,0.00024101312258835767,34260.416666666664,28971.827896463983,2.5186688587142783,6.677864363784079,4.956786185898209,15.582154623316203,11.664590717634956,12.942407371462087,54.681219821878216
872.565,872.612,USV_595,0.04699999999991178,3.0,64.75099999999998,True,846.9159,911.6668999999999,25.64910000000009,-39.10189999999989,0.007907041348516941,0.03970947265625,18659.13674704877,15824.473119929997,0.0001896017600068782,34040.625,28249.344336203863,1.2625134858285554,4.5298308850136975,5.129043722055928,16.349869663948663,10.771214126211204,14.090584879667887,57.8089152506897
872.89,872.899,USV_596,0.009000000000014552,3.0,64.75099999999998,True,846.9159,911.6668999999999,25.97410000000002,-38.776899999999955,0.010556836612522602,0.005452473958333333,17387.655181932187,18295.092494992936,9.892123944581795e-05,33015.625,29532.736922268883,2.0934367993543694,2.725311629267795,5.100987841127811,14.428979000793499,10.942139362049064,12.333053243496947,39.84843803798471
872.986,872.996,USV_597,0.009999999999990905,3.0,64.75099999999998,True,846.9159,911.6668999999999,26.070100000000025,-38.68089999999995,0.006405359599739313,0.052897135416666664,21113.68267100283,19755.00909235667,0.0006208143159526564,35187.5,26662.070266284325,1.9946513726559099,2.8120302725617194,5.439539150709617,14.800170630391733,11.840654078343848,13.5938268699599,40.18273758451644
873.084,873.093,USV_598,0.009000000000014552,3.0,64.75099999999998,True,846.9159,911.6668999999999,26.16809999999998,-38.582899999999995,0.005826709326356649,0.040568033854166664,19772.931815308173,15710.302215978003,0.000190804897307454,34031.25,28531.587981161574,2.3411473153832225,4.238530978020248,5.556485945322436,15.303138822403973,14.912291869812819,15.480461195176266,46.056629016573844
873.182,873.19,USV_599,0.008000000000038199,3.0,64.75099999999998,True,846.9159,911.6668999999999,26.26610000000005,-38.484899999999925,0.0077057345770299435,0.033984375,20282.01021288411,19684.823723996287,0.0002668847625729338,34575.0,28678.666014312726,2.0652932365148913,7.7991390317031986,2.5589945043919036,14.204543862154685,10.40194811752751,14.862082885976099,36.715516229070175
873.372,873.38,USV_600,0.008000000000038199,3.0,64.75099999999998,True,846.9159,911.6668999999999,26.456099999999992,-38.294899999999984,0.013066601939499378,0.00283203125,17505.188073759593,18794.36452316625,0.00016019488652454275,32906.25,28722.096022329246,2.0056162168884852,6.977850685531169,4.61708409858827,13.280824283717198,10.092252826340607,15.948133064738766,36.73821674985155
873.445,873.479,USV_601,0.033999999999991815,3.0,64.75099999999998,True,846.9159,911.6668999999999,26.529100000000085,-38.22189999999989,0.009291352704167366,0.023974609375,17350.021893543635,17260.085643530303,0.0003114936072695853,33037.5,27720.936081175536,3.8556918347628835,5.916876731437591,5.597938174015676,15.814888476980803,11.019964357724863,14.893234129515028,51.732456670470874
875.66,875.687,USV_602,0.027000000000043656,3.0,64.75099999999998,True,846.9159,911.6668999999999,28.744100000000003,-36.00689999999997,0.009912907145917416,0.024263822115384616,17120.774916404225,17897.543112503907,0.0007314969819990625,32278.846153846152,23498.691935856794,2.2182008895352103,6.41552949917758,4.227004507547274,16.139620842320383,11.007443547033018,14.696602891082154,51.227239611980174
875.791,875.806,USV_603,0.014999999999986358,3.0,64.75099999999998,True,846.9159,911.6668999999999,28.87510000000009,-35.87589999999989,0.006125934887677431,0.03533935546875,21924.2804855951,20872.335129832696,0.0010688067012787335,35179.6875,24708.92451760252,2.23104030146143,0.9626840893761247,4.449383900455874,13.79138036108616,9.466471183927784,12.145112944899747,45.69743625561653
875.994,876.009,USV_604,0.014999999999986358,3.0,64.75099999999998,True,846.9159,911.6668999999999,29.078100000000063,-35.67289999999991,0.009019646793603897,0.031341552734375,20701.630466822302,20534.304342513336,0.0004453861380051312,35953.125,19893.302083048533,1.538305798976376,2.223104377936826,6.2427819451342605,12.194031039054789,9.504570988998573,11.668914630127814,45.81018942881788
876.134,876.171,USV_605,0.03700000000003456,3.0,64.75099999999998,True,846.9159,911.6668999999999,29.21810000000005,-35.53289999999993,0.010189137421548367,0.0318756103515625,19981.70026266062,16982.85468967675,0.00030144057789484774,34693.359375,29326.38380500133,1.7547772035376832,4.99676803849167,4.999003811237338,15.582252074399918,12.080804609784831,13.61858497547701,55.35318504154088
877.555,877.597,USV_606,0.04200000000003001,3.0,64.75099999999998,True,846.9159,911.6668999999999,30.639099999999985,-34.11189999999999,0.007988790050148964,0.029595269097222224,17150.044114527536,16839.940068109176,0.00022139633879304018,32317.708333333332,18471.713367578144,2.3795018259982603,3.227857141300861,4.666324509971964,16.423165294478316,13.425289384200886,14.072825766229803,55.55821828410311
877.705,877.721,USV_607,0.01599999999996271,3.0,64.75099999999998,True,846.9159,911.6668999999999,30.789100000000076,-33.9618999999999,0.01261873822659254,0.045989990234375,19674.026452947175,17260.472389410934,0.0010628550965204792,32789.0625,16481.782471249408,1.722968361009174,4.7875388082792645,3.3565958363535287,15.976183189666518,11.19483898571562,12.371839390398812,49.95697821827255
877.823,877.867,USV_608,0.04399999999998272,3.0,64.75099999999998,True,846.9159,911.6668999999999,30.907100000000014,-33.84389999999996,0.010074518620967865,0.028101870888157895,19024.376067314402,17031.830789693722,0.0006496385515965837,34337.17105263158,24330.92978624714,2.204775326119355,4.683703887290572,5.449406130783811,14.59032595133682,11.960049161313117,15.535938705019065,55.413489258128386
878.024,878.033,USV_609,0.009000000000014552,3.0,64.75099999999998,True,846.9159,911.6668999999999,31.108100000000036,-33.64289999999994,0.01154640968888998,0.026204427083333332,18943.48128084921,18849.007839027367,0.0001926639888964409,31093.75,24306.33149672059,1.615653850375569,6.6877259073037605,8.472705738298457,13.421083084629084,8.051839961048705,15.08735423032504,40.44542301409918
878.207,878.257,USV_610,0.049999999999954525,3.0,64.75099999999998,True,846.9159,911.6668999999999,31.29110000000003,-33.45989999999995,0.01039173360913992,0.037272135416666664,18871.341955607488,16055.673173300362,9.338233091786528e-05,33589.28571428572,22268.60317740257,2.1737764595016325,5.661181676788409,4.677233538678302,15.33495388579096,11.32675048477478,14.547906308917499,56.52284361373551
878.321,878.404,USV_611,0.08299999999996999,3.0,64.75099999999998,True,846.9159,911.6668999999999,31.40510000000006,-33.345899999999915,0.008492033928632736,0.03272964015151515,18182.535688587326,14964.812650240854,9.194214204009931e-05,32599.43181818182,21775.120223165137,2.6149809182662347,5.297461816862526,4.828441650141292,16.32355652392203,10.227232131657285,15.07584557346103,61.2089673994196
878.512,878.538,USV_612,0.026000000000067303,3.0,64.75099999999998,True,846.9159,911.6668999999999,31.59609999999998,-33.1549,0.007265286520123482,0.04736328125,18905.08707226358,16772.45749778164,0.00026615416454879587,32414.0625,23660.99631812691,2.422248504879794,3.3442845401996415,5.208781562922376,15.9738987958905,12.289160411009762,15.89269562142608,52.252841979624016
878.813,878.851,USV_613,0.038000000000010914,3.0,64.75099999999998,True,846.9159,911.6668999999999,31.897100000000023,-32.85389999999995,0.009605513885617256,0.019129136029411766,16814.315130475898,16897.4660878691,0.00019718364393768947,31886.029411764706,22563.001134689704,3.3309728929757134,3.9575517091699473,5.2581243708235474,15.468717465021669,11.234673905366037,13.833744215531539,53.83995188155943
878.893,878.945,USV_614,0.05200000000002092,3.0,64.75099999999998,True,846.9159,911.6668999999999,31.977100000000064,-32.77389999999991,0.010839676484465599,0.027676669034090908,17133.050709704497,15219.343579792707,0.00011120892706652362,31713.06818181818,21824.883182301437,2.112593325814336,6.618172560281945,6.690928891103136,16.836751821878934,9.92088022680268,14.747041361396453,57.91324927983714
880.454,880.462,USV_615,0.008000000000038199,3.0,64.75099999999998,True,846.9159,911.6668999999999,33.538099999999986,-31.21289999999999,0.012923704460263252,0.0025390625,19610.283282231852,23744.722559227434,0.0003921451945225325,35418.75,20132.13989351046,2.211357965925859,3.392936074026359,5.410356880280589,12.321304852268886,7.2775696376829675,13.968598644321219,33.32438701577114
884.436,884.484,USV_616,0.04800000000000182,3.0,64.75099999999998,True,846.9159,911.6668999999999,37.52010000000007,-27.230899999999906,0.00912437029182911,0.05235595703125,17525.804776004123,14430.676450753488,0.00021962667068979575,30478.125,20241.022216079215,2.904770177779585,2.4594848281590767,5.460187360760496,13.930498666587997,11.350815246689363,12.586015146591667,60.131083497060914
886.026,886.053,USV_617,0.027000000000043656,3.0,64.75099999999998,True,846.9159,911.6668999999999,39.11009999999999,-25.640899999999988,0.00777210108935833,0.034912109375,14891.980841986931,13946.95494170007,0.0001924645816648538,28233.173076923078,15086.765975630573,2.4843756653563767,3.096277009785142,3.68107268223319,16.799012959771975,8.859321864761515,13.785057192293683,54.81246909226776
886.307,886.397,USV_618,0.09000000000003183,3.0,64.75099999999998,True,846.9159,911.6668999999999,39.39110000000005,-25.359899999999925,0.01532179769128561,0.029751247829861112,12256.685309745406,13377.469328262992,0.0001431923361351156,25179.6875,20435.141079915138,3.1317494332615885,2.985056794586816,6.32684630351632,16.01374599576566,10.400008405693681,16.575645075974556,61.43150444478007
895.893,895.907,USV_619,0.014000000000010004,3.0,64.75099999999998,True,846.9159,911.6668999999999,48.977100000000064,-15.773899999999912,0.014623204246163368,0.00311279296875,14190.39815579274,18782.839192878695,0.00013762835024237085,29027.34375,25486.57364535876,2.3293525227293483,2.5273367441536663,4.958773824197712,16.441061778208457,10.749495641151373,12.483929505674265,43.393771588419405
901.87,901.892,USV_620,0.022000000000048203,3.0,64.75099999999998,True,846.9159,911.6668999999999,54.95410000000004,-9.796899999999937,0.007428376469761133,0.028963955965909092,15665.437278340512,15158.417573759034,0.00014212320134431887,30017.045454545456,14798.682937472824,2.0905852275046684,4.6436691606787575,5.861015281478069,14.401774665241964,10.774905737916521,13.57048026614526,52.87959452759366
903.182,903.216,USV_621,0.033999999999991815,3.0,64.75099999999998,True,846.9159,911.6668999999999,56.26610000000005,-8.484899999999925,0.009498166851699352,0.0201171875,15323.694727036544,15651.155923125887,5.575865259522353e-05,30187.5,15343.998846986366,2.3993589514597766,3.0894641019158944,5.309820041809463,13.458479822839353,10.969074752197576,13.182462055733529,55.320707276278426
903.499,903.548,USV_622,0.04899999999997817,3.0,64.75099999999998,True,846.9159,911.6668999999999,56.58310000000006,-8.167899999999918,0.013615594245493412,0.03642345610119048,17309.21994299489,14618.835247549705,0.00010883079078010832,31205.35714285714,21996.807959618447,2.093061461265061,3.174550654734646,4.081549809538903,16.08661966406216,12.500049460878104,13.150570833917438,58.78860494776044
907.006,907.142,USV_623,0.13600000000008095,3.0,64.75099999999998,True,846.9159,911.6668999999999,60.09010000000001,-4.66089999999997,0.012006538920104504,0.03587945902122641,17891.392956665502,14170.712817016045,7.609882252784286e-05,32048.349056603773,25644.06423699345,2.4212290662482014,3.9534703625137455,5.31127166738254,15.835478343160865,12.074167643116168,15.103645595513273,61.745395256952634
911.104,911.125,USV_624,0.020999999999958163,3.0,64.75099999999998,True,846.9159,911.6668999999999,64.18810000000008,-0.5628999999998996,0.010330338031053543,0.0281494140625,16642.963278622447,16843.07516281535,0.00010421992859611686,31593.75,27065.27926993901,2.9294423741356455,4.852459550552695,3.3456041379018195,17.611221841480578,9.943522999003363,14.3835951561317,50.11895840106497
911.379,911.41,USV_625,0.03099999999994907,3.0,64.75099999999998,True,846.9159,911.6668999999999,64.46310000000005,-0.28789999999992233,0.007883776910603046,0.040980747767857144,17576.720231981813,15206.741651631866,0.00016806875673612488,31580.35714285714,16225.26590238542,0.84347209146305,4.54913002150389,5.7532645129683875,15.815139718394107,10.716022557984406,15.136017136884123,54.63417734437314
912.367,912.376,USV_626,0.009000000000014552,3.0,64.75099999999998,False,846.9159,911.6668999999999,65.4511,0.7001000000000204,0.06193287670612335,0.0045166015625,9393.428485155055,20811.12846424945,0.00024211512296508182,20562.5,33088.54466048319,1.1532602817314483,1.6959052960423993,3.8978941856558147,17.597794362704544,10.231204592971435,13.833353704544008,33.94611184897544
913.212,913.241,USV_627,0.028999999999996362,3.0,64.75099999999998,False,846.9159,911.6668999999999,66.29610000000002,1.5451000000000477,0.008829361759126186,0.027738131009615384,17637.020312265733,17091.353084693426,0.00019536241024675665,32192.30769230769,25519.94205127363,2.2138829414678676,3.9752364100069295,6.076442952812345,14.619069197648788,11.486467016183976,15.54786679501389,53.74635281795111
913.737,913.771,USV_628,0.033999999999991815,3.0,64.75099999999998,False,846.9159,911.6668999999999,66.8211,2.070100000000025,0.010808250866830349,0.032307942708333336,17506.860618364586,14890.85229002092,0.0003041930058516442,30543.75,21599.569614153672,1.7102417801375238,2.2113413348746773,5.216857010877441,14.947481885068875,11.993168546936085,13.031110678299438,55.9922954047959
913.921,913.937,USV_629,0.01599999999996271,3.0,64.75099999999998,False,846.9159,911.6668999999999,67.00510000000008,2.2541000000001077,0.007628245744854212,0.0233154296875,18686.494627041593,21402.725310562164,0.0016627225449494262,36246.09375,20292.313780829263,1.575741531287217,2.430391296030499,4.081464545953895,12.437682387961278,11.68628204329887,12.933379041260908,43.9524914564956
915.633,915.643,USV_630,0.009999999999990905,3.0,64.75099999999998,False,846.9159,911.6668999999999,68.71710000000007,3.9661000000000968,0.01141432300209999,0.033406575520833336,20120.959442413212,21140.61835337729,0.001002582975501095,35890.625,24523.938835154175,1.39882635492196,5.761400192702646,4.313232132381287,12.285311780642962,7.493282712706635,13.159732994439693,42.51533371936745
915.702,915.755,USV_631,0.05299999999999727,3.0,64.75099999999998,False,846.9159,911.6668999999999,68.78610000000003,4.035100000000057,0.009826762601733208,0.021439985795454544,16775.247404927573,15860.439124308034,8.908629424967838e-05,32744.31818181818,28396.869405817404,2.713155477483579,3.937347725009891,5.916074749251416,17.75355396260535,9.884862666108383,14.668707624886592,57.1178070340819
919.785,919.855,USV_632,0.07000000000005002,3.0,64.75099999999998,False,846.9159,911.6668999999999,72.8691,8.118100000000027,0.009484303183853626,0.0316961880387931,17138.820872766544,14661.850384639609,0.0001695805064241259,31454.741379310344,22374.779155933997,2.210122086885586,3.4697810602416785,5.376239534492699,16.255805293898238,10.872640082681663,14.189499365031464,60.5422569358383
920.057,920.065,USV_633,0.008000000000038199,3.0,64.75099999999998,False,846.9159,911.6668999999999,73.14110000000005,8.390100000000075,0.009856779128313065,0.01416015625,19072.68502173422,21884.07291034169,0.000365431252772507,33281.25,26133.1445342711,2.1641286704383513,1.0718246810566356,2.788182383204751,8.82520674900411,6.983921043380211,13.099982798878775,37.33083488137174
921.479,921.488,USV_634,0.009000000000014552,3.0,64.75099999999998,False,846.9159,911.6668999999999,74.56310000000008,9.8121000000001,0.010382692329585552,0.019246419270833332,21677.58596631132,16743.160110849898,0.0005927845866463206,34468.75,26522.780908435958,1.585564814682991,3.5265433496013556,3.476079605649348,15.968661076251555,10.969931459347684,16.160871691158295,45.06287652427523
921.969,921.992,USV_635,0.02299999999991087,3.0,64.75099999999998,False,846.9159,911.6668999999999,75.05310000000009,10.30210000000011,0.009564151987433434,0.024946732954545456,18308.06339885424,20341.62265971319,0.0006798657262784387,33980.11363636364,25410.17464540616,2.8758820243159504,4.766680112596285,5.179306822563229,15.288091865324748,10.65755508096011,12.875335514320568,47.966196663068395
923.407,923.441,USV_636,0.033999999999991815,3.0,64.75099999999998,False,846.9159,911.6668999999999,76.49110000000007,11.740100000000098,0.008057087659835815,0.0328125,17404.91916977605,17558.254789787108,0.0001689594741808335,32281.25,22286.818788187178,2.095933920619656,2.3356691877178397,4.690710433170187,15.061043981821351,10.729779639880718,13.756315975011148,53.733295647001505
923.484,923.525,USV_637,0.04099999999993997,3.0,64.75099999999998,False,846.9159,911.6668999999999,76.56810000000007,11.817100000000096,0.008667120710015297,0.016303168402777776,15853.304090301755,15821.816615753978,0.0001578295478821924,31635.416666666668,20490.7281700986,2.574342952363021,4.127553071382636,5.136136245634362,16.93429995060809,11.53075749731857,14.817583141631319,54.77946217840113
925.304,925.321,USV_638,0.01700000000005275,3.0,64.75099999999998,False,846.9159,911.6668999999999,78.38810000000001,13.637100000000032,0.011259387247264385,0.019368489583333332,17371.334604925505,21925.383241005202,0.0013430083187153483,33364.583333333336,23351.749474294487,1.4083257194723156,3.341969282075679,4.951327182493588,14.594500469694095,9.834901930376692,13.409716614373306,42.93393650053335
928.838,928.876,USV_639,0.038000000000010914,3.0,64.75099999999998,False,846.9159,911.6668999999999,81.9221,17.171100000000024,0.009005636908113956,0.028435202205882353,17253.957077042596,16490.63517253197,0.00018312422015029998,30788.602941176472,22997.131171286248,2.747392296261328,3.5240674131790994,5.58344247748349,16.635596214545927,10.522848085843739,14.02398466094521,56.11434976685766
929.339,929.403,USV_640,0.06399999999996453,3.0,64.75099999999998,False,846.9159,911.6668999999999,82.42310000000009,17.672100000000114,0.008747149258852005,0.018385667067307692,15679.49397836943,15238.849367602397,0.0002043168137493868,31355.76923076923,16741.10058781594,2.337908564310786,3.3748178032841727,5.6684783669453145,16.768126968753617,12.460459642583556,13.10701874467089,58.5212125076999
929.746,929.757,USV_641,0.010999999999967258,3.0,64.75099999999998,False,846.9159,911.6668999999999,82.83010000000002,18.07910000000004,0.008553951978683472,0.00927734375,19096.3191027167,21360.775595576735,0.0002655026897871705,36718.75,27134.00447698345,2.3066497298240463,4.3948907556770616,4.505210811333046,11.335410727196006,10.499762004500932,13.212166611697123,43.84305958185532
930.62,930.697,USV_642,0.07699999999999818,3.0,64.75099999999998,False,846.9159,911.6668999999999,83.70410000000004,18.953100000000063,0.00952006597071886,0.023059475806451613,15977.90507961654,14010.174100405882,3.473605599760912e-05,31170.362903225807,18449.634129831997,2.156385994828377,5.270598002671973,5.836108607137125,16.46124715898989,12.20907080453863,15.6243363544786,61.923654910455824
930.78,930.852,USV_643,0.07200000000000273,3.0,64.75099999999998,False,846.9159,911.6668999999999,83.86410000000001,19.11310000000003,0.008398068137466908,0.03258014547413793,17027.056057860267,15876.464178454764,0.0003390650476766111,32767.241379310344,23189.004841747483,2.348266760020326,4.06022651629269,5.090478010364998,15.617996536049956,11.95591298362569,14.905029611486198,57.20238483780613
933.724,933.792,USV_644,0.06799999999998363,3.0,64.75099999999998,False,846.9159,911.6668999999999,86.80810000000008,22.057100000000105,0.009608285501599312,0.029532296316964284,16938.79665633538,14551.307016735356,0.00016487930368037308,31125.0,20455.85233089294,2.5057597124636857,4.714408564385835,5.044364779263064,15.494359623823142,11.604565588905317,13.654502479864595,58.9955220926359
933.924,933.977,USV_645,0.05299999999999727,3.0,64.75099999999998,False,846.9159,911.6668999999999,87.00810000000001,22.257100000000037,0.009867913089692593,0.027232776988636364,17081.991988954884,16130.273826410632,0.00016921637970971937,33213.068181818184,24171.35154142231,2.1351459500366334,6.278145820055184,4.0814026067624924,17.18715238402924,11.17773434068033,13.269029561240762,55.67092652393694
934.054,934.131,USV_646,0.07699999999999818,3.0,64.75099999999998,False,846.9159,911.6668999999999,87.13810000000001,22.387100000000032,0.010179532691836357,0.03284085181451613,19357.587732406286,14997.270921104562,5.6594403387007324e-05,34221.77419354839,28908.223562727024,2.2911847470315716,3.5346576828215697,4.9216425279330736,16.041471945060366,12.658068436288298,15.35649492931047,60.81096610337228
934.394,934.462,USV_647,0.06799999999998363,3.0,64.75099999999998,False,846.9159,911.6668999999999,87.47810000000004,22.727100000000064,0.01011436153203249,0.015886579241071428,15976.848451566811,15264.982169610052,5.075305929529892e-05,31784.598214285714,19952.95015701236,2.600203054495476,3.7834790190215273,4.194310837425832,15.729343626923056,11.751801397705792,15.425568696682362,58.73169116953984
934.563,934.583,USV_648,0.01999999999998181,3.0,64.75099999999998,False,846.9159,911.6668999999999,87.64710000000002,22.896100000000047,0.008100880309939384,0.0171875,15914.625250629988,17074.671120872248,0.00014544787693518968,31162.5,19213.220391356117,1.9736287849806762,5.308526451438405,3.8127240486046157,16.186824803213458,11.885071441367135,14.863752596163284,49.017463725540026
934.735,934.747,USV_649,0.011999999999943611,3.0,64.75099999999998,False,846.9159,911.6668999999999,87.81910000000005,23.068100000000072,0.00614537950605154,0.04656110491071429,19844.175526848132,16708.85586531954,0.0008092141856706342,34125.0,21484.357700750716,3.1894821224161194,4.235893390577629,4.146413570429592,14.430147731119328,12.87753678060738,15.212763929182914,50.96894132386249
934.952,935.052,USV_650,0.10000000000002274,3.0,64.75099999999998,False,846.9159,911.6668999999999,88.03610000000003,23.285100000000057,0.009301391430199146,0.033721923828125,16584.855163495045,15025.24537268228,0.00016182271097652716,31884.375,22016.11113399698,2.115184390782472,4.97752442637118,5.319276296017478,16.978054810815536,12.168499761062387,14.850316997614001,58.99860633789801
935.29,935.346,USV_651,0.05600000000004002,3.0,64.75099999999998,False,846.9159,911.6668999999999,88.3741,23.623100000000022,0.008499340154230595,0.025666610054347828,17168.386567753976,16568.56314294981,0.00012150303754023946,33036.684782608696,22176.835088533066,2.155087444997193,2.9823520528918546,5.570042999431955,14.987248306960657,11.687070394289174,13.831696517556193,56.86248881603392
936.133,936.148,USV_652,0.014999999999986358,3.0,64.75099999999998,False,846.9159,911.6668999999999,89.21710000000007,24.466100000000097,0.010638315230607986,0.045379638671875,21855.70758790021,18371.070850059717,0.0010900719262780874,34675.78125,22644.714844209946,3.2221406284360077,5.5479518860477,3.6072248083399603,12.387814416778745,9.049049550660461,14.18653871775508,47.40684001014777
936.871,936.919,USV_653,0.04800000000000182,3.0,64.75099999999998,False,846.9159,911.6668999999999,89.95510000000002,25.20410000000004,0.009641898795962334,0.0234619140625,18761.0527422963,16096.95118173426,5.98122740150486e-05,33998.4375,29272.417330021322,2.391327361965062,4.116983357201425,5.78222298626091,15.135257185025955,10.954881632525911,14.68157898922349,58.05605018907703
937.157,937.202,USV_654,0.04499999999995907,3.0,64.75099999999998,False,846.9159,911.6668999999999,90.24110000000007,25.490100000000098,0.011045463383197784,0.030337685032894735,17266.831581765637,15830.171158114454,0.00016134367721871404,31702.302631578947,19999.737905170066,1.7608506773530046,5.883617451154537,5.214804122448947,16.152977906850207,10.601466842341479,15.18378340608507,55.439851299894826
937.457,937.514,USV_655,0.05700000000001637,3.0,64.75099999999998,False,846.9159,911.6668999999999,90.54110000000003,25.790100000000052,0.00909033790230751,0.024851481119791668,15956.949676717364,15468.229193855672,4.7985676316726325e-05,31433.59375,20622.752344693305,2.088388383923259,5.858925047706073,5.784672101941303,15.918645910970099,11.26952140125177,13.876510853521054,57.60831473567006
937.549,937.571,USV_656,0.022000000000048203,3.0,64.75099999999998,False,846.9159,911.6668999999999,90.63310000000001,25.882100000000037,0.007530794944614172,0.03768643465909091,19206.188288016223,17163.286997011735,0.00030456295562666854,33306.818181818184,26243.85489877976,1.4852655279213836,4.7076298619361125,4.12680554501818,14.48274142832323,10.287714897967764,13.569325081559098,52.7213904216251
937.952,937.986,USV_657,0.033999999999991815,3.0,64.75099999999998,False,846.9159,911.6668999999999,91.03610000000003,26.285100000000057,0.008194150403141975,0.025162760416666666,17424.60998001136,16322.53912289766,0.00028349073477230795,32562.5,26626.060929456457,2.274403695071352,2.9588921649842472,4.560665542417802,16.617191391702505,11.26546616626526,13.508360166363332,54.476054472124034
938.578,938.607,USV_658,0.028999999999996362,3.0,64.75099999999998,False,846.9159,911.6668999999999,91.66210000000001,26.911100000000033,0.010118989273905754,0.022536057692307692,17251.736151405705,17804.11701132441,0.0002328989997832857,32336.53846153846,22350.276838365124,2.698028050926792,3.9532665247383956,5.806056569947523,14.930874209377624,10.541615575447663,15.919897050121627,51.694347991740685
940.691,940.749,USV_659,0.057999999999992724,3.0,64.75099999999998,False,846.9159,911.6668999999999,93.77510000000007,29.02410000000009,0.008819135837256908,0.023793538411458332,16070.838682952,15326.147606482404,0.0001422451887400241,32457.03125,21418.103973047448,1.8441661854525906,3.7939022155451014,5.190069809225878,16.549447612533996,11.24430020698918,15.739871813281246,57.576311814641855
940.807,940.828,USV_660,0.020999999999958163,3.0,64.75099999999998,False,846.9159,911.6668999999999,93.89110000000005,29.140100000000075,0.005741772707551718,0.030712890625,17635.849390255542,17213.16479640276,0.0004049667100334962,32306.25,17395.37579421803,2.5141516538422573,4.190093063490807,5.7870212986860725,13.545218904995613,11.740102269748935,11.894747793850883,49.96047350444036
940.873,940.95,USV_661,0.07699999999999818,3.0,64.75099999999998,False,846.9159,911.6668999999999,93.95710000000008,29.206100000000106,0.011666006408631802,0.028225806451612902,16728.80424968391,14643.32125113458,0.00011721962759212729,31088.709677419356,22620.85638133191,2.1929779744360585,6.608110683488475,6.096346026625699,16.334829479557992,11.397701030755357,14.728455402333426,59.76169661701615
941.365,941.386,USV_662,0.020999999999958163,3.0,64.75099999999998,False,846.9159,911.6668999999999,94.44910000000004,29.698100000000068,0.007803265005350113,0.0349365234375,17542.77702401408,15711.889440455143,9.374206268595827e-05,32475.0,22147.757184165912,1.7900975360019404,4.621263156325806,4.7831105018120175,15.620086681250786,12.53288973141773,14.465361820941762,51.916585660962916
941.591,941.644,USV_663,0.05299999999999727,3.0,64.75099999999998,False,846.9159,911.6668999999999,94.67510000000004,29.924100000000067,0.008569398894906044,0.03233753551136364,17830.451509976694,16462.47542875964,0.0001188391602550408,33055.39772727273,23331.961397609783,1.651111581626863,3.9379179485510107,5.101255933222778,16.191353908527716,11.350985166459703,14.995998027975075,57.212690159615015
941.829,941.88,USV_664,0.051000000000044565,3.0,64.75099999999998,False,846.9159,911.6668999999999,94.91309999999999,30.16210000000001,0.0091690793633461,0.020430131392045456,16260.34352594149,16083.065939768021,9.296180333034512e-05,32028.409090909092,21525.565451848855,2.207557617423162,4.231853963717575,5.408278262595274,16.18640859181013,10.62133081357105,14.389684104329286,55.74001412436306
943.831,943.846,USV_665,0.014999999999986358,3.0,64.75099999999998,False,846.9159,911.6668999999999,96.91510000000005,32.164100000000076,0.007305630948394537,0.02166748046875,17744.583818097857,19267.230800331374,0.001035733962461669,32074.21875,18449.759247689246,3.425611120903409,5.65345701908395,5.021029292172409,14.949068863160871,8.816020409472012,13.370679901781731,44.667891321371954
947.418,947.427,USV_666,0.009000000000014552,3.0,64.75099999999998,False,846.9159,911.6668999999999,100.50210000000004,35.751100000000065,0.012203323654830456,0.0081787109375,16966.54568820249,19940.511701251722,0.0003661915285895389,30765.625,20559.524601355846,1.9663334971411501,6.198102571269875,6.644707863579744,14.443627224404056,10.365590419123349,14.191570412813741,40.395203396610405
948.109,948.141,USV_667,0.03199999999992542,3.0,64.75099999999998,False,846.9159,911.6668999999999,101.19310000000007,36.442100000000096,0.010174401104450226,0.015311104910714286,17138.153464540654,16243.712222335447,0.00011499368982630517,31165.178571428572,25822.994826700655,2.5896591714014634,2.95328658083725,5.7316317107804435,14.551031754318432,11.046473958129022,12.490433560059708,55.93454698484485
949.629,949.686,USV_668,0.05700000000001637,3.0,64.75099999999998,False,846.9159,911.6668999999999,102.71310000000005,37.96210000000008,0.008484343998134136,0.030731201171875,17802.858667935932,15534.526396929215,0.00032039120037253313,32179.6875,25250.06472907083,2.014587308928979,4.380434454089105,5.765305860425052,17.45434706358047,11.74043087574779,14.9181070405308,58.34948685526094
950.928,950.958,USV_669,0.029999999999972715,3.0,64.75099999999998,False,846.9159,911.6668999999999,104.01210000000003,39.261100000000056,0.008371775038540363,0.028006417410714284,16622.05115084248,16364.073112235039,0.0001716400184366887,31613.839285714286,23194.239938565817,2.6278181709104627,3.1838209080950217,6.1614308230680175,14.347448133146823,11.304431185336865,12.993953514792931,53.86880929636585
951.477,951.492,USV_670,0.014999999999986358,3.0,64.75099999999998,False,846.9159,911.6668999999999,104.56110000000001,39.810100000000034,0.008710900321602821,0.019927978515625,16508.517297863713,17761.458777359192,0.0008536324428179013,32261.71875,28420.63669911868,5.040707320318212,4.846876074499812,5.545478388338794,16.561898077702196,11.77004924088427,13.99820205401829,44.49833947537721
953.75,953.768,USV_671,0.018000000000029104,3.0,64.75099999999998,False,846.9159,911.6668999999999,106.83410000000003,42.08310000000006,0.011906756088137627,0.013454861111111112,16892.22628927448,16901.28241301075,0.0001724714032464954,28135.416666666668,21240.604830064032,2.6222562651630863,5.652138851942287,5.89033800764209,14.484789570549882,10.099625412316053,12.93354780490373,48.98863446947551
953.827,953.85,USV_672,0.023000000000024556,3.0,64.75099999999998,False,846.9159,911.6668999999999,106.91110000000003,42.16010000000006,0.010831635445356369,0.02081853693181818,14296.318874719007,16977.647444508082,0.0002752511491889639,30494.31818181818,18597.842482310807,2.163071694974104,4.402200813060334,4.824823775370913,14.653373486513475,11.046618848277076,12.585081958269756,48.87018132729936
954.183,954.23,USV_673,0.047000000000025466,3.0,64.75099999999998,False,846.9159,911.6668999999999,107.26710000000003,42.51610000000005,0.006831172853708267,0.0341552734375,17318.50811563765,16063.447614951781,8.872175148203824e-05,32521.875,24208.871971313874,2.727834203924096,4.422243396045939,5.883050415377182,15.611730333521871,10.79622865733071,14.162169538680626,56.48104351538935
954.604,954.646,USV_674,0.041999999999916326,3.0,64.75099999999998,False,846.9159,911.6668999999999,107.68810000000008,42.9371000000001,0.01144358143210411,0.014851888020833334,12876.741081570224,14804.78530482653,4.449607265519802e-05,28906.25,20929.319793890703,1.8969084742366351,4.607232002096731,4.485046946870993,18.951949047244526,12.408266624185181,14.410652976434656,54.97005127063403
954.825,954.858,USV_675,0.032999999999901775,3.0,64.75099999999998,False,846.9159,911.6668999999999,107.90910000000008,43.158100000000104,0.008497794158756733,0.02998046875,15463.67822059994,14486.188439036514,9.635578064562568e-05,30225.0,24013.67680647881,2.4171468634308093,2.921974976214211,4.950855212763892,16.63466225751787,11.391174522501098,14.788552474437845,56.276470302131635
954.903,954.952,USV_676,0.04899999999997817,3.0,64.75099999999998,False,846.9159,911.6668999999999,107.98710000000005,43.23610000000008,0.011897529475390911,0.02585565476190476,15176.269050473797,15951.830179723402,9.55872527474501e-05,31196.428571428572,26991.976076882864,2.1733614040110143,4.929028631623099,4.555559472100162,15.21150094147838,11.031376975221265,14.747923184735146,56.26130473804553
955.096,955.111,USV_677,0.014999999999986358,3.0,64.75099999999998,False,846.9159,911.6668999999999,108.18010000000004,43.42910000000006,0.01143643818795681,0.02130126953125,18471.74326278917,23865.03460936191,0.0017456164828181199,36281.25,24951.927373076753,2.528893362588977,4.744838029886678,3.367334008516222,11.834253159117235,9.500143969190031,10.749633734903373,41.17212425836496
955.439,955.562,USV_678,0.1230000000000473,3.0,64.75099999999998,False,846.9159,911.6668999999999,108.5231,43.77210000000002,0.01116162445396185,0.029192243303571428,16316.242826001375,14287.27607360971,3.094130252671049e-05,31059.948979591838,24098.83346474622,2.7258043264575673,3.390728416793653,5.3544783799413675,15.639893124999276,11.2884739875429,14.474377205207386,61.17435132417429
958.759,958.774,USV_679,0.014999999999986358,3.0,64.75099999999998,False,846.9159,911.6668999999999,111.84310000000005,47.09210000000007,0.012682660482823849,0.025177001953125,17938.079960120853,16724.7693121437,0.000183942315394267,31910.15625,26192.473954703895,2.603712597617638,1.6850771076795246,5.17789448493299,18.11580716131325,12.217692590271211,15.10965709501839,48.23318430008938
959.014,959.033,USV_680,0.019000000000005457,3.0,64.75099999999998,False,846.9159,911.6668999999999,112.09810000000004,47.34710000000007,0.009118669666349888,0.025732421875,18884.768985704715,18882.11193190259,0.0005168923483815696,33581.25,26913.445435341942,2.5400949140113065,6.410058603758159,5.550551008307254,15.569100926115402,9.997622106183512,13.389444651538597,47.287798183942286
959.066,959.087,USV_681,0.020999999999958163,3.0,64.75099999999998,False,846.9159,911.6668999999999,112.15010000000007,47.39910000000009,0.009308742359280586,0.0218017578125,19690.297378546762,19571.641524257826,0.0010557585248070402,34312.5,28105.554158152267,1.9352600654471792,6.32758100443208,4.817332971942434,12.677130179972378,11.90585710686349,12.165061173652303,47.71940864328529
959.579,959.711,USV_682,0.13200000000006185,3.0,64.75099999999998,False,846.9159,911.6668999999999,112.66309999999999,47.91210000000001,0.009314272552728653,0.046964205228365384,19874.07559347718,14765.955935645667,6.190754960498269e-05,34671.27403846154,29101.867057833,2.3401192715883665,5.680612814235899,5.7737823300393325,17.552655469291516,12.348771084727433,14.43577153290375,61.21306919218171
959.792,959.811,USV_683,0.019000000000005457,3.0,64.75099999999998,False,846.9159,911.6668999999999,112.87610000000006,48.12510000000009,0.008955198340117931,0.032421875,18773.976779444318,16656.52775326859,0.0002230287591900637,33000.0,26549.971644049372,2.079322935848242,4.895079695368975,5.020359949432345,13.737375563910987,12.243208729821063,12.879881411264956,49.71141788895737
959.845,959.977,USV_684,0.13199999999994816,3.0,64.75099999999998,False,846.9159,911.6668999999999,112.92910000000006,48.178100000000086,0.009462647140026093,0.032381497896634616,18537.921061617824,15288.407549047002,0.00016816415849297474,34348.557692307695,28557.920877658744,2.5487773183163274,3.661855927879521,5.034134109840327,16.990456680962374,12.15466496709904,15.208529302328818,60.925491237523254
960.296,960.315,USV_685,0.019000000000005457,3.0,64.75099999999998,False,846.9159,911.6668999999999,113.38010000000008,48.62910000000011,0.005975252948701382,0.026513671875,18571.785995951817,17571.764040475977,0.0004336519483063144,33346.875,25689.8465199329,1.6491938946825737,4.472818841770624,5.48679849048379,15.922750689369542,10.139190416140476,11.634894003516013,49.00088196335048
960.392,960.437,USV_686,0.04499999999995907,3.0,64.75099999999998,False,846.9159,911.6668999999999,113.47610000000009,48.72510000000011,0.010801952332258224,0.01747532894736842,16894.993823675744,15780.865354789918,6.554858234089362e-05,32067.434210526317,26011.87460572454,2.4836284903600356,4.959876620973314,5.8053703195249176,14.47679175323736,11.256318804791617,15.572747393589854,55.3589990405138
960.505,960.593,USV_687,0.08799999999996544,3.0,64.75099999999998,False,846.9159,911.6668999999999,113.58910000000003,48.838100000000054,0.009341662749648094,0.033426339285714285,18173.442197406082,14911.281313395462,7.680791401373033e-05,32895.53571428572,24720.793504065445,2.6573582833487057,5.283190148647317,4.356932556666631,15.43874710460082,11.044336984020553,14.665530160397841,60.07989891645072
960.739,960.771,USV_688,0.03199999999992542,3.0,64.75099999999998,False,846.9159,911.6668999999999,113.82310000000007,49.07210000000009,0.009896086528897285,0.05962262834821429,19134.843034618792,16237.79870164885,5.806622351249596e-05,34566.96428571428,33315.08076997968,1.6380571621954143,4.68447928731995,4.846985120818384,15.851971169122786,11.066723640725863,12.825313988063453,56.01585640476993
961.129,961.216,USV_689,0.08699999999998909,3.0,64.75099999999998,False,846.9159,911.6668999999999,114.21310000000005,49.46210000000008,0.017815396189689636,0.034298270089285716,16906.10988136154,15831.139211481172,0.00011984181227038487,33600.0,25624.33601067679,3.0354786489943018,3.485635914434333,6.022203866541354,15.334426126034295,10.822540718903866,13.774438642162176,59.58812409891391
961.255,961.308,USV_690,0.05299999999999727,3.0,64.75099999999998,False,846.9159,911.6668999999999,114.33910000000003,49.588100000000054,0.00910224113613367,0.028475674715909092,17636.19827432989,16211.837569549993,7.493940255831074e-05,33826.704545454544,27794.842796493158,3.022940253639243,3.4387880661082004,4.46726500590482,17.174433453838276,11.94337937446267,14.390791297701874,58.008082344969495
962.35,962.4,USV_691,0.049999999999954525,3.0,64.75099999999998,False,846.9159,911.6668999999999,115.43410000000006,50.68310000000008,0.010519527830183506,0.02269345238095238,16914.893336523284,15485.963121934572,0.00017237900812482984,32276.785714285714,26214.83490004213,2.3396476668978985,3.6569800847485405,5.213017931749549,16.932162508037067,12.851168149673278,15.058638312541317,57.74062276625649
962.783,962.816,USV_692,0.03300000000001546,3.0,64.75099999999998,False,846.9159,911.6668999999999,115.86710000000005,51.116100000000074,0.008811412379145622,0.0306640625,17994.781493754523,16263.609203206122,0.0002377017232610039,33512.5,27922.57241447191,2.21819424089564,4.180248467952752,5.711126289987972,17.17198176668816,11.885236948232794,13.656698201414258,54.261821853944944
963.455,963.486,USV_693,0.03099999999994907,3.0,64.75099999999998,False,846.9159,911.6668999999999,116.53910000000008,51.7881000000001,0.015090725384652615,0.10723005022321429,23161.516396866147,17747.755688435507,0.0006724304004525532,40566.96428571428,24241.43800835293,1.8960000294571553,5.2880736562930375,4.717994129972324,15.787663581970207,11.742832057682122,12.66655016868005,56.013275656699726
963.622,963.647,USV_694,0.02500000000009095,3.0,64.75099999999998,False,846.9159,911.6668999999999,116.70609999999999,51.955100000000016,0.010363074950873852,0.03558349609375,19728.570559271157,16016.909774542857,0.0001606134997599145,33414.0625,28737.340381161503,2.893100266835907,5.499765750273988,5.879495119287724,16.634548770721207,9.183166912235095,13.85884451457168,53.7909645726192
963.686,963.768,USV_695,0.08199999999999363,3.0,64.75099999999998,False,846.9159,911.6668999999999,116.77010000000007,52.019100000000094,0.009422708302736282,0.054487748579545456,20215.707559627044,14975.675133508576,0.00011178938162676529,35150.568181818184,29665.345951491116,2.171319119004191,5.030769026854379,5.780423023657129,17.23068787382187,11.398872589276579,15.087990243030069,60.23232661711472
963.806,963.821,USV_696,0.014999999999986358,3.0,64.75099999999998,False,846.9159,911.6668999999999,116.89010000000007,52.1391000000001,0.007270957808941603,0.06927490234375,23124.63981965247,17842.834411333715,0.0003835368585779069,36785.15625,29935.33820082008,2.0358140021100146,2.3245359318114507,4.386047170549913,18.46236935187356,8.676931790450404,13.056694382742137,49.074123537391785
963.923,963.999,USV_697,0.07600000000002183,3.0,64.75099999999998,False,846.9159,911.6668999999999,117.00710000000004,52.25610000000006,0.009951967746019363,0.04871786794354839,20817.76568366158,15466.70022216325,9.464311889159993e-05,35528.22580645161,28986.074595944603,2.6369705454042527,3.744690206928278,4.543015485945128,14.796506432655551,10.252263019471657,14.921098091503332,61.749192359538135
964.19,964.235,USV_698,0.04499999999995907,3.0,64.75099999999998,False,846.9159,911.6668999999999,117.27410000000009,52.52310000000011,0.010099686682224274,0.05385228207236842,19852.779430840703,17673.246817912604,0.0003223356785001681,38077.30263157895,23963.39576183138,2.2653668847300543,4.184360727110455,4.558997480878154,16.421979923267855,11.66095637636467,14.86035873360828,57.60501195009131
964.297,964.409,USV_699,0.11199999999996635,3.0,64.75099999999998,False,846.9159,911.6668999999999,117.38110000000006,52.630100000000084,0.01215596403926611,0.0640869140625,20031.541565138632,14620.302427694476,0.0002219270930946304,34384.943181818184,28361.364190051445,2.3811328182736022,3.443184450179102,6.4854231994175935,16.244496705288466,11.476498712016447,15.340537422701248,62.6516775027922
964.655,964.71,USV_700,0.055000000000063665,3.0,64.75099999999998,False,846.9159,911.6668999999999,117.73910000000001,52.98810000000003,0.012198093347251415,0.031759510869565216,15463.23902388274,15122.638748484604,4.903324319611192e-05,31671.195652173912,25750.30527384623,1.970436519408185,3.7009006094258354,6.266522689461817,16.455117095158062,11.620577145787303,13.80901971533598,57.73005756899583
965.1,965.124,USV_701,0.02400000000000091,3.0,64.75099999999998,False,846.9159,911.6668999999999,118.18410000000006,53.43310000000008,0.010078493505716324,0.019398082386363636,16183.296498439728,17266.28124202359,0.0006264683615651768,31696.022727272728,26727.333210181234,2.6185639909502054,4.754389520901201,5.545374801997121,15.63260529895826,11.248456755876708,11.948385545270613,51.16555551092629
965.188,965.207,USV_702,0.019000000000005457,3.0,64.75099999999998,False,846.9159,911.6668999999999,118.27210000000002,53.52110000000005,0.008994918316602707,0.036865234375,19552.804322215685,17297.69282526225,0.00015674887892652464,34959.375,29223.54796818931,2.2535482745909947,2.311721470268675,5.170090484619062,13.662976265744476,9.40730326810294,16.256079663820955,52.38328747229582
965.238,965.327,USV_703,0.08899999999994179,3.0,64.75099999999998,False,846.9159,911.6668999999999,118.32210000000009,53.571100000000115,0.01482977345585823,0.035319010416666664,16792.86175571476,15850.078843599085,0.0003221931859861037,33195.3125,28913.16524055101,2.103914805031197,2.810337483313452,4.797708276931596,20.271417903994074,11.05841699422676,14.552138684253489,59.7465188352935
965.434,965.455,USV_704,0.02100000000007185,3.0,64.75099999999998,False,846.9159,911.6668999999999,118.5181,53.76710000000003,0.01321478746831417,0.03505859375,17796.109258593322,15344.915713570861,0.00015513196516487972,33093.75,27098.885411678348,2.2758097398363004,2.6711467326939715,4.6129069921240236,15.971522112207797,10.235039656511443,14.600154137309591,53.82779434045257
965.603,965.706,USV_705,0.10300000000006548,3.0,64.75099999999998,False,846.9159,911.6668999999999,118.68709999999999,53.93610000000001,0.015805363655090332,0.0367163681402439,17483.239145657662,15056.83745286098,6.28938149643973e-05,33461.89024390244,28820.106185318935,2.1013192994296817,3.240933492171506,4.884153398271575,16.63285894179567,11.233049561150056,13.656225110527636,59.42046452924863
965.993,966.109,USV_706,0.11599999999998545,3.0,64.75099999999998,False,846.9159,911.6668999999999,119.07710000000009,54.32610000000011,0.009820124134421349,0.06788701596467392,18000.632339551958,16895.46023502826,0.00011245447816288416,38904.211956521736,19934.48226961074,2.712138914440797,3.315391922075625,4.994972361453743,16.610666776675583,10.69966680910588,14.461321863563473,60.70769692363047
966.255,966.296,USV_707,0.04100000000005366,3.0,64.75099999999998,False,846.9159,911.6668999999999,119.33910000000003,54.588100000000054,0.020454827696084976,0.025309244791666668,13895.641554379321,16152.081102596472,0.00019902944644662732,27776.041666666668,21982.978095715207,2.6315200014303946,1.4537228301320728,4.371438115228862,13.985840600463982,10.15542596817648,14.567141211270442,56.54343413257381
967.292,967.418,USV_708,0.12599999999997635,3.0,64.75099999999998,False,846.9159,911.6668999999999,120.37610000000006,55.62510000000009,0.010432365350425243,0.0507958984375,19747.922652219982,14772.303430089736,8.15140687921654e-05,34166.25,27271.025617772568,2.3435227089958066,4.950228272432685,5.293710106740735,16.154861437537374,11.35813473090083,14.731275566938459,61.79115560470357
968.045,968.112,USV_709,0.06700000000000728,3.0,64.75099999999998,False,846.9159,911.6668999999999,121.1291,56.37810000000002,0.009338662028312683,0.0386962890625,18616.950852638758,15838.671102358692,0.00026702536601645976,33391.74107142857,27461.914532556635,2.5154709848979846,2.802235638746133,5.742815354490107,15.096082527587926,11.887870825501462,14.211004068907943,59.46328636497263
968.492,968.569,USV_710,0.07699999999999818,3.0,64.75099999999998,False,846.9159,911.6668999999999,121.5761,56.82510000000002,0.011727647855877876,0.044677734375,18500.26291217223,16061.40186521136,9.88520600877458e-05,34823.58870967742,29914.27233256738,2.9729171178186555,3.475001380737437,5.72161895515429,16.40140409350114,12.13583366764346,14.344336813103608,59.378301113992485
968.822,968.851,USV_711,0.028999999999996362,3.0,64.75099999999998,False,846.9159,911.6668999999999,121.90610000000004,57.15510000000006,0.00759873865172267,0.03440504807692308,19922.622251746594,16450.777486150964,0.0002536492752443034,34846.153846153844,29215.732592653403,2.848014584790779,3.6484203291756625,5.216650058577946,17.17374434725652,9.87029033886422,15.115407162702079,55.40561025674804
969.185,969.197,USV_712,0.012000000000057298,3.0,64.75099999999998,False,846.9159,911.6668999999999,122.26909999999998,57.518100000000004,0.009823511354625225,0.023646763392857144,19121.388192829774,21163.662933126423,0.001238817800214752,33308.03571428572,25897.284863352386,3.1701075000745695,7.07679772281986,4.567490324266707,13.724317943694716,10.376308225089252,11.767198557054831,40.43108697922246
969.536,969.547,USV_713,0.011000000000080945,3.0,64.75099999999998,False,846.9159,911.6668999999999,122.62009999999998,57.8691,0.010147430002689362,0.046177455357142856,20915.894982914495,18267.08271364941,0.000279124778467371,34325.892857142855,21439.54993369892,1.6732632581045785,2.4538063615607943,5.1614489340749445,13.888053445994748,11.233596923473057,13.281124504505874,44.397252194222126
969.95,969.975,USV_714,0.024999999999977263,3.0,64.75099999999998,False,846.9159,911.6668999999999,123.03410000000008,58.283100000000104,0.008561510592699051,0.028767903645833332,17748.0039320108,15714.526658277986,0.00046039254144627676,32460.9375,22525.412455972997,2.6539871785464437,3.870544320182457,4.052287956314648,15.533682895102542,10.32298208747865,13.48250274912683,53.22222201104717
970.057,970.118,USV_715,0.06100000000003547,3.0,64.75099999999998,False,846.9159,911.6668999999999,123.14110000000005,58.390100000000075,0.08660370856523514,0.0171484375,9688.672739593398,11873.589411878673,0.00019046748559937773,19372.5,23629.373124002934,4.097305789814146,1.958324470323639,5.921390637469223,18.39790483315461,10.65128505102124,15.966325825323674,54.86459967590496
970.497,970.538,USV_716,0.04100000000005366,3.0,64.75099999999998,False,846.9159,911.6668999999999,123.58109999999999,58.830100000000016,0.01450115442276001,0.010457356770833334,12367.471019576067,15180.813963969604,0.00012273084073745623,28171.875,25534.381945840563,3.5922381355618973,2.6207325029479964,5.03997435561643,17.024204846772612,11.566890096196275,14.477727740390565,53.56343165417991
971.383,971.436,USV_717,0.05299999999999727,3.0,64.75099999999998,False,846.9159,911.6668999999999,124.46710000000007,59.7161000000001,0.014367932453751564,0.03232643821022727,16517.91873583818,14035.578090004734,0.0001312373547220365,30477.272727272728,19165.97847068708,2.7535101172330907,3.6490294121832196,5.587290334394414,16.561252202084535,10.839722946016566,13.84146393609791,59.8027894559261
971.833,971.878,USV_718,0.04500000000007276,3.0,64.75099999999998,False,846.9159,911.6668999999999,124.9171,60.16610000000003,0.013068410567939281,0.026045949835526317,14484.565532922947,15525.818557704513,0.00013098457855453355,29092.105263157893,21221.26820138729,2.0413249091003944,2.166524204531728,5.340716132201491,15.950067085130405,10.725360728580043,14.601143579288948,56.095680534161076
972.16,972.194,USV_719,0.033999999999991815,3.0,64.75099999999998,False,846.9159,911.6668999999999,125.2441,60.49310000000003,0.009484353475272655,0.04593098958333333,18433.776162741702,16115.15770642349,0.0007014055772621545,30987.5,21854.368734612497,2.515456933198688,4.080985612608515,4.314616933516336,14.108608009905387,11.267040186714139,12.051798124996312,55.958661052402654
972.484,972.511,USV_720,0.02699999999992997,3.0,64.75099999999998,False,846.9159,911.6668999999999,125.56810000000007,60.817100000000096,0.008387538604438305,0.02032470703125,15334.197809637408,14737.044615851226,2.4137109429437774e-05,30640.625,19762.661573912297,3.124224090747235,5.388744755287379,5.239774677776307,16.897090973586483,11.390429622316319,13.368842155170283,54.54168336096993
972.869,972.885,USV_721,0.01599999999996271,3.0,64.75099999999998,False,846.9159,911.6668999999999,125.95310000000006,61.20210000000009,0.007220130413770676,0.04376220703125,20060.03924405399,18996.35778832391,0.0004407143431047901,33843.75,22624.651621014928,2.7504031499914303,2.740779934954938,4.5410482322656645,13.053024110135116,9.553832995388635,14.179571752164113,47.85358734546598
973.376,973.393,USV_722,0.01700000000005275,3.0,64.75099999999998,False,846.9159,911.6668999999999,126.46010000000001,61.709100000000035,0.012143264524638653,0.041259765625,17816.35928549356,17957.697461533353,0.0005111089662707085,30062.5,21137.532524574457,1.6309071775197428,2.163494049081107,3.970955586646913,16.093575038090403,8.123091794690481,12.606291307459728,49.82205934888145
973.557,973.618,USV_723,0.06100000000003547,3.0,64.75099999999998,False,846.9159,911.6668999999999,126.64110000000005,61.890100000000075,0.011221489869058132,0.0379296875,15673.634817911714,13277.244580987666,0.00013726520340332396,28192.5,18212.39270557661,2.067145541772454,6.103154614147684,5.488419752544308,19.098954471297485,11.958137685284253,14.504544964667769,60.65581432081026
974.152,974.211,USV_724,0.05899999999996908,3.0,64.75099999999998,False,846.9159,911.6668999999999,127.23610000000008,62.4851000000001,0.007804552558809519,0.031016031901041668,16009.487583449438,14251.67396493211,4.48549770700703e-05,30816.40625,17083.782022656374,2.7630274246111295,4.978351429719894,4.117107972684493,16.186755087387347,12.488238470962836,14.636295097557644,59.72795705472967
975.193,975.243,USV_725,0.05000000000006821,3.0,64.75099999999998,False,846.9159,911.6668999999999,128.27710000000002,63.52610000000004,0.009153108112514019,0.031575520833333336,17610.100416326597,15581.43279295163,0.0001825491698917781,31723.214285714286,24283.765080373578,2.6408868970251866,4.418498544630771,3.684663015497556,15.215311161251625,9.829774026226128,16.160725525069786,58.23142785532822
975.601,975.625,USV_726,0.02400000000000091,3.0,64.75099999999998,False,846.9159,911.6668999999999,128.68510000000003,63.93410000000006,0.00874766893684864,0.035577947443181816,18149.41584322728,15823.381132450666,0.00025404654097954346,31764.204545454544,23602.797359938737,1.620168571358625,5.229682523266145,6.12497709107251,14.935652496538701,10.086320711332744,13.963471133285383,52.90906133107783
977.08,977.106,USV_727,0.025999999999953616,3.0,64.75099999999998,False,846.9159,911.6668999999999,130.16410000000008,65.4131000000001,0.011376463808119297,0.01904296875,16566.182622232813,17381.967410603804,0.0002538332937383898,31945.3125,25880.51549059323,2.404519292093958,2.512369371900276,4.543937894877215,15.70827790748256,11.011717749003422,12.82600784903385,51.57744679939157
977.3,977.308,USV_728,0.008000000000038199,3.0,64.75099999999998,False,846.9159,911.6668999999999,130.3841,65.63310000000001,0.009947126731276512,0.034033203125,17419.204313899503,18053.175102485915,0.0006200737628155012,31912.5,25362.919331891848,2.11198057961154,5.04756419790327,2.8955041077105816,14.581453453634552,9.909467826659334,14.038393061127715,37.64561166763615
977.38,977.43,USV_729,0.049999999999954525,3.0,64.75099999999998,False,846.9159,911.6668999999999,130.46410000000003,65.71310000000005,0.009914310649037361,0.04870024181547619,20447.547462952323,15364.003355623012,0.0004608912187388005,34017.857142857145,24982.32680235895,2.0204042219851934,4.034678818432132,5.539612255552802,15.968623680301297,11.034986222284244,13.627232493921982,59.1057424332025
977.534,977.549,USV_730,0.014999999999986358,3.0,64.75099999999998,False,846.9159,911.6668999999999,130.61810000000003,65.86710000000005,0.009841475635766983,0.0115966796875,17896.705846714576,16678.137945483446,0.0001966377267225724,32039.0625,26094.152222700075,2.2753899029928126,2.2078544249031076,3.6096950843160087,13.547431418067104,11.37976831335498,15.745508267364361,46.83362121806307
977.995,978.054,USV_731,0.05899999999996908,3.0,64.75099999999998,False,846.9159,911.6668999999999,131.07910000000004,66.32810000000006,0.009398038499057293,0.028238932291666668,17190.24162409499,16218.408598637814,8.082587235425997e-05,33160.15625,27048.031236979994,2.0353772015224476,5.757781050206961,5.457421224949214,15.480797991485924,10.175788370245657,15.167578690944302,59.984696919924154
978.086,978.12,USV_732,0.033999999999991815,3.0,64.75099999999998,False,846.9159,911.6668999999999,131.17010000000005,66.41910000000007,0.009628462605178356,0.028385416666666666,17372.009115925674,16970.920532226617,0.00020400032522246357,33387.5,26615.603877915415,2.1872733571211684,3.4855847917274563,6.769598884325635,15.428743882899207,11.3744872877394,15.069317545580395,54.22522064055678
979.352,979.415,USV_733,0.06299999999998818,3.0,64.75099999999998,False,846.9159,911.6668999999999,132.4361,67.68510000000003,0.010771473869681358,0.059476412259615384,20552.653963615412,15141.969971334767,0.00010696417347622381,33731.971153846156,28451.419816224377,2.2075167730927636,3.7147950281708857,6.163394967119728,14.487675021017443,10.885598783314125,13.814078374734663,61.00074764183134
979.486,979.544,USV_734,0.057999999999992724,3.0,64.75099999999998,False,846.9159,911.6668999999999,132.57010000000002,67.81910000000005,0.010694369673728943,0.049204508463541664,19766.28060909625,15119.114550195007,7.088081803904429e-05,33968.75,27331.360204859437,2.088819774550144,5.307415529531756,5.685061572014187,16.494879220595667,10.678874959181579,13.791536597228557,59.39948949989787
979.587,979.646,USV_735,0.05899999999996908,3.0,64.75099999999998,False,846.9159,911.6668999999999,132.67110000000002,67.92010000000005,0.027728507295250893,0.026835123697916668,15051.558884143416,13791.400101978952,3.305888536508765e-05,30453.125,28879.32077091225,3.2028758613825956,2.6046568962717607,5.730679731828986,18.31361831715014,11.054502579085527,14.611385662924134,61.524446525434534
980.419,980.471,USV_736,0.05200000000002092,3.0,64.75099999999998,False,846.9159,911.6668999999999,133.50310000000002,68.75210000000004,0.031032532453536987,0.04201438210227273,16834.232024243134,14582.047840437937,0.00024507597272045077,31380.68181818182,26520.24957874675,3.4475047334265225,2.862003613250571,5.350941682739026,16.171728476720673,10.75372460883558,13.397633730445069,56.032102396438475
980.517,980.569,USV_737,0.05199999999990723,3.0,64.75099999999998,False,846.9159,911.6668999999999,133.6011000000001,68.85010000000011,0.014318442903459072,0.028575550426136364,14937.951012827512,14878.955469707977,2.504285432153386e-05,30801.136363636364,24510.749584295005,2.7054892577946936,2.7443126837454583,4.1492518506861575,18.540002408872887,10.984938040242499,13.815060716643085,58.85656281916717
980.606,980.691,USV_738,0.08500000000003638,3.0,64.75099999999998,False,846.9159,911.6668999999999,133.69010000000003,68.93910000000005,0.012605646625161171,0.038653205422794115,18981.234761993037,14546.91088363762,0.000197593532371757,33341.91176470588,27698.820283944653,2.273233042085733,3.5291327144787865,4.323006861930542,15.87676751109348,10.889350596094063,14.185054303434473,61.889879660270374
981.345,981.379,USV_739,0.033999999999991815,3.0,64.75099999999998,False,846.9159,911.6668999999999,134.42910000000006,69.67810000000009,0.014151296578347683,0.036962890625,18981.44320029392,16293.06729755113,0.00013842577021896293,33231.25,27766.08946552071,3.245684728432703,3.1870728030443507,4.791093866815706,13.913794673355286,9.502650952394374,13.17100714371113,56.238479491473086
981.473,981.539,USV_740,0.06600000000003092,3.0,64.75099999999998,False,846.9159,911.6668999999999,134.5571,69.80610000000001,0.010727512650191784,0.031674985532407406,17435.870279168197,15701.409440288367,5.073554641467774e-05,33329.86111111111,28504.327390985352,2.8655098385171556,5.3391144216894135,5.736163069784409,16.360087141198182,13.071853497136003,15.552198098636701,58.327013718240494
982.325,982.475,USV_741,0.14999999999997726,3.0,64.75099999999998,False,846.9159,911.6668999999999,135.40910000000008,70.6581000000001,0.010642443783581257,0.04497980667372881,19061.568022094678,14932.059642049047,0.0001206046326541483,34302.96610169492,28239.2783160545,1.8612605242559712,5.918549798667564,5.194287490711179,16.60426371549601,11.267937185304575,13.614860787254111,62.08670991238653
982.518,982.573,USV_742,0.05499999999994998,3.0,64.75099999999998,False,846.9159,911.6668999999999,135.60210000000006,70.85110000000009,0.010519305244088173,0.07131029211956522,22708.03203614616,14843.195034938442,0.000173622747236226,36158.967391304344,29660.296495512164,3.0083671942793218,4.491553650351857,6.464192947176415,15.966259654380975,11.323594089540109,12.641967279273771,60.77401089153786
982.833,982.941,USV_743,0.10800000000006094,3.0,64.75099999999998,False,846.9159,911.6668999999999,135.9171,71.16610000000003,0.008935173973441124,0.040237781613372096,17591.426374566017,15109.139551301903,8.400670156801166e-05,33680.232558139534,25814.59009949622,2.381316492411869,5.542398012786752,5.616490635686758,16.03251092246058,11.743763912875018,14.253735695307277,60.04745494299327
983.389,983.535,USV_744,0.14599999999995816,3.0,64.75099999999998,False,846.9159,911.6668999999999,136.47310000000004,71.72210000000007,0.010234120301902294,0.04461777001096491,18817.184217037757,15460.809175791219,0.00014275881720532857,34641.44736842105,28401.602631411857,2.5712809206505773,5.197674170937676,5.674713903072453,16.63723195640768,10.107480869185252,14.304829504618244,60.38128678627508
983.575,983.657,USV_745,0.08199999999999363,3.0,64.75099999999998,False,846.9159,911.6668999999999,136.65910000000008,71.9081000000001,0.011356113478541374,0.038337476325757576,18488.954735741983,14341.599172136264,0.00011871365500189859,32474.43181818182,26570.997238672266,2.271487834054275,4.112890977262978,5.844106014852192,15.168394428765994,10.295940254818959,13.896426150451035,62.955472418392084
984.295,984.343,USV_746,0.04800000000000182,3.0,64.75099999999998,False,846.9159,911.6668999999999,137.3791,72.62810000000002,0.01039909664541483,0.0367919921875,19156.646115904026,16289.630123046742,0.000285355394181093,34110.9375,27803.21204672067,2.7353513325183476,6.7114864410934745,4.97006711550861,14.395859862397566,11.124656591576954,12.586728449866593,57.355648652409116
984.839,984.875,USV_747,0.03599999999994452,3.0,64.75099999999998,False,846.9159,911.6668999999999,137.9231000000001,73.17210000000011,0.009640977717936039,0.036895751953125,17686.49640509604,16639.779178231678,0.00044532594863236103,31892.578125,24717.45487210336,1.3694159102125703,6.651137139816774,5.497937567108012,15.24238252428177,11.520437598081802,12.15006074610944,54.15178247716187
985.269,985.284,USV_748,0.014999999999986358,3.0,64.75099999999998,False,846.9159,911.6668999999999,138.35310000000004,73.60210000000006,0.011157910339534283,0.030914306640625,19156.688513292993,17220.340920892144,0.00018657613908905867,32355.46875,25050.56113879091,2.636388948054165,3.3681378928968924,4.247704021905246,13.791041838673088,11.645350095783668,11.716307222393315,47.85328138073379
986.056,986.166,USV_749,0.11000000000001364,3.0,64.75099999999998,False,846.9159,911.6668999999999,139.14010000000007,74.3891000000001,0.011531622149050236,0.04985462535511364,19176.21495396361,14296.357412494925,5.4084109620477334e-05,33200.28409090909,27738.40681972429,2.154285890363868,6.391432024687628,5.930511972894467,16.64789235428591,11.273607932216825,14.062700557068377,62.18145029140044
988.719,988.763,USV_750,0.04399999999998272,3.0,64.75099999999998,False,846.9159,911.6668999999999,141.8031000000001,77.05210000000011,0.00869437400251627,0.03125,16286.723046180905,15012.762411752576,6.676294379746983e-05,31465.46052631579,22727.937412990617,1.797597092518002,5.683087447290105,5.1042331031962265,16.237254520222606,11.51114400727376,13.85237442052016,56.30816114145722
988.841,988.867,USV_751,0.025999999999953616,3.0,64.75099999999998,False,846.9159,911.6668999999999,141.92510000000004,77.17410000000007,0.00699695385992527,0.049214680989583336,20369.55293364478,16519.545136390887,0.00020526773632302108,33945.3125,27269.869511022465,2.601044094500453,3.9793858751335587,3.8285039793668303,14.151269177285174,9.618126551067098,13.990030611215078,54.14960828848654
992.413,992.426,USV_752,0.013000000000033651,3.0,64.75099999999998,False,846.9159,911.6668999999999,145.49710000000005,80.74610000000007,0.010054396465420723,0.012765066964285714,16131.825436847053,17568.778024880336,0.00011988830702617792,30763.39285714286,24260.303128345546,2.273888641408305,6.13528913654156,5.935791679636172,14.945350177082215,10.894525723371036,11.95310018140915,43.63126397568113
993.173,993.181,USV_753,0.008000000000038199,3.0,64.75099999999998,False,846.9159,911.6668999999999,146.25710000000004,81.50610000000006,0.008568616583943367,0.016650390625,18699.90812660851,19792.692613679807,0.0004223237826630708,33206.25,27159.96100711254,1.7735335911158896,1.4853037262812552,7.302509344267523,14.074879541616458,12.891974181790482,14.301822208794823,36.08733921823729
994.458,994.48,USV_754,0.022000000000048203,3.0,64.75099999999998,False,846.9159,911.6668999999999,147.5421,82.79110000000003,0.009388006292283535,0.03770862926136364,17951.6297290677,14097.813564337248,0.00012556535824769944,31116.477272727272,25845.692953436963,2.618285445584345,3.6186840707023977,3.965323992888284,14.712075454758713,12.434679759935573,13.677122675771846,55.446289837331044
995.185,995.195,USV_755,0.010000000000104592,3.0,64.75099999999998,False,846.9159,911.6668999999999,148.26909999999998,83.5181,0.007757965475320816,0.028076171875,20733.20328485429,21714.42937784272,0.0006499605621134791,35156.25,27461.41796901374,2.527923186469516,5.2965299189324915,6.616901579463758,12.453489380268048,9.72451544713028,13.183075855712177,39.41252933554418
995.918,995.965,USV_756,0.047000000000025466,3.0,64.75099999999998,False,846.9159,911.6668999999999,149.00210000000004,84.25110000000006,0.009268360212445259,0.01788330078125,16374.54658218608,16386.766647675766,0.00018421024392583046,32203.125,23194.01359819621,2.5826880300595816,5.249446154802096,4.475215649452502,16.213619439649754,11.94898565755348,15.457763099117292,56.401211725632514
996.127,996.172,USV_757,0.04500000000007276,3.0,64.75099999999998,False,846.9159,911.6668999999999,149.2111,84.46010000000001,0.009327266365289688,0.05035721628289474,19474.506687529974,15151.401826466421,5.8169808493789324e-05,33710.52631578947,27068.19042960503,1.8901634371007254,5.607888946444879,6.193913642627885,16.609715591956984,12.19917394923228,14.418945033921537,57.71528527586261
996.272,996.281,USV_758,0.008999999999900865,3.0,64.75099999999998,False,846.9159,911.6668999999999,149.35610000000008,84.6051000000001,0.010466616600751877,0.0038248697916666665,19246.65245254834,23418.501984427014,0.0005317529136281341,32796.875,26318.53527402726,2.111201214760639,3.835856577501291,5.338436087227919,11.566345286418814,8.10244394314408,14.199252454136222,36.50961133183042
996.433,996.457,USV_759,0.02400000000000091,3.0,64.75099999999998,False,846.9159,911.6668999999999,149.51710000000003,84.76610000000005,0.0146590955555439,0.02570134943181818,18610.261962244473,15139.10733968172,0.00015473654989436522,32531.25,27800.868621137473,2.2957279956543544,5.103533468028923,5.3398980520189445,16.763335068452736,10.015128856866195,12.520634267382245,54.044953426097315
998.286,998.327,USV_760,0.04100000000005366,3.0,64.75099999999998,False,846.9159,911.6668999999999,151.37009999999998,86.6191,0.009716656059026718,0.026231553819444444,16732.375514883992,16429.505636957816,8.563267010729554e-05,32994.791666666664,28556.1104208831,1.49255022382726,2.350945040768606,6.915623478758565,17.75714324944152,12.210682207454864,15.306322759964486,54.22912391934145
998.772,998.787,USV_761,0.014999999999986358,3.0,64.75099999999998,False,846.9159,911.6668999999999,151.85610000000008,87.1051000000001,0.009051099419593811,0.01751708984375,19324.771056477774,21597.545656383903,0.001383129024063672,33339.84375,21165.83179151234,2.393582681069709,5.861976490623,4.371387676300666,12.387311564140122,10.869803918442352,12.276785239022665,43.97132338839964
998.917,998.937,USV_762,0.01999999999998181,3.0,64.75099999999998,False,846.9159,911.6668999999999,152.00110000000006,87.25010000000009,0.013925003819167614,0.0197998046875,18699.28377024559,15542.096757325951,8.825170904554124e-05,30478.125,25103.86148458244,1.8163627751711622,7.8408191905490785,5.753194396986504,15.655745487626357,12.200449273386798,13.378073068885474,52.7663286380022
1001.287,1001.313,USV_763,0.025999999999953616,3.0,64.75099999999998,False,846.9159,911.6668999999999,154.37110000000007,89.6201000000001,0.009839752689003944,0.01080322265625,15652.26074150844,16568.266550105247,0.00022175860267953818,29320.3125,19114.887274693512,2.7188429083592873,2.9036552190891496,3.9330180348440376,15.908354942337398,11.38076761570593,13.75511577291359,51.97265911100263
1003.492,1003.501,USV_764,0.009000000000014552,3.0,64.75099999999998,False,846.9159,911.6668999999999,156.5761,91.82510000000002,0.009652331471443176,0.0269775390625,24412.894370792492,26435.529947336607,0.0018313338923696167,39875.0,30165.869070300727,2.533605886113069,4.448896314366848,6.170835413976968,6.12076676312249,9.532752308361983,11.626748616941883,36.21576725504559
1008.55,1008.58,USV_765,0.030000000000086402,3.0,64.75099999999998,False,846.9159,911.6668999999999,161.6341,96.88310000000001,0.007531759329140186,0.021466936383928572,16786.35169973756,16330.57021836511,0.0002013089465136533,32410.714285714286,25769.308719633187,2.5981557610903736,5.8185395835043945,6.100115012281605,16.28932209428573,10.144283695912877,13.685578244834259,53.541161951465924
1008.851,1008.866,USV_766,0.014999999999986358,3.0,64.75099999999998,False,846.9159,911.6668999999999,161.93510000000003,97.18410000000006,0.008510570973157883,0.0230712890625,17890.058637087364,20677.82289281766,0.0002817771100147883,32871.09375,23594.838173046686,1.2292644974869091,4.408777875350741,5.655945303809246,14.955343763077702,11.999955623518987,12.743694491287261,43.597020683856265
1009.117,1009.16,USV_767,0.043000000000006366,3.0,64.75099999999998,False,846.9159,911.6668999999999,162.2011,97.45010000000002,0.009768701158463955,0.02748509457236842,18420.32424772718,15098.411191424193,0.00018767964461584752,32156.25,23615.696216774802,2.950267631274377,4.591634548601256,4.595513507100044,14.174924285324538,11.00698702501434,14.154393223045274,58.0446818285758
1010.174,1010.22,USV_768,0.04600000000004911,3.0,64.75099999999998,False,846.9159,911.6668999999999,163.2581,98.50710000000004,0.008798151277005672,0.02813720703125,17421.354862241144,17866.099283329888,0.00030109044710459126,33051.5625,24099.553923442978,2.0199121963962496,4.30537672889175,6.020471070787008,15.59041024004386,11.095472117227636,13.262623081431986,54.90105926483044
1010.395,1010.435,USV_769,0.03999999999996362,3.0,64.75099999999998,False,846.9159,911.6668999999999,163.47910000000002,98.72810000000004,0.010338464751839638,0.029181985294117647,18007.17659827645,16333.359216314662,8.496271053715417e-05,33264.705882352944,28196.838771972907,2.081074515607922,5.335855968143833,4.7129266592205195,14.271487221441031,11.952933124281122,13.52487312779815,55.89125756641
1012.874,1012.904,USV_770,0.029999999999972715,3.0,64.75099999999998,False,846.9159,911.6668999999999,165.95810000000006,101.20710000000008,0.015105034224689007,0.025634765625,14388.288397202381,16695.507549620535,0.00040391740215377393,29919.64285714286,20426.68792863818,2.661109832154908,2.8796660744361904,7.329738633263514,16.79673053075722,8.536477349653989,12.084701435647458,50.6417016594605
1013.736,1013.865,USV_771,0.1290000000000191,3.0,64.75099999999998,False,846.9159,911.6668999999999,166.82010000000002,102.06910000000005,0.010091829113662243,0.023705575980392156,15346.004538411658,14901.500449536556,6.279362350462887e-05,31303.308823529413,21668.817880828527,2.927294850157746,4.23041243587524,5.052903139362903,16.07874805728355,12.530515747584381,14.293867073014669,60.00559449969423
1013.895,1013.92,USV_772,0.024999999999977263,3.0,64.75099999999998,False,846.9159,911.6668999999999,166.97910000000002,102.22810000000004,0.021237507462501526,0.019185384114583332,14014.004744433556,18537.6995351585,0.00021851045661030097,30234.375,26293.41292445525,1.5847291669936905,2.8309359849557993,5.217731701229464,16.83875507919758,9.675995600531003,12.81909111723058,48.758186871632546
1014.481,1014.521,USV_773,0.03999999999996362,3.0,64.75099999999998,False,846.9159,911.6668999999999,167.56510000000003,102.81410000000005,0.010304664261639118,0.031968060661764705,16652.502665516207,17354.108164565223,0.00020170533569183262,33038.60294117647,22958.122658145985,2.1724735434763325,2.614557731922789,4.271119639734414,15.84878491415515,10.294838130692842,13.330915679581706,55.20768638600413
1014.564,1014.61,USV_774,0.04600000000004911,3.0,64.75099999999998,False,846.9159,911.6668999999999,167.6481,102.89710000000002,0.008185992017388344,0.0280029296875,17221.329653240868,17597.837706460836,0.0005790277343898834,32540.625,25476.768158411567,2.7136352273175843,5.079894433606855,4.486015339961612,16.034516002960153,11.083947291942968,14.426416264538256,54.92731911145099
1014.66,1014.802,USV_775,0.14200000000005275,3.0,64.75099999999998,False,846.9159,911.6668999999999,167.7441,102.99310000000003,0.01005023904144764,0.04392351422991071,18425.124255071645,14670.583468332045,0.00016103389480245797,33195.87053571428,25275.48952411408,2.9196413201199323,3.7254656418122236,5.37491761245546,16.255410359345127,11.600789469041553,14.017885953568285,61.609353008213574
1015.61,1015.626,USV_776,0.01599999999996271,3.0,64.75099999999998,False,846.9159,911.6668999999999,168.69410000000005,103.94310000000007,0.005862565711140633,0.054168701171875,20717.184618558822,18554.761664140933,0.0008092393556455061,37289.0625,24199.35128081114,2.182247670350735,4.068171958914541,4.932380973473851,15.560561073391812,10.238783536670805,15.527024274505596,48.57651120929135
1015.816,1015.842,USV_777,0.025999999999953616,3.0,64.75099999999998,False,846.9159,911.6668999999999,168.90010000000007,104.14910000000009,0.01242363452911377,0.028523763020833332,17658.850635652158,17986.01884216566,0.0001404955085767737,38179.6875,18991.403343187827,2.40679401353983,4.331666684328158,6.267850915002673,15.362457426251817,11.148017495017358,13.747272385641764,53.338713203250286
1015.928,1015.997,USV_778,0.06899999999995998,3.0,64.75099999999998,False,846.9159,911.6668999999999,169.01210000000003,104.26110000000006,0.008726652711629868,0.03724016462053571,18219.883339625554,14814.914213550708,4.115126579891852e-05,32949.77678571428,27769.03131889354,2.6450752183913475,3.8372058965758815,4.978439698802835,17.403235709415405,11.097461451796097,14.914158957898453,60.23122988005019
1016.701,1016.815,USV_779,0.11400000000003274,3.0,64.75099999999998,False,846.9159,911.6668999999999,169.78510000000006,105.03410000000008,0.010983334854245186,0.02432183159722222,14149.180908216244,14568.416114943135,0.00010440240345350344,29852.083333333332,23135.137402983946,3.402684014449082,3.964035837446907,5.067011104769359,15.764169767591003,11.47046876642758,14.663729148355166,59.52377118227688
1016.895,1016.91,USV_780,0.014999999999986358,3.0,64.75099999999998,False,846.9159,911.6668999999999,169.97910000000002,105.22810000000004,0.007407540921121836,0.02301025390625,17223.033939608453,19267.159122260135,0.0010869711830015889,32390.625,25524.991284838194,2.0503991757778577,2.024851739003964,4.8493791082056035,14.72644322829904,11.098039357580511,14.695905343342064,44.160923676228066
1017.37,1017.4,USV_781,0.029999999999972715,3.0,64.75099999999998,False,846.9159,911.6668999999999,170.45410000000004,105.70310000000006,0.011568666435778141,0.0166015625,14983.914206246689,15568.24994820437,0.00013375132002735863,30020.089285714286,25201.569737961057,1.7647025939076744,3.8148584482929744,5.14348354470311,18.06264754263064,11.503832161607333,14.018496479243286,52.64968694220236
1017.688,1017.818,USV_782,0.12999999999999545,3.0,64.75099999999998,False,846.9159,911.6668999999999,170.77210000000002,106.02110000000005,0.010816619731485844,0.03936408547794118,16692.322102113092,14220.489853478717,5.847194753256412e-05,30959.558823529413,22372.210094513914,2.620078811480163,3.160352037670698,5.507802403831434,15.73411482876818,10.780342390187334,13.937517608280816,62.11634752457762
1017.854,1017.903,USV_783,0.04899999999997817,3.0,64.75099999999998,False,846.9159,911.6668999999999,170.93810000000008,106.1871000000001,0.010605388320982456,0.017868768601190476,15103.387479692841,15425.618549376228,0.00013570163687660268,29991.071428571428,18380.924568534447,2.0132403484926833,4.067398014333438,5.929798166474571,15.598809623269357,10.700181325588002,12.524804273221951,55.96870241138429
1018.107,1018.161,USV_784,0.053999999999973625,3.0,64.75099999999998,False,846.9159,911.6668999999999,171.1911,106.44010000000003,0.010978272184729576,0.024403447690217392,15650.65015769349,16447.50818060717,9.795012460500239e-05,31675.271739130436,23806.931286371368,2.1145760292029188,3.475409554520592,6.305853141561478,14.627605729099825,11.130235220461776,13.636533686606514,56.08507225147277
1018.312,1018.458,USV_785,0.14599999999995816,3.0,64.75099999999998,False,846.9159,911.6668999999999,171.39610000000005,106.64510000000007,0.010508487932384014,0.03215374862938596,16204.133897859781,14391.10710941202,2.85527747515825e-05,31470.394736842107,24738.755858058044,2.965642834673634,3.8688237490590542,4.997806871731868,17.40933467697097,11.56840507063751,13.795013080061828,61.27121480032113
1018.821,1018.927,USV_786,0.10599999999999454,3.0,64.75099999999998,False,846.9159,911.6668999999999,171.90510000000006,107.15410000000008,0.010022398084402084,0.035336449032738096,17850.227202749422,15045.172620769283,0.00018461344731980961,33345.982142857145,26687.744861335304,2.9409880541530464,4.381799367715007,5.754677883960101,16.432845455511966,11.380577733048662,13.77170911806243,61.23168320539156
1019.417,1019.548,USV_787,0.1309999999999718,3.0,64.75099999999998,False,846.9159,911.6668999999999,172.50110000000006,107.75010000000009,0.01640111394226551,0.08225624234068628,21855.81244827973,14030.545862064646,6.034432014420925e-05,36075.367647058825,27909.007013048005,2.642392396061888,3.9672749707856347,6.221370825111856,17.673522637548206,10.996046040932528,13.92200529414103,66.12180010711772
1019.675,1019.748,USV_788,0.07300000000009277,3.0,64.75099999999998,False,846.9159,911.6668999999999,172.7591,108.00810000000001,0.010715397074818611,0.0364501953125,19221.505658959264,16254.317975827225,0.0004694440103621359,34921.875,29571.65254819001,2.471707632407793,3.8102854699305952,5.086306546501647,16.478907140986095,10.549817915624306,13.29623542608208,59.16646244850302
1019.795,1019.807,USV_789,0.012000000000057298,3.0,64.75099999999998,False,846.9159,911.6668999999999,172.8791,108.12810000000002,0.0076920827850699425,0.023856026785714284,21652.11789575828,20795.267695392442,0.0006946290264478276,35946.42857142857,23671.002901940145,4.969769943034867,3.9947007555842013,4.938945045099793,13.53495542735246,9.451559214499971,12.5569427801719,42.248236762554484
1019.9,1019.944,USV_790,0.04399999999998272,3.0,64.75099999999998,False,846.9159,911.6668999999999,172.9841,108.23310000000004,0.008801632560789585,0.022383840460526317,15863.26370491433,16355.735462032599,0.00019616979847561652,31830.592105263157,18662.025146021322,2.201142001593724,2.409848374747885,6.557825550141793,17.426418948459514,11.822600904257248,14.389034978388333,55.614618611808226
1019.996,1020.074,USV_791,0.07799999999997453,3.0,64.75099999999998,False,846.9159,911.6668999999999,173.08010000000002,108.32910000000004,0.01193985901772976,0.04035186767578125,18791.010609443205,15658.655466906577,8.945181702969022e-05,34587.890625,28732.01135437335,2.8280852865296326,2.8867558091072834,5.918317481258002,15.010158715810332,11.7039213004882,15.230291449964074,60.809264902979635
1020.13,1020.197,USV_792,0.06700000000000728,3.0,64.75099999999998,False,846.9159,911.6668999999999,173.21410000000003,108.46310000000005,0.014493434689939022,0.027919224330357144,17040.759875566153,16531.401060359578,0.00036974433320976303,32588.16964285714,28183.34445442858,3.4925297352299904,3.4305197188299013,3.917408454665746,16.704844785399924,10.904340491582536,13.216336299575744,56.55191545777736
1028.292,1028.309,USV_793,0.01700000000005275,3.0,64.75099999999998,False,846.9159,911.6668999999999,181.37609999999995,116.62509999999997,0.010420156642794609,0.017957899305555556,17740.07564720379,20673.55798495258,0.0002873212204629958,34093.75,27698.95994661815,2.317321910573997,3.0691244412627494,7.6804424638476165,12.554920663784792,10.943310217181454,13.92042422397799,43.79416248156954
1032.595,1032.637,USV_794,0.041999999999916326,3.0,64.75099999999998,False,846.9159,911.6668999999999,185.67910000000006,120.92810000000009,0.00974938552826643,0.0223388671875,17135.669516619953,16255.093216052013,0.00021345633521040945,31338.541666666668,24146.235793419637,2.7930719731161235,5.69454314212977,5.349087063554092,15.116728890376818,10.615569572677787,12.605573437207129,55.4771773217025
1033.105,1033.144,USV_795,0.03899999999998727,3.0,64.75099999999998,False,846.9159,911.6668999999999,186.18910000000005,121.43810000000008,0.01058367919176817,0.02079503676470588,15855.984924204733,15383.792430572501,0.00010946539991107501,31615.808823529413,23582.83833728686,3.687462575289785,4.968510000795261,4.909552538183845,15.837806160046549,10.77742419172174,14.510871913785405,54.01685569474804
1033.18,1033.205,USV_796,0.024999999999863576,3.0,64.75099999999998,False,846.9159,911.6668999999999,186.2641000000001,121.51310000000012,0.008459153585135937,0.029459635416666668,17662.27453701111,16919.492612280603,0.0003195170256571688,33023.4375,26198.306729077663,2.6401971967291478,4.939797939595434,4.346319695139724,14.763842129409936,10.307749928732223,14.560768232107215,51.12251686776215
1035.206,1035.328,USV_797,0.12200000000007094,3.0,64.75099999999998,False,846.9159,911.6668999999999,188.29009999999994,123.53909999999996,0.009973439387977123,0.039667765299479164,15875.484669268555,15624.712797943945,0.0001122875714761118,31998.046875,23832.246864261513,2.6281838014751364,5.807862937374068,5.291183383641396,16.347917569449773,12.274331982431493,15.075172364775092,60.12374083297118
1038.193,1038.21,USV_798,0.01700000000005275,3.0,64.75099999999998,False,846.9159,911.6668999999999,191.27710000000002,126.52610000000004,0.005627595353871584,0.03857421875,17962.22831788153,15278.664034312811,6.247316953340871e-05,32510.416666666668,26315.604442621374,2.3247812491542867,4.2710227589475815,5.180281641243102,15.594171191032249,11.270793246231705,12.661385478444235,52.749215131352244
1038.241,1038.253,USV_799,0.011999999999943611,3.0,64.75099999999998,False,846.9159,911.6668999999999,191.32510000000002,126.57410000000004,0.011618130840361118,0.0107421875,19381.297107130755,22037.6822552955,0.0008520032130395177,34941.96428571428,26941.788287778105,1.2898838001939905,6.756730305794759,5.954614056919371,7.8291400432759914,7.460316762081719,12.424893093620783,39.4099459442729
1038.609,1038.617,USV_800,0.008000000000038199,3.0,64.75099999999998,False,846.9159,911.6668999999999,191.69309999999996,126.94209999999998,0.010370677337050438,0.01640625,21273.089764484535,22435.295922292902,0.000917264073478301,34650.0,22219.61593695875,2.208584693174567,1.5899203744618944,5.484722658236494,11.025418405228606,12.626051521190622,11.04712475924896,35.96667140382638
1038.704,1038.714,USV_801,0.009999999999990905,3.0,64.75099999999998,False,846.9159,911.6668999999999,191.7881,127.03710000000001,0.010113704949617386,0.034220377604166664,18591.80088121572,19391.166044184072,8.166250247891058e-05,35031.25,23290.550924934083,1.5184986884674512,7.051024195542927,6.769436832084472,12.765261707887959,10.37523411698271,17.027330726127587,39.615657451436974
1038.772,1038.809,USV_802,0.03700000000003456,3.0,64.75099999999998,False,846.9159,911.6668999999999,191.85609999999997,127.1051,0.00880399253219366,0.0282440185546875,16692.66609719387,16545.926410358465,0.0003635461920171932,32150.390625,23971.615309042674,3.1309955552725093,4.832888958855474,4.65619777703781,14.181889744661191,11.264489932527178,13.024430598027532,53.06731964056803
1046.154,1046.169,USV_803,0.015000000000100044,3.0,64.75099999999998,False,846.9159,911.6668999999999,199.23810000000003,134.48710000000005,0.00987701490521431,0.0330810546875,21095.594825896056,18753.259172240098,0.0003904929320729624,33597.65625,26293.580199388976,1.846686370694457,3.8296630437810806,5.108577331238547,14.746263413466934,8.97635192178036,10.578569579971832,46.70685471763457
1048.859,1048.909,USV_804,0.0500000000001819,3.0,64.75099999999998,False,846.9159,911.6668999999999,201.94309999999996,137.19209999999998,0.009904962033033371,0.009486607142857142,14500.033327102567,16080.756197745035,8.082355739273044e-05,31348.214285714286,21214.29572817438,2.7385067179983746,3.610113569075492,4.4019180272887395,14.733369477113683,12.055060846524341,14.368197735020333,55.603016512216094
1052.724,1052.736,USV_805,0.012000000000170985,3.0,64.75099999999998,False,846.9159,911.6668999999999,205.80809999999997,141.0571,0.010865987278521061,0.013357979910714286,16542.241506771043,20260.940837450315,0.00038271110221164165,29933.035714285714,16189.557624416517,2.3437747756992344,2.419868325493617,6.320706470920368,12.90472139210533,12.806151423603577,12.639040621455308,42.32217020876194
1052.873,1052.9,USV_806,0.027000000000043656,3.0,64.75099999999998,False,846.9159,911.6668999999999,205.95710000000008,141.2061000000001,0.00970245897769928,0.015061598557692308,17385.327231188774,20424.333514514634,0.0006628624144516676,33814.903846153844,21865.42693647731,2.180277937411163,5.272284068493095,5.914228634307416,14.777466578196766,9.602185493897439,15.006693320531499,49.619712740051945
1054.163,1054.171,USV_807,0.008000000000038199,3.0,64.75099999999998,False,846.9159,911.6668999999999,207.24710000000005,142.49610000000007,0.006572015583515167,0.02021484375,18624.63072651344,18508.664006102794,0.0005716354453869961,31406.25,23260.872458843747,2.253242674668342,2.5012727354082083,5.689818116946199,13.509841087861385,9.051816468902036,18.908927551455047,39.23902088741197
1057.814,1057.895,USV_808,0.0809999999999036,3.0,64.75099999999998,False,846.9159,911.6668999999999,210.8981000000001,146.14710000000014,0.00946068111807108,0.05386629971590909,17504.150549513146,15851.08460817428,0.0003569832822675747,30536.93181818182,25424.202878172575,3.500549970822938,3.2662690986595955,5.576820262125833,16.60876426602065,11.525646648065958,14.573761473516162,60.72534807148152
1058.241,1058.255,USV_809,0.014000000000123691,3.0,64.75099999999998,False,846.9159,911.6668999999999,211.32510000000002,146.57410000000004,0.007208146154880524,0.024658203125,18520.52793458732,20823.331147799072,0.0006155175898535412,32390.625,22841.79339975738,1.9738424930632825,2.8681832259664173,4.927721239073517,15.972834242482334,9.207518522294784,13.486001339959856,43.788620573529016
1058.818,1058.844,USV_810,0.026000000000067303,3.0,64.75099999999998,False,846.9159,911.6668999999999,211.90210000000002,147.15110000000004,0.01210200134664774,0.018025716145833332,14852.792358437035,17565.94922769059,0.0002693505760175988,31710.9375,21574.467360297447,2.644749767447586,6.745193523301377,5.806349887810135,14.465701805428658,10.46717831743245,13.964071312540531,50.276553370807044
1059.516,1059.583,USV_811,0.06700000000000728,3.0,64.75099999999998,False,846.9159,911.6668999999999,212.6001000000001,147.84910000000013,0.010533051565289497,0.07626778738839286,22143.233500958526,18561.262195408544,0.00016085372343556994,39455.357142857145,24671.856300794872,2.285866903082359,4.856214728129966,3.9129360812151814,15.115900845651595,10.794055778179516,14.75521002350047,61.1803204116596
1063.556,1063.598,USV_812,0.041999999999916326,3.0,64.75099999999998,False,846.9159,911.6668999999999,216.64010000000007,151.8891000000001,0.010788178071379662,0.07352701822916667,18009.838469250957,17040.88986750712,8.681626674769623e-05,34843.75,31163.667800498835,2.720494937434493,4.09218839339207,5.458550965230776,16.02957930984924,11.469097794659595,14.357640899927292,57.480323154050225
1064.084,1064.111,USV_813,0.027000000000043656,3.0,64.75099999999998,False,846.9159,911.6668999999999,217.1681000000001,152.41710000000012,0.010702336207032204,0.041672926682692304,16359.437790383643,19056.623811447607,0.0003650979071478332,32264.423076923078,23639.10577611683,2.4529819204591483,3.6609590696509198,5.3556347573514085,12.84118247792483,11.10122767822145,15.183227289133159,50.19008817453312
1064.345,1064.442,USV_814,0.09699999999997999,3.0,64.75099999999998,False,846.9159,911.6668999999999,217.42910000000006,152.6781000000001,0.00988664198666811,0.03340344551282051,14492.70995865068,15313.302987789111,7.985181040732743e-05,30841.346153846152,23332.8687303611,2.7774085836719995,4.698255189051826,5.224190679873895,16.075312023403065,11.646544738748663,15.147276426403026,60.45168576706546
1067.324,1067.393,USV_815,0.06899999999995998,3.0,64.75099999999998,False,846.9159,911.6668999999999,220.4081000000001,155.65710000000013,0.01476089097559452,0.07291957310267858,16918.95330529759,13616.74913446533,1.5009198643289932e-05,28031.25,23776.298542488465,1.8421658210337057,3.9860636856443707,5.809706640355192,16.173811379382386,10.778916465944752,14.130511929529186,62.05113854982809
1070.912,1070.954,USV_816,0.041999999999916326,3.0,64.75099999999998,False,846.9159,911.6668999999999,223.99610000000007,159.2451000000001,0.015437928959727287,0.06766764322916667,17391.63410712402,14054.934266774973,1.794015240032348e-05,28328.125,23678.24130743234,2.2861389213004757,5.008164905571186,4.4820693262698805,18.003163930097212,10.391430158516387,15.136042210137703,59.22021484228107
1073.484,1073.633,USV_817,0.1490000000001146,3.0,64.75099999999998,False,846.9159,911.6668999999999,226.56809999999996,161.81709999999998,0.010320954024791718,0.049749966325431036,15028.296650208393,14482.955213856798,1.1531704314945103e-05,30667.564655172413,22061.640277131897,2.8904892688201183,3.8405894115883905,5.6698156843988015,16.116185630375522,12.124709056087182,14.816254646802637,61.91357957152294
1075.725,1075.737,USV_818,0.012000000000170985,3.0,64.75099999999998,False,846.9159,911.6668999999999,228.80909999999994,164.05809999999997,0.005332459229975939,0.043980189732142856,21972.803599711642,18847.869681543507,0.0007703406942472651,35169.642857142855,25975.597624018625,1.8705253973116551,2.441629596914005,3.1577006672339754,12.47790357124757,9.435040968461838,12.26183450200906,46.034397014572725
1076.318,1076.445,USV_819,0.1269999999999527,3.0,64.75099999999998,False,846.9159,911.6668999999999,229.40210000000002,164.65110000000004,0.023243313655257225,0.06603515625,16929.588708214582,13435.234196049754,0.00011190523323423805,28451.25,23231.641343807016,2.4708254500754787,5.703662280543308,4.8002759524717975,15.33833374584725,11.877080149740685,14.883637341121192,63.19737632643456
1077.176,1077.248,USV_820,0.07200000000011642,3.0,64.75099999999998,False,846.9159,911.6668999999999,230.26009999999997,165.5091,0.00853700377047062,0.036191742995689655,15306.23480878599,15518.007637201274,8.131658937337417e-05,31852.370689655174,21930.73591166316,2.479775055748064,4.124231244789791,5.346918665898732,17.227902944463004,12.498788801363093,14.227520311586547,58.65973711627337
1078.272,1078.293,USV_821,0.020999999999958163,3.0,64.75099999999998,False,846.9159,911.6668999999999,231.35609999999997,166.6051,0.011102256365120411,0.056201171875,17606.191683184497,18273.759813759367,0.0002383587132983617,30112.5,23159.164539511577,2.0890889289633034,2.4807908656459094,4.9944572755442405,16.117290247326075,10.229798306262031,13.060343626315676,50.675926470178446
1079.436,1079.448,USV_822,0.012000000000170985,3.0,64.75099999999998,False,846.9159,911.6668999999999,232.52009999999996,167.76909999999998,0.010786212049424648,0.03327287946428571,15882.350561273919,20236.16229686888,0.0001729551369123561,31004.464285714286,23680.06701701594,1.6507737099722513,5.730760674124186,5.803463781046737,15.01084813733347,10.437034634021757,13.290370152632937,42.215033841815774
1087.823,1087.887,USV_823,0.06399999999985084,,,None,,,,,0.014607484452426434,0.0785381610576923,13319.621461515966,12271.503785001261,5.073384778599853e-06,23585.33653846154,22574.685062373323,1.9676344908068435,5.141970721583269,5.76057774235531,14.208439250046057,12.061632713481632,15.758557401478498,63.48182674894869
1088.331,1088.366,USV_824,0.035000000000081855,,,None,,,,,0.010145370848476887,0.0203857421875,16374.002281284855,18015.22909049297,0.0004115826742150648,31587.890625,26421.225448424862,2.077798690432799,5.495799893609073,5.43501197363814,16.737472838780104,10.279068915374602,13.65076355938604,52.34625839805214
1088.523,1088.539,USV_825,0.016000000000076398,,,None,,,,,0.010834435932338238,0.0185546875,16378.36183774611,20887.91714461109,0.0006033629558884984,31699.21875,20930.769058024616,1.9618871257233468,5.54614791830063,4.408837442416119,13.11471983204412,11.879391398607593,13.397331307788772,43.712483696318436
1088.633,1088.648,USV_826,0.01499999999987267,,,None,,,,,0.012466381303966045,0.007232666015625,15629.653403782271,18785.134997658522,0.00039542791417362483,29273.4375,19396.610563078273,2.4014278200799444,2.2502022545521325,5.091450134259031,15.461226375909227,8.575139901404977,13.506877478552866,45.25630378405397
1092.043,1092.082,USV_827,0.03900000000021464,,,None,,,,,0.02061985246837139,0.02585018382352941,14450.613740541514,15081.016774948132,0.0008621452585711792,28400.735294117647,20003.15703351137,5.740875882827074,2.7990679416259034,6.446572900079893,16.48973304541375,10.95947836579976,15.86840343535384,57.51595271801957
1095.625,1095.765,USV_828,0.14000000000010004,,,None,,,,,0.011291498318314552,0.030850497159090908,13488.842590655275,13142.73614909865,7.370010448192028e-05,27397.159090909092,17750.93566316032,2.3561094290485562,5.043033733640772,5.348988640534681,14.366281035704109,11.551676112517045,15.123322291114905,62.60847634464163
1095.967,1096.006,USV_829,0.03899999999998727,,,None,,,,,0.009912910871207714,0.038286994485294115,15403.000356581919,14783.068043029356,0.00020510673198174278,28356.617647058825,17416.18455555578,2.5984997717141782,4.493293034569613,6.348528230853263,12.539430318322962,10.874836156901756,13.827078167526869,57.02349035719332
1096.035,1096.057,USV_830,0.021999999999934516,,,None,,,,,0.007887442596256733,0.042902166193181816,15018.318104009739,14140.383742447964,0.00016739744685986913,28892.045454545456,15139.701514882829,1.989039513898507,3.6170591735865334,4.54211183046998,14.681588279411205,10.586791336861971,14.573040101829184,54.534156769845566
1096.179,1096.262,USV_831,0.0829999999998563,,,None,,,,,0.011893688701093197,0.041326349431818184,14708.641114659957,13268.781123092664,0.00013504385227259557,28383.522727272728,16903.42030512112,2.8562842451656234,4.576088639490662,5.270523694622014,15.981011152731096,10.374350939427194,14.54306343749502,62.25844430329708
1097.854,1097.897,USV_832,0.04299999999989268,,,None,,,,,0.013762086629867554,0.0224609375,12326.454019729279,14240.787018778901,0.00011934570773947525,25833.333333333332,23134.119575327873,2.597296822715422,3.4666533336717924,7.31732990521078,15.845080312963391,10.65286683587727,15.33818682593916,58.49891210890496
1100.017,1100.045,USV_833,0.02800000000002001,,,None,,,,,0.009505311027169228,0.026273287259615384,15855.350153126563,14930.226890834629,9.343542741792205e-05,30274.03846153846,20032.820609927374,2.467279624798707,3.7230689968313446,4.101535373242578,14.898292723557434,10.624739692032637,14.574346135319082,55.09986407572151
1100.26,1100.276,USV_834,0.016000000000076398,,,None,,,,,0.022862281650304794,0.014373779296875,13870.115969204911,18556.33205934133,0.0005989291409679614,28863.28125,18227.88403820467,3.99202295020214,2.9307203042910213,5.296229678716156,16.967694014094246,8.413346534984115,12.976508022844252,46.243294068403074
1101.136,1101.24,USV_835,0.10400000000004184,,,None,,,,,0.017650237306952477,0.02665896532012195,12843.302002967948,13724.035584724052,0.00017478187095284676,27285.823170731706,24635.024043049794,3.478668803708148,4.6961136965387125,9.372912631895266,17.419781393276786,11.122410284098827,15.621215758656113,61.66116651351669
1102.304,1102.419,USV_836,0.1150000000000091,,,None,,,,,0.00984251033514738,0.034429135529891304,14765.397233861513,12908.579410853348,8.370014935725462e-06,29052.309782608696,20151.01593379874,3.2234565186873327,3.6791142406934436,5.415208413310813,16.83295746705065,10.348341174055454,14.62503706433309,63.299743898469295
1102.982,1103.118,USV_837,0.13599999999996726,,,None,,,,,0.014053979888558388,0.030863060141509434,14324.677123743508,13688.844274715231,2.0769416616049765e-05,29780.66037735849,24733.505734658087,2.40879508733565,3.5596449835832327,5.907617828133528,16.386019852362534,10.965625950781433,15.577597570351127,61.57974956284619
1105.289,1105.321,USV_838,0.03199999999992542,,,None,,,,,0.02366473339498043,0.015520368303571428,9911.293544998987,16884.847886761323,0.0001521549231903631,24957.589285714286,24155.395385698186,2.595975105485145,2.6602385173124783,5.383817518255192,14.371489817371076,8.490513516058932,14.798705899835507,51.31672471336669
1107.235,1107.275,USV_839,0.040000000000190994,,,None,,,,,0.009957948699593544,0.03603228400735294,15854.466536154847,14692.866111660102,0.00040169207701005154,29084.558823529413,21965.460846174272,2.8159844805604446,4.6436343247616545,5.234856875943233,14.261031779193418,10.64471564271119,14.643508021287026,57.01916954683911
1114.865,1114.958,USV_840,0.09300000000007458,,,None,,,,,0.011260049417614937,0.03044499577702703,14583.11543593726,13900.331994557202,0.0003055003163303017,28368.243243243243,16662.84032835866,2.4145237685799406,5.397729968403821,6.1746723472183325,13.20637815017426,10.964720645191791,14.934394022695022,60.83295806810269
1115.299,1115.422,USV_841,0.1230000000000473,,,None,,,,,0.012701921164989471,0.03719905931122449,14231.929870384938,12832.570841696817,7.64424529439378e-05,27334.821428571428,17509.208975142177,2.7484036883096836,3.365561949743261,5.213536833256252,16.21521785625129,9.576805942237662,16.252618513750228,63.0581830421268
1115.807,1115.832,USV_842,0.02500000000009095,,,None,,,,,0.009844471700489521,0.055318196614583336,20124.565944368853,17379.239829212584,0.0005455050517229192,33054.6875,25461.20852583474,2.5040809388059446,2.745031287579016,4.4242278573097,13.592804629654362,11.347370992918096,14.257717382683962,53.21020342983689
1117.763,1117.884,USV_843,0.12100000000009459,,,None,,,,,0.01915552280843258,0.022186279296875,14783.940732429131,15063.10254564441,0.00016009257283704624,30724.609375,26441.44207659159,3.2466086556723073,5.478138184686148,5.728524164490753,16.307853758130396,11.880001495396037,15.944465623646892,57.702745782149144
1118.03,1118.04,USV_844,0.009999999999990905,,,None,,,,,0.018466811627149582,0.032063802083333336,16727.84622253855,13915.561378061566,4.904753850302386e-05,30078.125,19585.269115955467,2.009694879477682,3.106006854115522,4.581397022269942,18.9674553570633,10.049546286074488,15.861093624354977,47.93597821715709
1118.076,1118.086,USV_845,0.009999999999990905,,,None,,,,,0.010067520663142204,0.036417643229166664,18452.452132023234,18968.23940032761,0.0004421952130456936,32937.5,28076.590697072155,2.283026955536033,1.9088785052512647,7.069974885495423,14.064893259651255,9.395886436581458,15.348904669831365,39.25477230130257
1118.127,1118.154,USV_846,0.027000000000043656,,,None,,,,,0.011215428821742535,0.08993765024038461,23263.007193450892,15053.504486760126,0.0001337342824209013,36158.653846153844,28016.83948484977,1.823804342453042,3.095183043643116,4.582716587470258,13.854535597679462,8.29267504412661,15.534660660860762,57.76376443287692
1118.193,1118.233,USV_847,0.03999999999996362,,,None,,,,,0.013910423032939434,0.08053768382352941,23607.178019411378,16322.043644352048,0.00031850290782270185,37091.91176470588,29994.990980838324,2.290927484378346,3.556498927903795,4.265845476553858,13.416881520984695,10.276604056894817,15.669812762264511,59.12905260355939
1123.686,1123.732,USV_848,0.04600000000004911,,,None,,,,,0.008255013264715672,0.04730224609375,16254.396875323666,13341.1753814956,0.00020029262615762756,29460.9375,16341.216886489226,2.0154235381468424,3.364810826605855,6.389888619085563,14.928439257986577,11.574805376978775,14.104448836281154,59.38029337918722
1126.504,1126.529,USV_849,0.02500000000009095,,,None,,,,,0.02146037109196186,0.011861165364583334,10956.903288516034,16518.56052225296,0.00031722937615315065,25570.3125,23148.90216012285,2.7596567530111975,2.7857528702268417,4.84148065548461,15.978728347308262,9.099238899419317,13.30395235257783,51.55191291894409
1127.101,1127.167,USV_850,0.06599999999980355,,,None,,,,,0.044274672865867615,0.01026294849537037,7353.4046407017695,11656.402186802696,4.135976916986411e-05,17437.5,23020.572985040206,4.100659008388932,2.798149204881912,3.8962308893777933,17.065482962113364,10.364962390092629,14.689396755098421,58.46802747940578
1128.432,1128.504,USV_851,0.07199999999988904,,,None,,,,,0.013322803191840649,0.03852370689655173,14350.823122833519,12217.888487831911,4.747965347652799e-05,25519.396551724138,19776.227163459218,2.3450369729240204,4.802719025944198,5.108901977443856,14.863396904608532,11.680736589374671,15.05606886866273,62.168722049235434
1131.992,1132.077,USV_852,0.08500000000003638,,,None,,,,,0.02488240785896778,0.05039349724264706,13946.30095568218,11365.34659753432,4.650054744923888e-05,25397.977941176472,16693.851150373714,2.3984247778190952,3.2460639385691725,6.753365441575452,16.091327010854176,11.673896841554699,16.219753356464263,66.44931178714151
1133.25,1133.39,USV_853,0.14000000000010004,,,None,,,,,0.02009173482656479,0.022514204545454546,10344.147003253174,12087.527652287223,0.0001495976522526652,21787.5,14769.230769230766,2.729895091836348,2.4785226063211847,6.269228670550879,15.004404980206267,10.88345414295531,18.39941499463306,64.69567730609111
1133.446,1133.484,USV_854,0.038000000000010914,,,None,,,,,0.01530652865767479,0.03330365349264706,14365.770522160887,15092.185609840295,0.00018522115050354784,28163.602941176472,25849.419811840024,2.3893143917754354,4.1421943406664665,6.433813549346629,16.477817329295185,10.925205768465165,17.369140520696163,58.00061972785973
1134.155,1134.267,USV_855,0.11200000000008004,,,None,,,,,0.028545374050736427,0.019980690696022728,9262.306974107694,11068.22217635024,2.954270467044077e-05,18547.585227272728,15854.596057874536,2.948055989779921,2.778642125922175,6.5685244541915635,19.37674517109225,10.882066456700906,17.40356206940832,64.52902938818653
1134.635,1134.775,USV_856,0.14000000000010004,,,None,,,,,0.021670477464795113,0.029918323863636364,11127.622789212504,11671.858880738426,3.9443733367734584e-05,22021.022727272728,14775.439657016504,2.975113240487998,2.5650393476833266,6.8933910578583975,17.61399752774895,11.72256557318844,16.53453454764099,63.71479688850963
1141.541,1141.659,USV_857,0.11800000000016553,,,None,,,,,0.018520314246416092,0.03252784242021277,10657.81137855485,11166.441228839738,7.778750673235296e-05,21115.691489361703,14775.955751347714,2.4130994470946088,2.8570136693251067,5.446549296553709,16.551887465499867,15.426992892549652,14.541847522293116,65.37091349697768
1142.031,1142.113,USV_858,0.08200000000010732,,,None,,,,,0.013500443659722805,0.03819691051136364,11808.428256508332,11051.183414654319,6.132545816384844e-05,21838.06818181818,14769.23076923077,3.131020738152099,2.7949116866618136,4.7320399934640625,16.12273511859768,11.144801793015292,15.25550657583984,64.78128368700911
1142.362,1142.436,USV_859,0.07399999999984175,,,None,,,,,0.014203222468495369,0.042220052083333334,13784.718557647806,12949.935465788083,7.882365277051768e-05,26053.125,18867.45057855271,2.291892244906097,2.357787167590126,5.471557420225978,13.647345022869182,10.909470742651429,14.715094104371149,62.879885523189245
1142.719,1142.802,USV_860,0.0829999999998563,,,None,,,,,0.020914042368531227,0.02695904356060606,10807.174916077605,11828.490200682134,1.2363378952259761e-05,23863.636363636364,19705.615156730542,1.9857669741252155,4.49451355029054,5.648762171101709,16.713272316185417,13.040219034116042,15.442320308249698,62.23008931408377
1145.125,1145.236,USV_861,0.11100000000010368,,,None,,,,,0.017000414431095123,0.029507723721590908,11523.223931186827,12636.631794672274,0.00010444155885111381,24426.136363636364,19054.406112666347,2.6133983190702135,2.810588259903471,4.477022398843721,17.990001667109876,12.56814964009216,16.26888136618745,63.57816018431433
1152.311,1152.336,USV_862,0.02500000000009095,,,None,,,,,0.011234917677938938,0.027058919270833332,16308.639187687606,15878.466899750047,0.00013032435099853514,30734.375,26899.04385761505,2.2120355293644427,5.289743659182814,5.761864740745646,15.554324337344033,10.257576107777377,14.854466059051035,53.47651752619745
1158.71,1158.72,USV_863,0.009999999999990905,,,None,,,,,0.011580925434827805,0.0155029296875,16708.27676254285,20523.786336909932,0.0004176659712147699,32156.25,28349.48989022885,1.9674410402724531,4.372778031823815,4.089905810545387,15.51343236874169,9.799004458628422,15.015857177601994,38.799402826462845
1159.396,1159.475,USV_864,0.07899999999995089,,,None,,,,,0.040475115180015564,0.01044464111328125,9518.550859157946,14765.20815721207,0.0003615777516654071,25001.953125,27880.945270128403,3.297748834536591,6.4054905619595335,6.335789390480877,16.17221171009988,12.922636994440074,16.249096612014625,54.80518561431889
1159.652,1159.66,USV_865,0.008000000000038199,,,None,,,,,0.009603234007954597,0.021875,17971.174202102487,21825.626366623317,0.0010983232157351346,33525.0,17696.871910007256,2.759245221226909,3.797617509367291,3.1791891879987313,10.986640382946494,9.39965458332488,16.476354448783557,35.40655460029041
1175.706,1175.777,USV_866,0.07100000000014006,,,None,,,,,0.012683270499110222,0.04768318965517242,15495.828624009653,13341.614877551438,4.81902079141822e-05,29191.810344827587,25395.58993168614,3.275550264253119,3.0447538274418315,5.028302817531537,15.812046904512819,10.089239955120165,14.684404383496158,60.96389679536858
1175.954,1176.041,USV_867,0.08699999999998909,,,None,,,,,0.014769847504794598,0.026583426339285714,12131.271835041649,13895.901405974126,0.000311328302900094,26485.714285714286,15481.601322183149,2.3871069499608617,3.016115107042653,6.230255288772744,14.00816552739039,11.300637818533131,15.82895453132872,60.66698202606375
1179.758,1179.872,USV_868,0.11400000000003274,,,None,,,,,0.012806245125830173,0.026112196180555554,13451.42963603411,13534.002779118884,7.289762055276391e-05,27406.25,17554.46590970538,2.289759873088793,4.574862553624357,5.989807472120612,15.646424779490257,10.857467191165652,15.350723946811746,61.01545606216049
1180.459,1180.559,USV_869,0.09999999999990905,,,None,,,,,0.013726684264838696,0.044964599609375,13147.369973751851,11862.986181847034,6.384015942671534e-05,25143.75,15769.241158110472,2.615447745909301,3.0083876551265165,6.158712144582799,14.780817639931263,13.682306935246524,18.21592940182203,64.68206721934021
1182.645,1182.753,USV_870,0.10799999999994725,,,None,,,,,0.01028069481253624,0.041481195494186045,16308.602522468123,13595.556263340326,0.00013436276064820988,30414.24418604651,17343.6855159802,2.51191984475479,4.091005672888951,5.421539579196815,15.3315028928711,12.018010332773587,14.203233723237084,61.805762776037156
1214.497,1214.638,USV_871,0.14099999999984902,,,None,,,,,0.061720576137304306,0.014870383522727272,8744.652429954029,11126.938002013356,2.5035155079634982e-05,20202.272727272728,21887.092378827514,3.651689712360974,2.7917047725768014,6.015730097659831,18.269135290136266,9.915759330954442,14.39679855573402,63.35544426143972
1215.579,1215.681,USV_872,0.10200000000008913,,,None,,,,,0.07008285075426102,0.00924757050304878,7810.910622484935,11389.647447565434,6.283627421119202e-05,19712.65243902439,24821.429918612634,3.1667762881986037,1.9672456143921981,5.599202301005649,19.00723724068594,11.273522128900355,14.314870478540007,60.00523544706414
1216.041,1216.185,USV_873,0.14400000000000546,,,None,,,,,0.012629464268684387,0.03647722516741071,13553.156030632947,12533.387737226716,1.615288152460309e-05,26591.51785714286,17916.992109899362,2.6604799936530523,2.763494137728838,5.777161900968168,15.546342725597313,11.541716949891626,14.30974717597415,64.29696607665934
1216.484,1216.604,USV_874,0.12000000000011823,,,None,,,,,0.013899355195462704,0.03568608710106383,12481.459690630783,12525.757866893904,0.0001341383186821613,25194.813829787236,15797.501319531028,2.690733175170648,2.7858382875953853,5.649260771586816,14.87053681250152,11.367393434379117,16.760262489810707,64.77119272982598
1217.06,1217.121,USV_875,0.06100000000014916,,,None,,,,,0.01455061323940754,0.03345703125,12548.125781627621,12165.213299389212,3.575093050554927e-05,24907.5,16410.74260118381,2.8486932691099565,2.6943704882678485,5.26782618303445,15.675021697201014,12.638001289367196,19.225936967782758,62.2425278598836
1217.27,1217.303,USV_876,0.03300000000012915,,,None,,,,,0.015043755993247032,0.023795572916666667,13591.20009119099,15846.484010771526,0.00023865007091479265,27268.75,21175.300814599632,2.7200236600539425,2.3859624691846832,5.076038793637821,18.170898054245225,11.748188159340717,13.725626134764806,55.15697654403509
1222.376,1222.436,USV_877,0.05999999999994543,,,None,,,,,0.01385960727930069,0.036630859375,15057.103687561206,13273.598023819319,8.516804584939142e-05,29006.25,17599.816172850373,2.275987628400932,4.157292685459537,4.524899034283385,15.943591718312973,12.673000526664028,15.429662442888512,61.18074129607272
1224.029,1224.041,USV_878,0.011999999999943611,,,None,,,,,0.032905079424381256,0.011369977678571428,13025.666050692354,20873.317928856522,0.0003538440021303803,27348.214285714286,27372.342559558234,5.8794700395494734,2.4655266614164164,4.712329743933152,16.43852935852533,12.671913706258506,14.68549091574133,38.456166225963365
1227.427,1227.566,USV_879,0.1390000000001237,,,None,,,,,0.01146765798330307,0.026753373579545454,13633.33694501937,13699.500315233403,0.00010430802072202524,28169.31818181818,18023.070925194115,2.808835044595299,4.4874238720829815,5.890159840986011,15.294724209162988,10.028090196617315,15.017261916186598,60.332548773788794
1229.357,1229.4,USV_880,0.04300000000012005,,,None,,,,,0.008571130223572254,0.039640727796052634,16378.885979274468,16552.518609959345,0.0007798278952000589,30217.105263157893,20359.619321930564,2.520047785505712,3.362474988425935,6.5534771666000635,14.690326681851074,9.970344008282927,14.956442831400786,57.26095850628199
1230.929,1230.941,USV_881,0.011999999999943611,,,None,,,,,0.03003433719277382,0.010428292410714286,8416.409015026376,13114.989223602237,5.009954538648635e-05,19433.035714285714,27281.792287888682,2.338793019692268,1.7649185401259937,7.778846919402653,16.883967286603188,10.459782219253142,14.29127903986827,46.32795149667135
1231.639,1231.724,USV_882,0.08500000000003638,,,None,,,,,0.05695866420865059,0.010605755974264705,7596.6972806665,11264.798899511234,5.713396330240913e-05,17241.727941176472,21785.42514891223,3.053862728428321,2.4706891841516345,4.756550479270244,16.205721642266752,12.761797080855898,14.427095957493934,60.69201567128919
1234.166,1234.209,USV_883,0.04300000000012005,,,None,,,,,0.008364023640751839,0.041169819078947366,17181.904193876147,16351.212596751207,0.00042191419254238163,30675.986842105263,16964.881108108257,2.178348202976349,2.590994997284757,5.424244683438014,16.01459108230617,10.138199546895471,14.9065969719666,56.03414630415245
1239.019,1239.08,USV_884,0.06099999999992178,,,None,,,,,0.014151088893413544,0.021279296875,14895.338348430963,14291.952533000043,3.786666989347872e-05,30048.75,24630.463649030626,3.7656211010890375,2.5103945190238903,5.467392227185898,14.83681624817188,9.576051983304218,14.67802000196546,58.80304794756646
1239.752,1239.838,USV_885,0.08600000000001273,4.0,,None,1239.2219,,0.5300999999999476,,0.009797330014407635,0.04215262276785714,15400.425146529604,12292.450496035806,2.658809464629185e-05,27894.64285714286,17504.40766091878,2.202844852657126,3.840370250667703,4.525924973180743,15.919231696803909,10.784975441279538,14.673147708404791,63.82684323494424
1241.079,1241.21,USV_886,0.1310000000000855,4.0,,None,1239.2219,,1.8570999999999458,,0.019823430106043816,0.05199725811298077,13413.021786754845,10969.836746575307,2.3806144677683434e-05,25249.39903846154,14807.703891293484,3.027226634771859,2.7394445159416216,6.153516925779181,15.121351449006916,11.09776951144882,14.833803213130075,68.09575386197739
1241.357,1241.472,USV_887,0.1150000000000091,4.0,,None,1239.2219,,2.135099999999966,,0.01180868037045002,0.03389839504076087,13717.505263709894,12689.650016098223,0.00019842444688716974,26527.17391304348,14990.761306620712,2.843623890426216,5.337395051837148,6.514068620886049,15.85074043005975,11.002780459724374,14.767845498593191,63.524112046919576
1241.636,1241.751,USV_888,0.1150000000000091,4.0,,None,1239.2219,,2.414099999999962,,0.009826921857893467,0.04201872452445652,15473.618442909998,13718.886824249976,0.00022702512703995286,28699.728260869564,15202.146035484337,2.314433787445611,2.8258967749567936,4.829572729093425,16.035180427705786,10.877497247904627,15.432125261221717,62.52541420755862
1290.623,1290.631,USV_889,0.008000000000038199,4.0,,None,1239.2219,,51.40110000000004,,0.009178499691188335,0.015625,18874.820681460682,24708.62818054104,0.0007006134632221083,32625.0,21297.023018159336,2.3934904190750674,2.60217540628629,3.892594806956146,10.52650865729705,10.436691627586706,11.947968795503467,32.80582290797906
1297.317,1297.332,USV_890,0.015000000000100044,4.0,,None,1239.2219,,58.0951,,0.00798741728067398,0.027557373046875,17499.818049036374,19584.624718090112,0.00027903739216098147,31757.8125,23187.31458990918,1.896078746999084,4.3216918556374715,5.711868606381578,14.324974870866418,10.095993953564822,13.917191163938096,43.6036537419112
1334.988,1335.01,USV_891,0.021999999999934516,4.0,,None,1239.2219,,95.76610000000005,,0.008940601721405983,0.015491832386363636,15121.023006681045,15326.80259945761,3.981617316446266e-05,30852.272727272728,22740.472495280326,2.482139367591485,3.841806820961489,4.327885787308521,16.13405939789537,10.55889411673317,14.210833625692231,52.451732628315064
1337.174,1337.182,USV_892,0.008000000000038199,4.0,,None,1239.2219,,97.95209999999997,,0.008415134623646736,0.02431640625,19178.46204214117,21653.136438041758,0.0003202505421931248,32006.25,25927.70783353721,2.1358677994630133,4.326610668383824,5.369527268090001,11.355349033669171,9.41623043054518,13.379247706626249,34.895405119070226
1359.964,1360.035,USV_893,0.07100000000014006,4.0,,None,1239.2219,,120.74209999999994,,0.008108753710985184,0.02211577316810345,15811.711506960984,15663.970509492963,0.0001531122015396864,31781.25,22845.817813306665,2.2803504034590802,3.3698139314197983,5.743491155323947,16.449316523527706,12.706290800893667,15.099249321491262,59.344676429041044
1360.122,1360.146,USV_894,0.023999999999887223,4.0,,None,1239.2219,,120.90010000000007,,0.012195229530334473,0.041082208806818184,18307.213131276323,15866.90133715394,0.000246089560924407,29880.68181818182,25513.955401502495,2.2015800958763703,3.609948337741501,5.022663463542373,14.30454171972137,11.425947460992406,14.594422471885908,54.6820577493894
1377.409,1377.543,USV_895,0.13399999999978718,4.0,,None,1239.2219,,138.1871000000001,,0.009438969194889069,0.024989865860849055,14388.791322568895,15201.880723473962,4.003181390857507e-05,31317.806603773584,21579.238407692188,2.9194435660795697,4.667412900553037,5.445846951658898,16.041819120681836,11.745261034772456,14.81832159274202,58.97859409263599
1384.487,1384.6,USV_896,0.11299999999982901,4.0,,None,1239.2219,,145.26510000000007,,0.01168601680546999,0.06043294270833333,16682.086188037967,14539.512407271202,1.9481070268449535e-05,28541.666666666668,25572.93969119372,2.4459191083450538,4.548688931640189,4.961268505402509,16.401036603649587,11.859928075985987,15.013743889184651,62.368664361818404
1385.569,1385.602,USV_897,0.03300000000012915,4.0,,None,1239.2219,,146.34709999999995,,0.009482820518314838,0.03289388020833333,15701.482684417811,16506.692147912454,0.00015401028485061906,30243.75,24675.468079291073,2.202605342678308,4.116999244204148,6.17667967802402,16.44803034249409,13.056389989674038,15.017876770315622,54.93597022263545
1398.438,1398.503,USV_898,0.0649999999998272,4.0,,None,1239.2219,,159.2161000000001,,0.009109937585890293,0.024983723958333332,15446.273411956192,17059.761499060067,0.00018923180510070834,31368.055555555555,25152.62172938634,2.717924966670457,3.528424056243955,4.803589216378229,16.15237226658877,10.964348055979091,14.967585832186442,57.78806094317918
1404.372,1404.382,USV_899,0.009999999999990905,4.0,,None,1239.2219,,165.15010000000007,,0.010277868248522282,0.019816080729166668,18977.669952109572,22085.175333888736,0.0003831294312462771,30640.625,23955.603856552614,2.3163342531339053,4.956129112239068,6.752323921774195,12.36676575786388,10.146045356076163,13.442718835291933,38.967473450102766
1419.327,1419.337,USV_900,0.009999999999990905,4.0,,None,1239.2219,,180.1051,,0.009111219085752964,0.035074869791666664,20773.737861837504,19914.862404334428,0.00032206035783216455,32750.0,26106.868486922773,2.3263530257187877,1.9886761715164436,5.022500560877712,11.687779899760175,9.627859200848903,16.489174527734946,40.40271029739065
1440.653,1440.673,USV_901,0.01999999999998181,4.0,,None,1239.2219,,201.43110000000001,,0.00907214730978012,0.0162841796875,15511.923343708448,17989.86670718181,0.00019235277847128347,30881.25,22600.16521072801,2.304069108918734,4.537461917124579,4.386930930387672,14.187999263121004,12.10841446276474,14.896569761865134,48.258171996690535
1445.776,1445.862,USV_902,0.08600000000001273,4.0,,None,1239.2219,,206.55410000000006,,0.0092719541862607,0.03388671875,15419.586688200325,15287.708288591311,3.24349432366454e-05,31331.25,21756.972438603283,2.3018178346955973,6.520139915468954,5.669149150982058,17.18493013906416,11.608042705975167,13.691837660900427,58.77391720490185
1449.069,1449.171,USV_903,0.10200000000008913,4.0,,None,1239.2219,,209.84709999999995,,0.01214112713932991,0.054526724466463415,16018.877194656105,15369.66847074014,0.00020895435085330379,29375.76219512195,24460.65187572583,2.458299770896748,5.358236386659509,5.331342841065935,17.344774152535454,11.590897333740886,13.925540919507378,61.293017458554125
1452.021,1452.048,USV_904,0.027000000000043656,4.0,,None,1239.2219,,212.79909999999995,,0.007950280793011189,0.04300631009615385,18087.003263975817,18281.001602815413,0.0003934630207078592,32545.673076923078,23837.35138141575,2.256674674059388,3.1370452130829967,5.627987600669026,14.05800245437045,11.48260760070581,14.086745921614478,53.346783037783844
1452.349,1452.392,USV_905,0.04300000000012005,4.0,,None,1239.2219,,213.12709999999993,,0.012062874622642994,0.046116879111842105,16886.377181631524,16917.141289745316,0.00014166306936512163,29116.776315789473,24752.257054388298,2.2222779080238935,4.710411071442887,5.279134213580624,15.841394824649399,10.48465566045987,15.140787017775677,57.81935718941164
1453.409,1453.501,USV_906,0.09199999999987085,4.0,,None,1239.2219,,214.1871000000001,,0.011307491920888424,0.052001953125,16385.524119016933,15342.532876703146,0.00015222323834279135,29982.263513513513,22721.55167169989,2.206410013005813,4.76088879539012,4.975716221193477,16.005867283942724,11.702606328021016,14.596975333778737,61.751245704777546
1457.675,1457.76,USV_907,0.08500000000003638,4.0,,None,1239.2219,,218.45309999999995,,0.008823449723422527,0.03711655560661765,15099.630417149301,15612.703176806106,8.476026724767722e-05,31880.514705882353,22343.19535279794,2.107839927077786,4.409994083163879,5.447089083597566,16.46572712807565,13.171501433746569,15.379596280306968,59.819084216701015
1459.325,1459.456,USV_908,0.13099999999985812,4.0,,None,1239.2219,,220.10310000000004,,0.010171032510697842,0.05537205116421569,15822.411132014959,14673.16852569174,5.250100755972667e-05,30415.441176470587,22327.929506718167,2.5094909137476966,3.6548550312984993,5.558144902602826,17.28700109698386,11.358807221800394,14.790073306730061,62.77649527952967
1460.259,1460.345,USV_909,0.08600000000001273,4.0,,None,1239.2219,,221.0371,,0.012507553212344646,0.05438755580357143,16955.603068093595,14403.210750565655,4.539195116584308e-05,28350.0,23762.5674117922,2.537607637291943,4.8121516740492,5.432472210924092,16.898300866994806,11.870982847770996,14.230113367131109,63.105861076164715
1460.476,1460.497,USV_910,0.020999999999958163,4.0,,None,1239.2219,,221.2541000000001,,0.008879462257027626,0.026171875,17971.607219509086,20081.54480363604,0.0007031139228261263,33206.25,24184.19466859345,2.408248363886443,7.185818519236436,5.496828707365792,12.55665313227419,12.576862991767971,13.611976967525603,47.88374946954427
1460.724,1460.802,USV_911,0.07799999999997453,4.0,,None,1239.2219,,221.50209999999993,,0.009295569732785225,0.02748870849609375,14791.939351098004,15466.037109145433,4.616134862728684e-05,31066.40625,22452.628326562637,3.0327501398274306,6.2282481463181405,4.972906713988947,15.64690786311224,11.838523301421482,14.7578054184628,59.136719919766676
1463.944,1463.981,USV_912,0.03700000000003456,4.0,,None,1239.2219,,224.72209999999995,,0.008653677999973297,0.020660400390625,15490.917153587308,18186.66743757997,0.0002047231157358637,32384.765625,23848.14459563258,2.470134877905117,3.4774994830768655,5.030065011483661,15.50036835721218,9.647974202210142,12.98721023457744,53.78799128259155
1466.817,1466.9,USV_913,0.08300000000008367,4.0,,None,1239.2219,,227.5951,,0.010483181104063988,0.060439165900735295,17889.574704820192,14575.351866556066,0.00019121075079130706,29440.257352941175,24201.25081700443,2.6404489096580526,5.899864986375683,5.503889940567026,16.857740934758212,11.836157557676703,15.04611078891718,62.67908983404888
1467.577,1467.624,USV_914,0.047000000000025466,4.0,,None,1239.2219,,228.3551,,0.012352530844509602,0.0639404296875,17396.177263930054,17483.31670960434,0.0002912557783976688,31082.8125,23459.58314086802,2.15112169266376,5.542322605715321,5.716271319357672,14.096824480734739,10.660465154489291,14.648712235055523,57.28701426865134
1482.948,1482.963,USV_915,0.01499999999987267,,,None,,,,,0.008942351676523685,0.03424072265625,15918.369891648652,17985.253718222717,0.00015359591225674632,30187.5,26642.78769528522,3.299503884575529,3.4121609630170964,3.3275392916117617,15.279893735151347,11.792564901214782,16.046696424621032,46.67994990138456
1484.413,1484.502,USV_916,0.08899999999994179,,,None,,,,,0.012902670539915562,0.0855441623263889,18366.527225288606,14836.154798164851,5.568137773011704e-05,29565.104166666668,25358.507280111444,2.67694737022906,3.8638659794230867,4.78863555406785,13.052359632848367,10.219701019670032,15.532449292119175,62.862233668701315
1485.77,1485.812,USV_917,0.041999999999916326,,,None,,,,,0.012403749860823154,0.01611328125,15253.914635182584,14391.857445966732,3.0881239678699384e-05,29750.0,24272.526924997856,2.7142827750091763,2.3533806833398643,5.268558480128018,17.710846356583907,11.073888555469342,13.657917241896524,57.816442192292584
1491.001,1491.055,USV_918,0.05400000000008731,,,None,,,,,0.013624108396470547,0.022227411684782608,12094.074897681474,14790.439467116556,9.5839632644713e-05,27313.858695652172,25768.975603014867,2.5260111369908516,3.65182568406691,6.570672553899448,17.865881290584806,10.620212989753853,14.751765588800032,57.92533732487123
1493.051,1493.119,USV_919,0.06799999999998363,,,None,,,,,0.010643637739121914,0.050510951450892856,16826.043836192406,14490.359284071119,0.0002099408308278694,30338.16964285714,19552.974538460345,2.1768559471813766,3.5729265030332407,5.616184226116964,14.927597486942151,11.552929224844354,15.72632431767416,61.278660599642656
1494.552,1494.673,USV_920,0.12100000000009459,,,None,,,,,0.010168011300265789,0.0250701904296875,15314.223847122694,15108.922450751641,0.0002183057738465509,30605.46875,24321.803335562243,2.1784062459642985,5.465566932536809,4.632725794637317,16.847861357479037,10.448929483819454,15.655494230835528,60.582454949646824
1497.38,1497.391,USV_921,0.010999999999967258,,,None,,,,,0.011692538857460022,0.0517578125,18005.598393878667,17665.13720578367,0.00019594656366056363,28937.5,25669.47057947302,1.9383798057815553,2.4315531777006023,4.802956688572021,12.6843166108838,8.229469770687468,12.963499830940663,47.56081766609437
1499.518,1499.568,USV_922,0.049999999999954525,,,None,,,,,0.008503521792590618,0.045328776041666664,17286.245829854215,14644.924770549369,0.00021590023031502968,32022.321428571428,26746.34105638335,2.178747608926361,5.145980645488958,5.306243761703583,13.716593618015752,11.57362537656908,14.176715284142071,57.22484024172246
1499.775,1499.796,USV_923,0.020999999999958163,,,None,,,,,0.013522055931389332,0.0226806640625,15986.188074705855,19469.553056554454,0.0007501873552156992,31725.0,17108.92065907325,1.8304408078592644,4.049477683550681,8.03812706586167,12.550832000591708,10.229105308952004,14.065709642438154,47.70085806783179
1501.876,1501.978,USV_924,0.10200000000008913,,,None,,,,,0.01696222648024559,0.021109232088414635,11349.537107727823,13072.745834423533,4.184603890044089e-05,25385.670731707316,24243.764343984265,2.784553239487624,5.783857085891,7.910399458347631,17.89237649427292,11.000607436272052,15.644768982364162,60.857477840847125
1502.844,1502.908,USV_925,0.06399999999985084,,,None,,,,,0.012218301184475422,0.03212327223557692,14310.137745217442,14047.547348233355,0.0001473574796712975,27861.778846153848,21728.413189428313,2.065554899958056,3.609749571097595,5.926659496548691,17.365131240282178,9.782124738739864,15.964430564073995,59.24729141491646
1505.04,1505.092,USV_926,0.052000000000134605,,,None,,,,,0.04054070636630058,0.011652166193181818,8617.285616001998,12624.79832598705,0.00021021730163601836,19687.5,22863.832392033615,3.2805644219718575,2.044292185646355,5.466231503878216,17.25650318529189,10.878812208487807,14.402769203473257,58.4625450092235
1505.748,1505.845,USV_927,0.09699999999997999,,,None,,,,,0.020207680761814117,0.019675230368589744,10765.055408994707,13146.803023960276,3.359693705257641e-05,24911.05769230769,24485.24398536121,4.1017698054755085,1.4166293495796467,5.275679294302678,16.137113258816388,10.87762537910919,13.854255913745392,60.231624502866765
1506.554,1506.598,USV_928,0.04399999999986903,,,None,,,,,0.06692822277545929,0.007105777138157895,7496.451851291965,13209.290929571756,0.0005076426038941793,16504.934210526317,22112.056650517057,6.039899156564708,2.083508131023237,5.92125228795301,17.2609593135801,8.91568202032753,15.105344283292174,52.79782818942417
1512.144,1512.188,USV_929,0.044000000000096406,,,None,,,,,0.013975766487419605,0.027896278782894735,13923.021881317849,14906.11801224586,0.00015110590490752864,28796.052631578947,18414.573340728588,3.1962619741153095,5.4520787714431584,6.458795579035666,17.13237195989781,10.80762750337282,15.043170844170298,56.243451560792266
1513.596,1513.635,USV_930,0.03899999999998727,,,None,,,,,0.0199661273509264,0.025261374080882353,14356.236682328232,17345.087276265087,0.0003367365971391179,30419.117647058825,26927.530504955575,2.928845981173573,2.4761013426499106,6.490022164898426,17.491512911816553,12.03508984251325,13.413938177258228,54.1901862014025
1514.388,1514.439,USV_931,0.05100000000015825,,,None,,,,,0.02023950032889843,0.026700106534090908,11103.8661595869,12668.624488296155,0.00018850127726885286,22125.0,14769.230769230768,2.0036175430339633,3.3493354833840865,7.379001334868895,17.730339553244736,10.304271689274728,18.148394977000038,60.8841548846473
1515.201,1515.33,USV_932,0.1289999999999054,,,None,,,,,0.01299999188631773,0.03562538296568627,13425.184184397838,12356.431358734713,4.699173287928255e-05,26566.176470588234,15186.154636871077,2.6332903268086096,3.2925596503958796,5.845193854640261,16.35047216720383,10.189210578756493,15.932698993917116,64.10200626434029
1518.47,1518.563,USV_933,0.09300000000007458,,,None,,,,,0.011522293090820312,0.03617900126689189,15004.225911812042,13929.938404255605,6.170983772841789e-05,30200.16891891892,26282.66498177563,1.9163286232251535,3.379914888695468,4.376032251311454,16.130468489367615,12.25577774486553,15.42908783055709,59.84025910647518
1519.059,1519.104,USV_934,0.04500000000007276,,,None,,,,,0.007636727299541235,0.02885999177631579,15361.201312978988,15111.8201644953,2.9594622935565e-05,31944.07894736842,18442.166330621392,1.7171171398621266,3.152827855159254,4.9324836524503475,16.33704312201437,11.379231571507038,15.934812056002487,57.73556409568968
1520.268,1520.368,USV_935,0.09999999999990905,,,None,,,,,0.02099493145942688,0.035870361328125,14575.0742669405,12730.394221218554,5.766262353654821e-05,28368.75,17419.961573827633,2.6271240828688205,3.8395445233795433,5.420055823107182,15.624492204240573,11.061185070288722,18.06881742092625,64.53049145376288
1520.799,1520.848,USV_936,0.04899999999997817,,,None,,,,,0.037338532507419586,0.005150204613095238,7882.426958534728,14111.231069090989,7.196479770307805e-05,21736.60714285714,28581.514134648456,3.2266361431214685,0.7796470601325188,8.132730326551172,18.91344842281813,9.589370126124665,16.617126354891713,51.6710677268908
1521.304,1521.343,USV_937,0.03899999999998727,,,None,,,,,0.011379246599972248,0.03176700367647059,16440.793414033564,14740.102289054412,0.00016963836677124345,30744.485294117647,18410.939563209664,2.1556872721244003,3.0089158630927515,4.50410083084514,14.480024760272464,9.385820139702373,15.244321943577976,58.383121240104444
1521.503,1521.518,USV_938,0.015000000000100044,,,None,,,,,0.008733674883842468,0.040679931640625,17764.06188492132,18366.66122417463,0.0006084857341153028,32121.09375,16346.88582908597,4.227752124566215,3.013404226533224,4.023536173232475,13.044908339309984,9.369584231737807,13.854397607219877,45.818331631312226
1523.951,1524.035,USV_939,0.08400000000006003,,,None,,,,,0.01632627099752426,0.02876551011029412,12811.455912722786,13953.10560281497,9.76894309582535e-05,27620.404411764706,24060.897524296553,2.2076430594434613,3.038005461524637,6.547234741302276,15.337737933819524,10.752685097889078,13.639425028631198,61.24316477859067
1524.091,1524.216,USV_940,0.125,,,None,,,,,0.01415704470127821,0.028081154336734693,12927.970472972213,13769.104381063516,0.00013106290122707294,27526.147959183672,17867.29853037436,2.85128371320269,2.4910791856862486,6.426827834074001,15.982514652289067,11.792659731650648,16.722691310617133,61.439609842597164
1524.806,1524.864,USV_941,0.057999999999992724,,,None,,,,,0.019071469083428383,0.014678955078125,11499.624432455372,15303.017242185277,0.0003643876925869185,27121.09375,16748.272319130952,2.3575547529159673,2.9631983655000824,5.299091493979859,17.482050486562184,10.522859852718389,13.95090267048145,57.86783436527664
1524.927,1525.014,USV_942,0.08699999999998909,,,None,,,,,0.014459238387644291,0.033370535714285714,12179.468555125886,12606.590430792501,1.5907725715079402e-05,25684.821428571428,18181.250448757517,2.7269575805628747,2.662122585840451,5.263483360074304,16.62134512830631,12.006544725051208,18.44958414488302,61.367054066611544
1527.6,1527.668,USV_943,0.06799999999998363,,,None,,,,,0.014207768253982067,0.03334263392857143,14252.490055487853,14043.437179893006,0.00021628231034558337,27257.8125,14831.220873196417,2.2060414441440876,4.683235800612288,4.499882803668262,16.337515918582874,10.650294830765933,15.179180084926488,61.686093504213666
1527.842,1527.919,USV_944,0.07699999999999818,,,None,,,,,0.027592051774263382,0.030084425403225805,10816.856373579512,10771.398786767826,3.894421434600069e-05,20894.15322580645,15419.990631157872,2.5887104632355067,3.02104181392227,6.323022750642687,20.344523239649014,13.902840335411685,18.13159057306979,65.48709628800688
1529.326,1529.345,USV_945,0.019000000000005457,,,None,,,,,0.011107158847153187,0.0123291015625,13623.029216781462,17833.780948281295,0.00020009030685946952,28500.0,25114.645610314597,2.43635034412599,3.9330794518418104,7.1667484826846675,17.819122034098605,10.09991127122907,14.425655229054982,47.342966532339126
1530.105,1530.193,USV_946,0.08799999999996544,,,None,,,,,0.012495969422161579,0.03740234375,13638.300440332732,13068.782319795762,7.962689867526464e-05,27243.75,19074.802213839837,3.9845637219003414,2.739140569728405,6.45942292407161,13.274310306437988,11.586005893009226,18.100521356798545,62.33735735768119
1531.174,1531.265,USV_947,0.09100000000012187,,,None,,,,,0.016550619155168533,0.03487251900337838,11903.510245035219,11340.642399236316,3.5014263237817544e-05,22971.283783783783,14780.796128752403,2.346033188662733,3.2715109033280583,4.729366336361639,17.57737167561582,10.548035204503197,18.180324307442277,64.55548887051926
1532.704,1532.73,USV_948,0.026000000000067303,,,None,,,,,0.012552277185022831,0.027262369791666668,13255.415945641136,14298.434019020839,0.00015978569600676688,26625.0,16798.61099748895,2.626601227408417,2.658633390898438,3.9373947467935486,16.945689739811773,11.800019726775673,14.491859331179725,55.15774878849836
1532.817,1532.889,USV_949,0.07199999999988904,,,None,,,,,0.03548451513051987,0.011600889008620689,8276.96032984025,11104.484096637414,8.829472449064077e-07,21258.620689655174,20886.5565219964,4.613936304118207,2.707064545483647,5.334540850201101,20.580059859617517,12.788816920718789,18.51329569324695,62.218075992514606
1533.264,1533.348,USV_950,0.08400000000006003,,,None,,,,,0.020581498742103577,0.034258674172794115,14369.069736688534,13646.277196834102,0.00011666388903441395,27148.897058823528,16892.38452608562,2.4802471628361444,3.0276376254781185,8.298698145303923,18.83712598862584,10.523095925976799,15.027850000064042,62.92937732821518
1533.905,1533.951,USV_951,0.04600000000004911,,,None,,,,,0.00980024691671133,0.03133544921875,15320.730494007343,14909.18683243184,0.0001708704524931635,29414.0625,20066.074389578167,1.930902457265958,4.193610883365158,5.6895968453163315,13.773964443563036,9.940961927195614,15.79858030370153,57.0071833888244
1534.776,1534.823,USV_952,0.047000000000025466,,,None,,,,,0.03279850259423256,0.012548828125,9324.374434564135,13213.783420094056,6.471728472697252e-05,21018.75,22989.041319813987,2.9859161340702904,1.9723365214566975,5.966124222679262,17.79138276114091,10.150052058518837,14.554299372885358,57.811943834166684
1536.541,1536.639,USV_953,0.09799999999995634,,,None,,,,,0.018706802278757095,0.0419921875,13209.518461662165,12603.342554574576,8.443623096000998e-05,26115.384615384617,15027.280389114962,1.9053845553940891,1.624936440510047,5.8579640647273425,17.049239609686733,12.603642379644285,16.912929705345,64.0429769215001
1543.198,1543.282,USV_954,0.08399999999983265,,,None,,,,,0.03471163660287857,0.023308249080882353,10252.0248109942,12249.499788549747,4.55473414906986e-05,21943.014705882353,19729.166210950003,2.7109540806938193,2.5132610748486166,4.845701441256963,17.954049840595516,10.615964277700801,16.249367042147508,61.33260056741227
1546.947,1547.018,USV_955,0.07100000000014006,,,None,,,,,0.05706874653697014,0.008241850754310345,7063.471656199267,11382.964416793671,2.551834367072633e-05,17941.810344827587,26742.53796605808,3.803786282789826,2.3184751087012585,7.53996597652792,19.42282562410697,10.604283606078097,16.94008743648261,60.109811624215325
1548.641,1548.739,USV_956,0.09799999999995634,,,None,,,,,0.02578149363398552,0.02271133814102564,10452.42638983257,12237.034232992637,6.62627215444534e-05,22165.865384615383,16394.067582547457,2.7345078438751145,2.7040572900016824,5.227171603244388,18.96478123919654,11.786623810548548,16.528073329265737,62.869363068292955
1549.554,1549.629,USV_957,0.0749999999998181,,,None,,,,,0.022938072681427002,0.023087565104166666,10846.502216970044,12716.899409199154,0.00014755450947456032,23593.75,14821.51497533501,2.6325669952678776,3.152359877394747,8.063988393749726,16.397084211038774,12.348877535788988,13.416815530599717,63.295316520093955
1549.974,1550.056,USV_958,0.08200000000010732,,,None,,,,,0.018018674105405807,0.028719815340909092,12483.460254071648,13137.523147201067,9.77728273698239e-05,25545.454545454544,17040.304518815363,2.9976563677815684,2.2897213072652685,5.8788852804024705,14.91410816113825,11.14750579935547,14.950128833494338,64.0362920548645
1554.837,1554.934,USV_959,0.09699999999997999,,,None,,,,,0.04647114500403404,0.019368489583333332,10512.009762304435,12930.797834653195,0.00010087981956410661,23314.903846153848,18354.073891524964,3.233015667476695,2.6450012843272055,7.267323588041451,18.454839343824624,11.374601934383884,15.092472403172282,61.72927830570658
1555.015,1555.034,USV_960,0.019000000000005457,,,None,,,,,0.0155178252607584,0.020361328125,15780.365670635885,21125.839630294962,0.001370139564199492,34996.875,22196.162287963427,1.0803920793723754,1.953311069221943,7.02118318658371,17.350266412638554,9.186186183179746,12.777172359907988,45.304758098778805
1574.074,1574.148,USV_961,0.07399999999984175,,,None,,,,,0.039940256625413895,0.0093017578125,8444.340129341641,14018.728294545097,0.00016139164456708359,22359.375,29352.880856698237,2.628202999019761,2.448418769622021,6.272786126232571,18.70003250053913,15.212204769893068,15.323695657105315,55.90405248406556
1574.54,1574.549,USV_962,0.009000000000014552,,,None,,,,,0.05135456845164299,0.0028483072916666665,8298.98152426602,17579.567981301177,7.130136672310421e-05,19812.5,34885.79082054871,1.4497094136645245,1.9655272771629635,8.810914413266445,22.246809757842783,10.841773841667774,16.226368611811605,36.622480363564414
1574.674,1574.786,USV_963,0.11200000000008004,,,None,,,,,0.020613770931959152,0.0313720703125,11187.744669795298,11537.895432426325,2.1377610986899365e-05,22666.19318181818,18294.67421356266,2.5904094252274126,3.602236441761873,6.271035657195157,21.322924110605914,11.012318545210562,18.670186965130224,64.68666530019719
1574.898,1574.94,USV_964,0.0420000000001437,,,None,,,,,0.028907068073749542,0.010687934027777778,9269.42784361521,14033.097200788028,4.5023107554355524e-05,23395.833333333332,26310.399244156954,2.845870650033274,2.548915318652241,7.48106985299544,20.17447075802539,12.979038763032356,15.387541810942809,56.2382080800769
1580.564,1580.658,USV_965,0.09399999999982356,,,None,,,,,0.053169067949056625,0.006360505756578948,8175.932704931315,12906.848350742208,6.154766430173914e-05,21715.46052631579,22839.398674606236,3.9543994969639575,5.9559492446134445,6.288981423773151,14.803577001276642,12.586127105281763,14.583800956255205,57.51664004821439
1584.779,1584.811,USV_966,0.03199999999992542,,,None,,,,,0.013459132984280586,0.0091552734375,14467.571364342522,17434.527513509343,0.0006449940278993146,29839.285714285714,21969.89249469655,2.6817368333647686,2.7409776445427334,3.7927265491614564,13.110910807400785,10.373092641284371,13.981056364424829,51.63283648278048
1585.349,1585.466,USV_967,0.1169999999999618,,,None,,,,,0.02101505547761917,0.022498089334239132,11239.22917696003,13189.293049469596,4.4312577527655316e-05,25622.282608695652,20643.853233016507,2.817118268360294,2.042215536047596,6.99581381367299,15.664706130064998,10.846288425283602,15.73974349879801,61.75523407945361
1586.109,1586.203,USV_968,0.09400000000005093,,,None,,,,,0.013869456946849823,0.03904322574013158,12723.705474551265,12667.928880079926,0.00011587761337022004,24767.269736842107,15069.66186112143,2.2560121730134917,3.320062829249087,4.950769920152879,15.424930070167052,11.802410036174713,16.30798209143346,63.01166281372043
1586.396,1586.441,USV_969,0.04500000000007276,,,None,,,,,0.013906027190387249,0.02143297697368421,12304.073828665913,14222.739964610597,8.664195034870796e-05,27379.934210526317,23763.336673004454,1.8351900143956872,3.3441832529683153,4.894199461957921,16.76071663993138,12.366454430499534,15.211259428911276,55.84345737936094
1586.956,1586.983,USV_970,0.027000000000043656,,,None,,,,,0.013240544125437737,0.020714393028846152,12260.984064500479,14047.809895309607,6.19652388823982e-05,25644.23076923077,16845.48782038254,2.3816806669401447,3.487544724588673,5.875314968056076,13.042237994546571,9.867353737352662,14.801146243818387,54.39630224607323
1588.846,1588.965,USV_971,0.11899999999991451,,,None,,,,,0.01105748862028122,0.032564203789893616,14695.833453183672,13431.526997770141,0.00011347053271624825,28264.627659574468,18554.02629154001,2.6169779209139707,4.33032467403959,5.666841853199013,15.374050492506017,11.710804083102973,15.629668262480843,61.295197331179736
1611.434,1611.542,USV_972,0.10799999999994725,,,None,,,,,0.022289175540208817,0.02071220930232558,10335.798791597208,12368.193484724454,4.655257217349167e-05,23995.63953488372,19525.929842682897,2.599372826723552,3.130395406113089,5.687781910408395,16.690257886754132,12.732856744909101,17.482352595810315,60.87075106644027
1611.615,1611.678,USV_973,0.06300000000010186,,,None,,,,,0.011058003641664982,0.0322265625,14490.427569051593,13915.3039571799,0.0001270206459508575,28691.10576923077,15592.144663423705,2.8866676591158535,3.9195777409834727,5.414657379301344,18.308094929006987,11.284499199200408,17.191499978523662,59.14537694469134
1617.114,1617.257,USV_974,0.1430000000000291,,,None,,,,,0.011020956560969353,0.042454310825892856,16669.50817879237,13488.309418054618,4.524173412064135e-05,30714.84375,21944.25133517094,3.0041194069182056,3.802737833224545,5.569322763067136,15.574753646420788,11.402162351433718,14.299217793937402,63.347751170321565
1617.913,1617.931,USV_975,0.018000000000029104,,,None,,,,,0.008920233696699142,0.03781467013888889,15915.379303432253,16045.510089223688,0.0002756967573221967,30250.0,14769.230769230771,2.939870466077139,2.609787278950767,6.940241526360954,14.14891261276081,10.293800993914273,14.854740306633012,51.12293699080816
1619.458,1619.511,USV_976,0.052999999999883585,,,None,,,,,0.013096172362565994,0.043878728693181816,14427.708146575775,13101.521015506121,0.0007908520569386689,26940.340909090908,14795.663349206485,2.8033925566282623,4.17896875833429,6.290942107919734,15.46720403885259,13.704309932473143,14.604162380618563,62.88653272839381
1619.689,1619.769,USV_977,0.07999999999992724,,,None,,,,,0.010478690266609192,0.0414581298828125,17603.92118561583,14003.43024386494,9.506068784225229e-05,31918.9453125,25742.93422276326,1.843174445455694,5.621573005542203,5.28247946132846,18.544027904082014,10.440459115726794,14.181869929352665,60.288971538172476
1620.724,1620.759,USV_978,0.035000000000081855,,,None,,,,,0.01055755466222763,0.029754638671875,14684.105275345759,16413.342661723298,0.0002564196375132664,28658.203125,19385.605097505704,2.2608198157636004,4.131494575965487,4.5764662219321774,12.920952756737105,9.51125930511418,14.256590915113893,54.98149516686697
1622.841,1622.969,USV_979,0.12800000000015643,,,None,,,,,0.03674381598830223,0.01947265625,10390.13446682636,11863.061570263624,3.142848711390825e-06,23596.875,23957.046491682508,2.912941612000343,4.497312835396874,5.303107151395142,18.853822550086466,10.981996714289592,14.460755195084287,59.992551536395034
1623.378,1623.459,USV_980,0.08100000000013097,,,None,,,,,0.009385661222040653,0.047119140625,16199.599815072172,14024.157042247964,0.00031489301598374624,29446.022727272728,16464.201020737837,2.897097802540208,3.7155287270926802,4.6962207421902225,15.100281290796845,10.248749287270613,13.891310830683732,61.365838616034765
1627.288,1627.296,USV_981,0.008000000000038199,,,None,,,,,0.010404040105640888,0.0322265625,20015.391791660997,23893.554944104282,0.0011746292226137627,37443.75,18603.29410877277,1.1264429526840862,6.1618318738124085,8.802024345663309,12.190887014194777,8.566253970236431,13.808970298964038,34.341005479592425
1627.326,1627.404,USV_982,0.07799999999997453,,,None,,,,,0.009299245662987232,0.02972412109375,15545.158553069927,15100.426432973798,0.0003809445087665442,30442.3828125,14843.852630601916,2.4004195923274656,4.541183120038621,5.158064972800073,17.473643863797065,13.130967012722678,15.196348639774083,59.960170791468315
1632.08,1632.128,USV_983,0.04800000000000182,,,None,,,,,0.008377897553145885,0.0410888671875,16831.4664846602,16121.224484384482,0.00046810583520073124,32854.6875,25432.954050940752,2.6597622123118305,2.376823065227817,6.63144977880178,15.413989941294346,9.178950549319293,14.15576016474623,57.36520283011678
1632.746,1632.758,USV_984,0.011999999999943611,,,None,,,,,0.008120747283101082,0.03655133928571429,18960.14415357875,19242.689222962243,0.0022136056961440547,34647.32142857143,20627.813067221996,0.9378852195310227,5.488721745886051,2.603143312108088,13.720007643921488,10.115554986231889,15.915709221477215,45.43598390851423
1634.7,1634.844,USV_985,0.14400000000000546,,,None,,,,,0.009380511939525604,0.03913661411830357,17330.84017425603,14485.273056700817,1.5644363814116313e-05,32470.98214285714,27830.32077643702,2.5046263667777913,4.730657021517879,4.746594089201302,15.793699890701674,10.924591217935683,15.509249100750438,62.32261807729213
1635.034,1635.087,USV_986,0.052999999999883585,,,None,,,,,0.010305534116923809,0.02997381036931818,16251.630212748876,15343.925658019503,8.9856078577019e-05,32088.06818181818,27239.460541905482,2.689813089089403,5.382997161505885,5.999777480345241,16.545409352423384,11.714640183807155,15.190934732292824,57.186868815572716
1635.2,1635.3,USV_987,0.09999999999990905,,,None,,,,,0.011159474961459637,0.0276123046875,16837.82224575203,14950.399487491424,0.00026723143702015183,32165.625,26045.226268610702,2.7532345299812384,3.4125001934689783,6.294574251751397,16.712568924215727,11.287537047726051,15.308798785664157,59.36548546169964
1638.787,1638.877,USV_988,0.08999999999991815,,,None,,,,,0.009556051343679428,0.03215196397569445,14292.358183691755,13717.316584926515,4.810278206887825e-05,29039.0625,18406.401991798895,3.0706437206728276,2.4087401158241364,6.279602010153818,17.596460707380302,11.758313937926962,15.450454170517016,61.38211902898034
1639.235,1639.305,USV_989,0.07000000000016371,,,None,,,,,0.011812704615294933,0.03309368265086207,15445.303619002185,14192.720525873263,0.00021068603286832663,28797.41379310345,19914.38967093453,3.2340960387670945,3.719961547870705,5.532934297825435,15.627385609115924,10.533132903271186,13.476839530510688,59.845757309413756
1644.902,1644.91,USV_990,0.008000000000038199,,,None,,,,,0.005181959364563227,0.049267578125,20815.758800764772,19669.36747609467,0.0008482928461389122,33862.5,26159.16593704209,2.156798982556009,2.3987531047153814,3.784426762223542,14.686045548184968,8.680021805232666,14.246472039643137,37.95934054801081
1649.052,1649.062,USV_991,0.009999999999990905,,,None,,,,,0.005012128967791796,0.033162434895833336,20844.806584078302,22231.438519169587,0.0014109718944261464,38078.125,20873.019231569437,3.322919907398841,4.030823638837758,4.11572302153527,11.786812513299772,8.545806361059764,12.533558970680232,40.07932874669231
1652.57,1652.582,USV_992,0.012000000000170985,,,None,,,,,0.00843664538115263,0.023367745535714284,16159.43611204857,16984.95765388261,0.00043849332949644443,29531.25,16893.352699900806,1.9402834991405045,5.188857182605278,5.590044046826263,14.399599673613391,9.262534502890519,15.297388297929716,44.62404439920449
1656.975,1657.0,USV_993,0.02500000000009095,,,None,,,,,0.02065196819603443,0.015625,11348.790148690447,14107.831478527778,1.3635653653312676e-05,25937.5,17525.570023787015,2.678467239680644,2.2285982989699775,5.17094635000476,17.8645266011818,10.083003350793334,15.727874463860731,51.05122880580226
1659.104,1659.21,USV_994,0.10599999999999454,5.0,,None,1657.2119,,1.8921000000000276,,0.010692108422517776,0.03432500930059524,14699.378811653862,13789.837731292557,0.00021394035497206804,28546.875,18353.914406565236,2.5550684664342054,3.2955897250352346,5.2804118822636115,15.408382360150794,11.683911120771704,15.340640196391565,61.568785545981385
1662.352,1662.362,USV_995,0.009999999999990905,5.0,,None,1657.2119,,5.140100000000075,,0.013026396743953228,0.021321614583333332,12613.20319036655,14415.112930184778,7.605617030664409e-05,25687.5,17996.21223059721,2.1662161699234965,2.2672352497163515,4.575489598218379,16.00646913640688,12.0668383004491,14.535808294837528,43.527040051582645
1666.282,1666.346,USV_996,0.06400000000007822,5.0,,None,1657.2119,,9.070099999999911,,0.010220746509730816,0.028611403245192308,15647.34333572105,13846.764753941796,3.408474198508959e-05,29639.423076923078,19904.870688583564,2.130086628388215,5.768903296351583,5.444808480430714,16.234582421879935,11.956151183063046,15.624637537342418,59.03192349570028
1699.404,1699.413,USV_997,0.009000000000014552,5.0,,None,1657.2119,,42.19209999999998,,0.008816062472760677,0.017578125,15548.369258094332,14516.519150553218,9.476005685746945e-05,29359.375,19065.392553206217,1.7951473830113496,2.84419492453174,4.856428343368699,15.844957817302756,10.499283264304703,14.72830370394127,46.52690680963874
1742.059,1742.068,USV_998,0.009000000000014552,5.0,,None,1657.2119,,84.84709999999995,,0.009336566552519798,0.044921875,19717.976963587957,22343.66867071624,0.0003414162080750734,33187.5,27496.556978832436,1.1199754255329828,6.340300241583812,3.5598071029363605,9.153164561346964,7.135068496019097,10.784593975954268,36.92474980709802
1743.43,1743.478,USV_999,0.04800000000000182,5.0,,None,1657.2119,,86.21810000000005,,0.007192662917077541,0.03050537109375,16220.780462850764,14599.246026208984,4.2362956629013315e-05,31640.625,17805.048191316557,1.675845094173966,4.268542494658925,5.706705007087429,16.290723032477725,9.604221637096014,14.692769545904056,59.242156142920166
1761.104,1761.135,USV_1000,0.03099999999994907,5.0,,None,1657.2119,,103.89210000000003,,0.009499634616076946,0.03147670200892857,15366.46440956362,14670.181716388546,0.00011441874854003802,29504.464285714286,19809.820194389747,2.6979048349292007,4.6582349262141864,4.945371682113627,14.076919299070648,12.638991847676044,14.213947538833505,54.20753030081137
1800.037,1800.048,USV_1001,0.010999999999967258,5.0,,None,1657.2119,,142.82510000000002,,0.008593282662332058,0.029337565104166668,17427.05245055717,18846.671702734322,0.00031515445753980894,31250.0,27813.586610145445,1.9455048399166925,4.509422644440869,3.9938257285964602,14.750204535756984,10.414497835976569,17.50385286756435,45.07389336372511
1811.925,1811.935,USV_1002,0.009999999999990905,5.0,,None,1657.2119,,154.71309999999994,,0.007872872985899448,0.0438232421875,20366.15865570019,20052.613206785332,0.0008515136208222663,34203.125,25239.336061929946,2.6980304459312934,2.085758888595368,5.586403555874971,13.39505813493136,9.978955403826278,14.12624712080475,42.05731674561965
1837.868,1837.877,USV_1003,0.009000000000014552,5.0,,None,1657.2119,,180.65609999999992,,0.006579753011465073,0.0335693359375,21096.815218436237,24901.745210720517,0.002233253503115822,35796.875,20593.000947615656,1.9943178024446144,4.0827120526073655,4.464748950255756,10.158984284688225,9.12917715258813,14.373904931837188,36.35353496331506
1840.585,1840.593,USV_1004,0.008000000000038199,5.0,,None,1657.2119,,183.37310000000002,,0.006767035461962223,0.03349609375,17534.34344909944,17315.428011507996,0.0002593720180490496,29925.0,20071.511386105318,1.9750990429551014,2.3770229861693237,6.673054277757908,14.895093878990684,10.107377144025069,13.761738564085903,39.454321927658256
1841.452,1841.461,USV_1005,0.009000000000014552,5.0,,None,1657.2119,,184.24009999999998,,0.009193272329866886,0.015584309895833334,16840.644476871883,22219.12631814543,0.0006798785600717544,29781.25,17100.98327477297,1.6076454321117284,4.64769463120278,4.7468513256491764,12.895730106079933,8.506165481448296,12.621896896370629,37.13534432506022
1854.367,1854.398,USV_1006,0.03099999999994907,5.0,,None,1657.2119,,197.15509999999995,,0.007438444532454014,0.0609130859375,18948.85868593943,14402.819910345328,0.00010868698194621597,31479.910714285714,21463.489308904187,2.4547572523287964,3.7793647921102322,5.367693559484252,17.667054399452468,10.585935461570148,14.073484519380418,57.64929947818231
1894.938,1894.966,USV_1007,0.027999999999792635,5.0,,None,1657.2119,,237.7261000000001,,0.01036126259714365,0.033541165865384616,16558.01645980712,16058.538591279466,0.00010415555699475785,29891.826923076922,23131.65536407267,1.4117689669260827,7.6510921674895505,4.1103750456460855,11.395330092463483,11.841429873029169,15.404760039178033,52.62583485567029
1902.506,1902.549,USV_1008,0.04299999999989268,,,None,,,,,0.008952710777521133,0.042778862847222224,17685.6631006528,15579.22298236832,0.00017648640908575686,30093.75,19129.636018982183,2.3764186273235146,3.9607552009079448,5.741581917117201,16.369654028279996,12.053711700761742,15.574149357878476,59.456042362238996
1902.626,1902.676,USV_1009,0.049999999999954525,,,None,,,,,0.009015384130179882,0.046642485119047616,16737.343582055855,12769.255631003933,9.075194481710633e-06,29267.85714285714,18237.669930396165,1.831349232849556,5.841150145309415,4.288827383096933,16.971182684206845,11.09906632374077,13.177989740685167,62.4310041078357
1904.036,1904.076,USV_1010,0.03999999999996362,,,None,,,,,0.012123508378863335,0.0205078125,15763.975600299333,15469.611653064234,7.309187721889459e-05,29250.0,24124.6914230449,2.8038941757272826,3.5899589455756633,5.35014165316178,15.949991988935267,8.804343770519118,14.868533695934183,58.22960049233637
1904.162,1904.201,USV_1011,0.03899999999998727,,,None,,,,,0.010431758128106594,0.04384478400735294,17123.78199943257,16578.66574854232,0.00023036009218819022,30137.867647058825,18527.407266844508,1.8063079134801416,6.2269983874093455,3.632297608719768,14.056749142430059,10.276688565592814,17.620991746771097,56.07942718026107
1904.773,1904.823,USV_1012,0.0500000000001819,,,None,,,,,0.008487332612276077,0.048304966517857144,18060.075240181686,15859.414952202129,0.0002481889472257195,31102.678571428572,19002.78811829278,2.1180745473070317,3.941912864866654,4.403219939384559,16.17912498039852,10.668612216753449,14.256301919184477,58.510665053530566
1904.872,1904.922,USV_1013,0.049999999999954525,,,None,,,,,0.008265940472483635,0.04514276413690476,16542.465566587758,13984.88279148462,3.498257779352744e-05,29178.571428571428,16701.708331548216,2.5531481525726547,4.335417019109933,4.884620255154762,16.17619147837912,11.670528337654016,13.995312138865316,61.00781747158612
1905.094,1905.175,USV_1014,0.0809999999999036,,,None,,,,,0.014187207445502281,0.041644472064393936,14142.726495354813,11653.029253743334,4.8334703846567856e-05,24889.204545454544,14996.274522833366,2.441753393623132,4.876955220719776,4.63671820284331,16.037920449579833,10.044566510549807,14.444133256322436,63.920718704235064
1906.152,1906.19,USV_1015,0.038000000000010914,,,None,,,,,0.010415766388177872,0.03136488970588235,16021.801472622774,14498.864387633826,7.222892567206187e-05,29007.352941176472,18641.441272478125,1.8708514173072264,7.0993858323759405,6.341637167516493,16.631832793887,9.718762214283474,13.470922992196114,57.75612572315912
